Setting seed: 3
Logging to logs/shared.ppo.karzmarz_False.resnet.dropout_0.0.damping_0.1.lr_0.001/coinrun-easy-0-10.20260721-005411_3
creating environment
Running on device: cuda:0
training...

Number of parameters: 938979.0

------------------------------------
| action_max            | 14       |
| action_min            | 0        |
| adv_avg               | -0.194   |
| adv_max               | 2.76     |
| adv_med               | -0.281   |
| adv_min               | -4.39    |
| adv_var               | 0.272    |
| clipfrac              | 0.232    |
| curr_lr               | 0.001    |
| entropy               | 2.56     |
| eplenmean             | 374      |
| eprewmean             | 3.2      |
| fps                   | 5.81e+03 |
| grad_norm             | 1.99     |
| kl                    | 0.0292   |
| loss_pi               | -0.011   |
| loss_v                | 0.148    |
| lr                    | 0.001    |
| misc/nupdates         | 9        |
| misc/serial_timesteps | 4.1e+04  |
| misc/time_elapsed     | 7.71     |
| misc/total_timesteps  | 4.1e+04  |
| ratio_max             | 2.79     |
| ratio_min             | 0.319    |
| ret_avg               | 0.759    |
| ret_max               | 5.98     |
| ret_med               | -0.0726  |
| ret_min               | -0.309   |
| ret_var               | 3.2      |
------------------------------------
------------------------------------
| action_max            | 14       |
| action_min            | 0        |
| adv_avg               | -0.625   |
| adv_max               | 1.5      |
| adv_med               | -0.621   |
| adv_min               | -2.7     |
| adv_var               | 0.117    |
| clipfrac              | 0.396    |
| curr_lr               | 0.001    |
| entropy               | 2.27     |
| eplenmean             | 106      |
| eprewmean             | 4.1      |
| fps                   | 5.88e+03 |
| grad_norm             | 3.68     |
| kl                    | 0.0401   |
| loss_pi               | -0.0422  |
| loss_v                | 0.0663   |
| lr                    | 0.001    |
| misc/nupdates         | 19       |
| misc/serial_timesteps | 8.19e+04 |
| misc/time_elapsed     | 14.8     |
| misc/total_timesteps  | 8.19e+04 |
| ratio_max             | 2.69     |
| ratio_min             | 0.286    |
| ret_avg               | 0.58     |
| ret_max               | 3.21     |
| ret_med               | -0.148   |
| ret_min               | -0.756   |
| ret_var               | 1.77     |
------------------------------------
------------------------------------
| action_max            | 14       |
| action_min            | 0        |
| adv_avg               | -0.646   |
| adv_max               | 1.69     |
| adv_med               | -0.648   |
| adv_min               | -1.66    |
| adv_var               | 0.0244   |
| clipfrac              | 0.328    |
| curr_lr               | 0.001    |
| entropy               | 2.48     |
| eplenmean             | 210      |
| eprewmean             | 3.2      |
| fps                   | 5.86e+03 |
| grad_norm             | 0.553    |
| kl                    | 0.0293   |
| loss_pi               | -0.03    |
| loss_v                | 0.0137   |
| lr                    | 0.001    |
| misc/nupdates         | 29       |
| misc/serial_timesteps | 1.23e+05 |
| misc/time_elapsed     | 21.9     |
| misc/total_timesteps  | 1.23e+05 |
| ratio_max             | 2.2      |
| ratio_min             | 0.109    |
| ret_avg               | -0.315   |
| ret_max               | 2.5      |
| ret_med               | -0.456   |
| ret_min               | -0.649   |
| ret_var               | 0.299    |
------------------------------------
------------------------------------
| action_max            | 14       |
| action_min            | 0        |
| adv_avg               | -0.628   |
| adv_max               | 0.617    |
| adv_med               | -0.631   |
| adv_min               | -1.65    |
| adv_var               | 0.0208   |
| clipfrac              | 0.328    |
| curr_lr               | 0.001    |
| entropy               | 2.29     |
| eplenmean             | 432      |
| eprewmean             | 2.9      |
| fps                   | 5.78e+03 |
| grad_norm             | 0.857    |
| kl                    | 0.0268   |
| loss_pi               | -0.0425  |
| loss_v                | 0.0152   |
| lr                    | 0.001    |
| misc/nupdates         | 39       |
| misc/serial_timesteps | 1.64e+05 |
| misc/time_elapsed     | 29.1     |
| misc/total_timesteps  | 1.64e+05 |
| ratio_max             | 2.07     |
| ratio_min             | 0.0676   |
| ret_avg               | -0.166   |
| ret_max               | 2.93     |
| ret_med               | -0.427   |
| ret_min               | -0.635   |
| ret_var               | 0.531    |
------------------------------------
------------------------------------
| action_max            | 14       |
| action_min            | 0        |
| adv_avg               | -0.652   |
| adv_max               | 0.324    |
| adv_med               | -0.654   |
| adv_min               | -1.34    |
| adv_var               | 0.00967  |
| clipfrac              | 0.314    |
| curr_lr               | 0.001    |
| entropy               | 2.29     |
| eplenmean             | 239      |
| eprewmean             | 4.7      |
| fps                   | 5.93e+03 |
| grad_norm             | 0.73     |
| kl                    | 0.0306   |
| loss_pi               | -0.045   |
| loss_v                | 0.00615  |
| lr                    | 0.001    |
| misc/nupdates         | 49       |
| misc/serial_timesteps | 2.05e+05 |
| misc/time_elapsed     | 36.1     |
| misc/total_timesteps  | 2.05e+05 |
| ratio_max             | 4.4      |
| ratio_min             | 0.426    |
| ret_avg               | -0.101   |
| ret_max               | 2.77     |
| ret_med               | -0.41    |
| ret_min               | -0.679   |
| ret_var               | 0.782    |
------------------------------------
------------------------------------
| action_max            | 14       |
| action_min            | 0        |
| adv_avg               | -0.607   |
| adv_max               | 1.93     |
| adv_med               | -0.626   |
| adv_min               | -3.73    |
| adv_var               | 0.0712   |
| clipfrac              | 0.266    |
| curr_lr               | 0.001    |
| entropy               | 2.27     |
| eplenmean             | 370      |
| eprewmean             | 3.3      |
| fps                   | 5.88e+03 |
| grad_norm             | 0.72     |
| kl                    | 0.0221   |
| loss_pi               | -0.0399  |
| loss_v                | 0.0354   |
| lr                    | 0.001    |
| misc/nupdates         | 59       |
| misc/serial_timesteps | 2.46e+05 |
| misc/time_elapsed     | 43.1     |
| misc/total_timesteps  | 2.46e+05 |
| ratio_max             | 2.44     |
| ratio_min             | 0.331    |
| ret_avg               | -0.226   |
| ret_max               | 2.91     |
| ret_med               | -0.41    |
| ret_min               | -0.629   |
| ret_var               | 0.42     |
------------------------------------
------------------------------------
| action_max            | 14       |
| action_min            | 0        |
| adv_avg               | -0.571   |
| adv_max               | 2.89     |
| adv_med               | -0.616   |
| adv_min               | -3.55    |
| adv_var               | 0.114    |
| clipfrac              | 0.275    |
| curr_lr               | 0.001    |
| entropy               | 2.16     |
| eplenmean             | 216      |
| eprewmean             | 3.6      |
| fps                   | 5.93e+03 |
| grad_norm             | 1.3      |
| kl                    | 0.0278   |
| loss_pi               | -0.0335  |
| loss_v                | 0.0261   |
| lr                    | 0.001    |
| misc/nupdates         | 69       |
| misc/serial_timesteps | 2.87e+05 |
| misc/time_elapsed     | 50.2     |
| misc/total_timesteps  | 2.87e+05 |
| ratio_max             | 3.01     |
| ratio_min             | 0.353    |
| ret_avg               | 0.152    |
| ret_max               | 3.02     |
| ret_med               | -0.429   |
| ret_min               | -0.626   |
| ret_var               | 1.39     |
------------------------------------
------------------------------------
| action_max            | 14       |
| action_min            | 0        |
| adv_avg               | -0.594   |
| adv_max               | 1.49     |
| adv_med               | -0.613   |
| adv_min               | -3.5     |
| adv_var               | 0.0734   |
| clipfrac              | 0.271    |
| curr_lr               | 0.001    |
| entropy               | 2.13     |
| eplenmean             | 271      |
| eprewmean             | 4.2      |
| fps                   | 5.7e+03  |
| grad_norm             | 0.623    |
| kl                    | 0.0232   |
| loss_pi               | -0.0276  |
| loss_v                | 0.0341   |
| lr                    | 0.001    |
| misc/nupdates         | 79       |
| misc/serial_timesteps | 3.28e+05 |
| misc/time_elapsed     | 57.2     |
| misc/total_timesteps  | 3.28e+05 |
| ratio_max             | 2.47     |
| ratio_min             | 0.0776   |
| ret_avg               | -0.00142 |
| ret_max               | 3.1      |
| ret_med               | -0.335   |
| ret_min               | -0.618   |
| ret_var               | 0.66     |
------------------------------------
------------------------------------
| action_max            | 14       |
| action_min            | 0        |
| adv_avg               | -0.6     |
| adv_max               | 1.04     |
| adv_med               | -0.615   |
| adv_min               | -1.58    |
| adv_var               | 0.0208   |
| clipfrac              | 0.225    |
| curr_lr               | 0.001    |
| entropy               | 2.19     |
| eplenmean             | 435      |
| eprewmean             | 4.7      |
| fps                   | 5.88e+03 |
| grad_norm             | 0.722    |
| kl                    | 0.0205   |
| loss_pi               | -0.0387  |
| loss_v                | 0.0101   |
| lr                    | 0.001    |
| misc/nupdates         | 89       |
| misc/serial_timesteps | 3.69e+05 |
| misc/time_elapsed     | 64.2     |
| misc/total_timesteps  | 3.69e+05 |
| ratio_max             | 3.16     |
| ratio_min             | 0.109    |
| ret_avg               | -0.101   |
| ret_max               | 3.2      |
| ret_med               | -0.436   |
| ret_min               | -0.611   |
| ret_var               | 0.804    |
------------------------------------
------------------------------------
| action_max            | 14       |
| action_min            | 0        |
| adv_avg               | -0.598   |
| adv_max               | 0.736    |
| adv_med               | -0.611   |
| adv_min               | -2.77    |
| adv_var               | 0.034    |
| clipfrac              | 0.207    |
| curr_lr               | 0.001    |
| entropy               | 2.03     |
| eplenmean             | 437      |
| eprewmean             | 4.2      |
| fps                   | 5.86e+03 |
| grad_norm             | 0.524    |
| kl                    | 0.025    |
| loss_pi               | -0.0395  |
| loss_v                | 0.00669  |
| lr                    | 0.001    |
| misc/nupdates         | 99       |
| misc/serial_timesteps | 4.1e+05  |
| misc/time_elapsed     | 71.3     |
| misc/total_timesteps  | 4.1e+05  |
| ratio_max             | 5.26     |
| ratio_min             | 0.383    |
| ret_avg               | -0.0437  |
| ret_max               | 3.17     |
| ret_med               | -0.408   |
| ret_min               | -0.682   |
| ret_var               | 0.734    |
------------------------------------
------------------------------------
| action_max            | 14       |
| action_min            | 0        |
| adv_avg               | -0.588   |
| adv_max               | 0.706    |
| adv_med               | -0.601   |
| adv_min               | -1.68    |
| adv_var               | 0.0241   |
| clipfrac              | 0.205    |
| curr_lr               | 0.001    |
| entropy               | 2.05     |
| eplenmean             | 430      |
| eprewmean             | 5        |
| fps                   | 5.68e+03 |
| grad_norm             | 0.759    |
| kl                    | 0.028    |
| loss_pi               | -0.029   |
| loss_v                | 0.00597  |
| lr                    | 0.001    |
| misc/nupdates         | 109      |
| misc/serial_timesteps | 4.51e+05 |
| misc/time_elapsed     | 78.4     |
| misc/total_timesteps  | 4.51e+05 |
| ratio_max             | 2.49     |
| ratio_min             | 0.107    |
| ret_avg               | 0.0502   |
| ret_max               | 3.55     |
| ret_med               | -0.432   |
| ret_min               | -0.601   |
| ret_var               | 1.35     |
------------------------------------
------------------------------------
| action_max            | 14       |
| action_min            | 0        |
| adv_avg               | -0.574   |
| adv_max               | 2.35     |
| adv_med               | -0.595   |
| adv_min               | -1.89    |
| adv_var               | 0.0368   |
| clipfrac              | 0.287    |
| curr_lr               | 0.001    |
| entropy               | 1.87     |
| eplenmean             | 477      |
| eprewmean             | 4.6      |
| fps                   | 5.84e+03 |
| grad_norm             | 0.528    |
| kl                    | 0.0462   |
| loss_pi               | -0.0304  |
| loss_v                | 0.0127   |
| lr                    | 0.001    |
| misc/nupdates         | 119      |
| misc/serial_timesteps | 4.92e+05 |
| misc/time_elapsed     | 85.4     |
| misc/total_timesteps  | 4.92e+05 |
| ratio_max             | 2.78     |
| ratio_min             | 0.0365   |
| ret_avg               | -0.0844  |
| ret_max               | 3.4      |
| ret_med               | -0.474   |
| ret_min               | -0.593   |
| ret_var               | 0.632    |
------------------------------------
------------------------------------
| action_max            | 14       |
| action_min            | 0        |
| adv_avg               | -0.542   |
| adv_max               | 1.81     |
| adv_med               | -0.588   |
| adv_min               | -1.9     |
| adv_var               | 0.067    |
| clipfrac              | 0.266    |
| curr_lr               | 0.001    |
| entropy               | 1.9      |
| eplenmean             | 343      |
| eprewmean             | 4.1      |
| fps                   | 5.82e+03 |
| grad_norm             | 0.512    |
| kl                    | 0.0284   |
| loss_pi               | -0.0528  |
| loss_v                | 0.017    |
| lr                    | 0.001    |
| misc/nupdates         | 129      |
| misc/serial_timesteps | 5.32e+05 |
| misc/time_elapsed     | 92.5     |
| misc/total_timesteps  | 5.32e+05 |
| ratio_max             | 4.12     |
| ratio_min             | 0.0667   |
| ret_avg               | 0.274    |
| ret_max               | 3.5      |
| ret_med               | -0.453   |
| ret_min               | -0.642   |
| ret_var               | 1.49     |
------------------------------------
------------------------------------
| action_max            | 14       |
| action_min            | 0        |
| adv_avg               | -0.562   |
| adv_max               | 1.34     |
| adv_med               | -0.598   |
| adv_min               | -2.74    |
| adv_var               | 0.0738   |
| clipfrac              | 0.244    |
| curr_lr               | 0.001    |
| entropy               | 1.62     |
| eplenmean             | 163      |
| eprewmean             | 5.1      |
| fps                   | 5.84e+03 |
| grad_norm             | 1.83     |
| kl                    | 0.0277   |
| loss_pi               | -0.0393  |
| loss_v                | 0.0313   |
| lr                    | 0.001    |
| misc/nupdates         | 139      |
| misc/serial_timesteps | 5.73e+05 |
| misc/time_elapsed     | 99.6     |
| misc/total_timesteps  | 5.73e+05 |
| ratio_max             | 4.74     |
| ratio_min             | 0.139    |
| ret_avg               | 0.561    |
| ret_max               | 3.15     |
| ret_med               | -0.339   |
| ret_min               | -0.634   |
| ret_var               | 1.87     |
------------------------------------
------------------------------------
| action_max            | 14       |
| action_min            | 0        |
| adv_avg               | -0.587   |
| adv_max               | 1.66     |
| adv_med               | -0.607   |
| adv_min               | -2.31    |
| adv_var               | 0.0563   |
| clipfrac              | 0.357    |
| curr_lr               | 0.001    |
| entropy               | 1.57     |
| eplenmean             | 105      |
| eprewmean             | 5.2      |
| fps                   | 5.92e+03 |
| grad_norm             | 1.99     |
| kl                    | 0.0382   |
| loss_pi               | -0.0589  |
| loss_v                | 0.0337   |
| lr                    | 0.001    |
| misc/nupdates         | 149      |
| misc/serial_timesteps | 6.14e+05 |
| misc/time_elapsed     | 107      |
| misc/total_timesteps  | 6.14e+05 |
| ratio_max             | 2.32     |
| ratio_min             | 0.284    |
| ret_avg               | 0.857    |
| ret_max               | 3.24     |
| ret_med               | -0.169   |
| ret_min               | -0.625   |
| ret_var               | 2.2      |
------------------------------------
------------------------------------
| action_max            | 14       |
| action_min            | 0        |
| adv_avg               | -0.606   |
| adv_max               | 1.53     |
| adv_med               | -0.645   |
| adv_min               | -3.02    |
| adv_var               | 0.0918   |
| clipfrac              | 0.189    |
| curr_lr               | 0.001    |
| entropy               | 1.44     |
| eplenmean             | 117      |
| eprewmean             | 6.5      |
| fps                   | 5.79e+03 |
| grad_norm             | 0.708    |
| kl                    | 0.022    |
| loss_pi               | -0.0406  |
| loss_v                | 0.0315   |
| lr                    | 0.001    |
| misc/nupdates         | 159      |
| misc/serial_timesteps | 6.55e+05 |
| misc/time_elapsed     | 114      |
| misc/total_timesteps  | 6.55e+05 |
| ratio_max             | 3.17     |
| ratio_min             | 0.231    |
| ret_avg               | 0.706    |
| ret_max               | 2.94     |
| ret_med               | -0.142   |
| ret_min               | -0.631   |
| ret_var               | 1.71     |
------------------------------------
------------------------------------
| action_max            | 14       |
| action_min            | 0        |
| adv_avg               | -0.702   |
| adv_max               | 1.09     |
| adv_med               | -0.671   |
| adv_min               | -3.31    |
| adv_var               | 0.106    |
| clipfrac              | 0.326    |
| curr_lr               | 0.001    |
| entropy               | 1.25     |
| eplenmean             | 121      |
| eprewmean             | 5.7      |
| fps                   | 5.89e+03 |
| grad_norm             | 1.85     |
| kl                    | 0.0364   |
| loss_pi               | -0.0455  |
| loss_v                | 0.0721   |
| lr                    | 0.001    |
| misc/nupdates         | 169      |
| misc/serial_timesteps | 6.96e+05 |
| misc/time_elapsed     | 121      |
| misc/total_timesteps  | 6.96e+05 |
| ratio_max             | 3.74     |
| ratio_min             | 0.202    |
| ret_avg               | 1.13     |
| ret_max               | 2.75     |
| ret_med               | 0.978    |
| ret_min               | -0.653   |
| ret_var               | 1.44     |
------------------------------------
------------------------------------
| action_max            | 14       |
| action_min            | 0        |
| adv_avg               | -0.67    |
| adv_max               | 1.25     |
| adv_med               | -0.673   |
| adv_min               | -3.06    |
| adv_var               | 0.0776   |
| clipfrac              | 0.342    |
| curr_lr               | 0.001    |
| entropy               | 1.14     |
| eplenmean             | 99       |
| eprewmean             | 8.2      |
| fps                   | 5.59e+03 |
| grad_norm             | 1.24     |
| kl                    | 0.0407   |
| loss_pi               | -0.0467  |
| loss_v                | 0.0523   |
| lr                    | 0.001    |
| misc/nupdates         | 179      |
| misc/serial_timesteps | 7.37e+05 |
| misc/time_elapsed     | 128      |
| misc/total_timesteps  | 7.37e+05 |
| ratio_max             | 4.17     |
| ratio_min             | 0.245    |
| ret_avg               | 1.66     |
| ret_max               | 2.52     |
| ret_med               | 1.99     |
| ret_min               | -0.7     |
| ret_var               | 0.623    |
------------------------------------
------------------------------------
| action_max            | 14       |
| action_min            | 0        |
| adv_avg               | -0.695   |
| adv_max               | 1.49     |
| adv_med               | -0.709   |
| adv_min               | -3.05    |
| adv_var               | 0.0712   |
| clipfrac              | 0.35     |
| curr_lr               | 0.001    |
| entropy               | 1.33     |
| eplenmean             | 103      |
| eprewmean             | 8.3      |
| fps                   | 5.94e+03 |
| grad_norm             | 1.07     |
| kl                    | 0.048    |
| loss_pi               | -0.0584  |
| loss_v                | 0.0337   |
| lr                    | 0.001    |
| misc/nupdates         | 189      |
| misc/serial_timesteps | 7.78e+05 |
| misc/time_elapsed     | 135      |
| misc/total_timesteps  | 7.78e+05 |
| ratio_max             | 7.7      |
| ratio_min             | 0.233    |
| ret_avg               | 1.13     |
| ret_max               | 2.27     |
| ret_med               | 1.82     |
| ret_min               | -0.748   |
| ret_var               | 1.08     |
------------------------------------
------------------------------------
| action_max            | 14       |
| action_min            | 0        |
| adv_avg               | -0.839   |
| adv_max               | 0.439    |
| adv_med               | -0.822   |
| adv_min               | -3.29    |
| adv_var               | 0.0498   |
| clipfrac              | 0.277    |
| curr_lr               | 0.001    |
| entropy               | 0.646    |
| eplenmean             | 104      |
| eprewmean             | 8.1      |
| fps                   | 5.93e+03 |
| grad_norm             | 1.43     |
| kl                    | 0.047    |
| loss_pi               | -0.0497  |
| loss_v                | 0.0539   |
| lr                    | 0.001    |
| misc/nupdates         | 199      |
| misc/serial_timesteps | 8.19e+05 |
| misc/time_elapsed     | 142      |
| misc/total_timesteps  | 8.19e+05 |
| ratio_max             | 9.34     |
| ratio_min             | 0.0844   |
| ret_avg               | 1.54     |
| ret_max               | 2.1      |
| ret_med               | 1.67     |
| ret_min               | -0.779   |
| ret_var               | 0.265    |
------------------------------------
------------------------------------
| action_max            | 14       |
| action_min            | 0        |
| adv_avg               | -0.788   |
| adv_max               | 0.656    |
| adv_med               | -0.824   |
| adv_min               | -1.41    |
| adv_var               | 0.0291   |
| clipfrac              | 0.312    |
| curr_lr               | 0.001    |
| entropy               | 0.887    |
| eplenmean             | 179      |
| eprewmean             | 8.6      |
| fps                   | 5.95e+03 |
| grad_norm             | 0.993    |
| kl                    | 0.0618   |
| loss_pi               | -0.0403  |
| loss_v                | 0.0118   |
| lr                    | 0.001    |
| misc/nupdates         | 209      |
| misc/serial_timesteps | 8.6e+05  |
| misc/time_elapsed     | 149      |
| misc/total_timesteps  | 8.6e+05  |
| ratio_max             | 8.54     |
| ratio_min             | 0.0686   |
| ret_avg               | 1.07     |
| ret_max               | 1.85     |
| ret_med               | 1.34     |
| ret_min               | 0.114    |
| ret_var               | 0.421    |
------------------------------------
------------------------------------
| action_max            | 14       |
| action_min            | 0        |
| adv_avg               | -0.901   |
| adv_max               | -0.00825 |
| adv_med               | -0.869   |
| adv_min               | -3.08    |
| adv_var               | 0.0673   |
| clipfrac              | 0.281    |
| curr_lr               | 0.001    |
| entropy               | 0.783    |
| eplenmean             | 106      |
| eprewmean             | 9        |
| fps                   | 5.86e+03 |
| grad_norm             | 0.784    |
| kl                    | 0.0384   |
| loss_pi               | -0.0263  |
| loss_v                | 0.0227   |
| lr                    | 0.001    |
| misc/nupdates         | 219      |
| misc/serial_timesteps | 9.01e+05 |
| misc/time_elapsed     | 156      |
| misc/total_timesteps  | 9.01e+05 |
| ratio_max             | 9.97     |
| ratio_min             | 0.104    |
| ret_avg               | 1.35     |
| ret_max               | 1.79     |
| ret_med               | 1.58     |
| ret_min               | -0.862   |
| ret_var               | 0.245    |
------------------------------------
------------------------------------
| action_max            | 14       |
| action_min            | 0        |
| adv_avg               | -0.895   |
| adv_max               | 0.85     |
| adv_med               | -0.9     |
| adv_min               | -2.83    |
| adv_var               | 0.0324   |
| clipfrac              | 0.275    |
| curr_lr               | 0.001    |
| entropy               | 0.779    |
| eplenmean             | 85       |
| eprewmean             | 9        |
| fps                   | 5.69e+03 |
| grad_norm             | 0.829    |
| kl                    | 0.04     |
| loss_pi               | -0.0387  |
| loss_v                | 0.0122   |
| lr                    | 0.001    |
| misc/nupdates         | 229      |
| misc/serial_timesteps | 9.42e+05 |
| misc/time_elapsed     | 164      |
| misc/total_timesteps  | 9.42e+05 |
| ratio_max             | 4.41     |
| ratio_min             | 0.151    |
| ret_avg               | 1.39     |
| ret_max               | 1.83     |
| ret_med               | 1.53     |
| ret_min               | -0.903   |
| ret_var               | 0.114    |
------------------------------------
------------------------------------
| action_max            | 14       |
| action_min            | 0        |
| adv_avg               | -0.954   |
| adv_max               | 0.231    |
| adv_med               | -0.935   |
| adv_min               | -3.68    |
| adv_var               | 0.0521   |
| clipfrac              | 0.303    |
| curr_lr               | 0.001    |
| entropy               | 0.863    |
| eplenmean             | 86       |
| eprewmean             | 9.1      |
| fps                   | 5.75e+03 |
| grad_norm             | 0.788    |
| kl                    | 0.0649   |
| loss_pi               | -0.031   |
| loss_v                | 0.058    |
| lr                    | 0.001    |
| misc/nupdates         | 239      |
| misc/serial_timesteps | 9.83e+05 |
| misc/time_elapsed     | 171      |
| misc/total_timesteps  | 9.83e+05 |
| ratio_max             | 3.89     |
| ratio_min             | 0.00269  |
| ret_avg               | 1.2      |
| ret_max               | 1.57     |
| ret_med               | 1.36     |
| ret_min               | -0.943   |
| ret_var               | 0.156    |
------------------------------------
------------------------------------
| action_max            | 14       |
| action_min            | 0        |
| adv_avg               | -0.965   |
| adv_max               | -0.224   |
| adv_med               | -0.96    |
| adv_min               | -2.98    |
| adv_var               | 0.0162   |
| clipfrac              | 0.303    |
| curr_lr               | 0.001    |
| entropy               | 0.798    |
| eplenmean             | 78.3     |
| eprewmean             | 9.8      |
| fps                   | 5.69e+03 |
| grad_norm             | 0.496    |
| kl                    | 0.043    |
| loss_pi               | -0.032   |
| loss_v                | 0.0144   |
| lr                    | 0.001    |
| misc/nupdates         | 249      |
| misc/serial_timesteps | 1.02e+06 |
| misc/time_elapsed     | 178      |
| misc/total_timesteps  | 1.02e+06 |
| ratio_max             | 5.25     |
| ratio_min             | 0.0219   |
| ret_avg               | 1.3      |
| ret_max               | 1.49     |
| ret_med               | 1.34     |
| ret_min               | -0.981   |
| ret_var               | 0.033    |
------------------------------------
------------------------------------
| action_max            | 14       |
| action_min            | 0        |
| adv_avg               | -1.02    |
| adv_max               | -0.515   |
| adv_med               | -1.02    |
| adv_min               | -1.36    |
| adv_var               | 0.00625  |
| clipfrac              | 0.293    |
| curr_lr               | 0.001    |
| entropy               | 0.712    |
| eplenmean             | 83.1     |
| eprewmean             | 10       |
| fps                   | 5.87e+03 |
| grad_norm             | 0.695    |
| kl                    | 0.0638   |
| loss_pi               | -0.0422  |
| loss_v                | 0.00585  |
| lr                    | 0.001    |
| misc/nupdates         | 259      |
| misc/serial_timesteps | 1.06e+06 |
| misc/time_elapsed     | 185      |
| misc/total_timesteps  | 1.06e+06 |
| ratio_max             | 5.07     |
| ratio_min             | 0.0853   |
| ret_avg               | 1.14     |
| ret_max               | 1.53     |
| ret_med               | 1.3      |
| ret_min               | 0.614    |
| ret_var               | 0.0975   |
------------------------------------
------------------------------------
| action_max            | 14       |
| action_min            | 0        |
| adv_avg               | -1.06    |
| adv_max               | -0.133   |
| adv_med               | -1.06    |
| adv_min               | -3.14    |
| adv_var               | 0.0195   |
| clipfrac              | 0.281    |
| curr_lr               | 0.001    |
| entropy               | 0.765    |
| eplenmean             | 87.8     |
| eprewmean             | 9.9      |
| fps                   | 5.72e+03 |
| grad_norm             | 0.384    |
| kl                    | 0.0457   |
| loss_pi               | -0.0332  |
| loss_v                | 0.0113   |
| lr                    | 0.001    |
| misc/nupdates         | 269      |
| misc/serial_timesteps | 1.11e+06 |
| misc/time_elapsed     | 192      |
| misc/total_timesteps  | 1.11e+06 |
| ratio_max             | 3.86     |
| ratio_min             | 0.246    |
| ret_avg               | 1.19     |
| ret_max               | 1.39     |
| ret_med               | 1.25     |
| ret_min               | -1.05    |
| ret_var               | 0.0496   |
------------------------------------
------------------------------------
| action_max            | 14       |
| action_min            | 0        |
| adv_avg               | -1.07    |
| adv_max               | 0.0191   |
| adv_med               | -1.07    |
| adv_min               | -2.98    |
| adv_var               | 0.0161   |
| clipfrac              | 0.283    |
| curr_lr               | 0.001    |
| entropy               | 0.532    |
| eplenmean             | 113      |
| eprewmean             | 9.7      |
| fps                   | 5.95e+03 |
| grad_norm             | 0.511    |
| kl                    | 0.418    |
| loss_pi               | -0.0374  |
| loss_v                | 0.0106   |
| lr                    | 0.001    |
| misc/nupdates         | 279      |
| misc/serial_timesteps | 1.15e+06 |
| misc/time_elapsed     | 199      |
| misc/total_timesteps  | 1.15e+06 |
| ratio_max             | 5.63     |
| ratio_min             | 0.00272  |
| ret_avg               | 1.13     |
| ret_max               | 1.39     |
| ret_med               | 1.2      |
| ret_min               | -1.09    |
| ret_var               | 0.0437   |
------------------------------------
------------------------------------
| action_max            | 14       |
| action_min            | 0        |
| adv_avg               | -1.13    |
| adv_max               | 0.583    |
| adv_med               | -1.12    |
| adv_min               | -3.05    |
| adv_var               | 0.0274   |
| clipfrac              | 0.27     |
| curr_lr               | 0.001    |
| entropy               | 0.645    |
| eplenmean             | 74.9     |
| eprewmean             | 9.7      |
| fps                   | 5.74e+03 |
| grad_norm             | 0.433    |
| kl                    | 0.0467   |
| loss_pi               | -0.0354  |
| loss_v                | 0.0238   |
| lr                    | 0.001    |
| misc/nupdates         | 289      |
| misc/serial_timesteps | 1.19e+06 |
| misc/time_elapsed     | 206      |
| misc/total_timesteps  | 1.19e+06 |
| ratio_max             | 3.1      |
| ratio_min             | 0.0274   |
| ret_avg               | 1.11     |
| ret_max               | 1.27     |
| ret_med               | 1.14     |
| ret_min               | -1.12    |
| ret_var               | 0.0416   |
------------------------------------
------------------------------------
| action_max            | 14       |
| action_min            | 0        |
| adv_avg               | -1.14    |
| adv_max               | -0.261   |
| adv_med               | -1.15    |
| adv_min               | -1.98    |
| adv_var               | 0.00997  |
| clipfrac              | 0.305    |
| curr_lr               | 0.001    |
| entropy               | 0.651    |
| eplenmean             | 73.7     |
| eprewmean             | 9.9      |
| fps                   | 5.76e+03 |
| grad_norm             | 0.582    |
| kl                    | 0.0682   |
| loss_pi               | -0.0322  |
| loss_v                | 0.00675  |
| lr                    | 0.001    |
| misc/nupdates         | 299      |
| misc/serial_timesteps | 1.23e+06 |
| misc/time_elapsed     | 213      |
| misc/total_timesteps  | 1.23e+06 |
| ratio_max             | 4.82     |
| ratio_min             | 0.0206   |
| ret_avg               | 1.05     |
| ret_max               | 1.26     |
| ret_med               | 1.12     |
| ret_min               | -0.0579  |
| ret_var               | 0.061    |
------------------------------------
------------------------------------
| action_max            | 14       |
| action_min            | 0        |
| adv_avg               | -1.21    |
| adv_max               | -0.643   |
| adv_med               | -1.19    |
| adv_min               | -3.44    |
| adv_var               | 0.0333   |
| clipfrac              | 0.23     |
| curr_lr               | 0.001    |
| entropy               | 0.597    |
| eplenmean             | 75       |
| eprewmean             | 9.6      |
| fps                   | 5.9e+03  |
| grad_norm             | 0.483    |
| kl                    | 0.0358   |
| loss_pi               | -0.0242  |
| loss_v                | 0.024    |
| lr                    | 0.001    |
| misc/nupdates         | 309      |
| misc/serial_timesteps | 1.27e+06 |
| misc/time_elapsed     | 220      |
| misc/total_timesteps  | 1.27e+06 |
| ratio_max             | 3.46     |
| ratio_min             | 0.0555   |
| ret_avg               | 1.05     |
| ret_max               | 1.31     |
| ret_med               | 1.09     |
| ret_min               | -1.18    |
| ret_var               | 0.0475   |
------------------------------------
------------------------------------
| action_max            | 14       |
| action_min            | 0        |
| adv_avg               | -1.21    |
| adv_max               | -0.33    |
| adv_med               | -1.2     |
| adv_min               | -3.47    |
| adv_var               | 0.019    |
| clipfrac              | 0.225    |
| curr_lr               | 0.001    |
| entropy               | 0.56     |
| eplenmean             | 77       |
| eprewmean             | 9.9      |
| fps                   | 5.61e+03 |
| grad_norm             | 0.333    |
| kl                    | 0.0439   |
| loss_pi               | -0.0283  |
| loss_v                | 0.0129   |
| lr                    | 0.001    |
| misc/nupdates         | 319      |
| misc/serial_timesteps | 1.31e+06 |
| misc/time_elapsed     | 227      |
| misc/total_timesteps  | 1.31e+06 |
| ratio_max             | 2.9      |
| ratio_min             | 0.00709  |
| ret_avg               | 0.987    |
| ret_max               | 1.18     |
| ret_med               | 1.01     |
| ret_min               | -1.22    |
| ret_var               | 0.0278   |
------------------------------------
------------------------------------
| action_max            | 14       |
| action_min            | 0        |
| adv_avg               | -1.24    |
| adv_max               | 0.566    |
| adv_med               | -1.24    |
| adv_min               | -1.92    |
| adv_var               | 0.0167   |
| clipfrac              | 0.236    |
| curr_lr               | 0.001    |
| entropy               | 0.609    |
| eplenmean             | 73.2     |
| eprewmean             | 9.3      |
| fps                   | 5.6e+03  |
| grad_norm             | 0.461    |
| kl                    | 0.0398   |
| loss_pi               | -0.0373  |
| loss_v                | 0.00573  |
| lr                    | 0.001    |
| misc/nupdates         | 329      |
| misc/serial_timesteps | 1.35e+06 |
| misc/time_elapsed     | 235      |
| misc/total_timesteps  | 1.35e+06 |
| ratio_max             | 3.82     |
| ratio_min             | 0.0556   |
| ret_avg               | 0.89     |
| ret_max               | 1.12     |
| ret_med               | 0.982    |
| ret_min               | -0.588   |
| ret_var               | 0.0929   |
------------------------------------
------------------------------------
| action_max            | 14       |
| action_min            | 0        |
| adv_avg               | -1.3     |
| adv_max               | -0.0957  |
| adv_med               | -1.27    |
| adv_min               | -3.44    |
| adv_var               | 0.0504   |
| clipfrac              | 0.186    |
| curr_lr               | 0.001    |
| entropy               | 0.531    |
| eplenmean             | 74.3     |
| eprewmean             | 9        |
| fps                   | 5.47e+03 |
| grad_norm             | 0.541    |
| kl                    | 0.0284   |
| loss_pi               | -0.0239  |
| loss_v                | 0.0368   |
| lr                    | 0.001    |
| misc/nupdates         | 339      |
| misc/serial_timesteps | 1.39e+06 |
| misc/time_elapsed     | 242      |
| misc/total_timesteps  | 1.39e+06 |
| ratio_max             | 2.48     |
| ratio_min             | 0.00875  |
| ret_avg               | 0.827    |
| ret_max               | 1.1      |
| ret_med               | 0.953    |
| ret_min               | -1.27    |
| ret_var               | 0.121    |
------------------------------------
------------------------------------
| action_max            | 14       |
| action_min            | 0        |
| adv_avg               | -1.29    |
| adv_max               | -0.607   |
| adv_med               | -1.29    |
| adv_min               | -3.41    |
| adv_var               | 0.0147   |
| clipfrac              | 0.223    |
| curr_lr               | 0.001    |
| entropy               | 0.642    |
| eplenmean             | 81.9     |
| eprewmean             | 9.7      |
| fps                   | 5.56e+03 |
| grad_norm             | 0.441    |
| kl                    | 0.0336   |
| loss_pi               | -0.0261  |
| loss_v                | 0.00811  |
| lr                    | 0.001    |
| misc/nupdates         | 349      |
| misc/serial_timesteps | 1.43e+06 |
| misc/time_elapsed     | 250      |
| misc/total_timesteps  | 1.43e+06 |
| ratio_max             | 12.7     |
| ratio_min             | 0.00778  |
| ret_avg               | 0.926    |
| ret_max               | 1.09     |
| ret_med               | 0.962    |
| ret_min               | -1.3     |
| ret_var               | 0.036    |
------------------------------------
------------------------------------
| action_max            | 14       |
| action_min            | 0        |
| adv_avg               | -1.35    |
| adv_max               | -0.696   |
| adv_med               | -1.31    |
| adv_min               | -3.32    |
| adv_var               | 0.0345   |
| clipfrac              | 0.236    |
| curr_lr               | 0.001    |
| entropy               | 0.532    |
| eplenmean             | 77       |
| eprewmean             | 9.4      |
| fps                   | 6.04e+03 |
| grad_norm             | 0.864    |
| kl                    | 0.0451   |
| loss_pi               | -0.0182  |
| loss_v                | 0.0155   |
| lr                    | 0.001    |
| misc/nupdates         | 359      |
| misc/serial_timesteps | 1.47e+06 |
| misc/time_elapsed     | 257      |
| misc/total_timesteps  | 1.47e+06 |
| ratio_max             | 3.99     |
| ratio_min             | 0.126    |
| ret_avg               | 0.834    |
| ret_max               | 1.06     |
| ret_med               | 0.918    |
| ret_min               | -1.33    |
| ret_var               | 0.0938   |
------------------------------------
------------------------------------
| action_max            | 14       |
| action_min            | 0        |
| adv_avg               | -1.36    |
| adv_max               | -0.959   |
| adv_med               | -1.36    |
| adv_min               | -3.55    |
| adv_var               | 0.0137   |
| clipfrac              | 0.242    |
| curr_lr               | 0.001    |
| entropy               | 0.592    |
| eplenmean             | 75.8     |
| eprewmean             | 9.8      |
| fps                   | 5.44e+03 |
| grad_norm             | 0.483    |
| kl                    | 0.0323   |
| loss_pi               | -0.0312  |
| loss_v                | 0.00393  |
| lr                    | 0.001    |
| misc/nupdates         | 369      |
| misc/serial_timesteps | 1.52e+06 |
| misc/time_elapsed     | 264      |
| misc/total_timesteps  | 1.52e+06 |
| ratio_max             | 4.63     |
| ratio_min             | 0.027    |
| ret_avg               | 0.894    |
| ret_max               | 1.08     |
| ret_med               | 0.921    |
| ret_min               | -1.36    |
| ret_var               | 0.0286   |
------------------------------------
------------------------------------
| action_max            | 14       |
| action_min            | 0        |
| adv_avg               | -1.37    |
| adv_max               | -0.552   |
| adv_med               | -1.37    |
| adv_min               | -1.79    |
| adv_var               | 0.00549  |
| clipfrac              | 0.293    |
| curr_lr               | 0.001    |
| entropy               | 0.589    |
| eplenmean             | 78.5     |
| eprewmean             | 9.9      |
| fps                   | 5.5e+03  |
| grad_norm             | 0.348    |
| kl                    | 0.0472   |
| loss_pi               | -0.041   |
| loss_v                | 0.00258  |
| lr                    | 0.001    |
| misc/nupdates         | 379      |
| misc/serial_timesteps | 1.56e+06 |
| misc/time_elapsed     | 272      |
| misc/total_timesteps  | 1.56e+06 |
| ratio_max             | 5.92     |
| ratio_min             | 0.0776   |
| ret_avg               | 0.873    |
| ret_max               | 1.09     |
| ret_med               | 0.903    |
| ret_min               | 0.447    |
| ret_var               | 0.0137   |
------------------------------------
------------------------------------
| action_max            | 14       |
| action_min            | 0        |
| adv_avg               | -1.41    |
| adv_max               | -0.467   |
| adv_med               | -1.41    |
| adv_min               | -3.05    |
| adv_var               | 0.0124   |
| clipfrac              | 0.219    |
| curr_lr               | 0.001    |
| entropy               | 0.511    |
| eplenmean             | 81.4     |
| eprewmean             | 9.8      |
| fps                   | 5.73e+03 |
| grad_norm             | 0.405    |
| kl                    | 0.0476   |
| loss_pi               | -0.0259  |
| loss_v                | 0.0137   |
| lr                    | 0.001    |
| misc/nupdates         | 389      |
| misc/serial_timesteps | 1.6e+06  |
| misc/time_elapsed     | 279      |
| misc/total_timesteps  | 1.6e+06  |
| ratio_max             | 3.09     |
| ratio_min             | 0.000605 |
| ret_avg               | 0.765    |
| ret_max               | 0.996    |
| ret_med               | 0.826    |
| ret_min               | -1.41    |
| ret_var               | 0.0571   |
------------------------------------
------------------------------------
| action_max            | 14       |
| action_min            | 0        |
| adv_avg               | -1.44    |
| adv_max               | -1.02    |
| adv_med               | -1.43    |
| adv_min               | -3.23    |
| adv_var               | 0.0118   |
| clipfrac              | 0.24     |
| curr_lr               | 0.001    |
| entropy               | 0.539    |
| eplenmean             | 66.5     |
| eprewmean             | 9.8      |
| fps                   | 5.92e+03 |
| grad_norm             | 0.273    |
| kl                    | 0.0426   |
| loss_pi               | -0.0265  |
| loss_v                | 0.013    |
| lr                    | 0.001    |
| misc/nupdates         | 399      |
| misc/serial_timesteps | 1.64e+06 |
| misc/time_elapsed     | 286      |
| misc/total_timesteps  | 1.64e+06 |
| ratio_max             | 33.5     |
| ratio_min             | 0.135    |
| ret_avg               | 0.851    |
| ret_max               | 0.98     |
| ret_med               | 0.892    |
| ret_min               | -1.45    |
| ret_var               | 0.0314   |
------------------------------------
------------------------------------
| action_max            | 14       |
| action_min            | 0        |
| adv_avg               | -1.47    |
| adv_max               | -0.0805  |
| adv_med               | -1.47    |
| adv_min               | -1.83    |
| adv_var               | 0.00412  |
| clipfrac              | 0.238    |
| curr_lr               | 0.001    |
| entropy               | 0.58     |
| eplenmean             | 79.3     |
| eprewmean             | 10       |
| fps                   | 5.77e+03 |
| grad_norm             | 0.47     |
| kl                    | 0.0566   |
| loss_pi               | -0.0319  |
| loss_v                | 0.00298  |
| lr                    | 0.001    |
| misc/nupdates         | 409      |
| misc/serial_timesteps | 1.68e+06 |
| misc/time_elapsed     | 293      |
| misc/total_timesteps  | 1.68e+06 |
| ratio_max             | 2.58     |
| ratio_min             | 0.14     |
| ret_avg               | 0.835    |
| ret_max               | 0.96     |
| ret_med               | 0.86     |
| ret_min               | 0.536    |
| ret_var               | 0.0102   |
------------------------------------
------------------------------------
| action_max            | 14       |
| action_min            | 0        |
| adv_avg               | -1.48    |
| adv_max               | -1.14    |
| adv_med               | -1.48    |
| adv_min               | -3.28    |
| adv_var               | 0.0131   |
| clipfrac              | 0.236    |
| curr_lr               | 0.001    |
| entropy               | 0.521    |
| eplenmean             | 75.1     |
| eprewmean             | 9.9      |
| fps                   | 5.76e+03 |
| grad_norm             | 0.251    |
| kl                    | 0.0534   |
| loss_pi               | -0.0348  |
| loss_v                | 0.017    |
| lr                    | 0.001    |
| misc/nupdates         | 419      |
| misc/serial_timesteps | 1.72e+06 |
| misc/time_elapsed     | 300      |
| misc/total_timesteps  | 1.72e+06 |
| ratio_max             | 3.61     |
| ratio_min             | 0.00327  |
| ret_avg               | 0.772    |
| ret_max               | 0.951    |
| ret_med               | 0.795    |
| ret_min               | -1.49    |
| ret_var               | 0.0285   |
------------------------------------
------------------------------------
| action_max            | 14       |
| action_min            | 0        |
| adv_avg               | -1.5     |
| adv_max               | -0.558   |
| adv_med               | -1.51    |
| adv_min               | -1.94    |
| adv_var               | 0.0123   |
| clipfrac              | 0.271    |
| curr_lr               | 0.001    |
| entropy               | 0.514    |
| eplenmean             | 70       |
| eprewmean             | 9.8      |
| fps                   | 5.94e+03 |
| grad_norm             | 0.916    |
| kl                    | 0.0568   |
| loss_pi               | -0.0175  |
| loss_v                | 0.00542  |
| lr                    | 0.001    |
| misc/nupdates         | 429      |
| misc/serial_timesteps | 1.76e+06 |
| misc/time_elapsed     | 307      |
| misc/total_timesteps  | 1.76e+06 |
| ratio_max             | 6.53     |
| ratio_min             | 0.0616   |
| ret_avg               | 0.735    |
| ret_max               | 1.04     |
| ret_med               | 0.82     |
| ret_min               | -0.344   |
| ret_var               | 0.0729   |
------------------------------------
------------------------------------
| action_max            | 14       |
| action_min            | 0        |
| adv_avg               | -1.51    |
| adv_max               | -0.58    |
| adv_med               | -1.52    |
| adv_min               | -1.83    |
| adv_var               | 0.00777  |
| clipfrac              | 0.264    |
| curr_lr               | 0.001    |
| entropy               | 0.523    |
| eplenmean             | 90.5     |
| eprewmean             | 9.8      |
| fps                   | 5.81e+03 |
| grad_norm             | 0.658    |
| kl                    | 0.0531   |
| loss_pi               | -0.027   |
| loss_v                | 0.00368  |
| lr                    | 0.001    |
| misc/nupdates         | 439      |
| misc/serial_timesteps | 1.8e+06  |
| misc/time_elapsed     | 314      |
| misc/total_timesteps  | 1.8e+06  |
| ratio_max             | 15.5     |
| ratio_min             | 0.0368   |
| ret_avg               | 0.754    |
| ret_max               | 0.932    |
| ret_med               | 0.795    |
| ret_min               | 0.421    |
| ret_var               | 0.0167   |
------------------------------------
------------------------------------
| action_max            | 14       |
| action_min            | 0        |
| adv_avg               | -1.55    |
| adv_max               | -0.82    |
| adv_med               | -1.55    |
| adv_min               | -2.91    |
| adv_var               | 0.00532  |
| clipfrac              | 0.219    |
| curr_lr               | 0.001    |
| entropy               | 0.427    |
| eplenmean             | 77       |
| eprewmean             | 10       |
| fps                   | 5.86e+03 |
| grad_norm             | 0.277    |
| kl                    | 0.0984   |
| loss_pi               | -0.0271  |
| loss_v                | 0.00591  |
| lr                    | 0.001    |
| misc/nupdates         | 449      |
| misc/serial_timesteps | 1.84e+06 |
| misc/time_elapsed     | 321      |
| misc/total_timesteps  | 1.84e+06 |
| ratio_max             | 44.5     |
| ratio_min             | 0.0386   |
| ret_avg               | 0.769    |
| ret_max               | 0.902    |
| ret_med               | 0.795    |
| ret_min               | -0.67    |
| ret_var               | 0.0119   |
------------------------------------
------------------------------------
| action_max            | 14       |
| action_min            | 0        |
| adv_avg               | -1.58    |
| adv_max               | -1.1     |
| adv_med               | -1.58    |
| adv_min               | -2.83    |
| adv_var               | 0.00451  |
| clipfrac              | 0.264    |
| curr_lr               | 0.001    |
| entropy               | 0.452    |
| eplenmean             | 83       |
| eprewmean             | 9.9      |
| fps                   | 5.87e+03 |
| grad_norm             | 0.28     |
| kl                    | 0.0694   |
| loss_pi               | -0.0333  |
| loss_v                | 0.00612  |
| lr                    | 0.001    |
| misc/nupdates         | 459      |
| misc/serial_timesteps | 1.88e+06 |
| misc/time_elapsed     | 328      |
| misc/total_timesteps  | 1.88e+06 |
| ratio_max             | 13.7     |
| ratio_min             | 0.0187   |
| ret_avg               | 0.757    |
| ret_max               | 0.89     |
| ret_med               | 0.767    |
| ret_min               | -1.58    |
| ret_var               | 0.0156   |
------------------------------------
------------------------------------
| action_max            | 14       |
| action_min            | 0        |
| adv_avg               | -1.59    |
| adv_max               | 0.138    |
| adv_med               | -1.59    |
| adv_min               | -2       |
| adv_var               | 0.00494  |
| clipfrac              | 0.221    |
| curr_lr               | 0.001    |
| entropy               | 0.491    |
| eplenmean             | 64.1     |
| eprewmean             | 9.8      |
| fps                   | 5.95e+03 |
| grad_norm             | 0.344    |
| kl                    | 0.0519   |
| loss_pi               | -0.0293  |
| loss_v                | 0.00174  |
| lr                    | 0.001    |
| misc/nupdates         | 469      |
| misc/serial_timesteps | 1.93e+06 |
| misc/time_elapsed     | 335      |
| misc/total_timesteps  | 1.93e+06 |
| ratio_max             | 2.78     |
| ratio_min             | 0.0473   |
| ret_avg               | 0.763    |
| ret_max               | 0.892    |
| ret_med               | 0.792    |
| ret_min               | 0.321    |
| ret_var               | 0.01     |
------------------------------------
------------------------------------
| action_max            | 14       |
| action_min            | 0        |
| adv_avg               | -1.64    |
| adv_max               | -1.28    |
| adv_med               | -1.62    |
| adv_min               | -3.98    |
| adv_var               | 0.0256   |
| clipfrac              | 0.199    |
| curr_lr               | 0.001    |
| entropy               | 0.532    |
| eplenmean             | 68.3     |
| eprewmean             | 9.8      |
| fps                   | 5.8e+03  |
| grad_norm             | 0.284    |
| kl                    | 0.0339   |
| loss_pi               | -0.0233  |
| loss_v                | 0.00975  |
| lr                    | 0.001    |
| misc/nupdates         | 479      |
| misc/serial_timesteps | 1.97e+06 |
| misc/time_elapsed     | 343      |
| misc/total_timesteps  | 1.97e+06 |
| ratio_max             | 5.75     |
| ratio_min             | 0.0603   |
| ret_avg               | 0.703    |
| ret_max               | 0.866    |
| ret_med               | 0.744    |
| ret_min               | -1.63    |
| ret_var               | 0.0455   |
------------------------------------
------------------------------------
| action_max            | 14       |
| action_min            | 0        |
| adv_avg               | -1.64    |
| adv_max               | -0.739   |
| adv_med               | -1.64    |
| adv_min               | -1.87    |
| adv_var               | 0.00378  |
| clipfrac              | 0.334    |
| curr_lr               | 0.001    |
| entropy               | 0.63     |
| eplenmean             | 73.1     |
| eprewmean             | 10       |
| fps                   | 5.83e+03 |
| grad_norm             | 0.441    |
| kl                    | 0.0607   |
| loss_pi               | -0.0513  |
| loss_v                | 0.00234  |
| lr                    | 0.001    |
| misc/nupdates         | 489      |
| misc/serial_timesteps | 2.01e+06 |
| misc/time_elapsed     | 350      |
| misc/total_timesteps  | 2.01e+06 |
| ratio_max             | 14.8     |
| ratio_min             | 0.0436   |
| ret_avg               | 0.728    |
| ret_max               | 0.948    |
| ret_med               | 0.738    |
| ret_min               | 0.488    |
| ret_var               | 0.00869  |
------------------------------------
------------------------------------
| action_max            | 14       |
| action_min            | 0        |
| adv_avg               | -1.69    |
| adv_max               | -0.893   |
| adv_med               | -1.67    |
| adv_min               | -4.08    |
| adv_var               | 0.0295   |
| clipfrac              | 0.197    |
| curr_lr               | 0.001    |
| entropy               | 0.595    |
| eplenmean             | 71.6     |
| eprewmean             | 9.8      |
| fps                   | 5.75e+03 |
| grad_norm             | 0.37     |
| kl                    | 0.0357   |
| loss_pi               | -0.0171  |
| loss_v                | 0.0336   |
| lr                    | 0.001    |
| misc/nupdates         | 499      |
| misc/serial_timesteps | 2.05e+06 |
| misc/time_elapsed     | 357      |
| misc/total_timesteps  | 2.05e+06 |
| ratio_max             | 2.88     |
| ratio_min             | 0.00171  |
| ret_avg               | 0.693    |
| ret_max               | 0.901    |
| ret_med               | 0.728    |
| ret_min               | -1.68    |
| ret_var               | 0.0425   |
------------------------------------
------------------------------------
| action_max            | 14       |
| action_min            | 0        |
| adv_avg               | -1.7     |
| adv_max               | -0.626   |
| adv_med               | -1.69    |
| adv_min               | -4.11    |
| adv_var               | 0.0164   |
| clipfrac              | 0.225    |
| curr_lr               | 0.001    |
| entropy               | 0.573    |
| eplenmean             | 65.5     |
| eprewmean             | 9.9      |
| fps                   | 5.84e+03 |
| grad_norm             | 0.407    |
| kl                    | 0.0466   |
| loss_pi               | -0.0262  |
| loss_v                | 0.0147   |
| lr                    | 0.001    |
| misc/nupdates         | 509      |
| misc/serial_timesteps | 2.09e+06 |
| misc/time_elapsed     | 364      |
| misc/total_timesteps  | 2.09e+06 |
| ratio_max             | 2.97     |
| ratio_min             | 0.000337 |
| ret_avg               | 0.703    |
| ret_max               | 0.839    |
| ret_med               | 0.74     |
| ret_min               | -1.7     |
| ret_var               | 0.0245   |
------------------------------------
------------------------------------
| action_max            | 14       |
| action_min            | 0        |
| adv_avg               | -1.72    |
| adv_max               | -1.4     |
| adv_med               | -1.72    |
| adv_min               | -1.91    |
| adv_var               | 0.00259  |
| clipfrac              | 0.256    |
| curr_lr               | 0.001    |
| entropy               | 0.641    |
| eplenmean             | 68.9     |
| eprewmean             | 10       |
| fps                   | 5.7e+03  |
| grad_norm             | 0.515    |
| kl                    | 0.0458   |
| loss_pi               | -0.0377  |
| loss_v                | 0.00261  |
| lr                    | 0.001    |
| misc/nupdates         | 519      |
| misc/serial_timesteps | 2.13e+06 |
| misc/time_elapsed     | 371      |
| misc/total_timesteps  | 2.13e+06 |
| ratio_max             | 5.8      |
| ratio_min             | 0.122    |
| ret_avg               | 0.66     |
| ret_max               | 0.86     |
| ret_med               | 0.728    |
| ret_min               | 0.334    |
| ret_var               | 0.0256   |
------------------------------------
------------------------------------
| action_max            | 14       |
| action_min            | 0        |
| adv_avg               | -1.75    |
| adv_max               | -1.41    |
| adv_med               | -1.74    |
| adv_min               | -4.02    |
| adv_var               | 0.0156   |
| clipfrac              | 0.174    |
| curr_lr               | 0.001    |
| entropy               | 0.431    |
| eplenmean             | 62.6     |
| eprewmean             | 9.8      |
| fps                   | 5.94e+03 |
| grad_norm             | 0.653    |
| kl                    | 0.0281   |
| loss_pi               | -0.0199  |
| loss_v                | 0.00569  |
| lr                    | 0.001    |
| misc/nupdates         | 529      |
| misc/serial_timesteps | 2.17e+06 |
| misc/time_elapsed     | 378      |
| misc/total_timesteps  | 2.17e+06 |
| ratio_max             | 2.95     |
| ratio_min             | 0.174    |
| ret_avg               | 0.705    |
| ret_max               | 0.869    |
| ret_med               | 0.733    |
| ret_min               | -1.74    |
| ret_var               | 0.0232   |
------------------------------------
------------------------------------
| action_max            | 14       |
| action_min            | 0        |
| adv_avg               | -1.76    |
| adv_max               | -1.35    |
| adv_med               | -1.76    |
| adv_min               | -4.22    |
| adv_var               | 0.0124   |
| clipfrac              | 0.24     |
| curr_lr               | 0.001    |
| entropy               | 0.492    |
| eplenmean             | 63.5     |
| eprewmean             | 9.7      |
| fps                   | 5.79e+03 |
| grad_norm             | 0.376    |
| kl                    | 0.0842   |
| loss_pi               | -0.0253  |
| loss_v                | 0.0107   |
| lr                    | 0.001    |
| misc/nupdates         | 539      |
| misc/serial_timesteps | 2.21e+06 |
| misc/time_elapsed     | 385      |
| misc/total_timesteps  | 2.21e+06 |
| ratio_max             | 2.83     |
| ratio_min             | 0.00138  |
| ret_avg               | 0.655    |
| ret_max               | 0.823    |
| ret_med               | 0.691    |
| ret_min               | -1.76    |
| ret_var               | 0.0279   |
------------------------------------
------------------------------------
| action_max            | 14       |
| action_min            | 0        |
| adv_avg               | -1.79    |
| adv_max               | -1.07    |
| adv_med               | -1.78    |
| adv_min               | -4.14    |
| adv_var               | 0.0158   |
| clipfrac              | 0.197    |
| curr_lr               | 0.001    |
| entropy               | 0.477    |
| eplenmean             | 69.5     |
| eprewmean             | 9.9      |
| fps                   | 5.86e+03 |
| grad_norm             | 0.54     |
| kl                    | 0.0424   |
| loss_pi               | -0.02    |
| loss_v                | 0.0169   |
| lr                    | 0.001    |
| misc/nupdates         | 549      |
| misc/serial_timesteps | 2.25e+06 |
| misc/time_elapsed     | 392      |
| misc/total_timesteps  | 2.25e+06 |
| ratio_max             | 3.35     |
| ratio_min             | 0.00291  |
| ret_avg               | 0.666    |
| ret_max               | 0.833    |
| ret_med               | 0.694    |
| ret_min               | -1.78    |
| ret_var               | 0.0256   |
------------------------------------
------------------------------------
| action_max            | 14       |
| action_min            | 0        |
| adv_avg               | -1.83    |
| adv_max               | -1.52    |
| adv_med               | -1.81    |
| adv_min               | -4.35    |
| adv_var               | 0.0384   |
| clipfrac              | 0.256    |
| curr_lr               | 0.001    |
| entropy               | 0.544    |
| eplenmean             | 69.6     |
| eprewmean             | 9.7      |
| fps                   | 5.85e+03 |
| grad_norm             | 0.419    |
| kl                    | 0.05     |
| loss_pi               | -0.0205  |
| loss_v                | 0.0222   |
| lr                    | 0.001    |
| misc/nupdates         | 559      |
| misc/serial_timesteps | 2.29e+06 |
| misc/time_elapsed     | 399      |
| misc/total_timesteps  | 2.29e+06 |
| ratio_max             | 2.53     |
| ratio_min             | 0.009    |
| ret_avg               | 0.649    |
| ret_max               | 0.852    |
| ret_med               | 0.684    |
| ret_min               | -1.8     |
| ret_var               | 0.0495   |
------------------------------------
------------------------------------
| action_max            | 14       |
| action_min            | 0        |
| adv_avg               | -1.82    |
| adv_max               | -0.318   |
| adv_med               | -1.82    |
| adv_min               | -2.05    |
| adv_var               | 0.00456  |
| clipfrac              | 0.229    |
| curr_lr               | 0.001    |
| entropy               | 0.515    |
| eplenmean             | 66.5     |
| eprewmean             | 9.9      |
| fps                   | 5.74e+03 |
| grad_norm             | 0.371    |
| kl                    | 0.0548   |
| loss_pi               | -0.0357  |
| loss_v                | 0.00195  |
| lr                    | 0.001    |
| misc/nupdates         | 569      |
| misc/serial_timesteps | 2.33e+06 |
| misc/time_elapsed     | 406      |
| misc/total_timesteps  | 2.33e+06 |
| ratio_max             | 5.19     |
| ratio_min             | 0.137    |
| ret_avg               | 0.649    |
| ret_max               | 0.877    |
| ret_med               | 0.684    |
| ret_min               | 0.229    |
| ret_var               | 0.0143   |
------------------------------------
------------------------------------
| action_max            | 14       |
| action_min            | 0        |
| adv_avg               | -1.83    |
| adv_max               | -0.627   |
| adv_med               | -1.83    |
| adv_min               | -2.07    |
| adv_var               | 0.00359  |
| clipfrac              | 0.217    |
| curr_lr               | 0.001    |
| entropy               | 0.432    |
| eplenmean             | 62.6     |
| eprewmean             | 10       |
| fps                   | 5.87e+03 |
| grad_norm             | 0.401    |
| kl                    | 0.0632   |
| loss_pi               | -0.0375  |
| loss_v                | 0.00198  |
| lr                    | 0.001    |
| misc/nupdates         | 579      |
| misc/serial_timesteps | 2.38e+06 |
| misc/time_elapsed     | 413      |
| misc/total_timesteps  | 2.38e+06 |
| ratio_max             | 3.62     |
| ratio_min             | 0.0612   |
| ret_avg               | 0.662    |
| ret_max               | 0.805    |
| ret_med               | 0.701    |
| ret_min               | 0.263    |
| ret_var               | 0.0123   |
------------------------------------
------------------------------------
| action_max            | 14       |
| action_min            | 0        |
| adv_avg               | -1.87    |
| adv_max               | -1.42    |
| adv_med               | -1.86    |
| adv_min               | -4.12    |
| adv_var               | 0.0176   |
| clipfrac              | 0.193    |
| curr_lr               | 0.001    |
| entropy               | 0.436    |
| eplenmean             | 66.8     |
| eprewmean             | 9.9      |
| fps                   | 5.81e+03 |
| grad_norm             | 0.551    |
| kl                    | 0.0281   |
| loss_pi               | -0.0231  |
| loss_v                | 0.00989  |
| lr                    | 0.001    |
| misc/nupdates         | 589      |
| misc/serial_timesteps | 2.42e+06 |
| misc/time_elapsed     | 421      |
| misc/total_timesteps  | 2.42e+06 |
| ratio_max             | 4.73     |
| ratio_min             | 0.00185  |
| ret_avg               | 0.644    |
| ret_max               | 0.775    |
| ret_med               | 0.666    |
| ret_min               | -1.86    |
| ret_var               | 0.0242   |
------------------------------------
------------------------------------
| action_max            | 14       |
| action_min            | 0        |
| adv_avg               | -1.88    |
| adv_max               | -1.53    |
| adv_med               | -1.88    |
| adv_min               | -2.11    |
| adv_var               | 0.00264  |
| clipfrac              | 0.26     |
| curr_lr               | 0.001    |
| entropy               | 0.485    |
| eplenmean             | 67.3     |
| eprewmean             | 9.9      |
| fps                   | 5.8e+03  |
| grad_norm             | 0.335    |
| kl                    | 0.0679   |
| loss_pi               | -0.0298  |
| loss_v                | 0.00197  |
| lr                    | 0.001    |
| misc/nupdates         | 599      |
| misc/serial_timesteps | 2.46e+06 |
| misc/time_elapsed     | 428      |
| misc/total_timesteps  | 2.46e+06 |
| ratio_max             | 5.28     |
| ratio_min             | 0.086    |
| ret_avg               | 0.646    |
| ret_max               | 0.778    |
| ret_med               | 0.683    |
| ret_min               | 0.387    |
| ret_var               | 0.0107   |
------------------------------------
------------------------------------
| action_max            | 14       |
| action_min            | 0        |
| adv_avg               | -1.89    |
| adv_max               | -1.15    |
| adv_med               | -1.89    |
| adv_min               | -4.03    |
| adv_var               | 0.0142   |
| clipfrac              | 0.207    |
| curr_lr               | 0.001    |
| entropy               | 0.48     |
| eplenmean             | 73.9     |
| eprewmean             | 9.9      |
| fps                   | 5.18e+03 |
| grad_norm             | 0.317    |
| kl                    | 0.0418   |
| loss_pi               | -0.0314  |
| loss_v                | 0.00218  |
| lr                    | 0.001    |
| misc/nupdates         | 609      |
| misc/serial_timesteps | 2.5e+06  |
| misc/time_elapsed     | 435      |
| misc/total_timesteps  | 2.5e+06  |
| ratio_max             | 4.29     |
| ratio_min             | 0.000558 |
| ret_avg               | 0.596    |
| ret_max               | 0.76     |
| ret_med               | 0.631    |
| ret_min               | -1.9     |
| ret_var               | 0.0281   |
------------------------------------
------------------------------------
| action_max            | 14       |
| action_min            | 0        |
| adv_avg               | -1.92    |
| adv_max               | -1.52    |
| adv_med               | -1.92    |
| adv_min               | -2.19    |
| adv_var               | 0.00273  |
| clipfrac              | 0.244    |
| curr_lr               | 0.001    |
| entropy               | 0.527    |
| eplenmean             | 75.4     |
| eprewmean             | 9.9      |
| fps                   | 5.12e+03 |
| grad_norm             | 0.344    |
| kl                    | 0.0486   |
| loss_pi               | -0.0326  |
| loss_v                | 0.00169  |
| lr                    | 0.001    |
| misc/nupdates         | 619      |
| misc/serial_timesteps | 2.54e+06 |
| misc/time_elapsed     | 443      |
| misc/total_timesteps  | 2.54e+06 |
| ratio_max             | 4.22     |
| ratio_min             | 0.145    |
| ret_avg               | 0.601    |
| ret_max               | 0.752    |
| ret_med               | 0.619    |
| ret_min               | 0.392    |
| ret_var               | 0.011    |
------------------------------------
------------------------------------
| action_max            | 14       |
| action_min            | 0        |
| adv_avg               | -1.94    |
| adv_max               | -1.59    |
| adv_med               | -1.95    |
| adv_min               | -2.14    |
| adv_var               | 0.00353  |
| clipfrac              | 0.289    |
| curr_lr               | 0.001    |
| entropy               | 0.488    |
| eplenmean             | 67.2     |
| eprewmean             | 9.9      |
| fps                   | 5.1e+03  |
| grad_norm             | 0.675    |
| kl                    | 0.0614   |
| loss_pi               | -0.0217  |
| loss_v                | 0.00175  |
| lr                    | 0.001    |
| misc/nupdates         | 629      |
| misc/serial_timesteps | 2.58e+06 |
| misc/time_elapsed     | 451      |
| misc/total_timesteps  | 2.58e+06 |
| ratio_max             | 5.22     |
| ratio_min             | 0.0679   |
| ret_avg               | 0.631    |
| ret_max               | 0.836    |
| ret_med               | 0.662    |
| ret_min               | 0.275    |
| ret_var               | 0.0113   |
------------------------------------
------------------------------------
| action_max            | 14       |
| action_min            | 0        |
| adv_avg               | -1.99    |
| adv_max               | -0.248   |
| adv_med               | -1.96    |
| adv_min               | -4.62    |
| adv_var               | 0.0494   |
| clipfrac              | 0.188    |
| curr_lr               | 0.001    |
| entropy               | 0.484    |
| eplenmean             | 62.8     |
| eprewmean             | 9.7      |
| fps                   | 4.81e+03 |
| grad_norm             | 1.1      |
| kl                    | 0.0283   |
| loss_pi               | -0.0172  |
| loss_v                | 0.0322   |
| lr                    | 0.001    |
| misc/nupdates         | 639      |
| misc/serial_timesteps | 2.62e+06 |
| misc/time_elapsed     | 459      |
| misc/total_timesteps  | 2.62e+06 |
| ratio_max             | 2.2      |
| ratio_min             | 0.213    |
| ret_avg               | 0.591    |
| ret_max               | 0.752    |
| ret_med               | 0.638    |
| ret_min               | -1.96    |
| ret_var               | 0.0569   |
------------------------------------
------------------------------------
| action_max            | 14       |
| action_min            | 0        |
| adv_avg               | -1.99    |
| adv_max               | -1.55    |
| adv_med               | -1.98    |
| adv_min               | -4.33    |
| adv_var               | 0.0162   |
| clipfrac              | 0.191    |
| curr_lr               | 0.001    |
| entropy               | 0.543    |
| eplenmean             | 61.2     |
| eprewmean             | 9.9      |
| fps                   | 5.11e+03 |
| grad_norm             | 0.691    |
| kl                    | 0.0334   |
| loss_pi               | -0.0217  |
| loss_v                | 0.0205   |
| lr                    | 0.001    |
| misc/nupdates         | 649      |
| misc/serial_timesteps | 2.66e+06 |
| misc/time_elapsed     | 467      |
| misc/total_timesteps  | 2.66e+06 |
| ratio_max             | 6.32     |
| ratio_min             | 0.0254   |
| ret_avg               | 0.62     |
| ret_max               | 0.768    |
| ret_med               | 0.655    |
| ret_min               | -1.98    |
| ret_var               | 0.0285   |
------------------------------------
------------------------------------
| action_max            | 14       |
| action_min            | 0        |
| adv_avg               | -2.02    |
| adv_max               | -1.77    |
| adv_med               | -2       |
| adv_min               | -4.55    |
| adv_var               | 0.032    |
| clipfrac              | 0.18     |
| curr_lr               | 0.001    |
| entropy               | 0.4      |
| eplenmean             | 69       |
| eprewmean             | 9.8      |
| fps                   | 5.11e+03 |
| grad_norm             | 0.414    |
| kl                    | 0.0369   |
| loss_pi               | -0.0137  |
| loss_v                | 0.0186   |
| lr                    | 0.001    |
| misc/nupdates         | 659      |
| misc/serial_timesteps | 2.7e+06  |
| misc/time_elapsed     | 475      |
| misc/total_timesteps  | 2.7e+06  |
| ratio_max             | 4.9      |
| ratio_min             | 0.000202 |
| ret_avg               | 0.587    |
| ret_max               | 0.726    |
| ret_med               | 0.627    |
| ret_min               | -2       |
| ret_var               | 0.0443   |
------------------------------------
------------------------------------
| action_max            | 14       |
| action_min            | 0        |
| adv_avg               | -2.02    |
| adv_max               | -1.76    |
| adv_med               | -2.02    |
| adv_min               | -2.18    |
| adv_var               | 0.00125  |
| clipfrac              | 0.264    |
| curr_lr               | 0.001    |
| entropy               | 0.497    |
| eplenmean             | 64.4     |
| eprewmean             | 10       |
| fps                   | 5.09e+03 |
| grad_norm             | 0.396    |
| kl                    | 0.0628   |
| loss_pi               | -0.0457  |
| loss_v                | 0.00104  |
| lr                    | 0.001    |
| misc/nupdates         | 669      |
| misc/serial_timesteps | 2.74e+06 |
| misc/time_elapsed     | 483      |
| misc/total_timesteps  | 2.74e+06 |
| ratio_max             | 3.91     |
| ratio_min             | 0.0781   |
| ret_avg               | 0.631    |
| ret_max               | 0.748    |
| ret_med               | 0.644    |
| ret_min               | 0.434    |
| ret_var               | 0.00451  |
------------------------------------
------------------------------------
| action_max            | 14       |
| action_min            | 0        |
| adv_avg               | -2.03    |
| adv_max               | -1.68    |
| adv_med               | -2.03    |
| adv_min               | -2.23    |
| adv_var               | 0.00162  |
| clipfrac              | 0.24     |
| curr_lr               | 0.001    |
| entropy               | 0.411    |
| eplenmean             | 66.4     |
| eprewmean             | 10       |
| fps                   | 5.15e+03 |
| grad_norm             | 0.489    |
| kl                    | 0.0694   |
| loss_pi               | -0.0199  |
| loss_v                | 0.00159  |
| lr                    | 0.001    |
| misc/nupdates         | 679      |
| misc/serial_timesteps | 2.79e+06 |
| misc/time_elapsed     | 491      |
| misc/total_timesteps  | 2.79e+06 |
| ratio_max             | 4.1      |
| ratio_min             | 0.0336   |
| ret_avg               | 0.584    |
| ret_max               | 0.729    |
| ret_med               | 0.602    |
| ret_min               | 0.394    |
| ret_var               | 0.00807  |
------------------------------------
------------------------------------
| action_max            | 14       |
| action_min            | 0        |
| adv_avg               | -2.07    |
| adv_max               | -1.67    |
| adv_med               | -2.05    |
| adv_min               | -4.71    |
| adv_var               | 0.0333   |
| clipfrac              | 0.168    |
| curr_lr               | 0.001    |
| entropy               | 0.424    |
| eplenmean             | 69.5     |
| eprewmean             | 9.8      |
| fps                   | 4.94e+03 |
| grad_norm             | 0.272    |
| kl                    | 0.0309   |
| loss_pi               | -0.0148  |
| loss_v                | 0.0156   |
| lr                    | 0.001    |
| misc/nupdates         | 689      |
| misc/serial_timesteps | 2.83e+06 |
| misc/time_elapsed     | 499      |
| misc/total_timesteps  | 2.83e+06 |
| ratio_max             | 2.91     |
| ratio_min             | 0.0117   |
| ret_avg               | 0.561    |
| ret_max               | 0.73     |
| ret_med               | 0.592    |
| ret_min               | -2.05    |
| ret_var               | 0.0453   |
------------------------------------
------------------------------------
| action_max            | 14       |
| action_min            | 0        |
| adv_avg               | -2.07    |
| adv_max               | -0.611   |
| adv_med               | -2.07    |
| adv_min               | -4.48    |
| adv_var               | 0.0327   |
| clipfrac              | 0.213    |
| curr_lr               | 0.001    |
| entropy               | 0.466    |
| eplenmean             | 69.4     |
| eprewmean             | 9.4      |
| fps                   | 5.62e+03 |
| grad_norm             | 0.338    |
| kl                    | 0.035    |
| loss_pi               | -0.0204  |
| loss_v                | 0.0173   |
| lr                    | 0.001    |
| misc/nupdates         | 699      |
| misc/serial_timesteps | 2.87e+06 |
| misc/time_elapsed     | 507      |
| misc/total_timesteps  | 2.87e+06 |
| ratio_max             | 2.72     |
| ratio_min             | 0.0428   |
| ret_avg               | 0.563    |
| ret_max               | 0.753    |
| ret_med               | 0.602    |
| ret_min               | -2.07    |
| ret_var               | 0.054    |
------------------------------------
------------------------------------
| action_max            | 14       |
| action_min            | 0        |
| adv_avg               | -2.08    |
| adv_max               | -1.76    |
| adv_med               | -2.08    |
| adv_min               | -2.24    |
| adv_var               | 0.00212  |
| clipfrac              | 0.246    |
| curr_lr               | 0.001    |
| entropy               | 0.493    |
| eplenmean             | 65.3     |
| eprewmean             | 10       |
| fps                   | 5.55e+03 |
| grad_norm             | 0.431    |
| kl                    | 0.0636   |
| loss_pi               | -0.0322  |
| loss_v                | 0.00138  |
| lr                    | 0.001    |
| misc/nupdates         | 709      |
| misc/serial_timesteps | 2.91e+06 |
| misc/time_elapsed     | 514      |
| misc/total_timesteps  | 2.91e+06 |
| ratio_max             | 3.48     |
| ratio_min             | 0.115    |
| ret_avg               | 0.593    |
| ret_max               | 0.761    |
| ret_med               | 0.623    |
| ret_min               | 0.195    |
| ret_var               | 0.00923  |
------------------------------------
------------------------------------
| action_max            | 14       |
| action_min            | 0        |
| adv_avg               | -2.11    |
| adv_max               | -1.85    |
| adv_med               | -2.1     |
| adv_min               | -4.83    |
| adv_var               | 0.0194   |
| clipfrac              | 0.156    |
| curr_lr               | 0.001    |
| entropy               | 0.419    |
| eplenmean             | 66.9     |
| eprewmean             | 9.9      |
| fps                   | 5.58e+03 |
| grad_norm             | 0.378    |
| kl                    | 0.0277   |
| loss_pi               | -0.00584 |
| loss_v                | 0.0355   |
| lr                    | 0.001    |
| misc/nupdates         | 719      |
| misc/serial_timesteps | 2.95e+06 |
| misc/time_elapsed     | 521      |
| misc/total_timesteps  | 2.95e+06 |
| ratio_max             | 40.3     |
| ratio_min             | 0.158    |
| ret_avg               | 0.576    |
| ret_max               | 0.725    |
| ret_med               | 0.606    |
| ret_min               | -2.11    |
| ret_var               | 0.024    |
------------------------------------
------------------------------------
| action_max            | 14       |
| action_min            | 0        |
| adv_avg               | -2.16    |
| adv_max               | -1.16    |
| adv_med               | -2.13    |
| adv_min               | -4.61    |
| adv_var               | 0.0562   |
| clipfrac              | 0.193    |
| curr_lr               | 0.001    |
| entropy               | 0.489    |
| eplenmean             | 85.7     |
| eprewmean             | 9.4      |
| fps                   | 5.1e+03  |
| grad_norm             | 0.948    |
| kl                    | 0.0416   |
| loss_pi               | -0.0187  |
| loss_v                | 0.0483   |
| lr                    | 0.001    |
| misc/nupdates         | 729      |
| misc/serial_timesteps | 2.99e+06 |
| misc/time_elapsed     | 529      |
| misc/total_timesteps  | 2.99e+06 |
| ratio_max             | 2.06     |
| ratio_min             | 0.233    |
| ret_avg               | 0.351    |
| ret_max               | 0.695    |
| ret_med               | 0.53     |
| ret_min               | -2.13    |
| ret_var               | 0.213    |
------------------------------------
------------------------------------
| action_max            | 14       |
| action_min            | 0        |
| adv_avg               | -2.14    |
| adv_max               | -1.9     |
| adv_med               | -2.14    |
| adv_min               | -2.4     |
| adv_var               | 0.00209  |
| clipfrac              | 0.297    |
| curr_lr               | 0.001    |
| entropy               | 0.483    |
| eplenmean             | 70.1     |
| eprewmean             | 10       |
| fps                   | 5.21e+03 |
| grad_norm             | 0.449    |
| kl                    | 0.257    |
| loss_pi               | -0.048   |
| loss_v                | 0.00143  |
| lr                    | 0.001    |
| misc/nupdates         | 739      |
| misc/serial_timesteps | 3.03e+06 |
| misc/time_elapsed     | 537      |
| misc/total_timesteps  | 3.03e+06 |
| ratio_max             | 3.41     |
| ratio_min             | 0.00817  |
| ret_avg               | 0.559    |
| ret_max               | 0.689    |
| ret_med               | 0.578    |
| ret_min               | 0.287    |
| ret_var               | 0.00956  |
------------------------------------
------------------------------------
| action_max            | 14       |
| action_min            | 0        |
| adv_avg               | -2.17    |
| adv_max               | -1.45    |
| adv_med               | -2.15    |
| adv_min               | -4.51    |
| adv_var               | 0.0319   |
| clipfrac              | 0.184    |
| curr_lr               | 0.001    |
| entropy               | 0.445    |
| eplenmean             | 63.3     |
| eprewmean             | 9.8      |
| fps                   | 5.48e+03 |
| grad_norm             | 0.334    |
| kl                    | 0.0288   |
| loss_pi               | -0.0161  |
| loss_v                | 0.0201   |
| lr                    | 0.001    |
| misc/nupdates         | 749      |
| misc/serial_timesteps | 3.07e+06 |
| misc/time_elapsed     | 545      |
| misc/total_timesteps  | 3.07e+06 |
| ratio_max             | 6.22     |
| ratio_min             | 0.264    |
| ret_avg               | 0.536    |
| ret_max               | 0.723    |
| ret_med               | 0.584    |
| ret_min               | -2.16    |
| ret_var               | 0.0542   |
------------------------------------
------------------------------------
| action_max            | 14       |
| action_min            | 0        |
| adv_avg               | -2.18    |
| adv_max               | -1.62    |
| adv_med               | -2.18    |
| adv_min               | -2.34    |
| adv_var               | 0.00161  |
| clipfrac              | 0.246    |
| curr_lr               | 0.001    |
| entropy               | 0.395    |
| eplenmean             | 64.8     |
| eprewmean             | 10       |
| fps                   | 5.45e+03 |
| grad_norm             | 0.442    |
| kl                    | 0.0718   |
| loss_pi               | -0.0283  |
| loss_v                | 0.00149  |
| lr                    | 0.001    |
| misc/nupdates         | 759      |
| misc/serial_timesteps | 3.11e+06 |
| misc/time_elapsed     | 552      |
| misc/total_timesteps  | 3.11e+06 |
| ratio_max             | 6.09     |
| ratio_min             | 0.00885  |
| ret_avg               | 0.562    |
| ret_max               | 0.733    |
| ret_med               | 0.58     |
| ret_min               | 0.335    |
| ret_var               | 0.00707  |
------------------------------------
------------------------------------
| action_max            | 14       |
| action_min            | 0        |
| adv_avg               | -2.21    |
| adv_max               | -1.35    |
| adv_med               | -2.2     |
| adv_min               | -4.94    |
| adv_var               | 0.0341   |
| clipfrac              | 0.176    |
| curr_lr               | 0.001    |
| entropy               | 0.413    |
| eplenmean             | 69.6     |
| eprewmean             | 9.7      |
| fps                   | 5.42e+03 |
| grad_norm             | 0.708    |
| kl                    | 0.0227   |
| loss_pi               | -0.0155  |
| loss_v                | 0.0201   |
| lr                    | 0.001    |
| misc/nupdates         | 769      |
| misc/serial_timesteps | 3.15e+06 |
| misc/time_elapsed     | 560      |
| misc/total_timesteps  | 3.15e+06 |
| ratio_max             | 2.96     |
| ratio_min             | 0.126    |
| ret_avg               | 0.516    |
| ret_max               | 0.765    |
| ret_med               | 0.58     |
| ret_min               | -2.19    |
| ret_var               | 0.0633   |
------------------------------------
------------------------------------
| action_max            | 14       |
| action_min            | 0        |
| adv_avg               | -2.21    |
| adv_max               | -1.83    |
| adv_med               | -2.2     |
| adv_min               | -4.73    |
| adv_var               | 0.0189   |
| clipfrac              | 0.26     |
| curr_lr               | 0.001    |
| entropy               | 0.341    |
| eplenmean             | 65.4     |
| eprewmean             | 9.9      |
| fps                   | 5.54e+03 |
| grad_norm             | 0.198    |
| kl                    | 0.176    |
| loss_pi               | -0.0168  |
| loss_v                | 0.0188   |
| lr                    | 0.001    |
| misc/nupdates         | 779      |
| misc/serial_timesteps | 3.19e+06 |
| misc/time_elapsed     | 567      |
| misc/total_timesteps  | 3.19e+06 |
| ratio_max             | 4.28     |
| ratio_min             | 0.0194   |
| ret_avg               | 0.497    |
| ret_max               | 0.692    |
| ret_med               | 0.532    |
| ret_min               | -2.21    |
| ret_var               | 0.0409   |
------------------------------------
------------------------------------
| action_max            | 14       |
| action_min            | 0        |
| adv_avg               | -2.24    |
| adv_max               | -1.99    |
| adv_med               | -2.23    |
| adv_min               | -4.57    |
| adv_var               | 0.0184   |
| clipfrac              | 0.225    |
| curr_lr               | 0.001    |
| entropy               | 0.407    |
| eplenmean             | 66.9     |
| eprewmean             | 9.9      |
| fps                   | 5.35e+03 |
| grad_norm             | 0.203    |
| kl                    | 0.0359   |
| loss_pi               | -0.0143  |
| loss_v                | 0.0144   |
| lr                    | 0.001    |
| misc/nupdates         | 789      |
| misc/serial_timesteps | 3.24e+06 |
| misc/time_elapsed     | 575      |
| misc/total_timesteps  | 3.24e+06 |
| ratio_max             | 6.23     |
| ratio_min             | 0.0895   |
| ret_avg               | 0.549    |
| ret_max               | 0.754    |
| ret_med               | 0.576    |
| ret_min               | -2.22    |
| ret_var               | 0.0281   |
------------------------------------
------------------------------------
| action_max            | 14       |
| action_min            | 0        |
| adv_avg               | -2.26    |
| adv_max               | -1.52    |
| adv_med               | -2.24    |
| adv_min               | -4.67    |
| adv_var               | 0.0356   |
| clipfrac              | 0.17     |
| curr_lr               | 0.001    |
| entropy               | 0.414    |
| eplenmean             | 66.5     |
| eprewmean             | 9.8      |
| fps                   | 5.41e+03 |
| grad_norm             | 0.517    |
| kl                    | 0.0363   |
| loss_pi               | -0.0239  |
| loss_v                | 0.0336   |
| lr                    | 0.001    |
| misc/nupdates         | 799      |
| misc/serial_timesteps | 3.28e+06 |
| misc/time_elapsed     | 582      |
| misc/total_timesteps  | 3.28e+06 |
| ratio_max             | 3.14     |
| ratio_min             | 0.0276   |
| ret_avg               | 0.523    |
| ret_max               | 0.691    |
| ret_med               | 0.574    |
| ret_min               | -2.24    |
| ret_var               | 0.0538   |
------------------------------------
------------------------------------
| action_max            | 14       |
| action_min            | 0        |
| adv_avg               | -2.26    |
| adv_max               | -1.7     |
| adv_med               | -2.27    |
| adv_min               | -2.53    |
| adv_var               | 0.00437  |
| clipfrac              | 0.219    |
| curr_lr               | 0.001    |
| entropy               | 0.393    |
| eplenmean             | 69.5     |
| eprewmean             | 10       |
| fps                   | 5.75e+03 |
| grad_norm             | 0.326    |
| kl                    | 0.0511   |
| loss_pi               | -0.0276  |
| loss_v                | 0.00163  |
| lr                    | 0.001    |
| misc/nupdates         | 809      |
| misc/serial_timesteps | 3.32e+06 |
| misc/time_elapsed     | 589      |
| misc/total_timesteps  | 3.32e+06 |
| ratio_max             | 2.53     |
| ratio_min             | 0.0228   |
| ret_avg               | 0.552    |
| ret_max               | 0.743    |
| ret_med               | 0.577    |
| ret_min               | 0.0987   |
| ret_var               | 0.00992  |
------------------------------------
------------------------------------
| action_max            | 14       |
| action_min            | 0        |
| adv_avg               | -2.26    |
| adv_max               | -1.55    |
| adv_med               | -2.26    |
| adv_min               | -2.72    |
| adv_var               | 0.00544  |
| clipfrac              | 0.232    |
| curr_lr               | 0.001    |
| entropy               | 0.406    |
| eplenmean             | 66       |
| eprewmean             | 10       |
| fps                   | 5.87e+03 |
| grad_norm             | 0.289    |
| kl                    | 0.056    |
| loss_pi               | -0.038   |
| loss_v                | 0.00227  |
| lr                    | 0.001    |
| misc/nupdates         | 819      |
| misc/serial_timesteps | 3.36e+06 |
| misc/time_elapsed     | 596      |
| misc/total_timesteps  | 3.36e+06 |
| ratio_max             | 15.7     |
| ratio_min             | 0.0916   |
| ret_avg               | 0.532    |
| ret_max               | 0.661    |
| ret_med               | 0.56     |
| ret_min               | 0.169    |
| ret_var               | 0.0108   |
------------------------------------
------------------------------------
| action_max            | 14       |
| action_min            | 0        |
| adv_avg               | -2.28    |
| adv_max               | -1.76    |
| adv_med               | -2.28    |
| adv_min               | -2.5     |
| adv_var               | 0.00293  |
| clipfrac              | 0.236    |
| curr_lr               | 0.001    |
| entropy               | 0.401    |
| eplenmean             | 65.2     |
| eprewmean             | 9.9      |
| fps                   | 5.76e+03 |
| grad_norm             | 0.323    |
| kl                    | 0.0579   |
| loss_pi               | -0.0338  |
| loss_v                | 0.0014   |
| lr                    | 0.001    |
| misc/nupdates         | 829      |
| misc/serial_timesteps | 3.4e+06  |
| misc/time_elapsed     | 604      |
| misc/total_timesteps  | 3.4e+06  |
| ratio_max             | 5.77     |
| ratio_min             | 0.0485   |
| ret_avg               | 0.517    |
| ret_max               | 0.731    |
| ret_med               | 0.529    |
| ret_min               | 0.199    |
| ret_var               | 0.0109   |
------------------------------------
------------------------------------
| action_max            | 14       |
| action_min            | 0        |
| adv_avg               | -2.3     |
| adv_max               | -0.679   |
| adv_med               | -2.3     |
| adv_min               | -4.76    |
| adv_var               | 0.0312   |
| clipfrac              | 0.223    |
| curr_lr               | 0.001    |
| entropy               | 0.437    |
| eplenmean             | 67.8     |
| eprewmean             | 9.4      |
| fps                   | 5.84e+03 |
| grad_norm             | 0.401    |
| kl                    | 0.0445   |
| loss_pi               | -0.0217  |
| loss_v                | 0.0119   |
| lr                    | 0.001    |
| misc/nupdates         | 839      |
| misc/serial_timesteps | 3.44e+06 |
| misc/time_elapsed     | 611      |
| misc/total_timesteps  | 3.44e+06 |
| ratio_max             | 2.76     |
| ratio_min             | 0.112    |
| ret_avg               | 0.503    |
| ret_max               | 0.668    |
| ret_med               | 0.556    |
| ret_min               | -2.37    |
| ret_var               | 0.0513   |
------------------------------------
------------------------------------
| action_max            | 14       |
| action_min            | 0        |
| adv_avg               | -2.32    |
| adv_max               | -2.01    |
| adv_med               | -2.31    |
| adv_min               | -5.16    |
| adv_var               | 0.022    |
| clipfrac              | 0.225    |
| curr_lr               | 0.001    |
| entropy               | 0.477    |
| eplenmean             | 68.2     |
| eprewmean             | 9.9      |
| fps                   | 5.82e+03 |
| grad_norm             | 0.52     |
| kl                    | 0.0482   |
| loss_pi               | 0.000345 |
| loss_v                | 0.0205   |
| lr                    | 0.001    |
| misc/nupdates         | 849      |
| misc/serial_timesteps | 3.48e+06 |
| misc/time_elapsed     | 618      |
| misc/total_timesteps  | 3.48e+06 |
| ratio_max             | 3.28     |
| ratio_min             | 0.00965  |
| ret_avg               | 0.499    |
| ret_max               | 0.654    |
| ret_med               | 0.525    |
| ret_min               | -2.32    |
| ret_var               | 0.029    |
------------------------------------
------------------------------------
| action_max            | 14       |
| action_min            | 0        |
| adv_avg               | -2.31    |
| adv_max               | -1.63    |
| adv_med               | -2.32    |
| adv_min               | -2.58    |
| adv_var               | 0.00727  |
| clipfrac              | 0.254    |
| curr_lr               | 0.001    |
| entropy               | 0.501    |
| eplenmean             | 65.8     |
| eprewmean             | 10       |
| fps                   | 5.69e+03 |
| grad_norm             | 0.362    |
| kl                    | 0.0448   |
| loss_pi               | -0.0366  |
| loss_v                | 0.00245  |
| lr                    | 0.001    |
| misc/nupdates         | 859      |
| misc/serial_timesteps | 3.52e+06 |
| misc/time_elapsed     | 625      |
| misc/total_timesteps  | 3.52e+06 |
| ratio_max             | 2.75     |
| ratio_min             | 0.0836   |
| ret_avg               | 0.473    |
| ret_max               | 0.709    |
| ret_med               | 0.503    |
| ret_min               | -0.0509  |
| ret_var               | 0.0239   |
------------------------------------
------------------------------------
| action_max            | 14       |
| action_min            | 0        |
| adv_avg               | -2.34    |
| adv_max               | -1.95    |
| adv_med               | -2.35    |
| adv_min               | -2.59    |
| adv_var               | 0.00301  |
| clipfrac              | 0.26     |
| curr_lr               | 0.001    |
| entropy               | 0.521    |
| eplenmean             | 69.2     |
| eprewmean             | 9.9      |
| fps                   | 5.98e+03 |
| grad_norm             | 0.496    |
| kl                    | 0.0524   |
| loss_pi               | -0.0475  |
| loss_v                | 0.00201  |
| lr                    | 0.001    |
| misc/nupdates         | 869      |
| misc/serial_timesteps | 3.56e+06 |
| misc/time_elapsed     | 632      |
| misc/total_timesteps  | 3.56e+06 |
| ratio_max             | 3.5      |
| ratio_min             | 0.0861   |
| ret_avg               | 0.477    |
| ret_max               | 0.641    |
| ret_med               | 0.5      |
| ret_min               | 0.07     |
| ret_var               | 0.0166   |
------------------------------------
------------------------------------
| action_max            | 14       |
| action_min            | 0        |
| adv_avg               | -2.37    |
| adv_max               | -1.9     |
| adv_med               | -2.37    |
| adv_min               | -2.58    |
| adv_var               | 0.00254  |
| clipfrac              | 0.211    |
| curr_lr               | 0.001    |
| entropy               | 0.385    |
| eplenmean             | 63.1     |
| eprewmean             | 9.9      |
| fps                   | 5.89e+03 |
| grad_norm             | 0.473    |
| kl                    | 0.0626   |
| loss_pi               | -0.037   |
| loss_v                | 0.00183  |
| lr                    | 0.001    |
| misc/nupdates         | 879      |
| misc/serial_timesteps | 3.6e+06  |
| misc/time_elapsed     | 639      |
| misc/total_timesteps  | 3.6e+06  |
| ratio_max             | 9.63     |
| ratio_min             | 0.0774   |
| ret_avg               | 0.511    |
| ret_max               | 0.664    |
| ret_med               | 0.541    |
| ret_min               | 0.229    |
| ret_var               | 0.0119   |
------------------------------------
------------------------------------
| action_max            | 14       |
| action_min            | 0        |
| adv_avg               | -2.38    |
| adv_max               | -1.72    |
| adv_med               | -2.37    |
| adv_min               | -5.35    |
| adv_var               | 0.0182   |
| clipfrac              | 0.197    |
| curr_lr               | 0.001    |
| entropy               | 0.45     |
| eplenmean             | 62.1     |
| eprewmean             | 9.9      |
| fps                   | 5.88e+03 |
| grad_norm             | 0.225    |
| kl                    | 0.0388   |
| loss_pi               | -0.0219  |
| loss_v                | 0.0122   |
| lr                    | 0.001    |
| misc/nupdates         | 889      |
| misc/serial_timesteps | 3.65e+06 |
| misc/time_elapsed     | 646      |
| misc/total_timesteps  | 3.65e+06 |
| ratio_max             | 3.49     |
| ratio_min             | 0.000901 |
| ret_avg               | 0.487    |
| ret_max               | 0.634    |
| ret_med               | 0.514    |
| ret_min               | -2.38    |
| ret_var               | 0.0282   |
------------------------------------
------------------------------------
| action_max            | 14       |
| action_min            | 0        |
| adv_avg               | -2.4     |
| adv_max               | -2.06    |
| adv_med               | -2.39    |
| adv_min               | -5.22    |
| adv_var               | 0.0204   |
| clipfrac              | 0.17     |
| curr_lr               | 0.001    |
| entropy               | 0.399    |
| eplenmean             | 64.2     |
| eprewmean             | 9.9      |
| fps                   | 5.76e+03 |
| grad_norm             | 0.301    |
| kl                    | 0.0264   |
| loss_pi               | -0.016   |
| loss_v                | 0.0121   |
| lr                    | 0.001    |
| misc/nupdates         | 899      |
| misc/serial_timesteps | 3.69e+06 |
| misc/time_elapsed     | 653      |
| misc/total_timesteps  | 3.69e+06 |
| ratio_max             | 9.47     |
| ratio_min             | 0.144    |
| ret_avg               | 0.489    |
| ret_max               | 0.635    |
| ret_med               | 0.508    |
| ret_min               | -2.4     |
| ret_var               | 0.0272   |
------------------------------------
------------------------------------
| action_max            | 14       |
| action_min            | 0        |
| adv_avg               | -2.4     |
| adv_max               | -1.57    |
| adv_med               | -2.41    |
| adv_min               | -2.59    |
| adv_var               | 0.00284  |
| clipfrac              | 0.227    |
| curr_lr               | 0.001    |
| entropy               | 0.472    |
| eplenmean             | 69.7     |
| eprewmean             | 10       |
| fps                   | 5.74e+03 |
| grad_norm             | 0.387    |
| kl                    | 0.0425   |
| loss_pi               | -0.04    |
| loss_v                | 0.00129  |
| lr                    | 0.001    |
| misc/nupdates         | 909      |
| misc/serial_timesteps | 3.73e+06 |
| misc/time_elapsed     | 660      |
| misc/total_timesteps  | 3.73e+06 |
| ratio_max             | 4.68     |
| ratio_min             | 0.141    |
| ret_avg               | 0.488    |
| ret_max               | 0.647    |
| ret_med               | 0.508    |
| ret_min               | 0.186    |
| ret_var               | 0.012    |
------------------------------------
------------------------------------
| action_max            | 14       |
| action_min            | 0        |
| adv_avg               | -2.44    |
| adv_max               | -1.81    |
| adv_med               | -2.42    |
| adv_min               | -5.37    |
| adv_var               | 0.0384   |
| clipfrac              | 0.197    |
| curr_lr               | 0.001    |
| entropy               | 0.507    |
| eplenmean             | 69.5     |
| eprewmean             | 9.8      |
| fps                   | 5.75e+03 |
| grad_norm             | 0.814    |
| kl                    | 0.0385   |
| loss_pi               | -0.0157  |
| loss_v                | 0.0326   |
| lr                    | 0.001    |
| misc/nupdates         | 919      |
| misc/serial_timesteps | 3.77e+06 |
| misc/time_elapsed     | 667      |
| misc/total_timesteps  | 3.77e+06 |
| ratio_max             | 3.29     |
| ratio_min             | 0.00114  |
| ret_avg               | 0.442    |
| ret_max               | 0.628    |
| ret_med               | 0.484    |
| ret_min               | -2.44    |
| ret_var               | 0.064    |
------------------------------------
------------------------------------
| action_max            | 14       |
| action_min            | 0        |
| adv_avg               | -2.46    |
| adv_max               | -2.22    |
| adv_med               | -2.44    |
| adv_min               | -5.46    |
| adv_var               | 0.0234   |
| clipfrac              | 0.174    |
| curr_lr               | 0.001    |
| entropy               | 0.495    |
| eplenmean             | 63.4     |
| eprewmean             | 9.9      |
| fps                   | 6e+03    |
| grad_norm             | 0.277    |
| kl                    | 0.049    |
| loss_pi               | -0.0147  |
| loss_v                | 0.011    |
| lr                    | 0.001    |
| misc/nupdates         | 929      |
| misc/serial_timesteps | 3.81e+06 |
| misc/time_elapsed     | 674      |
| misc/total_timesteps  | 3.81e+06 |
| ratio_max             | 5.92     |
| ratio_min             | 0.00643  |
| ret_avg               | 0.486    |
| ret_max               | 0.666    |
| ret_med               | 0.51     |
| ret_min               | -2.44    |
| ret_var               | 0.0283   |
------------------------------------
------------------------------------
| action_max            | 14       |
| action_min            | 0        |
| adv_avg               | -2.46    |
| adv_max               | -0.952   |
| adv_med               | -2.46    |
| adv_min               | -5.38    |
| adv_var               | 0.0348   |
| clipfrac              | 0.197    |
| curr_lr               | 0.001    |
| entropy               | 0.527    |
| eplenmean             | 72.8     |
| eprewmean             | 9.7      |
| fps                   | 5.74e+03 |
| grad_norm             | 0.464    |
| kl                    | 0.0317   |
| loss_pi               | -0.0208  |
| loss_v                | 0.0258   |
| lr                    | 0.001    |
| misc/nupdates         | 939      |
| misc/serial_timesteps | 3.85e+06 |
| misc/time_elapsed     | 681      |
| misc/total_timesteps  | 3.85e+06 |
| ratio_max             | 3.01     |
| ratio_min             | 0.0801   |
| ret_avg               | 0.43     |
| ret_max               | 0.669    |
| ret_med               | 0.507    |
| ret_min               | -2.46    |
| ret_var               | 0.052    |
------------------------------------
------------------------------------
| action_max            | 14       |
| action_min            | 0        |
| adv_avg               | -2.47    |
| adv_max               | -2.21    |
| adv_med               | -2.47    |
| adv_min               | -2.7     |
| adv_var               | 0.00176  |
| clipfrac              | 0.264    |
| curr_lr               | 0.001    |
| entropy               | 0.58     |
| eplenmean             | 61.8     |
| eprewmean             | 10       |
| fps                   | 5.8e+03  |
| grad_norm             | 0.458    |
| kl                    | 0.0494   |
| loss_pi               | -0.043   |
| loss_v                | 0.00134  |
| lr                    | 0.001    |
| misc/nupdates         | 949      |
| misc/serial_timesteps | 3.89e+06 |
| misc/time_elapsed     | 688      |
| misc/total_timesteps  | 3.89e+06 |
| ratio_max             | 15.4     |
| ratio_min             | 0.0752   |
| ret_avg               | 0.507    |
| ret_max               | 0.622    |
| ret_med               | 0.525    |
| ret_min               | 0.21     |
| ret_var               | 0.00765  |
------------------------------------
------------------------------------
| action_max            | 14       |
| action_min            | 0        |
| adv_avg               | -2.49    |
| adv_max               | -1.93    |
| adv_med               | -2.48    |
| adv_min               | -5.43    |
| adv_var               | 0.0227   |
| clipfrac              | 0.244    |
| curr_lr               | 0.001    |
| entropy               | 0.48     |
| eplenmean             | 71       |
| eprewmean             | 9.7      |
| fps                   | 5.58e+03 |
| grad_norm             | 0.399    |
| kl                    | 0.0437   |
| loss_pi               | -0.03    |
| loss_v                | 0.0266   |
| lr                    | 0.001    |
| misc/nupdates         | 959      |
| misc/serial_timesteps | 3.93e+06 |
| misc/time_elapsed     | 696      |
| misc/total_timesteps  | 3.93e+06 |
| ratio_max             | 5.19     |
| ratio_min             | 0.00257  |
| ret_avg               | 0.468    |
| ret_max               | 0.636    |
| ret_med               | 0.494    |
| ret_min               | -2.49    |
| ret_var               | 0.0338   |
------------------------------------
------------------------------------
| action_max            | 14       |
| action_min            | 0        |
| adv_avg               | -2.5     |
| adv_max               | -2.3     |
| adv_med               | -2.49    |
| adv_min               | -5.3     |
| adv_var               | 0.0194   |
| clipfrac              | 0.217    |
| curr_lr               | 0.001    |
| entropy               | 0.426    |
| eplenmean             | 60       |
| eprewmean             | 9.9      |
| fps                   | 5.63e+03 |
| grad_norm             | 0.312    |
| kl                    | 0.0493   |
| loss_pi               | -0.0199  |
| loss_v                | 0.0307   |
| lr                    | 0.001    |
| misc/nupdates         | 969      |
| misc/serial_timesteps | 3.97e+06 |
| misc/time_elapsed     | 703      |
| misc/total_timesteps  | 3.97e+06 |
| ratio_max             | 9        |
| ratio_min             | 0.000227 |
| ret_avg               | 0.479    |
| ret_max               | 0.623    |
| ret_med               | 0.507    |
| ret_min               | -2.5     |
| ret_var               | 0.0331   |
------------------------------------
------------------------------------
| action_max            | 14       |
| action_min            | 0        |
| adv_avg               | -2.57    |
| adv_max               | 0.104    |
| adv_med               | -2.5     |
| adv_min               | -5.57    |
| adv_var               | 0.128    |
| clipfrac              | 0.193    |
| curr_lr               | 0.001    |
| entropy               | 0.373    |
| eplenmean             | 55.8     |
| eprewmean             | 9.3      |
| fps                   | 5.62e+03 |
| grad_norm             | 0.751    |
| kl                    | 0.0561   |
| loss_pi               | -0.0191  |
| loss_v                | 0.0914   |
| lr                    | 0.001    |
| misc/nupdates         | 979      |
| misc/serial_timesteps | 4.01e+06 |
| misc/time_elapsed     | 710      |
| misc/total_timesteps  | 4.01e+06 |
| ratio_max             | 3.07     |
| ratio_min             | 0.0256   |
| ret_avg               | 0.354    |
| ret_max               | 0.614    |
| ret_med               | 0.482    |
| ret_min               | -2.6     |
| ret_var               | 0.226    |
------------------------------------
------------------------------------
| action_max            | 14       |
| action_min            | 0        |
| adv_avg               | -2.52    |
| adv_max               | -1.79    |
| adv_med               | -2.53    |
| adv_min               | -2.77    |
| adv_var               | 0.00582  |
| clipfrac              | 0.402    |
| curr_lr               | 0.001    |
| entropy               | 0.534    |
| eplenmean             | 77       |
| eprewmean             | 9.8      |
| fps                   | 5.61e+03 |
| grad_norm             | 0.394    |
| kl                    | 0.315    |
| loss_pi               | -0.0495  |
| loss_v                | 0.00195  |
| lr                    | 0.001    |
| misc/nupdates         | 989      |
| misc/serial_timesteps | 4.06e+06 |
| misc/time_elapsed     | 718      |
| misc/total_timesteps  | 4.06e+06 |
| ratio_max             | 142      |
| ratio_min             | 0.0133   |
| ret_avg               | 0.343    |
| ret_max               | 0.666    |
| ret_med               | 0.416    |
| ret_min               | -0.0423  |
| ret_var               | 0.0506   |
------------------------------------
------------------------------------
| action_max            | 14       |
| action_min            | 0        |
| adv_avg               | -2.54    |
| adv_max               | -1.43    |
| adv_med               | -2.54    |
| adv_min               | -5.4     |
| adv_var               | 0.0253   |
| clipfrac              | 0.254    |
| curr_lr               | 0.001    |
| entropy               | 0.514    |
| eplenmean             | 63       |
| eprewmean             | 9.8      |
| fps                   | 5.53e+03 |
| grad_norm             | 0.215    |
| kl                    | 0.0456   |
| loss_pi               | -0.0243  |
| loss_v                | 0.0311   |
| lr                    | 0.001    |
| misc/nupdates         | 999      |
| misc/serial_timesteps | 4.1e+06  |
| misc/time_elapsed     | 725      |
| misc/total_timesteps  | 4.1e+06  |
| ratio_max             | 7.38     |
| ratio_min             | 0.0533   |
| ret_avg               | 0.432    |
| ret_max               | 0.609    |
| ret_med               | 0.469    |
| ret_min               | -2.54    |
| ret_var               | 0.0459   |
------------------------------------
------------------------------------
| action_max            | 14       |
| action_min            | 0        |
| adv_avg               | -2.55    |
| adv_max               | -1.04    |
| adv_med               | -2.56    |
| adv_min               | -2.78    |
| adv_var               | 0.00363  |
| clipfrac              | 0.264    |
| curr_lr               | 0.001    |
| entropy               | 0.534    |
| eplenmean             | 69.6     |
| eprewmean             | 10       |
| fps                   | 5.42e+03 |
| grad_norm             | 0.374    |
| kl                    | 0.0615   |
| loss_pi               | -0.0487  |
| loss_v                | 0.00134  |
| lr                    | 0.001    |
| misc/nupdates         | 1.01e+03 |
| misc/serial_timesteps | 4.14e+06 |
| misc/time_elapsed     | 733      |
| misc/total_timesteps  | 4.14e+06 |
| ratio_max             | 3.53     |
| ratio_min             | 0.0117   |
| ret_avg               | 0.475    |
| ret_max               | 0.608    |
| ret_med               | 0.499    |
| ret_min               | 0.207    |
| ret_var               | 0.0102   |
------------------------------------
------------------------------------
| action_max            | 14       |
| action_min            | 0        |
| adv_avg               | -2.57    |
| adv_max               | -1.83    |
| adv_med               | -2.57    |
| adv_min               | -2.81    |
| adv_var               | 0.00361  |
| clipfrac              | 0.223    |
| curr_lr               | 0.001    |
| entropy               | 0.527    |
| eplenmean             | 64.2     |
| eprewmean             | 9.9      |
| fps                   | 5.66e+03 |
| grad_norm             | 0.383    |
| kl                    | 0.045    |
| loss_pi               | -0.0409  |
| loss_v                | 0.00135  |
| lr                    | 0.001    |
| misc/nupdates         | 1.02e+03 |
| misc/serial_timesteps | 4.18e+06 |
| misc/time_elapsed     | 740      |
| misc/total_timesteps  | 4.18e+06 |
| ratio_max             | 12.3     |
| ratio_min             | 0.155    |
| ret_avg               | 0.475    |
| ret_max               | 0.743    |
| ret_med               | 0.495    |
| ret_min               | 0.223    |
| ret_var               | 0.0102   |
------------------------------------
------------------------------------
| action_max            | 14       |
| action_min            | 0        |
| adv_avg               | -2.62    |
| adv_max               | -1.63    |
| adv_med               | -2.58    |
| adv_min               | -5.63    |
| adv_var               | 0.066    |
| clipfrac              | 0.189    |
| curr_lr               | 0.001    |
| entropy               | 0.45     |
| eplenmean             | 67.5     |
| eprewmean             | 9.7      |
| fps                   | 5.78e+03 |
| grad_norm             | 0.452    |
| kl                    | 0.0399   |
| loss_pi               | -0.011   |
| loss_v                | 0.0293   |
| lr                    | 0.001    |
| misc/nupdates         | 1.03e+03 |
| misc/serial_timesteps | 4.22e+06 |
| misc/time_elapsed     | 747      |
| misc/total_timesteps  | 4.22e+06 |
| ratio_max             | 2.99     |
| ratio_min             | 0.000664 |
| ret_avg               | 0.411    |
| ret_max               | 0.601    |
| ret_med               | 0.461    |
| ret_min               | -2.59    |
| ret_var               | 0.0834   |
------------------------------------
------------------------------------
| action_max            | 14       |
| action_min            | 0        |
| adv_avg               | -2.61    |
| adv_max               | -2.16    |
| adv_med               | -2.6     |
| adv_min               | -5.45    |
| adv_var               | 0.0223   |
| clipfrac              | 0.195    |
| curr_lr               | 0.001    |
| entropy               | 0.51     |
| eplenmean             | 65.7     |
| eprewmean             | 9.9      |
| fps                   | 5.95e+03 |
| grad_norm             | 0.163    |
| kl                    | 0.0273   |
| loss_pi               | -0.0196  |
| loss_v                | 0.0165   |
| lr                    | 0.001    |
| misc/nupdates         | 1.04e+03 |
| misc/serial_timesteps | 4.26e+06 |
| misc/time_elapsed     | 754      |
| misc/total_timesteps  | 4.26e+06 |
| ratio_max             | 3.17     |
| ratio_min             | 0.168    |
| ret_avg               | 0.469    |
| ret_max               | 0.626    |
| ret_med               | 0.502    |
| ret_min               | -2.6     |
| ret_var               | 0.0349   |
------------------------------------
------------------------------------
| action_max            | 14       |
| action_min            | 0        |
| adv_avg               | -2.61    |
| adv_max               | -1.46    |
| adv_med               | -2.61    |
| adv_min               | -2.81    |
| adv_var               | 0.0022   |
| clipfrac              | 0.23     |
| curr_lr               | 0.001    |
| entropy               | 0.412    |
| eplenmean             | 72.5     |
| eprewmean             | 9.9      |
| fps                   | 5.73e+03 |
| grad_norm             | 0.327    |
| kl                    | 0.0461   |
| loss_pi               | -0.0219  |
| loss_v                | 0.000878 |
| lr                    | 0.001    |
| misc/nupdates         | 1.05e+03 |
| misc/serial_timesteps | 4.3e+06  |
| misc/time_elapsed     | 761      |
| misc/total_timesteps  | 4.3e+06  |
| ratio_max             | 17.6     |
| ratio_min             | 0.105    |
| ret_avg               | 0.457    |
| ret_max               | 0.609    |
| ret_med               | 0.479    |
| ret_min               | 0.15     |
| ret_var               | 0.0105   |
------------------------------------
------------------------------------
| action_max            | 14       |
| action_min            | 0        |
| adv_avg               | -2.63    |
| adv_max               | -2.43    |
| adv_med               | -2.63    |
| adv_min               | -2.85    |
| adv_var               | 0.000899 |
| clipfrac              | 0.236    |
| curr_lr               | 0.001    |
| entropy               | 0.432    |
| eplenmean             | 72.2     |
| eprewmean             | 10       |
| fps                   | 6.07e+03 |
| grad_norm             | 0.327    |
| kl                    | 0.0591   |
| loss_pi               | -0.0433  |
| loss_v                | 0.000688 |
| lr                    | 0.001    |
| misc/nupdates         | 1.06e+03 |
| misc/serial_timesteps | 4.34e+06 |
| misc/time_elapsed     | 768      |
| misc/total_timesteps  | 4.34e+06 |
| ratio_max             | 3.46     |
| ratio_min             | 0.0791   |
| ret_avg               | 0.456    |
| ret_max               | 0.619    |
| ret_med               | 0.467    |
| ret_min               | 0.198    |
| ret_var               | 0.00844  |
------------------------------------
------------------------------------
| action_max            | 14       |
| action_min            | 0        |
| adv_avg               | -2.65    |
| adv_max               | -2.37    |
| adv_med               | -2.65    |
| adv_min               | -2.86    |
| adv_var               | 0.00248  |
| clipfrac              | 0.217    |
| curr_lr               | 0.001    |
| entropy               | 0.379    |
| eplenmean             | 68.6     |
| eprewmean             | 9.9      |
| fps                   | 5.51e+03 |
| grad_norm             | 0.694    |
| kl                    | 0.0618   |
| loss_pi               | -0.0321  |
| loss_v                | 0.00123  |
| lr                    | 0.001    |
| misc/nupdates         | 1.07e+03 |
| misc/serial_timesteps | 4.38e+06 |
| misc/time_elapsed     | 775      |
| misc/total_timesteps  | 4.38e+06 |
| ratio_max             | 2.25     |
| ratio_min             | 0.0125   |
| ret_avg               | 0.459    |
| ret_max               | 0.674    |
| ret_med               | 0.473    |
| ret_min               | 0.217    |
| ret_var               | 0.00903  |
------------------------------------
------------------------------------
| action_max            | 14       |
| action_min            | 0        |
| adv_avg               | -2.65    |
| adv_max               | -0.818   |
| adv_med               | -2.65    |
| adv_min               | -2.94    |
| adv_var               | 0.0055   |
| clipfrac              | 0.238    |
| curr_lr               | 0.001    |
| entropy               | 0.422    |
| eplenmean             | 64.8     |
| eprewmean             | 9.9      |
| fps                   | 5.88e+03 |
| grad_norm             | 0.381    |
| kl                    | 0.0712   |
| loss_pi               | -0.0328  |
| loss_v                | 0.00177  |
| lr                    | 0.001    |
| misc/nupdates         | 1.08e+03 |
| misc/serial_timesteps | 4.42e+06 |
| misc/time_elapsed     | 782      |
| misc/total_timesteps  | 4.42e+06 |
| ratio_max             | 7.64     |
| ratio_min             | 0.0299   |
| ret_avg               | 0.459    |
| ret_max               | 0.6      |
| ret_med               | 0.491    |
| ret_min               | 0.0669   |
| ret_var               | 0.0132   |
------------------------------------
------------------------------------
| action_max            | 14       |
| action_min            | 0        |
| adv_avg               | -2.68    |
| adv_max               | -1.21    |
| adv_med               | -2.67    |
| adv_min               | -5.6     |
| adv_var               | 0.0261   |
| clipfrac              | 0.186    |
| curr_lr               | 0.001    |
| entropy               | 0.48     |
| eplenmean             | 67.8     |
| eprewmean             | 9.8      |
| fps                   | 5.93e+03 |
| grad_norm             | 0.298    |
| kl                    | 0.0255   |
| loss_pi               | -0.0246  |
| loss_v                | 0.00456  |
| lr                    | 0.001    |
| misc/nupdates         | 1.09e+03 |
| misc/serial_timesteps | 4.46e+06 |
| misc/time_elapsed     | 790      |
| misc/total_timesteps  | 4.46e+06 |
| ratio_max             | 3.09     |
| ratio_min             | 0.0406   |
| ret_avg               | 0.434    |
| ret_max               | 0.638    |
| ret_med               | 0.463    |
| ret_min               | -2.67    |
| ret_var               | 0.0379   |
------------------------------------
------------------------------------
| action_max            | 14       |
| action_min            | 0        |
| adv_avg               | -2.68    |
| adv_max               | -0.867   |
| adv_med               | -2.68    |
| adv_min               | -3.04    |
| adv_var               | 0.00527  |
| clipfrac              | 0.275    |
| curr_lr               | 0.001    |
| entropy               | 0.515    |
| eplenmean             | 69.7     |
| eprewmean             | 10       |
| fps                   | 5.85e+03 |
| grad_norm             | 0.33     |
| kl                    | 0.0599   |
| loss_pi               | -0.0427  |
| loss_v                | 0.00155  |
| lr                    | 0.001    |
| misc/nupdates         | 1.1e+03  |
| misc/serial_timesteps | 4.51e+06 |
| misc/time_elapsed     | 797      |
| misc/total_timesteps  | 4.51e+06 |
| ratio_max             | 3.51     |
| ratio_min             | 0.0353   |
| ret_avg               | 0.412    |
| ret_max               | 0.589    |
| ret_med               | 0.463    |
| ret_min               | -0.102   |
| ret_var               | 0.0251   |
------------------------------------
------------------------------------
| action_max            | 14       |
| action_min            | 0        |
| adv_avg               | -2.69    |
| adv_max               | -2.17    |
| adv_med               | -2.69    |
| adv_min               | -5.55    |
| adv_var               | 0.0188   |
| clipfrac              | 0.207    |
| curr_lr               | 0.001    |
| entropy               | 0.53     |
| eplenmean             | 64.5     |
| eprewmean             | 9.9      |
| fps                   | 5.71e+03 |
| grad_norm             | 0.279    |
| kl                    | 0.0288   |
| loss_pi               | -0.0237  |
| loss_v                | 0.0101   |
| lr                    | 0.001    |
| misc/nupdates         | 1.11e+03 |
| misc/serial_timesteps | 4.55e+06 |
| misc/time_elapsed     | 804      |
| misc/total_timesteps  | 4.55e+06 |
| ratio_max             | 2.42     |
| ratio_min             | 0.0416   |
| ret_avg               | 0.42     |
| ret_max               | 0.591    |
| ret_med               | 0.453    |
| ret_min               | -2.72    |
| ret_var               | 0.0536   |
------------------------------------
------------------------------------
| action_max            | 14       |
| action_min            | 0        |
| adv_avg               | -2.69    |
| adv_max               | -2.31    |
| adv_med               | -2.7     |
| adv_min               | -2.98    |
| adv_var               | 0.00685  |
| clipfrac              | 0.291    |
| curr_lr               | 0.001    |
| entropy               | 0.513    |
| eplenmean             | 65.7     |
| eprewmean             | 9.7      |
| fps                   | 5.85e+03 |
| grad_norm             | 0.32     |
| kl                    | 0.0723   |
| loss_pi               | -0.0489  |
| loss_v                | 0.00199  |
| lr                    | 0.001    |
| misc/nupdates         | 1.12e+03 |
| misc/serial_timesteps | 4.59e+06 |
| misc/time_elapsed     | 811      |
| misc/total_timesteps  | 4.59e+06 |
| ratio_max             | 7.95     |
| ratio_min             | 0.0951   |
| ret_avg               | 0.428    |
| ret_max               | 0.64     |
| ret_med               | 0.441    |
| ret_min               | 0.128    |
| ret_var               | 0.0111   |
------------------------------------
------------------------------------
| action_max            | 14       |
| action_min            | 0        |
| adv_avg               | -2.71    |
| adv_max               | -2.25    |
| adv_med               | -2.71    |
| adv_min               | -2.92    |
| adv_var               | 0.00236  |
| clipfrac              | 0.291    |
| curr_lr               | 0.001    |
| entropy               | 0.52     |
| eplenmean             | 67.4     |
| eprewmean             | 10       |
| fps                   | 5.84e+03 |
| grad_norm             | 0.262    |
| kl                    | 0.0684   |
| loss_pi               | -0.0475  |
| loss_v                | 0.00141  |
| lr                    | 0.001    |
| misc/nupdates         | 1.13e+03 |
| misc/serial_timesteps | 4.63e+06 |
| misc/time_elapsed     | 818      |
| misc/total_timesteps  | 4.63e+06 |
| ratio_max             | 4.99     |
| ratio_min             | 0.0103   |
| ret_avg               | 0.426    |
| ret_max               | 0.582    |
| ret_med               | 0.449    |
| ret_min               | 0.068    |
| ret_var               | 0.0156   |
------------------------------------
------------------------------------
| action_max            | 14       |
| action_min            | 0        |
| adv_avg               | -2.73    |
| adv_max               | -2.22    |
| adv_med               | -2.73    |
| adv_min               | -5.58    |
| adv_var               | 0.0205   |
| clipfrac              | 0.229    |
| curr_lr               | 0.001    |
| entropy               | 0.507    |
| eplenmean             | 63.6     |
| eprewmean             | 9.8      |
| fps                   | 5.86e+03 |
| grad_norm             | 0.286    |
| kl                    | 0.0409   |
| loss_pi               | -0.0255  |
| loss_v                | 0.03     |
| lr                    | 0.001    |
| misc/nupdates         | 1.14e+03 |
| misc/serial_timesteps | 4.67e+06 |
| misc/time_elapsed     | 825      |
| misc/total_timesteps  | 4.67e+06 |
| ratio_max             | 9.55     |
| ratio_min             | 0.00454  |
| ret_avg               | 0.399    |
| ret_max               | 0.602    |
| ret_med               | 0.451    |
| ret_min               | -2.74    |
| ret_var               | 0.06     |
------------------------------------
------------------------------------
| action_max            | 14       |
| action_min            | 0        |
| adv_avg               | -2.76    |
| adv_max               | -2.41    |
| adv_med               | -2.75    |
| adv_min               | -5.74    |
| adv_var               | 0.0207   |
| clipfrac              | 0.193    |
| curr_lr               | 0.001    |
| entropy               | 0.489    |
| eplenmean             | 66       |
| eprewmean             | 9.9      |
| fps                   | 5.73e+03 |
| grad_norm             | 0.318    |
| kl                    | 0.0412   |
| loss_pi               | -0.0246  |
| loss_v                | 0.0128   |
| lr                    | 0.001    |
| misc/nupdates         | 1.15e+03 |
| misc/serial_timesteps | 4.71e+06 |
| misc/time_elapsed     | 832      |
| misc/total_timesteps  | 4.71e+06 |
| ratio_max             | 3.92     |
| ratio_min             | 0.00255  |
| ret_avg               | 0.419    |
| ret_max               | 0.59     |
| ret_med               | 0.451    |
| ret_min               | -2.75    |
| ret_var               | 0.0448   |
------------------------------------
------------------------------------
| action_max            | 14       |
| action_min            | 0        |
| adv_avg               | -2.76    |
| adv_max               | -0.979   |
| adv_med               | -2.76    |
| adv_min               | -5.71    |
| adv_var               | 0.0253   |
| clipfrac              | 0.199    |
| curr_lr               | 0.001    |
| entropy               | 0.477    |
| eplenmean             | 62.8     |
| eprewmean             | 9.8      |
| fps                   | 5.88e+03 |
| grad_norm             | 1.15     |
| kl                    | 0.0523   |
| loss_pi               | -0.017   |
| loss_v                | 0.00422  |
| lr                    | 0.001    |
| misc/nupdates         | 1.16e+03 |
| misc/serial_timesteps | 4.75e+06 |
| misc/time_elapsed     | 839      |
| misc/total_timesteps  | 4.75e+06 |
| ratio_max             | 3.04     |
| ratio_min             | 0.0574   |
| ret_avg               | 0.395    |
| ret_max               | 0.606    |
| ret_med               | 0.435    |
| ret_min               | -2.76    |
| ret_var               | 0.0407   |
------------------------------------
------------------------------------
| action_max            | 14       |
| action_min            | 0        |
| adv_avg               | -2.76    |
| adv_max               | -1.44    |
| adv_med               | -2.76    |
| adv_min               | -2.97    |
| adv_var               | 0.00225  |
| clipfrac              | 0.277    |
| curr_lr               | 0.001    |
| entropy               | 0.485    |
| eplenmean             | 63.5     |
| eprewmean             | 10       |
| fps                   | 5.71e+03 |
| grad_norm             | 0.336    |
| kl                    | 0.0703   |
| loss_pi               | -0.0425  |
| loss_v                | 0.00111  |
| lr                    | 0.001    |
| misc/nupdates         | 1.17e+03 |
| misc/serial_timesteps | 4.79e+06 |
| misc/time_elapsed     | 846      |
| misc/total_timesteps  | 4.79e+06 |
| ratio_max             | 7.68     |
| ratio_min             | 0.00294  |
| ret_avg               | 0.427    |
| ret_max               | 0.585    |
| ret_med               | 0.446    |
| ret_min               | 0.111    |
| ret_var               | 0.0118   |
------------------------------------
------------------------------------
| action_max            | 14       |
| action_min            | 0        |
| adv_avg               | -2.79    |
| adv_max               | -2.51    |
| adv_med               | -2.79    |
| adv_min               | -2.97    |
| adv_var               | 0.00108  |
| clipfrac              | 0.268    |
| curr_lr               | 0.001    |
| entropy               | 0.409    |
| eplenmean             | 72.7     |
| eprewmean             | 10       |
| fps                   | 5.96e+03 |
| grad_norm             | 0.238    |
| kl                    | 0.0828   |
| loss_pi               | -0.0389  |
| loss_v                | 0.000959 |
| lr                    | 0.001    |
| misc/nupdates         | 1.18e+03 |
| misc/serial_timesteps | 4.83e+06 |
| misc/time_elapsed     | 853      |
| misc/total_timesteps  | 4.83e+06 |
| ratio_max             | 9.15     |
| ratio_min             | 0.0421   |
| ret_avg               | 0.45     |
| ret_max               | 0.576    |
| ret_med               | 0.461    |
| ret_min               | 0.149    |
| ret_var               | 0.00769  |
------------------------------------
------------------------------------
| action_max            | 14       |
| action_min            | 0        |
| adv_avg               | -2.81    |
| adv_max               | -1.76    |
| adv_med               | -2.8     |
| adv_min               | -5.87    |
| adv_var               | 0.0308   |
| clipfrac              | 0.18     |
| curr_lr               | 0.001    |
| entropy               | 0.402    |
| eplenmean             | 66.4     |
| eprewmean             | 9.8      |
| fps                   | 5.82e+03 |
| grad_norm             | 0.415    |
| kl                    | 0.0421   |
| loss_pi               | -0.0153  |
| loss_v                | 0.0203   |
| lr                    | 0.001    |
| misc/nupdates         | 1.19e+03 |
| misc/serial_timesteps | 4.87e+06 |
| misc/time_elapsed     | 861      |
| misc/total_timesteps  | 4.87e+06 |
| ratio_max             | 9.86     |
| ratio_min             | 0.109    |
| ret_avg               | 0.379    |
| ret_max               | 0.575    |
| ret_med               | 0.424    |
| ret_min               | -2.8     |
| ret_var               | 0.0515   |
------------------------------------
------------------------------------
| action_max            | 14       |
| action_min            | 0        |
| adv_avg               | -2.81    |
| adv_max               | -2.46    |
| adv_med               | -2.82    |
| adv_min               | -2.99    |
| adv_var               | 0.00283  |
| clipfrac              | 0.236    |
| curr_lr               | 0.001    |
| entropy               | 0.463    |
| eplenmean             | 69.9     |
| eprewmean             | 9.9      |
| fps                   | 5.93e+03 |
| grad_norm             | 0.373    |
| kl                    | 0.0643   |
| loss_pi               | -0.0329  |
| loss_v                | 0.00132  |
| lr                    | 0.001    |
| misc/nupdates         | 1.2e+03  |
| misc/serial_timesteps | 4.92e+06 |
| misc/time_elapsed     | 868      |
| misc/total_timesteps  | 4.92e+06 |
| ratio_max             | 11.2     |
| ratio_min             | 0.0751   |
| ret_avg               | 0.451    |
| ret_max               | 0.613    |
| ret_med               | 0.46     |
| ret_min               | 0.151    |
| ret_var               | 0.00708  |
------------------------------------
------------------------------------
| action_max            | 14       |
| action_min            | 0        |
| adv_avg               | -2.81    |
| adv_max               | -1.89    |
| adv_med               | -2.81    |
| adv_min               | -3.07    |
| adv_var               | 0.00334  |
| clipfrac              | 0.217    |
| curr_lr               | 0.001    |
| entropy               | 0.413    |
| eplenmean             | 66.1     |
| eprewmean             | 9.8      |
| fps                   | 5.8e+03  |
| grad_norm             | 0.431    |
| kl                    | 0.0492   |
| loss_pi               | -0.0412  |
| loss_v                | 0.00157  |
| lr                    | 0.001    |
| misc/nupdates         | 1.21e+03 |
| misc/serial_timesteps | 4.96e+06 |
| misc/time_elapsed     | 875      |
| misc/total_timesteps  | 4.96e+06 |
| ratio_max             | 3.88     |
| ratio_min             | 0.0618   |
| ret_avg               | 0.392    |
| ret_max               | 0.605    |
| ret_med               | 0.409    |
| ret_min               | -0.00943 |
| ret_var               | 0.0162   |
------------------------------------
------------------------------------
| action_max            | 14       |
| action_min            | 0        |
| adv_avg               | -2.83    |
| adv_max               | -2.2     |
| adv_med               | -2.84    |
| adv_min               | -2.99    |
| adv_var               | 0.00172  |
| clipfrac              | 0.312    |
| curr_lr               | 0.001    |
| entropy               | 0.513    |
| eplenmean             | 63.9     |
| eprewmean             | 10       |
| fps                   | 5.85e+03 |
| grad_norm             | 0.29     |
| kl                    | 0.0829   |
| loss_pi               | -0.0426  |
| loss_v                | 0.00141  |
| lr                    | 0.001    |
| misc/nupdates         | 1.22e+03 |
| misc/serial_timesteps | 5e+06    |
| misc/time_elapsed     | 882      |
| misc/total_timesteps  | 5e+06    |
| ratio_max             | 8.8      |
| ratio_min             | 0.0388   |
| ret_avg               | 0.434    |
| ret_max               | 0.587    |
| ret_med               | 0.452    |
| ret_min               | 0.106    |
| ret_var               | 0.0105   |
------------------------------------
------------------------------------
| action_max            | 14       |
| action_min            | 0        |
| adv_avg               | -2.84    |
| adv_max               | -2.44    |
| adv_med               | -2.84    |
| adv_min               | -3.08    |
| adv_var               | 0.00277  |
| clipfrac              | 0.285    |
| curr_lr               | 0.001    |
| entropy               | 0.518    |
| eplenmean             | 66.7     |
| eprewmean             | 9.9      |
| fps                   | 5.95e+03 |
| grad_norm             | 0.286    |
| kl                    | 0.0853   |
| loss_pi               | -0.0453  |
| loss_v                | 0.00129  |
| lr                    | 0.001    |
| misc/nupdates         | 1.23e+03 |
| misc/serial_timesteps | 5.04e+06 |
| misc/time_elapsed     | 889      |
| misc/total_timesteps  | 5.04e+06 |
| ratio_max             | 3.76     |
| ratio_min             | 0.0124   |
| ret_avg               | 0.413    |
| ret_max               | 0.567    |
| ret_med               | 0.423    |
| ret_min               | 0.126    |
| ret_var               | 0.0113   |
------------------------------------
------------------------------------
| action_max            | 14       |
| action_min            | 0        |
| adv_avg               | -2.87    |
| adv_max               | -2.4     |
| adv_med               | -2.86    |
| adv_min               | -5.86    |
| adv_var               | 0.021    |
| clipfrac              | 0.215    |
| curr_lr               | 0.001    |
| entropy               | 0.443    |
| eplenmean             | 62.2     |
| eprewmean             | 9.9      |
| fps                   | 5.88e+03 |
| grad_norm             | 0.28     |
| kl                    | 0.044    |
| loss_pi               | -0.0224  |
| loss_v                | 0.00976  |
| lr                    | 0.001    |
| misc/nupdates         | 1.24e+03 |
| misc/serial_timesteps | 5.08e+06 |
| misc/time_elapsed     | 896      |
| misc/total_timesteps  | 5.08e+06 |
| ratio_max             | 2.05     |
| ratio_min             | 0.00922  |
| ret_avg               | 0.409    |
| ret_max               | 0.566    |
| ret_med               | 0.446    |
| ret_min               | -2.87    |
| ret_var               | 0.0397   |
------------------------------------
------------------------------------
| action_max            | 14       |
| action_min            | 0        |
| adv_avg               | -2.9     |
| adv_max               | -2.58    |
| adv_med               | -2.87    |
| adv_min               | -5.97    |
| adv_var               | 0.0451   |
| clipfrac              | 0.164    |
| curr_lr               | 0.001    |
| entropy               | 0.465    |
| eplenmean             | 65.5     |
| eprewmean             | 9.8      |
| fps                   | 5.55e+03 |
| grad_norm             | 0.23     |
| kl                    | 0.0268   |
| loss_pi               | -0.0226  |
| loss_v                | 0.0393   |
| lr                    | 0.001    |
| misc/nupdates         | 1.25e+03 |
| misc/serial_timesteps | 5.12e+06 |
| misc/time_elapsed     | 903      |
| misc/total_timesteps  | 5.12e+06 |
| ratio_max             | 2.37     |
| ratio_min             | 0.000505 |
| ret_avg               | 0.395    |
| ret_max               | 0.608    |
| ret_med               | 0.438    |
| ret_min               | -2.88    |
| ret_var               | 0.0647   |
------------------------------------
------------------------------------
| action_max            | 14       |
| action_min            | 0        |
| adv_avg               | -2.9     |
| adv_max               | -2.28    |
| adv_med               | -2.89    |
| adv_min               | -6.13    |
| adv_var               | 0.024    |
| clipfrac              | 0.207    |
| curr_lr               | 0.001    |
| entropy               | 0.38     |
| eplenmean             | 62.2     |
| eprewmean             | 9.9      |
| fps                   | 5.63e+03 |
| grad_norm             | 0.642    |
| kl                    | 0.062    |
| loss_pi               | -0.0192  |
| loss_v                | 0.0118   |
| lr                    | 0.001    |
| misc/nupdates         | 1.26e+03 |
| misc/serial_timesteps | 5.16e+06 |
| misc/time_elapsed     | 911      |
| misc/total_timesteps  | 5.16e+06 |
| ratio_max             | 9.31     |
| ratio_min             | 0.00952  |
| ret_avg               | 0.407    |
| ret_max               | 0.562    |
| ret_med               | 0.449    |
| ret_min               | -2.89    |
| ret_var               | 0.0427   |
------------------------------------
------------------------------------
| action_max            | 14       |
| action_min            | 0        |
| adv_avg               | -2.91    |
| adv_max               | -2.55    |
| adv_med               | -2.89    |
| adv_min               | -6.22    |
| adv_var               | 0.028    |
| clipfrac              | 0.199    |
| curr_lr               | 0.001    |
| entropy               | 0.466    |
| eplenmean             | 64.7     |
| eprewmean             | 9.9      |
| fps                   | 5.54e+03 |
| grad_norm             | 0.322    |
| kl                    | 0.0534   |
| loss_pi               | -0.00813 |
| loss_v                | 0.0201   |
| lr                    | 0.001    |
| misc/nupdates         | 1.27e+03 |
| misc/serial_timesteps | 5.2e+06  |
| misc/time_elapsed     | 918      |
| misc/total_timesteps  | 5.2e+06  |
| ratio_max             | 3.95     |
| ratio_min             | 0.00747  |
| ret_avg               | 0.408    |
| ret_max               | 0.578    |
| ret_med               | 0.445    |
| ret_min               | -2.9     |
| ret_var               | 0.0397   |
------------------------------------
------------------------------------
| action_max            | 14       |
| action_min            | 0        |
| adv_avg               | -2.91    |
| adv_max               | -0.994   |
| adv_med               | -2.91    |
| adv_min               | -3.13    |
| adv_var               | 0.00302  |
| clipfrac              | 0.271    |
| curr_lr               | 0.001    |
| entropy               | 0.509    |
| eplenmean             | 65.8     |
| eprewmean             | 10       |
| fps                   | 5.58e+03 |
| grad_norm             | 0.448    |
| kl                    | 0.0722   |
| loss_pi               | -0.0431  |
| loss_v                | 0.00198  |
| lr                    | 0.001    |
| misc/nupdates         | 1.28e+03 |
| misc/serial_timesteps | 5.24e+06 |
| misc/time_elapsed     | 926      |
| misc/total_timesteps  | 5.24e+06 |
| ratio_max             | 7.74     |
| ratio_min             | 0.018    |
| ret_avg               | 0.422    |
| ret_max               | 0.603    |
| ret_med               | 0.439    |
| ret_min               | 0.137    |
| ret_var               | 0.00988  |
------------------------------------
------------------------------------
| action_max            | 14       |
| action_min            | 0        |
| adv_avg               | -2.94    |
| adv_max               | -2.6     |
| adv_med               | -2.92    |
| adv_min               | -6.22    |
| adv_var               | 0.0548   |
| clipfrac              | 0.176    |
| curr_lr               | 0.001    |
| entropy               | 0.381    |
| eplenmean             | 59.4     |
| eprewmean             | 9.8      |
| fps                   | 5.54e+03 |
| grad_norm             | 0.313    |
| kl                    | 0.0374   |
| loss_pi               | -0.017   |
| loss_v                | 0.0216   |
| lr                    | 0.001    |
| misc/nupdates         | 1.29e+03 |
| misc/serial_timesteps | 5.28e+06 |
| misc/time_elapsed     | 933      |
| misc/total_timesteps  | 5.28e+06 |
| ratio_max             | 1.92     |
| ratio_min             | 3e-05    |
| ret_avg               | 0.372    |
| ret_max               | 0.607    |
| ret_med               | 0.412    |
| ret_min               | -2.93    |
| ret_var               | 0.0726   |
------------------------------------
------------------------------------
| action_max            | 14       |
| action_min            | 0        |
| adv_avg               | -2.93    |
| adv_max               | -1.13    |
| adv_med               | -2.94    |
| adv_min               | -3.25    |
| adv_var               | 0.00787  |
| clipfrac              | 0.334    |
| curr_lr               | 0.001    |
| entropy               | 0.535    |
| eplenmean             | 62.1     |
| eprewmean             | 9.8      |
| fps                   | 5.74e+03 |
| grad_norm             | 0.318    |
| kl                    | 0.129    |
| loss_pi               | -0.0493  |
| loss_v                | 0.00195  |
| lr                    | 0.001    |
| misc/nupdates         | 1.3e+03  |
| misc/serial_timesteps | 5.32e+06 |
| misc/time_elapsed     | 940      |
| misc/total_timesteps  | 5.32e+06 |
| ratio_max             | 54.3     |
| ratio_min             | 0.0767   |
| ret_avg               | 0.395    |
| ret_max               | 0.555    |
| ret_med               | 0.401    |
| ret_min               | 0.0782   |
| ret_var               | 0.0099   |
------------------------------------
------------------------------------
| action_max            | 14       |
| action_min            | 0        |
| adv_avg               | -2.96    |
| adv_max               | -1.28    |
| adv_med               | -2.94    |
| adv_min               | -6.22    |
| adv_var               | 0.0293   |
| clipfrac              | 0.207    |
| curr_lr               | 0.001    |
| entropy               | 0.525    |
| eplenmean             | 63       |
| eprewmean             | 9.9      |
| fps                   | 5.85e+03 |
| grad_norm             | 0.569    |
| kl                    | 0.0474   |
| loss_pi               | -0.0223  |
| loss_v                | 0.00424  |
| lr                    | 0.001    |
| misc/nupdates         | 1.31e+03 |
| misc/serial_timesteps | 5.37e+06 |
| misc/time_elapsed     | 948      |
| misc/total_timesteps  | 5.37e+06 |
| ratio_max             | 11.2     |
| ratio_min             | 0.096    |
| ret_avg               | 0.394    |
| ret_max               | 0.561    |
| ret_med               | 0.432    |
| ret_min               | -2.95    |
| ret_var               | 0.0473   |
------------------------------------
------------------------------------
| action_max            | 14       |
| action_min            | 0        |
| adv_avg               | -2.96    |
| adv_max               | -2.41    |
| adv_med               | -2.96    |
| adv_min               | -6.32    |
| adv_var               | 0.0275   |
| clipfrac              | 0.25     |
| curr_lr               | 0.001    |
| entropy               | 0.453    |
| eplenmean             | 64.3     |
| eprewmean             | 9.7      |
| fps                   | 5.78e+03 |
| grad_norm             | 0.441    |
| kl                    | 0.0481   |
| loss_pi               | -0.0222  |
| loss_v                | 0.0311   |
| lr                    | 0.001    |
| misc/nupdates         | 1.32e+03 |
| misc/serial_timesteps | 5.41e+06 |
| misc/time_elapsed     | 955      |
| misc/total_timesteps  | 5.41e+06 |
| ratio_max             | 9.99     |
| ratio_min             | 0.0161   |
| ret_avg               | 0.403    |
| ret_max               | 0.575    |
| ret_med               | 0.447    |
| ret_min               | -2.97    |
| ret_var               | 0.0401   |
------------------------------------
------------------------------------
| action_max            | 14       |
| action_min            | 0        |
| adv_avg               | -2.99    |
| adv_max               | -2.62    |
| adv_med               | -2.98    |
| adv_min               | -6.43    |
| adv_var               | 0.0287   |
| clipfrac              | 0.148    |
| curr_lr               | 0.001    |
| entropy               | 0.389    |
| eplenmean             | 66       |
| eprewmean             | 9.9      |
| fps                   | 5.88e+03 |
| grad_norm             | 0.299    |
| kl                    | 0.0282   |
| loss_pi               | -0.0149  |
| loss_v                | 0.018    |
| lr                    | 0.001    |
| misc/nupdates         | 1.33e+03 |
| misc/serial_timesteps | 5.45e+06 |
| misc/time_elapsed     | 962      |
| misc/total_timesteps  | 5.45e+06 |
| ratio_max             | 2.76     |
| ratio_min             | 0.0403   |
| ret_avg               | 0.414    |
| ret_max               | 0.551    |
| ret_med               | 0.442    |
| ret_min               | -2.98    |
| ret_var               | 0.0381   |
------------------------------------
------------------------------------
| action_max            | 14       |
| action_min            | 0        |
| adv_avg               | -2.98    |
| adv_max               | -1.2     |
| adv_med               | -2.98    |
| adv_min               | -5.69    |
| adv_var               | 0.0243   |
| clipfrac              | 0.225    |
| curr_lr               | 0.001    |
| entropy               | 0.466    |
| eplenmean             | 70.6     |
| eprewmean             | 9.6      |
| fps                   | 5.76e+03 |
| grad_norm             | 0.287    |
| kl                    | 0.0515   |
| loss_pi               | -0.0307  |
| loss_v                | 0.0182   |
| lr                    | 0.001    |
| misc/nupdates         | 1.34e+03 |
| misc/serial_timesteps | 5.49e+06 |
| misc/time_elapsed     | 969      |
| misc/total_timesteps  | 5.49e+06 |
| ratio_max             | 18.4     |
| ratio_min             | 0.00147  |
| ret_avg               | 0.371    |
| ret_max               | 0.552    |
| ret_med               | 0.402    |
| ret_min               | -2.99    |
| ret_var               | 0.0493   |
------------------------------------
------------------------------------
| action_max            | 14       |
| action_min            | 0        |
| adv_avg               | -3       |
| adv_max               | -2.81    |
| adv_med               | -3       |
| adv_min               | -3.21    |
| adv_var               | 0.00108  |
| clipfrac              | 0.246    |
| curr_lr               | 0.001    |
| entropy               | 0.406    |
| eplenmean             | 63.5     |
| eprewmean             | 10       |
| fps                   | 5.85e+03 |
| grad_norm             | 0.32     |
| kl                    | 0.0786   |
| loss_pi               | -0.0375  |
| loss_v                | 0.000843 |
| lr                    | 0.001    |
| misc/nupdates         | 1.35e+03 |
| misc/serial_timesteps | 5.53e+06 |
| misc/time_elapsed     | 976      |
| misc/total_timesteps  | 5.53e+06 |
| ratio_max             | 13.1     |
| ratio_min             | 0.00903  |
| ret_avg               | 0.421    |
| ret_max               | 0.61     |
| ret_med               | 0.44     |
| ret_min               | 0.0741   |
| ret_var               | 0.00892  |
------------------------------------
------------------------------------
| action_max            | 14       |
| action_min            | 0        |
| adv_avg               | -3.02    |
| adv_max               | -2.41    |
| adv_med               | -3.01    |
| adv_min               | -6.34    |
| adv_var               | 0.0335   |
| clipfrac              | 0.232    |
| curr_lr               | 0.001    |
| entropy               | 0.454    |
| eplenmean             | 69.4     |
| eprewmean             | 9.8      |
| fps                   | 5.76e+03 |
| grad_norm             | 0.357    |
| kl                    | 0.0453   |
| loss_pi               | -0.0244  |
| loss_v                | 0.0382   |
| lr                    | 0.001    |
| misc/nupdates         | 1.36e+03 |
| misc/serial_timesteps | 5.57e+06 |
| misc/time_elapsed     | 983      |
| misc/total_timesteps  | 5.57e+06 |
| ratio_max             | 6.67     |
| ratio_min             | 0.000375 |
| ret_avg               | 0.387    |
| ret_max               | 0.557    |
| ret_med               | 0.43     |
| ret_min               | -3.01    |
| ret_var               | 0.0422   |
------------------------------------
------------------------------------
| action_max            | 14       |
| action_min            | 0        |
| adv_avg               | -3.02    |
| adv_max               | -2.64    |
| adv_med               | -3.02    |
| adv_min               | -3.21    |
| adv_var               | 0.00203  |
| clipfrac              | 0.277    |
| curr_lr               | 0.001    |
| entropy               | 0.434    |
| eplenmean             | 62.9     |
| eprewmean             | 10       |
| fps                   | 5.76e+03 |
| grad_norm             | 0.38     |
| kl                    | 0.0813   |
| loss_pi               | -0.0394  |
| loss_v                | 0.00147  |
| lr                    | 0.001    |
| misc/nupdates         | 1.37e+03 |
| misc/serial_timesteps | 5.61e+06 |
| misc/time_elapsed     | 990      |
| misc/total_timesteps  | 5.61e+06 |
| ratio_max             | 16.9     |
| ratio_min             | 0.00124  |
| ret_avg               | 0.397    |
| ret_max               | 0.545    |
| ret_med               | 0.426    |
| ret_min               | 0.00808  |
| ret_var               | 0.0149   |
------------------------------------
------------------------------------
| action_max            | 14       |
| action_min            | 0        |
| adv_avg               | -3.03    |
| adv_max               | -2.67    |
| adv_med               | -3.03    |
| adv_min               | -3.24    |
| adv_var               | 0.0013   |
| clipfrac              | 0.256    |
| curr_lr               | 0.001    |
| entropy               | 0.38     |
| eplenmean             | 69       |
| eprewmean             | 9.9      |
| fps                   | 5.65e+03 |
| grad_norm             | 0.343    |
| kl                    | 0.0943   |
| loss_pi               | -0.0388  |
| loss_v                | 0.000912 |
| lr                    | 0.001    |
| misc/nupdates         | 1.38e+03 |
| misc/serial_timesteps | 5.65e+06 |
| misc/time_elapsed     | 997      |
| misc/total_timesteps  | 5.65e+06 |
| ratio_max             | 9.08     |
| ratio_min             | 0.00202  |
| ret_avg               | 0.403    |
| ret_max               | 0.544    |
| ret_med               | 0.428    |
| ret_min               | 0.123    |
| ret_var               | 0.0113   |
------------------------------------
------------------------------------
| action_max            | 14       |
| action_min            | 0        |
| adv_avg               | -3.04    |
| adv_max               | -2.74    |
| adv_med               | -3.04    |
| adv_min               | -3.25    |
| adv_var               | 0.00205  |
| clipfrac              | 0.244    |
| curr_lr               | 0.001    |
| entropy               | 0.428    |
| eplenmean             | 70.9     |
| eprewmean             | 10       |
| fps                   | 5.51e+03 |
| grad_norm             | 0.395    |
| kl                    | 0.0824   |
| loss_pi               | -0.0462  |
| loss_v                | 0.00176  |
| lr                    | 0.001    |
| misc/nupdates         | 1.39e+03 |
| misc/serial_timesteps | 5.69e+06 |
| misc/time_elapsed     | 1e+03    |
| misc/total_timesteps  | 5.69e+06 |
| ratio_max             | 8.09     |
| ratio_min             | 0.000428 |
| ret_avg               | 0.384    |
| ret_max               | 0.577    |
| ret_med               | 0.389    |
| ret_min               | 0.131    |
| ret_var               | 0.0105   |
------------------------------------
------------------------------------
| action_max            | 14       |
| action_min            | 0        |
| adv_avg               | -3.05    |
| adv_max               | -1.93    |
| adv_med               | -3.05    |
| adv_min               | -3.27    |
| adv_var               | 0.00397  |
| clipfrac              | 0.285    |
| curr_lr               | 0.001    |
| entropy               | 0.473    |
| eplenmean             | 61.3     |
| eprewmean             | 10       |
| fps                   | 5.47e+03 |
| grad_norm             | 0.368    |
| kl                    | 0.0667   |
| loss_pi               | -0.0503  |
| loss_v                | 0.00181  |
| lr                    | 0.001    |
| misc/nupdates         | 1.4e+03  |
| misc/serial_timesteps | 5.73e+06 |
| misc/time_elapsed     | 1.01e+03 |
| misc/total_timesteps  | 5.73e+06 |
| ratio_max             | 11.1     |
| ratio_min             | 0.0359   |
| ret_avg               | 0.375    |
| ret_max               | 0.572    |
| ret_med               | 0.402    |
| ret_min               | 0.102    |
| ret_var               | 0.0148   |
------------------------------------
------------------------------------
| action_max            | 14       |
| action_min            | 0        |
| adv_avg               | -3.07    |
| adv_max               | -2.27    |
| adv_med               | -3.06    |
| adv_min               | -6.56    |
| adv_var               | 0.0348   |
| clipfrac              | 0.207    |
| curr_lr               | 0.001    |
| entropy               | 0.49     |
| eplenmean             | 63.8     |
| eprewmean             | 9.9      |
| fps                   | 5.48e+03 |
| grad_norm             | 0.215    |
| kl                    | 0.0461   |
| loss_pi               | -0.012   |
| loss_v                | 0.0253   |
| lr                    | 0.001    |
| misc/nupdates         | 1.41e+03 |
| misc/serial_timesteps | 5.78e+06 |
| misc/time_elapsed     | 1.02e+03 |
| misc/total_timesteps  | 5.78e+06 |
| ratio_max             | 3.72     |
| ratio_min             | 0.0125   |
| ret_avg               | 0.389    |
| ret_max               | 0.622    |
| ret_med               | 0.425    |
| ret_min               | -3.07    |
| ret_var               | 0.0433   |
------------------------------------
------------------------------------
| action_max            | 14       |
| action_min            | 0        |
| adv_avg               | -3.06    |
| adv_max               | -1.97    |
| adv_med               | -3.07    |
| adv_min               | -3.26    |
| adv_var               | 0.00402  |
| clipfrac              | 0.275    |
| curr_lr               | 0.001    |
| entropy               | 0.484    |
| eplenmean             | 59.8     |
| eprewmean             | 9.9      |
| fps                   | 5.56e+03 |
| grad_norm             | 0.287    |
| kl                    | 0.0727   |
| loss_pi               | -0.0444  |
| loss_v                | 0.00121  |
| lr                    | 0.001    |
| misc/nupdates         | 1.42e+03 |
| misc/serial_timesteps | 5.82e+06 |
| misc/time_elapsed     | 1.03e+03 |
| misc/total_timesteps  | 5.82e+06 |
| ratio_max             | 12.1     |
| ratio_min             | 0.0362   |
| ret_avg               | 0.338    |
| ret_max               | 0.56     |
| ret_med               | 0.346    |
| ret_min               | 0.046    |
| ret_var               | 0.0176   |
------------------------------------
------------------------------------
| action_max            | 14       |
| action_min            | 0        |
| adv_avg               | -3.09    |
| adv_max               | -2.69    |
| adv_med               | -3.09    |
| adv_min               | -3.24    |
| adv_var               | 0.00129  |
| clipfrac              | 0.191    |
| curr_lr               | 0.001    |
| entropy               | 0.319    |
| eplenmean             | 63       |
| eprewmean             | 10       |
| fps                   | 5.59e+03 |
| grad_norm             | 0.319    |
| kl                    | 0.0794   |
| loss_pi               | -0.0248  |
| loss_v                | 0.000804 |
| lr                    | 0.001    |
| misc/nupdates         | 1.43e+03 |
| misc/serial_timesteps | 5.86e+06 |
| misc/time_elapsed     | 1.03e+03 |
| misc/total_timesteps  | 5.86e+06 |
| ratio_max             | 6.15     |
| ratio_min             | 0.00108  |
| ret_avg               | 0.411    |
| ret_max               | 0.562    |
| ret_med               | 0.429    |
| ret_min               | 0.129    |
| ret_var               | 0.00845  |
------------------------------------
------------------------------------
| action_max            | 14       |
| action_min            | 0        |
| adv_avg               | -3.1     |
| adv_max               | -2.29    |
| adv_med               | -3.11    |
| adv_min               | -3.47    |
| adv_var               | 0.00938  |
| clipfrac              | 0.244    |
| curr_lr               | 0.001    |
| entropy               | 0.459    |
| eplenmean             | 58.5     |
| eprewmean             | 9.7      |
| fps                   | 5.63e+03 |
| grad_norm             | 0.345    |
| kl                    | 0.0555   |
| loss_pi               | -0.0234  |
| loss_v                | 0.00233  |
| lr                    | 0.001    |
| misc/nupdates         | 1.44e+03 |
| misc/serial_timesteps | 5.9e+06  |
| misc/time_elapsed     | 1.04e+03 |
| misc/total_timesteps  | 5.9e+06  |
| ratio_max             | 3.95     |
| ratio_min             | 0.0923   |
| ret_avg               | 0.44     |
| ret_max               | 0.591    |
| ret_med               | 0.464    |
| ret_min               | 0.0744   |
| ret_var               | 0.00812  |
------------------------------------
------------------------------------
| action_max            | 14       |
| action_min            | 0        |
| adv_avg               | -3.12    |
| adv_max               | -2.47    |
| adv_med               | -3.12    |
| adv_min               | -4.43    |
| adv_var               | 0.0133   |
| clipfrac              | 0.238    |
| curr_lr               | 0.001    |
| entropy               | 0.473    |
| eplenmean             | 59.1     |
| eprewmean             | 9.8      |
| fps                   | 5.44e+03 |
| grad_norm             | 0.333    |
| kl                    | 0.0486   |
| loss_pi               | -0.0328  |
| loss_v                | 0.00564  |
| lr                    | 0.001    |
| misc/nupdates         | 1.45e+03 |
| misc/serial_timesteps | 5.94e+06 |
| misc/time_elapsed     | 1.05e+03 |
| misc/total_timesteps  | 5.94e+06 |
| ratio_max             | 6.18     |
| ratio_min             | 0.0804   |
| ret_avg               | 0.3      |
| ret_max               | 0.54     |
| ret_med               | 0.392    |
| ret_min               | -1.29    |
| ret_var               | 0.137    |
------------------------------------
------------------------------------
| action_max            | 14       |
| action_min            | 0        |
| adv_avg               | -3.13    |
| adv_max               | 0.117    |
| adv_med               | -3.12    |
| adv_min               | -6.27    |
| adv_var               | 0.0298   |
| clipfrac              | 0.201    |
| curr_lr               | 0.001    |
| entropy               | 0.535    |
| eplenmean             | 65.1     |
| eprewmean             | 9.9      |
| fps                   | 5.6e+03  |
| grad_norm             | 0.259    |
| kl                    | 0.0252   |
| loss_pi               | -0.0208  |
| loss_v                | 0.00935  |
| lr                    | 0.001    |
| misc/nupdates         | 1.46e+03 |
| misc/serial_timesteps | 5.98e+06 |
| misc/time_elapsed     | 1.06e+03 |
| misc/total_timesteps  | 5.98e+06 |
| ratio_max             | 6.45     |
| ratio_min             | 0.084    |
| ret_avg               | 0.382    |
| ret_max               | 0.536    |
| ret_med               | 0.41     |
| ret_min               | -3.13    |
| ret_var               | 0.0386   |
------------------------------------
