Setting seed: 3
Logging to logs/shared.adv.karzmarz_False.resnet.dropout_0.0.damping_0.5.lr_0.5/caveflyer-easy-0-10.20260721-045143_3
creating environment
Running on device: cuda:0
training...

Number of parameters: 938979.0

------------------------------------
| action_max            | 14       |
| action_min            | 0        |
| adv_avg               | -0.348   |
| adv_max               | 10.2     |
| adv_med               | -0.391   |
| adv_min               | -3.37    |
| adv_var               | 0.429    |
| clipfrac              | 0        |
| curr_lr               | 0.333    |
| entropy               | 2.66     |
| eplenmean             | 501      |
| eprewmean             | 1.41     |
| fps                   | 2.51e+03 |
| grad_norm             | 2.82     |
| kl                    | 0.00993  |
| loss_pi               | -0.0196  |
| loss_v                | 0.247    |
| lr                    | 0.333    |
| misc/nupdates         | 9        |
| misc/serial_timesteps | 4.1e+04  |
| misc/time_elapsed     | 17.1     |
| misc/total_timesteps  | 4.1e+04  |
| ratio_max             | 2        |
| ratio_min             | 0.451    |
| ret_avg               | 0.655    |
| ret_max               | 12.3     |
| ret_med               | 0.0128   |
| ret_min               | -0.389   |
| ret_var               | 1.7      |
------------------------------------
------------------------------------
| action_max            | 14       |
| action_min            | 0        |
| adv_avg               | -0.55    |
| adv_max               | 10       |
| adv_med               | -0.602   |
| adv_min               | -2.66    |
| adv_var               | 0.581    |
| clipfrac              | 0        |
| curr_lr               | 0.5      |
| entropy               | 2.68     |
| eplenmean             | 557      |
| eprewmean             | 2.1      |
| fps                   | 2.46e+03 |
| grad_norm             | 1.58     |
| kl                    | 0.0205   |
| loss_pi               | 0.0259   |
| loss_v                | 0.148    |
| lr                    | 0.5      |
| misc/nupdates         | 19       |
| misc/serial_timesteps | 8.19e+04 |
| misc/time_elapsed     | 33.4     |
| misc/total_timesteps  | 8.19e+04 |
| ratio_max             | 4.28     |
| ratio_min             | 0.422    |
| ret_avg               | 0.41     |
| ret_max               | 10.6     |
| ret_med               | 0.0414   |
| ret_min               | -0.586   |
| ret_var               | 0.954    |
------------------------------------
------------------------------------
| action_max            | 14       |
| action_min            | 0        |
| adv_avg               | -0.635   |
| adv_max               | 8.12     |
| adv_med               | -0.717   |
| adv_min               | -3.02    |
| adv_var               | 0.543    |
| clipfrac              | 0        |
| curr_lr               | 0.333    |
| entropy               | 2.66     |
| eplenmean             | 517      |
| eprewmean             | 2.43     |
| fps                   | 2.43e+03 |
| grad_norm             | 1.09     |
| kl                    | 0.0187   |
| loss_pi               | -0.00726 |
| loss_v                | 0.102    |
| lr                    | 0.333    |
| misc/nupdates         | 29       |
| misc/serial_timesteps | 1.23e+05 |
| misc/time_elapsed     | 50.2     |
| misc/total_timesteps  | 1.23e+05 |
| ratio_max             | 4.81     |
| ratio_min             | 0.379    |
| ret_avg               | 0.308    |
| ret_max               | 9.11     |
| ret_med               | -0.00603 |
| ret_min               | -0.7     |
| ret_var               | 0.986    |
------------------------------------
------------------------------------
| action_max            | 14       |
| action_min            | 0        |
| adv_avg               | -0.808   |
| adv_max               | 3.06     |
| adv_med               | -0.798   |
| adv_min               | -4.51    |
| adv_var               | 0.162    |
| clipfrac              | 0        |
| curr_lr               | 0.5      |
| entropy               | 2.66     |
| eplenmean             | 460      |
| eprewmean             | 2.33     |
| fps                   | 2.44e+03 |
| grad_norm             | 1.4      |
| kl                    | 0.0168   |
| loss_pi               | 0.0258   |
| loss_v                | 0.15     |
| lr                    | 0.5      |
| misc/nupdates         | 39       |
| misc/serial_timesteps | 1.64e+05 |
| misc/time_elapsed     | 67.1     |
| misc/total_timesteps  | 1.64e+05 |
| ratio_max             | 1.95     |
| ratio_min             | 0.382    |
| ret_avg               | 0.864    |
| ret_max               | 7.31     |
| ret_med               | 0.426    |
| ret_min               | -0.788   |
| ret_var               | 1.22     |
------------------------------------
-------------------------------------
| action_max            | 14        |
| action_min            | 0         |
| adv_avg               | -0.796    |
| adv_max               | 2.21      |
| adv_med               | -0.881    |
| adv_min               | -3.54     |
| adv_var               | 0.287     |
| clipfrac              | 0         |
| curr_lr               | 0.222     |
| entropy               | 2.52      |
| eplenmean             | 437       |
| eprewmean             | 2.5       |
| fps                   | 2.51e+03  |
| grad_norm             | 1.29      |
| kl                    | 0.0305    |
| loss_pi               | -0.000606 |
| loss_v                | 0.0763    |
| lr                    | 0.222     |
| misc/nupdates         | 49        |
| misc/serial_timesteps | 2.05e+05  |
| misc/time_elapsed     | 83.6      |
| misc/total_timesteps  | 2.05e+05  |
| ratio_max             | 3.92      |
| ratio_min             | 0.173     |
| ret_avg               | 0.658     |
| ret_max               | 7.07      |
| ret_med               | 0.106     |
| ret_min               | -0.866    |
| ret_var               | 2.31      |
-------------------------------------
------------------------------------
| action_max            | 14       |
| action_min            | 0        |
| adv_avg               | -0.894   |
| adv_max               | 3.02     |
| adv_med               | -0.905   |
| adv_min               | -3.12    |
| adv_var               | 0.147    |
| clipfrac              | 0        |
| curr_lr               | 0.148    |
| entropy               | 2.47     |
| eplenmean             | 440      |
| eprewmean             | 3.4      |
| fps                   | 2.44e+03 |
| grad_norm             | 1.08     |
| kl                    | 0.0157   |
| loss_pi               | -0.0124  |
| loss_v                | 0.0524   |
| lr                    | 0.148    |
| misc/nupdates         | 59       |
| misc/serial_timesteps | 2.46e+05 |
| misc/time_elapsed     | 100      |
| misc/total_timesteps  | 2.46e+05 |
| ratio_max             | 2.54     |
| ratio_min             | 0.329    |
| ret_avg               | 0.452    |
| ret_max               | 6.31     |
| ret_med               | -0.0192  |
| ret_min               | -0.89    |
| ret_var               | 1.39     |
------------------------------------
------------------------------------
| action_max            | 14       |
| action_min            | 0        |
| adv_avg               | -0.855   |
| adv_max               | 1.68     |
| adv_med               | -0.889   |
| adv_min               | -3.14    |
| adv_var               | 0.0916   |
| clipfrac              | 0        |
| curr_lr               | 0.148    |
| entropy               | 2.45     |
| eplenmean             | 394      |
| eprewmean             | 3.93     |
| fps                   | 2.43e+03 |
| grad_norm             | 1.88     |
| kl                    | 0.00507  |
| loss_pi               | 0.0391   |
| loss_v                | 0.0548   |
| lr                    | 0.148    |
| misc/nupdates         | 69       |
| misc/serial_timesteps | 2.87e+05 |
| misc/time_elapsed     | 117      |
| misc/total_timesteps  | 2.87e+05 |
| ratio_max             | 1.7      |
| ratio_min             | 0.558    |
| ret_avg               | 0.352    |
| ret_max               | 5.69     |
| ret_med               | -0.181   |
| ret_min               | -0.875   |
| ret_var               | 2.04     |
------------------------------------
------------------------------------
| action_max            | 14       |
| action_min            | 0        |
| adv_avg               | -0.862   |
| adv_max               | 3.53     |
| adv_med               | -0.868   |
| adv_min               | -3.54    |
| adv_var               | 0.15     |
| clipfrac              | 0        |
| curr_lr               | 0.0988   |
| entropy               | 2.33     |
| eplenmean             | 426      |
| eprewmean             | 2.99     |
| fps                   | 2.41e+03 |
| grad_norm             | 1.03     |
| kl                    | 0.0103   |
| loss_pi               | 0.0121   |
| loss_v                | 0.0281   |
| lr                    | 0.0988   |
| misc/nupdates         | 79       |
| misc/serial_timesteps | 3.28e+05 |
| misc/time_elapsed     | 134      |
| misc/total_timesteps  | 3.28e+05 |
| ratio_max             | 2.3      |
| ratio_min             | 0.5      |
| ret_avg               | 0.251    |
| ret_max               | 5.6      |
| ret_med               | -0.365   |
| ret_min               | -0.854   |
| ret_var               | 2.3      |
------------------------------------
------------------------------------
| action_max            | 14       |
| action_min            | 0        |
| adv_avg               | -0.82    |
| adv_max               | 2.11     |
| adv_med               | -0.827   |
| adv_min               | -3.82    |
| adv_var               | 0.0933   |
| clipfrac              | 0        |
| curr_lr               | 0.0988   |
| entropy               | 2.44     |
| eplenmean             | 421      |
| eprewmean             | 3.33     |
| fps                   | 2.4e+03  |
| grad_norm             | 0.719    |
| kl                    | 0.0158   |
| loss_pi               | -0.00555 |
| loss_v                | 0.0121   |
| lr                    | 0.0988   |
| misc/nupdates         | 89       |
| misc/serial_timesteps | 3.69e+05 |
| misc/time_elapsed     | 151      |
| misc/total_timesteps  | 3.69e+05 |
| ratio_max             | 1.53     |
| ratio_min             | 0.3      |
| ret_avg               | -0.0666  |
| ret_max               | 5.06     |
| ret_med               | -0.296   |
| ret_min               | -0.83    |
| ret_var               | 0.748    |
------------------------------------
------------------------------------
| action_max            | 14       |
| action_min            | 0        |
| adv_avg               | -0.844   |
| adv_max               | 1.14     |
| adv_med               | -0.829   |
| adv_min               | -4.08    |
| adv_var               | 0.0862   |
| clipfrac              | 0        |
| curr_lr               | 0.0988   |
| entropy               | 2.35     |
| eplenmean             | 444      |
| eprewmean             | 3.06     |
| fps                   | 2.42e+03 |
| grad_norm             | 0.682    |
| kl                    | 0.0104   |
| loss_pi               | -0.0775  |
| loss_v                | 0.0193   |
| lr                    | 0.0988   |
| misc/nupdates         | 99       |
| misc/serial_timesteps | 4.1e+05  |
| misc/time_elapsed     | 168      |
| misc/total_timesteps  | 4.1e+05  |
| ratio_max             | 1.62     |
| ratio_min             | 0.487    |
| ret_avg               | 0.279    |
| ret_max               | 4.9      |
| ret_med               | -0.31    |
| ret_min               | -0.821   |
| ret_var               | 1.97     |
------------------------------------
------------------------------------
| action_max            | 14       |
| action_min            | 0        |
| adv_avg               | -0.79    |
| adv_max               | 2.39     |
| adv_med               | -0.827   |
| adv_min               | -2.73    |
| adv_var               | 0.0709   |
| clipfrac              | 0        |
| curr_lr               | 0.0988   |
| entropy               | 2.45     |
| eplenmean             | 388      |
| eprewmean             | 3.6      |
| fps                   | 2.41e+03 |
| grad_norm             | 0.691    |
| kl                    | 0.0272   |
| loss_pi               | 0.0579   |
| loss_v                | 0.0152   |
| lr                    | 0.0988   |
| misc/nupdates         | 109      |
| misc/serial_timesteps | 4.51e+05 |
| misc/time_elapsed     | 185      |
| misc/total_timesteps  | 4.51e+05 |
| ratio_max             | 2.3      |
| ratio_min             | 0.305    |
| ret_avg               | -0.0717  |
| ret_max               | 4.72     |
| ret_med               | -0.327   |
| ret_min               | -0.82    |
| ret_var               | 0.911    |
------------------------------------
------------------------------------
| action_max            | 14       |
| action_min            | 0        |
| adv_avg               | -0.778   |
| adv_max               | 1.6      |
| adv_med               | -0.804   |
| adv_min               | -2.86    |
| adv_var               | 0.069    |
| clipfrac              | 0        |
| curr_lr               | 0.0658   |
| entropy               | 2.26     |
| eplenmean             | 365      |
| eprewmean             | 4.13     |
| fps                   | 2.51e+03 |
| grad_norm             | 0.5      |
| kl                    | 0.0205   |
| loss_pi               | 0.0199   |
| loss_v                | 0.012    |
| lr                    | 0.0658   |
| misc/nupdates         | 119      |
| misc/serial_timesteps | 4.92e+05 |
| misc/time_elapsed     | 202      |
| misc/total_timesteps  | 4.92e+05 |
| ratio_max             | 1.86     |
| ratio_min             | 0.178    |
| ret_avg               | 0.0775   |
| ret_max               | 4.52     |
| ret_med               | -0.35    |
| ret_min               | -0.803   |
| ret_var               | 1.18     |
------------------------------------
------------------------------------
| action_max            | 14       |
| action_min            | 0        |
| adv_avg               | -0.817   |
| adv_max               | 0.854    |
| adv_med               | -0.805   |
| adv_min               | -3.31    |
| adv_var               | 0.0451   |
| clipfrac              | 0        |
| curr_lr               | 0.0293   |
| entropy               | 2.23     |
| eplenmean             | 359      |
| eprewmean             | 3.52     |
| fps                   | 2.51e+03 |
| grad_norm             | 0.463    |
| kl                    | 0.00946  |
| loss_pi               | -0.0247  |
| loss_v                | 0.0111   |
| lr                    | 0.0293   |
| misc/nupdates         | 129      |
| misc/serial_timesteps | 5.32e+05 |
| misc/time_elapsed     | 218      |
| misc/total_timesteps  | 5.32e+05 |
| ratio_max             | 1.94     |
| ratio_min             | 0.481    |
| ret_avg               | 0.15     |
| ret_max               | 4.37     |
| ret_med               | -0.338   |
| ret_min               | -0.803   |
| ret_var               | 1.72     |
------------------------------------
------------------------------------
| action_max            | 14       |
| action_min            | 0        |
| adv_avg               | -0.788   |
| adv_max               | 0.256    |
| adv_med               | -0.791   |
| adv_min               | -3.4     |
| adv_var               | 0.0334   |
| clipfrac              | 0        |
| curr_lr               | 0.0293   |
| entropy               | 2.16     |
| eplenmean             | 387      |
| eprewmean             | 3.33     |
| fps                   | 2.49e+03 |
| grad_norm             | 0.603    |
| kl                    | 0.0145   |
| loss_pi               | -0.0372  |
| loss_v                | 0.0158   |
| lr                    | 0.0293   |
| misc/nupdates         | 139      |
| misc/serial_timesteps | 5.73e+05 |
| misc/time_elapsed     | 235      |
| misc/total_timesteps  | 5.73e+05 |
| ratio_max             | 2.5      |
| ratio_min             | 0.238    |
| ret_avg               | 0.16     |
| ret_max               | 4.31     |
| ret_med               | -0.274   |
| ret_min               | -0.801   |
| ret_var               | 1.52     |
------------------------------------
------------------------------------
| action_max            | 14       |
| action_min            | 0        |
| adv_avg               | -0.78    |
| adv_max               | 1.98     |
| adv_med               | -0.788   |
| adv_min               | -2.28    |
| adv_var               | 0.0709   |
| clipfrac              | 0        |
| curr_lr               | 0.0439   |
| entropy               | 2.01     |
| eplenmean             | 302      |
| eprewmean             | 4.3      |
| fps                   | 2.48e+03 |
| grad_norm             | 1.94     |
| kl                    | 0.00347  |
| loss_pi               | -0.0178  |
| loss_v                | 0.0218   |
| lr                    | 0.0658   |
| misc/nupdates         | 149      |
| misc/serial_timesteps | 6.14e+05 |
| misc/time_elapsed     | 252      |
| misc/total_timesteps  | 6.14e+05 |
| ratio_max             | 1.88     |
| ratio_min             | 0.674    |
| ret_avg               | 0.73     |
| ret_max               | 4.18     |
| ret_med               | -0.246   |
| ret_min               | -0.779   |
| ret_var               | 2.47     |
------------------------------------
------------------------------------
| action_max            | 14       |
| action_min            | 0        |
| adv_avg               | -0.802   |
| adv_max               | 0.413    |
| adv_med               | -0.793   |
| adv_min               | -3.02    |
| adv_var               | 0.0342   |
| clipfrac              | 0        |
| curr_lr               | 0.0658   |
| entropy               | 2.32     |
| eplenmean             | 332      |
| eprewmean             | 3.36     |
| fps                   | 2.43e+03 |
| grad_norm             | 0.711    |
| kl                    | 0.0387   |
| loss_pi               | -0.0659  |
| loss_v                | 0.0109   |
| lr                    | 0.0658   |
| misc/nupdates         | 159      |
| misc/serial_timesteps | 6.55e+05 |
| misc/time_elapsed     | 268      |
| misc/total_timesteps  | 6.55e+05 |
| ratio_max             | 10       |
| ratio_min             | 0.1      |
| ret_avg               | 0.0201   |
| ret_max               | 4.09     |
| ret_med               | -0.456   |
| ret_min               | -0.779   |
| ret_var               | 1.28     |
------------------------------------
------------------------------------
| action_max            | 14       |
| action_min            | 0        |
| adv_avg               | -0.767   |
| adv_max               | 0.134    |
| adv_med               | -0.787   |
| adv_min               | -1.88    |
| adv_var               | 0.0371   |
| clipfrac              | 0        |
| curr_lr               | 0.0658   |
| entropy               | 2.02     |
| eplenmean             | 289      |
| eprewmean             | 4.6      |
| fps                   | 2.45e+03 |
| grad_norm             | 1.67     |
| kl                    | 0.0115   |
| loss_pi               | -0.0648  |
| loss_v                | 0.0244   |
| lr                    | 0.0658   |
| misc/nupdates         | 169      |
| misc/serial_timesteps | 6.96e+05 |
| misc/time_elapsed     | 285      |
| misc/total_timesteps  | 6.96e+05 |
| ratio_max             | 2.04     |
| ratio_min             | 0.322    |
| ret_avg               | 0.356    |
| ret_max               | 4.03     |
| ret_med               | -0.265   |
| ret_min               | -0.775   |
| ret_var               | 1.95     |
------------------------------------
------------------------------------
| action_max            | 14       |
| action_min            | 0        |
| adv_avg               | -0.761   |
| adv_max               | 0.796    |
| adv_med               | -0.77    |
| adv_min               | -1.71    |
| adv_var               | 0.0277   |
| clipfrac              | 0        |
| curr_lr               | 0.0658   |
| entropy               | 2.19     |
| eplenmean             | 357      |
| eprewmean             | 4.46     |
| fps                   | 2.45e+03 |
| grad_norm             | 0.978    |
| kl                    | 0.0257   |
| loss_pi               | -0.0148  |
| loss_v                | 0.0115   |
| lr                    | 0.0658   |
| misc/nupdates         | 179      |
| misc/serial_timesteps | 7.37e+05 |
| misc/time_elapsed     | 302      |
| misc/total_timesteps  | 7.37e+05 |
| ratio_max             | 2.87     |
| ratio_min             | 0.1      |
| ret_avg               | 0.0258   |
| ret_max               | 3.87     |
| ret_med               | -0.439   |
| ret_min               | -0.766   |
| ret_var               | 1.5      |
------------------------------------
------------------------------------
| action_max            | 14       |
| action_min            | 0        |
| adv_avg               | -0.735   |
| adv_max               | 1.81     |
| adv_med               | -0.767   |
| adv_min               | -3.11    |
| adv_var               | 0.0781   |
| clipfrac              | 0        |
| curr_lr               | 0.0439   |
| entropy               | 2.06     |
| eplenmean             | 331      |
| eprewmean             | 4.22     |
| fps                   | 2.51e+03 |
| grad_norm             | 0.761    |
| kl                    | 0.00554  |
| loss_pi               | 0.00948  |
| loss_v                | 0.0165   |
| lr                    | 0.0439   |
| misc/nupdates         | 189      |
| misc/serial_timesteps | 7.78e+05 |
| misc/time_elapsed     | 319      |
| misc/total_timesteps  | 7.78e+05 |
| ratio_max             | 1.64     |
| ratio_min             | 0.546    |
| ret_avg               | 0.284    |
| ret_max               | 3.8      |
| ret_med               | -0.395   |
| ret_min               | -0.761   |
| ret_var               | 1.69     |
------------------------------------
------------------------------------
| action_max            | 14       |
| action_min            | 0        |
| adv_avg               | -0.734   |
| adv_max               | 1.28     |
| adv_med               | -0.755   |
| adv_min               | -1.18    |
| adv_var               | 0.0249   |
| clipfrac              | 0        |
| curr_lr               | 0.0658   |
| entropy               | 2.4      |
| eplenmean             | 320      |
| eprewmean             | 4.52     |
| fps                   | 2.44e+03 |
| grad_norm             | 0.583    |
| kl                    | 0.0205   |
| loss_pi               | 0.0434   |
| loss_v                | 0.00748  |
| lr                    | 0.0658   |
| misc/nupdates         | 199      |
| misc/serial_timesteps | 8.19e+05 |
| misc/time_elapsed     | 335      |
| misc/total_timesteps  | 8.19e+05 |
| ratio_max             | 2.69     |
| ratio_min             | 0.343    |
| ret_avg               | -0.345   |
| ret_max               | 3.73     |
| ret_med               | -0.506   |
| ret_min               | -0.814   |
| ret_var               | 0.595    |
------------------------------------
------------------------------------
| action_max            | 14       |
| action_min            | 0        |
| adv_avg               | -0.738   |
| adv_max               | 0.542    |
| adv_med               | -0.75    |
| adv_min               | -1.85    |
| adv_var               | 0.0319   |
| clipfrac              | 0        |
| curr_lr               | 0.0658   |
| entropy               | 2        |
| eplenmean             | 361      |
| eprewmean             | 3.22     |
| fps                   | 2.43e+03 |
| grad_norm             | 1.18     |
| kl                    | 0.0139   |
| loss_pi               | -0.00285 |
| loss_v                | 0.0146   |
| lr                    | 0.0658   |
| misc/nupdates         | 209      |
| misc/serial_timesteps | 8.6e+05  |
| misc/time_elapsed     | 352      |
| misc/total_timesteps  | 8.6e+05  |
| ratio_max             | 3.67     |
| ratio_min             | 0.48     |
| ret_avg               | 0.396    |
| ret_max               | 3.89     |
| ret_med               | -0.415   |
| ret_min               | -0.748   |
| ret_var               | 2.12     |
------------------------------------
------------------------------------
| action_max            | 14       |
| action_min            | 0        |
| adv_avg               | -0.739   |
| adv_max               | 1.59     |
| adv_med               | -0.746   |
| adv_min               | -2.15    |
| adv_var               | 0.0401   |
| clipfrac              | 0        |
| curr_lr               | 0.0439   |
| entropy               | 2.14     |
| eplenmean             | 325      |
| eprewmean             | 4.22     |
| fps                   | 2.41e+03 |
| grad_norm             | 0.436    |
| kl                    | 0.0246   |
| loss_pi               | -0.0214  |
| loss_v                | 0.00454  |
| lr                    | 0.0439   |
| misc/nupdates         | 219      |
| misc/serial_timesteps | 9.01e+05 |
| misc/time_elapsed     | 369      |
| misc/total_timesteps  | 9.01e+05 |
| ratio_max             | 2.44     |
| ratio_min             | 0.1      |
| ret_avg               | 0.0995   |
| ret_max               | 3.76     |
| ret_med               | -0.476   |
| ret_min               | -0.751   |
| ret_var               | 1.61     |
------------------------------------
------------------------------------
| action_max            | 14       |
| action_min            | 0        |
| adv_avg               | -0.737   |
| adv_max               | 0.254    |
| adv_med               | -0.734   |
| adv_min               | -1.5     |
| adv_var               | 0.0111   |
| clipfrac              | 0        |
| curr_lr               | 0.0293   |
| entropy               | 2.27     |
| eplenmean             | 314      |
| eprewmean             | 3.43     |
| fps                   | 2.5e+03  |
| grad_norm             | 0.523    |
| kl                    | 0.0152   |
| loss_pi               | -0.0735  |
| loss_v                | 0.00364  |
| lr                    | 0.0293   |
| misc/nupdates         | 229      |
| misc/serial_timesteps | 9.42e+05 |
| misc/time_elapsed     | 386      |
| misc/total_timesteps  | 9.42e+05 |
| ratio_max             | 3.66     |
| ratio_min             | 0.46     |
| ret_avg               | -0.312   |
| ret_max               | 3.63     |
| ret_med               | -0.542   |
| ret_min               | -0.756   |
| ret_var               | 0.706    |
------------------------------------
------------------------------------
| action_max            | 14       |
| action_min            | 0        |
| adv_avg               | -0.76    |
| adv_max               | 0.552    |
| adv_med               | -0.733   |
| adv_min               | -2.57    |
| adv_var               | 0.0425   |
| clipfrac              | 0        |
| curr_lr               | 0.0293   |
| entropy               | 1.92     |
| eplenmean             | 365      |
| eprewmean             | 3.9      |
| fps                   | 2.43e+03 |
| grad_norm             | 0.541    |
| kl                    | 0.022    |
| loss_pi               | -0.0976  |
| loss_v                | 0.0147   |
| lr                    | 0.0293   |
| misc/nupdates         | 239      |
| misc/serial_timesteps | 9.83e+05 |
| misc/time_elapsed     | 402      |
| misc/total_timesteps  | 9.83e+05 |
| ratio_max             | 6.54     |
| ratio_min             | 0.162    |
| ret_avg               | -0.0364  |
| ret_max               | 3.58     |
| ret_med               | -0.455   |
| ret_min               | -0.737   |
| ret_var               | 0.962    |
------------------------------------
------------------------------------
| action_max            | 14       |
| action_min            | 0        |
| adv_avg               | -0.728   |
| adv_max               | 1.25     |
| adv_med               | -0.725   |
| adv_min               | -2.51    |
| adv_var               | 0.0309   |
| clipfrac              | 0        |
| curr_lr               | 0.0293   |
| entropy               | 1.89     |
| eplenmean             | 319      |
| eprewmean             | 4.02     |
| fps                   | 2.44e+03 |
| grad_norm             | 0.418    |
| kl                    | 0.0117   |
| loss_pi               | -0.0739  |
| loss_v                | 0.00509  |
| lr                    | 0.0293   |
| misc/nupdates         | 249      |
| misc/serial_timesteps | 1.02e+06 |
| misc/time_elapsed     | 419      |
| misc/total_timesteps  | 1.02e+06 |
| ratio_max             | 1.61     |
| ratio_min             | 0.676    |
| ret_avg               | 0.0599   |
| ret_max               | 3.65     |
| ret_med               | -0.52    |
| ret_min               | -0.932   |
| ret_var               | 1.78     |
------------------------------------
------------------------------------
| action_max            | 14       |
| action_min            | 0        |
| adv_avg               | -0.726   |
| adv_max               | -0.125   |
| adv_med               | -0.724   |
| adv_min               | -1.16    |
| adv_var               | 0.00461  |
| clipfrac              | 0        |
| curr_lr               | 0.0439   |
| entropy               | 1.97     |
| eplenmean             | 379      |
| eprewmean             | 4.12     |
| fps                   | 2.51e+03 |
| grad_norm             | 0.838    |
| kl                    | 0.0176   |
| loss_pi               | 0.0304   |
| loss_v                | 0.00417  |
| lr                    | 0.0439   |
| misc/nupdates         | 259      |
| misc/serial_timesteps | 1.06e+06 |
| misc/time_elapsed     | 436      |
| misc/total_timesteps  | 1.06e+06 |
| ratio_max             | 1.81     |
| ratio_min             | 0.67     |
| ret_avg               | 0.0514   |
| ret_max               | 3.54     |
| ret_med               | -0.452   |
| ret_min               | -0.712   |
| ret_var               | 1.56     |
------------------------------------
------------------------------------
| action_max            | 14       |
| action_min            | 0        |
| adv_avg               | -0.715   |
| adv_max               | 0.591    |
| adv_med               | -0.712   |
| adv_min               | -1.35    |
| adv_var               | 0.0114   |
| clipfrac              | 0        |
| curr_lr               | 0.0439   |
| entropy               | 2.24     |
| eplenmean             | 299      |
| eprewmean             | 4.16     |
| fps                   | 2.47e+03 |
| grad_norm             | 0.503    |
| kl                    | 0.0219   |
| loss_pi               | -0.0455  |
| loss_v                | 0.00313  |
| lr                    | 0.0439   |
| misc/nupdates         | 269      |
| misc/serial_timesteps | 1.11e+06 |
| misc/time_elapsed     | 452      |
| misc/total_timesteps  | 1.11e+06 |
| ratio_max             | 2.97     |
| ratio_min             | 0.192    |
| ret_avg               | -0.217   |
| ret_max               | 3.52     |
| ret_med               | -0.402   |
| ret_min               | -0.708   |
| ret_var               | 0.577    |
------------------------------------
------------------------------------
| action_max            | 14       |
| action_min            | 0        |
| adv_avg               | -0.716   |
| adv_max               | 0.444    |
| adv_med               | -0.71    |
| adv_min               | -1.77    |
| adv_var               | 0.0158   |
| clipfrac              | 0        |
| curr_lr               | 0.0293   |
| entropy               | 1.93     |
| eplenmean             | 423      |
| eprewmean             | 3.59     |
| fps                   | 2.42e+03 |
| grad_norm             | 0.713    |
| kl                    | 0.0144   |
| loss_pi               | -0.144   |
| loss_v                | 0.0122   |
| lr                    | 0.0293   |
| misc/nupdates         | 279      |
| misc/serial_timesteps | 1.15e+06 |
| misc/time_elapsed     | 469      |
| misc/total_timesteps  | 1.15e+06 |
| ratio_max             | 2.08     |
| ratio_min             | 0.164    |
| ret_avg               | 0.0116   |
| ret_max               | 3.5      |
| ret_med               | -0.441   |
| ret_min               | -0.706   |
| ret_var               | 1.32     |
------------------------------------
------------------------------------
| action_max            | 14       |
| action_min            | 0        |
| adv_avg               | -0.716   |
| adv_max               | 2.54     |
| adv_med               | -0.712   |
| adv_min               | -3.86    |
| adv_var               | 0.0594   |
| clipfrac              | 0        |
| curr_lr               | 0.0439   |
| entropy               | 1.93     |
| eplenmean             | 397      |
| eprewmean             | 4.38     |
| fps                   | 2.43e+03 |
| grad_norm             | 0.991    |
| kl                    | 0.00681  |
| loss_pi               | 0.00281  |
| loss_v                | 0.0123   |
| lr                    | 0.0439   |
| misc/nupdates         | 289      |
| misc/serial_timesteps | 1.19e+06 |
| misc/time_elapsed     | 486      |
| misc/total_timesteps  | 1.19e+06 |
| ratio_max             | 1.78     |
| ratio_min             | 0.646    |
| ret_avg               | 0.0234   |
| ret_max               | 3.52     |
| ret_med               | -0.352   |
| ret_min               | -0.703   |
| ret_var               | 1.08     |
------------------------------------
------------------------------------
| action_max            | 14       |
| action_min            | 0        |
| adv_avg               | -0.725   |
| adv_max               | 0.977    |
| adv_med               | -0.713   |
| adv_min               | -1.53    |
| adv_var               | 0.0162   |
| clipfrac              | 0        |
| curr_lr               | 0.0439   |
| entropy               | 1.67     |
| eplenmean             | 331      |
| eprewmean             | 4.33     |
| fps                   | 2.44e+03 |
| grad_norm             | 0.842    |
| kl                    | 0.0165   |
| loss_pi               | -0.0625  |
| loss_v                | 0.00615  |
| lr                    | 0.0439   |
| misc/nupdates         | 299      |
| misc/serial_timesteps | 1.23e+06 |
| misc/time_elapsed     | 502      |
| misc/total_timesteps  | 1.23e+06 |
| ratio_max             | 2.65     |
| ratio_min             | 0.32     |
| ret_avg               | 0.726    |
| ret_max               | 3.48     |
| ret_med               | -0.293   |
| ret_min               | -0.703   |
| ret_var               | 2.56     |
------------------------------------
------------------------------------
| action_max            | 14       |
| action_min            | 0        |
| adv_avg               | -0.71    |
| adv_max               | 0.549    |
| adv_med               | -0.708   |
| adv_min               | -1.93    |
| adv_var               | 0.0253   |
| clipfrac              | 0        |
| curr_lr               | 0.0293   |
| entropy               | 1.74     |
| eplenmean             | 323      |
| eprewmean             | 4.47     |
| fps                   | 2.43e+03 |
| grad_norm             | 1.56     |
| kl                    | 0.00716  |
| loss_pi               | -0.0659  |
| loss_v                | 0.0109   |
| lr                    | 0.0293   |
| misc/nupdates         | 309      |
| misc/serial_timesteps | 1.27e+06 |
| misc/time_elapsed     | 519      |
| misc/total_timesteps  | 1.27e+06 |
| ratio_max             | 1.85     |
| ratio_min             | 0.266    |
| ret_avg               | 0.489    |
| ret_max               | 3.47     |
| ret_med               | -0.321   |
| ret_min               | -0.703   |
| ret_var               | 2.07     |
------------------------------------
------------------------------------
| action_max            | 14       |
| action_min            | 0        |
| adv_avg               | -0.717   |
| adv_max               | 0.484    |
| adv_med               | -0.71    |
| adv_min               | -1.6     |
| adv_var               | 0.0137   |
| clipfrac              | 0        |
| curr_lr               | 0.0293   |
| entropy               | 1.89     |
| eplenmean             | 392      |
| eprewmean             | 4.04     |
| fps                   | 2.46e+03 |
| grad_norm             | 0.476    |
| kl                    | 0.0194   |
| loss_pi               | -0.0507  |
| loss_v                | 0.00467  |
| lr                    | 0.0293   |
| misc/nupdates         | 319      |
| misc/serial_timesteps | 1.31e+06 |
| misc/time_elapsed     | 535      |
| misc/total_timesteps  | 1.31e+06 |
| ratio_max             | 5.14     |
| ratio_min             | 0.426    |
| ret_avg               | 0.0475   |
| ret_max               | 3.41     |
| ret_med               | -0.322   |
| ret_min               | -0.702   |
| ret_var               | 1.1      |
------------------------------------
------------------------------------
| action_max            | 14       |
| action_min            | 0        |
| adv_avg               | -0.72    |
| adv_max               | 0.547    |
| adv_med               | -0.713   |
| adv_min               | -1.63    |
| adv_var               | 0.0252   |
| clipfrac              | 0        |
| curr_lr               | 0.0293   |
| entropy               | 1.65     |
| eplenmean             | 410      |
| eprewmean             | 3.7      |
| fps                   | 2.51e+03 |
| grad_norm             | 0.384    |
| kl                    | 0.0197   |
| loss_pi               | -0.0211  |
| loss_v                | 0.00589  |
| lr                    | 0.0293   |
| misc/nupdates         | 329      |
| misc/serial_timesteps | 1.35e+06 |
| misc/time_elapsed     | 552      |
| misc/total_timesteps  | 1.35e+06 |
| ratio_max             | 2.51     |
| ratio_min             | 0.23     |
| ret_avg               | 0.293    |
| ret_max               | 3.43     |
| ret_med               | -0.274   |
| ret_min               | -0.704   |
| ret_var               | 1.65     |
------------------------------------
------------------------------------
| action_max            | 14       |
| action_min            | 0        |
| adv_avg               | -0.712   |
| adv_max               | 0.603    |
| adv_med               | -0.706   |
| adv_min               | -1.36    |
| adv_var               | 0.0184   |
| clipfrac              | 0        |
| curr_lr               | 0.0293   |
| entropy               | 1.94     |
| eplenmean             | 356      |
| eprewmean             | 4.04     |
| fps                   | 2.51e+03 |
| grad_norm             | 0.551    |
| kl                    | 0.0169   |
| loss_pi               | -0.017   |
| loss_v                | 0.00449  |
| lr                    | 0.0293   |
| misc/nupdates         | 339      |
| misc/serial_timesteps | 1.39e+06 |
| misc/time_elapsed     | 569      |
| misc/total_timesteps  | 1.39e+06 |
| ratio_max             | 1.65     |
| ratio_min             | 0.158    |
| ret_avg               | -0.038   |
| ret_max               | 3.4      |
| ret_med               | -0.332   |
| ret_min               | -0.704   |
| ret_var               | 0.809    |
------------------------------------
------------------------------------
| action_max            | 14       |
| action_min            | 0        |
| adv_avg               | -0.728   |
| adv_max               | 0.266    |
| adv_med               | -0.712   |
| adv_min               | -1.62    |
| adv_var               | 0.0118   |
| clipfrac              | 0        |
| curr_lr               | 0.0293   |
| entropy               | 1.46     |
| eplenmean             | 344      |
| eprewmean             | 5.04     |
| fps                   | 2.45e+03 |
| grad_norm             | 4.54     |
| kl                    | 0.00388  |
| loss_pi               | -0.0278  |
| loss_v                | 0.0218   |
| lr                    | 0.0439   |
| misc/nupdates         | 349      |
| misc/serial_timesteps | 1.43e+06 |
| misc/time_elapsed     | 585      |
| misc/total_timesteps  | 1.43e+06 |
| ratio_max             | 1.84     |
| ratio_min             | 0.696    |
| ret_avg               | 0.369    |
| ret_max               | 3.39     |
| ret_med               | -0.266   |
| ret_min               | -0.725   |
| ret_var               | 1.81     |
------------------------------------
------------------------------------
| action_max            | 14       |
| action_min            | 0        |
| adv_avg               | -0.701   |
| adv_max               | -0.00854 |
| adv_med               | -0.71    |
| adv_min               | -1.25    |
| adv_var               | 0.00752  |
| clipfrac              | 0        |
| curr_lr               | 0.0293   |
| entropy               | 1.76     |
| eplenmean             | 377      |
| eprewmean             | 4.47     |
| fps                   | 2.49e+03 |
| grad_norm             | 0.379    |
| kl                    | 0.0162   |
| loss_pi               | -0.0453  |
| loss_v                | 0.00165  |
| lr                    | 0.0293   |
| misc/nupdates         | 359      |
| misc/serial_timesteps | 1.47e+06 |
| misc/time_elapsed     | 602      |
| misc/total_timesteps  | 1.47e+06 |
| ratio_max             | 7.41     |
| ratio_min             | 0.322    |
| ret_avg               | 0.0269   |
| ret_max               | 3.96     |
| ret_med               | -0.365   |
| ret_min               | -0.704   |
| ret_var               | 1.1      |
------------------------------------
------------------------------------
| action_max            | 14       |
| action_min            | 0        |
| adv_avg               | -0.72    |
| adv_max               | 0.0229   |
| adv_med               | -0.711   |
| adv_min               | -1.69    |
| adv_var               | 0.00859  |
| clipfrac              | 0        |
| curr_lr               | 0.0293   |
| entropy               | 1.78     |
| eplenmean             | 432      |
| eprewmean             | 4.11     |
| fps                   | 2.51e+03 |
| grad_norm             | 0.637    |
| kl                    | 0.0206   |
| loss_pi               | -0.0897  |
| loss_v                | 0.00437  |
| lr                    | 0.0293   |
| misc/nupdates         | 369      |
| misc/serial_timesteps | 1.52e+06 |
| misc/time_elapsed     | 618      |
| misc/total_timesteps  | 1.52e+06 |
| ratio_max             | 7.18     |
| ratio_min             | 0.213    |
| ret_avg               | 0.1      |
| ret_max               | 3.44     |
| ret_med               | -0.325   |
| ret_min               | -0.704   |
| ret_var               | 1.27     |
------------------------------------
------------------------------------
| action_max            | 14       |
| action_min            | 0        |
| adv_avg               | -0.744   |
| adv_max               | -0.00666 |
| adv_med               | -0.716   |
| adv_min               | -2.99    |
| adv_var               | 0.0246   |
| clipfrac              | 0        |
| curr_lr               | 0.0293   |
| entropy               | 1.77     |
| eplenmean             | 395      |
| eprewmean             | 5.13     |
| fps                   | 2.48e+03 |
| grad_norm             | 0.867    |
| kl                    | 0.0241   |
| loss_pi               | -0.0945  |
| loss_v                | 0.00561  |
| lr                    | 0.0293   |
| misc/nupdates         | 379      |
| misc/serial_timesteps | 1.56e+06 |
| misc/time_elapsed     | 635      |
| misc/total_timesteps  | 1.56e+06 |
| ratio_max             | 3.25     |
| ratio_min             | 0.209    |
| ret_avg               | 0.00116  |
| ret_max               | 3.47     |
| ret_med               | -0.259   |
| ret_min               | -0.705   |
| ret_var               | 0.766    |
------------------------------------
------------------------------------
| action_max            | 14       |
| action_min            | 0        |
| adv_avg               | -0.707   |
| adv_max               | 2.83     |
| adv_med               | -0.711   |
| adv_min               | -1.78    |
| adv_var               | 0.0333   |
| clipfrac              | 0        |
| curr_lr               | 0.0293   |
| entropy               | 1.92     |
| eplenmean             | 400      |
| eprewmean             | 5.05     |
| fps                   | 2.44e+03 |
| grad_norm             | 0.748    |
| kl                    | 0.014    |
| loss_pi               | -0.00787 |
| loss_v                | 0.0152   |
| lr                    | 0.0293   |
| misc/nupdates         | 389      |
| misc/serial_timesteps | 1.6e+06  |
| misc/time_elapsed     | 652      |
| misc/total_timesteps  | 1.6e+06  |
| ratio_max             | 1.84     |
| ratio_min             | 0.365    |
| ret_avg               | 0.168    |
| ret_max               | 3.46     |
| ret_med               | -0.359   |
| ret_min               | -0.705   |
| ret_var               | 1.55     |
------------------------------------
------------------------------------
| action_max            | 14       |
| action_min            | 0        |
| adv_avg               | -0.719   |
| adv_max               | 0.0384   |
| adv_med               | -0.712   |
| adv_min               | -1.32    |
| adv_var               | 0.00968  |
| clipfrac              | 0        |
| curr_lr               | 0.0293   |
| entropy               | 1.69     |
| eplenmean             | 378      |
| eprewmean             | 4.12     |
| fps                   | 2.42e+03 |
| grad_norm             | 0.718    |
| kl                    | 0.0173   |
| loss_pi               | -0.0509  |
| loss_v                | 0.00318  |
| lr                    | 0.0293   |
| misc/nupdates         | 399      |
| misc/serial_timesteps | 1.64e+06 |
| misc/time_elapsed     | 669      |
| misc/total_timesteps  | 1.64e+06 |
| ratio_max             | 4.66     |
| ratio_min             | 0.152    |
| ret_avg               | -0.0901  |
| ret_max               | 3.32     |
| ret_med               | -0.343   |
| ret_min               | -0.706   |
| ret_var               | 0.756    |
------------------------------------
------------------------------------
| action_max            | 14       |
| action_min            | 0        |
| adv_avg               | -0.718   |
| adv_max               | -0.126   |
| adv_med               | -0.711   |
| adv_min               | -1.38    |
| adv_var               | 0.00752  |
| clipfrac              | 0        |
| curr_lr               | 0.0195   |
| entropy               | 1.77     |
| eplenmean             | 378      |
| eprewmean             | 4.61     |
| fps                   | 2.41e+03 |
| grad_norm             | 0.359    |
| kl                    | 0.0117   |
| loss_pi               | -0.113   |
| loss_v                | 0.00127  |
| lr                    | 0.0195   |
| misc/nupdates         | 409      |
| misc/serial_timesteps | 1.68e+06 |
| misc/time_elapsed     | 686      |
| misc/total_timesteps  | 1.68e+06 |
| ratio_max             | 2.09     |
| ratio_min             | 0.266    |
| ret_avg               | -0.222   |
| ret_max               | 3.48     |
| ret_med               | -0.416   |
| ret_min               | -0.704   |
| ret_var               | 0.642    |
------------------------------------
------------------------------------
| action_max            | 14       |
| action_min            | 0        |
| adv_avg               | -0.701   |
| adv_max               | 1.67     |
| adv_med               | -0.708   |
| adv_min               | -2.23    |
| adv_var               | 0.0333   |
| clipfrac              | 0        |
| curr_lr               | 0.0195   |
| entropy               | 1.56     |
| eplenmean             | 420      |
| eprewmean             | 3.75     |
| fps                   | 2.42e+03 |
| grad_norm             | 0.482    |
| kl                    | 0.00991  |
| loss_pi               | -0.0211  |
| loss_v                | 0.00551  |
| lr                    | 0.0195   |
| misc/nupdates         | 419      |
| misc/serial_timesteps | 1.72e+06 |
| misc/time_elapsed     | 703      |
| misc/total_timesteps  | 1.72e+06 |
| ratio_max             | 2.16     |
| ratio_min             | 0.437    |
| ret_avg               | -0.0851  |
| ret_max               | 3.39     |
| ret_med               | -0.411   |
| ret_min               | -0.703   |
| ret_var               | 0.996    |
------------------------------------
------------------------------------
| action_max            | 14       |
| action_min            | 0        |
| adv_avg               | -0.719   |
| adv_max               | 0.279    |
| adv_med               | -0.704   |
| adv_min               | -1.37    |
| adv_var               | 0.00635  |
| clipfrac              | 0        |
| curr_lr               | 0.0439   |
| entropy               | 1.76     |
| eplenmean             | 376      |
| eprewmean             | 4.49     |
| fps                   | 2.44e+03 |
| grad_norm             | 3.02     |
| kl                    | 0.0031   |
| loss_pi               | -0.0281  |
| loss_v                | 0.0188   |
| lr                    | 0.0658   |
| misc/nupdates         | 429      |
| misc/serial_timesteps | 1.76e+06 |
| misc/time_elapsed     | 720      |
| misc/total_timesteps  | 1.76e+06 |
| ratio_max             | 2.57     |
| ratio_min             | 0.735    |
| ret_avg               | 0.0422   |
| ret_max               | 3.52     |
| ret_med               | -0.406   |
| ret_min               | -0.7     |
| ret_var               | 1.51     |
------------------------------------
------------------------------------
| action_max            | 14       |
| action_min            | 0        |
| adv_avg               | -0.701   |
| adv_max               | 0.46     |
| adv_med               | -0.707   |
| adv_min               | -2.21    |
| adv_var               | 0.0273   |
| clipfrac              | 0        |
| curr_lr               | 0.0293   |
| entropy               | 1.86     |
| eplenmean             | 347      |
| eprewmean             | 4.16     |
| fps                   | 2.51e+03 |
| grad_norm             | 0.856    |
| kl                    | 0.0118   |
| loss_pi               | -0.0258  |
| loss_v                | 0.00825  |
| lr                    | 0.0293   |
| misc/nupdates         | 439      |
| misc/serial_timesteps | 1.8e+06  |
| misc/time_elapsed     | 736      |
| misc/total_timesteps  | 1.8e+06  |
| ratio_max             | 2        |
| ratio_min             | 0.498    |
| ret_avg               | 0.0309   |
| ret_max               | 3.44     |
| ret_med               | -0.352   |
| ret_min               | -0.699   |
| ret_var               | 0.98     |
------------------------------------
------------------------------------
| action_max            | 14       |
| action_min            | 0        |
| adv_avg               | -0.707   |
| adv_max               | -0.208   |
| adv_med               | -0.703   |
| adv_min               | -1.12    |
| adv_var               | 0.00308  |
| clipfrac              | 0        |
| curr_lr               | 0.0195   |
| entropy               | 1.76     |
| eplenmean             | 272      |
| eprewmean             | 4.73     |
| fps                   | 2.51e+03 |
| grad_norm             | 0.358    |
| kl                    | 0.0176   |
| loss_pi               | -0.0725  |
| loss_v                | 0.000628 |
| lr                    | 0.0195   |
| misc/nupdates         | 449      |
| misc/serial_timesteps | 1.84e+06 |
| misc/time_elapsed     | 753      |
| misc/total_timesteps  | 1.84e+06 |
| ratio_max             | 1.54     |
| ratio_min             | 0.485    |
| ret_avg               | -0.0481  |
| ret_max               | 3.29     |
| ret_med               | -0.406   |
| ret_min               | -0.698   |
| ret_var               | 1.12     |
------------------------------------
------------------------------------
| action_max            | 14       |
| action_min            | 0        |
| adv_avg               | -0.712   |
| adv_max               | -0.079   |
| adv_med               | -0.706   |
| adv_min               | -1.97    |
| adv_var               | 0.00668  |
| clipfrac              | 0        |
| curr_lr               | 0.0195   |
| entropy               | 1.4      |
| eplenmean             | 356      |
| eprewmean             | 4.39     |
| fps                   | 2.46e+03 |
| grad_norm             | 0.317    |
| kl                    | 0.0209   |
| loss_pi               | -0.0531  |
| loss_v                | 0.00198  |
| lr                    | 0.0195   |
| misc/nupdates         | 459      |
| misc/serial_timesteps | 1.88e+06 |
| misc/time_elapsed     | 769      |
| misc/total_timesteps  | 1.88e+06 |
| ratio_max             | 2.6      |
| ratio_min             | 0.375    |
| ret_avg               | 0.43     |
| ret_max               | 3.29     |
| ret_med               | -0.385   |
| ret_min               | -0.697   |
| ret_var               | 2.23     |
------------------------------------
------------------------------------
| action_max            | 14       |
| action_min            | 0        |
| adv_avg               | -0.693   |
| adv_max               | 2.53     |
| adv_med               | -0.7     |
| adv_min               | -1.52    |
| adv_var               | 0.0318   |
| clipfrac              | 0        |
| curr_lr               | 0.0195   |
| entropy               | 1.41     |
| eplenmean             | 378      |
| eprewmean             | 4.12     |
| fps                   | 2.42e+03 |
| grad_norm             | 0.746    |
| kl                    | 0.00765  |
| loss_pi               | 0.0131   |
| loss_v                | 0.00544  |
| lr                    | 0.0195   |
| misc/nupdates         | 469      |
| misc/serial_timesteps | 1.93e+06 |
| misc/time_elapsed     | 786      |
| misc/total_timesteps  | 1.93e+06 |
| ratio_max             | 2.3      |
| ratio_min             | 0.164    |
| ret_avg               | 0.151    |
| ret_max               | 3.41     |
| ret_med               | -0.432   |
| ret_min               | -0.694   |
| ret_var               | 1.7      |
------------------------------------
------------------------------------
| action_max            | 14       |
| action_min            | 0        |
| adv_avg               | -0.694   |
| adv_max               | 0.494    |
| adv_med               | -0.697   |
| adv_min               | -1.51    |
| adv_var               | 0.0109   |
| clipfrac              | 0        |
| curr_lr               | 0.0293   |
| entropy               | 1.74     |
| eplenmean             | 362      |
| eprewmean             | 4.52     |
| fps                   | 2.41e+03 |
| grad_norm             | 0.49     |
| kl                    | 0.0423   |
| loss_pi               | -0.0517  |
| loss_v                | 0.00188  |
| lr                    | 0.0195   |
| misc/nupdates         | 479      |
| misc/serial_timesteps | 1.97e+06 |
| misc/time_elapsed     | 803      |
| misc/total_timesteps  | 1.97e+06 |
| ratio_max             | 2.57     |
| ratio_min             | 0.1      |
| ret_avg               | -0.141   |
| ret_max               | 3.51     |
| ret_med               | -0.423   |
| ret_min               | -0.694   |
| ret_var               | 0.874    |
------------------------------------
------------------------------------
| action_max            | 14       |
| action_min            | 0        |
| adv_avg               | -0.7     |
| adv_max               | 0.49     |
| adv_med               | -0.703   |
| adv_min               | -2.08    |
| adv_var               | 0.0222   |
| clipfrac              | 0        |
| curr_lr               | 0.0293   |
| entropy               | 1.54     |
| eplenmean             | 355      |
| eprewmean             | 4.33     |
| fps                   | 2.52e+03 |
| grad_norm             | 0.841    |
| kl                    | 0.0126   |
| loss_pi               | -0.0118  |
| loss_v                | 0.00783  |
| lr                    | 0.0293   |
| misc/nupdates         | 489      |
| misc/serial_timesteps | 2.01e+06 |
| misc/time_elapsed     | 820      |
| misc/total_timesteps  | 2.01e+06 |
| ratio_max             | 2.42     |
| ratio_min             | 0.321    |
| ret_avg               | 0.279    |
| ret_max               | 3.3      |
| ret_med               | -0.393   |
| ret_min               | -0.693   |
| ret_var               | 1.7      |
------------------------------------
------------------------------------
| action_max            | 14       |
| action_min            | 0        |
| adv_avg               | -0.693   |
| adv_max               | 0.424    |
| adv_med               | -0.697   |
| adv_min               | -1.97    |
| adv_var               | 0.0186   |
| clipfrac              | 0        |
| curr_lr               | 0.0293   |
| entropy               | 1.68     |
| eplenmean             | 364      |
| eprewmean             | 3.61     |
| fps                   | 2.43e+03 |
| grad_norm             | 0.681    |
| kl                    | 0.0237   |
| loss_pi               | -0.0132  |
| loss_v                | 0.00479  |
| lr                    | 0.0293   |
| misc/nupdates         | 499      |
| misc/serial_timesteps | 2.05e+06 |
| misc/time_elapsed     | 836      |
| misc/total_timesteps  | 2.05e+06 |
| ratio_max             | 2.37     |
| ratio_min             | 0.115    |
| ret_avg               | -0.102   |
| ret_max               | 3.33     |
| ret_med               | -0.32    |
| ret_min               | -0.691   |
| ret_var               | 0.697    |
------------------------------------
------------------------------------
| action_max            | 14       |
| action_min            | 0        |
| adv_avg               | -0.709   |
| adv_max               | 0.472    |
| adv_med               | -0.698   |
| adv_min               | -2.35    |
| adv_var               | 0.0186   |
| clipfrac              | 0        |
| curr_lr               | 0.0195   |
| entropy               | 1.64     |
| eplenmean             | 369      |
| eprewmean             | 4.24     |
| fps                   | 2.43e+03 |
| grad_norm             | 0.335    |
| kl                    | 0.0104   |
| loss_pi               | -0.0113  |
| loss_v                | 0.00249  |
| lr                    | 0.0195   |
| misc/nupdates         | 509      |
| misc/serial_timesteps | 2.09e+06 |
| misc/time_elapsed     | 853      |
| misc/total_timesteps  | 2.09e+06 |
| ratio_max             | 2.4      |
| ratio_min             | 0.218    |
| ret_avg               | -0.0196  |
| ret_max               | 3.4      |
| ret_med               | -0.401   |
| ret_min               | -0.691   |
| ret_var               | 1.21     |
------------------------------------
------------------------------------
| action_max            | 14       |
| action_min            | 0        |
| adv_avg               | -0.702   |
| adv_max               | 0.477    |
| adv_med               | -0.697   |
| adv_min               | -1.5     |
| adv_var               | 0.00947  |
| clipfrac              | 0        |
| curr_lr               | 0.0195   |
| entropy               | 1.8      |
| eplenmean             | 342      |
| eprewmean             | 4.35     |
| fps                   | 2.42e+03 |
| grad_norm             | 0.535    |
| kl                    | 0.00703  |
| loss_pi               | -0.0395  |
| loss_v                | 0.0066   |
| lr                    | 0.0195   |
| misc/nupdates         | 519      |
| misc/serial_timesteps | 2.13e+06 |
| misc/time_elapsed     | 870      |
| misc/total_timesteps  | 2.13e+06 |
| ratio_max             | 1.89     |
| ratio_min             | 0.319    |
| ret_avg               | -0.181   |
| ret_max               | 3.4      |
| ret_med               | -0.376   |
| ret_min               | -0.69    |
| ret_var               | 0.636    |
------------------------------------
------------------------------------
| action_max            | 14       |
| action_min            | 0        |
| adv_avg               | -0.682   |
| adv_max               | 1.89     |
| adv_med               | -0.691   |
| adv_min               | -1.26    |
| adv_var               | 0.0294   |
| clipfrac              | 0        |
| curr_lr               | 0.0195   |
| entropy               | 1.62     |
| eplenmean             | 337      |
| eprewmean             | 5.37     |
| fps                   | 2.51e+03 |
| grad_norm             | 0.225    |
| kl                    | 0.0104   |
| loss_pi               | 0.023    |
| loss_v                | 0.0017   |
| lr                    | 0.0195   |
| misc/nupdates         | 529      |
| misc/serial_timesteps | 2.17e+06 |
| misc/time_elapsed     | 887      |
| misc/total_timesteps  | 2.17e+06 |
| ratio_max             | 3.68     |
| ratio_min             | 0.1      |
| ret_avg               | 0.0237   |
| ret_max               | 3.4      |
| ret_med               | -0.391   |
| ret_min               | -0.689   |
| ret_var               | 1.3      |
------------------------------------
------------------------------------
| action_max            | 14       |
| action_min            | 0        |
| adv_avg               | -0.702   |
| adv_max               | 0.519    |
| adv_med               | -0.698   |
| adv_min               | -1.65    |
| adv_var               | 0.0136   |
| clipfrac              | 0        |
| curr_lr               | 0.0195   |
| entropy               | 1.47     |
| eplenmean             | 344      |
| eprewmean             | 4.29     |
| fps                   | 2.49e+03 |
| grad_norm             | 0.427    |
| kl                    | 0.0177   |
| loss_pi               | -0.108   |
| loss_v                | 0.00452  |
| lr                    | 0.0195   |
| misc/nupdates         | 539      |
| misc/serial_timesteps | 2.21e+06 |
| misc/time_elapsed     | 903      |
| misc/total_timesteps  | 2.21e+06 |
| ratio_max             | 3.47     |
| ratio_min             | 0.329    |
| ret_avg               | 0.112    |
| ret_max               | 3.37     |
| ret_med               | -0.361   |
| ret_min               | -0.688   |
| ret_var               | 1.3      |
------------------------------------
------------------------------------
| action_max            | 14       |
| action_min            | 0        |
| adv_avg               | -0.695   |
| adv_max               | 0.463    |
| adv_med               | -0.694   |
| adv_min               | -1.08    |
| adv_var               | 0.00733  |
| clipfrac              | 0        |
| curr_lr               | 0.013    |
| entropy               | 1.51     |
| eplenmean             | 393      |
| eprewmean             | 4.63     |
| fps                   | 2.41e+03 |
| grad_norm             | 0.503    |
| kl                    | 0.00661  |
| loss_pi               | -0.00851 |
| loss_v                | 0.00149  |
| lr                    | 0.013    |
| misc/nupdates         | 549      |
| misc/serial_timesteps | 2.25e+06 |
| misc/time_elapsed     | 920      |
| misc/total_timesteps  | 2.25e+06 |
| ratio_max             | 2.3      |
| ratio_min             | 0.435    |
| ret_avg               | -0.163   |
| ret_max               | 3.33     |
| ret_med               | -0.43    |
| ret_min               | -0.688   |
| ret_var               | 0.787    |
------------------------------------
------------------------------------
| action_max            | 14       |
| action_min            | 0        |
| adv_avg               | -0.714   |
| adv_max               | -0.482   |
| adv_med               | -0.692   |
| adv_min               | -3.75    |
| adv_var               | 0.0271   |
| clipfrac              | 0        |
| curr_lr               | 0.0195   |
| entropy               | 1.52     |
| eplenmean             | 479      |
| eprewmean             | 3.77     |
| fps                   | 2.52e+03 |
| grad_norm             | 0.675    |
| kl                    | 0.0108   |
| loss_pi               | -0.0169  |
| loss_v                | 0.00543  |
| lr                    | 0.0195   |
| misc/nupdates         | 559      |
| misc/serial_timesteps | 2.29e+06 |
| misc/time_elapsed     | 937      |
| misc/total_timesteps  | 2.29e+06 |
| ratio_max             | 1.72     |
| ratio_min             | 0.567    |
| ret_avg               | -0.226   |
| ret_max               | 3.32     |
| ret_med               | -0.416   |
| ret_min               | -0.686   |
| ret_var               | 0.477    |
------------------------------------
------------------------------------
| action_max            | 14       |
| action_min            | 0        |
| adv_avg               | -0.688   |
| adv_max               | 0.406    |
| adv_med               | -0.687   |
| adv_min               | -2.09    |
| adv_var               | 0.0201   |
| clipfrac              | 0        |
| curr_lr               | 0.0195   |
| entropy               | 1.38     |
| eplenmean             | 349      |
| eprewmean             | 5.05     |
| fps                   | 2.52e+03 |
| grad_norm             | 0.603    |
| kl                    | 0.00931  |
| loss_pi               | -0.139   |
| loss_v                | 0.00529  |
| lr                    | 0.0195   |
| misc/nupdates         | 569      |
| misc/serial_timesteps | 2.33e+06 |
| misc/time_elapsed     | 953      |
| misc/total_timesteps  | 2.33e+06 |
| ratio_max             | 1.76     |
| ratio_min             | 0.48     |
| ret_avg               | 0.123    |
| ret_max               | 3.37     |
| ret_med               | -0.407   |
| ret_min               | -0.685   |
| ret_var               | 1.53     |
------------------------------------
------------------------------------
| action_max            | 14       |
| action_min            | 0        |
| adv_avg               | -0.704   |
| adv_max               | -0.225   |
| adv_med               | -0.692   |
| adv_min               | -1.5     |
| adv_var               | 0.00592  |
| clipfrac              | 0        |
| curr_lr               | 0.0195   |
| entropy               | 1.66     |
| eplenmean             | 336      |
| eprewmean             | 4.48     |
| fps                   | 2.45e+03 |
| grad_norm             | 0.397    |
| kl                    | 0.0135   |
| loss_pi               | -0.0448  |
| loss_v                | 0.00136  |
| lr                    | 0.0195   |
| misc/nupdates         | 579      |
| misc/serial_timesteps | 2.38e+06 |
| misc/time_elapsed     | 970      |
| misc/total_timesteps  | 2.38e+06 |
| ratio_max             | 1.52     |
| ratio_min             | 0.522    |
| ret_avg               | 0.0164   |
| ret_max               | 3.38     |
| ret_med               | -0.385   |
| ret_min               | -0.684   |
| ret_var               | 1.25     |
------------------------------------
------------------------------------
| action_max            | 14       |
| action_min            | 0        |
| adv_avg               | -0.696   |
| adv_max               | -0.165   |
| adv_med               | -0.688   |
| adv_min               | -1.16    |
| adv_var               | 0.00349  |
| clipfrac              | 0        |
| curr_lr               | 0.0195   |
| entropy               | 1.4      |
| eplenmean             | 386      |
| eprewmean             | 4.08     |
| fps                   | 2.4e+03  |
| grad_norm             | 0.483    |
| kl                    | 0.00871  |
| loss_pi               | -0.0998  |
| loss_v                | 0.00117  |
| lr                    | 0.0195   |
| misc/nupdates         | 589      |
| misc/serial_timesteps | 2.42e+06 |
| misc/time_elapsed     | 987      |
| misc/total_timesteps  | 2.42e+06 |
| ratio_max             | 1.62     |
| ratio_min             | 0.474    |
| ret_avg               | -0.253   |
| ret_max               | 3.56     |
| ret_med               | -0.415   |
| ret_min               | -0.683   |
| ret_var               | 0.591    |
------------------------------------
------------------------------------
| action_max            | 14       |
| action_min            | 0        |
| adv_avg               | -0.695   |
| adv_max               | -0.425   |
| adv_med               | -0.686   |
| adv_min               | -1.93    |
| adv_var               | 0.00578  |
| clipfrac              | 0        |
| curr_lr               | 0.0195   |
| entropy               | 1.52     |
| eplenmean             | 390      |
| eprewmean             | 4.06     |
| fps                   | 2.42e+03 |
| grad_norm             | 0.284    |
| kl                    | 0.0137   |
| loss_pi               | -0.0655  |
| loss_v                | 0.000491 |
| lr                    | 0.0195   |
| misc/nupdates         | 599      |
| misc/serial_timesteps | 2.46e+06 |
| misc/time_elapsed     | 1e+03    |
| misc/total_timesteps  | 2.46e+06 |
| ratio_max             | 1.93     |
| ratio_min             | 0.185    |
| ret_avg               | -0.343   |
| ret_max               | 3.08     |
| ret_med               | -0.471   |
| ret_min               | -0.681   |
| ret_var               | 0.327    |
------------------------------------
------------------------------------
| action_max            | 14       |
| action_min            | 0        |
| adv_avg               | -0.696   |
| adv_max               | -0.416   |
| adv_med               | -0.686   |
| adv_min               | -1.46    |
| adv_var               | 0.00354  |
| clipfrac              | 0        |
| curr_lr               | 0.0195   |
| entropy               | 1.71     |
| eplenmean             | 427      |
| eprewmean             | 3.88     |
| fps                   | 2.51e+03 |
| grad_norm             | 0.328    |
| kl                    | 0.0453   |
| loss_pi               | -0.118   |
| loss_v                | 0.000815 |
| lr                    | 0.013    |
| misc/nupdates         | 609      |
| misc/serial_timesteps | 2.5e+06  |
| misc/time_elapsed     | 1.02e+03 |
| misc/total_timesteps  | 2.5e+06  |
| ratio_max             | 3.94     |
| ratio_min             | 0.1      |
| ret_avg               | -0.397   |
| ret_max               | -0.106   |
| ret_med               | -0.41    |
| ret_min               | -0.68    |
| ret_var               | 0.00546  |
------------------------------------
------------------------------------
| action_max            | 14       |
| action_min            | 0        |
| adv_avg               | -0.684   |
| adv_max               | 0.677    |
| adv_med               | -0.684   |
| adv_min               | -1.59    |
| adv_var               | 0.015    |
| clipfrac              | 0        |
| curr_lr               | 0.0293   |
| entropy               | 1.64     |
| eplenmean             | 413      |
| eprewmean             | 4.38     |
| fps                   | 2.5e+03  |
| grad_norm             | 0.35     |
| kl                    | 0.0344   |
| loss_pi               | -0.037   |
| loss_v                | 0.0011   |
| lr                    | 0.0293   |
| misc/nupdates         | 619      |
| misc/serial_timesteps | 2.54e+06 |
| misc/time_elapsed     | 1.04e+03 |
| misc/total_timesteps  | 2.54e+06 |
| ratio_max             | 5.52     |
| ratio_min             | 0.139    |
| ret_avg               | -0.266   |
| ret_max               | 3.34     |
| ret_med               | -0.364   |
| ret_min               | -0.679   |
| ret_var               | 0.245    |
------------------------------------
------------------------------------
| action_max            | 14       |
| action_min            | 0        |
| adv_avg               | -0.693   |
| adv_max               | 0.445    |
| adv_med               | -0.69    |
| adv_min               | -1.65    |
| adv_var               | 0.0121   |
| clipfrac              | 0        |
| curr_lr               | 0.013    |
| entropy               | 1.46     |
| eplenmean             | 335      |
| eprewmean             | 4.38     |
| fps                   | 2.42e+03 |
| grad_norm             | 0.615    |
| kl                    | 0.00856  |
| loss_pi               | -0.0231  |
| loss_v                | 0.00689  |
| lr                    | 0.013    |
| misc/nupdates         | 629      |
| misc/serial_timesteps | 2.58e+06 |
| misc/time_elapsed     | 1.05e+03 |
| misc/total_timesteps  | 2.58e+06 |
| ratio_max             | 1.71     |
| ratio_min             | 0.43     |
| ret_avg               | 0.0227   |
| ret_max               | 3.41     |
| ret_med               | -0.409   |
| ret_min               | -0.678   |
| ret_var               | 1.17     |
------------------------------------
------------------------------------
| action_max            | 14       |
| action_min            | 0        |
| adv_avg               | -0.691   |
| adv_max               | 0.461    |
| adv_med               | -0.689   |
| adv_min               | -1.52    |
| adv_var               | 0.0187   |
| clipfrac              | 0        |
| curr_lr               | 0.0195   |
| entropy               | 1.38     |
| eplenmean             | 345      |
| eprewmean             | 5.35     |
| fps                   | 2.52e+03 |
| grad_norm             | 1.77     |
| kl                    | 0.00475  |
| loss_pi               | -0.0337  |
| loss_v                | 0.0116   |
| lr                    | 0.0293   |
| misc/nupdates         | 639      |
| misc/serial_timesteps | 2.62e+06 |
| misc/time_elapsed     | 1.07e+03 |
| misc/total_timesteps  | 2.62e+06 |
| ratio_max             | 1.74     |
| ratio_min             | 0.628    |
| ret_avg               | 0.0899   |
| ret_max               | 3.36     |
| ret_med               | -0.366   |
| ret_min               | -0.68    |
| ret_var               | 0.616    |
------------------------------------
------------------------------------
| action_max            | 14       |
| action_min            | 0        |
| adv_avg               | -0.69    |
| adv_max               | 0.301    |
| adv_med               | -0.689   |
| adv_min               | -1.19    |
| adv_var               | 0.00689  |
| clipfrac              | 0        |
| curr_lr               | 0.0195   |
| entropy               | 1.46     |
| eplenmean             | 364      |
| eprewmean             | 4.35     |
| fps                   | 2.45e+03 |
| grad_norm             | 0.478    |
| kl                    | 0.0133   |
| loss_pi               | -0.0876  |
| loss_v                | 0.00296  |
| lr                    | 0.0195   |
| misc/nupdates         | 649      |
| misc/serial_timesteps | 2.66e+06 |
| misc/time_elapsed     | 1.09e+03 |
| misc/total_timesteps  | 2.66e+06 |
| ratio_max             | 2.21     |
| ratio_min             | 0.342    |
| ret_avg               | -0.0122  |
| ret_max               | 3.42     |
| ret_med               | -0.254   |
| ret_min               | -0.683   |
| ret_var               | 0.674    |
------------------------------------
------------------------------------
| action_max            | 14       |
| action_min            | 0        |
| adv_avg               | -0.702   |
| adv_max               | -0.24    |
| adv_med               | -0.691   |
| adv_min               | -1.41    |
| adv_var               | 0.0084   |
| clipfrac              | 0        |
| curr_lr               | 0.0195   |
| entropy               | 1.4      |
| eplenmean             | 407      |
| eprewmean             | 4.03     |
| fps                   | 2.43e+03 |
| grad_norm             | 0.41     |
| kl                    | 0.0203   |
| loss_pi               | -0.0964  |
| loss_v                | 0.00188  |
| lr                    | 0.0195   |
| misc/nupdates         | 659      |
| misc/serial_timesteps | 2.7e+06  |
| misc/time_elapsed     | 1.1e+03  |
| misc/total_timesteps  | 2.7e+06  |
| ratio_max             | 1.81     |
| ratio_min             | 0.247    |
| ret_avg               | 0.15     |
| ret_max               | 3.54     |
| ret_med               | -0.311   |
| ret_min               | -0.683   |
| ret_var               | 1.47     |
------------------------------------
------------------------------------
| action_max            | 14       |
| action_min            | 0        |
| adv_avg               | -0.702   |
| adv_max               | 2.14     |
| adv_med               | -0.688   |
| adv_min               | -3.63    |
| adv_var               | 0.0731   |
| clipfrac              | 0        |
| curr_lr               | 0.013    |
| entropy               | 1.54     |
| eplenmean             | 455      |
| eprewmean             | 3.79     |
| fps                   | 2.45e+03 |
| grad_norm             | 1.12     |
| kl                    | 0.00616  |
| loss_pi               | -0.0654  |
| loss_v                | 0.0148   |
| lr                    | 0.013    |
| misc/nupdates         | 669      |
| misc/serial_timesteps | 2.74e+06 |
| misc/time_elapsed     | 1.12e+03 |
| misc/total_timesteps  | 2.74e+06 |
| ratio_max             | 2.44     |
| ratio_min             | 0.768    |
| ret_avg               | -0.163   |
| ret_max               | 3.19     |
| ret_med               | -0.378   |
| ret_min               | -0.683   |
| ret_var               | 0.51     |
------------------------------------
------------------------------------
| action_max            | 14       |
| action_min            | 0        |
| adv_avg               | -0.695   |
| adv_max               | -0.294   |
| adv_med               | -0.688   |
| adv_min               | -1.5     |
| adv_var               | 0.00382  |
| clipfrac              | 0        |
| curr_lr               | 0.013    |
| entropy               | 1.41     |
| eplenmean             | 373      |
| eprewmean             | 3.99     |
| fps                   | 2.5e+03  |
| grad_norm             | 0.507    |
| kl                    | 0.0108   |
| loss_pi               | -0.057   |
| loss_v                | 0.00111  |
| lr                    | 0.013    |
| misc/nupdates         | 679      |
| misc/serial_timesteps | 2.79e+06 |
| misc/time_elapsed     | 1.14e+03 |
| misc/total_timesteps  | 2.79e+06 |
| ratio_max             | 2.38     |
| ratio_min             | 0.482    |
| ret_avg               | -0.164   |
| ret_max               | 3.38     |
| ret_med               | -0.396   |
| ret_min               | -0.683   |
| ret_var               | 0.805    |
------------------------------------
------------------------------------
| action_max            | 14       |
| action_min            | 0        |
| adv_avg               | -0.698   |
| adv_max               | -0.468   |
| adv_med               | -0.687   |
| adv_min               | -1.39    |
| adv_var               | 0.00376  |
| clipfrac              | 0        |
| curr_lr               | 0.013    |
| entropy               | 1.32     |
| eplenmean             | 403      |
| eprewmean             | 4.32     |
| fps                   | 2.51e+03 |
| grad_norm             | 0.736    |
| kl                    | 0.0045   |
| loss_pi               | -0.0503  |
| loss_v                | 0.00163  |
| lr                    | 0.0195   |
| misc/nupdates         | 689      |
| misc/serial_timesteps | 2.83e+06 |
| misc/time_elapsed     | 1.15e+03 |
| misc/total_timesteps  | 2.83e+06 |
| ratio_max             | 1.37     |
| ratio_min             | 0.614    |
| ret_avg               | -0.272   |
| ret_max               | 3.46     |
| ret_med               | -0.411   |
| ret_min               | -0.681   |
| ret_var               | 0.404    |
------------------------------------
------------------------------------
| action_max            | 14       |
| action_min            | 0        |
| adv_avg               | -0.702   |
| adv_max               | 0.235    |
| adv_med               | -0.685   |
| adv_min               | -1.61    |
| adv_var               | 0.0149   |
| clipfrac              | 0        |
| curr_lr               | 0.0195   |
| entropy               | 1.37     |
| eplenmean             | 389      |
| eprewmean             | 4.89     |
| fps                   | 2.5e+03  |
| grad_norm             | 0.713    |
| kl                    | 0.00696  |
| loss_pi               | -0.0526  |
| loss_v                | 0.00697  |
| lr                    | 0.0195   |
| misc/nupdates         | 699      |
| misc/serial_timesteps | 2.87e+06 |
| misc/time_elapsed     | 1.17e+03 |
| misc/total_timesteps  | 2.87e+06 |
| ratio_max             | 1.41     |
| ratio_min             | 0.566    |
| ret_avg               | -0.0112  |
| ret_max               | 3.47     |
| ret_med               | -0.363   |
| ret_min               | -0.681   |
| ret_var               | 1.07     |
------------------------------------
------------------------------------
| action_max            | 14       |
| action_min            | 0        |
| adv_avg               | -0.687   |
| adv_max               | 0.179    |
| adv_med               | -0.685   |
| adv_min               | -1.56    |
| adv_var               | 0.00532  |
| clipfrac              | 0        |
| curr_lr               | 0.0293   |
| entropy               | 1.7      |
| eplenmean             | 427      |
| eprewmean             | 3.94     |
| fps                   | 2.44e+03 |
| grad_norm             | 0.341    |
| kl                    | 0.0244   |
| loss_pi               | -0.0452  |
| loss_v                | 0.000617 |
| lr                    | 0.0293   |
| misc/nupdates         | 709      |
| misc/serial_timesteps | 2.91e+06 |
| misc/time_elapsed     | 1.19e+03 |
| misc/total_timesteps  | 2.91e+06 |
| ratio_max             | 2.07     |
| ratio_min             | 0.326    |
| ret_avg               | -0.261   |
| ret_max               | 3.39     |
| ret_med               | -0.432   |
| ret_min               | -0.68    |
| ret_var               | 0.573    |
------------------------------------
------------------------------------
| action_max            | 14       |
| action_min            | 0        |
| adv_avg               | -0.674   |
| adv_max               | 0.0594   |
| adv_med               | -0.681   |
| adv_min               | -1.21    |
| adv_var               | 0.0112   |
| clipfrac              | 0        |
| curr_lr               | 0.0439   |
| entropy               | 1.61     |
| eplenmean             | 266      |
| eprewmean             | 4.13     |
| fps                   | 2.42e+03 |
| grad_norm             | 1.13     |
| kl                    | 0.0124   |
| loss_pi               | -0.0828  |
| loss_v                | 0.0073   |
| lr                    | 0.0439   |
| misc/nupdates         | 719      |
| misc/serial_timesteps | 2.95e+06 |
| misc/time_elapsed     | 1.2e+03  |
| misc/total_timesteps  | 2.95e+06 |
| ratio_max             | 1.98     |
| ratio_min             | 0.45     |
| ret_avg               | -0.0836  |
| ret_max               | 3.39     |
| ret_med               | -0.464   |
| ret_min               | -0.678   |
| ret_var               | 1.21     |
------------------------------------
-------------------------------------
| action_max            | 14        |
| action_min            | 0         |
| adv_avg               | -0.69     |
| adv_max               | -0.15     |
| adv_med               | -0.686    |
| adv_min               | -1.37     |
| adv_var               | 0.00824   |
| clipfrac              | 0         |
| curr_lr               | 0.0293    |
| entropy               | 1.44      |
| eplenmean             | 297       |
| eprewmean             | 4.99      |
| fps                   | 2.5e+03   |
| grad_norm             | 3.53      |
| kl                    | 0.0207    |
| loss_pi               | -0.000475 |
| loss_v                | 0.0149    |
| lr                    | 0.0293    |
| misc/nupdates         | 729       |
| misc/serial_timesteps | 2.99e+06  |
| misc/time_elapsed     | 1.22e+03  |
| misc/total_timesteps  | 2.99e+06  |
| ratio_max             | 4.73      |
| ratio_min             | 0.303     |
| ret_avg               | 0.356     |
| ret_max               | 3.36      |
| ret_med               | -0.35     |
| ret_min               | -0.679    |
| ret_var               | 1.65      |
-------------------------------------
------------------------------------
| action_max            | 14       |
| action_min            | 0        |
| adv_avg               | -0.693   |
| adv_max               | 0.497    |
| adv_med               | -0.686   |
| adv_min               | -2.18    |
| adv_var               | 0.0202   |
| clipfrac              | 0        |
| curr_lr               | 0.0658   |
| entropy               | 1.55     |
| eplenmean             | 246      |
| eprewmean             | 3.56     |
| fps                   | 2.45e+03 |
| grad_norm             | 0.752    |
| kl                    | 0.0856   |
| loss_pi               | -0.112   |
| loss_v                | 0.0148   |
| lr                    | 0.0439   |
| misc/nupdates         | 739      |
| misc/serial_timesteps | 3.03e+06 |
| misc/time_elapsed     | 1.24e+03 |
| misc/total_timesteps  | 3.03e+06 |
| ratio_max             | 10       |
| ratio_min             | 0.1      |
| ret_avg               | 0.244    |
| ret_max               | 4.32     |
| ret_med               | -0.298   |
| ret_min               | -0.678   |
| ret_var               | 1.95     |
------------------------------------
------------------------------------
| action_max            | 14       |
| action_min            | 0        |
| adv_avg               | -0.689   |
| adv_max               | 0.521    |
| adv_med               | -0.685   |
| adv_min               | -1.38    |
| adv_var               | 0.0101   |
| clipfrac              | 0        |
| curr_lr               | 0.0293   |
| entropy               | 1.62     |
| eplenmean             | 371      |
| eprewmean             | 4.05     |
| fps                   | 2.4e+03  |
| grad_norm             | 0.352    |
| kl                    | 0.103    |
| loss_pi               | -0.103   |
| loss_v                | 0.0062   |
| lr                    | 0.0195   |
| misc/nupdates         | 749      |
| misc/serial_timesteps | 3.07e+06 |
| misc/time_elapsed     | 1.25e+03 |
| misc/total_timesteps  | 3.07e+06 |
| ratio_max             | 6.16     |
| ratio_min             | 0.1      |
| ret_avg               | -0.113   |
| ret_max               | 3.34     |
| ret_med               | -0.411   |
| ret_min               | -0.677   |
| ret_var               | 0.933    |
------------------------------------
------------------------------------
| action_max            | 14       |
| action_min            | 0        |
| adv_avg               | -0.7     |
| adv_max               | 0.149    |
| adv_med               | -0.682   |
| adv_min               | -2.54    |
| adv_var               | 0.0201   |
| clipfrac              | 0        |
| curr_lr               | 0.013    |
| entropy               | 1.47     |
| eplenmean             | 338      |
| eprewmean             | 4.13     |
| fps                   | 2.44e+03 |
| grad_norm             | 0.711    |
| kl                    | 0.00772  |
| loss_pi               | -0.0229  |
| loss_v                | 0.00219  |
| lr                    | 0.013    |
| misc/nupdates         | 759      |
| misc/serial_timesteps | 3.11e+06 |
| misc/time_elapsed     | 1.27e+03 |
| misc/total_timesteps  | 3.11e+06 |
| ratio_max             | 1.79     |
| ratio_min             | 0.17     |
| ret_avg               | -0.204   |
| ret_max               | 3.36     |
| ret_med               | -0.405   |
| ret_min               | -0.676   |
| ret_var               | 0.552    |
------------------------------------
------------------------------------
| action_max            | 14       |
| action_min            | 0        |
| adv_avg               | -0.669   |
| adv_max               | 1.34     |
| adv_med               | -0.682   |
| adv_min               | -1.25    |
| adv_var               | 0.0269   |
| clipfrac              | 0        |
| curr_lr               | 0.0195   |
| entropy               | 1.42     |
| eplenmean             | 349      |
| eprewmean             | 5.91     |
| fps                   | 2.42e+03 |
| grad_norm             | 1.03     |
| kl                    | 0.0184   |
| loss_pi               | -0.119   |
| loss_v                | 0.0115   |
| lr                    | 0.0195   |
| misc/nupdates         | 769      |
| misc/serial_timesteps | 3.15e+06 |
| misc/time_elapsed     | 1.29e+03 |
| misc/total_timesteps  | 3.15e+06 |
| ratio_max             | 1.71     |
| ratio_min             | 0.114    |
| ret_avg               | 0.208    |
| ret_max               | 3.33     |
| ret_med               | -0.363   |
| ret_min               | -0.676   |
| ret_var               | 1.52     |
------------------------------------
------------------------------------
| action_max            | 14       |
| action_min            | 0        |
| adv_avg               | -0.683   |
| adv_max               | 0.695    |
| adv_med               | -0.681   |
| adv_min               | -1.19    |
| adv_var               | 0.0115   |
| clipfrac              | 0        |
| curr_lr               | 0.0195   |
| entropy               | 1.54     |
| eplenmean             | 426      |
| eprewmean             | 4.37     |
| fps                   | 2.51e+03 |
| grad_norm             | 0.255    |
| kl                    | 0.0191   |
| loss_pi               | -0.0455  |
| loss_v                | 0.000705 |
| lr                    | 0.0195   |
| misc/nupdates         | 779      |
| misc/serial_timesteps | 3.19e+06 |
| misc/time_elapsed     | 1.31e+03 |
| misc/total_timesteps  | 3.19e+06 |
| ratio_max             | 2.05     |
| ratio_min             | 0.184    |
| ret_avg               | -0.158   |
| ret_max               | 3.41     |
| ret_med               | -0.393   |
| ret_min               | -0.676   |
| ret_var               | 0.736    |
------------------------------------
-------------------------------------
| action_max            | 14        |
| action_min            | 0         |
| adv_avg               | -0.69     |
| adv_max               | -0.26     |
| adv_med               | -0.68     |
| adv_min               | -1.77     |
| adv_var               | 0.00552   |
| clipfrac              | 0         |
| curr_lr               | 0.0195    |
| entropy               | 1.69      |
| eplenmean             | 404       |
| eprewmean             | 3.93      |
| fps                   | 2.45e+03  |
| grad_norm             | 0.318     |
| kl                    | 0.0431    |
| loss_pi               | -0.0735   |
| loss_v                | -0.000972 |
| lr                    | 0.013     |
| misc/nupdates         | 789       |
| misc/serial_timesteps | 3.24e+06  |
| misc/time_elapsed     | 1.32e+03  |
| misc/total_timesteps  | 3.24e+06  |
| ratio_max             | 2.01      |
| ratio_min             | 0.22      |
| ret_avg               | -0.241    |
| ret_max               | 3.35      |
| ret_med               | -0.397    |
| ret_min               | -0.676    |
| ret_var               | 0.443     |
-------------------------------------
------------------------------------
| action_max            | 14       |
| action_min            | 0        |
| adv_avg               | -0.69    |
| adv_max               | 0.551    |
| adv_med               | -0.684   |
| adv_min               | -1.78    |
| adv_var               | 0.0116   |
| clipfrac              | 0        |
| curr_lr               | 0.013    |
| entropy               | 1.45     |
| eplenmean             | 459      |
| eprewmean             | 3.64     |
| fps                   | 2.43e+03 |
| grad_norm             | 0.92     |
| kl                    | 0.00865  |
| loss_pi               | -0.0735  |
| loss_v                | 0.00698  |
| lr                    | 0.013    |
| misc/nupdates         | 799      |
| misc/serial_timesteps | 3.28e+06 |
| misc/time_elapsed     | 1.34e+03 |
| misc/total_timesteps  | 3.28e+06 |
| ratio_max             | 1.54     |
| ratio_min             | 0.37     |
| ret_avg               | 0.137    |
| ret_max               | 3.38     |
| ret_med               | -0.372   |
| ret_min               | -0.675   |
| ret_var               | 1.27     |
------------------------------------
------------------------------------
| action_max            | 14       |
| action_min            | 0        |
| adv_avg               | -0.689   |
| adv_max               | 0.207    |
| adv_med               | -0.68    |
| adv_min               | -1.23    |
| adv_var               | 0.00729  |
| clipfrac              | 0        |
| curr_lr               | 0.0195   |
| entropy               | 1.43     |
| eplenmean             | 393      |
| eprewmean             | 4.5      |
| fps                   | 2.42e+03 |
| grad_norm             | 0.443    |
| kl                    | 0.0233   |
| loss_pi               | -0.0549  |
| loss_v                | 0.0023   |
| lr                    | 0.0195   |
| misc/nupdates         | 809      |
| misc/serial_timesteps | 3.32e+06 |
| misc/time_elapsed     | 1.36e+03 |
| misc/total_timesteps  | 3.32e+06 |
| ratio_max             | 2.23     |
| ratio_min             | 0.288    |
| ret_avg               | -0.0713  |
| ret_max               | 3.4      |
| ret_med               | -0.421   |
| ret_min               | -0.674   |
| ret_var               | 1.08     |
------------------------------------
------------------------------------
| action_max            | 14       |
| action_min            | 0        |
| adv_avg               | -0.67    |
| adv_max               | 0.385    |
| adv_med               | -0.679   |
| adv_min               | -1.49    |
| adv_var               | 0.0155   |
| clipfrac              | 0        |
| curr_lr               | 0.013    |
| entropy               | 1.37     |
| eplenmean             | 388      |
| eprewmean             | 4.83     |
| fps                   | 2.51e+03 |
| grad_norm             | 0.877    |
| kl                    | 0.00454  |
| loss_pi               | 0.041    |
| loss_v                | 0.00293  |
| lr                    | 0.0195   |
| misc/nupdates         | 819      |
| misc/serial_timesteps | 3.36e+06 |
| misc/time_elapsed     | 1.37e+03 |
| misc/total_timesteps  | 3.36e+06 |
| ratio_max             | 1.83     |
| ratio_min             | 0.572    |
| ret_avg               | 0.135    |
| ret_max               | 3.4      |
| ret_med               | -0.406   |
| ret_min               | -0.675   |
| ret_var               | 1.3      |
------------------------------------
------------------------------------
| action_max            | 14       |
| action_min            | 0        |
| adv_avg               | -0.684   |
| adv_max               | -0.146   |
| adv_med               | -0.677   |
| adv_min               | -1.96    |
| adv_var               | 0.00822  |
| clipfrac              | 0        |
| curr_lr               | 0.0195   |
| entropy               | 1.47     |
| eplenmean             | 369      |
| eprewmean             | 4.75     |
| fps                   | 2.53e+03 |
| grad_norm             | 0.397    |
| kl                    | 0.031    |
| loss_pi               | -0.0865  |
| loss_v                | 0.00124  |
| lr                    | 0.0195   |
| misc/nupdates         | 829      |
| misc/serial_timesteps | 3.4e+06  |
| misc/time_elapsed     | 1.39e+03 |
| misc/total_timesteps  | 3.4e+06  |
| ratio_max             | 2.63     |
| ratio_min             | 0.411    |
| ret_avg               | -0.0644  |
| ret_max               | 3.36     |
| ret_med               | -0.389   |
| ret_min               | -0.674   |
| ret_var               | 0.847    |
------------------------------------
------------------------------------
| action_max            | 14       |
| action_min            | 0        |
| adv_avg               | -0.696   |
| adv_max               | 0.257    |
| adv_med               | -0.686   |
| adv_min               | -1.31    |
| adv_var               | 0.0118   |
| clipfrac              | 0        |
| curr_lr               | 0.013    |
| entropy               | 1.53     |
| eplenmean             | 430      |
| eprewmean             | 3.73     |
| fps                   | 2.43e+03 |
| grad_norm             | 0.407    |
| kl                    | 0.012    |
| loss_pi               | 0.0435   |
| loss_v                | 0.00545  |
| lr                    | 0.013    |
| misc/nupdates         | 839      |
| misc/serial_timesteps | 3.44e+06 |
| misc/time_elapsed     | 1.41e+03 |
| misc/total_timesteps  | 3.44e+06 |
| ratio_max             | 1.94     |
| ratio_min             | 0.273    |
| ret_avg               | -0.0375  |
| ret_max               | 3.36     |
| ret_med               | -0.254   |
| ret_min               | -0.676   |
| ret_var               | 0.689    |
------------------------------------
------------------------------------
| action_max            | 14       |
| action_min            | 0        |
| adv_avg               | -0.68    |
| adv_max               | 0.663    |
| adv_med               | -0.68    |
| adv_min               | -1.27    |
| adv_var               | 0.0105   |
| clipfrac              | 0        |
| curr_lr               | 0.013    |
| entropy               | 1.49     |
| eplenmean             | 364      |
| eprewmean             | 4.74     |
| fps                   | 2.42e+03 |
| grad_norm             | 0.39     |
| kl                    | 0.00978  |
| loss_pi               | -0.0275  |
| loss_v                | 0.0028   |
| lr                    | 0.013    |
| misc/nupdates         | 849      |
| misc/serial_timesteps | 3.48e+06 |
| misc/time_elapsed     | 1.42e+03 |
| misc/total_timesteps  | 3.48e+06 |
| ratio_max             | 1.87     |
| ratio_min             | 0.216    |
| ret_avg               | -0.0875  |
| ret_max               | 3.36     |
| ret_med               | -0.396   |
| ret_min               | -0.676   |
| ret_var               | 0.803    |
------------------------------------
------------------------------------
| action_max            | 14       |
| action_min            | 0        |
| adv_avg               | -0.676   |
| adv_max               | 0.562    |
| adv_med               | -0.681   |
| adv_min               | -1.23    |
| adv_var               | 0.0135   |
| clipfrac              | 0        |
| curr_lr               | 0.013    |
| entropy               | 1.38     |
| eplenmean             | 424      |
| eprewmean             | 4.07     |
| fps                   | 2.41e+03 |
| grad_norm             | 0.6      |
| kl                    | 0.00935  |
| loss_pi               | -0.16    |
| loss_v                | 0.014    |
| lr                    | 0.013    |
| misc/nupdates         | 859      |
| misc/serial_timesteps | 3.52e+06 |
| misc/time_elapsed     | 1.44e+03 |
| misc/total_timesteps  | 3.52e+06 |
| ratio_max             | 1.84     |
| ratio_min             | 0.535    |
| ret_avg               | -0.194   |
| ret_max               | 3.4      |
| ret_med               | -0.351   |
| ret_min               | -0.676   |
| ret_var               | 0.255    |
------------------------------------
------------------------------------
| action_max            | 14       |
| action_min            | 0        |
| adv_avg               | -0.704   |
| adv_max               | -0.235   |
| adv_med               | -0.683   |
| adv_min               | -2.73    |
| adv_var               | 0.0161   |
| clipfrac              | 0        |
| curr_lr               | 0.0195   |
| entropy               | 1.25     |
| eplenmean             | 364      |
| eprewmean             | 5.13     |
| fps                   | 2.41e+03 |
| grad_norm             | 1.01     |
| kl                    | 0.0373   |
| loss_pi               | -0.157   |
| loss_v                | 0.00482  |
| lr                    | 0.0195   |
| misc/nupdates         | 869      |
| misc/serial_timesteps | 3.56e+06 |
| misc/time_elapsed     | 1.46e+03 |
| misc/total_timesteps  | 3.56e+06 |
| ratio_max             | 5.89     |
| ratio_min             | 0.134    |
| ret_avg               | -0.0733  |
| ret_max               | 3.36     |
| ret_med               | -0.39    |
| ret_min               | -0.676   |
| ret_var               | 0.841    |
------------------------------------
------------------------------------
| action_max            | 14       |
| action_min            | 0        |
| adv_avg               | -0.691   |
| adv_max               | 0.253    |
| adv_med               | -0.683   |
| adv_min               | -1.69    |
| adv_var               | 0.0159   |
| clipfrac              | 0        |
| curr_lr               | 0.0195   |
| entropy               | 1.55     |
| eplenmean             | 413      |
| eprewmean             | 4.63     |
| fps                   | 2.45e+03 |
| grad_norm             | 0.456    |
| kl                    | 0.0301   |
| loss_pi               | -0.0618  |
| loss_v                | 0.00468  |
| lr                    | 0.0195   |
| misc/nupdates         | 879      |
| misc/serial_timesteps | 3.6e+06  |
| misc/time_elapsed     | 1.47e+03 |
| misc/total_timesteps  | 3.6e+06  |
| ratio_max             | 6.54     |
| ratio_min             | 0.155    |
| ret_avg               | -0.0509  |
| ret_max               | 3.7      |
| ret_med               | -0.345   |
| ret_min               | -0.677   |
| ret_var               | 0.61     |
------------------------------------
------------------------------------
| action_max            | 14       |
| action_min            | 0        |
| adv_avg               | -0.672   |
| adv_max               | 0.526    |
| adv_med               | -0.68    |
| adv_min               | -1.55    |
| adv_var               | 0.0117   |
| clipfrac              | 0        |
| curr_lr               | 0.0195   |
| entropy               | 1.54     |
| eplenmean             | 370      |
| eprewmean             | 4.74     |
| fps                   | 2.44e+03 |
| grad_norm             | 0.883    |
| kl                    | 0.0283   |
| loss_pi               | -0.0446  |
| loss_v                | 0.00999  |
| lr                    | 0.0195   |
| misc/nupdates         | 889      |
| misc/serial_timesteps | 3.65e+06 |
| misc/time_elapsed     | 1.49e+03 |
| misc/total_timesteps  | 3.65e+06 |
| ratio_max             | 2.86     |
| ratio_min             | 0.1      |
| ret_avg               | -0.0828  |
| ret_max               | 3.36     |
| ret_med               | -0.414   |
| ret_min               | -0.677   |
| ret_var               | 0.727    |
------------------------------------
------------------------------------
| action_max            | 14       |
| action_min            | 0        |
| adv_avg               | -0.676   |
| adv_max               | 0.898    |
| adv_med               | -0.68    |
| adv_min               | -2.05    |
| adv_var               | 0.0198   |
| clipfrac              | 0        |
| curr_lr               | 0.0195   |
| entropy               | 1.38     |
| eplenmean             | 373      |
| eprewmean             | 4.87     |
| fps                   | 2.46e+03 |
| grad_norm             | 0.386    |
| kl                    | 0.0321   |
| loss_pi               | -0.0377  |
| loss_v                | 0.00235  |
| lr                    | 0.0195   |
| misc/nupdates         | 899      |
| misc/serial_timesteps | 3.69e+06 |
| misc/time_elapsed     | 1.51e+03 |
| misc/total_timesteps  | 3.69e+06 |
| ratio_max             | 3.23     |
| ratio_min             | 0.346    |
| ret_avg               | -0.133   |
| ret_max               | 3.36     |
| ret_med               | -0.403   |
| ret_min               | -0.677   |
| ret_var               | 0.779    |
------------------------------------
------------------------------------
| action_max            | 14       |
| action_min            | 0        |
| adv_avg               | -0.69    |
| adv_max               | -0.297   |
| adv_med               | -0.68    |
| adv_min               | -1.18    |
| adv_var               | 0.00506  |
| clipfrac              | 0        |
| curr_lr               | 0.0195   |
| entropy               | 1.42     |
| eplenmean             | 391      |
| eprewmean             | 4.01     |
| fps                   | 2.46e+03 |
| grad_norm             | 1.25     |
| kl                    | 0.00753  |
| loss_pi               | -0.0618  |
| loss_v                | 0.0037   |
| lr                    | 0.0195   |
| misc/nupdates         | 909      |
| misc/serial_timesteps | 3.73e+06 |
| misc/time_elapsed     | 1.52e+03 |
| misc/total_timesteps  | 3.73e+06 |
| ratio_max             | 1.83     |
| ratio_min             | 0.494    |
| ret_avg               | -0.177   |
| ret_max               | 3.36     |
| ret_med               | -0.417   |
| ret_min               | -0.676   |
| ret_var               | 0.781    |
------------------------------------
------------------------------------
| action_max            | 14       |
| action_min            | 0        |
| adv_avg               | -0.679   |
| adv_max               | 0.527    |
| adv_med               | -0.68    |
| adv_min               | -1.62    |
| adv_var               | 0.0113   |
| clipfrac              | 0        |
| curr_lr               | 0.013    |
| entropy               | 1.56     |
| eplenmean             | 446      |
| eprewmean             | 4.03     |
| fps                   | 2.43e+03 |
| grad_norm             | 0.426    |
| kl                    | 0.0147   |
| loss_pi               | -0.143   |
| loss_v                | 0.00768  |
| lr                    | 0.013    |
| misc/nupdates         | 919      |
| misc/serial_timesteps | 3.77e+06 |
| misc/time_elapsed     | 1.54e+03 |
| misc/total_timesteps  | 3.77e+06 |
| ratio_max             | 2.02     |
| ratio_min             | 0.327    |
| ret_avg               | -0.168   |
| ret_max               | 3.4      |
| ret_med               | -0.429   |
| ret_min               | -0.675   |
| ret_var               | 0.701    |
------------------------------------
------------------------------------
| action_max            | 14       |
| action_min            | 0        |
| adv_avg               | -0.686   |
| adv_max               | 0.123    |
| adv_med               | -0.68    |
| adv_min               | -1.31    |
| adv_var               | 0.00884  |
| clipfrac              | 0        |
| curr_lr               | 0.0195   |
| entropy               | 1.35     |
| eplenmean             | 355      |
| eprewmean             | 5.03     |
| fps                   | 2.52e+03 |
| grad_norm             | 3.86     |
| kl                    | 0.00177  |
| loss_pi               | 0.0207   |
| loss_v                | 0.0128   |
| lr                    | 0.0293   |
| misc/nupdates         | 929      |
| misc/serial_timesteps | 3.81e+06 |
| misc/time_elapsed     | 1.56e+03 |
| misc/total_timesteps  | 3.81e+06 |
| ratio_max             | 1.64     |
| ratio_min             | 0.751    |
| ret_avg               | 0.131    |
| ret_max               | 3.45     |
| ret_med               | -0.268   |
| ret_min               | -0.675   |
| ret_var               | 1.1      |
------------------------------------
------------------------------------
| action_max            | 14       |
| action_min            | 0        |
| adv_avg               | -0.661   |
| adv_max               | 2.81     |
| adv_med               | -0.679   |
| adv_min               | -2.2     |
| adv_var               | 0.0459   |
| clipfrac              | 0        |
| curr_lr               | 0.0439   |
| entropy               | 1.65     |
| eplenmean             | 321      |
| eprewmean             | 4.28     |
| fps                   | 2.43e+03 |
| grad_norm             | 0.61     |
| kl                    | 0.101    |
| loss_pi               | -0.0284  |
| loss_v                | 0.00589  |
| lr                    | 0.0293   |
| misc/nupdates         | 939      |
| misc/serial_timesteps | 3.85e+06 |
| misc/time_elapsed     | 1.57e+03 |
| misc/total_timesteps  | 3.85e+06 |
| ratio_max             | 6.29     |
| ratio_min             | 0.1      |
| ret_avg               | -0.142   |
| ret_max               | 3.5      |
| ret_med               | -0.412   |
| ret_min               | -0.675   |
| ret_var               | 0.579    |
------------------------------------
------------------------------------
| action_max            | 14       |
| action_min            | 0        |
| adv_avg               | -0.686   |
| adv_max               | 0.528    |
| adv_med               | -0.68    |
| adv_min               | -1.8     |
| adv_var               | 0.021    |
| clipfrac              | 0        |
| curr_lr               | 0.013    |
| entropy               | 1.39     |
| eplenmean             | 406      |
| eprewmean             | 3.73     |
| fps                   | 2.39e+03 |
| grad_norm             | 1.48     |
| kl                    | 0.00844  |
| loss_pi               | -0.118   |
| loss_v                | 0.017    |
| lr                    | 0.013    |
| misc/nupdates         | 949      |
| misc/serial_timesteps | 3.89e+06 |
| misc/time_elapsed     | 1.59e+03 |
| misc/total_timesteps  | 3.89e+06 |
| ratio_max             | 1.87     |
| ratio_min             | 0.293    |
| ret_avg               | 0.11     |
| ret_max               | 3.36     |
| ret_med               | -0.393   |
| ret_min               | -0.675   |
| ret_var               | 1.08     |
------------------------------------
------------------------------------
| action_max            | 14       |
| action_min            | 0        |
| adv_avg               | -0.708   |
| adv_max               | -0.189   |
| adv_med               | -0.68    |
| adv_min               | -2.99    |
| adv_var               | 0.0274   |
| clipfrac              | 0        |
| curr_lr               | 0.0195   |
| entropy               | 1.31     |
| eplenmean             | 397      |
| eprewmean             | 4.12     |
| fps                   | 2.51e+03 |
| grad_norm             | 0.762    |
| kl                    | 0.0105   |
| loss_pi               | -0.062   |
| loss_v                | 0.00727  |
| lr                    | 0.0195   |
| misc/nupdates         | 959      |
| misc/serial_timesteps | 3.93e+06 |
| misc/time_elapsed     | 1.61e+03 |
| misc/total_timesteps  | 3.93e+06 |
| ratio_max             | 2.37     |
| ratio_min             | 0.2      |
| ret_avg               | 0.0288   |
| ret_max               | 3.38     |
| ret_med               | -0.446   |
| ret_min               | -0.942   |
| ret_var               | 1.5      |
------------------------------------
------------------------------------
| action_max            | 14       |
| action_min            | 0        |
| adv_avg               | -0.682   |
| adv_max               | -0.117   |
| adv_med               | -0.677   |
| adv_min               | -1.27    |
| adv_var               | 0.00408  |
| clipfrac              | 0        |
| curr_lr               | 0.0195   |
| entropy               | 1.61     |
| eplenmean             | 399      |
| eprewmean             | 4.21     |
| fps                   | 2.43e+03 |
| grad_norm             | 0.409    |
| kl                    | 0.0199   |
| loss_pi               | -0.108   |
| loss_v                | 0.0012   |
| lr                    | 0.0195   |
| misc/nupdates         | 969      |
| misc/serial_timesteps | 3.97e+06 |
| misc/time_elapsed     | 1.62e+03 |
| misc/total_timesteps  | 3.97e+06 |
| ratio_max             | 2.02     |
| ratio_min             | 0.223    |
| ret_avg               | -0.195   |
| ret_max               | 3.42     |
| ret_med               | -0.471   |
| ret_min               | -0.707   |
| ret_var               | 0.908    |
------------------------------------
------------------------------------
| action_max            | 14       |
| action_min            | 0        |
| adv_avg               | -0.678   |
| adv_max               | 0.701    |
| adv_med               | -0.678   |
| adv_min               | -1.74    |
| adv_var               | 0.0222   |
| clipfrac              | 0        |
| curr_lr               | 0.0195   |
| entropy               | 1.4      |
| eplenmean             | 488      |
| eprewmean             | 3.58     |
| fps                   | 2.51e+03 |
| grad_norm             | 0.877    |
| kl                    | 0.0144   |
| loss_pi               | -0.113   |
| loss_v                | 0.00877  |
| lr                    | 0.0195   |
| misc/nupdates         | 979      |
| misc/serial_timesteps | 4.01e+06 |
| misc/time_elapsed     | 1.64e+03 |
| misc/total_timesteps  | 4.01e+06 |
| ratio_max             | 1.96     |
| ratio_min             | 0.365    |
| ret_avg               | 0.0385   |
| ret_max               | 3.36     |
| ret_med               | -0.372   |
| ret_min               | -0.672   |
| ret_var               | 0.997    |
------------------------------------
------------------------------------
| action_max            | 14       |
| action_min            | 0        |
| adv_avg               | -0.679   |
| adv_max               | 0.633    |
| adv_med               | -0.674   |
| adv_min               | -1.62    |
| adv_var               | 0.0133   |
| clipfrac              | 0        |
| curr_lr               | 0.0195   |
| entropy               | 1.64     |
| eplenmean             | 379      |
| eprewmean             | 4.58     |
| fps                   | 2.4e+03  |
| grad_norm             | 0.396    |
| kl                    | 0.0228   |
| loss_pi               | -0.0242  |
| loss_v                | 0.0027   |
| lr                    | 0.0195   |
| misc/nupdates         | 989      |
| misc/serial_timesteps | 4.06e+06 |
| misc/time_elapsed     | 1.66e+03 |
| misc/total_timesteps  | 4.06e+06 |
| ratio_max             | 3.77     |
| ratio_min             | 0.192    |
| ret_avg               | -0.0706  |
| ret_max               | 3.4      |
| ret_med               | -0.433   |
| ret_min               | -0.672   |
| ret_var               | 0.992    |
------------------------------------
------------------------------------
| action_max            | 14       |
| action_min            | 0        |
| adv_avg               | -0.684   |
| adv_max               | 0.458    |
| adv_med               | -0.676   |
| adv_min               | -1.52    |
| adv_var               | 0.0163   |
| clipfrac              | 0        |
| curr_lr               | 0.013    |
| entropy               | 1.56     |
| eplenmean             | 394      |
| eprewmean             | 4.25     |
| fps                   | 2.41e+03 |
| grad_norm             | 0.643    |
| kl                    | 0.0085   |
| loss_pi               | -0.0482  |
| loss_v                | 0.00563  |
| lr                    | 0.013    |
| misc/nupdates         | 999      |
| misc/serial_timesteps | 4.1e+06  |
| misc/time_elapsed     | 1.67e+03 |
| misc/total_timesteps  | 4.1e+06  |
| ratio_max             | 1.75     |
| ratio_min             | 0.397    |
| ret_avg               | 0.279    |
| ret_max               | 3.41     |
| ret_med               | -0.356   |
| ret_min               | -0.671   |
| ret_var               | 1.6      |
------------------------------------
------------------------------------
| action_max            | 14       |
| action_min            | 0        |
| adv_avg               | -0.677   |
| adv_max               | -0.196   |
| adv_med               | -0.673   |
| adv_min               | -1.3     |
| adv_var               | 0.00421  |
| clipfrac              | 0        |
| curr_lr               | 0.0195   |
| entropy               | 1.62     |
| eplenmean             | 421      |
| eprewmean             | 3.83     |
| fps                   | 2.51e+03 |
| grad_norm             | 0.291    |
| kl                    | 0.0389   |
| loss_pi               | -0.041   |
| loss_v                | 0.000841 |
| lr                    | 0.0195   |
| misc/nupdates         | 1.01e+03 |
| misc/serial_timesteps | 4.14e+06 |
| misc/time_elapsed     | 1.69e+03 |
| misc/total_timesteps  | 4.14e+06 |
| ratio_max             | 2.21     |
| ratio_min             | 0.1      |
| ret_avg               | -0.312   |
| ret_max               | 3.37     |
| ret_med               | -0.447   |
| ret_min               | -0.67    |
| ret_var               | 0.175    |
------------------------------------
------------------------------------
| action_max            | 14       |
| action_min            | 0        |
| adv_avg               | -0.683   |
| adv_max               | 2.44     |
| adv_med               | -0.674   |
| adv_min               | -4.33    |
| adv_var               | 0.0862   |
| clipfrac              | 0        |
| curr_lr               | 0.0195   |
| entropy               | 1.44     |
| eplenmean             | 383      |
| eprewmean             | 4.19     |
| fps                   | 2.5e+03  |
| grad_norm             | 1.2      |
| kl                    | 0.057    |
| loss_pi               | -0.00626 |
| loss_v                | 0.0206   |
| lr                    | 0.013    |
| misc/nupdates         | 1.02e+03 |
| misc/serial_timesteps | 4.18e+06 |
| misc/time_elapsed     | 1.71e+03 |
| misc/total_timesteps  | 4.18e+06 |
| ratio_max             | 5.87     |
| ratio_min             | 0.1      |
| ret_avg               | 0.00368  |
| ret_max               | 3.55     |
| ret_med               | -0.433   |
| ret_min               | -0.67    |
| ret_var               | 0.966    |
------------------------------------
------------------------------------
| action_max            | 14       |
| action_min            | 0        |
| adv_avg               | -0.684   |
| adv_max               | 0.199    |
| adv_med               | -0.677   |
| adv_min               | -2.11    |
| adv_var               | 0.0174   |
| clipfrac              | 0        |
| curr_lr               | 0.013    |
| entropy               | 1.34     |
| eplenmean             | 330      |
| eprewmean             | 3.87     |
| fps                   | 2.41e+03 |
| grad_norm             | 1.14     |
| kl                    | 0.00322  |
| loss_pi               | 0.0464   |
| loss_v                | 0.00631  |
| lr                    | 0.0195   |
| misc/nupdates         | 1.03e+03 |
| misc/serial_timesteps | 4.22e+06 |
| misc/time_elapsed     | 1.72e+03 |
| misc/total_timesteps  | 4.22e+06 |
| ratio_max             | 1.59     |
| ratio_min             | 0.319    |
| ret_avg               | 0.0607   |
| ret_max               | 3.38     |
| ret_med               | -0.417   |
| ret_min               | -0.67    |
| ret_var               | 0.71     |
------------------------------------
------------------------------------
| action_max            | 14       |
| action_min            | 0        |
| adv_avg               | -0.669   |
| adv_max               | 0.659    |
| adv_med               | -0.674   |
| adv_min               | -1.67    |
| adv_var               | 0.0187   |
| clipfrac              | 0        |
| curr_lr               | 0.0195   |
| entropy               | 1.53     |
| eplenmean             | 283      |
| eprewmean             | 4.89     |
| fps                   | 2.51e+03 |
| grad_norm             | 1.22     |
| kl                    | 0.00662  |
| loss_pi               | -0.0449  |
| loss_v                | 0.00852  |
| lr                    | 0.0195   |
| misc/nupdates         | 1.04e+03 |
| misc/serial_timesteps | 4.26e+06 |
| misc/time_elapsed     | 1.74e+03 |
| misc/total_timesteps  | 4.26e+06 |
| ratio_max             | 1.34     |
| ratio_min             | 0.436    |
| ret_avg               | 0.104    |
| ret_max               | 3.48     |
| ret_med               | -0.357   |
| ret_min               | -0.67    |
| ret_var               | 1.21     |
------------------------------------
------------------------------------
| action_max            | 14       |
| action_min            | 0        |
| adv_avg               | -0.679   |
| adv_max               | -0.0852  |
| adv_med               | -0.675   |
| adv_min               | -1.35    |
| adv_var               | 0.00486  |
| clipfrac              | 0        |
| curr_lr               | 0.013    |
| entropy               | 1.55     |
| eplenmean             | 368      |
| eprewmean             | 3.81     |
| fps                   | 2.5e+03  |
| grad_norm             | 0.369    |
| kl                    | 0.0113   |
| loss_pi               | -0.0342  |
| loss_v                | 0.000742 |
| lr                    | 0.013    |
| misc/nupdates         | 1.05e+03 |
| misc/serial_timesteps | 4.3e+06  |
| misc/time_elapsed     | 1.76e+03 |
| misc/total_timesteps  | 4.3e+06  |
| ratio_max             | 2.02     |
| ratio_min             | 0.305    |
| ret_avg               | -0.0752  |
| ret_max               | 3.38     |
| ret_med               | -0.44    |
| ret_min               | -0.67    |
| ret_var               | 0.983    |
------------------------------------
------------------------------------
| action_max            | 14       |
| action_min            | 0        |
| adv_avg               | -0.682   |
| adv_max               | -0.0617  |
| adv_med               | -0.672   |
| adv_min               | -1.51    |
| adv_var               | 0.00675  |
| clipfrac              | 0        |
| curr_lr               | 0.013    |
| entropy               | 1.51     |
| eplenmean             | 439      |
| eprewmean             | 3.37     |
| fps                   | 2.5e+03  |
| grad_norm             | 0.271    |
| kl                    | 0.0148   |
| loss_pi               | -0.106   |
| loss_v                | 0.000369 |
| lr                    | 0.013    |
| misc/nupdates         | 1.06e+03 |
| misc/serial_timesteps | 4.34e+06 |
| misc/time_elapsed     | 1.77e+03 |
| misc/total_timesteps  | 4.34e+06 |
| ratio_max             | 1.89     |
| ratio_min             | 0.1      |
| ret_avg               | -0.371   |
| ret_max               | 3.38     |
| ret_med               | -0.468   |
| ret_min               | -0.669   |
| ret_var               | 0.315    |
------------------------------------
------------------------------------
| action_max            | 14       |
| action_min            | 0        |
| adv_avg               | -0.667   |
| adv_max               | 0.408    |
| adv_med               | -0.667   |
| adv_min               | -1.1     |
| adv_var               | 0.00736  |
| clipfrac              | 0        |
| curr_lr               | 0.0195   |
| entropy               | 1.47     |
| eplenmean             | 335      |
| eprewmean             | 4.03     |
| fps                   | 2.51e+03 |
| grad_norm             | 0.455    |
| kl                    | 0.0213   |
| loss_pi               | -0.0335  |
| loss_v                | 0.00216  |
| lr                    | 0.0195   |
| misc/nupdates         | 1.07e+03 |
| misc/serial_timesteps | 4.38e+06 |
| misc/time_elapsed     | 1.79e+03 |
| misc/total_timesteps  | 4.38e+06 |
| ratio_max             | 6.8      |
| ratio_min             | 0.198    |
| ret_avg               | -0.302   |
| ret_max               | 3.41     |
| ret_med               | -0.485   |
| ret_min               | -0.771   |
| ret_var               | 0.645    |
------------------------------------
------------------------------------
| action_max            | 14       |
| action_min            | 0        |
| adv_avg               | -0.673   |
| adv_max               | -0.367   |
| adv_med               | -0.668   |
| adv_min               | -1.01    |
| adv_var               | 0.00198  |
| clipfrac              | 0        |
| curr_lr               | 0.0195   |
| entropy               | 1.37     |
| eplenmean             | 428      |
| eprewmean             | 3.85     |
| fps                   | 2.51e+03 |
| grad_norm             | 0.655    |
| kl                    | 0.00944  |
| loss_pi               | -0.178   |
| loss_v                | 0.00155  |
| lr                    | 0.0195   |
| misc/nupdates         | 1.08e+03 |
| misc/serial_timesteps | 4.42e+06 |
| misc/time_elapsed     | 1.8e+03  |
| misc/total_timesteps  | 4.42e+06 |
| ratio_max             | 2.21     |
| ratio_min             | 0.25     |
| ret_avg               | -0.217   |
| ret_max               | 3.4      |
| ret_med               | -0.483   |
| ret_min               | -0.665   |
| ret_var               | 0.858    |
------------------------------------
------------------------------------
| action_max            | 14       |
| action_min            | 0        |
| adv_avg               | -0.672   |
| adv_max               | 0.81     |
| adv_med               | -0.668   |
| adv_min               | -3.99    |
| adv_var               | 0.046    |
| clipfrac              | 0        |
| curr_lr               | 0.0195   |
| entropy               | 1.44     |
| eplenmean             | 427      |
| eprewmean             | 3.92     |
| fps                   | 2.51e+03 |
| grad_norm             | 0.69     |
| kl                    | 0.0125   |
| loss_pi               | 0.0186   |
| loss_v                | 0.00532  |
| lr                    | 0.0195   |
| misc/nupdates         | 1.09e+03 |
| misc/serial_timesteps | 4.46e+06 |
| misc/time_elapsed     | 1.82e+03 |
| misc/total_timesteps  | 4.46e+06 |
| ratio_max             | 2.18     |
| ratio_min             | 0.214    |
| ret_avg               | -0.213   |
| ret_max               | 3.4      |
| ret_med               | -0.483   |
| ret_min               | -0.664   |
| ret_var               | 0.664    |
------------------------------------
------------------------------------
| action_max            | 14       |
| action_min            | 0        |
| adv_avg               | -0.658   |
| adv_max               | 0.51     |
| adv_med               | -0.665   |
| adv_min               | -1.19    |
| adv_var               | 0.011    |
| clipfrac              | 0        |
| curr_lr               | 0.013    |
| entropy               | 1.58     |
| eplenmean             | 357      |
| eprewmean             | 4.99     |
| fps                   | 2.42e+03 |
| grad_norm             | 0.313    |
| kl                    | 0.00827  |
| loss_pi               | 0.0281   |
| loss_v                | 0.00173  |
| lr                    | 0.013    |
| misc/nupdates         | 1.1e+03  |
| misc/serial_timesteps | 4.51e+06 |
| misc/time_elapsed     | 1.84e+03 |
| misc/total_timesteps  | 4.51e+06 |
| ratio_max             | 1.73     |
| ratio_min             | 0.195    |
| ret_avg               | -0.0287  |
| ret_max               | 3.42     |
| ret_med               | -0.476   |
| ret_min               | -0.663   |
| ret_var               | 1.34     |
------------------------------------
------------------------------------
| action_max            | 14       |
| action_min            | 0        |
| adv_avg               | -0.676   |
| adv_max               | 0.591    |
| adv_med               | -0.665   |
| adv_min               | -1.72    |
| adv_var               | 0.017    |
| clipfrac              | 0        |
| curr_lr               | 0.0195   |
| entropy               | 1.39     |
| eplenmean             | 256      |
| eprewmean             | 5.69     |
| fps                   | 2.42e+03 |
| grad_norm             | 0.799    |
| kl                    | 0.0136   |
| loss_pi               | -0.00604 |
| loss_v                | 0.0046   |
| lr                    | 0.0195   |
| misc/nupdates         | 1.11e+03 |
| misc/serial_timesteps | 4.55e+06 |
| misc/time_elapsed     | 1.85e+03 |
| misc/total_timesteps  | 4.55e+06 |
| ratio_max             | 2.85     |
| ratio_min             | 0.14     |
| ret_avg               | 0.195    |
| ret_max               | 3.44     |
| ret_med               | -0.427   |
| ret_min               | -0.662   |
| ret_var               | 1.76     |
------------------------------------
------------------------------------
| action_max            | 14       |
| action_min            | 0        |
| adv_avg               | -0.7     |
| adv_max               | 0.264    |
| adv_med               | -0.667   |
| adv_min               | -3.31    |
| adv_var               | 0.0243   |
| clipfrac              | 0        |
| curr_lr               | 0.0195   |
| entropy               | 1.53     |
| eplenmean             | 351      |
| eprewmean             | 4.02     |
| fps                   | 2.49e+03 |
| grad_norm             | 0.73     |
| kl                    | 0.0102   |
| loss_pi               | -0.0638  |
| loss_v                | 0.00299  |
| lr                    | 0.0195   |
| misc/nupdates         | 1.12e+03 |
| misc/serial_timesteps | 4.59e+06 |
| misc/time_elapsed     | 1.87e+03 |
| misc/total_timesteps  | 4.59e+06 |
| ratio_max             | 1.65     |
| ratio_min             | 0.348    |
| ret_avg               | -0.0021  |
| ret_max               | 3.39     |
| ret_med               | -0.453   |
| ret_min               | -0.661   |
| ret_var               | 1.34     |
------------------------------------
------------------------------------
| action_max            | 14       |
| action_min            | 0        |
| adv_avg               | -0.655   |
| adv_max               | 1.43     |
| adv_med               | -0.662   |
| adv_min               | -1.51    |
| adv_var               | 0.0246   |
| clipfrac              | 0        |
| curr_lr               | 0.0195   |
| entropy               | 1.57     |
| eplenmean             | 264      |
| eprewmean             | 4.32     |
| fps                   | 2.41e+03 |
| grad_norm             | 0.272    |
| kl                    | 0.0143   |
| loss_pi               | -0.0315  |
| loss_v                | 0.00161  |
| lr                    | 0.0195   |
| misc/nupdates         | 1.13e+03 |
| misc/serial_timesteps | 4.63e+06 |
| misc/time_elapsed     | 1.89e+03 |
| misc/total_timesteps  | 4.63e+06 |
| ratio_max             | 1.99     |
| ratio_min             | 0.35     |
| ret_avg               | -0.0256  |
| ret_max               | 3.53     |
| ret_med               | -0.461   |
| ret_min               | -0.661   |
| ret_var               | 1.17     |
------------------------------------
------------------------------------
| action_max            | 14       |
| action_min            | 0        |
| adv_avg               | -0.685   |
| adv_max               | -0.0902  |
| adv_med               | -0.664   |
| adv_min               | -1.93    |
| adv_var               | 0.0135   |
| clipfrac              | 0        |
| curr_lr               | 0.0195   |
| entropy               | 1.64     |
| eplenmean             | 307      |
| eprewmean             | 4.34     |
| fps                   | 2.42e+03 |
| grad_norm             | 0.526    |
| kl                    | 0.0154   |
| loss_pi               | -0.0835  |
| loss_v                | 0.00373  |
| lr                    | 0.0195   |
| misc/nupdates         | 1.14e+03 |
| misc/serial_timesteps | 4.67e+06 |
| misc/time_elapsed     | 1.9e+03  |
| misc/total_timesteps  | 4.67e+06 |
| ratio_max             | 1.94     |
| ratio_min             | 0.127    |
| ret_avg               | 0.0228   |
| ret_max               | 3.47     |
| ret_med               | -0.468   |
| ret_min               | -0.66    |
| ret_var               | 1.18     |
------------------------------------
------------------------------------
| action_max            | 14       |
| action_min            | 0        |
| adv_avg               | -0.676   |
| adv_max               | -0.2     |
| adv_med               | -0.662   |
| adv_min               | -1.63    |
| adv_var               | 0.0112   |
| clipfrac              | 0        |
| curr_lr               | 0.013    |
| entropy               | 1.6      |
| eplenmean             | 353      |
| eprewmean             | 4.08     |
| fps                   | 2.41e+03 |
| grad_norm             | 0.793    |
| kl                    | 0.0139   |
| loss_pi               | -0.0823  |
| loss_v                | 0.00322  |
| lr                    | 0.013    |
| misc/nupdates         | 1.15e+03 |
| misc/serial_timesteps | 4.71e+06 |
| misc/time_elapsed     | 1.92e+03 |
| misc/total_timesteps  | 4.71e+06 |
| ratio_max             | 1.98     |
| ratio_min             | 0.308    |
| ret_avg               | -0.0249  |
| ret_max               | 3.38     |
| ret_med               | -0.463   |
| ret_min               | -0.659   |
| ret_var               | 1.25     |
------------------------------------
------------------------------------
| action_max            | 14       |
| action_min            | 0        |
| adv_avg               | -0.669   |
| adv_max               | 0.0419   |
| adv_med               | -0.661   |
| adv_min               | -1.47    |
| adv_var               | 0.00752  |
| clipfrac              | 0        |
| curr_lr               | 0.0293   |
| entropy               | 1.62     |
| eplenmean             | 441      |
| eprewmean             | 3.63     |
| fps                   | 2.52e+03 |
| grad_norm             | 0.401    |
| kl                    | 0.057    |
| loss_pi               | -0.0626  |
| loss_v                | 0.0013   |
| lr                    | 0.0195   |
| misc/nupdates         | 1.16e+03 |
| misc/serial_timesteps | 4.75e+06 |
| misc/time_elapsed     | 1.94e+03 |
| misc/total_timesteps  | 4.75e+06 |
| ratio_max             | 10       |
| ratio_min             | 0.195    |
| ret_avg               | -0.151   |
| ret_max               | 3.4      |
| ret_med               | -0.492   |
| ret_min               | -0.658   |
| ret_var               | 0.944    |
------------------------------------
------------------------------------
| action_max            | 14       |
| action_min            | 0        |
| adv_avg               | -0.662   |
| adv_max               | 0.0237   |
| adv_med               | -0.658   |
| adv_min               | -1.62    |
| adv_var               | 0.0159   |
| clipfrac              | 0        |
| curr_lr               | 0.0195   |
| entropy               | 1.52     |
| eplenmean             | 245      |
| eprewmean             | 5.85     |
| fps                   | 2.43e+03 |
| grad_norm             | 0.408    |
| kl                    | 0.0268   |
| loss_pi               | -0.0407  |
| loss_v                | 0.00185  |
| lr                    | 0.0195   |
| misc/nupdates         | 1.17e+03 |
| misc/serial_timesteps | 4.79e+06 |
| misc/time_elapsed     | 1.95e+03 |
| misc/total_timesteps  | 4.79e+06 |
| ratio_max             | 2.59     |
| ratio_min             | 0.189    |
| ret_avg               | 0.0816   |
| ret_max               | 3.39     |
| ret_med               | -0.468   |
| ret_min               | -0.658   |
| ret_var               | 1.4      |
------------------------------------
------------------------------------
| action_max            | 14       |
| action_min            | 0        |
| adv_avg               | -0.67    |
| adv_max               | -0.184   |
| adv_med               | -0.66    |
| adv_min               | -1.35    |
| adv_var               | 0.00671  |
| clipfrac              | 0        |
| curr_lr               | 0.013    |
| entropy               | 1.85     |
| eplenmean             | 319      |
| eprewmean             | 3.72     |
| fps                   | 2.41e+03 |
| grad_norm             | 0.337    |
| kl                    | 0.00882  |
| loss_pi               | -0.0809  |
| loss_v                | 0.00141  |
| lr                    | 0.013    |
| misc/nupdates         | 1.18e+03 |
| misc/serial_timesteps | 4.83e+06 |
| misc/time_elapsed     | 1.97e+03 |
| misc/total_timesteps  | 4.83e+06 |
| ratio_max             | 2.09     |
| ratio_min             | 0.524    |
| ret_avg               | -0.182   |
| ret_max               | 3.45     |
| ret_med               | -0.466   |
| ret_min               | -0.657   |
| ret_var               | 0.934    |
------------------------------------
------------------------------------
| action_max            | 14       |
| action_min            | 0        |
| adv_avg               | -0.668   |
| adv_max               | 0.562    |
| adv_med               | -0.659   |
| adv_min               | -2.2     |
| adv_var               | 0.0171   |
| clipfrac              | 0        |
| curr_lr               | 0.0195   |
| entropy               | 1.55     |
| eplenmean             | 297      |
| eprewmean             | 5.13     |
| fps                   | 2.51e+03 |
| grad_norm             | 0.344    |
| kl                    | 0.0211   |
| loss_pi               | -0.0688  |
| loss_v                | 0.00263  |
| lr                    | 0.0195   |
| misc/nupdates         | 1.19e+03 |
| misc/serial_timesteps | 4.87e+06 |
| misc/time_elapsed     | 1.99e+03 |
| misc/total_timesteps  | 4.87e+06 |
| ratio_max             | 1.72     |
| ratio_min             | 0.258    |
| ret_avg               | -0.0538  |
| ret_max               | 3.39     |
| ret_med               | -0.413   |
| ret_min               | -0.656   |
| ret_var               | 1.1      |
------------------------------------
------------------------------------
| action_max            | 14       |
| action_min            | 0        |
| adv_avg               | -0.684   |
| adv_max               | -0.366   |
| adv_med               | -0.661   |
| adv_min               | -1.62    |
| adv_var               | 0.00712  |
| clipfrac              | 0        |
| curr_lr               | 0.0293   |
| entropy               | 1.59     |
| eplenmean             | 317      |
| eprewmean             | 3.63     |
| fps                   | 2.43e+03 |
| grad_norm             | 0.692    |
| kl                    | 0.0967   |
| loss_pi               | -0.171   |
| loss_v                | 0.0021   |
| lr                    | 0.0195   |
| misc/nupdates         | 1.2e+03  |
| misc/serial_timesteps | 4.92e+06 |
| misc/time_elapsed     | 2e+03    |
| misc/total_timesteps  | 4.92e+06 |
| ratio_max             | 9.8      |
| ratio_min             | 0.133    |
| ret_avg               | -0.241   |
| ret_max               | 3.42     |
| ret_med               | -0.449   |
| ret_min               | -0.655   |
| ret_var               | 0.655    |
------------------------------------
------------------------------------
| action_max            | 14       |
| action_min            | 0        |
| adv_avg               | -0.668   |
| adv_max               | 0.0739   |
| adv_med               | -0.66    |
| adv_min               | -1.38    |
| adv_var               | 0.0055   |
| clipfrac              | 0        |
| curr_lr               | 0.0195   |
| entropy               | 1.74     |
| eplenmean             | 348      |
| eprewmean             | 4.49     |
| fps                   | 2.5e+03  |
| grad_norm             | 0.822    |
| kl                    | 0.0137   |
| loss_pi               | -0.0641  |
| loss_v                | 0.0022   |
| lr                    | 0.0195   |
| misc/nupdates         | 1.21e+03 |
| misc/serial_timesteps | 4.96e+06 |
| misc/time_elapsed     | 2.02e+03 |
| misc/total_timesteps  | 4.96e+06 |
| ratio_max             | 3.01     |
| ratio_min             | 0.512    |
| ret_avg               | -0.0517  |
| ret_max               | 3.39     |
| ret_med               | -0.429   |
| ret_min               | -0.655   |
| ret_var               | 1.16     |
------------------------------------
------------------------------------
| action_max            | 14       |
| action_min            | 0        |
| adv_avg               | -0.679   |
| adv_max               | 1.06     |
| adv_med               | -0.657   |
| adv_min               | -2.82    |
| adv_var               | 0.0523   |
| clipfrac              | 0        |
| curr_lr               | 0.0195   |
| entropy               | 1.88     |
| eplenmean             | 371      |
| eprewmean             | 3.08     |
| fps                   | 2.43e+03 |
| grad_norm             | 0.921    |
| kl                    | 0.0276   |
| loss_pi               | -0.0887  |
| loss_v                | 0.0046   |
| lr                    | 0.0195   |
| misc/nupdates         | 1.22e+03 |
| misc/serial_timesteps | 5e+06    |
| misc/time_elapsed     | 2.04e+03 |
| misc/total_timesteps  | 5e+06    |
| ratio_max             | 10       |
| ratio_min             | 0.1      |
| ret_avg               | -0.118   |
| ret_max               | 3.36     |
| ret_med               | -0.421   |
| ret_min               | -0.654   |
| ret_var               | 0.672    |
------------------------------------
------------------------------------
| action_max            | 14       |
| action_min            | 0        |
| adv_avg               | -0.675   |
| adv_max               | 0.434    |
| adv_med               | -0.658   |
| adv_min               | -1.58    |
| adv_var               | 0.0148   |
| clipfrac              | 0        |
| curr_lr               | 0.0195   |
| entropy               | 1.44     |
| eplenmean             | 261      |
| eprewmean             | 4.9      |
| fps                   | 2.51e+03 |
| grad_norm             | 1.14     |
| kl                    | 0.00825  |
| loss_pi               | -0.00274 |
| loss_v                | 0.00562  |
| lr                    | 0.0195   |
| misc/nupdates         | 1.23e+03 |
| misc/serial_timesteps | 5.04e+06 |
| misc/time_elapsed     | 2.05e+03 |
| misc/total_timesteps  | 5.04e+06 |
| ratio_max             | 1.65     |
| ratio_min             | 0.243    |
| ret_avg               | 0.413    |
| ret_max               | 3.56     |
| ret_med               | -0.411   |
| ret_min               | -0.654   |
| ret_var               | 2.28     |
------------------------------------
------------------------------------
| action_max            | 14       |
| action_min            | 0        |
| adv_avg               | -0.658   |
| adv_max               | 0.409    |
| adv_med               | -0.659   |
| adv_min               | -1.93    |
| adv_var               | 0.0102   |
| clipfrac              | 0        |
| curr_lr               | 0.0195   |
| entropy               | 1.58     |
| eplenmean             | 292      |
| eprewmean             | 4.96     |
| fps                   | 2.5e+03  |
| grad_norm             | 0.439    |
| kl                    | 0.0293   |
| loss_pi               | -0.0339  |
| loss_v                | 0.00205  |
| lr                    | 0.0195   |
| misc/nupdates         | 1.24e+03 |
| misc/serial_timesteps | 5.08e+06 |
| misc/time_elapsed     | 2.07e+03 |
| misc/total_timesteps  | 5.08e+06 |
| ratio_max             | 2.65     |
| ratio_min             | 0.1      |
| ret_avg               | 0.0133   |
| ret_max               | 3.36     |
| ret_med               | -0.425   |
| ret_min               | -0.653   |
| ret_var               | 1.38     |
------------------------------------
------------------------------------
| action_max            | 14       |
| action_min            | 0        |
| adv_avg               | -0.638   |
| adv_max               | 1.8      |
| adv_med               | -0.657   |
| adv_min               | -1.17    |
| adv_var               | 0.0454   |
| clipfrac              | 0        |
| curr_lr               | 0.0195   |
| entropy               | 1.78     |
| eplenmean             | 378      |
| eprewmean             | 4.26     |
| fps                   | 2.43e+03 |
| grad_norm             | 0.42     |
| kl                    | 0.0115   |
| loss_pi               | 0.0478   |
| loss_v                | 0.00313  |
| lr                    | 0.0195   |
| misc/nupdates         | 1.25e+03 |
| misc/serial_timesteps | 5.12e+06 |
| misc/time_elapsed     | 2.09e+03 |
| misc/total_timesteps  | 5.12e+06 |
| ratio_max             | 3.8      |
| ratio_min             | 0.342    |
| ret_avg               | -0.0297  |
| ret_max               | 3.36     |
| ret_med               | -0.431   |
| ret_min               | -0.653   |
| ret_var               | 1.2      |
------------------------------------
------------------------------------
| action_max            | 14       |
| action_min            | 0        |
| adv_avg               | -0.648   |
| adv_max               | 1.53     |
| adv_med               | -0.661   |
| adv_min               | -1.78    |
| adv_var               | 0.051    |
| clipfrac              | 0        |
| curr_lr               | 0.0293   |
| entropy               | 1.7      |
| eplenmean             | 344      |
| eprewmean             | 4.26     |
| fps                   | 2.46e+03 |
| grad_norm             | 13.3     |
| kl                    | 0.00279  |
| loss_pi               | 0.0595   |
| loss_v                | 0.0731   |
| lr                    | 0.0439   |
| misc/nupdates         | 1.26e+03 |
| misc/serial_timesteps | 5.16e+06 |
| misc/time_elapsed     | 2.1e+03  |
| misc/total_timesteps  | 5.16e+06 |
| ratio_max             | 1.58     |
| ratio_min             | 0.52     |
| ret_avg               | 0.308    |
| ret_max               | 3.35     |
| ret_med               | -0.322   |
| ret_min               | -0.652   |
| ret_var               | 1.65     |
------------------------------------
------------------------------------
| action_max            | 14       |
| action_min            | 0        |
| adv_avg               | -0.656   |
| adv_max               | -0.204   |
| adv_med               | -0.654   |
| adv_min               | -1.24    |
| adv_var               | 0.00629  |
| clipfrac              | 0        |
| curr_lr               | 0.0195   |
| entropy               | 1.67     |
| eplenmean             | 334      |
| eprewmean             | 3.46     |
| fps                   | 2.44e+03 |
| grad_norm             | 0.56     |
| kl                    | 0.0322   |
| loss_pi               | -0.0156  |
| loss_v                | 0.00206  |
| lr                    | 0.0195   |
| misc/nupdates         | 1.27e+03 |
| misc/serial_timesteps | 5.2e+06  |
| misc/time_elapsed     | 2.12e+03 |
| misc/total_timesteps  | 5.2e+06  |
| ratio_max             | 1.78     |
| ratio_min             | 0.1      |
| ret_avg               | -0.154   |
| ret_max               | 3.38     |
| ret_med               | -0.426   |
| ret_min               | -0.651   |
| ret_var               | 0.87     |
------------------------------------
------------------------------------
| action_max            | 14       |
| action_min            | 0        |
| adv_avg               | -0.664   |
| adv_max               | -0.136   |
| adv_med               | -0.657   |
| adv_min               | -1.24    |
| adv_var               | 0.00509  |
| clipfrac              | 0        |
| curr_lr               | 0.0293   |
| entropy               | 1.54     |
| eplenmean             | 290      |
| eprewmean             | 4.98     |
| fps                   | 2.46e+03 |
| grad_norm             | 0.461    |
| kl                    | 0.0372   |
| loss_pi               | -0.0626  |
| loss_v                | 0.00204  |
| lr                    | 0.0293   |
| misc/nupdates         | 1.28e+03 |
| misc/serial_timesteps | 5.24e+06 |
| misc/time_elapsed     | 2.14e+03 |
| misc/total_timesteps  | 5.24e+06 |
| ratio_max             | 3.17     |
| ratio_min             | 0.274    |
| ret_avg               | -0.144   |
| ret_max               | 3.36     |
| ret_med               | -0.421   |
| ret_min               | -0.651   |
| ret_var               | 0.811    |
------------------------------------
------------------------------------
| action_max            | 14       |
| action_min            | 0        |
| adv_avg               | -0.664   |
| adv_max               | 0.861    |
| adv_med               | -0.656   |
| adv_min               | -2.68    |
| adv_var               | 0.0332   |
| clipfrac              | 0        |
| curr_lr               | 0.0195   |
| entropy               | 1.6      |
| eplenmean             | 225      |
| eprewmean             | 5.68     |
| fps                   | 2.47e+03 |
| grad_norm             | 1.39     |
| kl                    | 0.0032   |
| loss_pi               | -0.0648  |
| loss_v                | 0.0109   |
| lr                    | 0.0293   |
| misc/nupdates         | 1.29e+03 |
| misc/serial_timesteps | 5.28e+06 |
| misc/time_elapsed     | 2.15e+03 |
| misc/total_timesteps  | 5.28e+06 |
| ratio_max             | 2.16     |
| ratio_min             | 0.751    |
| ret_avg               | 0.281    |
| ret_max               | 3.39     |
| ret_med               | -0.383   |
| ret_min               | -0.651   |
| ret_var               | 1.47     |
------------------------------------
------------------------------------
| action_max            | 14       |
| action_min            | 0        |
| adv_avg               | -0.663   |
| adv_max               | 0.383    |
| adv_med               | -0.657   |
| adv_min               | -1.6     |
| adv_var               | 0.0109   |
| clipfrac              | 0        |
| curr_lr               | 0.0195   |
| entropy               | 1.75     |
| eplenmean             | 293      |
| eprewmean             | 4.03     |
| fps                   | 2.51e+03 |
| grad_norm             | 0.43     |
| kl                    | 0.0144   |
| loss_pi               | -0.0504  |
| loss_v                | 0.00654  |
| lr                    | 0.0195   |
| misc/nupdates         | 1.3e+03  |
| misc/serial_timesteps | 5.32e+06 |
| misc/time_elapsed     | 2.17e+03 |
| misc/total_timesteps  | 5.32e+06 |
| ratio_max             | 1.48     |
| ratio_min             | 0.219    |
| ret_avg               | -0.139   |
| ret_max               | 3.37     |
| ret_med               | -0.378   |
| ret_min               | -0.651   |
| ret_var               | 0.734    |
------------------------------------
------------------------------------
| action_max            | 14       |
| action_min            | 0        |
| adv_avg               | -0.647   |
| adv_max               | 0.627    |
| adv_med               | -0.653   |
| adv_min               | -1.55    |
| adv_var               | 0.0159   |
| clipfrac              | 0        |
| curr_lr               | 0.0195   |
| entropy               | 1.72     |
| eplenmean             | 284      |
| eprewmean             | 4.58     |
| fps                   | 2.46e+03 |
| grad_norm             | 0.389    |
| kl                    | 0.0184   |
| loss_pi               | -0.0224  |
| loss_v                | 0.00193  |
| lr                    | 0.0195   |
| misc/nupdates         | 1.31e+03 |
| misc/serial_timesteps | 5.37e+06 |
| misc/time_elapsed     | 2.19e+03 |
| misc/total_timesteps  | 5.37e+06 |
| ratio_max             | 4.15     |
| ratio_min             | 0.1      |
| ret_avg               | -0.0403  |
| ret_max               | 3.45     |
| ret_med               | -0.403   |
| ret_min               | -0.651   |
| ret_var               | 1.03     |
------------------------------------
------------------------------------
| action_max            | 14       |
| action_min            | 0        |
| adv_avg               | -0.674   |
| adv_max               | 0.148    |
| adv_med               | -0.654   |
| adv_min               | -2.5     |
| adv_var               | 0.0232   |
| clipfrac              | 0        |
| curr_lr               | 0.0195   |
| entropy               | 1.76     |
| eplenmean             | 366      |
| eprewmean             | 3.96     |
| fps                   | 2.52e+03 |
| grad_norm             | 0.21     |
| kl                    | 0.0166   |
| loss_pi               | -0.0735  |
| loss_v                | 0.00185  |
| lr                    | 0.0195   |
| misc/nupdates         | 1.32e+03 |
| misc/serial_timesteps | 5.41e+06 |
| misc/time_elapsed     | 2.2e+03  |
| misc/total_timesteps  | 5.41e+06 |
| ratio_max             | 1.69     |
| ratio_min             | 0.1      |
| ret_avg               | -0.303   |
| ret_max               | 3.35     |
| ret_med               | -0.382   |
| ret_min               | -0.651   |
| ret_var               | 0.166    |
------------------------------------
------------------------------------
| action_max            | 14       |
| action_min            | 0        |
| adv_avg               | -0.661   |
| adv_max               | 0.482    |
| adv_med               | -0.656   |
| adv_min               | -1.19    |
| adv_var               | 0.00929  |
| clipfrac              | 0        |
| curr_lr               | 0.0195   |
| entropy               | 1.63     |
| eplenmean             | 350      |
| eprewmean             | 3.93     |
| fps                   | 2.44e+03 |
| grad_norm             | 0.937    |
| kl                    | 0.0167   |
| loss_pi               | -0.033   |
| loss_v                | 0.00309  |
| lr                    | 0.0195   |
| misc/nupdates         | 1.33e+03 |
| misc/serial_timesteps | 5.45e+06 |
| misc/time_elapsed     | 2.22e+03 |
| misc/total_timesteps  | 5.45e+06 |
| ratio_max             | 2.59     |
| ratio_min             | 0.287    |
| ret_avg               | -0.0669  |
| ret_max               | 3.36     |
| ret_med               | -0.442   |
| ret_min               | -0.65    |
| ret_var               | 1.02     |
------------------------------------
------------------------------------
| action_max            | 14       |
| action_min            | 0        |
| adv_avg               | -0.643   |
| adv_max               | 0.438    |
| adv_med               | -0.652   |
| adv_min               | -1.82    |
| adv_var               | 0.0126   |
| clipfrac              | 0        |
| curr_lr               | 0.0293   |
| entropy               | 1.62     |
| eplenmean             | 387      |
| eprewmean             | 4.38     |
| fps                   | 2.43e+03 |
| grad_norm             | 0.532    |
| kl                    | 0.051    |
| loss_pi               | -0.0538  |
| loss_v                | 0.00238  |
| lr                    | 0.0195   |
| misc/nupdates         | 1.34e+03 |
| misc/serial_timesteps | 5.49e+06 |
| misc/time_elapsed     | 2.24e+03 |
| misc/total_timesteps  | 5.49e+06 |
| ratio_max             | 3.59     |
| ratio_min             | 0.139    |
| ret_avg               | -0.156   |
| ret_max               | 3.37     |
| ret_med               | -0.455   |
| ret_min               | -0.65    |
| ret_var               | 0.844    |
------------------------------------
------------------------------------
| action_max            | 14       |
| action_min            | 0        |
| adv_avg               | -0.674   |
| adv_max               | -0.343   |
| adv_med               | -0.652   |
| adv_min               | -1.59    |
| adv_var               | 0.00944  |
| clipfrac              | 0        |
| curr_lr               | 0.0195   |
| entropy               | 1.81     |
| eplenmean             | 333      |
| eprewmean             | 4.49     |
| fps                   | 2.42e+03 |
| grad_norm             | 0.3      |
| kl                    | 0.0333   |
| loss_pi               | -0.137   |
| loss_v                | 0.00082  |
| lr                    | 0.0195   |
| misc/nupdates         | 1.35e+03 |
| misc/serial_timesteps | 5.53e+06 |
| misc/time_elapsed     | 2.26e+03 |
| misc/total_timesteps  | 5.53e+06 |
| ratio_max             | 1.54     |
| ratio_min             | 0.1      |
| ret_avg               | -0.195   |
| ret_max               | 3.4      |
| ret_med               | -0.453   |
| ret_min               | -0.649   |
| ret_var               | 0.838    |
------------------------------------
------------------------------------
| action_max            | 14       |
| action_min            | 0        |
| adv_avg               | -0.67    |
| adv_max               | 0.531    |
| adv_med               | -0.652   |
| adv_min               | -2.9     |
| adv_var               | 0.03     |
| clipfrac              | 0        |
| curr_lr               | 0.0195   |
| entropy               | 1.55     |
| eplenmean             | 263      |
| eprewmean             | 4.5      |
| fps                   | 2.42e+03 |
| grad_norm             | 1.93     |
| kl                    | 0.00789  |
| loss_pi               | -0.0401  |
| loss_v                | 0.00721  |
| lr                    | 0.0195   |
| misc/nupdates         | 1.36e+03 |
| misc/serial_timesteps | 5.57e+06 |
| misc/time_elapsed     | 2.27e+03 |
| misc/total_timesteps  | 5.57e+06 |
| ratio_max             | 5.03     |
| ratio_min             | 0.287    |
| ret_avg               | 0.31     |
| ret_max               | 3.37     |
| ret_med               | -0.438   |
| ret_min               | -0.648   |
| ret_var               | 2.12     |
------------------------------------
------------------------------------
| action_max            | 14       |
| action_min            | 0        |
| adv_avg               | -0.663   |
| adv_max               | 0.792    |
| adv_med               | -0.651   |
| adv_min               | -1.87    |
| adv_var               | 0.0209   |
| clipfrac              | 0        |
| curr_lr               | 0.013    |
| entropy               | 1.37     |
| eplenmean             | 337      |
| eprewmean             | 4.16     |
| fps                   | 2.42e+03 |
| grad_norm             | 0.708    |
| kl                    | 0.00985  |
| loss_pi               | -0.0656  |
| loss_v                | 0.00548  |
| lr                    | 0.013    |
| misc/nupdates         | 1.37e+03 |
| misc/serial_timesteps | 5.61e+06 |
| misc/time_elapsed     | 2.29e+03 |
| misc/total_timesteps  | 5.61e+06 |
| ratio_max             | 1.72     |
| ratio_min             | 0.512    |
| ret_avg               | 0.229    |
| ret_max               | 3.36     |
| ret_med               | -0.436   |
| ret_min               | -0.647   |
| ret_var               | 1.81     |
------------------------------------
------------------------------------
| action_max            | 14       |
| action_min            | 0        |
| adv_avg               | -0.653   |
| adv_max               | -0.0359  |
| adv_med               | -0.65    |
| adv_min               | -0.959   |
| adv_var               | 0.00153  |
| clipfrac              | 0        |
| curr_lr               | 0.0195   |
| entropy               | 1.71     |
| eplenmean             | 290      |
| eprewmean             | 3.79     |
| fps                   | 2.45e+03 |
| grad_norm             | 0.365    |
| kl                    | 0.0325   |
| loss_pi               | -0.0767  |
| loss_v                | 0.000482 |
| lr                    | 0.0195   |
| misc/nupdates         | 1.38e+03 |
| misc/serial_timesteps | 5.65e+06 |
| misc/time_elapsed     | 2.31e+03 |
| misc/total_timesteps  | 5.65e+06 |
| ratio_max             | 2.1      |
| ratio_min             | 0.1      |
| ret_avg               | -0.372   |
| ret_max               | 3.34     |
| ret_med               | -0.474   |
| ret_min               | -0.646   |
| ret_var               | 0.375    |
------------------------------------
------------------------------------
| action_max            | 14       |
| action_min            | 0        |
| adv_avg               | -0.652   |
| adv_max               | -0.00236 |
| adv_med               | -0.649   |
| adv_min               | -1.39    |
| adv_var               | 0.00444  |
| clipfrac              | 0        |
| curr_lr               | 0.013    |
| entropy               | 1.56     |
| eplenmean             | 380      |
| eprewmean             | 3.76     |
| fps                   | 2.45e+03 |
| grad_norm             | 0.281    |
| kl                    | 0.0681   |
| loss_pi               | -0.0541  |
| loss_v                | 0.000543 |
| lr                    | 0.00867  |
| misc/nupdates         | 1.39e+03 |
| misc/serial_timesteps | 5.69e+06 |
| misc/time_elapsed     | 2.32e+03 |
| misc/total_timesteps  | 5.69e+06 |
| ratio_max             | 1.86     |
| ratio_min             | 0.1      |
| ret_avg               | -0.131   |
| ret_max               | 3.35     |
| ret_med               | -0.474   |
| ret_min               | -0.645   |
| ret_var               | 1.05     |
------------------------------------
------------------------------------
| action_max            | 14       |
| action_min            | 0        |
| adv_avg               | -0.651   |
| adv_max               | -0.379   |
| adv_med               | -0.647   |
| adv_min               | -1.03    |
| adv_var               | 0.00121  |
| clipfrac              | 0        |
| curr_lr               | 0.0195   |
| entropy               | 1.46     |
| eplenmean             | 358      |
| eprewmean             | 4.89     |
| fps                   | 2.43e+03 |
| grad_norm             | 0.71     |
| kl                    | 0.0162   |
| loss_pi               | -0.0592  |
| loss_v                | 0.0013   |
| lr                    | 0.0195   |
| misc/nupdates         | 1.4e+03  |
| misc/serial_timesteps | 5.73e+06 |
| misc/time_elapsed     | 2.34e+03 |
| misc/total_timesteps  | 5.73e+06 |
| ratio_max             | 1.86     |
| ratio_min             | 0.413    |
| ret_avg               | -0.383   |
| ret_max               | 3.35     |
| ret_med               | -0.478   |
| ret_min               | -0.644   |
| ret_var               | 0.313    |
------------------------------------
------------------------------------
| action_max            | 14       |
| action_min            | 0        |
| adv_avg               | -0.633   |
| adv_max               | 2.29     |
| adv_med               | -0.647   |
| adv_min               | -1.83    |
| adv_var               | 0.0289   |
| clipfrac              | 0        |
| curr_lr               | 0.0195   |
| entropy               | 1.56     |
| eplenmean             | 318      |
| eprewmean             | 4.45     |
| fps                   | 2.54e+03 |
| grad_norm             | 0.731    |
| kl                    | 0.0106   |
| loss_pi               | -0.00998 |
| loss_v                | 0.00482  |
| lr                    | 0.0195   |
| misc/nupdates         | 1.41e+03 |
| misc/serial_timesteps | 5.78e+06 |
| misc/time_elapsed     | 2.36e+03 |
| misc/total_timesteps  | 5.78e+06 |
| ratio_max             | 3.85     |
| ratio_min             | 0.182    |
| ret_avg               | -0.37    |
| ret_max               | 3.35     |
| ret_med               | -0.472   |
| ret_min               | -0.643   |
| ret_var               | 0.27     |
------------------------------------
------------------------------------
| action_max            | 14       |
| action_min            | 0        |
| adv_avg               | -0.656   |
| adv_max               | 0.49     |
| adv_med               | -0.646   |
| adv_min               | -1.33    |
| adv_var               | 0.00949  |
| clipfrac              | 0        |
| curr_lr               | 0.0195   |
| entropy               | 1.54     |
| eplenmean             | 367      |
| eprewmean             | 3.89     |
| fps                   | 2.44e+03 |
| grad_norm             | 0.675    |
| kl                    | 0.00599  |
| loss_pi               | -0.0423  |
| loss_v                | 0.002    |
| lr                    | 0.0195   |
| misc/nupdates         | 1.42e+03 |
| misc/serial_timesteps | 5.82e+06 |
| misc/time_elapsed     | 2.37e+03 |
| misc/total_timesteps  | 5.82e+06 |
| ratio_max             | 2.29     |
| ratio_min             | 0.549    |
| ret_avg               | 0.114    |
| ret_max               | 3.53     |
| ret_med               | -0.416   |
| ret_min               | -0.642   |
| ret_var               | 1.65     |
------------------------------------
------------------------------------
| action_max            | 14       |
| action_min            | 0        |
| adv_avg               | -0.631   |
| adv_max               | 1.79     |
| adv_med               | -0.643   |
| adv_min               | -2.11    |
| adv_var               | 0.0677   |
| clipfrac              | 0        |
| curr_lr               | 0.0195   |
| entropy               | 1.42     |
| eplenmean             | 343      |
| eprewmean             | 3.76     |
| fps                   | 2.52e+03 |
| grad_norm             | 0.678    |
| kl                    | 0.0286   |
| loss_pi               | -0.0405  |
| loss_v                | 0.0179   |
| lr                    | 0.0195   |
| misc/nupdates         | 1.43e+03 |
| misc/serial_timesteps | 5.86e+06 |
| misc/time_elapsed     | 2.39e+03 |
| misc/total_timesteps  | 5.86e+06 |
| ratio_max             | 2.39     |
| ratio_min             | 0.176    |
| ret_avg               | 0.00837  |
| ret_max               | 3.66     |
| ret_med               | -0.394   |
| ret_min               | -0.641   |
| ret_var               | 1.15     |
------------------------------------
------------------------------------
| action_max            | 14       |
| action_min            | 0        |
| adv_avg               | -0.639   |
| adv_max               | 0.617    |
| adv_med               | -0.645   |
| adv_min               | -2.3     |
| adv_var               | 0.0219   |
| clipfrac              | 0        |
| curr_lr               | 0.013    |
| entropy               | 1.47     |
| eplenmean             | 415      |
| eprewmean             | 2.92     |
| fps                   | 2.42e+03 |
| grad_norm             | 0.565    |
| kl                    | 0.00826  |
| loss_pi               | 0.0342   |
| loss_v                | 0.00299  |
| lr                    | 0.013    |
| misc/nupdates         | 1.44e+03 |
| misc/serial_timesteps | 5.9e+06  |
| misc/time_elapsed     | 2.41e+03 |
| misc/total_timesteps  | 5.9e+06  |
| ratio_max             | 1.81     |
| ratio_min             | 0.452    |
| ret_avg               | -0.0419  |
| ret_max               | 3.36     |
| ret_med               | -0.437   |
| ret_min               | -0.641   |
| ret_var               | 0.951    |
------------------------------------
------------------------------------
| action_max            | 14       |
| action_min            | 0        |
| adv_avg               | -0.655   |
| adv_max               | 2.21     |
| adv_med               | -0.649   |
| adv_min               | -1.53    |
| adv_var               | 0.0486   |
| clipfrac              | 0        |
| curr_lr               | 0.0195   |
| entropy               | 1.46     |
| eplenmean             | 308      |
| eprewmean             | 4.96     |
| fps                   | 2.38e+03 |
| grad_norm             | 0.57     |
| kl                    | 0.0121   |
| loss_pi               | 0.0205   |
| loss_v                | 0.0102   |
| lr                    | 0.0195   |
| misc/nupdates         | 1.45e+03 |
| misc/serial_timesteps | 5.94e+06 |
| misc/time_elapsed     | 2.42e+03 |
| misc/total_timesteps  | 5.94e+06 |
| ratio_max             | 2.41     |
| ratio_min             | 0.294    |
| ret_avg               | 0.322    |
| ret_max               | 3.57     |
| ret_med               | -0.369   |
| ret_min               | -0.641   |
| ret_var               | 1.9      |
------------------------------------
------------------------------------
| action_max            | 14       |
| action_min            | 0        |
| adv_avg               | -0.672   |
| adv_max               | 0.0966   |
| adv_med               | -0.651   |
| adv_min               | -2.27    |
| adv_var               | 0.0175   |
| clipfrac              | 0        |
| curr_lr               | 0.0293   |
| entropy               | 1.76     |
| eplenmean             | 277      |
| eprewmean             | 5.19     |
| fps                   | 2.51e+03 |
| grad_norm             | 0.567    |
| kl                    | 0.0371   |
| loss_pi               | -0.0814  |
| loss_v                | 0.00315  |
| lr                    | 0.0293   |
| misc/nupdates         | 1.46e+03 |
| misc/serial_timesteps | 5.98e+06 |
| misc/time_elapsed     | 2.44e+03 |
| misc/total_timesteps  | 5.98e+06 |
| ratio_max             | 2.91     |
| ratio_min             | 0.149    |
| ret_avg               | 0.0201   |
| ret_max               | 3.5      |
| ret_med               | -0.308   |
| ret_min               | -0.642   |
| ret_var               | 0.968    |
------------------------------------
