Setting seed: 1
Logging to logs/shared.ppo.karzmarz_False.resnet.dropout_0.0.damping_0.1.lr_0.001/maze-easy-0-10.20260720-211033_1
creating environment
Running on device: cuda:0
training...

Number of parameters: 938979.0

------------------------------------
| action_max            | 14       |
| action_min            | 0        |
| adv_avg               | -0.313   |
| adv_max               | 6.77     |
| adv_med               | -0.295   |
| adv_min               | -6.5     |
| adv_var               | 0.222    |
| clipfrac              | 0.156    |
| curr_lr               | 0.001    |
| entropy               | 2.52     |
| eplenmean             | 393      |
| eprewmean             | 2.71     |
| fps                   | 5.89e+03 |
| grad_norm             | 0.747    |
| kl                    | 0.266    |
| loss_pi               | -0.0162  |
| loss_v                | 0.258    |
| lr                    | 0.001    |
| misc/nupdates         | 9        |
| misc/serial_timesteps | 4.1e+04  |
| misc/time_elapsed     | 7.44     |
| misc/total_timesteps  | 4.1e+04  |
| ratio_max             | 1.25     |
| ratio_min             | 0.0712   |
| ret_avg               | 0.496    |
| ret_max               | 7.1      |
| ret_med               | -0.0692  |
| ret_min               | -0.291   |
| ret_var               | 3.1      |
------------------------------------
------------------------------------
| action_max            | 14       |
| action_min            | 0        |
| adv_avg               | -0.437   |
| adv_max               | 1.62     |
| adv_med               | -0.415   |
| adv_min               | -2.64    |
| adv_var               | 0.0315   |
| clipfrac              | 0.084    |
| curr_lr               | 0.001    |
| entropy               | 2.53     |
| eplenmean             | 429      |
| eprewmean             | 2.1      |
| fps                   | 5.83e+03 |
| grad_norm             | 0.827    |
| kl                    | 0.00862  |
| loss_pi               | -0.0132  |
| loss_v                | 0.0174   |
| lr                    | 0.001    |
| misc/nupdates         | 19       |
| misc/serial_timesteps | 8.19e+04 |
| misc/time_elapsed     | 14.4     |
| misc/total_timesteps  | 8.19e+04 |
| ratio_max             | 1.52     |
| ratio_min             | 0.709    |
| ret_avg               | -0.111   |
| ret_max               | 6.26     |
| ret_med               | -0.299   |
| ret_min               | -0.413   |
| ret_var               | 0.263    |
------------------------------------
------------------------------------
| action_max            | 14       |
| action_min            | 0        |
| adv_avg               | -0.497   |
| adv_max               | 0.0554   |
| adv_med               | -0.467   |
| adv_min               | -2.63    |
| adv_var               | 0.0209   |
| clipfrac              | 0.145    |
| curr_lr               | 0.001    |
| entropy               | 2.31     |
| eplenmean             | 400      |
| eprewmean             | 2.3      |
| fps                   | 6.1e+03  |
| grad_norm             | 0.658    |
| kl                    | 0.0278   |
| loss_pi               | -0.0262  |
| loss_v                | 0.0139   |
| lr                    | 0.001    |
| misc/nupdates         | 29       |
| misc/serial_timesteps | 1.23e+05 |
| misc/time_elapsed     | 21.5     |
| misc/total_timesteps  | 1.23e+05 |
| ratio_max             | 1.74     |
| ratio_min             | 0.311    |
| ret_avg               | -0.191   |
| ret_max               | 6.89     |
| ret_med               | -0.444   |
| ret_min               | -0.485   |
| ret_var               | 0.571    |
------------------------------------
------------------------------------
| action_max            | 14       |
| action_min            | 0        |
| adv_avg               | -0.458   |
| adv_max               | 0.438    |
| adv_med               | -0.453   |
| adv_min               | -1.27    |
| adv_var               | 0.0023   |
| clipfrac              | 0.0859   |
| curr_lr               | 0.001    |
| entropy               | 2.37     |
| eplenmean             | 424      |
| eprewmean             | 1.8      |
| fps                   | 5.78e+03 |
| grad_norm             | 0.769    |
| kl                    | 0.00977  |
| loss_pi               | -0.0119  |
| loss_v                | 0.00189  |
| lr                    | 0.001    |
| misc/nupdates         | 39       |
| misc/serial_timesteps | 1.64e+05 |
| misc/time_elapsed     | 28.5     |
| misc/total_timesteps  | 1.64e+05 |
| ratio_max             | 1.8      |
| ratio_min             | 0.587    |
| ret_avg               | -0.132   |
| ret_max               | 6.85     |
| ret_med               | -0.379   |
| ret_min               | -0.527   |
| ret_var               | 0.662    |
------------------------------------
------------------------------------
| action_max            | 14       |
| action_min            | 0        |
| adv_avg               | -0.451   |
| adv_max               | -0.413   |
| adv_med               | -0.438   |
| adv_min               | -0.734   |
| adv_var               | 0.00116  |
| clipfrac              | 0.176    |
| curr_lr               | 0.001    |
| entropy               | 2.21     |
| eplenmean             | 416      |
| eprewmean             | 1.8      |
| fps                   | 6.14e+03 |
| grad_norm             | 0.644    |
| kl                    | 0.0325   |
| loss_pi               | -0.0169  |
| loss_v                | 0.00118  |
| lr                    | 0.001    |
| misc/nupdates         | 49       |
| misc/serial_timesteps | 2.05e+05 |
| misc/time_elapsed     | 35.4     |
| misc/total_timesteps  | 2.05e+05 |
| ratio_max             | 2.64     |
| ratio_min             | 0.267    |
| ret_avg               | -0.0424  |
| ret_max               | 3.64     |
| ret_med               | -0.206   |
| ret_min               | -0.501   |
| ret_var               | 0.889    |
------------------------------------
------------------------------------
| action_max            | 14       |
| action_min            | 0        |
| adv_avg               | -0.426   |
| adv_max               | 1.99     |
| adv_med               | -0.421   |
| adv_min               | -2.26    |
| adv_var               | 0.00656  |
| clipfrac              | 0.104    |
| curr_lr               | 0.001    |
| entropy               | 1.67     |
| eplenmean             | 394      |
| eprewmean             | 2.3      |
| fps                   | 6.16e+03 |
| grad_norm             | 0.47     |
| kl                    | 0.00879  |
| loss_pi               | -0.0127  |
| loss_v                | 0.00257  |
| lr                    | 0.001    |
| misc/nupdates         | 59       |
| misc/serial_timesteps | 2.46e+05 |
| misc/time_elapsed     | 42.2     |
| misc/total_timesteps  | 2.46e+05 |
| ratio_max             | 1.66     |
| ratio_min             | 0.324    |
| ret_avg               | -0.318   |
| ret_max               | 7.43     |
| ret_med               | -0.361   |
| ret_min               | -0.42    |
| ret_var               | 0.145    |
------------------------------------
------------------------------------
| action_max            | 14       |
| action_min            | 0        |
| adv_avg               | -0.426   |
| adv_max               | 1.29     |
| adv_med               | -0.427   |
| adv_min               | -4.46    |
| adv_var               | 0.0462   |
| clipfrac              | 0.0371   |
| curr_lr               | 0.001    |
| entropy               | 2.43     |
| eplenmean             | 389      |
| eprewmean             | 2.7      |
| fps                   | 5.75e+03 |
| grad_norm             | 1.08     |
| kl                    | 0.0037   |
| loss_pi               | -0.0111  |
| loss_v                | 0.0218   |
| lr                    | 0.001    |
| misc/nupdates         | 69       |
| misc/serial_timesteps | 2.87e+05 |
| misc/time_elapsed     | 49.1     |
| misc/total_timesteps  | 2.87e+05 |
| ratio_max             | 1.31     |
| ratio_min             | 0.539    |
| ret_avg               | 0.16     |
| ret_max               | 3.05     |
| ret_med               | -0.263   |
| ret_min               | -0.426   |
| ret_var               | 0.662    |
------------------------------------
------------------------------------
| action_max            | 14       |
| action_min            | 0        |
| adv_avg               | -0.416   |
| adv_max               | -0.269   |
| adv_med               | -0.413   |
| adv_min               | -0.825   |
| adv_var               | 0.00073  |
| clipfrac              | 0.0879   |
| curr_lr               | 0.001    |
| entropy               | 1.74     |
| eplenmean             | 379      |
| eprewmean             | 2.9      |
| fps                   | 6.12e+03 |
| grad_norm             | 0.328    |
| kl                    | 0.00681  |
| loss_pi               | -0.0151  |
| loss_v                | 0.000876 |
| lr                    | 0.001    |
| misc/nupdates         | 79       |
| misc/serial_timesteps | 3.28e+05 |
| misc/time_elapsed     | 55.8     |
| misc/total_timesteps  | 3.28e+05 |
| ratio_max             | 1.45     |
| ratio_min             | 0.6      |
| ret_avg               | -0.294   |
| ret_max               | 7.54     |
| ret_med               | -0.337   |
| ret_min               | -0.43    |
| ret_var               | 0.236    |
------------------------------------
------------------------------------
| action_max            | 14       |
| action_min            | 0        |
| adv_avg               | -0.372   |
| adv_max               | 3.19     |
| adv_med               | -0.395   |
| adv_min               | -2.11    |
| adv_var               | 0.0799   |
| clipfrac              | 0.104    |
| curr_lr               | 0.001    |
| entropy               | 1.86     |
| eplenmean             | 358      |
| eprewmean             | 3.2      |
| fps                   | 5.88e+03 |
| grad_norm             | 0.681    |
| kl                    | 0.00758  |
| loss_pi               | -0.0222  |
| loss_v                | 0.0158   |
| lr                    | 0.001    |
| misc/nupdates         | 89       |
| misc/serial_timesteps | 3.69e+05 |
| misc/time_elapsed     | 62.7     |
| misc/total_timesteps  | 3.69e+05 |
| ratio_max             | 2.91     |
| ratio_min             | 0.495    |
| ret_avg               | 0.0203   |
| ret_max               | 7.41     |
| ret_med               | -0.255   |
| ret_min               | -0.414   |
| ret_var               | 1.4      |
------------------------------------
------------------------------------
| action_max            | 14       |
| action_min            | 0        |
| adv_avg               | -0.324   |
| adv_max               | 3.76     |
| adv_med               | -0.383   |
| adv_min               | -0.976   |
| adv_var               | 0.142    |
| clipfrac              | 0.0918   |
| curr_lr               | 0.001    |
| entropy               | 1.55     |
| eplenmean             | 311      |
| eprewmean             | 4.3      |
| fps                   | 6.11e+03 |
| grad_norm             | 0.773    |
| kl                    | 0.0156   |
| loss_pi               | -0.00846 |
| loss_v                | 0.0251   |
| lr                    | 0.001    |
| misc/nupdates         | 99       |
| misc/serial_timesteps | 4.1e+05  |
| misc/time_elapsed     | 69.4     |
| misc/total_timesteps  | 4.1e+05  |
| ratio_max             | 2.65     |
| ratio_min             | 0.455    |
| ret_avg               | 0.576    |
| ret_max               | 7.04     |
| ret_med               | -0.292   |
| ret_min               | -0.392   |
| ret_var               | 5.15     |
------------------------------------
------------------------------------
| action_max            | 14       |
| action_min            | 0        |
| adv_avg               | -0.361   |
| adv_max               | 0.174    |
| adv_med               | -0.361   |
| adv_min               | -1.07    |
| adv_var               | 0.00457  |
| clipfrac              | 0.0957   |
| curr_lr               | 0.001    |
| entropy               | 1.21     |
| eplenmean             | 291      |
| eprewmean             | 4.4      |
| fps                   | 5.9e+03  |
| grad_norm             | 0.69     |
| kl                    | 0.00899  |
| loss_pi               | -0.0139  |
| loss_v                | 0.00312  |
| lr                    | 0.001    |
| misc/nupdates         | 109      |
| misc/serial_timesteps | 4.51e+05 |
| misc/time_elapsed     | 76.4     |
| misc/total_timesteps  | 4.51e+05 |
| ratio_max             | 2.01     |
| ratio_min             | 0.579    |
| ret_avg               | 0.0112   |
| ret_max               | 6.71     |
| ret_med               | -0.347   |
| ret_min               | -0.377   |
| ret_var               | 2.11     |
------------------------------------
------------------------------------
| action_max            | 14       |
| action_min            | 0        |
| adv_avg               | -0.344   |
| adv_max               | 0.114    |
| adv_med               | -0.343   |
| adv_min               | -1.4     |
| adv_var               | 0.00341  |
| clipfrac              | 0.164    |
| curr_lr               | 0.001    |
| entropy               | 1.01     |
| eplenmean             | 249      |
| eprewmean             | 5.2      |
| fps                   | 5.96e+03 |
| grad_norm             | 0.633    |
| kl                    | 0.0102   |
| loss_pi               | -0.027   |
| loss_v                | 0.00233  |
| lr                    | 0.001    |
| misc/nupdates         | 119      |
| misc/serial_timesteps | 4.92e+05 |
| misc/time_elapsed     | 83.3     |
| misc/total_timesteps  | 4.92e+05 |
| ratio_max             | 1.62     |
| ratio_min             | 0.564    |
| ret_avg               | -0.11    |
| ret_max               | 6.55     |
| ret_med               | -0.313   |
| ret_min               | -0.378   |
| ret_var               | 1.18     |
------------------------------------
------------------------------------
| action_max            | 14       |
| action_min            | 0        |
| adv_avg               | -0.334   |
| adv_max               | -0.115   |
| adv_med               | -0.331   |
| adv_min               | -0.506   |
| adv_var               | 0.000284 |
| clipfrac              | 0.143    |
| curr_lr               | 0.001    |
| entropy               | 1.36     |
| eplenmean             | 264      |
| eprewmean             | 4.9      |
| fps                   | 5.89e+03 |
| grad_norm             | 0.587    |
| kl                    | 0.0109   |
| loss_pi               | -0.00561 |
| loss_v                | 0.000694 |
| lr                    | 0.001    |
| misc/nupdates         | 129      |
| misc/serial_timesteps | 5.32e+05 |
| misc/time_elapsed     | 90.2     |
| misc/total_timesteps  | 5.32e+05 |
| ratio_max             | 1.73     |
| ratio_min             | 0.55     |
| ret_avg               | -0.0552  |
| ret_max               | 6.5      |
| ret_med               | -0.287   |
| ret_min               | -0.341   |
| ret_var               | 1.53     |
------------------------------------
------------------------------------
| action_max            | 14       |
| action_min            | 0        |
| adv_avg               | -0.321   |
| adv_max               | -0.092   |
| adv_med               | -0.321   |
| adv_min               | -0.479   |
| adv_var               | 0.000138 |
| clipfrac              | 0.117    |
| curr_lr               | 0.001    |
| entropy               | 1.67     |
| eplenmean             | 343      |
| eprewmean             | 3.3      |
| fps                   | 5.81e+03 |
| grad_norm             | 0.261    |
| kl                    | 0.00957  |
| loss_pi               | -0.00876 |
| loss_v                | 0.000264 |
| lr                    | 0.001    |
| misc/nupdates         | 139      |
| misc/serial_timesteps | 5.73e+05 |
| misc/time_elapsed     | 97.2     |
| misc/total_timesteps  | 5.73e+05 |
| ratio_max             | 2.46     |
| ratio_min             | 0.531    |
| ret_avg               | -0.211   |
| ret_max               | 6.61     |
| ret_med               | -0.291   |
| ret_min               | -0.335   |
| ret_var               | 0.548    |
------------------------------------
------------------------------------
| action_max            | 14       |
| action_min            | 0        |
| adv_avg               | -0.309   |
| adv_max               | -0.101   |
| adv_med               | -0.31    |
| adv_min               | -0.487   |
| adv_var               | 0.000321 |
| clipfrac              | 0.0801   |
| curr_lr               | 0.001    |
| entropy               | 0.887    |
| eplenmean             | 329      |
| eprewmean             | 3.6      |
| fps                   | 5.92e+03 |
| grad_norm             | 1.02     |
| kl                    | 0.00889  |
| loss_pi               | -0.00131 |
| loss_v                | 0.000165 |
| lr                    | 0.001    |
| misc/nupdates         | 149      |
| misc/serial_timesteps | 6.14e+05 |
| misc/time_elapsed     | 104      |
| misc/total_timesteps  | 6.14e+05 |
| ratio_max             | 2.07     |
| ratio_min             | 0.632    |
| ret_avg               | -0.21    |
| ret_max               | 6.47     |
| ret_med               | -0.313   |
| ret_min               | -0.334   |
| ret_var               | 0.609    |
------------------------------------
------------------------------------
| action_max            | 14       |
| action_min            | 0        |
| adv_avg               | -0.303   |
| adv_max               | -0.151   |
| adv_med               | -0.303   |
| adv_min               | -0.442   |
| adv_var               | 0.000178 |
| clipfrac              | 0.123    |
| curr_lr               | 0.001    |
| entropy               | 1.17     |
| eplenmean             | 305      |
| eprewmean             | 4.1      |
| fps                   | 5.93e+03 |
| grad_norm             | 0.382    |
| kl                    | 0.0121   |
| loss_pi               | -0.0115  |
| loss_v                | 0.000117 |
| lr                    | 0.001    |
| misc/nupdates         | 159      |
| misc/serial_timesteps | 6.55e+05 |
| misc/time_elapsed     | 111      |
| misc/total_timesteps  | 6.55e+05 |
| ratio_max             | 2.45     |
| ratio_min             | 0.616    |
| ret_avg               | -0.255   |
| ret_max               | 6.42     |
| ret_med               | -0.274   |
| ret_min               | -0.303   |
| ret_var               | 0.0454   |
------------------------------------
------------------------------------
| action_max            | 14       |
| action_min            | 0        |
| adv_avg               | -0.299   |
| adv_max               | 0.0982   |
| adv_med               | -0.297   |
| adv_min               | -0.786   |
| adv_var               | 0.00225  |
| clipfrac              | 0.164    |
| curr_lr               | 0.001    |
| entropy               | 1.3      |
| eplenmean             | 295      |
| eprewmean             | 4.2      |
| fps                   | 5.85e+03 |
| grad_norm             | 0.387    |
| kl                    | 0.0118   |
| loss_pi               | -0.0256  |
| loss_v                | 0.00288  |
| lr                    | 0.001    |
| misc/nupdates         | 169      |
| misc/serial_timesteps | 6.96e+05 |
| misc/time_elapsed     | 118      |
| misc/total_timesteps  | 6.96e+05 |
| ratio_max             | 1.64     |
| ratio_min             | 0.396    |
| ret_avg               | -0.108   |
| ret_max               | 6.5      |
| ret_med               | -0.258   |
| ret_min               | -0.302   |
| ret_var               | 0.596    |
------------------------------------
------------------------------------
| action_max            | 14       |
| action_min            | 0        |
| adv_avg               | -0.311   |
| adv_max               | 0.423    |
| adv_med               | -0.295   |
| adv_min               | -2.66    |
| adv_var               | 0.0183   |
| clipfrac              | 0.15     |
| curr_lr               | 0.001    |
| entropy               | 1.05     |
| eplenmean             | 242      |
| eprewmean             | 5.4      |
| fps                   | 5.96e+03 |
| grad_norm             | 0.55     |
| kl                    | 0.0122   |
| loss_pi               | -0.00438 |
| loss_v                | 0.00483  |
| lr                    | 0.001    |
| misc/nupdates         | 179      |
| misc/serial_timesteps | 7.37e+05 |
| misc/time_elapsed     | 125      |
| misc/total_timesteps  | 7.37e+05 |
| ratio_max             | 2.79     |
| ratio_min             | 0.433    |
| ret_avg               | -0.109   |
| ret_max               | 6.5      |
| ret_med               | -0.261   |
| ret_min               | -0.294   |
| ret_var               | 0.261    |
------------------------------------
------------------------------------
| action_max            | 14       |
| action_min            | 0        |
| adv_avg               | -0.302   |
| adv_max               | 1.11     |
| adv_med               | -0.3     |
| adv_min               | -0.794   |
| adv_var               | 0.00898  |
| clipfrac              | 0.115    |
| curr_lr               | 0.001    |
| entropy               | 1.17     |
| eplenmean             | 238      |
| eprewmean             | 5.8      |
| fps                   | 6.13e+03 |
| grad_norm             | 0.734    |
| kl                    | 0.013    |
| loss_pi               | -0.00279 |
| loss_v                | 0.00143  |
| lr                    | 0.001    |
| misc/nupdates         | 189      |
| misc/serial_timesteps | 7.78e+05 |
| misc/time_elapsed     | 132      |
| misc/total_timesteps  | 7.78e+05 |
| ratio_max             | 3.04     |
| ratio_min             | 0.535    |
| ret_avg               | 0.557    |
| ret_max               | 6.34     |
| ret_med               | -0.247   |
| ret_min               | -0.31    |
| ret_var               | 4.32     |
------------------------------------
------------------------------------
| action_max            | 14       |
| action_min            | 0        |
| adv_avg               | -0.304   |
| adv_max               | 0.103    |
| adv_med               | -0.3     |
| adv_min               | -0.788   |
| adv_var               | 0.00213  |
| clipfrac              | 0.109    |
| curr_lr               | 0.001    |
| entropy               | 1.17     |
| eplenmean             | 275      |
| eprewmean             | 4.9      |
| fps                   | 5.89e+03 |
| grad_norm             | 0.59     |
| kl                    | 0.0105   |
| loss_pi               | -0.025   |
| loss_v                | 0.00159  |
| lr                    | 0.001    |
| misc/nupdates         | 199      |
| misc/serial_timesteps | 8.19e+05 |
| misc/time_elapsed     | 139      |
| misc/total_timesteps  | 8.19e+05 |
| ratio_max             | 2.63     |
| ratio_min             | 0.453    |
| ret_avg               | 0.391    |
| ret_max               | 6.13     |
| ret_med               | -0.262   |
| ret_min               | -0.301   |
| ret_var               | 3.52     |
------------------------------------
------------------------------------
| action_max            | 14       |
| action_min            | 0        |
| adv_avg               | -0.317   |
| adv_max               | 0.119    |
| adv_med               | -0.305   |
| adv_min               | -1.03    |
| adv_var               | 0.00746  |
| clipfrac              | 0.119    |
| curr_lr               | 0.001    |
| entropy               | 1.06     |
| eplenmean             | 272      |
| eprewmean             | 4.9      |
| fps                   | 5.89e+03 |
| grad_norm             | 0.875    |
| kl                    | 0.0181   |
| loss_pi               | -0.0354  |
| loss_v                | 0.00223  |
| lr                    | 0.001    |
| misc/nupdates         | 209      |
| misc/serial_timesteps | 8.6e+05  |
| misc/time_elapsed     | 146      |
| misc/total_timesteps  | 8.6e+05  |
| ratio_max             | 1.83     |
| ratio_min             | 0.282    |
| ret_avg               | 0.427    |
| ret_max               | 5.44     |
| ret_med               | -0.284   |
| ret_min               | -0.305   |
| ret_var               | 2.69     |
------------------------------------
------------------------------------
| action_max            | 14       |
| action_min            | 0        |
| adv_avg               | -0.301   |
| adv_max               | 0.136    |
| adv_med               | -0.301   |
| adv_min               | -0.562   |
| adv_var               | 0.000911 |
| clipfrac              | 0.109    |
| curr_lr               | 0.001    |
| entropy               | 0.764    |
| eplenmean             | 287      |
| eprewmean             | 4.5      |
| fps                   | 6.15e+03 |
| grad_norm             | 0.347    |
| kl                    | 0.00683  |
| loss_pi               | -0.0192  |
| loss_v                | 0.000273 |
| lr                    | 0.001    |
| misc/nupdates         | 219      |
| misc/serial_timesteps | 9.01e+05 |
| misc/time_elapsed     | 153      |
| misc/total_timesteps  | 9.01e+05 |
| ratio_max             | 2.56     |
| ratio_min             | 0.709    |
| ret_avg               | -0.166   |
| ret_max               | 5.37     |
| ret_med               | -0.307   |
| ret_min               | -0.314   |
| ret_var               | 0.606    |
------------------------------------
------------------------------------
| action_max            | 14       |
| action_min            | 0        |
| adv_avg               | -0.299   |
| adv_max               | -0.0242  |
| adv_med               | -0.299   |
| adv_min               | -0.55    |
| adv_var               | 0.000569 |
| clipfrac              | 0.0781   |
| curr_lr               | 0.001    |
| entropy               | 0.571    |
| eplenmean             | 279      |
| eprewmean             | 4.7      |
| fps                   | 5.87e+03 |
| grad_norm             | 0.59     |
| kl                    | 0.00559  |
| loss_pi               | -0.0106  |
| loss_v                | 0.00109  |
| lr                    | 0.001    |
| misc/nupdates         | 229      |
| misc/serial_timesteps | 9.42e+05 |
| misc/time_elapsed     | 160      |
| misc/total_timesteps  | 9.42e+05 |
| ratio_max             | 1.64     |
| ratio_min             | 0.469    |
| ret_avg               | -0.0802  |
| ret_max               | 5.29     |
| ret_med               | -0.31    |
| ret_min               | -0.331   |
| ret_var               | 1.08     |
------------------------------------
------------------------------------
| action_max            | 14       |
| action_min            | 0        |
| adv_avg               | -0.297   |
| adv_max               | -0.0378  |
| adv_med               | -0.295   |
| adv_min               | -0.563   |
| adv_var               | 0.000614 |
| clipfrac              | 0.0898   |
| curr_lr               | 0.001    |
| entropy               | 0.955    |
| eplenmean             | 280      |
| eprewmean             | 4.6      |
| fps                   | 6.09e+03 |
| grad_norm             | 0.636    |
| kl                    | 0.00939  |
| loss_pi               | -0.0245  |
| loss_v                | 0.000681 |
| lr                    | 0.001    |
| misc/nupdates         | 239      |
| misc/serial_timesteps | 9.83e+05 |
| misc/time_elapsed     | 166      |
| misc/total_timesteps  | 9.83e+05 |
| ratio_max             | 1.58     |
| ratio_min             | 0.307    |
| ret_avg               | 0.00336  |
| ret_max               | 5.3      |
| ret_med               | -0.31    |
| ret_min               | -0.338   |
| ret_var               | 1.46     |
------------------------------------
------------------------------------
| action_max            | 14       |
| action_min            | 0        |
| adv_avg               | -0.331   |
| adv_max               | 0.0664   |
| adv_med               | -0.295   |
| adv_min               | -5.55    |
| adv_var               | 0.0706   |
| clipfrac              | 0.0234   |
| curr_lr               | 0.001    |
| entropy               | 1.14     |
| eplenmean             | 312      |
| eprewmean             | 4        |
| fps                   | 5.86e+03 |
| grad_norm             | 1.84     |
| kl                    | 0.00584  |
| loss_pi               | 0.0013   |
| loss_v                | 0.0901   |
| lr                    | 0.001    |
| misc/nupdates         | 249      |
| misc/serial_timesteps | 1.02e+06 |
| misc/time_elapsed     | 173      |
| misc/total_timesteps  | 1.02e+06 |
| ratio_max             | 3.59     |
| ratio_min             | 0.457    |
| ret_avg               | 0.243    |
| ret_max               | 5.32     |
| ret_med               | -0.252   |
| ret_min               | -0.296   |
| ret_var               | 2.24     |
------------------------------------
------------------------------------
| action_max            | 14       |
| action_min            | 0        |
| adv_avg               | -0.296   |
| adv_max               | 0.13     |
| adv_med               | -0.298   |
| adv_min               | -0.609   |
| adv_var               | 0.0024   |
| clipfrac              | 0.102    |
| curr_lr               | 0.001    |
| entropy               | 0.671    |
| eplenmean             | 313      |
| eprewmean             | 4.3      |
| fps                   | 5.9e+03  |
| grad_norm             | 0.509    |
| kl                    | 0.0155   |
| loss_pi               | -0.016   |
| loss_v                | 0.00145  |
| lr                    | 0.001    |
| misc/nupdates         | 259      |
| misc/serial_timesteps | 1.06e+06 |
| misc/time_elapsed     | 180      |
| misc/total_timesteps  | 1.06e+06 |
| ratio_max             | 6.55     |
| ratio_min             | 0.394    |
| ret_avg               | 0.54     |
| ret_max               | 5.09     |
| ret_med               | -0.243   |
| ret_min               | -0.303   |
| ret_var               | 3.35     |
------------------------------------
------------------------------------
| action_max            | 14       |
| action_min            | 0        |
| adv_avg               | -0.295   |
| adv_max               | 0.0206   |
| adv_med               | -0.297   |
| adv_min               | -0.464   |
| adv_var               | 0.000855 |
| clipfrac              | 0.131    |
| curr_lr               | 0.001    |
| entropy               | 1.11     |
| eplenmean             | 252      |
| eprewmean             | 5.4      |
| fps                   | 5.99e+03 |
| grad_norm             | 0.484    |
| kl                    | 0.0263   |
| loss_pi               | -0.0157  |
| loss_v                | 0.000684 |
| lr                    | 0.001    |
| misc/nupdates         | 269      |
| misc/serial_timesteps | 1.11e+06 |
| misc/time_elapsed     | 187      |
| misc/total_timesteps  | 1.11e+06 |
| ratio_max             | 3.6      |
| ratio_min             | 0.273    |
| ret_avg               | 0.139    |
| ret_max               | 5.03     |
| ret_med               | -0.278   |
| ret_min               | -0.3     |
| ret_var               | 1.95     |
------------------------------------
------------------------------------
| action_max            | 14       |
| action_min            | 0        |
| adv_avg               | -0.295   |
| adv_max               | -0.167   |
| adv_med               | -0.294   |
| adv_min               | -0.396   |
| adv_var               | 0.000128 |
| clipfrac              | 0.141    |
| curr_lr               | 0.001    |
| entropy               | 0.979    |
| eplenmean             | 264      |
| eprewmean             | 4.9      |
| fps                   | 6.1e+03  |
| grad_norm             | 0.384    |
| kl                    | 0.0205   |
| loss_pi               | -0.0141  |
| loss_v                | 0.000156 |
| lr                    | 0.001    |
| misc/nupdates         | 279      |
| misc/serial_timesteps | 1.15e+06 |
| misc/time_elapsed     | 194      |
| misc/total_timesteps  | 1.15e+06 |
| ratio_max             | 1.63     |
| ratio_min             | 0.275    |
| ret_avg               | -0.199   |
| ret_max               | 5.04     |
| ret_med               | -0.267   |
| ret_min               | -0.3     |
| ret_var               | 0.376    |
------------------------------------
------------------------------------
| action_max            | 14       |
| action_min            | 0        |
| adv_avg               | -0.291   |
| adv_max               | -0.109   |
| adv_med               | -0.291   |
| adv_min               | -0.403   |
| adv_var               | 0.000174 |
| clipfrac              | 0.154    |
| curr_lr               | 0.001    |
| entropy               | 1.42     |
| eplenmean             | 315      |
| eprewmean             | 3.9      |
| fps                   | 5.81e+03 |
| grad_norm             | 0.295    |
| kl                    | 0.0135   |
| loss_pi               | -0.00417 |
| loss_v                | 0.000356 |
| lr                    | 0.001    |
| misc/nupdates         | 289      |
| misc/serial_timesteps | 1.19e+06 |
| misc/time_elapsed     | 201      |
| misc/total_timesteps  | 1.19e+06 |
| ratio_max             | 2.01     |
| ratio_min             | 0.48     |
| ret_avg               | -0.203   |
| ret_max               | 5.05     |
| ret_med               | -0.284   |
| ret_min               | -0.316   |
| ret_var               | 0.385    |
------------------------------------
------------------------------------
| action_max            | 14       |
| action_min            | 0        |
| adv_avg               | -0.294   |
| adv_max               | 0.00507  |
| adv_med               | -0.29    |
| adv_min               | -0.506   |
| adv_var               | 0.000464 |
| clipfrac              | 0.154    |
| curr_lr               | 0.001    |
| entropy               | 0.923    |
| eplenmean             | 221      |
| eprewmean             | 5.9      |
| fps                   | 5.91e+03 |
| grad_norm             | 0.731    |
| kl                    | 0.0323   |
| loss_pi               | -0.0238  |
| loss_v                | 0.000536 |
| lr                    | 0.001    |
| misc/nupdates         | 299      |
| misc/serial_timesteps | 1.23e+06 |
| misc/time_elapsed     | 208      |
| misc/total_timesteps  | 1.23e+06 |
| ratio_max             | 35.5     |
| ratio_min             | 0.163    |
| ret_avg               | 0.23     |
| ret_max               | 4.99     |
| ret_med               | -0.296   |
| ret_min               | -0.306   |
| ret_var               | 2.44     |
------------------------------------
------------------------------------
| action_max            | 14       |
| action_min            | 0        |
| adv_avg               | -0.287   |
| adv_max               | 0.266    |
| adv_med               | -0.289   |
| adv_min               | -0.622   |
| adv_var               | 0.00125  |
| clipfrac              | 0.135    |
| curr_lr               | 0.001    |
| entropy               | 1.36     |
| eplenmean             | 258      |
| eprewmean             | 5.2      |
| fps                   | 6.13e+03 |
| grad_norm             | 0.617    |
| kl                    | 0.00891  |
| loss_pi               | -0.014   |
| loss_v                | 0.000705 |
| lr                    | 0.001    |
| misc/nupdates         | 309      |
| misc/serial_timesteps | 1.27e+06 |
| misc/time_elapsed     | 215      |
| misc/total_timesteps  | 1.27e+06 |
| ratio_max             | 1.54     |
| ratio_min             | 0.167    |
| ret_avg               | -0.0595  |
| ret_max               | 4.94     |
| ret_med               | -0.274   |
| ret_min               | -0.311   |
| ret_var               | 0.913    |
------------------------------------
------------------------------------
| action_max            | 14       |
| action_min            | 0        |
| adv_avg               | -0.302   |
| adv_max               | 0.323    |
| adv_med               | -0.287   |
| adv_min               | -1.33    |
| adv_var               | 0.0137   |
| clipfrac              | 0.119    |
| curr_lr               | 0.001    |
| entropy               | 1.04     |
| eplenmean             | 268      |
| eprewmean             | 4.9      |
| fps                   | 6.16e+03 |
| grad_norm             | 0.504    |
| kl                    | 0.0134   |
| loss_pi               | -0.0174  |
| loss_v                | 0.00361  |
| lr                    | 0.001    |
| misc/nupdates         | 319      |
| misc/serial_timesteps | 1.31e+06 |
| misc/time_elapsed     | 221      |
| misc/total_timesteps  | 1.31e+06 |
| ratio_max             | 1.6      |
| ratio_min             | 0.246    |
| ret_avg               | 0.167    |
| ret_max               | 5        |
| ret_med               | -0.284   |
| ret_min               | -0.402   |
| ret_var               | 1.9      |
------------------------------------
------------------------------------
| action_max            | 14       |
| action_min            | 0        |
| adv_avg               | -0.287   |
| adv_max               | -0.0837  |
| adv_med               | -0.287   |
| adv_min               | -0.43    |
| adv_var               | 0.000685 |
| clipfrac              | 0.084    |
| curr_lr               | 0.001    |
| entropy               | 0.718    |
| eplenmean             | 269      |
| eprewmean             | 4.8      |
| fps                   | 5.9e+03  |
| grad_norm             | 0.569    |
| kl                    | 0.00671  |
| loss_pi               | 0.000631 |
| loss_v                | 0.000285 |
| lr                    | 0.001    |
| misc/nupdates         | 329      |
| misc/serial_timesteps | 1.35e+06 |
| misc/time_elapsed     | 228      |
| misc/total_timesteps  | 1.35e+06 |
| ratio_max             | 1.76     |
| ratio_min             | 0.663    |
| ret_avg               | -0.0949  |
| ret_max               | 4.96     |
| ret_med               | -0.284   |
| ret_min               | -0.344   |
| ret_var               | 0.698    |
------------------------------------
------------------------------------
| action_max            | 14       |
| action_min            | 0        |
| adv_avg               | -0.283   |
| adv_max               | -0.0574  |
| adv_med               | -0.285   |
| adv_min               | -0.437   |
| adv_var               | 0.000515 |
| clipfrac              | 0.244    |
| curr_lr               | 0.001    |
| entropy               | 0.615    |
| eplenmean             | 242      |
| eprewmean             | 5.4      |
| fps                   | 5.95e+03 |
| grad_norm             | 0.404    |
| kl                    | 0.0364   |
| loss_pi               | -0.00369 |
| loss_v                | 0.00027  |
| lr                    | 0.001    |
| misc/nupdates         | 339      |
| misc/serial_timesteps | 1.39e+06 |
| misc/time_elapsed     | 235      |
| misc/total_timesteps  | 1.39e+06 |
| ratio_max             | 9.28     |
| ratio_min             | 0.665    |
| ret_avg               | -0.116   |
| ret_max               | 4.96     |
| ret_med               | -0.285   |
| ret_min               | -0.304   |
| ret_var               | 0.71     |
------------------------------------
------------------------------------
| action_max            | 14       |
| action_min            | 0        |
| adv_avg               | -0.283   |
| adv_max               | -0.197   |
| adv_med               | -0.283   |
| adv_min               | -0.391   |
| adv_var               | 7.49e-05 |
| clipfrac              | 0.0703   |
| curr_lr               | 0.001    |
| entropy               | 0.278    |
| eplenmean             | 292      |
| eprewmean             | 4.3      |
| fps                   | 5.98e+03 |
| grad_norm             | 0.725    |
| kl                    | 0.00566  |
| loss_pi               | -0.0129  |
| loss_v                | 0.000115 |
| lr                    | 0.001    |
| misc/nupdates         | 349      |
| misc/serial_timesteps | 1.43e+06 |
| misc/time_elapsed     | 242      |
| misc/total_timesteps  | 1.43e+06 |
| ratio_max             | 1.5      |
| ratio_min             | 0.31     |
| ret_avg               | -0.196   |
| ret_max               | 4.98     |
| ret_med               | -0.293   |
| ret_min               | -0.312   |
| ret_var               | 0.492    |
------------------------------------
------------------------------------
| action_max            | 14       |
| action_min            | 0        |
| adv_avg               | -0.283   |
| adv_max               | -0.123   |
| adv_med               | -0.284   |
| adv_min               | -0.414   |
| adv_var               | 0.000178 |
| clipfrac              | 0.0898   |
| curr_lr               | 0.001    |
| entropy               | 0.619    |
| eplenmean             | 218      |
| eprewmean             | 6        |
| fps                   | 5.88e+03 |
| grad_norm             | 0.632    |
| kl                    | 0.0115   |
| loss_pi               | -0.0214  |
| loss_v                | 0.00044  |
| lr                    | 0.001    |
| misc/nupdates         | 359      |
| misc/serial_timesteps | 1.47e+06 |
| misc/time_elapsed     | 249      |
| misc/total_timesteps  | 1.47e+06 |
| ratio_max             | 2.07     |
| ratio_min             | 0.278    |
| ret_avg               | -0.106   |
| ret_max               | 4.91     |
| ret_med               | -0.266   |
| ret_min               | -0.313   |
| ret_var               | 0.811    |
------------------------------------
------------------------------------
| action_max            | 14       |
| action_min            | 0        |
| adv_avg               | -0.288   |
| adv_max               | -0.168   |
| adv_med               | -0.282   |
| adv_min               | -0.561   |
| adv_var               | 0.000659 |
| clipfrac              | 0.145    |
| curr_lr               | 0.001    |
| entropy               | 0.865    |
| eplenmean             | 304      |
| eprewmean             | 4.1      |
| fps                   | 5.87e+03 |
| grad_norm             | 0.272    |
| kl                    | 0.0157   |
| loss_pi               | -0.0378  |
| loss_v                | 0.000767 |
| lr                    | 0.001    |
| misc/nupdates         | 369      |
| misc/serial_timesteps | 1.52e+06 |
| misc/time_elapsed     | 255      |
| misc/total_timesteps  | 1.52e+06 |
| ratio_max             | 2.1      |
| ratio_min             | 0.443    |
| ret_avg               | -0.0172  |
| ret_max               | 4.92     |
| ret_med               | -0.267   |
| ret_min               | -0.288   |
| ret_var               | 0.881    |
------------------------------------
------------------------------------
| action_max            | 14       |
| action_min            | 0        |
| adv_avg               | -0.285   |
| adv_max               | -0.057   |
| adv_med               | -0.283   |
| adv_min               | -0.496   |
| adv_var               | 0.000824 |
| clipfrac              | 0.0938   |
| curr_lr               | 0.001    |
| entropy               | 0.779    |
| eplenmean             | 241      |
| eprewmean             | 5.4      |
| fps                   | 5.95e+03 |
| grad_norm             | 0.433    |
| kl                    | 0.014    |
| loss_pi               | -0.027   |
| loss_v                | 0.000662 |
| lr                    | 0.001    |
| misc/nupdates         | 379      |
| misc/serial_timesteps | 1.56e+06 |
| misc/time_elapsed     | 262      |
| misc/total_timesteps  | 1.56e+06 |
| ratio_max             | 2.44     |
| ratio_min             | 0.363    |
| ret_avg               | -0.0213  |
| ret_max               | 4.89     |
| ret_med               | -0.265   |
| ret_min               | -0.283   |
| ret_var               | 0.832    |
------------------------------------
------------------------------------
| action_max            | 14       |
| action_min            | 0        |
| adv_avg               | -0.289   |
| adv_max               | -0.0179  |
| adv_med               | -0.282   |
| adv_min               | -0.43    |
| adv_var               | 0.000718 |
| clipfrac              | 0.143    |
| curr_lr               | 0.001    |
| entropy               | 0.707    |
| eplenmean             | 275      |
| eprewmean             | 4.7      |
| fps                   | 5.96e+03 |
| grad_norm             | 0.841    |
| kl                    | 0.0172   |
| loss_pi               | -0.00681 |
| loss_v                | 0.000302 |
| lr                    | 0.001    |
| misc/nupdates         | 389      |
| misc/serial_timesteps | 1.6e+06  |
| misc/time_elapsed     | 269      |
| misc/total_timesteps  | 1.6e+06  |
| ratio_max             | 4.93     |
| ratio_min             | 0.447    |
| ret_avg               | 0.184    |
| ret_max               | 4.9      |
| ret_med               | -0.29    |
| ret_min               | -0.292   |
| ret_var               | 2        |
------------------------------------
------------------------------------
| action_max            | 14       |
| action_min            | 0        |
| adv_avg               | -0.282   |
| adv_max               | -0.0569  |
| adv_med               | -0.281   |
| adv_min               | -0.526   |
| adv_var               | 0.000449 |
| clipfrac              | 0.119    |
| curr_lr               | 0.001    |
| entropy               | 0.69     |
| eplenmean             | 259      |
| eprewmean             | 5.1      |
| fps                   | 5.78e+03 |
| grad_norm             | 0.315    |
| kl                    | 0.00728  |
| loss_pi               | -0.0141  |
| loss_v                | 0.000266 |
| lr                    | 0.001    |
| misc/nupdates         | 399      |
| misc/serial_timesteps | 1.64e+06 |
| misc/time_elapsed     | 276      |
| misc/total_timesteps  | 1.64e+06 |
| ratio_max             | 1.72     |
| ratio_min             | 0.221    |
| ret_avg               | -0.126   |
| ret_max               | 4.96     |
| ret_med               | -0.299   |
| ret_min               | -0.362   |
| ret_var               | 0.818    |
------------------------------------
------------------------------------
| action_max            | 14       |
| action_min            | 0        |
| adv_avg               | -0.282   |
| adv_max               | -0.0856  |
| adv_med               | -0.28    |
| adv_min               | -0.538   |
| adv_var               | 0.000209 |
| clipfrac              | 0.135    |
| curr_lr               | 0.001    |
| entropy               | 0.862    |
| eplenmean             | 280      |
| eprewmean             | 4.6      |
| fps                   | 5.86e+03 |
| grad_norm             | 0.215    |
| kl                    | 0.0116   |
| loss_pi               | -0.0173  |
| loss_v                | 0.000208 |
| lr                    | 0.001    |
| misc/nupdates         | 409      |
| misc/serial_timesteps | 1.68e+06 |
| misc/time_elapsed     | 283      |
| misc/total_timesteps  | 1.68e+06 |
| ratio_max             | 1.7      |
| ratio_min             | 0.0567   |
| ret_avg               | -0.115   |
| ret_max               | 4.87     |
| ret_med               | -0.294   |
| ret_min               | -0.326   |
| ret_var               | 0.781    |
------------------------------------
------------------------------------
| action_max            | 14       |
| action_min            | 0        |
| adv_avg               | -0.278   |
| adv_max               | -0.0147  |
| adv_med               | -0.279   |
| adv_min               | -0.443   |
| adv_var               | 0.000226 |
| clipfrac              | 0.0938   |
| curr_lr               | 0.001    |
| entropy               | 0.819    |
| eplenmean             | 251      |
| eprewmean             | 5.2      |
| fps                   | 6.16e+03 |
| grad_norm             | 0.263    |
| kl                    | 0.00532  |
| loss_pi               | -0.024   |
| loss_v                | 0.000141 |
| lr                    | 0.001    |
| misc/nupdates         | 419      |
| misc/serial_timesteps | 1.72e+06 |
| misc/time_elapsed     | 290      |
| misc/total_timesteps  | 1.72e+06 |
| ratio_max             | 1.35     |
| ratio_min             | 0.629    |
| ret_avg               | -0.182   |
| ret_max               | 4.85     |
| ret_med               | -0.304   |
| ret_min               | -0.309   |
| ret_var               | 0.524    |
------------------------------------
------------------------------------
| action_max            | 14       |
| action_min            | 0        |
| adv_avg               | -0.28    |
| adv_max               | -0.0967  |
| adv_med               | -0.279   |
| adv_min               | -0.378   |
| adv_var               | 0.000147 |
| clipfrac              | 0.256    |
| curr_lr               | 0.001    |
| entropy               | 1.56     |
| eplenmean             | 244      |
| eprewmean             | 5.4      |
| fps                   | 5.96e+03 |
| grad_norm             | 0.356    |
| kl                    | 0.0173   |
| loss_pi               | -0.018   |
| loss_v                | 0.000292 |
| lr                    | 0.001    |
| misc/nupdates         | 429      |
| misc/serial_timesteps | 1.76e+06 |
| misc/time_elapsed     | 297      |
| misc/total_timesteps  | 1.76e+06 |
| ratio_max             | 1.68     |
| ratio_min             | 0.371    |
| ret_avg               | -0.112   |
| ret_max               | 4.84     |
| ret_med               | -0.254   |
| ret_min               | -0.287   |
| ret_var               | 0.717    |
------------------------------------
------------------------------------
| action_max            | 14       |
| action_min            | 0        |
| adv_avg               | -0.276   |
| adv_max               | -0.0794  |
| adv_med               | -0.277   |
| adv_min               | -0.456   |
| adv_var               | 0.000407 |
| clipfrac              | 0.15     |
| curr_lr               | 0.001    |
| entropy               | 1.19     |
| eplenmean             | 265      |
| eprewmean             | 4.9      |
| fps                   | 5.9e+03  |
| grad_norm             | 0.592    |
| kl                    | 0.00906  |
| loss_pi               | -0.00995 |
| loss_v                | 0.000651 |
| lr                    | 0.001    |
| misc/nupdates         | 439      |
| misc/serial_timesteps | 1.8e+06  |
| misc/time_elapsed     | 304      |
| misc/total_timesteps  | 1.8e+06  |
| ratio_max             | 2.25     |
| ratio_min             | 0.293    |
| ret_avg               | -0.0933  |
| ret_max               | 4.82     |
| ret_med               | -0.278   |
| ret_min               | -0.315   |
| ret_var               | 0.851    |
------------------------------------
------------------------------------
| action_max            | 14       |
| action_min            | 0        |
| adv_avg               | -0.279   |
| adv_max               | -0.165   |
| adv_med               | -0.276   |
| adv_min               | -0.497   |
| adv_var               | 0.000571 |
| clipfrac              | 0.143    |
| curr_lr               | 0.001    |
| entropy               | 1.53     |
| eplenmean             | 260      |
| eprewmean             | 5.1      |
| fps                   | 5.85e+03 |
| grad_norm             | 1.13     |
| kl                    | 0.00949  |
| loss_pi               | -0.0239  |
| loss_v                | 0.00204  |
| lr                    | 0.001    |
| misc/nupdates         | 449      |
| misc/serial_timesteps | 1.84e+06 |
| misc/time_elapsed     | 311      |
| misc/total_timesteps  | 1.84e+06 |
| ratio_max             | 1.81     |
| ratio_min             | 0.519    |
| ret_avg               | -0.142   |
| ret_max               | 4.83     |
| ret_med               | -0.272   |
| ret_min               | -0.3     |
| ret_var               | 0.462    |
------------------------------------
------------------------------------
| action_max            | 14       |
| action_min            | 0        |
| adv_avg               | -0.335   |
| adv_max               | 0.0966   |
| adv_med               | -0.281   |
| adv_min               | -4.66    |
| adv_var               | 0.0953   |
| clipfrac              | 0.0391   |
| curr_lr               | 0.001    |
| entropy               | 1.55     |
| eplenmean             | 307      |
| eprewmean             | 4.4      |
| fps                   | 5.85e+03 |
| grad_norm             | 1.07     |
| kl                    | 0.01     |
| loss_pi               | -0.0139  |
| loss_v                | 0.0571   |
| lr                    | 0.001    |
| misc/nupdates         | 459      |
| misc/serial_timesteps | 1.88e+06 |
| misc/time_elapsed     | 318      |
| misc/total_timesteps  | 1.88e+06 |
| ratio_max             | 3.42     |
| ratio_min             | 0.54     |
| ret_avg               | 0.547    |
| ret_max               | 4.7      |
| ret_med               | -0.211   |
| ret_min               | -0.291   |
| ret_var               | 2.67     |
------------------------------------
------------------------------------
| action_max            | 14       |
| action_min            | 0        |
| adv_avg               | -0.283   |
| adv_max               | 0.145    |
| adv_med               | -0.282   |
| adv_min               | -0.612   |
| adv_var               | 0.00107  |
| clipfrac              | 0.0957   |
| curr_lr               | 0.001    |
| entropy               | 1.14     |
| eplenmean             | 267      |
| eprewmean             | 5.2      |
| fps                   | 6.21e+03 |
| grad_norm             | 0.506    |
| kl                    | 0.00652  |
| loss_pi               | -0.0188  |
| loss_v                | 0.000484 |
| lr                    | 0.001    |
| misc/nupdates         | 469      |
| misc/serial_timesteps | 1.93e+06 |
| misc/time_elapsed     | 324      |
| misc/total_timesteps  | 1.93e+06 |
| ratio_max             | 1.5      |
| ratio_min             | 0.525    |
| ret_avg               | 0.0532   |
| ret_max               | 4.69     |
| ret_med               | -0.242   |
| ret_min               | -0.295   |
| ret_var               | 1.35     |
------------------------------------
------------------------------------
| action_max            | 14       |
| action_min            | 0        |
| adv_avg               | -0.287   |
| adv_max               | -0.15    |
| adv_med               | -0.282   |
| adv_min               | -0.511   |
| adv_var               | 0.00051  |
| clipfrac              | 0.137    |
| curr_lr               | 0.001    |
| entropy               | 1.38     |
| eplenmean             | 271      |
| eprewmean             | 4.9      |
| fps                   | 6.16e+03 |
| grad_norm             | 0.683    |
| kl                    | 0.00931  |
| loss_pi               | -0.0239  |
| loss_v                | 0.000412 |
| lr                    | 0.001    |
| misc/nupdates         | 479      |
| misc/serial_timesteps | 1.97e+06 |
| misc/time_elapsed     | 331      |
| misc/total_timesteps  | 1.97e+06 |
| ratio_max             | 1.66     |
| ratio_min             | 0.668    |
| ret_avg               | 0.0926   |
| ret_max               | 4.66     |
| ret_med               | -0.243   |
| ret_min               | -0.305   |
| ret_var               | 1.52     |
------------------------------------
------------------------------------
| action_max            | 14       |
| action_min            | 0        |
| adv_avg               | -0.324   |
| adv_max               | 0.0339   |
| adv_med               | -0.281   |
| adv_min               | -4.69    |
| adv_var               | 0.0929   |
| clipfrac              | 0.0547   |
| curr_lr               | 0.001    |
| entropy               | 1.47     |
| eplenmean             | 272      |
| eprewmean             | 4.8      |
| fps                   | 5.85e+03 |
| grad_norm             | 0.523    |
| kl                    | 0.00779  |
| loss_pi               | -0.0171  |
| loss_v                | 0.0716   |
| lr                    | 0.001    |
| misc/nupdates         | 489      |
| misc/serial_timesteps | 2.01e+06 |
| misc/time_elapsed     | 338      |
| misc/total_timesteps  | 2.01e+06 |
| ratio_max             | 2.06     |
| ratio_min             | 0.545    |
| ret_avg               | 0.0745   |
| ret_max               | 4.64     |
| ret_med               | -0.258   |
| ret_min               | -0.335   |
| ret_var               | 1.39     |
------------------------------------
------------------------------------
| action_max            | 14       |
| action_min            | 0        |
| adv_avg               | -0.287   |
| adv_max               | -0.106   |
| adv_med               | -0.281   |
| adv_min               | -0.611   |
| adv_var               | 0.00113  |
| clipfrac              | 0.115    |
| curr_lr               | 0.001    |
| entropy               | 1.27     |
| eplenmean             | 259      |
| eprewmean             | 5.2      |
| fps                   | 5.84e+03 |
| grad_norm             | 0.59     |
| kl                    | 0.00847  |
| loss_pi               | -0.0155  |
| loss_v                | 0.0017   |
| lr                    | 0.001    |
| misc/nupdates         | 499      |
| misc/serial_timesteps | 2.05e+06 |
| misc/time_elapsed     | 345      |
| misc/total_timesteps  | 2.05e+06 |
| ratio_max             | 1.44     |
| ratio_min             | 0.624    |
| ret_avg               | -0.0274  |
| ret_max               | 4.67     |
| ret_med               | -0.268   |
| ret_min               | -0.385   |
| ret_var               | 1.12     |
------------------------------------
------------------------------------
| action_max            | 14       |
| action_min            | 0        |
| adv_avg               | -0.281   |
| adv_max               | 0.123    |
| adv_med               | -0.279   |
| adv_min               | -0.825   |
| adv_var               | 0.00204  |
| clipfrac              | 0.109    |
| curr_lr               | 0.001    |
| entropy               | 1.34     |
| eplenmean             | 319      |
| eprewmean             | 3.8      |
| fps                   | 6.15e+03 |
| grad_norm             | 0.482    |
| kl                    | 0.00807  |
| loss_pi               | -0.0215  |
| loss_v                | 0.00131  |
| lr                    | 0.001    |
| misc/nupdates         | 509      |
| misc/serial_timesteps | 2.09e+06 |
| misc/time_elapsed     | 352      |
| misc/total_timesteps  | 2.09e+06 |
| ratio_max             | 1.6      |
| ratio_min             | 0.476    |
| ret_avg               | -0.00553 |
| ret_max               | 4.65     |
| ret_med               | -0.276   |
| ret_min               | -0.392   |
| ret_var               | 1.18     |
------------------------------------
------------------------------------
| action_max            | 14       |
| action_min            | 0        |
| adv_avg               | -0.277   |
| adv_max               | 0.141    |
| adv_med               | -0.279   |
| adv_min               | -0.446   |
| adv_var               | 0.00125  |
| clipfrac              | 0.141    |
| curr_lr               | 0.001    |
| entropy               | 0.733    |
| eplenmean             | 243      |
| eprewmean             | 5.6      |
| fps                   | 6.24e+03 |
| grad_norm             | 0.432    |
| kl                    | 0.0154   |
| loss_pi               | -0.0167  |
| loss_v                | 0.000536 |
| lr                    | 0.001    |
| misc/nupdates         | 519      |
| misc/serial_timesteps | 2.13e+06 |
| misc/time_elapsed     | 359      |
| misc/total_timesteps  | 2.13e+06 |
| ratio_max             | 1.72     |
| ratio_min             | 0.616    |
| ret_avg               | 0.202    |
| ret_max               | 4.6      |
| ret_med               | -0.336   |
| ret_min               | -0.345   |
| ret_var               | 2.15     |
------------------------------------
------------------------------------
| action_max            | 14       |
| action_min            | 0        |
| adv_avg               | -0.277   |
| adv_max               | 0.0239   |
| adv_med               | -0.278   |
| adv_min               | -0.481   |
| adv_var               | 0.000517 |
| clipfrac              | 0.271    |
| curr_lr               | 0.001    |
| entropy               | 1.21     |
| eplenmean             | 242      |
| eprewmean             | 5.4      |
| fps                   | 5.98e+03 |
| grad_norm             | 0.258    |
| kl                    | 0.015    |
| loss_pi               | -0.0108  |
| loss_v                | 0.000549 |
| lr                    | 0.001    |
| misc/nupdates         | 529      |
| misc/serial_timesteps | 2.17e+06 |
| misc/time_elapsed     | 366      |
| misc/total_timesteps  | 2.17e+06 |
| ratio_max             | 2.42     |
| ratio_min             | 0.458    |
| ret_avg               | -0.129   |
| ret_max               | 4.62     |
| ret_med               | -0.279   |
| ret_min               | -0.336   |
| ret_var               | 0.73     |
------------------------------------
------------------------------------
| action_max            | 14       |
| action_min            | 0        |
| adv_avg               | -0.278   |
| adv_max               | 0.104    |
| adv_med               | -0.277   |
| adv_min               | -0.495   |
| adv_var               | 0.000428 |
| clipfrac              | 0.0703   |
| curr_lr               | 0.001    |
| entropy               | 0.83     |
| eplenmean             | 261      |
| eprewmean             | 5        |
| fps                   | 5.81e+03 |
| grad_norm             | 0.584    |
| kl                    | 0.0113   |
| loss_pi               | -0.0192  |
| loss_v                | 0.000186 |
| lr                    | 0.001    |
| misc/nupdates         | 539      |
| misc/serial_timesteps | 2.21e+06 |
| misc/time_elapsed     | 373      |
| misc/total_timesteps  | 2.21e+06 |
| ratio_max             | 1.63     |
| ratio_min             | 0.495    |
| ret_avg               | -0.0559  |
| ret_max               | 4.61     |
| ret_med               | -0.277   |
| ret_min               | -0.304   |
| ret_var               | 0.966    |
------------------------------------
------------------------------------
| action_max            | 14       |
| action_min            | 0        |
| adv_avg               | -0.277   |
| adv_max               | -0.223   |
| adv_med               | -0.277   |
| adv_min               | -0.462   |
| adv_var               | 0.000117 |
| clipfrac              | 0.223    |
| curr_lr               | 0.001    |
| entropy               | 1.08     |
| eplenmean             | 273      |
| eprewmean             | 4.7      |
| fps                   | 6.26e+03 |
| grad_norm             | 0.306    |
| kl                    | 0.0165   |
| loss_pi               | -0.0102  |
| loss_v                | 0.000141 |
| lr                    | 0.001    |
| misc/nupdates         | 549      |
| misc/serial_timesteps | 2.25e+06 |
| misc/time_elapsed     | 379      |
| misc/total_timesteps  | 2.25e+06 |
| ratio_max             | 2.28     |
| ratio_min             | 0.486    |
| ret_avg               | -0.215   |
| ret_max               | 4.63     |
| ret_med               | -0.27    |
| ret_min               | -0.293   |
| ret_var               | 0.229    |
------------------------------------
------------------------------------
| action_max            | 14       |
| action_min            | 0        |
| adv_avg               | -0.276   |
| adv_max               | -0.0465  |
| adv_med               | -0.275   |
| adv_min               | -0.415   |
| adv_var               | 0.000162 |
| clipfrac              | 0.0801   |
| curr_lr               | 0.001    |
| entropy               | 1.03     |
| eplenmean             | 286      |
| eprewmean             | 4.5      |
| fps                   | 5.88e+03 |
| grad_norm             | 0.166    |
| kl                    | 0.00645  |
| loss_pi               | -0.0159  |
| loss_v                | 0.000204 |
| lr                    | 0.001    |
| misc/nupdates         | 559      |
| misc/serial_timesteps | 2.29e+06 |
| misc/time_elapsed     | 386      |
| misc/total_timesteps  | 2.29e+06 |
| ratio_max             | 1.3      |
| ratio_min             | 0.367    |
| ret_avg               | -0.135   |
| ret_max               | 4.69     |
| ret_med               | -0.272   |
| ret_min               | -0.313   |
| ret_var               | 0.646    |
------------------------------------
------------------------------------
| action_max            | 14       |
| action_min            | 0        |
| adv_avg               | -0.252   |
| adv_max               | 4.49     |
| adv_med               | -0.275   |
| adv_min               | -0.372   |
| adv_var               | 0.0559   |
| clipfrac              | 0.0996   |
| curr_lr               | 0.001    |
| entropy               | 1.65     |
| eplenmean             | 277      |
| eprewmean             | 4.9      |
| fps                   | 6.08e+03 |
| grad_norm             | 0.256    |
| kl                    | 0.0104   |
| loss_pi               | -0.017   |
| loss_v                | 0.0636   |
| lr                    | 0.001    |
| misc/nupdates         | 569      |
| misc/serial_timesteps | 2.33e+06 |
| misc/time_elapsed     | 393      |
| misc/total_timesteps  | 2.33e+06 |
| ratio_max             | 2.07     |
| ratio_min             | 0.448    |
| ret_avg               | -0.0894  |
| ret_max               | 4.63     |
| ret_med               | -0.256   |
| ret_min               | -0.281   |
| ret_var               | 0.64     |
------------------------------------
------------------------------------
| action_max            | 14       |
| action_min            | 0        |
| adv_avg               | -0.288   |
| adv_max               | 1.74     |
| adv_med               | -0.276   |
| adv_min               | -2.3     |
| adv_var               | 0.0402   |
| clipfrac              | 0.115    |
| curr_lr               | 0.001    |
| entropy               | 1.49     |
| eplenmean             | 210      |
| eprewmean             | 6.3      |
| fps                   | 6.24e+03 |
| grad_norm             | 0.329    |
| kl                    | 0.0109   |
| loss_pi               | -0.0226  |
| loss_v                | 0.0218   |
| lr                    | 0.001    |
| misc/nupdates         | 579      |
| misc/serial_timesteps | 2.38e+06 |
| misc/time_elapsed     | 400      |
| misc/total_timesteps  | 2.38e+06 |
| ratio_max             | 2.06     |
| ratio_min             | 0.452    |
| ret_avg               | 0.151    |
| ret_max               | 4.66     |
| ret_med               | -0.276   |
| ret_min               | -0.29    |
| ret_var               | 1.34     |
------------------------------------
------------------------------------
| action_max            | 14       |
| action_min            | 0        |
| adv_avg               | -0.277   |
| adv_max               | -0.0117  |
| adv_med               | -0.277   |
| adv_min               | -0.404   |
| adv_var               | 0.000275 |
| clipfrac              | 0.0703   |
| curr_lr               | 0.001    |
| entropy               | 0.489    |
| eplenmean             | 218      |
| eprewmean             | 6        |
| fps                   | 6.08e+03 |
| grad_norm             | 0.337    |
| kl                    | 0.00693  |
| loss_pi               | -0.021   |
| loss_v                | 0.00106  |
| lr                    | 0.001    |
| misc/nupdates         | 589      |
| misc/serial_timesteps | 2.42e+06 |
| misc/time_elapsed     | 406      |
| misc/total_timesteps  | 2.42e+06 |
| ratio_max             | 5.81     |
| ratio_min             | 0.429    |
| ret_avg               | -0.111   |
| ret_max               | 4.59     |
| ret_med               | -0.269   |
| ret_min               | -0.291   |
| ret_var               | 0.696    |
------------------------------------
------------------------------------
| action_max            | 14       |
| action_min            | 0        |
| adv_avg               | -0.281   |
| adv_max               | 0.066    |
| adv_med               | -0.278   |
| adv_min               | -0.642   |
| adv_var               | 0.00153  |
| clipfrac              | 0.0938   |
| curr_lr               | 0.001    |
| entropy               | 0.662    |
| eplenmean             | 221      |
| eprewmean             | 5.9      |
| fps                   | 6.06e+03 |
| grad_norm             | 0.959    |
| kl                    | 0.00832  |
| loss_pi               | -0.0141  |
| loss_v                | 0.00126  |
| lr                    | 0.001    |
| misc/nupdates         | 599      |
| misc/serial_timesteps | 2.46e+06 |
| misc/time_elapsed     | 413      |
| misc/total_timesteps  | 2.46e+06 |
| ratio_max             | 2.28     |
| ratio_min             | 0.504    |
| ret_avg               | 0.207    |
| ret_max               | 4.58     |
| ret_med               | -0.27    |
| ret_min               | -0.304   |
| ret_var               | 1.93     |
------------------------------------
------------------------------------
| action_max            | 14       |
| action_min            | 0        |
| adv_avg               | -0.281   |
| adv_max               | 0.0703   |
| adv_med               | -0.28    |
| adv_min               | -0.544   |
| adv_var               | 0.000594 |
| clipfrac              | 0.102    |
| curr_lr               | 0.001    |
| entropy               | 1.09     |
| eplenmean             | 216      |
| eprewmean             | 5.9      |
| fps                   | 5.83e+03 |
| grad_norm             | 0.328    |
| kl                    | 0.00915  |
| loss_pi               | -0.00676 |
| loss_v                | 0.000565 |
| lr                    | 0.001    |
| misc/nupdates         | 609      |
| misc/serial_timesteps | 2.5e+06  |
| misc/time_elapsed     | 420      |
| misc/total_timesteps  | 2.5e+06  |
| ratio_max             | 1.37     |
| ratio_min             | 0.174    |
| ret_avg               | 0.0879   |
| ret_max               | 4.56     |
| ret_med               | -0.238   |
| ret_min               | -0.289   |
| ret_var               | 1.17     |
------------------------------------
------------------------------------
| action_max            | 14       |
| action_min            | 0        |
| adv_avg               | -0.287   |
| adv_max               | -0.0849  |
| adv_med               | -0.28    |
| adv_min               | -0.731   |
| adv_var               | 0.00101  |
| clipfrac              | 0.102    |
| curr_lr               | 0.001    |
| entropy               | 0.304    |
| eplenmean             | 202      |
| eprewmean             | 6.3      |
| fps                   | 5.92e+03 |
| grad_norm             | 2.1      |
| kl                    | 0.0127   |
| loss_pi               | -0.0209  |
| loss_v                | 0.00127  |
| lr                    | 0.001    |
| misc/nupdates         | 619      |
| misc/serial_timesteps | 2.54e+06 |
| misc/time_elapsed     | 427      |
| misc/total_timesteps  | 2.54e+06 |
| ratio_max             | 3.04     |
| ratio_min             | 0.54     |
| ret_avg               | 0.198    |
| ret_max               | 4.56     |
| ret_med               | -0.286   |
| ret_min               | -0.29    |
| ret_var               | 1.95     |
------------------------------------
------------------------------------
| action_max            | 14       |
| action_min            | 0        |
| adv_avg               | -0.288   |
| adv_max               | -0.131   |
| adv_med               | -0.282   |
| adv_min               | -0.595   |
| adv_var               | 0.000837 |
| clipfrac              | 0.0293   |
| curr_lr               | 0.001    |
| entropy               | 0.416    |
| eplenmean             | 174      |
| eprewmean             | 6.9      |
| fps                   | 5.94e+03 |
| grad_norm             | 3.72     |
| kl                    | 0.00267  |
| loss_pi               | -0.00447 |
| loss_v                | 0.00233  |
| lr                    | 0.001    |
| misc/nupdates         | 629      |
| misc/serial_timesteps | 2.58e+06 |
| misc/time_elapsed     | 434      |
| misc/total_timesteps  | 2.58e+06 |
| ratio_max             | 1.64     |
| ratio_min             | 0.664    |
| ret_avg               | 0.0914   |
| ret_max               | 4.5      |
| ret_med               | -0.288   |
| ret_min               | -0.296   |
| ret_var               | 1.45     |
------------------------------------
------------------------------------
| action_max            | 14       |
| action_min            | 0        |
| adv_avg               | -0.284   |
| adv_max               | 0.0109   |
| adv_med               | -0.283   |
| adv_min               | -0.507   |
| adv_var               | 0.000462 |
| clipfrac              | 0.0449   |
| curr_lr               | 0.001    |
| entropy               | 0.387    |
| eplenmean             | 186      |
| eprewmean             | 6.5      |
| fps                   | 6.1e+03  |
| grad_norm             | 0.251    |
| kl                    | 0.00429  |
| loss_pi               | -0.0062  |
| loss_v                | 0.000387 |
| lr                    | 0.001    |
| misc/nupdates         | 639      |
| misc/serial_timesteps | 2.62e+06 |
| misc/time_elapsed     | 441      |
| misc/total_timesteps  | 2.62e+06 |
| ratio_max             | 2.69     |
| ratio_min             | 0.403    |
| ret_avg               | 0.0231   |
| ret_max               | 4.49     |
| ret_med               | -0.218   |
| ret_min               | -0.282   |
| ret_var               | 1.13     |
------------------------------------
------------------------------------
| action_max            | 14       |
| action_min            | 0        |
| adv_avg               | -0.284   |
| adv_max               | -0.171   |
| adv_med               | -0.284   |
| adv_min               | -0.452   |
| adv_var               | 0.000214 |
| clipfrac              | 0.0684   |
| curr_lr               | 0.001    |
| entropy               | 0.292    |
| eplenmean             | 223      |
| eprewmean             | 6        |
| fps                   | 5.85e+03 |
| grad_norm             | 0.489    |
| kl                    | 0.00354  |
| loss_pi               | -0.00573 |
| loss_v                | 0.000222 |
| lr                    | 0.001    |
| misc/nupdates         | 649      |
| misc/serial_timesteps | 2.66e+06 |
| misc/time_elapsed     | 447      |
| misc/total_timesteps  | 2.66e+06 |
| ratio_max             | 1.55     |
| ratio_min             | 0.545    |
| ret_avg               | -0.201   |
| ret_max               | 4.46     |
| ret_med               | -0.241   |
| ret_min               | -0.344   |
| ret_var               | 0.261    |
------------------------------------
------------------------------------
| action_max            | 14       |
| action_min            | 0        |
| adv_avg               | -0.278   |
| adv_max               | 0.197    |
| adv_med               | -0.283   |
| adv_min               | -0.572   |
| adv_var               | 0.00176  |
| clipfrac              | 0.0547   |
| curr_lr               | 0.001    |
| entropy               | 0.416    |
| eplenmean             | 216      |
| eprewmean             | 5.9      |
| fps                   | 5.86e+03 |
| grad_norm             | 0.45     |
| kl                    | 0.00637  |
| loss_pi               | -0.0172  |
| loss_v                | 0.00053  |
| lr                    | 0.001    |
| misc/nupdates         | 659      |
| misc/serial_timesteps | 2.7e+06  |
| misc/time_elapsed     | 454      |
| misc/total_timesteps  | 2.7e+06  |
| ratio_max             | 3.05     |
| ratio_min             | 0.63     |
| ret_avg               | 0.133    |
| ret_max               | 4.51     |
| ret_med               | -0.265   |
| ret_min               | -0.283   |
| ret_var               | 1.64     |
------------------------------------
------------------------------------
| action_max            | 14       |
| action_min            | 0        |
| adv_avg               | -0.281   |
| adv_max               | 0.0186   |
| adv_med               | -0.281   |
| adv_min               | -0.51    |
| adv_var               | 0.000523 |
| clipfrac              | 0.043    |
| curr_lr               | 0.001    |
| entropy               | 0.631    |
| eplenmean             | 230      |
| eprewmean             | 5.6      |
| fps                   | 6.11e+03 |
| grad_norm             | 0.382    |
| kl                    | 0.00562  |
| loss_pi               | -0.0163  |
| loss_v                | 0.000681 |
| lr                    | 0.001    |
| misc/nupdates         | 669      |
| misc/serial_timesteps | 2.74e+06 |
| misc/time_elapsed     | 461      |
| misc/total_timesteps  | 2.74e+06 |
| ratio_max             | 1.27     |
| ratio_min             | 0.223    |
| ret_avg               | -0.00789 |
| ret_max               | 4.46     |
| ret_med               | -0.312   |
| ret_min               | -0.326   |
| ret_var               | 1.23     |
------------------------------------
------------------------------------
| action_max            | 14       |
| action_min            | 0        |
| adv_avg               | -0.281   |
| adv_max               | 0.718    |
| adv_med               | -0.28    |
| adv_min               | -0.918   |
| adv_var               | 0.00531  |
| clipfrac              | 0.043    |
| curr_lr               | 0.001    |
| entropy               | 0.572    |
| eplenmean             | 223      |
| eprewmean             | 5.8      |
| fps                   | 6.23e+03 |
| grad_norm             | 0.79     |
| kl                    | 0.00312  |
| loss_pi               | -0.0119  |
| loss_v                | 0.00369  |
| lr                    | 0.001    |
| misc/nupdates         | 679      |
| misc/serial_timesteps | 2.79e+06 |
| misc/time_elapsed     | 468      |
| misc/total_timesteps  | 2.79e+06 |
| ratio_max             | 1.72     |
| ratio_min             | 0.548    |
| ret_avg               | 0.0372   |
| ret_max               | 4.46     |
| ret_med               | -0.306   |
| ret_min               | -0.314   |
| ret_var               | 1.27     |
------------------------------------
------------------------------------
| action_max            | 14       |
| action_min            | 0        |
| adv_avg               | -0.286   |
| adv_max               | -0.0384  |
| adv_med               | -0.28    |
| adv_min               | -0.732   |
| adv_var               | 0.00192  |
| clipfrac              | 0.0488   |
| curr_lr               | 0.001    |
| entropy               | 0.715    |
| eplenmean             | 261      |
| eprewmean             | 5        |
| fps                   | 5.84e+03 |
| grad_norm             | 0.316    |
| kl                    | 0.00625  |
| loss_pi               | -0.0207  |
| loss_v                | 0.000618 |
| lr                    | 0.001    |
| misc/nupdates         | 689      |
| misc/serial_timesteps | 2.83e+06 |
| misc/time_elapsed     | 475      |
| misc/total_timesteps  | 2.83e+06 |
| ratio_max             | 2.65     |
| ratio_min             | 0.272    |
| ret_avg               | 0.0412   |
| ret_max               | 4.56     |
| ret_med               | -0.279   |
| ret_min               | -0.308   |
| ret_var               | 1.41     |
------------------------------------
------------------------------------
| action_max            | 14       |
| action_min            | 0        |
| adv_avg               | -0.337   |
| adv_max               | 0.138    |
| adv_med               | -0.284   |
| adv_min               | -4.35    |
| adv_var               | 0.0842   |
| clipfrac              | 0.0977   |
| curr_lr               | 0.001    |
| entropy               | 1.26     |
| eplenmean             | 248      |
| eprewmean             | 5.3      |
| fps                   | 5.93e+03 |
| grad_norm             | 1.09     |
| kl                    | 0.016    |
| loss_pi               | -0.00899 |
| loss_v                | 0.0691   |
| lr                    | 0.001    |
| misc/nupdates         | 699      |
| misc/serial_timesteps | 2.87e+06 |
| misc/time_elapsed     | 482      |
| misc/total_timesteps  | 2.87e+06 |
| ratio_max             | 4.4      |
| ratio_min             | 0.657    |
| ret_avg               | 0.691    |
| ret_max               | 4.39     |
| ret_med               | -0.221   |
| ret_min               | -0.283   |
| ret_var               | 2.78     |
------------------------------------
------------------------------------
| action_max            | 14       |
| action_min            | 0        |
| adv_avg               | -0.283   |
| adv_max               | -0.115   |
| adv_med               | -0.284   |
| adv_min               | -0.455   |
| adv_var               | 0.000416 |
| clipfrac              | 0.0859   |
| curr_lr               | 0.001    |
| entropy               | 0.638    |
| eplenmean             | 228      |
| eprewmean             | 5.7      |
| fps                   | 6.03e+03 |
| grad_norm             | 0.422    |
| kl                    | 0.00753  |
| loss_pi               | -0.0125  |
| loss_v                | 0.000645 |
| lr                    | 0.001    |
| misc/nupdates         | 709      |
| misc/serial_timesteps | 2.91e+06 |
| misc/time_elapsed     | 489      |
| misc/total_timesteps  | 2.91e+06 |
| ratio_max             | 1.98     |
| ratio_min             | 0.513    |
| ret_avg               | 0.0429   |
| ret_max               | 4.37     |
| ret_med               | -0.269   |
| ret_min               | -0.283   |
| ret_var               | 1.29     |
------------------------------------
------------------------------------
| action_max            | 14       |
| action_min            | 0        |
| adv_avg               | -0.285   |
| adv_max               | -0.127   |
| adv_med               | -0.283   |
| adv_min               | -0.446   |
| adv_var               | 0.000187 |
| clipfrac              | 0.0469   |
| curr_lr               | 0.001    |
| entropy               | 0.315    |
| eplenmean             | 207      |
| eprewmean             | 6.1      |
| fps                   | 6.15e+03 |
| grad_norm             | 0.262    |
| kl                    | 0.00465  |
| loss_pi               | -0.0179  |
| loss_v                | 0.000262 |
| lr                    | 0.001    |
| misc/nupdates         | 719      |
| misc/serial_timesteps | 2.95e+06 |
| misc/time_elapsed     | 496      |
| misc/total_timesteps  | 2.95e+06 |
| ratio_max             | 1.39     |
| ratio_min             | 0.436    |
| ret_avg               | -0.133   |
| ret_max               | 4.37     |
| ret_med               | -0.263   |
| ret_min               | -0.283   |
| ret_var               | 0.583    |
------------------------------------
------------------------------------
| action_max            | 14       |
| action_min            | 0        |
| adv_avg               | -0.284   |
| adv_max               | -0.142   |
| adv_med               | -0.283   |
| adv_min               | -0.43    |
| adv_var               | 0.000164 |
| clipfrac              | 0.0664   |
| curr_lr               | 0.001    |
| entropy               | 0.614    |
| eplenmean             | 170      |
| eprewmean             | 6.9      |
| fps                   | 6e+03    |
| grad_norm             | 0.346    |
| kl                    | 0.00666  |
| loss_pi               | -0.0156  |
| loss_v                | 0.000202 |
| lr                    | 0.001    |
| misc/nupdates         | 729      |
| misc/serial_timesteps | 2.99e+06 |
| misc/time_elapsed     | 502      |
| misc/total_timesteps  | 2.99e+06 |
| ratio_max             | 1.56     |
| ratio_min             | 0.34     |
| ret_avg               | -0.133   |
| ret_max               | 4.36     |
| ret_med               | -0.281   |
| ret_min               | -0.304   |
| ret_var               | 0.654    |
------------------------------------
------------------------------------
| action_max            | 14       |
| action_min            | 0        |
| adv_avg               | -0.284   |
| adv_max               | -0.164   |
| adv_med               | -0.283   |
| adv_min               | -0.447   |
| adv_var               | 0.000136 |
| clipfrac              | 0.0879   |
| curr_lr               | 0.001    |
| entropy               | 0.656    |
| eplenmean             | 201      |
| eprewmean             | 6.2      |
| fps                   | 5.86e+03 |
| grad_norm             | 0.422    |
| kl                    | 0.00608  |
| loss_pi               | -0.00526 |
| loss_v                | 0.000313 |
| lr                    | 0.001    |
| misc/nupdates         | 739      |
| misc/serial_timesteps | 3.03e+06 |
| misc/time_elapsed     | 509      |
| misc/total_timesteps  | 3.03e+06 |
| ratio_max             | 1.96     |
| ratio_min             | 0.58     |
| ret_avg               | -0.0807  |
| ret_max               | 4.35     |
| ret_med               | -0.271   |
| ret_min               | -0.287   |
| ret_var               | 0.8      |
------------------------------------
------------------------------------
| action_max            | 14       |
| action_min            | 0        |
| adv_avg               | -0.286   |
| adv_max               | 0.0711   |
| adv_med               | -0.284   |
| adv_min               | -0.784   |
| adv_var               | 0.000437 |
| clipfrac              | 0.102    |
| curr_lr               | 0.001    |
| entropy               | 0.562    |
| eplenmean             | 211      |
| eprewmean             | 6.2      |
| fps                   | 5.89e+03 |
| grad_norm             | 0.246    |
| kl                    | 0.00857  |
| loss_pi               | -0.0164  |
| loss_v                | 0.000304 |
| lr                    | 0.001    |
| misc/nupdates         | 749      |
| misc/serial_timesteps | 3.07e+06 |
| misc/time_elapsed     | 516      |
| misc/total_timesteps  | 3.07e+06 |
| ratio_max             | 1.83     |
| ratio_min             | 0.499    |
| ret_avg               | -0.0574  |
| ret_max               | 4.38     |
| ret_med               | -0.272   |
| ret_min               | -0.284   |
| ret_var               | 0.82     |
------------------------------------
------------------------------------
| action_max            | 14       |
| action_min            | 0        |
| adv_avg               | -0.277   |
| adv_max               | 0.169    |
| adv_med               | -0.285   |
| adv_min               | -0.551   |
| adv_var               | 0.00229  |
| clipfrac              | 0.0742   |
| curr_lr               | 0.001    |
| entropy               | 0.817    |
| eplenmean             | 261      |
| eprewmean             | 5.1      |
| fps                   | 5.96e+03 |
| grad_norm             | 0.306    |
| kl                    | 0.00597  |
| loss_pi               | -0.0172  |
| loss_v                | 0.000577 |
| lr                    | 0.001    |
| misc/nupdates         | 759      |
| misc/serial_timesteps | 3.11e+06 |
| misc/time_elapsed     | 523      |
| misc/total_timesteps  | 3.11e+06 |
| ratio_max             | 1.43     |
| ratio_min             | 0.478    |
| ret_avg               | 0.0827   |
| ret_max               | 4.32     |
| ret_med               | -0.27    |
| ret_min               | -0.284   |
| ret_var               | 1.42     |
------------------------------------
------------------------------------
| action_max            | 14       |
| action_min            | 0        |
| adv_avg               | -0.283   |
| adv_max               | -0.228   |
| adv_med               | -0.284   |
| adv_min               | -0.364   |
| adv_var               | 2.47e-05 |
| clipfrac              | 0.0527   |
| curr_lr               | 0.001    |
| entropy               | 0.6      |
| eplenmean             | 222      |
| eprewmean             | 5.8      |
| fps                   | 5.99e+03 |
| grad_norm             | 0.389    |
| kl                    | 0.0036   |
| loss_pi               | -0.011   |
| loss_v                | 6.96e-05 |
| lr                    | 0.001    |
| misc/nupdates         | 769      |
| misc/serial_timesteps | 3.15e+06 |
| misc/time_elapsed     | 530      |
| misc/total_timesteps  | 3.15e+06 |
| ratio_max             | 1.38     |
| ratio_min             | 0.56     |
| ret_avg               | -0.285   |
| ret_max               | 4.34     |
| ret_med               | -0.286   |
| ret_min               | -0.307   |
| ret_var               | 0.0364   |
------------------------------------
------------------------------------
| action_max            | 14       |
| action_min            | 0        |
| adv_avg               | -0.287   |
| adv_max               | -0.0622  |
| adv_med               | -0.285   |
| adv_min               | -0.569   |
| adv_var               | 0.000422 |
| clipfrac              | 0.041    |
| curr_lr               | 0.001    |
| entropy               | 0.476    |
| eplenmean             | 180      |
| eprewmean             | 6.6      |
| fps                   | 5.88e+03 |
| grad_norm             | 0.126    |
| kl                    | 0.00427  |
| loss_pi               | -0.011   |
| loss_v                | 0.000152 |
| lr                    | 0.001    |
| misc/nupdates         | 779      |
| misc/serial_timesteps | 3.19e+06 |
| misc/time_elapsed     | 537      |
| misc/total_timesteps  | 3.19e+06 |
| ratio_max             | 1.36     |
| ratio_min             | 0.629    |
| ret_avg               | -0.0696  |
| ret_max               | 4.36     |
| ret_med               | -0.255   |
| ret_min               | -0.284   |
| ret_var               | 0.824    |
------------------------------------
------------------------------------
| action_max            | 14       |
| action_min            | 0        |
| adv_avg               | -0.284   |
| adv_max               | -0.0756  |
| adv_med               | -0.284   |
| adv_min               | -0.501   |
| adv_var               | 0.00045  |
| clipfrac              | 0.0918   |
| curr_lr               | 0.001    |
| entropy               | 0.569    |
| eplenmean             | 192      |
| eprewmean             | 6.4      |
| fps                   | 5.98e+03 |
| grad_norm             | 0.387    |
| kl                    | 0.00758  |
| loss_pi               | -0.0255  |
| loss_v                | 0.000549 |
| lr                    | 0.001    |
| misc/nupdates         | 789      |
| misc/serial_timesteps | 3.24e+06 |
| misc/time_elapsed     | 544      |
| misc/total_timesteps  | 3.24e+06 |
| ratio_max             | 1.6      |
| ratio_min             | 0.553    |
| ret_avg               | 0.0415   |
| ret_max               | 4.3      |
| ret_med               | -0.263   |
| ret_min               | -0.284   |
| ret_var               | 1.24     |
------------------------------------
------------------------------------
| action_max            | 14       |
| action_min            | 0        |
| adv_avg               | -0.285   |
| adv_max               | -0.063   |
| adv_med               | -0.284   |
| adv_min               | -0.367   |
| adv_var               | 0.000252 |
| clipfrac              | 0.0742   |
| curr_lr               | 0.001    |
| entropy               | 0.537    |
| eplenmean             | 189      |
| eprewmean             | 6.5      |
| fps                   | 6.14e+03 |
| grad_norm             | 0.288    |
| kl                    | 0.0058   |
| loss_pi               | -0.0246  |
| loss_v                | 0.000562 |
| lr                    | 0.001    |
| misc/nupdates         | 799      |
| misc/serial_timesteps | 3.28e+06 |
| misc/time_elapsed     | 551      |
| misc/total_timesteps  | 3.28e+06 |
| ratio_max             | 2.27     |
| ratio_min             | 0.36     |
| ret_avg               | -0.0799  |
| ret_max               | 4.3      |
| ret_med               | -0.275   |
| ret_min               | -0.284   |
| ret_var               | 0.773    |
------------------------------------
------------------------------------
| action_max            | 14       |
| action_min            | 0        |
| adv_avg               | -0.287   |
| adv_max               | 0.224    |
| adv_med               | -0.284   |
| adv_min               | -0.917   |
| adv_var               | 0.00264  |
| clipfrac              | 0.0586   |
| curr_lr               | 0.001    |
| entropy               | 0.649    |
| eplenmean             | 243      |
| eprewmean             | 5.4      |
| fps                   | 6.14e+03 |
| grad_norm             | 0.337    |
| kl                    | 0.00658  |
| loss_pi               | -0.026   |
| loss_v                | 0.00285  |
| lr                    | 0.001    |
| misc/nupdates         | 809      |
| misc/serial_timesteps | 3.32e+06 |
| misc/time_elapsed     | 557      |
| misc/total_timesteps  | 3.32e+06 |
| ratio_max             | 1.76     |
| ratio_min             | 0.612    |
| ret_avg               | 0.237    |
| ret_max               | 4.29     |
| ret_med               | -0.266   |
| ret_min               | -0.289   |
| ret_var               | 1.88     |
------------------------------------
------------------------------------
| action_max            | 14       |
| action_min            | 0        |
| adv_avg               | -0.283   |
| adv_max               | -0.226   |
| adv_med               | -0.283   |
| adv_min               | -0.366   |
| adv_var               | 3.81e-05 |
| clipfrac              | 0.0234   |
| curr_lr               | 0.001    |
| entropy               | 0.313    |
| eplenmean             | 220      |
| eprewmean             | 5.8      |
| fps                   | 6.06e+03 |
| grad_norm             | 0.34     |
| kl                    | 0.00549  |
| loss_pi               | -0.0219  |
| loss_v                | 0.000685 |
| lr                    | 0.001    |
| misc/nupdates         | 819      |
| misc/serial_timesteps | 3.36e+06 |
| misc/time_elapsed     | 564      |
| misc/total_timesteps  | 3.36e+06 |
| ratio_max             | 1.44     |
| ratio_min             | 0.41     |
| ret_avg               | -0.224   |
| ret_max               | 4.3      |
| ret_med               | -0.287   |
| ret_min               | -0.314   |
| ret_var               | 0.298    |
------------------------------------
------------------------------------
| action_max            | 14       |
| action_min            | 0        |
| adv_avg               | -0.283   |
| adv_max               | -0.23    |
| adv_med               | -0.282   |
| adv_min               | -0.404   |
| adv_var               | 0.000129 |
| clipfrac              | 0.166    |
| curr_lr               | 0.001    |
| entropy               | 0.652    |
| eplenmean             | 237      |
| eprewmean             | 5.4      |
| fps                   | 6.22e+03 |
| grad_norm             | 0.383    |
| kl                    | 0.0116   |
| loss_pi               | -0.01    |
| loss_v                | 0.000227 |
| lr                    | 0.001    |
| misc/nupdates         | 829      |
| misc/serial_timesteps | 3.4e+06  |
| misc/time_elapsed     | 571      |
| misc/total_timesteps  | 3.4e+06  |
| ratio_max             | 2.47     |
| ratio_min             | 0.401    |
| ret_avg               | -0.243   |
| ret_max               | 4.3      |
| ret_med               | -0.279   |
| ret_min               | -0.287   |
| ret_var               | 0.0966   |
------------------------------------
------------------------------------
| action_max            | 14       |
| action_min            | 0        |
| adv_avg               | -0.286   |
| adv_max               | -0.0851  |
| adv_med               | -0.284   |
| adv_min               | -0.428   |
| adv_var               | 0.000254 |
| clipfrac              | 0.0566   |
| curr_lr               | 0.001    |
| entropy               | 0.83     |
| eplenmean             | 253      |
| eprewmean             | 5.4      |
| fps                   | 5.84e+03 |
| grad_norm             | 0.264    |
| kl                    | 0.01     |
| loss_pi               | -0.0244  |
| loss_v                | 0.000296 |
| lr                    | 0.001    |
| misc/nupdates         | 839      |
| misc/serial_timesteps | 3.44e+06 |
| misc/time_elapsed     | 578      |
| misc/total_timesteps  | 3.44e+06 |
| ratio_max             | 2.16     |
| ratio_min             | 0.367    |
| ret_avg               | -0.0822  |
| ret_max               | 4.31     |
| ret_med               | -0.266   |
| ret_min               | -0.284   |
| ret_var               | 0.798    |
------------------------------------
------------------------------------
| action_max            | 14       |
| action_min            | 0        |
| adv_avg               | -0.286   |
| adv_max               | -0.0909  |
| adv_med               | -0.284   |
| adv_min               | -0.551   |
| adv_var               | 0.000738 |
| clipfrac              | 0.0508   |
| curr_lr               | 0.001    |
| entropy               | 0.748    |
| eplenmean             | 200      |
| eprewmean             | 6.2      |
| fps                   | 6.15e+03 |
| grad_norm             | 0.741    |
| kl                    | 0.00931  |
| loss_pi               | -0.00338 |
| loss_v                | 0.00166  |
| lr                    | 0.001    |
| misc/nupdates         | 849      |
| misc/serial_timesteps | 3.48e+06 |
| misc/time_elapsed     | 585      |
| misc/total_timesteps  | 3.48e+06 |
| ratio_max             | 2.01     |
| ratio_min             | 0.607    |
| ret_avg               | 0.0396   |
| ret_max               | 4.27     |
| ret_med               | -0.269   |
| ret_min               | -0.289   |
| ret_var               | 1.08     |
------------------------------------
------------------------------------
| action_max            | 14       |
| action_min            | 0        |
| adv_avg               | -0.283   |
| adv_max               | -0.0327  |
| adv_med               | -0.284   |
| adv_min               | -0.489   |
| adv_var               | 0.000432 |
| clipfrac              | 0.041    |
| curr_lr               | 0.001    |
| entropy               | 0.443    |
| eplenmean             | 176      |
| eprewmean             | 6.7      |
| fps                   | 6.01e+03 |
| grad_norm             | 0.549    |
| kl                    | 0.00282  |
| loss_pi               | -0.0122  |
| loss_v                | 0.000258 |
| lr                    | 0.001    |
| misc/nupdates         | 859      |
| misc/serial_timesteps | 3.52e+06 |
| misc/time_elapsed     | 592      |
| misc/total_timesteps  | 3.52e+06 |
| ratio_max             | 1.77     |
| ratio_min             | 0.409    |
| ret_avg               | 0.0129   |
| ret_max               | 4.27     |
| ret_med               | -0.284   |
| ret_min               | -0.312   |
| ret_var               | 1.15     |
------------------------------------
------------------------------------
| action_max            | 14       |
| action_min            | 0        |
| adv_avg               | -0.281   |
| adv_max               | -0.0254  |
| adv_med               | -0.282   |
| adv_min               | -0.386   |
| adv_var               | 0.000501 |
| clipfrac              | 0.125    |
| curr_lr               | 0.001    |
| entropy               | 0.751    |
| eplenmean             | 215      |
| eprewmean             | 5.9      |
| fps                   | 6.09e+03 |
| grad_norm             | 0.26     |
| kl                    | 0.0105   |
| loss_pi               | -0.0158  |
| loss_v                | 0.000379 |
| lr                    | 0.001    |
| misc/nupdates         | 869      |
| misc/serial_timesteps | 3.56e+06 |
| misc/time_elapsed     | 598      |
| misc/total_timesteps  | 3.56e+06 |
| ratio_max             | 3.12     |
| ratio_min             | 0.349    |
| ret_avg               | -0.0563  |
| ret_max               | 4.27     |
| ret_med               | -0.291   |
| ret_min               | -0.325   |
| ret_var               | 0.966    |
------------------------------------
------------------------------------
| action_max            | 14       |
| action_min            | 0        |
| adv_avg               | -0.283   |
| adv_max               | -0.144   |
| adv_med               | -0.282   |
| adv_min               | -0.417   |
| adv_var               | 0.000222 |
| clipfrac              | 0.0586   |
| curr_lr               | 0.001    |
| entropy               | 0.33     |
| eplenmean             | 176      |
| eprewmean             | 6.7      |
| fps                   | 6.16e+03 |
| grad_norm             | 0.25     |
| kl                    | 0.0113   |
| loss_pi               | -0.0105  |
| loss_v                | 0.000271 |
| lr                    | 0.001    |
| misc/nupdates         | 879      |
| misc/serial_timesteps | 3.6e+06  |
| misc/time_elapsed     | 605      |
| misc/total_timesteps  | 3.6e+06  |
| ratio_max             | 2.2      |
| ratio_min             | 0.0425   |
| ret_avg               | -0.0183  |
| ret_max               | 4.27     |
| ret_med               | -0.294   |
| ret_min               | -0.311   |
| ret_var               | 1.16     |
------------------------------------
------------------------------------
| action_max            | 14       |
| action_min            | 0        |
| adv_avg               | -0.285   |
| adv_max               | -0.0548  |
| adv_med               | -0.282   |
| adv_min               | -0.506   |
| adv_var               | 0.00107  |
| clipfrac              | 0.0254   |
| curr_lr               | 0.001    |
| entropy               | 0.286    |
| eplenmean             | 181      |
| eprewmean             | 6.6      |
| fps                   | 6.09e+03 |
| grad_norm             | 1.2      |
| kl                    | 0.00492  |
| loss_pi               | -0.0126  |
| loss_v                | 0.000639 |
| lr                    | 0.001    |
| misc/nupdates         | 889      |
| misc/serial_timesteps | 3.65e+06 |
| misc/time_elapsed     | 612      |
| misc/total_timesteps  | 3.65e+06 |
| ratio_max             | 1.5      |
| ratio_min             | 0.514    |
| ret_avg               | 0.304    |
| ret_max               | 4.27     |
| ret_med               | -0.289   |
| ret_min               | -0.307   |
| ret_var               | 2.29     |
------------------------------------
------------------------------------
| action_max            | 14       |
| action_min            | 0        |
| adv_avg               | -0.28    |
| adv_max               | -0.0702  |
| adv_med               | -0.281   |
| adv_min               | -0.43    |
| adv_var               | 0.000454 |
| clipfrac              | 0.0527   |
| curr_lr               | 0.001    |
| entropy               | 0.501    |
| eplenmean             | 234      |
| eprewmean             | 5.5      |
| fps                   | 6.11e+03 |
| grad_norm             | 0.447    |
| kl                    | 0.0043   |
| loss_pi               | -0.0143  |
| loss_v                | 0.000332 |
| lr                    | 0.001    |
| misc/nupdates         | 899      |
| misc/serial_timesteps | 3.69e+06 |
| misc/time_elapsed     | 618      |
| misc/total_timesteps  | 3.69e+06 |
| ratio_max             | 1.53     |
| ratio_min             | 0.322    |
| ret_avg               | -0.108   |
| ret_max               | 4.27     |
| ret_med               | -0.302   |
| ret_min               | -0.326   |
| ret_var               | 0.759    |
------------------------------------
------------------------------------
| action_max            | 14       |
| action_min            | 0        |
| adv_avg               | -0.279   |
| adv_max               | 0.179    |
| adv_med               | -0.281   |
| adv_min               | -0.427   |
| adv_var               | 0.000571 |
| clipfrac              | 0.0527   |
| curr_lr               | 0.001    |
| entropy               | 0.5      |
| eplenmean             | 230      |
| eprewmean             | 5.6      |
| fps                   | 5.96e+03 |
| grad_norm             | 0.248    |
| kl                    | 0.00295  |
| loss_pi               | -0.00331 |
| loss_v                | 0.000198 |
| lr                    | 0.001    |
| misc/nupdates         | 909      |
| misc/serial_timesteps | 3.73e+06 |
| misc/time_elapsed     | 625      |
| misc/total_timesteps  | 3.73e+06 |
| ratio_max             | 3.1      |
| ratio_min             | 0.515    |
| ret_avg               | -0.0114  |
| ret_max               | 4.26     |
| ret_med               | -0.293   |
| ret_min               | -0.302   |
| ret_var               | 1.07     |
------------------------------------
------------------------------------
| action_max            | 14       |
| action_min            | 0        |
| adv_avg               | -0.29    |
| adv_max               | 0.305    |
| adv_med               | -0.281   |
| adv_min               | -3.1     |
| adv_var               | 0.0234   |
| clipfrac              | 0.0762   |
| curr_lr               | 0.001    |
| entropy               | 0.606    |
| eplenmean             | 226      |
| eprewmean             | 5.8      |
| fps                   | 6e+03    |
| grad_norm             | 0.364    |
| kl                    | 0.00804  |
| loss_pi               | -0.0192  |
| loss_v                | 0.0145   |
| lr                    | 0.001    |
| misc/nupdates         | 919      |
| misc/serial_timesteps | 3.77e+06 |
| misc/time_elapsed     | 632      |
| misc/total_timesteps  | 3.77e+06 |
| ratio_max             | 2.08     |
| ratio_min             | 0.35     |
| ret_avg               | 0.483    |
| ret_max               | 4.26     |
| ret_med               | -0.284   |
| ret_min               | -0.29    |
| ret_var               | 2.59     |
------------------------------------
------------------------------------
| action_max            | 14       |
| action_min            | 0        |
| adv_avg               | -0.285   |
| adv_max               | -0.114   |
| adv_med               | -0.282   |
| adv_min               | -0.534   |
| adv_var               | 0.000725 |
| clipfrac              | 0.0977   |
| curr_lr               | 0.001    |
| entropy               | 0.745    |
| eplenmean             | 197      |
| eprewmean             | 6.3      |
| fps                   | 5.81e+03 |
| grad_norm             | 0.345    |
| kl                    | 0.007    |
| loss_pi               | -0.0249  |
| loss_v                | 0.000518 |
| lr                    | 0.001    |
| misc/nupdates         | 929      |
| misc/serial_timesteps | 3.81e+06 |
| misc/time_elapsed     | 639      |
| misc/total_timesteps  | 3.81e+06 |
| ratio_max             | 1.67     |
| ratio_min             | 0.553    |
| ret_avg               | -0.00484 |
| ret_max               | 4.25     |
| ret_med               | -0.287   |
| ret_min               | -0.299   |
| ret_var               | 1.08     |
------------------------------------
------------------------------------
| action_max            | 14       |
| action_min            | 0        |
| adv_avg               | -0.283   |
| adv_max               | -0.0367  |
| adv_med               | -0.281   |
| adv_min               | -0.562   |
| adv_var               | 0.00118  |
| clipfrac              | 0.041    |
| curr_lr               | 0.001    |
| entropy               | 0.456    |
| eplenmean             | 212      |
| eprewmean             | 6        |
| fps                   | 5.87e+03 |
| grad_norm             | 0.695    |
| kl                    | 0.00531  |
| loss_pi               | 0.00963  |
| loss_v                | 0.000652 |
| lr                    | 0.001    |
| misc/nupdates         | 939      |
| misc/serial_timesteps | 3.85e+06 |
| misc/time_elapsed     | 646      |
| misc/total_timesteps  | 3.85e+06 |
| ratio_max             | 2.83     |
| ratio_min             | 0.695    |
| ret_avg               | -0.0298  |
| ret_max               | 4.48     |
| ret_med               | -0.296   |
| ret_min               | -0.301   |
| ret_var               | 1.01     |
------------------------------------
------------------------------------
| action_max            | 14       |
| action_min            | 0        |
| adv_avg               | -0.284   |
| adv_max               | -0.146   |
| adv_med               | -0.283   |
| adv_min               | -0.404   |
| adv_var               | 0.000192 |
| clipfrac              | 0.131    |
| curr_lr               | 0.001    |
| entropy               | 0.524    |
| eplenmean             | 231      |
| eprewmean             | 5.8      |
| fps                   | 5.98e+03 |
| grad_norm             | 0.147    |
| kl                    | 0.0101   |
| loss_pi               | -0.0323  |
| loss_v                | 0.000356 |
| lr                    | 0.001    |
| misc/nupdates         | 949      |
| misc/serial_timesteps | 3.89e+06 |
| misc/time_elapsed     | 653      |
| misc/total_timesteps  | 3.89e+06 |
| ratio_max             | 2.46     |
| ratio_min             | 0.683    |
| ret_avg               | -0.09    |
| ret_max               | 4.33     |
| ret_med               | -0.279   |
| ret_min               | -0.29    |
| ret_var               | 0.728    |
------------------------------------
------------------------------------
| action_max            | 14       |
| action_min            | 0        |
| adv_avg               | -0.285   |
| adv_max               | -0.115   |
| adv_med               | -0.283   |
| adv_min               | -0.466   |
| adv_var               | 0.000458 |
| clipfrac              | 0.121    |
| curr_lr               | 0.001    |
| entropy               | 0.774    |
| eplenmean             | 212      |
| eprewmean             | 6.1      |
| fps                   | 5.88e+03 |
| grad_norm             | 0.302    |
| kl                    | 0.0111   |
| loss_pi               | -0.0305  |
| loss_v                | 0.000457 |
| lr                    | 0.001    |
| misc/nupdates         | 959      |
| misc/serial_timesteps | 3.93e+06 |
| misc/time_elapsed     | 660      |
| misc/total_timesteps  | 3.93e+06 |
| ratio_max             | 1.74     |
| ratio_min             | 0.394    |
| ret_avg               | -0.0808  |
| ret_max               | 4.23     |
| ret_med               | -0.279   |
| ret_min               | -0.292   |
| ret_var               | 0.76     |
------------------------------------
------------------------------------
| action_max            | 14       |
| action_min            | 0        |
| adv_avg               | -0.286   |
| adv_max               | -0.0747  |
| adv_med               | -0.284   |
| adv_min               | -0.451   |
| adv_var               | 0.000689 |
| clipfrac              | 0.139    |
| curr_lr               | 0.001    |
| entropy               | 0.956    |
| eplenmean             | 227      |
| eprewmean             | 5.7      |
| fps                   | 5.91e+03 |
| grad_norm             | 0.488    |
| kl                    | 0.0176   |
| loss_pi               | -0.0333  |
| loss_v                | 0.00103  |
| lr                    | 0.001    |
| misc/nupdates         | 969      |
| misc/serial_timesteps | 3.97e+06 |
| misc/time_elapsed     | 667      |
| misc/total_timesteps  | 3.97e+06 |
| ratio_max             | 2.34     |
| ratio_min             | 0.395    |
| ret_avg               | -0.109   |
| ret_max               | 4.34     |
| ret_med               | -0.247   |
| ret_min               | -0.312   |
| ret_var               | 0.612    |
------------------------------------
------------------------------------
| action_max            | 14       |
| action_min            | 0        |
| adv_avg               | -0.285   |
| adv_max               | -0.128   |
| adv_med               | -0.284   |
| adv_min               | -0.457   |
| adv_var               | 0.0004   |
| clipfrac              | 0.107    |
| curr_lr               | 0.001    |
| entropy               | 0.582    |
| eplenmean             | 217      |
| eprewmean             | 5.9      |
| fps                   | 5.89e+03 |
| grad_norm             | 0.374    |
| kl                    | 0.00872  |
| loss_pi               | -0.0144  |
| loss_v                | 0.000448 |
| lr                    | 0.001    |
| misc/nupdates         | 979      |
| misc/serial_timesteps | 4.01e+06 |
| misc/time_elapsed     | 674      |
| misc/total_timesteps  | 4.01e+06 |
| ratio_max             | 2.44     |
| ratio_min             | 0.111    |
| ret_avg               | 0.128    |
| ret_max               | 4.2      |
| ret_med               | -0.262   |
| ret_min               | -0.286   |
| ret_var               | 1.56     |
------------------------------------
------------------------------------
| action_max            | 14       |
| action_min            | 0        |
| adv_avg               | -0.291   |
| adv_max               | -0.0669  |
| adv_med               | -0.284   |
| adv_min               | -0.722   |
| adv_var               | 0.00153  |
| clipfrac              | 0.0371   |
| curr_lr               | 0.001    |
| entropy               | 0.553    |
| eplenmean             | 264      |
| eprewmean             | 4.9      |
| fps                   | 6.18e+03 |
| grad_norm             | 0.516    |
| kl                    | 0.00391  |
| loss_pi               | -0.00307 |
| loss_v                | 0.000405 |
| lr                    | 0.001    |
| misc/nupdates         | 989      |
| misc/serial_timesteps | 4.06e+06 |
| misc/time_elapsed     | 681      |
| misc/total_timesteps  | 4.06e+06 |
| ratio_max             | 1.45     |
| ratio_min             | 0.515    |
| ret_avg               | 0.011    |
| ret_max               | 4.51     |
| ret_med               | -0.25    |
| ret_min               | -0.302   |
| ret_var               | 1.13     |
------------------------------------
------------------------------------
| action_max            | 14       |
| action_min            | 0        |
| adv_avg               | -0.275   |
| adv_max               | 0.787    |
| adv_med               | -0.285   |
| adv_min               | -0.606   |
| adv_var               | 0.00879  |
| clipfrac              | 0.0449   |
| curr_lr               | 0.001    |
| entropy               | 0.611    |
| eplenmean             | 257      |
| eprewmean             | 5.5      |
| fps                   | 6.08e+03 |
| grad_norm             | 0.535    |
| kl                    | 0.00769  |
| loss_pi               | -0.0217  |
| loss_v                | 0.00101  |
| lr                    | 0.001    |
| misc/nupdates         | 999      |
| misc/serial_timesteps | 4.1e+06  |
| misc/time_elapsed     | 688      |
| misc/total_timesteps  | 4.1e+06  |
| ratio_max             | 1.54     |
| ratio_min             | 0.431    |
| ret_avg               | 0.163    |
| ret_max               | 4.27     |
| ret_med               | -0.276   |
| ret_min               | -0.319   |
| ret_var               | 1.69     |
------------------------------------
------------------------------------
| action_max            | 14       |
| action_min            | 0        |
| adv_avg               | -0.287   |
| adv_max               | 0.13     |
| adv_med               | -0.285   |
| adv_min               | -0.679   |
| adv_var               | 0.00129  |
| clipfrac              | 0.113    |
| curr_lr               | 0.001    |
| entropy               | 0.622    |
| eplenmean             | 207      |
| eprewmean             | 6.2      |
| fps                   | 5.85e+03 |
| grad_norm             | 0.544    |
| kl                    | 0.0109   |
| loss_pi               | -0.0186  |
| loss_v                | 0.000818 |
| lr                    | 0.001    |
| misc/nupdates         | 1.01e+03 |
| misc/serial_timesteps | 4.14e+06 |
| misc/time_elapsed     | 695      |
| misc/total_timesteps  | 4.14e+06 |
| ratio_max             | 2        |
| ratio_min             | 0.401    |
| ret_avg               | 0.133    |
| ret_max               | 4.19     |
| ret_med               | -0.273   |
| ret_min               | -0.289   |
| ret_var               | 1.58     |
------------------------------------
------------------------------------
| action_max            | 14       |
| action_min            | 0        |
| adv_avg               | -0.284   |
| adv_max               | 0.0593   |
| adv_med               | -0.285   |
| adv_min               | -0.715   |
| adv_var               | 0.00143  |
| clipfrac              | 0.0938   |
| curr_lr               | 0.001    |
| entropy               | 0.982    |
| eplenmean             | 199      |
| eprewmean             | 6.4      |
| fps                   | 5.91e+03 |
| grad_norm             | 0.382    |
| kl                    | 0.0193   |
| loss_pi               | -0.0265  |
| loss_v                | 0.00107  |
| lr                    | 0.001    |
| misc/nupdates         | 1.02e+03 |
| misc/serial_timesteps | 4.18e+06 |
| misc/time_elapsed     | 702      |
| misc/total_timesteps  | 4.18e+06 |
| ratio_max             | 3.28     |
| ratio_min             | 0.512    |
| ret_avg               | 0.44     |
| ret_max               | 4.18     |
| ret_med               | -0.271   |
| ret_min               | -0.285   |
| ret_var               | 2.47     |
------------------------------------
------------------------------------
| action_max            | 14       |
| action_min            | 0        |
| adv_avg               | -0.285   |
| adv_max               | -0.107   |
| adv_med               | -0.285   |
| adv_min               | -0.51    |
| adv_var               | 0.000469 |
| clipfrac              | 0.0547   |
| curr_lr               | 0.001    |
| entropy               | 0.419    |
| eplenmean             | 240      |
| eprewmean             | 5.5      |
| fps                   | 5.89e+03 |
| grad_norm             | 0.477    |
| kl                    | 0.00501  |
| loss_pi               | -0.0237  |
| loss_v                | 0.000341 |
| lr                    | 0.001    |
| misc/nupdates         | 1.03e+03 |
| misc/serial_timesteps | 4.22e+06 |
| misc/time_elapsed     | 709      |
| misc/total_timesteps  | 4.22e+06 |
| ratio_max             | 2.45     |
| ratio_min             | 0.649    |
| ret_avg               | 0.0907   |
| ret_max               | 4.18     |
| ret_med               | -0.281   |
| ret_min               | -0.286   |
| ret_var               | 1.46     |
------------------------------------
------------------------------------
| action_max            | 14       |
| action_min            | 0        |
| adv_avg               | -0.287   |
| adv_max               | -0.229   |
| adv_med               | -0.285   |
| adv_min               | -0.465   |
| adv_var               | 0.000244 |
| clipfrac              | 0.0684   |
| curr_lr               | 0.001    |
| entropy               | 0.358    |
| eplenmean             | 220      |
| eprewmean             | 5.9      |
| fps                   | 5.82e+03 |
| grad_norm             | 0.304    |
| kl                    | 0.00515  |
| loss_pi               | -0.0135  |
| loss_v                | 0.000419 |
| lr                    | 0.001    |
| misc/nupdates         | 1.04e+03 |
| misc/serial_timesteps | 4.26e+06 |
| misc/time_elapsed     | 716      |
| misc/total_timesteps  | 4.26e+06 |
| ratio_max             | 1.7      |
| ratio_min             | 0.354    |
| ret_avg               | -0.0457  |
| ret_max               | 4.18     |
| ret_med               | -0.283   |
| ret_min               | -0.293   |
| ret_var               | 0.978    |
------------------------------------
------------------------------------
| action_max            | 14       |
| action_min            | 0        |
| adv_avg               | -0.285   |
| adv_max               | -0.0964  |
| adv_med               | -0.285   |
| adv_min               | -0.472   |
| adv_var               | 0.000195 |
| clipfrac              | 0.0742   |
| curr_lr               | 0.001    |
| entropy               | 0.562    |
| eplenmean             | 192      |
| eprewmean             | 6.6      |
| fps                   | 5.84e+03 |
| grad_norm             | 0.806    |
| kl                    | 0.00508  |
| loss_pi               | -0.00475 |
| loss_v                | 0.000276 |
| lr                    | 0.001    |
| misc/nupdates         | 1.05e+03 |
| misc/serial_timesteps | 4.3e+06  |
| misc/time_elapsed     | 723      |
| misc/total_timesteps  | 4.3e+06  |
| ratio_max             | 2.22     |
| ratio_min             | 0.262    |
| ret_avg               | -0.0454  |
| ret_max               | 4.18     |
| ret_med               | -0.28    |
| ret_min               | -0.314   |
| ret_var               | 1        |
------------------------------------
------------------------------------
| action_max            | 14       |
| action_min            | 0        |
| adv_avg               | -0.285   |
| adv_max               | -0.116   |
| adv_med               | -0.285   |
| adv_min               | -0.473   |
| adv_var               | 0.000301 |
| clipfrac              | 0.0859   |
| curr_lr               | 0.001    |
| entropy               | 0.681    |
| eplenmean             | 221      |
| eprewmean             | 5.9      |
| fps                   | 5.88e+03 |
| grad_norm             | 0.462    |
| kl                    | 0.00822  |
| loss_pi               | -0.00487 |
| loss_v                | 0.000455 |
| lr                    | 0.001    |
| misc/nupdates         | 1.06e+03 |
| misc/serial_timesteps | 4.34e+06 |
| misc/time_elapsed     | 729      |
| misc/total_timesteps  | 4.34e+06 |
| ratio_max             | 1.61     |
| ratio_min             | 0.533    |
| ret_avg               | -0.16    |
| ret_max               | 4.16     |
| ret_med               | -0.277   |
| ret_min               | -0.29    |
| ret_var               | 0.337    |
------------------------------------
------------------------------------
| action_max            | 14       |
| action_min            | 0        |
| adv_avg               | -0.291   |
| adv_max               | 0.32     |
| adv_med               | -0.285   |
| adv_min               | -0.55    |
| adv_var               | 0.001    |
| clipfrac              | 0.0391   |
| curr_lr               | 0.001    |
| entropy               | 0.496    |
| eplenmean             | 218      |
| eprewmean             | 5.9      |
| fps                   | 5.8e+03  |
| grad_norm             | 0.541    |
| kl                    | 0.00414  |
| loss_pi               | -0.00497 |
| loss_v                | 0.000923 |
| lr                    | 0.001    |
| misc/nupdates         | 1.07e+03 |
| misc/serial_timesteps | 4.38e+06 |
| misc/time_elapsed     | 736      |
| misc/total_timesteps  | 4.38e+06 |
| ratio_max             | 2.13     |
| ratio_min             | 0.605    |
| ret_avg               | 0.0164   |
| ret_max               | 4.24     |
| ret_med               | -0.276   |
| ret_min               | -0.295   |
| ret_var               | 1.01     |
------------------------------------
------------------------------------
| action_max            | 14       |
| action_min            | 0        |
| adv_avg               | -0.292   |
| adv_max               | -0.146   |
| adv_med               | -0.286   |
| adv_min               | -0.697   |
| adv_var               | 0.00185  |
| clipfrac              | 0.193    |
| curr_lr               | 0.001    |
| entropy               | 0.682    |
| eplenmean             | 180      |
| eprewmean             | 6.8      |
| fps                   | 5.82e+03 |
| grad_norm             | 0.416    |
| kl                    | 0.0201   |
| loss_pi               | -0.033   |
| loss_v                | 0.00208  |
| lr                    | 0.001    |
| misc/nupdates         | 1.08e+03 |
| misc/serial_timesteps | 4.42e+06 |
| misc/time_elapsed     | 743      |
| misc/total_timesteps  | 4.42e+06 |
| ratio_max             | 3.9      |
| ratio_min             | 0.653    |
| ret_avg               | 0.224    |
| ret_max               | 4.14     |
| ret_med               | -0.286   |
| ret_min               | -0.296   |
| ret_var               | 1.55     |
------------------------------------
------------------------------------
| action_max            | 14       |
| action_min            | 0        |
| adv_avg               | -0.291   |
| adv_max               | -0.195   |
| adv_med               | -0.287   |
| adv_min               | -0.567   |
| adv_var               | 0.000513 |
| clipfrac              | 0.283    |
| curr_lr               | 0.001    |
| entropy               | 0.789    |
| eplenmean             | 211      |
| eprewmean             | 6        |
| fps                   | 6.16e+03 |
| grad_norm             | 0.351    |
| kl                    | 0.052    |
| loss_pi               | -0.0216  |
| loss_v                | 0.000859 |
| lr                    | 0.001    |
| misc/nupdates         | 1.09e+03 |
| misc/serial_timesteps | 4.46e+06 |
| misc/time_elapsed     | 750      |
| misc/total_timesteps  | 4.46e+06 |
| ratio_max             | 6.08     |
| ratio_min             | 0.512    |
| ret_avg               | -0.0117  |
| ret_max               | 4.13     |
| ret_med               | -0.282   |
| ret_min               | -0.291   |
| ret_var               | 0.79     |
------------------------------------
------------------------------------
| action_max            | 14       |
| action_min            | 0        |
| adv_avg               | -0.291   |
| adv_max               | -0.0749  |
| adv_med               | -0.287   |
| adv_min               | -0.448   |
| adv_var               | 0.000458 |
| clipfrac              | 0.123    |
| curr_lr               | 0.001    |
| entropy               | 0.659    |
| eplenmean             | 195      |
| eprewmean             | 6.4      |
| fps                   | 5.98e+03 |
| grad_norm             | 0.205    |
| kl                    | 0.00623  |
| loss_pi               | -0.0246  |
| loss_v                | 0.000451 |
| lr                    | 0.001    |
| misc/nupdates         | 1.1e+03  |
| misc/serial_timesteps | 4.51e+06 |
| misc/time_elapsed     | 757      |
| misc/total_timesteps  | 4.51e+06 |
| ratio_max             | 2.64     |
| ratio_min             | 0.225    |
| ret_avg               | -0.0441  |
| ret_max               | 4.24     |
| ret_med               | -0.282   |
| ret_min               | -0.294   |
| ret_var               | 0.818    |
------------------------------------
------------------------------------
| action_max            | 14       |
| action_min            | 0        |
| adv_avg               | -0.284   |
| adv_max               | 0.807    |
| adv_med               | -0.287   |
| adv_min               | -0.459   |
| adv_var               | 0.00295  |
| clipfrac              | 0.0488   |
| curr_lr               | 0.001    |
| entropy               | 0.521    |
| eplenmean             | 229      |
| eprewmean             | 5.8      |
| fps                   | 5.92e+03 |
| grad_norm             | 0.225    |
| kl                    | 0.00314  |
| loss_pi               | -0.00673 |
| loss_v                | 0.000429 |
| lr                    | 0.001    |
| misc/nupdates         | 1.11e+03 |
| misc/serial_timesteps | 4.55e+06 |
| misc/time_elapsed     | 764      |
| misc/total_timesteps  | 4.55e+06 |
| ratio_max             | 1.44     |
| ratio_min             | 0.534    |
| ret_avg               | -0.0477  |
| ret_max               | 4.13     |
| ret_med               | -0.282   |
| ret_min               | -0.3     |
| ret_var               | 0.864    |
------------------------------------
------------------------------------
| action_max            | 14       |
| action_min            | 0        |
| adv_avg               | -0.285   |
| adv_max               | 0.194    |
| adv_med               | -0.287   |
| adv_min               | -0.696   |
| adv_var               | 0.00196  |
| clipfrac              | 0.0352   |
| curr_lr               | 0.001    |
| entropy               | 0.456    |
| eplenmean             | 255      |
| eprewmean             | 5.3      |
| fps                   | 6.1e+03  |
| grad_norm             | 0.905    |
| kl                    | 0.00332  |
| loss_pi               | -0.0253  |
| loss_v                | 0.00149  |
| lr                    | 0.001    |
| misc/nupdates         | 1.12e+03 |
| misc/serial_timesteps | 4.59e+06 |
| misc/time_elapsed     | 771      |
| misc/total_timesteps  | 4.59e+06 |
| ratio_max             | 2.17     |
| ratio_min             | 0.403    |
| ret_avg               | 0.1      |
| ret_max               | 4.12     |
| ret_med               | -0.291   |
| ret_min               | -0.291   |
| ret_var               | 1.45     |
------------------------------------
------------------------------------
| action_max            | 14       |
| action_min            | 0        |
| adv_avg               | -0.282   |
| adv_max               | 0.806    |
| adv_med               | -0.287   |
| adv_min               | -0.884   |
| adv_var               | 0.0075   |
| clipfrac              | 0.0918   |
| curr_lr               | 0.001    |
| entropy               | 0.355    |
| eplenmean             | 208      |
| eprewmean             | 6.1      |
| fps                   | 6.08e+03 |
| grad_norm             | 0.436    |
| kl                    | 0.0143   |
| loss_pi               | -0.0243  |
| loss_v                | 0.00262  |
| lr                    | 0.001    |
| misc/nupdates         | 1.13e+03 |
| misc/serial_timesteps | 4.63e+06 |
| misc/time_elapsed     | 778      |
| misc/total_timesteps  | 4.63e+06 |
| ratio_max             | 7.17     |
| ratio_min             | 0.329    |
| ret_avg               | 0.263    |
| ret_max               | 4.12     |
| ret_med               | -0.281   |
| ret_min               | -0.287   |
| ret_var               | 1.78     |
------------------------------------
------------------------------------
| action_max            | 14       |
| action_min            | 0        |
| adv_avg               | -0.287   |
| adv_max               | -0.0602  |
| adv_med               | -0.287   |
| adv_min               | -0.516   |
| adv_var               | 0.000244 |
| clipfrac              | 0.102    |
| curr_lr               | 0.001    |
| entropy               | 0.55     |
| eplenmean             | 217      |
| eprewmean             | 5.9      |
| fps                   | 5.85e+03 |
| grad_norm             | 0.266    |
| kl                    | 0.00828  |
| loss_pi               | -0.0188  |
| loss_v                | 0.000179 |
| lr                    | 0.001    |
| misc/nupdates         | 1.14e+03 |
| misc/serial_timesteps | 4.67e+06 |
| misc/time_elapsed     | 784      |
| misc/total_timesteps  | 4.67e+06 |
| ratio_max             | 1.69     |
| ratio_min             | 0.507    |
| ret_avg               | -0.143   |
| ret_max               | 4.12     |
| ret_med               | -0.283   |
| ret_min               | -0.288   |
| ret_var               | 0.532    |
------------------------------------
------------------------------------
| action_max            | 14       |
| action_min            | 0        |
| adv_avg               | -0.294   |
| adv_max               | -0.128   |
| adv_med               | -0.286   |
| adv_min               | -0.721   |
| adv_var               | 0.00223  |
| clipfrac              | 0.0449   |
| curr_lr               | 0.001    |
| entropy               | 0.606    |
| eplenmean             | 219      |
| eprewmean             | 5.9      |
| fps                   | 5.92e+03 |
| grad_norm             | 0.921    |
| kl                    | 0.00568  |
| loss_pi               | -0.0196  |
| loss_v                | 0.00139  |
| lr                    | 0.001    |
| misc/nupdates         | 1.15e+03 |
| misc/serial_timesteps | 4.71e+06 |
| misc/time_elapsed     | 791      |
| misc/total_timesteps  | 4.71e+06 |
| ratio_max             | 2.3      |
| ratio_min             | 0.384    |
| ret_avg               | 0.329    |
| ret_max               | 4.22     |
| ret_med               | -0.29    |
| ret_min               | -0.301   |
| ret_var               | 2.32     |
------------------------------------
------------------------------------
| action_max            | 14       |
| action_min            | 0        |
| adv_avg               | -0.287   |
| adv_max               | -0.0915  |
| adv_med               | -0.287   |
| adv_min               | -0.502   |
| adv_var               | 0.000448 |
| clipfrac              | 0.0762   |
| curr_lr               | 0.001    |
| entropy               | 1.06     |
| eplenmean             | 256      |
| eprewmean             | 5.1      |
| fps                   | 6.09e+03 |
| grad_norm             | 0.843    |
| kl                    | 0.00519  |
| loss_pi               | -0.00927 |
| loss_v                | 0.000554 |
| lr                    | 0.001    |
| misc/nupdates         | 1.16e+03 |
| misc/serial_timesteps | 4.75e+06 |
| misc/time_elapsed     | 798      |
| misc/total_timesteps  | 4.75e+06 |
| ratio_max             | 1.37     |
| ratio_min             | 0.222    |
| ret_avg               | 0.00338  |
| ret_max               | 4.13     |
| ret_med               | -0.27    |
| ret_min               | -0.299   |
| ret_var               | 1.08     |
------------------------------------
------------------------------------
| action_max            | 14       |
| action_min            | 0        |
| adv_avg               | -0.286   |
| adv_max               | 0.0653   |
| adv_med               | -0.287   |
| adv_min               | -0.592   |
| adv_var               | 0.000881 |
| clipfrac              | 0.172    |
| curr_lr               | 0.001    |
| entropy               | 1.42     |
| eplenmean             | 212      |
| eprewmean             | 6        |
| fps                   | 6.11e+03 |
| grad_norm             | 0.51     |
| kl                    | 0.0336   |
| loss_pi               | -0.0139  |
| loss_v                | 0.00206  |
| lr                    | 0.001    |
| misc/nupdates         | 1.17e+03 |
| misc/serial_timesteps | 4.79e+06 |
| misc/time_elapsed     | 805      |
| misc/total_timesteps  | 4.79e+06 |
| ratio_max             | 2.96     |
| ratio_min             | 0.691    |
| ret_avg               | -0.0649  |
| ret_max               | 4.11     |
| ret_med               | -0.255   |
| ret_min               | -0.289   |
| ret_var               | 0.762    |
------------------------------------
------------------------------------
| action_max            | 14       |
| action_min            | 0        |
| adv_avg               | -0.289   |
| adv_max               | -0.125   |
| adv_med               | -0.288   |
| adv_min               | -0.438   |
| adv_var               | 0.000268 |
| clipfrac              | 0.189    |
| curr_lr               | 0.001    |
| entropy               | 1.94     |
| eplenmean             | 186      |
| eprewmean             | 6.5      |
| fps                   | 6.08e+03 |
| grad_norm             | 0.355    |
| kl                    | 0.0117   |
| loss_pi               | -0.0168  |
| loss_v                | 0.000492 |
| lr                    | 0.001    |
| misc/nupdates         | 1.18e+03 |
| misc/serial_timesteps | 4.83e+06 |
| misc/time_elapsed     | 812      |
| misc/total_timesteps  | 4.83e+06 |
| ratio_max             | 1.55     |
| ratio_min             | 0.585    |
| ret_avg               | -0.0601  |
| ret_max               | 4.11     |
| ret_med               | -0.214   |
| ret_min               | -0.314   |
| ret_var               | 0.666    |
------------------------------------
------------------------------------
| action_max            | 14       |
| action_min            | 0        |
| adv_avg               | -0.227   |
| adv_max               | 4.07     |
| adv_med               | -0.286   |
| adv_min               | -0.637   |
| adv_var               | 0.137    |
| clipfrac              | 0.15     |
| curr_lr               | 0.001    |
| entropy               | 2        |
| eplenmean             | 152      |
| eprewmean             | 7.3      |
| fps                   | 5.85e+03 |
| grad_norm             | 0.509    |
| kl                    | 0.0139   |
| loss_pi               | 0.0324   |
| loss_v                | 0.132    |
| lr                    | 0.001    |
| misc/nupdates         | 1.19e+03 |
| misc/serial_timesteps | 4.87e+06 |
| misc/time_elapsed     | 818      |
| misc/total_timesteps  | 4.87e+06 |
| ratio_max             | 2.19     |
| ratio_min             | 0.509    |
| ret_avg               | -0.0758  |
| ret_max               | 4.12     |
| ret_med               | -0.255   |
| ret_min               | -0.308   |
| ret_var               | 0.639    |
------------------------------------
------------------------------------
| action_max            | 14       |
| action_min            | 0        |
| adv_avg               | -0.272   |
| adv_max               | 1.64     |
| adv_med               | -0.286   |
| adv_min               | -1.08    |
| adv_var               | 0.0127   |
| clipfrac              | 0.158    |
| curr_lr               | 0.001    |
| entropy               | 1.89     |
| eplenmean             | 200      |
| eprewmean             | 6.7      |
| fps                   | 6.19e+03 |
| grad_norm             | 0.467    |
| kl                    | 0.0118   |
| loss_pi               | -0.0124  |
| loss_v                | 0.00526  |
| lr                    | 0.001    |
| misc/nupdates         | 1.2e+03  |
| misc/serial_timesteps | 4.92e+06 |
| misc/time_elapsed     | 825      |
| misc/total_timesteps  | 4.92e+06 |
| ratio_max             | 1.83     |
| ratio_min             | 0.603    |
| ret_avg               | -0.0279  |
| ret_max               | 4.3      |
| ret_med               | -0.33    |
| ret_min               | -0.366   |
| ret_var               | 1.17     |
------------------------------------
------------------------------------
| action_max            | 14       |
| action_min            | 0        |
| adv_avg               | -0.278   |
| adv_max               | 0.938    |
| adv_med               | -0.288   |
| adv_min               | -0.538   |
| adv_var               | 0.00948  |
| clipfrac              | 0.133    |
| curr_lr               | 0.001    |
| entropy               | 1.95     |
| eplenmean             | 81.2     |
| eprewmean             | 8.9      |
| fps                   | 5.9e+03  |
| grad_norm             | 0.659    |
| kl                    | 0.0126   |
| loss_pi               | 0.0036   |
| loss_v                | 0.00311  |
| lr                    | 0.001    |
| misc/nupdates         | 1.21e+03 |
| misc/serial_timesteps | 4.96e+06 |
| misc/time_elapsed     | 832      |
| misc/total_timesteps  | 4.96e+06 |
| ratio_max             | 1.64     |
| ratio_min             | 0.396    |
| ret_avg               | 0.64     |
| ret_max               | 4.12     |
| ret_med               | -0.301   |
| ret_min               | -0.344   |
| ret_var               | 3.19     |
------------------------------------
------------------------------------
| action_max            | 14       |
| action_min            | 0        |
| adv_avg               | -0.299   |
| adv_max               | -0.1     |
| adv_med               | -0.29    |
| adv_min               | -0.494   |
| adv_var               | 0.00119  |
| clipfrac              | 0.139    |
| curr_lr               | 0.001    |
| entropy               | 1.65     |
| eplenmean             | 128      |
| eprewmean             | 8        |
| fps                   | 6e+03    |
| grad_norm             | 0.751    |
| kl                    | 0.0177   |
| loss_pi               | -0.0301  |
| loss_v                | 0.00115  |
| lr                    | 0.001    |
| misc/nupdates         | 1.22e+03 |
| misc/serial_timesteps | 5e+06    |
| misc/time_elapsed     | 839      |
| misc/total_timesteps  | 5e+06    |
| ratio_max             | 1.99     |
| ratio_min             | 0.483    |
| ret_avg               | 0.845    |
| ret_max               | 4.2      |
| ret_med               | -0.238   |
| ret_min               | -0.313   |
| ret_var               | 3.5      |
------------------------------------
------------------------------------
| action_max            | 14       |
| action_min            | 0        |
| adv_avg               | -0.298   |
| adv_max               | 0.543    |
| adv_med               | -0.293   |
| adv_min               | -0.561   |
| adv_var               | 0.00215  |
| clipfrac              | 0.156    |
| curr_lr               | 0.001    |
| entropy               | 1.53     |
| eplenmean             | 102      |
| eprewmean             | 8.5      |
| fps                   | 5.86e+03 |
| grad_norm             | 0.52     |
| kl                    | 0.0154   |
| loss_pi               | -0.0359  |
| loss_v                | 0.00157  |
| lr                    | 0.001    |
| misc/nupdates         | 1.23e+03 |
| misc/serial_timesteps | 5.04e+06 |
| misc/time_elapsed     | 846      |
| misc/total_timesteps  | 5.04e+06 |
| ratio_max             | 1.64     |
| ratio_min             | 0.463    |
| ret_avg               | 0.913    |
| ret_max               | 4.01     |
| ret_med               | -0.243   |
| ret_min               | -0.325   |
| ret_var               | 3.58     |
------------------------------------
------------------------------------
| action_max            | 14       |
| action_min            | 0        |
| adv_avg               | -0.295   |
| adv_max               | -0.0739  |
| adv_med               | -0.295   |
| adv_min               | -0.628   |
| adv_var               | 0.00119  |
| clipfrac              | 0.148    |
| curr_lr               | 0.001    |
| entropy               | 1.3      |
| eplenmean             | 123      |
| eprewmean             | 8.1      |
| fps                   | 5.91e+03 |
| grad_norm             | 0.488    |
| kl                    | 0.0101   |
| loss_pi               | -0.0119  |
| loss_v                | 0.00101  |
| lr                    | 0.001    |
| misc/nupdates         | 1.24e+03 |
| misc/serial_timesteps | 5.08e+06 |
| misc/time_elapsed     | 853      |
| misc/total_timesteps  | 5.08e+06 |
| ratio_max             | 1.98     |
| ratio_min             | 0.493    |
| ret_avg               | 0.32     |
| ret_max               | 3.95     |
| ret_med               | -0.188   |
| ret_min               | -0.32    |
| ret_var               | 2        |
------------------------------------
------------------------------------
| action_max            | 14       |
| action_min            | 0        |
| adv_avg               | -0.301   |
| adv_max               | -0.103   |
| adv_med               | -0.298   |
| adv_min               | -0.55    |
| adv_var               | 0.000925 |
| clipfrac              | 0.254    |
| curr_lr               | 0.001    |
| entropy               | 1.24     |
| eplenmean             | 132      |
| eprewmean             | 7.7      |
| fps                   | 6.19e+03 |
| grad_norm             | 0.319    |
| kl                    | 0.0309   |
| loss_pi               | -0.0279  |
| loss_v                | 0.000837 |
| lr                    | 0.001    |
| misc/nupdates         | 1.25e+03 |
| misc/serial_timesteps | 5.12e+06 |
| misc/time_elapsed     | 859      |
| misc/total_timesteps  | 5.12e+06 |
| ratio_max             | 2.83     |
| ratio_min             | 0.469    |
| ret_avg               | 0.159    |
| ret_max               | 3.93     |
| ret_med               | -0.0723  |
| ret_min               | -0.314   |
| ret_var               | 1.26     |
------------------------------------
------------------------------------
| action_max            | 14       |
| action_min            | 0        |
| adv_avg               | -0.308   |
| adv_max               | 0.871    |
| adv_med               | -0.299   |
| adv_min               | -1.07    |
| adv_var               | 0.00533  |
| clipfrac              | 0.0879   |
| curr_lr               | 0.001    |
| entropy               | 1.08     |
| eplenmean             | 162      |
| eprewmean             | 7.4      |
| fps                   | 6e+03    |
| grad_norm             | 0.373    |
| kl                    | 0.00877  |
| loss_pi               | -0.0172  |
| loss_v                | 0.00285  |
| lr                    | 0.001    |
| misc/nupdates         | 1.26e+03 |
| misc/serial_timesteps | 5.16e+06 |
| misc/time_elapsed     | 866      |
| misc/total_timesteps  | 5.16e+06 |
| ratio_max             | 1.47     |
| ratio_min             | 0.29     |
| ret_avg               | 0.47     |
| ret_max               | 3.92     |
| ret_med               | -0.297   |
| ret_min               | -0.305   |
| ret_var               | 2.4      |
------------------------------------
------------------------------------
| action_max            | 14       |
| action_min            | 0        |
| adv_avg               | -0.298   |
| adv_max               | 0.0715   |
| adv_med               | -0.301   |
| adv_min               | -0.509   |
| adv_var               | 0.00206  |
| clipfrac              | 0.129    |
| curr_lr               | 0.001    |
| entropy               | 1.06     |
| eplenmean             | 126      |
| eprewmean             | 7.9      |
| fps                   | 6e+03    |
| grad_norm             | 0.915    |
| kl                    | 0.0123   |
| loss_pi               | -0.0189  |
| loss_v                | 0.00162  |
| lr                    | 0.001    |
| misc/nupdates         | 1.27e+03 |
| misc/serial_timesteps | 5.2e+06  |
| misc/time_elapsed     | 873      |
| misc/total_timesteps  | 5.2e+06  |
| ratio_max             | 1.82     |
| ratio_min             | 0.41     |
| ret_avg               | 0.727    |
| ret_max               | 3.89     |
| ret_med               | -0.227   |
| ret_min               | -0.301   |
| ret_var               | 2.98     |
------------------------------------
------------------------------------
| action_max            | 14       |
| action_min            | 0        |
| adv_avg               | -0.307   |
| adv_max               | -0.185   |
| adv_med               | -0.302   |
| adv_min               | -0.633   |
| adv_var               | 0.00104  |
| clipfrac              | 0.0879   |
| curr_lr               | 0.001    |
| entropy               | 1.14     |
| eplenmean             | 108      |
| eprewmean             | 8.2      |
| fps                   | 6e+03    |
| grad_norm             | 0.437    |
| kl                    | 0.00966  |
| loss_pi               | -0.0186  |
| loss_v                | 0.000692 |
| lr                    | 0.001    |
| misc/nupdates         | 1.28e+03 |
| misc/serial_timesteps | 5.24e+06 |
| misc/time_elapsed     | 880      |
| misc/total_timesteps  | 5.24e+06 |
| ratio_max             | 1.48     |
| ratio_min             | 0.575    |
| ret_avg               | 0.615    |
| ret_max               | 3.85     |
| ret_med               | -0.203   |
| ret_min               | -0.306   |
| ret_var               | 2.73     |
------------------------------------
------------------------------------
| action_max            | 14       |
| action_min            | 0        |
| adv_avg               | -0.304   |
| adv_max               | 0.141    |
| adv_med               | -0.304   |
| adv_min               | -0.887   |
| adv_var               | 0.00184  |
| clipfrac              | 0.0781   |
| curr_lr               | 0.001    |
| entropy               | 1        |
| eplenmean             | 119      |
| eprewmean             | 7.9      |
| fps                   | 5.94e+03 |
| grad_norm             | 0.508    |
| kl                    | 0.00906  |
| loss_pi               | -0.0174  |
| loss_v                | 0.00215  |
| lr                    | 0.001    |
| misc/nupdates         | 1.29e+03 |
| misc/serial_timesteps | 5.28e+06 |
| misc/time_elapsed     | 887      |
| misc/total_timesteps  | 5.28e+06 |
| ratio_max             | 1.98     |
| ratio_min             | 0.3      |
| ret_avg               | 0.374    |
| ret_max               | 3.83     |
| ret_med               | -0.233   |
| ret_min               | -0.304   |
| ret_var               | 2.14     |
------------------------------------
------------------------------------
| action_max            | 14       |
| action_min            | 0        |
| adv_avg               | -0.319   |
| adv_max               | -0.102   |
| adv_med               | -0.306   |
| adv_min               | -0.883   |
| adv_var               | 0.00169  |
| clipfrac              | 0.0762   |
| curr_lr               | 0.001    |
| entropy               | 1.05     |
| eplenmean             | 123      |
| eprewmean             | 8.1      |
| fps                   | 5.91e+03 |
| grad_norm             | 0.834    |
| kl                    | 0.0154   |
| loss_pi               | -0.0282  |
| loss_v                | 0.0013   |
| lr                    | 0.001    |
| misc/nupdates         | 1.3e+03  |
| misc/serial_timesteps | 5.32e+06 |
| misc/time_elapsed     | 894      |
| misc/total_timesteps  | 5.32e+06 |
| ratio_max             | 1.54     |
| ratio_min             | 0.335    |
| ret_avg               | 0.812    |
| ret_max               | 3.81     |
| ret_med               | -0.28    |
| ret_min               | -0.318   |
| ret_var               | 3.17     |
------------------------------------
------------------------------------
| action_max            | 14       |
| action_min            | 0        |
| adv_avg               | -0.307   |
| adv_max               | 0.0934   |
| adv_med               | -0.307   |
| adv_min               | -0.495   |
| adv_var               | 0.000698 |
| clipfrac              | 0.121    |
| curr_lr               | 0.001    |
| entropy               | 0.907    |
| eplenmean             | 124      |
| eprewmean             | 8        |
| fps                   | 6.25e+03 |
| grad_norm             | 0.181    |
| kl                    | 0.00977  |
| loss_pi               | -0.0329  |
| loss_v                | 0.000653 |
| lr                    | 0.001    |
| misc/nupdates         | 1.31e+03 |
| misc/serial_timesteps | 5.37e+06 |
| misc/time_elapsed     | 901      |
| misc/total_timesteps  | 5.37e+06 |
| ratio_max             | 2.1      |
| ratio_min             | 0.369    |
| ret_avg               | 0.118    |
| ret_max               | 3.78     |
| ret_med               | -0.308   |
| ret_min               | -0.313   |
| ret_var               | 1.47     |
------------------------------------
------------------------------------
| action_max            | 14       |
| action_min            | 0        |
| adv_avg               | -0.31    |
| adv_max               | -0.121   |
| adv_med               | -0.308   |
| adv_min               | -0.527   |
| adv_var               | 0.000396 |
| clipfrac              | 0.211    |
| curr_lr               | 0.001    |
| entropy               | 1.11     |
| eplenmean             | 116      |
| eprewmean             | 8.1      |
| fps                   | 6.2e+03  |
| grad_norm             | 0.243    |
| kl                    | 0.0209   |
| loss_pi               | -0.0267  |
| loss_v                | 0.000394 |
| lr                    | 0.001    |
| misc/nupdates         | 1.32e+03 |
| misc/serial_timesteps | 5.41e+06 |
| misc/time_elapsed     | 907      |
| misc/total_timesteps  | 5.41e+06 |
| ratio_max             | 1.87     |
| ratio_min             | 0.385    |
| ret_avg               | 0.138    |
| ret_max               | 3.75     |
| ret_med               | -0.287   |
| ret_min               | -0.318   |
| ret_var               | 1.53     |
------------------------------------
------------------------------------
| action_max            | 14       |
| action_min            | 0        |
| adv_avg               | -0.307   |
| adv_max               | 0.0257   |
| adv_med               | -0.309   |
| adv_min               | -0.535   |
| adv_var               | 0.00111  |
| clipfrac              | 0.176    |
| curr_lr               | 0.001    |
| entropy               | 0.808    |
| eplenmean             | 87.9     |
| eprewmean             | 8.6      |
| fps                   | 5.98e+03 |
| grad_norm             | 0.632    |
| kl                    | 0.0118   |
| loss_pi               | -0.0117  |
| loss_v                | 0.00261  |
| lr                    | 0.001    |
| misc/nupdates         | 1.33e+03 |
| misc/serial_timesteps | 5.45e+06 |
| misc/time_elapsed     | 914      |
| misc/total_timesteps  | 5.45e+06 |
| ratio_max             | 1.51     |
| ratio_min             | 0.479    |
| ret_avg               | 0.84     |
| ret_max               | 3.81     |
| ret_med               | -0.294   |
| ret_min               | -0.315   |
| ret_var               | 3.2      |
------------------------------------
------------------------------------
| action_max            | 14       |
| action_min            | 0        |
| adv_avg               | -0.305   |
| adv_max               | -0.0399  |
| adv_med               | -0.31    |
| adv_min               | -0.463   |
| adv_var               | 0.00109  |
| clipfrac              | 0.15     |
| curr_lr               | 0.001    |
| entropy               | 1.26     |
| eplenmean             | 130      |
| eprewmean             | 7.8      |
| fps                   | 6.07e+03 |
| grad_norm             | 0.834    |
| kl                    | 0.0146   |
| loss_pi               | -0.0248  |
| loss_v                | 0.00062  |
| lr                    | 0.001    |
| misc/nupdates         | 1.34e+03 |
| misc/serial_timesteps | 5.49e+06 |
| misc/time_elapsed     | 921      |
| misc/total_timesteps  | 5.49e+06 |
| ratio_max             | 2.68     |
| ratio_min             | 0.331    |
| ret_avg               | 0.592    |
| ret_max               | 3.72     |
| ret_med               | -0.29    |
| ret_min               | -0.313   |
| ret_var               | 2.67     |
------------------------------------
------------------------------------
| action_max            | 14       |
| action_min            | 0        |
| adv_avg               | -0.317   |
| adv_max               | -0.137   |
| adv_med               | -0.311   |
| adv_min               | -0.537   |
| adv_var               | 0.0013   |
| clipfrac              | 0.117    |
| curr_lr               | 0.001    |
| entropy               | 1.27     |
| eplenmean             | 114      |
| eprewmean             | 8.1      |
| fps                   | 6.13e+03 |
| grad_norm             | 0.686    |
| kl                    | 0.0105   |
| loss_pi               | -0.0386  |
| loss_v                | 0.00123  |
| lr                    | 0.001    |
| misc/nupdates         | 1.35e+03 |
| misc/serial_timesteps | 5.53e+06 |
| misc/time_elapsed     | 928      |
| misc/total_timesteps  | 5.53e+06 |
| ratio_max             | 1.91     |
| ratio_min             | 0.519    |
| ret_avg               | 0.422    |
| ret_max               | 3.75     |
| ret_med               | -0.289   |
| ret_min               | -0.369   |
| ret_var               | 2.28     |
------------------------------------
------------------------------------
| action_max            | 14       |
| action_min            | 0        |
| adv_avg               | -0.315   |
| adv_max               | -0.19    |
| adv_med               | -0.312   |
| adv_min               | -0.433   |
| adv_var               | 0.000329 |
| clipfrac              | 0.105    |
| curr_lr               | 0.001    |
| entropy               | 0.801    |
| eplenmean             | 109      |
| eprewmean             | 8.2      |
| fps                   | 6.17e+03 |
| grad_norm             | 0.501    |
| kl                    | 0.0104   |
| loss_pi               | -0.0254  |
| loss_v                | 0.000658 |
| lr                    | 0.001    |
| misc/nupdates         | 1.36e+03 |
| misc/serial_timesteps | 5.57e+06 |
| misc/time_elapsed     | 935      |
| misc/total_timesteps  | 5.57e+06 |
| ratio_max             | 2.18     |
| ratio_min             | 0.228    |
| ret_avg               | 0.0916   |
| ret_max               | 3.69     |
| ret_med               | -0.288   |
| ret_min               | -0.312   |
| ret_var               | 1.25     |
------------------------------------
------------------------------------
| action_max            | 14       |
| action_min            | 0        |
| adv_avg               | -0.314   |
| adv_max               | -0.144   |
| adv_med               | -0.314   |
| adv_min               | -0.493   |
| adv_var               | 0.000531 |
| clipfrac              | 0.174    |
| curr_lr               | 0.001    |
| entropy               | 1.19     |
| eplenmean             | 125      |
| eprewmean             | 7.9      |
| fps                   | 6.19e+03 |
| grad_norm             | 0.314    |
| kl                    | 0.0123   |
| loss_pi               | -0.0187  |
| loss_v                | 0.000541 |
| lr                    | 0.001    |
| misc/nupdates         | 1.37e+03 |
| misc/serial_timesteps | 5.61e+06 |
| misc/time_elapsed     | 941      |
| misc/total_timesteps  | 5.61e+06 |
| ratio_max             | 3.15     |
| ratio_min             | 0.418    |
| ret_avg               | 0.0932   |
| ret_max               | 3.71     |
| ret_med               | -0.23    |
| ret_min               | -0.313   |
| ret_var               | 1.23     |
------------------------------------
------------------------------------
| action_max            | 14       |
| action_min            | 0        |
| adv_avg               | -0.315   |
| adv_max               | -0.0388  |
| adv_med               | -0.314   |
| adv_min               | -0.42    |
| adv_var               | 0.000293 |
| clipfrac              | 0.0977   |
| curr_lr               | 0.001    |
| entropy               | 0.773    |
| eplenmean             | 78.4     |
| eprewmean             | 8.8      |
| fps                   | 5.96e+03 |
| grad_norm             | 0.348    |
| kl                    | 0.0118   |
| loss_pi               | -0.0177  |
| loss_v                | 0.000212 |
| lr                    | 0.001    |
| misc/nupdates         | 1.38e+03 |
| misc/serial_timesteps | 5.65e+06 |
| misc/time_elapsed     | 948      |
| misc/total_timesteps  | 5.65e+06 |
| ratio_max             | 2.18     |
| ratio_min             | 0.541    |
| ret_avg               | 0.335    |
| ret_max               | 3.66     |
| ret_med               | -0.25    |
| ret_min               | -0.323   |
| ret_var               | 2.01     |
------------------------------------
------------------------------------
| action_max            | 14       |
| action_min            | 0        |
| adv_avg               | -0.318   |
| adv_max               | -0.142   |
| adv_med               | -0.316   |
| adv_min               | -0.473   |
| adv_var               | 0.000589 |
| clipfrac              | 0.102    |
| curr_lr               | 0.001    |
| entropy               | 0.64     |
| eplenmean             | 104      |
| eprewmean             | 8.3      |
| fps                   | 5.95e+03 |
| grad_norm             | 0.423    |
| kl                    | 0.00884  |
| loss_pi               | -0.0208  |
| loss_v                | 0.000745 |
| lr                    | 0.001    |
| misc/nupdates         | 1.39e+03 |
| misc/serial_timesteps | 5.69e+06 |
| misc/time_elapsed     | 955      |
| misc/total_timesteps  | 5.69e+06 |
| ratio_max             | 1.59     |
| ratio_min             | 0.42     |
| ret_avg               | 0.72     |
| ret_max               | 3.63     |
| ret_med               | -0.323   |
| ret_min               | -0.327   |
| ret_var               | 2.94     |
------------------------------------
------------------------------------
| action_max            | 14       |
| action_min            | 0        |
| adv_avg               | -0.317   |
| adv_max               | -0.208   |
| adv_med               | -0.317   |
| adv_min               | -0.399   |
| adv_var               | 0.000161 |
| clipfrac              | 0.156    |
| curr_lr               | 0.001    |
| entropy               | 1.03     |
| eplenmean             | 104      |
| eprewmean             | 8.3      |
| fps                   | 5.97e+03 |
| grad_norm             | 0.479    |
| kl                    | 0.0125   |
| loss_pi               | -0.0261  |
| loss_v                | 0.000434 |
| lr                    | 0.001    |
| misc/nupdates         | 1.4e+03  |
| misc/serial_timesteps | 5.73e+06 |
| misc/time_elapsed     | 962      |
| misc/total_timesteps  | 5.73e+06 |
| ratio_max             | 2.22     |
| ratio_min             | 0.359    |
| ret_avg               | -0.0939  |
| ret_max               | 3.62     |
| ret_med               | -0.277   |
| ret_min               | -0.325   |
| ret_var               | 0.727    |
------------------------------------
------------------------------------
| action_max            | 14       |
| action_min            | 0        |
| adv_avg               | -0.317   |
| adv_max               | -0.161   |
| adv_med               | -0.318   |
| adv_min               | -0.42    |
| adv_var               | 0.000177 |
| clipfrac              | 0.146    |
| curr_lr               | 0.001    |
| entropy               | 0.856    |
| eplenmean             | 99.8     |
| eprewmean             | 8.3      |
| fps                   | 6.24e+03 |
| grad_norm             | 0.46     |
| kl                    | 0.0148   |
| loss_pi               | -0.0153  |
| loss_v                | 0.000342 |
| lr                    | 0.001    |
| misc/nupdates         | 1.41e+03 |
| misc/serial_timesteps | 5.78e+06 |
| misc/time_elapsed     | 969      |
| misc/total_timesteps  | 5.78e+06 |
| ratio_max             | 2.55     |
| ratio_min             | 0.461    |
| ret_avg               | -0.0355  |
| ret_max               | 3.6      |
| ret_med               | -0.329   |
| ret_min               | -0.399   |
| ret_var               | 1.01     |
------------------------------------
------------------------------------
| action_max            | 14       |
| action_min            | 0        |
| adv_avg               | -0.321   |
| adv_max               | -0.213   |
| adv_med               | -0.318   |
| adv_min               | -0.706   |
| adv_var               | 0.000395 |
| clipfrac              | 0.0723   |
| curr_lr               | 0.001    |
| entropy               | 1.13     |
| eplenmean             | 108      |
| eprewmean             | 8.2      |
| fps                   | 6.28e+03 |
| grad_norm             | 0.318    |
| kl                    | 0.00515  |
| loss_pi               | -0.00239 |
| loss_v                | 0.000407 |
| lr                    | 0.001    |
| misc/nupdates         | 1.42e+03 |
| misc/serial_timesteps | 5.82e+06 |
| misc/time_elapsed     | 975      |
| misc/total_timesteps  | 5.82e+06 |
| ratio_max             | 1.61     |
| ratio_min             | 0.669    |
| ret_avg               | 0.0642   |
| ret_max               | 3.59     |
| ret_med               | -0.28    |
| ret_min               | -0.337   |
| ret_var               | 1.26     |
------------------------------------
------------------------------------
| action_max            | 14       |
| action_min            | 0        |
| adv_avg               | -0.319   |
| adv_max               | 0.00589  |
| adv_med               | -0.319   |
| adv_min               | -0.539   |
| adv_var               | 0.000923 |
| clipfrac              | 0.129    |
| curr_lr               | 0.001    |
| entropy               | 1.05     |
| eplenmean             | 122      |
| eprewmean             | 7.9      |
| fps                   | 6.23e+03 |
| grad_norm             | 0.359    |
| kl                    | 0.0109   |
| loss_pi               | -0.0177  |
| loss_v                | 0.000416 |
| lr                    | 0.001    |
| misc/nupdates         | 1.43e+03 |
| misc/serial_timesteps | 5.86e+06 |
| misc/time_elapsed     | 982      |
| misc/total_timesteps  | 5.86e+06 |
| ratio_max             | 1.86     |
| ratio_min             | 0.612    |
| ret_avg               | 0.427    |
| ret_max               | 3.58     |
| ret_med               | -0.304   |
| ret_min               | -0.344   |
| ret_var               | 2.31     |
------------------------------------
------------------------------------
| action_max            | 14       |
| action_min            | 0        |
| adv_avg               | -0.321   |
| adv_max               | -0.0483  |
| adv_med               | -0.319   |
| adv_min               | -0.518   |
| adv_var               | 0.000646 |
| clipfrac              | 0.0645   |
| curr_lr               | 0.001    |
| entropy               | 0.76     |
| eplenmean             | 144      |
| eprewmean             | 7.4      |
| fps                   | 6.22e+03 |
| grad_norm             | 0.39     |
| kl                    | 0.0194   |
| loss_pi               | -0.0263  |
| loss_v                | 0.00195  |
| lr                    | 0.001    |
| misc/nupdates         | 1.44e+03 |
| misc/serial_timesteps | 5.9e+06  |
| misc/time_elapsed     | 989      |
| misc/total_timesteps  | 5.9e+06  |
| ratio_max             | 2.11     |
| ratio_min             | 0.226    |
| ret_avg               | -0.052   |
| ret_max               | 3.68     |
| ret_med               | -0.284   |
| ret_min               | -0.319   |
| ret_var               | 0.858    |
------------------------------------
------------------------------------
| action_max            | 14       |
| action_min            | 0        |
| adv_avg               | -0.32    |
| adv_max               | 0.788    |
| adv_med               | -0.322   |
| adv_min               | -0.734   |
| adv_var               | 0.0035   |
| clipfrac              | 0.0781   |
| curr_lr               | 0.001    |
| entropy               | 0.387    |
| eplenmean             | 85.4     |
| eprewmean             | 8.7      |
| fps                   | 6.13e+03 |
| grad_norm             | 0.321    |
| kl                    | 0.00697  |
| loss_pi               | -0.00948 |
| loss_v                | 0.000959 |
| lr                    | 0.001    |
| misc/nupdates         | 1.45e+03 |
| misc/serial_timesteps | 5.94e+06 |
| misc/time_elapsed     | 995      |
| misc/total_timesteps  | 5.94e+06 |
| ratio_max             | 2.02     |
| ratio_min             | 0.435    |
| ret_avg               | 0.603    |
| ret_max               | 3.55     |
| ret_med               | -0.29    |
| ret_min               | -0.322   |
| ret_var               | 2.6      |
------------------------------------
------------------------------------
| action_max            | 14       |
| action_min            | 0        |
| adv_avg               | -0.321   |
| adv_max               | 0.334    |
| adv_med               | -0.324   |
| adv_min               | -0.507   |
| adv_var               | 0.0018   |
| clipfrac              | 0.0703   |
| curr_lr               | 0.001    |
| entropy               | 0.422    |
| eplenmean             | 121      |
| eprewmean             | 8.1      |
| fps                   | 6.14e+03 |
| grad_norm             | 0.271    |
| kl                    | 0.00623  |
| loss_pi               | -0.0159  |
| loss_v                | 0.000342 |
| lr                    | 0.001    |
| misc/nupdates         | 1.46e+03 |
| misc/serial_timesteps | 5.98e+06 |
| misc/time_elapsed     | 1e+03    |
| misc/total_timesteps  | 5.98e+06 |
| ratio_max             | 1.97     |
| ratio_min             | 0.548    |
| ret_avg               | 0.48     |
| ret_max               | 3.54     |
| ret_med               | -0.273   |
| ret_min               | -0.323   |
| ret_var               | 2.28     |
------------------------------------
