Setting seed: 4
Logging to logs/shared.ppo.karzmarz_False.resnet.dropout_0.0.damping_0.1.lr_0.001/bossfight-easy-0-10.20260720-221010_4
creating environment
Running on device: cuda:0
training...

Number of parameters: 938979.0

------------------------------------
| action_max            | 14       |
| action_min            | 0        |
| adv_avg               | -0.162   |
| adv_max               | 0.68     |
| adv_med               | -0.159   |
| adv_min               | -2.45    |
| adv_var               | 0.0174   |
| clipfrac              | 0.0625   |
| curr_lr               | 0.001    |
| entropy               | 2.69     |
| eplenmean             | 40.4     |
| eprewmean             | 0        |
| fps                   | 4.22e+03 |
| grad_norm             | 0.679    |
| kl                    | 0.00576  |
| loss_pi               | -0.00302 |
| loss_v                | 0.00356  |
| lr                    | 0.001    |
| misc/nupdates         | 9        |
| misc/serial_timesteps | 4.1e+04  |
| misc/time_elapsed     | 10       |
| misc/total_timesteps  | 4.1e+04  |
| ratio_max             | 1.94     |
| ratio_min             | 0.475    |
| ret_avg               | -0.0966  |
| ret_max               | 1.25     |
| ret_med               | -0.136   |
| ret_min               | -0.19    |
| ret_var               | 0.0248   |
------------------------------------
------------------------------------
| action_max            | 14       |
| action_min            | 0        |
| adv_avg               | -0.132   |
| adv_max               | 15.5     |
| adv_med               | -0.258   |
| adv_min               | -6.73    |
| adv_var               | 1.46     |
| clipfrac              | 0.398    |
| curr_lr               | 0.001    |
| entropy               | 2.51     |
| eplenmean             | 67.1     |
| eprewmean             | 0.02     |
| fps                   | 4.61e+03 |
| grad_norm             | 3.86     |
| kl                    | 0.0467   |
| loss_pi               | 0.0296   |
| loss_v                | 0.414    |
| lr                    | 0.001    |
| misc/nupdates         | 19       |
| misc/serial_timesteps | 8.19e+04 |
| misc/time_elapsed     | 19.2     |
| misc/total_timesteps  | 8.19e+04 |
| ratio_max             | 1.99     |
| ratio_min             | 0.165    |
| ret_avg               | 0.351    |
| ret_max               | 18.7     |
| ret_med               | -0.0445  |
| ret_min               | -0.233   |
| ret_var               | 2.62     |
------------------------------------
------------------------------------
| action_max            | 14       |
| action_min            | 0        |
| adv_avg               | -0.0786  |
| adv_max               | 11.9     |
| adv_med               | -0.29    |
| adv_min               | -6.91    |
| adv_var               | 1.6      |
| clipfrac              | 0.0703   |
| curr_lr               | 0.001    |
| entropy               | 2.69     |
| eplenmean             | 47.7     |
| eprewmean             | 0        |
| fps                   | 4.73e+03 |
| grad_norm             | 4.03     |
| kl                    | 0.0177   |
| loss_pi               | -0.0129  |
| loss_v                | 0.528    |
| lr                    | 0.001    |
| misc/nupdates         | 29       |
| misc/serial_timesteps | 1.23e+05 |
| misc/time_elapsed     | 27.9     |
| misc/total_timesteps  | 1.23e+05 |
| ratio_max             | 3.98     |
| ratio_min             | 0.0905   |
| ret_avg               | 0.208    |
| ret_max               | 13.8     |
| ret_med               | -0.187   |
| ret_min               | -0.276   |
| ret_var               | 2.34     |
------------------------------------
-------------------------------------
| action_max            | 14        |
| action_min            | 0         |
| adv_avg               | -0.376    |
| adv_max               | 10.2      |
| adv_med               | -0.387    |
| adv_min               | -2.22     |
| adv_var               | 0.312     |
| clipfrac              | 0.129     |
| curr_lr               | 0.001     |
| entropy               | 2.63      |
| eplenmean             | 53.8      |
| eprewmean             | 0.03      |
| fps                   | 5.14e+03  |
| grad_norm             | 5.16      |
| kl                    | 0.0104    |
| loss_pi               | -0.000735 |
| loss_v                | 0.261     |
| lr                    | 0.001     |
| misc/nupdates         | 39        |
| misc/serial_timesteps | 1.64e+05  |
| misc/time_elapsed     | 36.2      |
| misc/total_timesteps  | 1.64e+05  |
| ratio_max             | 1.56      |
| ratio_min             | 0.531     |
| ret_avg               | 0.444     |
| ret_max               | 12.3      |
| ret_med               | -0.265    |
| ret_min               | -0.361    |
| ret_var               | 1.18      |
-------------------------------------
------------------------------------
| action_max            | 14       |
| action_min            | 0        |
| adv_avg               | -0.395   |
| adv_max               | 7.37     |
| adv_med               | -0.419   |
| adv_min               | -3.1     |
| adv_var               | 0.174    |
| clipfrac              | 0.0137   |
| curr_lr               | 0.001    |
| entropy               | 2.7      |
| eplenmean             | 53.8     |
| eprewmean             | 0.01     |
| fps                   | 4.69e+03 |
| grad_norm             | 1.47     |
| kl                    | 0.00293  |
| loss_pi               | 0.00862  |
| loss_v                | 0.068    |
| lr                    | 0.001    |
| misc/nupdates         | 49       |
| misc/serial_timesteps | 2.05e+05 |
| misc/time_elapsed     | 44.6     |
| misc/total_timesteps  | 2.05e+05 |
| ratio_max             | 1.81     |
| ratio_min             | 0.388    |
| ret_avg               | -0.242   |
| ret_max               | 9.12     |
| ret_med               | -0.347   |
| ret_min               | -0.402   |
| ret_var               | 0.391    |
------------------------------------
------------------------------------
| action_max            | 14       |
| action_min            | 0        |
| adv_avg               | -0.342   |
| adv_max               | 5.82     |
| adv_med               | -0.417   |
| adv_min               | -3.68    |
| adv_var               | 0.297    |
| clipfrac              | 0.0293   |
| curr_lr               | 0.001    |
| entropy               | 2.57     |
| eplenmean             | 63.4     |
| eprewmean             | 0.06     |
| fps                   | 5.02e+03 |
| grad_norm             | 2.61     |
| kl                    | 0.00386  |
| loss_pi               | -0.00154 |
| loss_v                | 0.15     |
| lr                    | 0.001    |
| misc/nupdates         | 59       |
| misc/serial_timesteps | 2.46e+05 |
| misc/time_elapsed     | 52.9     |
| misc/total_timesteps  | 2.46e+05 |
| ratio_max             | 1.79     |
| ratio_min             | 0.692    |
| ret_avg               | 1.03     |
| ret_max               | 8.74     |
| ret_med               | -0.371   |
| ret_min               | -0.41    |
| ret_var               | 3.58     |
------------------------------------
------------------------------------
| action_max            | 14       |
| action_min            | 0        |
| adv_avg               | -0.434   |
| adv_max               | 3.72     |
| adv_med               | -0.442   |
| adv_min               | -3.45    |
| adv_var               | 0.249    |
| clipfrac              | 0.0605   |
| curr_lr               | 0.001    |
| entropy               | 2.58     |
| eplenmean             | 64.9     |
| eprewmean             | 0.1      |
| fps                   | 4.79e+03 |
| grad_norm             | 5.34     |
| kl                    | 0.00682  |
| loss_pi               | -0.0105  |
| loss_v                | 0.168    |
| lr                    | 0.001    |
| misc/nupdates         | 69       |
| misc/serial_timesteps | 2.87e+05 |
| misc/time_elapsed     | 61.3     |
| misc/total_timesteps  | 2.87e+05 |
| ratio_max             | 1.42     |
| ratio_min             | 0.523    |
| ret_avg               | 0.794    |
| ret_max               | 5.65     |
| ret_med               | -0.363   |
| ret_min               | -0.431   |
| ret_var               | 2.94     |
------------------------------------
------------------------------------
| action_max            | 14       |
| action_min            | 0        |
| adv_avg               | -0.437   |
| adv_max               | 2.2      |
| adv_med               | -0.47    |
| adv_min               | -2.35    |
| adv_var               | 0.0927   |
| clipfrac              | 0.121    |
| curr_lr               | 0.001    |
| entropy               | 2.62     |
| eplenmean             | 57.6     |
| eprewmean             | 0.05     |
| fps                   | 4.99e+03 |
| grad_norm             | 1.66     |
| kl                    | 0.0082   |
| loss_pi               | -0.0118  |
| loss_v                | 0.074    |
| lr                    | 0.001    |
| misc/nupdates         | 79       |
| misc/serial_timesteps | 3.28e+05 |
| misc/time_elapsed     | 69.7     |
| misc/total_timesteps  | 3.28e+05 |
| ratio_max             | 1.83     |
| ratio_min             | 0.446    |
| ret_avg               | 0.379    |
| ret_max               | 4.36     |
| ret_med               | -0.417   |
| ret_min               | -0.461   |
| ret_var               | 1.27     |
------------------------------------
------------------------------------
| action_max            | 14       |
| action_min            | 0        |
| adv_avg               | -0.432   |
| adv_max               | 3.71     |
| adv_med               | -0.503   |
| adv_min               | -1.77    |
| adv_var               | 0.107    |
| clipfrac              | 0.0938   |
| curr_lr               | 0.001    |
| entropy               | 2.54     |
| eplenmean             | 71.3     |
| eprewmean             | 0.08     |
| fps                   | 5.02e+03 |
| grad_norm             | 1.64     |
| kl                    | 0.00803  |
| loss_pi               | -0.0168  |
| loss_v                | 0.0767   |
| lr                    | 0.001    |
| misc/nupdates         | 89       |
| misc/serial_timesteps | 3.69e+05 |
| misc/time_elapsed     | 78.1     |
| misc/total_timesteps  | 3.69e+05 |
| ratio_max             | 1.89     |
| ratio_min             | 0.598    |
| ret_avg               | 0.472    |
| ret_max               | 4.26     |
| ret_med               | -0.412   |
| ret_min               | -0.486   |
| ret_var               | 1.67     |
------------------------------------
------------------------------------
| action_max            | 14       |
| action_min            | 0        |
| adv_avg               | -0.473   |
| adv_max               | 3.21     |
| adv_med               | -0.499   |
| adv_min               | -2.86    |
| adv_var               | 0.0841   |
| clipfrac              | 0.141    |
| curr_lr               | 0.001    |
| entropy               | 2.44     |
| eplenmean             | 72.8     |
| eprewmean             | 0.13     |
| fps                   | 4.75e+03 |
| grad_norm             | 2.77     |
| kl                    | 0.0138   |
| loss_pi               | 0.00306  |
| loss_v                | 0.0339   |
| lr                    | 0.001    |
| misc/nupdates         | 99       |
| misc/serial_timesteps | 4.1e+05  |
| misc/time_elapsed     | 86.5     |
| misc/total_timesteps  | 4.1e+05  |
| ratio_max             | 1.78     |
| ratio_min             | 0.497    |
| ret_avg               | 0.665    |
| ret_max               | 4.03     |
| ret_med               | -0.438   |
| ret_min               | -0.497   |
| ret_var               | 2.86     |
------------------------------------
------------------------------------
| action_max            | 14       |
| action_min            | 0        |
| adv_avg               | -0.531   |
| adv_max               | 3.27     |
| adv_med               | -0.514   |
| adv_min               | -3.51    |
| adv_var               | 0.0921   |
| clipfrac              | 0.117    |
| curr_lr               | 0.001    |
| entropy               | 2.36     |
| eplenmean             | 69.3     |
| eprewmean             | 0.04     |
| fps                   | 4.95e+03 |
| grad_norm             | 3.58     |
| kl                    | 0.0101   |
| loss_pi               | -0.00483 |
| loss_v                | 0.0988   |
| lr                    | 0.001    |
| misc/nupdates         | 109      |
| misc/serial_timesteps | 4.51e+05 |
| misc/time_elapsed     | 94.8     |
| misc/total_timesteps  | 4.51e+05 |
| ratio_max             | 1.88     |
| ratio_min             | 0.512    |
| ret_avg               | 0.274    |
| ret_max               | 3.43     |
| ret_med               | -0.459   |
| ret_min               | -0.5     |
| ret_var               | 1.71     |
------------------------------------
------------------------------------
| action_max            | 14       |
| action_min            | 0        |
| adv_avg               | -0.29    |
| adv_max               | 39.3     |
| adv_med               | -0.507   |
| adv_min               | -2.05    |
| adv_var               | 3.9      |
| clipfrac              | 0.324    |
| curr_lr               | 0.001    |
| entropy               | 2.27     |
| eplenmean             | 87       |
| eprewmean             | 0.32     |
| fps                   | 4.91e+03 |
| grad_norm             | 9.92     |
| kl                    | 0.0937   |
| loss_pi               | -0.0163  |
| loss_v                | 0.351    |
| lr                    | 0.001    |
| misc/nupdates         | 119      |
| misc/serial_timesteps | 4.92e+05 |
| misc/time_elapsed     | 103      |
| misc/total_timesteps  | 4.92e+05 |
| ratio_max             | 4.13     |
| ratio_min             | 0.0345   |
| ret_avg               | 0.533    |
| ret_max               | 39.5     |
| ret_med               | -0.369   |
| ret_min               | -0.532   |
| ret_var               | 5.36     |
------------------------------------
------------------------------------
| action_max            | 14       |
| action_min            | 0        |
| adv_avg               | -0.576   |
| adv_max               | 2.94     |
| adv_med               | -0.539   |
| adv_min               | -3.53    |
| adv_var               | 0.186    |
| clipfrac              | 0.16     |
| curr_lr               | 0.001    |
| entropy               | 2.1      |
| eplenmean             | 71.8     |
| eprewmean             | 0.22     |
| fps                   | 4.98e+03 |
| grad_norm             | 1.84     |
| kl                    | 0.0241   |
| loss_pi               | 0.0113   |
| loss_v                | 0.109    |
| lr                    | 0.001    |
| misc/nupdates         | 129      |
| misc/serial_timesteps | 5.32e+05 |
| misc/time_elapsed     | 112      |
| misc/total_timesteps  | 5.32e+05 |
| ratio_max             | 13.6     |
| ratio_min             | 0.386    |
| ret_avg               | 0.475    |
| ret_max               | 3.31     |
| ret_med               | -0.356   |
| ret_min               | -0.521   |
| ret_var               | 1.55     |
------------------------------------
------------------------------------
| action_max            | 14       |
| action_min            | 0        |
| adv_avg               | -0.308   |
| adv_max               | 35.9     |
| adv_med               | -0.511   |
| adv_min               | -2.63    |
| adv_var               | 3.24     |
| clipfrac              | 0.225    |
| curr_lr               | 0.001    |
| entropy               | 2.4      |
| eplenmean             | 81.8     |
| eprewmean             | 0.2      |
| fps                   | 4.8e+03  |
| grad_norm             | 17.8     |
| kl                    | 0.0632   |
| loss_pi               | -0.01    |
| loss_v                | 1.79     |
| lr                    | 0.001    |
| misc/nupdates         | 139      |
| misc/serial_timesteps | 5.73e+05 |
| misc/time_elapsed     | 120      |
| misc/total_timesteps  | 5.73e+05 |
| ratio_max             | 3.84     |
| ratio_min             | 0.00574  |
| ret_avg               | 0.15     |
| ret_max               | 36.7     |
| ret_med               | -0.434   |
| ret_min               | -0.509   |
| ret_var               | 4.12     |
------------------------------------
------------------------------------
| action_max            | 14       |
| action_min            | 0        |
| adv_avg               | -0.466   |
| adv_max               | 2.89     |
| adv_med               | -0.506   |
| adv_min               | -1.44    |
| adv_var               | 0.135    |
| clipfrac              | 0.105    |
| curr_lr               | 0.001    |
| entropy               | 2.64     |
| eplenmean             | 85.6     |
| eprewmean             | 0.08     |
| fps                   | 4.64e+03 |
| grad_norm             | 0.757    |
| kl                    | 0.0358   |
| loss_pi               | 0.0128   |
| loss_v                | 0.119    |
| lr                    | 0.001    |
| misc/nupdates         | 149      |
| misc/serial_timesteps | 6.14e+05 |
| misc/time_elapsed     | 129      |
| misc/total_timesteps  | 6.14e+05 |
| ratio_max             | 3.01     |
| ratio_min             | 0.221    |
| ret_avg               | -0.226   |
| ret_max               | 3.16     |
| ret_med               | -0.286   |
| ret_min               | -0.495   |
| ret_var               | 0.161    |
------------------------------------
------------------------------------
| action_max            | 14       |
| action_min            | 0        |
| adv_avg               | -0.465   |
| adv_max               | 3.24     |
| adv_med               | -0.538   |
| adv_min               | -2.32    |
| adv_var               | 0.232    |
| clipfrac              | 0.139    |
| curr_lr               | 0.001    |
| entropy               | 2.54     |
| eplenmean             | 85.8     |
| eprewmean             | 0.24     |
| fps                   | 4.87e+03 |
| grad_norm             | 0.835    |
| kl                    | 0.0187   |
| loss_pi               | -0.0154  |
| loss_v                | 0.113    |
| lr                    | 0.001    |
| misc/nupdates         | 159      |
| misc/serial_timesteps | 6.55e+05 |
| misc/time_elapsed     | 137      |
| misc/total_timesteps  | 6.55e+05 |
| ratio_max             | 2.27     |
| ratio_min             | 0.152    |
| ret_avg               | 0.0224   |
| ret_max               | 3.51     |
| ret_med               | -0.237   |
| ret_min               | -0.496   |
| ret_var               | 0.363    |
------------------------------------
------------------------------------
| action_max            | 14       |
| action_min            | 0        |
| adv_avg               | -0.23    |
| adv_max               | 35.6     |
| adv_med               | -0.5     |
| adv_min               | -9.06    |
| adv_var               | 4.04     |
| clipfrac              | 0.203    |
| curr_lr               | 0.001    |
| entropy               | 2.45     |
| eplenmean             | 95       |
| eprewmean             | 0.51     |
| fps                   | 4.97e+03 |
| grad_norm             | 3.6      |
| kl                    | 0.0414   |
| loss_pi               | 0.0172   |
| loss_v                | 0.841    |
| lr                    | 0.001    |
| misc/nupdates         | 169      |
| misc/serial_timesteps | 6.96e+05 |
| misc/time_elapsed     | 145      |
| misc/total_timesteps  | 6.96e+05 |
| ratio_max             | 3.94     |
| ratio_min             | 0.193    |
| ret_avg               | 0.723    |
| ret_max               | 35.9     |
| ret_med               | -0.216   |
| ret_min               | -0.496   |
| ret_var               | 5.34     |
------------------------------------
------------------------------------
| action_max            | 14       |
| action_min            | 0        |
| adv_avg               | -0.516   |
| adv_max               | 2.67     |
| adv_med               | -0.521   |
| adv_min               | -2.93    |
| adv_var               | 0.124    |
| clipfrac              | 0.0938   |
| curr_lr               | 0.001    |
| entropy               | 2.39     |
| eplenmean             | 90.2     |
| eprewmean             | 0.13     |
| fps                   | 4.76e+03 |
| grad_norm             | 2.26     |
| kl                    | 0.00943  |
| loss_pi               | -0.0195  |
| loss_v                | 0.08     |
| lr                    | 0.001    |
| misc/nupdates         | 179      |
| misc/serial_timesteps | 7.37e+05 |
| misc/time_elapsed     | 154      |
| misc/total_timesteps  | 7.37e+05 |
| ratio_max             | 2.37     |
| ratio_min             | 0.213    |
| ret_avg               | 0.307    |
| ret_max               | 3.91     |
| ret_med               | -0.29    |
| ret_min               | -0.511   |
| ret_var               | 1.14     |
------------------------------------
------------------------------------
| action_max            | 14       |
| action_min            | 0        |
| adv_avg               | -0.334   |
| adv_max               | 30.8     |
| adv_med               | -0.527   |
| adv_min               | -3.85    |
| adv_var               | 2.61     |
| clipfrac              | 0.258    |
| curr_lr               | 0.001    |
| entropy               | 2.34     |
| eplenmean             | 90.8     |
| eprewmean             | 0.32     |
| fps                   | 4.74e+03 |
| grad_norm             | 29       |
| kl                    | 0.0901   |
| loss_pi               | 0.00149  |
| loss_v                | 1.08     |
| lr                    | 0.001    |
| misc/nupdates         | 189      |
| misc/serial_timesteps | 7.78e+05 |
| misc/time_elapsed     | 162      |
| misc/total_timesteps  | 7.78e+05 |
| ratio_max             | 12.5     |
| ratio_min             | 0.113    |
| ret_avg               | 0.674    |
| ret_max               | 34       |
| ret_med               | -0.077   |
| ret_min               | -0.519   |
| ret_var               | 4.25     |
------------------------------------
------------------------------------
| action_max            | 14       |
| action_min            | 0        |
| adv_avg               | -0.58    |
| adv_max               | 2.44     |
| adv_med               | -0.553   |
| adv_min               | -4.24    |
| adv_var               | 0.178    |
| clipfrac              | 0.111    |
| curr_lr               | 0.001    |
| entropy               | 2.3      |
| eplenmean             | 134      |
| eprewmean             | 0.25     |
| fps                   | 5.1e+03  |
| grad_norm             | 1.49     |
| kl                    | 0.0139   |
| loss_pi               | 0.00227  |
| loss_v                | 0.0953   |
| lr                    | 0.001    |
| misc/nupdates         | 199      |
| misc/serial_timesteps | 8.19e+05 |
| misc/time_elapsed     | 170      |
| misc/total_timesteps  | 8.19e+05 |
| ratio_max             | 2.14     |
| ratio_min             | 0.0776   |
| ret_avg               | 1        |
| ret_max               | 3.58     |
| ret_med               | 1.69     |
| ret_min               | -0.601   |
| ret_var               | 1.57     |
------------------------------------
------------------------------------
| action_max            | 14       |
| action_min            | 0        |
| adv_avg               | -0.574   |
| adv_max               | 2.34     |
| adv_med               | -0.572   |
| adv_min               | -2.19    |
| adv_var               | 0.0824   |
| clipfrac              | 0.141    |
| curr_lr               | 0.001    |
| entropy               | 2.31     |
| eplenmean             | 144      |
| eprewmean             | 0.29     |
| fps                   | 5.28e+03 |
| grad_norm             | 4.14     |
| kl                    | 0.0151   |
| loss_pi               | -0.0109  |
| loss_v                | 0.0423   |
| lr                    | 0.001    |
| misc/nupdates         | 209      |
| misc/serial_timesteps | 8.6e+05  |
| misc/time_elapsed     | 178      |
| misc/total_timesteps  | 8.6e+05  |
| ratio_max             | 4.01     |
| ratio_min             | 0.451    |
| ret_avg               | 0.612    |
| ret_max               | 3.63     |
| ret_med               | 0.447    |
| ret_min               | -0.564   |
| ret_var               | 1.07     |
------------------------------------
------------------------------------
| action_max            | 14       |
| action_min            | 0        |
| adv_avg               | -0.633   |
| adv_max               | 3.08     |
| adv_med               | -0.581   |
| adv_min               | -8.13    |
| adv_var               | 0.912    |
| clipfrac              | 0.15     |
| curr_lr               | 0.001    |
| entropy               | 2.36     |
| eplenmean             | 99.8     |
| eprewmean             | 0.42     |
| fps                   | 4.7e+03  |
| grad_norm             | 2.98     |
| kl                    | 0.0371   |
| loss_pi               | -0.00414 |
| loss_v                | 0.31     |
| lr                    | 0.001    |
| misc/nupdates         | 219      |
| misc/serial_timesteps | 9.01e+05 |
| misc/time_elapsed     | 187      |
| misc/total_timesteps  | 9.01e+05 |
| ratio_max             | 4.02     |
| ratio_min             | 0.0684   |
| ret_avg               | 0.341    |
| ret_max               | 4.05     |
| ret_med               | -0.344   |
| ret_min               | -0.569   |
| ret_var               | 1.31     |
------------------------------------
------------------------------------
| action_max            | 14       |
| action_min            | 0        |
| adv_avg               | -0.723   |
| adv_max               | 2.3      |
| adv_med               | -0.678   |
| adv_min               | -3.72    |
| adv_var               | 0.293    |
| clipfrac              | 0.084    |
| curr_lr               | 0.001    |
| entropy               | 2.1      |
| eplenmean             | 82.5     |
| eprewmean             | 0.1      |
| fps                   | 5e+03    |
| grad_norm             | 1.56     |
| kl                    | 0.0159   |
| loss_pi               | -0.0107  |
| loss_v                | 0.146    |
| lr                    | 0.001    |
| misc/nupdates         | 229      |
| misc/serial_timesteps | 9.42e+05 |
| misc/time_elapsed     | 195      |
| misc/total_timesteps  | 9.42e+05 |
| ratio_max             | 1.66     |
| ratio_min             | 0.522    |
| ret_avg               | 0.31     |
| ret_max               | 3.84     |
| ret_med               | -0.285   |
| ret_min               | -0.578   |
| ret_var               | 0.824    |
------------------------------------
------------------------------------
| action_max            | 14       |
| action_min            | 0        |
| adv_avg               | -0.623   |
| adv_max               | 2.96     |
| adv_med               | -0.593   |
| adv_min               | -6.9     |
| adv_var               | 0.242    |
| clipfrac              | 0.0234   |
| curr_lr               | 0.001    |
| entropy               | 2.63     |
| eplenmean             | 102      |
| eprewmean             | 0.25     |
| fps                   | 4.81e+03 |
| grad_norm             | 0.692    |
| kl                    | 0.00667  |
| loss_pi               | 0.0103   |
| loss_v                | 0.0538   |
| lr                    | 0.001    |
| misc/nupdates         | 239      |
| misc/serial_timesteps | 9.83e+05 |
| misc/time_elapsed     | 203      |
| misc/total_timesteps  | 9.83e+05 |
| ratio_max             | 1.46     |
| ratio_min             | 0.139    |
| ret_avg               | -0.233   |
| ret_max               | 3.98     |
| ret_med               | -0.298   |
| ret_min               | -0.574   |
| ret_var               | 0.277    |
------------------------------------
-------------------------------------
| action_max            | 14        |
| action_min            | 0         |
| adv_avg               | -0.566    |
| adv_max               | 2.21      |
| adv_med               | -0.587    |
| adv_min               | -2.49     |
| adv_var               | 0.132     |
| clipfrac              | 0.043     |
| curr_lr               | 0.001     |
| entropy               | 2.6       |
| eplenmean             | 88.1      |
| eprewmean             | 0.14      |
| fps                   | 4.88e+03  |
| grad_norm             | 0.548     |
| kl                    | 0.00398   |
| loss_pi               | -0.000465 |
| loss_v                | 0.111     |
| lr                    | 0.001     |
| misc/nupdates         | 249       |
| misc/serial_timesteps | 1.02e+06  |
| misc/time_elapsed     | 212       |
| misc/total_timesteps  | 1.02e+06  |
| ratio_max             | 1.39      |
| ratio_min             | 0.507     |
| ret_avg               | -0.0248   |
| ret_max               | 3.24      |
| ret_med               | -0.181    |
| ret_min               | -0.571    |
| ret_var               | 0.373     |
-------------------------------------
------------------------------------
| action_max            | 14       |
| action_min            | 0        |
| adv_avg               | -0.54    |
| adv_max               | 2.21     |
| adv_med               | -0.58    |
| adv_min               | -2.64    |
| adv_var               | 0.142    |
| clipfrac              | 0.0293   |
| curr_lr               | 0.001    |
| entropy               | 2.57     |
| eplenmean             | 92.2     |
| eprewmean             | 0.17     |
| fps                   | 4.82e+03 |
| grad_norm             | 0.451    |
| kl                    | 0.00223  |
| loss_pi               | 0.000631 |
| loss_v                | 0.143    |
| lr                    | 0.001    |
| misc/nupdates         | 259      |
| misc/serial_timesteps | 1.06e+06 |
| misc/time_elapsed     | 220      |
| misc/total_timesteps  | 1.06e+06 |
| ratio_max             | 1.41     |
| ratio_min             | 0.61     |
| ret_avg               | -0.108   |
| ret_max               | 2.51     |
| ret_med               | -0.277   |
| ret_min               | -0.574   |
| ret_var               | 0.304    |
------------------------------------
------------------------------------
| action_max            | 14       |
| action_min            | 0        |
| adv_avg               | -0.591   |
| adv_max               | 2.19     |
| adv_med               | -0.592   |
| adv_min               | -2.69    |
| adv_var               | 0.0909   |
| clipfrac              | 0.0762   |
| curr_lr               | 0.001    |
| entropy               | 2.44     |
| eplenmean             | 103      |
| eprewmean             | 0.29     |
| fps                   | 4.85e+03 |
| grad_norm             | 0.629    |
| kl                    | 0.00483  |
| loss_pi               | -0.00482 |
| loss_v                | 0.0535   |
| lr                    | 0.001    |
| misc/nupdates         | 269      |
| misc/serial_timesteps | 1.11e+06 |
| misc/time_elapsed     | 229      |
| misc/total_timesteps  | 1.11e+06 |
| ratio_max             | 1.52     |
| ratio_min             | 0.593    |
| ret_avg               | 0.365    |
| ret_max               | 2.81     |
| ret_med               | -0.208   |
| ret_min               | -0.582   |
| ret_var               | 0.938    |
------------------------------------
------------------------------------
| action_max            | 14       |
| action_min            | 0        |
| adv_avg               | -0.646   |
| adv_max               | 2.03     |
| adv_med               | -0.585   |
| adv_min               | -4.46    |
| adv_var               | 0.243    |
| clipfrac              | 0.0996   |
| curr_lr               | 0.001    |
| entropy               | 2.32     |
| eplenmean             | 99.8     |
| eprewmean             | 0.4      |
| fps                   | 5.05e+03 |
| grad_norm             | 1.8      |
| kl                    | 0.00968  |
| loss_pi               | -0.012   |
| loss_v                | 0.109    |
| lr                    | 0.001    |
| misc/nupdates         | 279      |
| misc/serial_timesteps | 1.15e+06 |
| misc/time_elapsed     | 237      |
| misc/total_timesteps  | 1.15e+06 |
| ratio_max             | 1.81     |
| ratio_min             | 0.526    |
| ret_avg               | 1.04     |
| ret_max               | 6.7      |
| ret_med               | -0.0946  |
| ret_min               | -0.578   |
| ret_var               | 2.45     |
------------------------------------
------------------------------------
| action_max            | 14       |
| action_min            | 0        |
| adv_avg               | -0.53    |
| adv_max               | 24.2     |
| adv_med               | -0.608   |
| adv_min               | -4.98    |
| adv_var               | 1.68     |
| clipfrac              | 0.084    |
| curr_lr               | 0.001    |
| entropy               | 2.34     |
| eplenmean             | 85.1     |
| eprewmean             | 0.32     |
| fps                   | 4.28e+03 |
| grad_norm             | 7.96     |
| kl                    | 0.0151   |
| loss_pi               | -0.00557 |
| loss_v                | 0.999    |
| lr                    | 0.001    |
| misc/nupdates         | 289      |
| misc/serial_timesteps | 1.19e+06 |
| misc/time_elapsed     | 246      |
| misc/total_timesteps  | 1.19e+06 |
| ratio_max             | 2.52     |
| ratio_min             | 0.147    |
| ret_avg               | 0.981    |
| ret_max               | 26.2     |
| ret_med               | 0.209    |
| ret_min               | -0.571   |
| ret_var               | 3.55     |
------------------------------------
------------------------------------
| action_max            | 14       |
| action_min            | 0        |
| adv_avg               | -0.537   |
| adv_max               | 22.2     |
| adv_med               | -0.625   |
| adv_min               | -3.27    |
| adv_var               | 1.43     |
| clipfrac              | 0.105    |
| curr_lr               | 0.001    |
| entropy               | 2.36     |
| eplenmean             | 96.3     |
| eprewmean             | 0.31     |
| fps                   | 4.14e+03 |
| grad_norm             | 6.83     |
| kl                    | 0.0268   |
| loss_pi               | 0.00709  |
| loss_v                | 0.648    |
| lr                    | 0.001    |
| misc/nupdates         | 299      |
| misc/serial_timesteps | 1.23e+06 |
| misc/time_elapsed     | 255      |
| misc/total_timesteps  | 1.23e+06 |
| ratio_max             | 2.83     |
| ratio_min             | 0.0719   |
| ret_avg               | 0.641    |
| ret_max               | 25.3     |
| ret_med               | -0.21    |
| ret_min               | -0.576   |
| ret_var               | 2.89     |
------------------------------------
------------------------------------
| action_max            | 14       |
| action_min            | 0        |
| adv_avg               | -0.588   |
| adv_max               | 1.62     |
| adv_med               | -0.573   |
| adv_min               | -3.71    |
| adv_var               | 0.223    |
| clipfrac              | 0.0566   |
| curr_lr               | 0.001    |
| entropy               | 2.41     |
| eplenmean             | 96       |
| eprewmean             | 0.1      |
| fps                   | 4.36e+03 |
| grad_norm             | 1.13     |
| kl                    | 0.00683  |
| loss_pi               | -0.018   |
| loss_v                | 0.0905   |
| lr                    | 0.001    |
| misc/nupdates         | 309      |
| misc/serial_timesteps | 1.27e+06 |
| misc/time_elapsed     | 265      |
| misc/total_timesteps  | 1.27e+06 |
| ratio_max             | 1.98     |
| ratio_min             | 0.467    |
| ret_avg               | 0.299    |
| ret_max               | 6.13     |
| ret_med               | -0.243   |
| ret_min               | -0.564   |
| ret_var               | 1.08     |
------------------------------------
------------------------------------
| action_max            | 14       |
| action_min            | 0        |
| adv_avg               | -0.507   |
| adv_max               | 1.96     |
| adv_med               | -0.572   |
| adv_min               | -4.49    |
| adv_var               | 0.179    |
| clipfrac              | 0.0918   |
| curr_lr               | 0.001    |
| entropy               | 2.36     |
| eplenmean             | 113      |
| eprewmean             | 0.24     |
| fps                   | 4.32e+03 |
| grad_norm             | 0.992    |
| kl                    | 0.00789  |
| loss_pi               | 0.00133  |
| loss_v                | 0.142    |
| lr                    | 0.001    |
| misc/nupdates         | 319      |
| misc/serial_timesteps | 1.31e+06 |
| misc/time_elapsed     | 275      |
| misc/total_timesteps  | 1.31e+06 |
| ratio_max             | 3.09     |
| ratio_min             | 0.317    |
| ret_avg               | 0.341    |
| ret_max               | 3.53     |
| ret_med               | -0.225   |
| ret_min               | -0.566   |
| ret_var               | 0.876    |
------------------------------------
------------------------------------
| action_max            | 14       |
| action_min            | 0        |
| adv_avg               | -0.675   |
| adv_max               | 1.5      |
| adv_med               | -0.605   |
| adv_min               | -3.46    |
| adv_var               | 0.195    |
| clipfrac              | 0.121    |
| curr_lr               | 0.001    |
| entropy               | 2.23     |
| eplenmean             | 99.1     |
| eprewmean             | 0.23     |
| fps                   | 4.16e+03 |
| grad_norm             | 1.72     |
| kl                    | 0.0174   |
| loss_pi               | -0.0187  |
| loss_v                | 0.144    |
| lr                    | 0.001    |
| misc/nupdates         | 329      |
| misc/serial_timesteps | 1.35e+06 |
| misc/time_elapsed     | 285      |
| misc/total_timesteps  | 1.35e+06 |
| ratio_max             | 1.81     |
| ratio_min             | 0.0996   |
| ret_avg               | 0.43     |
| ret_max               | 4.11     |
| ret_med               | -0.26    |
| ret_min               | -0.573   |
| ret_var               | 1.2      |
------------------------------------
------------------------------------
| action_max            | 14       |
| action_min            | 0        |
| adv_avg               | -0.699   |
| adv_max               | 3.85     |
| adv_med               | -0.592   |
| adv_min               | -10.2    |
| adv_var               | 0.532    |
| clipfrac              | 0.084    |
| curr_lr               | 0.001    |
| entropy               | 2.28     |
| eplenmean             | 128      |
| eprewmean             | 0.82     |
| fps                   | 4.44e+03 |
| grad_norm             | 2.25     |
| kl                    | 0.0156   |
| loss_pi               | -0.0109  |
| loss_v                | 0.202    |
| lr                    | 0.001    |
| misc/nupdates         | 339      |
| misc/serial_timesteps | 1.39e+06 |
| misc/time_elapsed     | 294      |
| misc/total_timesteps  | 1.39e+06 |
| ratio_max             | 1.82     |
| ratio_min             | 0.177    |
| ret_avg               | 0.585    |
| ret_max               | 7.75     |
| ret_med               | -0.233   |
| ret_min               | -0.569   |
| ret_var               | 2        |
------------------------------------
------------------------------------
| action_max            | 14       |
| action_min            | 0        |
| adv_avg               | -0.56    |
| adv_max               | 17.8     |
| adv_med               | -0.583   |
| adv_min               | -4.76    |
| adv_var               | 1.01     |
| clipfrac              | 0.156    |
| curr_lr               | 0.001    |
| entropy               | 2.21     |
| eplenmean             | 137      |
| eprewmean             | 0.64     |
| fps                   | 4.76e+03 |
| grad_norm             | 3.59     |
| kl                    | 0.0203   |
| loss_pi               | 0.00991  |
| loss_v                | 0.412    |
| lr                    | 0.001    |
| misc/nupdates         | 349      |
| misc/serial_timesteps | 1.43e+06 |
| misc/time_elapsed     | 303      |
| misc/total_timesteps  | 1.43e+06 |
| ratio_max             | 2.81     |
| ratio_min             | 0.265    |
| ret_avg               | 0.916    |
| ret_max               | 21       |
| ret_med               | 0.116    |
| ret_min               | -0.571   |
| ret_var               | 3.09     |
------------------------------------
------------------------------------
| action_max            | 14       |
| action_min            | 0        |
| adv_avg               | -0.525   |
| adv_max               | 18.9     |
| adv_med               | -0.586   |
| adv_min               | -3.02    |
| adv_var               | 0.689    |
| clipfrac              | 0.281    |
| curr_lr               | 0.001    |
| entropy               | 2.23     |
| eplenmean             | 140      |
| eprewmean             | 0.44     |
| fps                   | 5.06e+03 |
| grad_norm             | 1.85     |
| kl                    | 0.0499   |
| loss_pi               | -0.00311 |
| loss_v                | 0.162    |
| lr                    | 0.001    |
| misc/nupdates         | 359      |
| misc/serial_timesteps | 1.47e+06 |
| misc/time_elapsed     | 311      |
| misc/total_timesteps  | 1.47e+06 |
| ratio_max             | 4.98     |
| ratio_min             | 0.045    |
| ret_avg               | 0.324    |
| ret_max               | 20.9     |
| ret_med               | -0.226   |
| ret_min               | -0.581   |
| ret_var               | 1.36     |
------------------------------------
------------------------------------
| action_max            | 14       |
| action_min            | 0        |
| adv_avg               | -0.403   |
| adv_max               | 17.2     |
| adv_med               | -0.592   |
| adv_min               | -1.99    |
| adv_var               | 1.71     |
| clipfrac              | 0.266    |
| curr_lr               | 0.001    |
| entropy               | 1.98     |
| eplenmean             | 176      |
| eprewmean             | 0.52     |
| fps                   | 5.1e+03  |
| grad_norm             | 11.1     |
| kl                    | 0.0478   |
| loss_pi               | 0.0244   |
| loss_v                | 0.328    |
| lr                    | 0.001    |
| misc/nupdates         | 369      |
| misc/serial_timesteps | 1.52e+06 |
| misc/time_elapsed     | 319      |
| misc/total_timesteps  | 1.52e+06 |
| ratio_max             | 2.69     |
| ratio_min             | 0.11     |
| ret_avg               | 0.698    |
| ret_max               | 20.5     |
| ret_med               | 0.0374   |
| ret_min               | -0.586   |
| ret_var               | 3.1      |
------------------------------------
------------------------------------
| action_max            | 14       |
| action_min            | 0        |
| adv_avg               | -0.416   |
| adv_max               | 15.4     |
| adv_med               | -0.595   |
| adv_min               | -10.7    |
| adv_var               | 2.16     |
| clipfrac              | 0.238    |
| curr_lr               | 0.001    |
| entropy               | 2.03     |
| eplenmean             | 134      |
| eprewmean             | 1.08     |
| fps                   | 4.9e+03  |
| grad_norm             | 13.1     |
| kl                    | 0.06     |
| loss_pi               | 0.00649  |
| loss_v                | 0.921    |
| lr                    | 0.001    |
| misc/nupdates         | 379      |
| misc/serial_timesteps | 1.56e+06 |
| misc/time_elapsed     | 328      |
| misc/total_timesteps  | 1.56e+06 |
| ratio_max             | 3.69     |
| ratio_min             | 0.0743   |
| ret_avg               | 1.3      |
| ret_max               | 19.6     |
| ret_med               | 0.0911   |
| ret_min               | -0.584   |
| ret_var               | 6.96     |
------------------------------------
------------------------------------
| action_max            | 14       |
| action_min            | 0        |
| adv_avg               | -0.558   |
| adv_max               | 11.7     |
| adv_med               | -0.602   |
| adv_min               | -4.04    |
| adv_var               | 0.535    |
| clipfrac              | 0.0957   |
| curr_lr               | 0.001    |
| entropy               | 2.15     |
| eplenmean             | 134      |
| eprewmean             | 0.61     |
| fps                   | 4.93e+03 |
| grad_norm             | 5.22     |
| kl                    | 0.0116   |
| loss_pi               | 0.0106   |
| loss_v                | 0.106    |
| lr                    | 0.001    |
| misc/nupdates         | 389      |
| misc/serial_timesteps | 1.6e+06  |
| misc/time_elapsed     | 336      |
| misc/total_timesteps  | 1.6e+06  |
| ratio_max             | 3.12     |
| ratio_min             | 0.333    |
| ret_avg               | 0.627    |
| ret_max               | 18.8     |
| ret_med               | -0.153   |
| ret_min               | -0.584   |
| ret_var               | 2.94     |
------------------------------------
------------------------------------
| action_max            | 14       |
| action_min            | 0        |
| adv_avg               | -0.447   |
| adv_max               | 15.4     |
| adv_med               | -0.591   |
| adv_min               | -2.85    |
| adv_var               | 1.22     |
| clipfrac              | 0.164    |
| curr_lr               | 0.001    |
| entropy               | 1.94     |
| eplenmean             | 154      |
| eprewmean             | 0.65     |
| fps                   | 4.92e+03 |
| grad_norm             | 13.7     |
| kl                    | 0.0178   |
| loss_pi               | 0.0121   |
| loss_v                | 0.904    |
| lr                    | 0.001    |
| misc/nupdates         | 399      |
| misc/serial_timesteps | 1.64e+06 |
| misc/time_elapsed     | 344      |
| misc/total_timesteps  | 1.64e+06 |
| ratio_max             | 2.79     |
| ratio_min             | 0.0778   |
| ret_avg               | 0.696    |
| ret_max               | 18.4     |
| ret_med               | -0.268   |
| ret_min               | -0.607   |
| ret_var               | 3.37     |
------------------------------------
------------------------------------
| action_max            | 14       |
| action_min            | 0        |
| adv_avg               | -0.497   |
| adv_max               | 15.8     |
| adv_med               | -0.591   |
| adv_min               | -4.91    |
| adv_var               | 0.624    |
| clipfrac              | 0.205    |
| curr_lr               | 0.001    |
| entropy               | 1.49     |
| eplenmean             | 214      |
| eprewmean             | 0.6      |
| fps                   | 5.33e+03 |
| grad_norm             | 1.97     |
| kl                    | 0.0329   |
| loss_pi               | 0.00661  |
| loss_v                | 0.0714   |
| lr                    | 0.001    |
| misc/nupdates         | 409      |
| misc/serial_timesteps | 1.68e+06 |
| misc/time_elapsed     | 352      |
| misc/total_timesteps  | 1.68e+06 |
| ratio_max             | 2.27     |
| ratio_min             | 0.148    |
| ret_avg               | 0.0209   |
| ret_max               | 18.4     |
| ret_med               | -0.366   |
| ret_min               | -0.586   |
| ret_var               | 1.98     |
------------------------------------
------------------------------------
| action_max            | 14       |
| action_min            | 0        |
| adv_avg               | -0.581   |
| adv_max               | 0.841    |
| adv_med               | -0.588   |
| adv_min               | -0.822   |
| adv_var               | 0.0052   |
| clipfrac              | 0.121    |
| curr_lr               | 0.001    |
| entropy               | 1.03     |
| eplenmean             | 306      |
| eprewmean             | 0.51     |
| fps                   | 5.32e+03 |
| grad_norm             | 0.307    |
| kl                    | 0.0158   |
| loss_pi               | -0.0183  |
| loss_v                | 0.000539 |
| lr                    | 0.001    |
| misc/nupdates         | 419      |
| misc/serial_timesteps | 1.72e+06 |
| misc/time_elapsed     | 360      |
| misc/total_timesteps  | 1.72e+06 |
| ratio_max             | 3.26     |
| ratio_min             | 0.52     |
| ret_avg               | -0.371   |
| ret_max               | 1.35     |
| ret_med               | -0.388   |
| ret_min               | -0.584   |
| ret_var               | 0.0122   |
------------------------------------
------------------------------------
| action_max            | 14       |
| action_min            | 0        |
| adv_avg               | -0.625   |
| adv_max               | 1.15     |
| adv_med               | -0.588   |
| adv_min               | -8.05    |
| adv_var               | 0.208    |
| clipfrac              | 0.15     |
| curr_lr               | 0.001    |
| entropy               | 1.5      |
| eplenmean             | 243      |
| eprewmean             | 0.59     |
| fps                   | 5.19e+03 |
| grad_norm             | 1.35     |
| kl                    | 0.0182   |
| loss_pi               | 0.00524  |
| loss_v                | 0.0439   |
| lr                    | 0.001    |
| misc/nupdates         | 429      |
| misc/serial_timesteps | 1.76e+06 |
| misc/time_elapsed     | 368      |
| misc/total_timesteps  | 1.76e+06 |
| ratio_max             | 2.51     |
| ratio_min             | 0.364    |
| ret_avg               | -0.0398  |
| ret_max               | 3.36     |
| ret_med               | -0.408   |
| ret_min               | -0.581   |
| ret_var               | 0.757    |
------------------------------------
------------------------------------
| action_max            | 14       |
| action_min            | 0        |
| adv_avg               | -0.497   |
| adv_max               | 17.8     |
| adv_med               | -0.581   |
| adv_min               | -1.85    |
| adv_var               | 0.798    |
| clipfrac              | 0.316    |
| curr_lr               | 0.001    |
| entropy               | 0.946    |
| eplenmean             | 241      |
| eprewmean             | 0.51     |
| fps                   | 5.6e+03  |
| grad_norm             | 4.61     |
| kl                    | 0.107    |
| loss_pi               | -0.0118  |
| loss_v                | 0.261    |
| lr                    | 0.001    |
| misc/nupdates         | 439      |
| misc/serial_timesteps | 1.8e+06  |
| misc/time_elapsed     | 376      |
| misc/total_timesteps  | 1.8e+06  |
| ratio_max             | 8.84     |
| ratio_min             | 0.101    |
| ret_avg               | -0.19    |
| ret_max               | 18.6     |
| ret_med               | -0.405   |
| ret_min               | -0.578   |
| ret_var               | 1.06     |
------------------------------------
------------------------------------
| action_max            | 14       |
| action_min            | 0        |
| adv_avg               | -0.58    |
| adv_max               | 1.43     |
| adv_med               | -0.574   |
| adv_min               | -3.66    |
| adv_var               | 0.116    |
| clipfrac              | 0.123    |
| curr_lr               | 0.001    |
| entropy               | 0.836    |
| eplenmean             | 561      |
| eprewmean             | 0.57     |
| fps                   | 5.45e+03 |
| grad_norm             | 1.52     |
| kl                    | 0.0132   |
| loss_pi               | -0.0177  |
| loss_v                | 0.058    |
| lr                    | 0.001    |
| misc/nupdates         | 449      |
| misc/serial_timesteps | 1.84e+06 |
| misc/time_elapsed     | 383      |
| misc/total_timesteps  | 1.84e+06 |
| ratio_max             | 1.88     |
| ratio_min             | 0.357    |
| ret_avg               | 0.381    |
| ret_max               | 5.9      |
| ret_med               | -0.49    |
| ret_min               | -0.573   |
| ret_var               | 2.76     |
------------------------------------
------------------------------------
| action_max            | 14       |
| action_min            | 0        |
| adv_avg               | -0.578   |
| adv_max               | 0.821    |
| adv_med               | -0.571   |
| adv_min               | -2.23    |
| adv_var               | 0.0246   |
| clipfrac              | 0.0977   |
| curr_lr               | 0.001    |
| entropy               | 1.07     |
| eplenmean             | 382      |
| eprewmean             | 0.38     |
| fps                   | 5.36e+03 |
| grad_norm             | 0.452    |
| kl                    | 0.012    |
| loss_pi               | -0.016   |
| loss_v                | 0.00484  |
| lr                    | 0.001    |
| misc/nupdates         | 459      |
| misc/serial_timesteps | 1.88e+06 |
| misc/time_elapsed     | 391      |
| misc/total_timesteps  | 1.88e+06 |
| ratio_max             | 2.1      |
| ratio_min             | 0.314    |
| ret_avg               | -0.392   |
| ret_max               | 1.59     |
| ret_med               | -0.478   |
| ret_min               | -0.569   |
| ret_var               | 0.107    |
------------------------------------
------------------------------------
| action_max            | 14       |
| action_min            | 0        |
| adv_avg               | -0.584   |
| adv_max               | 1.18     |
| adv_med               | -0.573   |
| adv_min               | -1.88    |
| adv_var               | 0.0191   |
| clipfrac              | 0.0762   |
| curr_lr               | 0.001    |
| entropy               | 0.734    |
| eplenmean             | 287      |
| eprewmean             | 0.17     |
| fps                   | 4.89e+03 |
| grad_norm             | 0.545    |
| kl                    | 0.00575  |
| loss_pi               | -0.0223  |
| loss_v                | 0.0101   |
| lr                    | 0.001    |
| misc/nupdates         | 469      |
| misc/serial_timesteps | 1.93e+06 |
| misc/time_elapsed     | 399      |
| misc/total_timesteps  | 1.93e+06 |
| ratio_max             | 2.09     |
| ratio_min             | 0.341    |
| ret_avg               | -0.245   |
| ret_max               | 1.41     |
| ret_med               | -0.438   |
| ret_min               | -0.567   |
| ret_var               | 0.183    |
------------------------------------
------------------------------------
| action_max            | 14       |
| action_min            | 0        |
| adv_avg               | -0.569   |
| adv_max               | -0.0702  |
| adv_med               | -0.566   |
| adv_min               | -1.27    |
| adv_var               | 0.00317  |
| clipfrac              | 0.0742   |
| curr_lr               | 0.001    |
| entropy               | 0.614    |
| eplenmean             | 542      |
| eprewmean             | 0.08     |
| fps                   | 4.89e+03 |
| grad_norm             | 0.427    |
| kl                    | 0.00908  |
| loss_pi               | -0.0223  |
| loss_v                | 0.00278  |
| lr                    | 0.001    |
| misc/nupdates         | 479      |
| misc/serial_timesteps | 1.97e+06 |
| misc/time_elapsed     | 408      |
| misc/total_timesteps  | 1.97e+06 |
| ratio_max             | 2.07     |
| ratio_min             | 0.282    |
| ret_avg               | -0.435   |
| ret_max               | 0.605    |
| ret_med               | -0.463   |
| ret_min               | -0.563   |
| ret_var               | 0.0167   |
------------------------------------
------------------------------------
| action_max            | 14       |
| action_min            | 0        |
| adv_avg               | -0.552   |
| adv_max               | 0.766    |
| adv_med               | -0.561   |
| adv_min               | -1.69    |
| adv_var               | 0.026    |
| clipfrac              | 0.102    |
| curr_lr               | 0.001    |
| entropy               | 0.571    |
| eplenmean             | 627      |
| eprewmean             | 0.24     |
| fps                   | 4.17e+03 |
| grad_norm             | 0.82     |
| kl                    | 0.00943  |
| loss_pi               | -0.0164  |
| loss_v                | 0.0103   |
| lr                    | 0.001    |
| misc/nupdates         | 489      |
| misc/serial_timesteps | 2.01e+06 |
| misc/time_elapsed     | 416      |
| misc/total_timesteps  | 2.01e+06 |
| ratio_max             | 1.67     |
| ratio_min             | 0.346    |
| ret_avg               | -0.258   |
| ret_max               | 2.86     |
| ret_med               | -0.499   |
| ret_min               | -0.56    |
| ret_var               | 0.289    |
------------------------------------
------------------------------------
| action_max            | 14       |
| action_min            | 0        |
| adv_avg               | -0.541   |
| adv_max               | 16.1     |
| adv_med               | -0.562   |
| adv_min               | -3.23    |
| adv_var               | 0.671    |
| clipfrac              | 0.234    |
| curr_lr               | 0.001    |
| entropy               | 0.776    |
| eplenmean             | 193      |
| eprewmean             | 0.39     |
| fps                   | 4.21e+03 |
| grad_norm             | 9.88     |
| kl                    | 0.0363   |
| loss_pi               | -0.011   |
| loss_v                | 1.03     |
| lr                    | 0.001    |
| misc/nupdates         | 499      |
| misc/serial_timesteps | 2.05e+06 |
| misc/time_elapsed     | 426      |
| misc/total_timesteps  | 2.05e+06 |
| ratio_max             | 16.4     |
| ratio_min             | 0.106    |
| ret_avg               | 0.395    |
| ret_max               | 19       |
| ret_med               | -0.523   |
| ret_min               | -0.56    |
| ret_var               | 1.76     |
------------------------------------
------------------------------------
| action_max            | 14       |
| action_min            | 0        |
| adv_avg               | -0.568   |
| adv_max               | 0.542    |
| adv_med               | -0.565   |
| adv_min               | -2.88    |
| adv_var               | 0.0331   |
| clipfrac              | 0.109    |
| curr_lr               | 0.001    |
| entropy               | 0.7      |
| eplenmean             | 272      |
| eprewmean             | 0.46     |
| fps                   | 4.49e+03 |
| grad_norm             | 1.26     |
| kl                    | 0.0166   |
| loss_pi               | -0.0275  |
| loss_v                | 0.0182   |
| lr                    | 0.001    |
| misc/nupdates         | 509      |
| misc/serial_timesteps | 2.09e+06 |
| misc/time_elapsed     | 435      |
| misc/total_timesteps  | 2.09e+06 |
| ratio_max             | 3.94     |
| ratio_min             | 0.237    |
| ret_avg               | 0.028    |
| ret_max               | 2.23     |
| ret_med               | -0.52    |
| ret_min               | -0.564   |
| ret_var               | 0.733    |
------------------------------------
------------------------------------
| action_max            | 14       |
| action_min            | 0        |
| adv_avg               | -0.566   |
| adv_max               | 0.0914   |
| adv_med               | -0.563   |
| adv_min               | -1.09    |
| adv_var               | 0.0059   |
| clipfrac              | 0.117    |
| curr_lr               | 0.001    |
| entropy               | 0.575    |
| eplenmean             | 387      |
| eprewmean             | 0.68     |
| fps                   | 4.73e+03 |
| grad_norm             | 0.77     |
| kl                    | 0.0116   |
| loss_pi               | -0.0223  |
| loss_v                | 0.00302  |
| lr                    | 0.001    |
| misc/nupdates         | 519      |
| misc/serial_timesteps | 2.13e+06 |
| misc/time_elapsed     | 443      |
| misc/total_timesteps  | 2.13e+06 |
| ratio_max             | 2.13     |
| ratio_min             | 0.372    |
| ret_avg               | -0.262   |
| ret_max               | 1.22     |
| ret_med               | -0.555   |
| ret_min               | -0.58    |
| ret_var               | 0.363    |
------------------------------------
------------------------------------
| action_max            | 14       |
| action_min            | 0        |
| adv_avg               | -0.559   |
| adv_max               | 1.21     |
| adv_med               | -0.561   |
| adv_min               | -1.54    |
| adv_var               | 0.0116   |
| clipfrac              | 0.0957   |
| curr_lr               | 0.001    |
| entropy               | 0.569    |
| eplenmean             | 464      |
| eprewmean             | 0.41     |
| fps                   | 4.76e+03 |
| grad_norm             | 0.519    |
| kl                    | 0.013    |
| loss_pi               | -0.0242  |
| loss_v                | 0.0037   |
| lr                    | 0.001    |
| misc/nupdates         | 529      |
| misc/serial_timesteps | 2.17e+06 |
| misc/time_elapsed     | 452      |
| misc/total_timesteps  | 2.17e+06 |
| ratio_max             | 2.4      |
| ratio_min             | 0.239    |
| ret_avg               | -0.444   |
| ret_max               | 1.81     |
| ret_med               | -0.56    |
| ret_min               | -0.626   |
| ret_var               | 0.152    |
------------------------------------
------------------------------------
| action_max            | 14       |
| action_min            | 0        |
| adv_avg               | -0.434   |
| adv_max               | 18.8     |
| adv_med               | -0.554   |
| adv_min               | -1.07    |
| adv_var               | 0.922    |
| clipfrac              | 0.211    |
| curr_lr               | 0.001    |
| entropy               | 1.31     |
| eplenmean             | 456      |
| eprewmean             | 0.22     |
| fps                   | 4.54e+03 |
| grad_norm             | 2.25     |
| kl                    | 0.0238   |
| loss_pi               | -0.00775 |
| loss_v                | 0.368    |
| lr                    | 0.001    |
| misc/nupdates         | 539      |
| misc/serial_timesteps | 2.21e+06 |
| misc/time_elapsed     | 461      |
| misc/total_timesteps  | 2.21e+06 |
| ratio_max             | 2.89     |
| ratio_min             | 0.242    |
| ret_avg               | -0.264   |
| ret_max               | 19.1     |
| ret_med               | -0.508   |
| ret_min               | -0.552   |
| ret_var               | 1.07     |
------------------------------------
------------------------------------
| action_max            | 14       |
| action_min            | 0        |
| adv_avg               | -0.526   |
| adv_max               | 1.24     |
| adv_med               | -0.555   |
| adv_min               | -1.97    |
| adv_var               | 0.0389   |
| clipfrac              | 0.145    |
| curr_lr               | 0.001    |
| entropy               | 1.51     |
| eplenmean             | 225      |
| eprewmean             | 0.2      |
| fps                   | 4.98e+03 |
| grad_norm             | 0.512    |
| kl                    | 0.016    |
| loss_pi               | -0.0152  |
| loss_v                | 0.0275   |
| lr                    | 0.001    |
| misc/nupdates         | 549      |
| misc/serial_timesteps | 2.25e+06 |
| misc/time_elapsed     | 469      |
| misc/total_timesteps  | 2.25e+06 |
| ratio_max             | 4.19     |
| ratio_min             | 0.29     |
| ret_avg               | -0.203   |
| ret_max               | 2.84     |
| ret_med               | -0.506   |
| ret_min               | -0.55    |
| ret_var               | 0.546    |
------------------------------------
------------------------------------
| action_max            | 14       |
| action_min            | 0        |
| adv_avg               | -0.559   |
| adv_max               | 1.25     |
| adv_med               | -0.556   |
| adv_min               | -2.12    |
| adv_var               | 0.0359   |
| clipfrac              | 0.152    |
| curr_lr               | 0.001    |
| entropy               | 1.58     |
| eplenmean             | 134      |
| eprewmean             | 0.19     |
| fps                   | 5.06e+03 |
| grad_norm             | 0.783    |
| kl                    | 0.0189   |
| loss_pi               | -0.0118  |
| loss_v                | 0.0269   |
| lr                    | 0.001    |
| misc/nupdates         | 559      |
| misc/serial_timesteps | 2.29e+06 |
| misc/time_elapsed     | 478      |
| misc/total_timesteps  | 2.29e+06 |
| ratio_max             | 2.48     |
| ratio_min             | 0.307    |
| ret_avg               | -0.027   |
| ret_max               | 1.43     |
| ret_med               | -0.395   |
| ret_min               | -0.559   |
| ret_var               | 0.405    |
------------------------------------
------------------------------------
| action_max            | 14       |
| action_min            | 0        |
| adv_avg               | -0.552   |
| adv_max               | 0.951    |
| adv_med               | -0.557   |
| adv_min               | -1.56    |
| adv_var               | 0.0221   |
| clipfrac              | 0.186    |
| curr_lr               | 0.001    |
| entropy               | 1.2      |
| eplenmean             | 274      |
| eprewmean             | 0.18     |
| fps                   | 5.02e+03 |
| grad_norm             | 0.839    |
| kl                    | 0.0175   |
| loss_pi               | -0.0315  |
| loss_v                | 0.0192   |
| lr                    | 0.001    |
| misc/nupdates         | 569      |
| misc/serial_timesteps | 2.33e+06 |
| misc/time_elapsed     | 486      |
| misc/total_timesteps  | 2.33e+06 |
| ratio_max             | 2.63     |
| ratio_min             | 0.251    |
| ret_avg               | -0.0435  |
| ret_max               | 2.11     |
| ret_med               | -0.433   |
| ret_min               | -0.553   |
| ret_var               | 0.331    |
------------------------------------
------------------------------------
| action_max            | 14       |
| action_min            | 0        |
| adv_avg               | -0.554   |
| adv_max               | 1.23     |
| adv_med               | -0.547   |
| adv_min               | -3.11    |
| adv_var               | 0.0698   |
| clipfrac              | 0.18     |
| curr_lr               | 0.001    |
| entropy               | 0.986    |
| eplenmean             | 166      |
| eprewmean             | 0.41     |
| fps                   | 5.09e+03 |
| grad_norm             | 1.87     |
| kl                    | 0.0191   |
| loss_pi               | -0.0393  |
| loss_v                | 0.0437   |
| lr                    | 0.001    |
| misc/nupdates         | 579      |
| misc/serial_timesteps | 2.38e+06 |
| misc/time_elapsed     | 494      |
| misc/total_timesteps  | 2.38e+06 |
| ratio_max             | 2.27     |
| ratio_min             | 0.124    |
| ret_avg               | 0.277    |
| ret_max               | 2.5      |
| ret_med               | -0.264   |
| ret_min               | -0.556   |
| ret_var               | 0.628    |
------------------------------------
------------------------------------
| action_max            | 14       |
| action_min            | 0        |
| adv_avg               | -0.567   |
| adv_max               | 1.25     |
| adv_med               | -0.568   |
| adv_min               | -1.97    |
| adv_var               | 0.0292   |
| clipfrac              | 0.176    |
| curr_lr               | 0.001    |
| entropy               | 0.784    |
| eplenmean             | 173      |
| eprewmean             | 0.25     |
| fps                   | 5.08e+03 |
| grad_norm             | 2.44     |
| kl                    | 0.0172   |
| loss_pi               | -0.0284  |
| loss_v                | 0.0224   |
| lr                    | 0.001    |
| misc/nupdates         | 589      |
| misc/serial_timesteps | 2.42e+06 |
| misc/time_elapsed     | 502      |
| misc/total_timesteps  | 2.42e+06 |
| ratio_max             | 2.41     |
| ratio_min             | 0.469    |
| ret_avg               | 0.181    |
| ret_max               | 2.6      |
| ret_med               | -0.329   |
| ret_min               | -0.56    |
| ret_var               | 0.545    |
------------------------------------
------------------------------------
| action_max            | 14       |
| action_min            | 0        |
| adv_avg               | -0.494   |
| adv_max               | 19.1     |
| adv_med               | -0.577   |
| adv_min               | -1.14    |
| adv_var               | 0.952    |
| clipfrac              | 0.32     |
| curr_lr               | 0.001    |
| entropy               | 0.59     |
| eplenmean             | 356      |
| eprewmean             | 0.36     |
| fps                   | 5.45e+03 |
| grad_norm             | 7.49     |
| kl                    | 0.112    |
| loss_pi               | 0.0125   |
| loss_v                | 0.224    |
| lr                    | 0.001    |
| misc/nupdates         | 599      |
| misc/serial_timesteps | 2.46e+06 |
| misc/time_elapsed     | 510      |
| misc/total_timesteps  | 2.46e+06 |
| ratio_max             | 9.55     |
| ratio_min             | 0.0285   |
| ret_avg               | 0.369    |
| ret_max               | 19.5     |
| ret_med               | 0.708    |
| ret_min               | -0.567   |
| ret_var               | 1.27     |
------------------------------------
------------------------------------
| action_max            | 14       |
| action_min            | 0        |
| adv_avg               | -0.611   |
| adv_max               | 0.99     |
| adv_med               | -0.577   |
| adv_min               | -4.38    |
| adv_var               | 0.127    |
| clipfrac              | 0.203    |
| curr_lr               | 0.001    |
| entropy               | 0.707    |
| eplenmean             | 259      |
| eprewmean             | 0.62     |
| fps                   | 4.94e+03 |
| grad_norm             | 3.4      |
| kl                    | 0.0287   |
| loss_pi               | -0.0118  |
| loss_v                | 0.0491   |
| lr                    | 0.001    |
| misc/nupdates         | 609      |
| misc/serial_timesteps | 2.5e+06  |
| misc/time_elapsed     | 518      |
| misc/total_timesteps  | 2.5e+06  |
| ratio_max             | 4.14     |
| ratio_min             | 0.123    |
| ret_avg               | 0.211    |
| ret_max               | 3.32     |
| ret_med               | -0.462   |
| ret_min               | -0.571   |
| ret_var               | 1.3      |
------------------------------------
------------------------------------
| action_max            | 14       |
| action_min            | 0        |
| adv_avg               | -0.592   |
| adv_max               | 1.22     |
| adv_med               | -0.581   |
| adv_min               | -3.03    |
| adv_var               | 0.0591   |
| clipfrac              | 0.225    |
| curr_lr               | 0.001    |
| entropy               | 0.817    |
| eplenmean             | 142      |
| eprewmean             | 0.21     |
| fps                   | 4.98e+03 |
| grad_norm             | 0.977    |
| kl                    | 0.0272   |
| loss_pi               | -0.0261  |
| loss_v                | 0.0354   |
| lr                    | 0.001    |
| misc/nupdates         | 619      |
| misc/serial_timesteps | 2.54e+06 |
| misc/time_elapsed     | 526      |
| misc/total_timesteps  | 2.54e+06 |
| ratio_max             | 2.1      |
| ratio_min             | 0.238    |
| ret_avg               | 0.185    |
| ret_max               | 3.35     |
| ret_med               | -0.304   |
| ret_min               | -0.639   |
| ret_var               | 0.996    |
------------------------------------
------------------------------------
| action_max            | 14       |
| action_min            | 0        |
| adv_avg               | -0.572   |
| adv_max               | 1.23     |
| adv_med               | -0.574   |
| adv_min               | -2.24    |
| adv_var               | 0.0436   |
| clipfrac              | 0.205    |
| curr_lr               | 0.001    |
| entropy               | 0.483    |
| eplenmean             | 198      |
| eprewmean             | 0.44     |
| fps                   | 5.11e+03 |
| grad_norm             | 0.703    |
| kl                    | 0.0433   |
| loss_pi               | -0.0351  |
| loss_v                | 0.0276   |
| lr                    | 0.001    |
| misc/nupdates         | 629      |
| misc/serial_timesteps | 2.58e+06 |
| misc/time_elapsed     | 534      |
| misc/total_timesteps  | 2.58e+06 |
| ratio_max             | 4.37     |
| ratio_min             | 0.13     |
| ret_avg               | -0.0481  |
| ret_max               | 2.55     |
| ret_med               | -0.112   |
| ret_min               | -0.725   |
| ret_var               | 0.341    |
------------------------------------
------------------------------------
| action_max            | 14       |
| action_min            | 0        |
| adv_avg               | -0.611   |
| adv_max               | 0.868    |
| adv_med               | -0.591   |
| adv_min               | -3.18    |
| adv_var               | 0.127    |
| clipfrac              | 0.264    |
| curr_lr               | 0.001    |
| entropy               | 0.692    |
| eplenmean             | 133      |
| eprewmean             | 0.38     |
| fps                   | 4.95e+03 |
| grad_norm             | 2.28     |
| kl                    | 0.0444   |
| loss_pi               | -0.0291  |
| loss_v                | 0.0847   |
| lr                    | 0.001    |
| misc/nupdates         | 639      |
| misc/serial_timesteps | 2.62e+06 |
| misc/time_elapsed     | 542      |
| misc/total_timesteps  | 2.62e+06 |
| ratio_max             | 3.32     |
| ratio_min             | 0.145    |
| ret_avg               | 0.83     |
| ret_max               | 3.66     |
| ret_med               | 0.851    |
| ret_min               | -0.664   |
| ret_var               | 0.972    |
------------------------------------
------------------------------------
| action_max            | 14       |
| action_min            | 1        |
| adv_avg               | -0.432   |
| adv_max               | 13.2     |
| adv_med               | -0.536   |
| adv_min               | -5.59    |
| adv_var               | 1.26     |
| clipfrac              | 0.312    |
| curr_lr               | 0.001    |
| entropy               | 0.743    |
| eplenmean             | 171      |
| eprewmean             | 1.32     |
| fps                   | 4.9e+03  |
| grad_norm             | 8.62     |
| kl                    | 0.0484   |
| loss_pi               | -0.00172 |
| loss_v                | 0.854    |
| lr                    | 0.001    |
| misc/nupdates         | 649      |
| misc/serial_timesteps | 2.66e+06 |
| misc/time_elapsed     | 550      |
| misc/total_timesteps  | 2.66e+06 |
| ratio_max             | 7.9      |
| ratio_min             | 0.0977   |
| ret_avg               | 1.49     |
| ret_max               | 18.4     |
| ret_med               | 0.33     |
| ret_min               | -0.749   |
| ret_var               | 4.71     |
------------------------------------
------------------------------------
| action_max            | 14       |
| action_min            | 0        |
| adv_avg               | -0.412   |
| adv_max               | 17.3     |
| adv_med               | -0.583   |
| adv_min               | -5.36    |
| adv_var               | 1.58     |
| clipfrac              | 0.352    |
| curr_lr               | 0.001    |
| entropy               | 0.726    |
| eplenmean             | 137      |
| eprewmean             | 0.6      |
| fps                   | 5.05e+03 |
| grad_norm             | 5.82     |
| kl                    | 0.114    |
| loss_pi               | 0.00361  |
| loss_v                | 0.745    |
| lr                    | 0.001    |
| misc/nupdates         | 659      |
| misc/serial_timesteps | 2.7e+06  |
| misc/time_elapsed     | 559      |
| misc/total_timesteps  | 2.7e+06  |
| ratio_max             | 4.44     |
| ratio_min             | 0.00551  |
| ret_avg               | 0.844    |
| ret_max               | 17.8     |
| ret_med               | -0.155   |
| ret_min               | -0.675   |
| ret_var               | 4.82     |
------------------------------------
------------------------------------
| action_max            | 14       |
| action_min            | 1        |
| adv_avg               | -0.634   |
| adv_max               | 1.6      |
| adv_med               | -0.559   |
| adv_min               | -10.7    |
| adv_var               | 0.415    |
| clipfrac              | 0.25     |
| curr_lr               | 0.001    |
| entropy               | 0.63     |
| eplenmean             | 159      |
| eprewmean             | 0.95     |
| fps                   | 4.83e+03 |
| grad_norm             | 7.62     |
| kl                    | 0.0575   |
| loss_pi               | -0.0163  |
| loss_v                | 0.121    |
| lr                    | 0.001    |
| misc/nupdates         | 669      |
| misc/serial_timesteps | 2.74e+06 |
| misc/time_elapsed     | 567      |
| misc/total_timesteps  | 2.74e+06 |
| ratio_max             | 3.44     |
| ratio_min             | 0.0876   |
| ret_avg               | 0.33     |
| ret_max               | 8.02     |
| ret_med               | -0.334   |
| ret_min               | -0.603   |
| ret_var               | 2.84     |
------------------------------------
------------------------------------
| action_max            | 14       |
| action_min            | 0        |
| adv_avg               | -0.478   |
| adv_max               | 15.5     |
| adv_med               | -0.553   |
| adv_min               | -5.19    |
| adv_var               | 1.13     |
| clipfrac              | 0.25     |
| curr_lr               | 0.001    |
| entropy               | 0.442    |
| eplenmean             | 190      |
| eprewmean             | 1.1      |
| fps                   | 5.25e+03 |
| grad_norm             | 4.99     |
| kl                    | 0.0718   |
| loss_pi               | 0.0147   |
| loss_v                | 0.273    |
| lr                    | 0.001    |
| misc/nupdates         | 679      |
| misc/serial_timesteps | 2.79e+06 |
| misc/time_elapsed     | 575      |
| misc/total_timesteps  | 2.79e+06 |
| ratio_max             | 4.46     |
| ratio_min             | 0.0623   |
| ret_avg               | 1.07     |
| ret_max               | 16       |
| ret_med               | 0.0534   |
| ret_min               | -0.688   |
| ret_var               | 3.42     |
------------------------------------
------------------------------------
| action_max            | 14       |
| action_min            | 1        |
| adv_avg               | -0.318   |
| adv_max               | 10.6     |
| adv_med               | -0.465   |
| adv_min               | -11.7    |
| adv_var               | 1.54     |
| clipfrac              | 0.25     |
| curr_lr               | 0.001    |
| entropy               | 0.448    |
| eplenmean             | 264      |
| eprewmean             | 1.58     |
| fps                   | 4.9e+03  |
| grad_norm             | 23       |
| kl                    | 0.0743   |
| loss_pi               | -0.00629 |
| loss_v                | 0.642    |
| lr                    | 0.001    |
| misc/nupdates         | 689      |
| misc/serial_timesteps | 2.83e+06 |
| misc/time_elapsed     | 583      |
| misc/total_timesteps  | 2.83e+06 |
| ratio_max             | 7.23     |
| ratio_min             | 0.0524   |
| ret_avg               | 1.54     |
| ret_max               | 16.3     |
| ret_med               | 0.884    |
| ret_min               | -1.17    |
| ret_var               | 10.1     |
------------------------------------
------------------------------------
| action_max            | 14       |
| action_min            | 0        |
| adv_avg               | -0.576   |
| adv_max               | 13       |
| adv_med               | -0.562   |
| adv_min               | -4.54    |
| adv_var               | 0.525    |
| clipfrac              | 0.301    |
| curr_lr               | 0.001    |
| entropy               | 0.698    |
| eplenmean             | 157      |
| eprewmean             | 0.59     |
| fps                   | 4.92e+03 |
| grad_norm             | 9.02     |
| kl                    | 0.0532   |
| loss_pi               | 0.0071   |
| loss_v                | 0.0987   |
| lr                    | 0.001    |
| misc/nupdates         | 699      |
| misc/serial_timesteps | 2.87e+06 |
| misc/time_elapsed     | 591      |
| misc/total_timesteps  | 2.87e+06 |
| ratio_max             | 5.25     |
| ratio_min             | 0.197    |
| ret_avg               | 0.871    |
| ret_max               | 15.2     |
| ret_med               | 0.626    |
| ret_min               | -0.908   |
| ret_var               | 2.54     |
------------------------------------
------------------------------------
| action_max            | 14       |
| action_min            | 0        |
| adv_avg               | -0.556   |
| adv_max               | 0.576    |
| adv_med               | -0.548   |
| adv_min               | -1.5     |
| adv_var               | 0.0382   |
| clipfrac              | 0.291    |
| curr_lr               | 0.001    |
| entropy               | 0.783    |
| eplenmean             | 113      |
| eprewmean             | 0.09     |
| fps                   | 4.78e+03 |
| grad_norm             | 1.54     |
| kl                    | 0.0475   |
| loss_pi               | -0.0291  |
| loss_v                | 0.0184   |
| lr                    | 0.001    |
| misc/nupdates         | 709      |
| misc/serial_timesteps | 2.91e+06 |
| misc/time_elapsed     | 599      |
| misc/total_timesteps  | 2.91e+06 |
| ratio_max             | 3        |
| ratio_min             | 0.12     |
| ret_avg               | 0.006    |
| ret_max               | 2.23     |
| ret_med               | -0.489   |
| ret_min               | -0.65    |
| ret_var               | 0.665    |
------------------------------------
------------------------------------
| action_max            | 14       |
| action_min            | 1        |
| adv_avg               | -0.576   |
| adv_max               | 0.856    |
| adv_med               | -0.577   |
| adv_min               | -1.36    |
| adv_var               | 0.0279   |
| clipfrac              | 0.254    |
| curr_lr               | 0.001    |
| entropy               | 0.9      |
| eplenmean             | 92.3     |
| eprewmean             | 0.17     |
| fps                   | 4.99e+03 |
| grad_norm             | 1.1      |
| kl                    | 0.0344   |
| loss_pi               | -0.0411  |
| loss_v                | 0.0155   |
| lr                    | 0.001    |
| misc/nupdates         | 719      |
| misc/serial_timesteps | 2.95e+06 |
| misc/time_elapsed     | 608      |
| misc/total_timesteps  | 2.95e+06 |
| ratio_max             | 3.57     |
| ratio_min             | 0.329    |
| ret_avg               | -0.0497  |
| ret_max               | 1.3      |
| ret_med               | -0.265   |
| ret_min               | -0.592   |
| ret_var               | 0.275    |
------------------------------------
------------------------------------
| action_max            | 14       |
| action_min            | 0        |
| adv_avg               | -0.545   |
| adv_max               | 1.07     |
| adv_med               | -0.554   |
| adv_min               | -1.39    |
| adv_var               | 0.0234   |
| clipfrac              | 0.287    |
| curr_lr               | 0.001    |
| entropy               | 0.952    |
| eplenmean             | 88.9     |
| eprewmean             | 0.12     |
| fps                   | 5.08e+03 |
| grad_norm             | 0.84     |
| kl                    | 0.0319   |
| loss_pi               | -0.0342  |
| loss_v                | 0.0155   |
| lr                    | 0.001    |
| misc/nupdates         | 729      |
| misc/serial_timesteps | 2.99e+06 |
| misc/time_elapsed     | 616      |
| misc/total_timesteps  | 2.99e+06 |
| ratio_max             | 3        |
| ratio_min             | 0.375    |
| ret_avg               | -0.105   |
| ret_max               | 1.65     |
| ret_med               | -0.213   |
| ret_min               | -0.606   |
| ret_var               | 0.237    |
------------------------------------
------------------------------------
| action_max            | 14       |
| action_min            | 0        |
| adv_avg               | -0.562   |
| adv_max               | 0.867    |
| adv_med               | -0.56    |
| adv_min               | -2.94    |
| adv_var               | 0.0342   |
| clipfrac              | 0.252    |
| curr_lr               | 0.001    |
| entropy               | 1.01     |
| eplenmean             | 157      |
| eprewmean             | 0.22     |
| fps                   | 5.11e+03 |
| grad_norm             | 1.92     |
| kl                    | 0.0264   |
| loss_pi               | -0.0406  |
| loss_v                | 0.0289   |
| lr                    | 0.001    |
| misc/nupdates         | 739      |
| misc/serial_timesteps | 3.03e+06 |
| misc/time_elapsed     | 624      |
| misc/total_timesteps  | 3.03e+06 |
| ratio_max             | 2.75     |
| ratio_min             | 0.215    |
| ret_avg               | 0.352    |
| ret_max               | 2.45     |
| ret_med               | -0.147   |
| ret_min               | -0.604   |
| ret_var               | 0.878    |
------------------------------------
------------------------------------
| action_max            | 14       |
| action_min            | 0        |
| adv_avg               | -0.587   |
| adv_max               | 0.994    |
| adv_med               | -0.555   |
| adv_min               | -4.65    |
| adv_var               | 0.186    |
| clipfrac              | 0.227    |
| curr_lr               | 0.001    |
| entropy               | 0.948    |
| eplenmean             | 127      |
| eprewmean             | 0.34     |
| fps                   | 5.17e+03 |
| grad_norm             | 3.4      |
| kl                    | 0.0249   |
| loss_pi               | -0.022   |
| loss_v                | 0.0823   |
| lr                    | 0.001    |
| misc/nupdates         | 749      |
| misc/serial_timesteps | 3.07e+06 |
| misc/time_elapsed     | 632      |
| misc/total_timesteps  | 3.07e+06 |
| ratio_max             | 5.05     |
| ratio_min             | 0.466    |
| ret_avg               | 1.33     |
| ret_max               | 4.73     |
| ret_med               | 0.983    |
| ret_min               | -0.771   |
| ret_var               | 2.59     |
------------------------------------
------------------------------------
| action_max            | 14       |
| action_min            | 0        |
| adv_avg               | -0.586   |
| adv_max               | 9.53     |
| adv_med               | -0.566   |
| adv_min               | -5.74    |
| adv_var               | 0.64     |
| clipfrac              | 0.381    |
| curr_lr               | 0.001    |
| entropy               | 0.922    |
| eplenmean             | 152      |
| eprewmean             | 0.97     |
| fps                   | 5.2e+03  |
| grad_norm             | 3.26     |
| kl                    | 0.0632   |
| loss_pi               | -0.0117  |
| loss_v                | 0.441    |
| lr                    | 0.001    |
| misc/nupdates         | 759      |
| misc/serial_timesteps | 3.11e+06 |
| misc/time_elapsed     | 640      |
| misc/total_timesteps  | 3.11e+06 |
| ratio_max             | 2.72     |
| ratio_min             | 0.101    |
| ret_avg               | 1.38     |
| ret_max               | 14.6     |
| ret_med               | 0.652    |
| ret_min               | -0.635   |
| ret_var               | 3.41     |
------------------------------------
------------------------------------
| action_max            | 14       |
| action_min            | 0        |
| adv_avg               | -0.486   |
| adv_max               | 9.8      |
| adv_med               | -0.577   |
| adv_min               | -4.05    |
| adv_var               | 0.583    |
| clipfrac              | 0.314    |
| curr_lr               | 0.001    |
| entropy               | 1.13     |
| eplenmean             | 161      |
| eprewmean             | 0.74     |
| fps                   | 5.23e+03 |
| grad_norm             | 8.79     |
| kl                    | 0.0472   |
| loss_pi               | -0.00917 |
| loss_v                | 0.551    |
| lr                    | 0.001    |
| misc/nupdates         | 769      |
| misc/serial_timesteps | 3.15e+06 |
| misc/time_elapsed     | 648      |
| misc/total_timesteps  | 3.15e+06 |
| ratio_max             | 3.76     |
| ratio_min             | 0.261    |
| ret_avg               | 1.06     |
| ret_max               | 14.1     |
| ret_med               | 0.753    |
| ret_min               | -0.574   |
| ret_var               | 2.9      |
------------------------------------
------------------------------------
| action_max            | 14       |
| action_min            | 0        |
| adv_avg               | -0.637   |
| adv_max               | 1.21     |
| adv_med               | -0.567   |
| adv_min               | -4.03    |
| adv_var               | 0.168    |
| clipfrac              | 0.256    |
| curr_lr               | 0.001    |
| entropy               | 0.891    |
| eplenmean             | 115      |
| eprewmean             | 0.23     |
| fps                   | 4.67e+03 |
| grad_norm             | 2.12     |
| kl                    | 0.0448   |
| loss_pi               | -0.00835 |
| loss_v                | 0.0656   |
| lr                    | 0.001    |
| misc/nupdates         | 779      |
| misc/serial_timesteps | 3.19e+06 |
| misc/time_elapsed     | 657      |
| misc/total_timesteps  | 3.19e+06 |
| ratio_max             | 2.09     |
| ratio_min             | 0.128    |
| ret_avg               | 0.817    |
| ret_max               | 5.64     |
| ret_med               | 0.371    |
| ret_min               | -0.707   |
| ret_var               | 3.09     |
------------------------------------
------------------------------------
| action_max            | 14       |
| action_min            | 0        |
| adv_avg               | -0.54    |
| adv_max               | 12.4     |
| adv_med               | -0.581   |
| adv_min               | -5.31    |
| adv_var               | 0.565    |
| clipfrac              | 0.357    |
| curr_lr               | 0.001    |
| entropy               | 0.853    |
| eplenmean             | 155      |
| eprewmean             | 0.81     |
| fps                   | 4.72e+03 |
| grad_norm             | 3.85     |
| kl                    | 0.0823   |
| loss_pi               | -0.0112  |
| loss_v                | 0.381    |
| lr                    | 0.001    |
| misc/nupdates         | 789      |
| misc/serial_timesteps | 3.24e+06 |
| misc/time_elapsed     | 665      |
| misc/total_timesteps  | 3.24e+06 |
| ratio_max             | 3.44     |
| ratio_min             | 0.0244   |
| ret_avg               | 0.699    |
| ret_max               | 13.7     |
| ret_med               | 0.516    |
| ret_min               | -0.605   |
| ret_var               | 1.31     |
------------------------------------
------------------------------------
| action_max            | 14       |
| action_min            | 0        |
| adv_avg               | -0.62    |
| adv_max               | 0.94     |
| adv_med               | -0.606   |
| adv_min               | -2.65    |
| adv_var               | 0.0757   |
| clipfrac              | 0.383    |
| curr_lr               | 0.001    |
| entropy               | 0.985    |
| eplenmean             | 130      |
| eprewmean             | 0.17     |
| fps                   | 4.58e+03 |
| grad_norm             | 1.8      |
| kl                    | 0.0556   |
| loss_pi               | -0.0471  |
| loss_v                | 0.0542   |
| lr                    | 0.001    |
| misc/nupdates         | 799      |
| misc/serial_timesteps | 3.28e+06 |
| misc/time_elapsed     | 674      |
| misc/total_timesteps  | 3.28e+06 |
| ratio_max             | 4.42     |
| ratio_min             | 0.128    |
| ret_avg               | 0.786    |
| ret_max               | 2.43     |
| ret_med               | 1.1      |
| ret_min               | -0.618   |
| ret_var               | 0.787    |
------------------------------------
------------------------------------
| action_max            | 14       |
| action_min            | 0        |
| adv_avg               | -0.61    |
| adv_max               | 1.78     |
| adv_med               | -0.573   |
| adv_min               | -5.24    |
| adv_var               | 0.265    |
| clipfrac              | 0.314    |
| curr_lr               | 0.001    |
| entropy               | 0.782    |
| eplenmean             | 124      |
| eprewmean             | 0.6      |
| fps                   | 4.33e+03 |
| grad_norm             | 2.32     |
| kl                    | 0.0544   |
| loss_pi               | -0.0368  |
| loss_v                | 0.0967   |
| lr                    | 0.001    |
| misc/nupdates         | 809      |
| misc/serial_timesteps | 3.32e+06 |
| misc/time_elapsed     | 684      |
| misc/total_timesteps  | 3.32e+06 |
| ratio_max             | 2.84     |
| ratio_min             | 0.00471  |
| ret_avg               | 1.14     |
| ret_max               | 5.74     |
| ret_med               | 0.159    |
| ret_min               | -0.695   |
| ret_var               | 3.59     |
------------------------------------
------------------------------------
| action_max            | 14       |
| action_min            | 0        |
| adv_avg               | -0.573   |
| adv_max               | 1.2      |
| adv_med               | -0.569   |
| adv_min               | -3.05    |
| adv_var               | 0.121    |
| clipfrac              | 0.301    |
| curr_lr               | 0.001    |
| entropy               | 1.07     |
| eplenmean             | 147      |
| eprewmean             | 1.07     |
| fps                   | 4.4e+03  |
| grad_norm             | 1.65     |
| kl                    | 0.0359   |
| loss_pi               | -0.0335  |
| loss_v                | 0.0456   |
| lr                    | 0.001    |
| misc/nupdates         | 819      |
| misc/serial_timesteps | 3.36e+06 |
| misc/time_elapsed     | 693      |
| misc/total_timesteps  | 3.36e+06 |
| ratio_max             | 4.2      |
| ratio_min             | 0.117    |
| ret_avg               | 0.911    |
| ret_max               | 5.25     |
| ret_med               | 0.328    |
| ret_min               | -0.705   |
| ret_var               | 2.68     |
------------------------------------
------------------------------------
| action_max            | 14       |
| action_min            | 0        |
| adv_avg               | -0.547   |
| adv_max               | 7.33     |
| adv_med               | -0.578   |
| adv_min               | -4.35    |
| adv_var               | 0.495    |
| clipfrac              | 0.375    |
| curr_lr               | 0.001    |
| entropy               | 1.01     |
| eplenmean             | 136      |
| eprewmean             | 0.78     |
| fps                   | 4.58e+03 |
| grad_norm             | 13.8     |
| kl                    | 0.0636   |
| loss_pi               | -0.0216  |
| loss_v                | 0.741    |
| lr                    | 0.001    |
| misc/nupdates         | 829      |
| misc/serial_timesteps | 3.4e+06  |
| misc/time_elapsed     | 702      |
| misc/total_timesteps  | 3.4e+06  |
| ratio_max             | 5.9      |
| ratio_min             | 0.157    |
| ret_avg               | 1.69     |
| ret_max               | 12.6     |
| ret_med               | 1.09     |
| ret_min               | -0.694   |
| ret_var               | 3.89     |
------------------------------------
------------------------------------
| action_max            | 14       |
| action_min            | 0        |
| adv_avg               | -0.641   |
| adv_max               | 0.726    |
| adv_med               | -0.604   |
| adv_min               | -3.6     |
| adv_var               | 0.142    |
| clipfrac              | 0.307    |
| curr_lr               | 0.001    |
| entropy               | 0.832    |
| eplenmean             | 148      |
| eprewmean             | 0.45     |
| fps                   | 4.72e+03 |
| grad_norm             | 1.92     |
| kl                    | 0.0397   |
| loss_pi               | -0.0383  |
| loss_v                | 0.112    |
| lr                    | 0.001    |
| misc/nupdates         | 839      |
| misc/serial_timesteps | 3.44e+06 |
| misc/time_elapsed     | 711      |
| misc/total_timesteps  | 3.44e+06 |
| ratio_max             | 3.88     |
| ratio_min             | 0.217    |
| ret_avg               | 1.92     |
| ret_max               | 5.09     |
| ret_med               | 1.34     |
| ret_min               | -0.701   |
| ret_var               | 4.25     |
------------------------------------
------------------------------------
| action_max            | 14       |
| action_min            | 0        |
| adv_avg               | -0.558   |
| adv_max               | 7.49     |
| adv_med               | -0.593   |
| adv_min               | -4.98    |
| adv_var               | 0.468    |
| clipfrac              | 0.404    |
| curr_lr               | 0.001    |
| entropy               | 0.992    |
| eplenmean             | 179      |
| eprewmean             | 0.97     |
| fps                   | 4.85e+03 |
| grad_norm             | 3.28     |
| kl                    | 0.0799   |
| loss_pi               | -0.0145  |
| loss_v                | 0.235    |
| lr                    | 0.001    |
| misc/nupdates         | 849      |
| misc/serial_timesteps | 3.48e+06 |
| misc/time_elapsed     | 719      |
| misc/total_timesteps  | 3.48e+06 |
| ratio_max             | 5.39     |
| ratio_min             | 0.0833   |
| ret_avg               | 1.57     |
| ret_max               | 11.9     |
| ret_med               | 1.44     |
| ret_min               | -0.639   |
| ret_var               | 3.64     |
------------------------------------
------------------------------------
| action_max            | 14       |
| action_min            | 0        |
| adv_avg               | -0.653   |
| adv_max               | 9.3      |
| adv_med               | -0.596   |
| adv_min               | -6.64    |
| adv_var               | 0.677    |
| clipfrac              | 0.436    |
| curr_lr               | 0.001    |
| entropy               | 1.04     |
| eplenmean             | 141      |
| eprewmean             | 0.72     |
| fps                   | 4.94e+03 |
| grad_norm             | 3.59     |
| kl                    | 0.0837   |
| loss_pi               | -0.0213  |
| loss_v                | 0.533    |
| lr                    | 0.001    |
| misc/nupdates         | 859      |
| misc/serial_timesteps | 3.52e+06 |
| misc/time_elapsed     | 728      |
| misc/total_timesteps  | 3.52e+06 |
| ratio_max             | 12.6     |
| ratio_min             | 0.106    |
| ret_avg               | 2.08     |
| ret_max               | 11.4     |
| ret_med               | 1.33     |
| ret_min               | -0.697   |
| ret_var               | 5.85     |
------------------------------------
------------------------------------
| action_max            | 14       |
| action_min            | 0        |
| adv_avg               | -0.647   |
| adv_max               | 5.8      |
| adv_med               | -0.605   |
| adv_min               | -5.28    |
| adv_var               | 0.311    |
| clipfrac              | 0.342    |
| curr_lr               | 0.001    |
| entropy               | 0.894    |
| eplenmean             | 163      |
| eprewmean             | 0.36     |
| fps                   | 5.35e+03 |
| grad_norm             | 3.65     |
| kl                    | 0.0619   |
| loss_pi               | -0.0214  |
| loss_v                | 0.158    |
| lr                    | 0.001    |
| misc/nupdates         | 869      |
| misc/serial_timesteps | 3.56e+06 |
| misc/time_elapsed     | 736      |
| misc/total_timesteps  | 3.56e+06 |
| ratio_max             | 7.1      |
| ratio_min             | 0.0629   |
| ret_avg               | 1.75     |
| ret_max               | 10.8     |
| ret_med               | 0.92     |
| ret_min               | -0.728   |
| ret_var               | 4.2      |
------------------------------------
------------------------------------
| action_max            | 14       |
| action_min            | 0        |
| adv_avg               | -0.528   |
| adv_max               | 5.87     |
| adv_med               | -0.578   |
| adv_min               | -2.83    |
| adv_var               | 0.25     |
| clipfrac              | 0.332    |
| curr_lr               | 0.001    |
| entropy               | 0.917    |
| eplenmean             | 145      |
| eprewmean             | 0.59     |
| fps                   | 4.97e+03 |
| grad_norm             | 3.99     |
| kl                    | 0.0645   |
| loss_pi               | -0.00131 |
| loss_v                | 0.091    |
| lr                    | 0.001    |
| misc/nupdates         | 879      |
| misc/serial_timesteps | 3.6e+06  |
| misc/time_elapsed     | 744      |
| misc/total_timesteps  | 3.6e+06  |
| ratio_max             | 5.22     |
| ratio_min             | 0.199    |
| ret_avg               | 1.55     |
| ret_max               | 10.5     |
| ret_med               | 1.27     |
| ret_min               | -0.631   |
| ret_var               | 4.01     |
------------------------------------
------------------------------------
| action_max            | 14       |
| action_min            | 0        |
| adv_avg               | -0.605   |
| adv_max               | 1.38     |
| adv_med               | -0.581   |
| adv_min               | -6.32    |
| adv_var               | 0.225    |
| clipfrac              | 0.314    |
| curr_lr               | 0.001    |
| entropy               | 1.12     |
| eplenmean             | 174      |
| eprewmean             | 0.97     |
| fps                   | 5.18e+03 |
| grad_norm             | 3.2      |
| kl                    | 0.0441   |
| loss_pi               | -0.0293  |
| loss_v                | 0.0552   |
| lr                    | 0.001    |
| misc/nupdates         | 889      |
| misc/serial_timesteps | 3.65e+06 |
| misc/time_elapsed     | 752      |
| misc/total_timesteps  | 3.65e+06 |
| ratio_max             | 2.87     |
| ratio_min             | 0.243    |
| ret_avg               | 2.16     |
| ret_max               | 6.83     |
| ret_med               | 1.28     |
| ret_min               | -0.633   |
| ret_var               | 5.65     |
------------------------------------
------------------------------------
| action_max            | 14       |
| action_min            | 0        |
| adv_avg               | -0.59    |
| adv_max               | 4.07     |
| adv_med               | -0.587   |
| adv_min               | -5.45    |
| adv_var               | 0.146    |
| clipfrac              | 0.326    |
| curr_lr               | 0.001    |
| entropy               | 1.03     |
| eplenmean             | 187      |
| eprewmean             | 1.3      |
| fps                   | 5.07e+03 |
| grad_norm             | 4.17     |
| kl                    | 0.0515   |
| loss_pi               | -0.0179  |
| loss_v                | 0.128    |
| lr                    | 0.001    |
| misc/nupdates         | 899      |
| misc/serial_timesteps | 3.69e+06 |
| misc/time_elapsed     | 760      |
| misc/total_timesteps  | 3.69e+06 |
| ratio_max             | 3.31     |
| ratio_min             | 0.0138   |
| ret_avg               | 2.03     |
| ret_max               | 9.59     |
| ret_med               | 0.955    |
| ret_min               | -0.598   |
| ret_var               | 5.02     |
------------------------------------
------------------------------------
| action_max            | 14       |
| action_min            | 0        |
| adv_avg               | -0.486   |
| adv_max               | 7.4      |
| adv_med               | -0.569   |
| adv_min               | -5.29    |
| adv_var               | 0.316    |
| clipfrac              | 0.314    |
| curr_lr               | 0.001    |
| entropy               | 0.959    |
| eplenmean             | 140      |
| eprewmean             | 1.02     |
| fps                   | 4.98e+03 |
| grad_norm             | 3.59     |
| kl                    | 0.043    |
| loss_pi               | -0.0224  |
| loss_v                | 0.175    |
| lr                    | 0.001    |
| misc/nupdates         | 909      |
| misc/serial_timesteps | 3.73e+06 |
| misc/time_elapsed     | 768      |
| misc/total_timesteps  | 3.73e+06 |
| ratio_max             | 3.29     |
| ratio_min             | 0.17     |
| ret_avg               | 1.17     |
| ret_max               | 9.17     |
| ret_med               | 0.716    |
| ret_min               | -0.587   |
| ret_var               | 3.43     |
------------------------------------
------------------------------------
| action_max            | 14       |
| action_min            | 0        |
| adv_avg               | -0.546   |
| adv_max               | 2.02     |
| adv_med               | -0.561   |
| adv_min               | -7.73    |
| adv_var               | 0.202    |
| clipfrac              | 0.301    |
| curr_lr               | 0.001    |
| entropy               | 1.1      |
| eplenmean             | 163      |
| eprewmean             | 1.7      |
| fps                   | 5.15e+03 |
| grad_norm             | 4.42     |
| kl                    | 0.0446   |
| loss_pi               | -0.037   |
| loss_v                | 0.0501   |
| lr                    | 0.001    |
| misc/nupdates         | 919      |
| misc/serial_timesteps | 3.77e+06 |
| misc/time_elapsed     | 776      |
| misc/total_timesteps  | 3.77e+06 |
| ratio_max             | 3.26     |
| ratio_min             | 0.104    |
| ret_avg               | 1.63     |
| ret_max               | 8.84     |
| ret_med               | 0.527    |
| ret_min               | -0.596   |
| ret_var               | 5.73     |
------------------------------------
------------------------------------
| action_max            | 14       |
| action_min            | 0        |
| adv_avg               | -0.609   |
| adv_max               | 3.87     |
| adv_med               | -0.564   |
| adv_min               | -6.13    |
| adv_var               | 0.374    |
| clipfrac              | 0.393    |
| curr_lr               | 0.001    |
| entropy               | 0.965    |
| eplenmean             | 157      |
| eprewmean             | 1.59     |
| fps                   | 4.92e+03 |
| grad_norm             | 4.04     |
| kl                    | 0.0856   |
| loss_pi               | 0.00307  |
| loss_v                | 0.124    |
| lr                    | 0.001    |
| misc/nupdates         | 929      |
| misc/serial_timesteps | 3.81e+06 |
| misc/time_elapsed     | 784      |
| misc/total_timesteps  | 3.81e+06 |
| ratio_max             | 4.16     |
| ratio_min             | 0.0329   |
| ret_avg               | 1.22     |
| ret_max               | 8.46     |
| ret_med               | 0.333    |
| ret_min               | -0.599   |
| ret_var               | 3.45     |
------------------------------------
------------------------------------
| action_max            | 14       |
| action_min            | 0        |
| adv_avg               | -0.55    |
| adv_max               | 5.15     |
| adv_med               | -0.553   |
| adv_min               | -6.6     |
| adv_var               | 0.286    |
| clipfrac              | 0.379    |
| curr_lr               | 0.001    |
| entropy               | 0.962    |
| eplenmean             | 123      |
| eprewmean             | 1.52     |
| fps                   | 5.16e+03 |
| grad_norm             | 4.75     |
| kl                    | 0.0704   |
| loss_pi               | -0.0256  |
| loss_v                | 0.156    |
| lr                    | 0.001    |
| misc/nupdates         | 939      |
| misc/serial_timesteps | 3.85e+06 |
| misc/time_elapsed     | 792      |
| misc/total_timesteps  | 3.85e+06 |
| ratio_max             | 4.87     |
| ratio_min             | 0.219    |
| ret_avg               | 1.77     |
| ret_max               | 8.06     |
| ret_med               | 0.226    |
| ret_min               | -0.612   |
| ret_var               | 5.87     |
------------------------------------
------------------------------------
| action_max            | 14       |
| action_min            | 0        |
| adv_avg               | -0.477   |
| adv_max               | 6.25     |
| adv_med               | -0.556   |
| adv_min               | -5.35    |
| adv_var               | 0.463    |
| clipfrac              | 0.426    |
| curr_lr               | 0.001    |
| entropy               | 0.937    |
| eplenmean             | 182      |
| eprewmean             | 2        |
| fps                   | 4.33e+03 |
| grad_norm             | 13.1     |
| kl                    | 0.0944   |
| loss_pi               | -0.0305  |
| loss_v                | 0.256    |
| lr                    | 0.001    |
| misc/nupdates         | 949      |
| misc/serial_timesteps | 3.89e+06 |
| misc/time_elapsed     | 800      |
| misc/total_timesteps  | 3.89e+06 |
| ratio_max             | 7        |
| ratio_min             | 0.0384   |
| ret_avg               | 1.85     |
| ret_max               | 7.77     |
| ret_med               | 1.47     |
| ret_min               | -0.562   |
| ret_var               | 5.03     |
------------------------------------
------------------------------------
| action_max            | 14       |
| action_min            | 0        |
| adv_avg               | -0.579   |
| adv_max               | 1.18     |
| adv_med               | -0.564   |
| adv_min               | -7.73    |
| adv_var               | 0.161    |
| clipfrac              | 0.338    |
| curr_lr               | 0.001    |
| entropy               | 1.06     |
| eplenmean             | 146      |
| eprewmean             | 1.53     |
| fps                   | 4.83e+03 |
| grad_norm             | 7.23     |
| kl                    | 0.0425   |
| loss_pi               | -0.0261  |
| loss_v                | 0.0996   |
| lr                    | 0.001    |
| misc/nupdates         | 959      |
| misc/serial_timesteps | 3.93e+06 |
| misc/time_elapsed     | 809      |
| misc/total_timesteps  | 3.93e+06 |
| ratio_max             | 3.24     |
| ratio_min             | 0.232    |
| ret_avg               | 1.67     |
| ret_max               | 7.46     |
| ret_med               | 1.25     |
| ret_min               | -0.565   |
| ret_var               | 4.41     |
------------------------------------
------------------------------------
| action_max            | 14       |
| action_min            | 0        |
| adv_avg               | -0.554   |
| adv_max               | 1.76     |
| adv_med               | -0.553   |
| adv_min               | -2.16    |
| adv_var               | 0.0627   |
| clipfrac              | 0.354    |
| curr_lr               | 0.001    |
| entropy               | 0.961    |
| eplenmean             | 162      |
| eprewmean             | 1.5      |
| fps                   | 4.7e+03  |
| grad_norm             | 3.61     |
| kl                    | 0.0652   |
| loss_pi               | -0.0399  |
| loss_v                | 0.0286   |
| lr                    | 0.001    |
| misc/nupdates         | 969      |
| misc/serial_timesteps | 3.97e+06 |
| misc/time_elapsed     | 818      |
| misc/total_timesteps  | 3.97e+06 |
| ratio_max             | 7.51     |
| ratio_min             | 0.0929   |
| ret_avg               | 0.811    |
| ret_max               | 7.21     |
| ret_med               | -0.0612  |
| ret_min               | -0.562   |
| ret_var               | 3.56     |
------------------------------------
------------------------------------
| action_max            | 14       |
| action_min            | 0        |
| adv_avg               | -0.483   |
| adv_max               | 4.5      |
| adv_med               | -0.534   |
| adv_min               | -1.98    |
| adv_var               | 0.145    |
| clipfrac              | 0.365    |
| curr_lr               | 0.001    |
| entropy               | 0.99     |
| eplenmean             | 151      |
| eprewmean             | 1.95     |
| fps                   | 4.62e+03 |
| grad_norm             | 3.89     |
| kl                    | 0.0596   |
| loss_pi               | -0.0236  |
| loss_v                | 0.0474   |
| lr                    | 0.001    |
| misc/nupdates         | 979      |
| misc/serial_timesteps | 4.01e+06 |
| misc/time_elapsed     | 826      |
| misc/total_timesteps  | 4.01e+06 |
| ratio_max             | 4.39     |
| ratio_min             | 0.151    |
| ret_avg               | 1.85     |
| ret_max               | 7.7      |
| ret_med               | 1.28     |
| ret_min               | -0.603   |
| ret_var               | 4.63     |
------------------------------------
------------------------------------
| action_max            | 14       |
| action_min            | 0        |
| adv_avg               | -0.565   |
| adv_max               | 0.67     |
| adv_med               | -0.552   |
| adv_min               | -3.05    |
| adv_var               | 0.06     |
| clipfrac              | 0.385    |
| curr_lr               | 0.001    |
| entropy               | 1.07     |
| eplenmean             | 156      |
| eprewmean             | 1.86     |
| fps                   | 4.82e+03 |
| grad_norm             | 1.72     |
| kl                    | 0.061    |
| loss_pi               | -0.0465  |
| loss_v                | 0.0341   |
| lr                    | 0.001    |
| misc/nupdates         | 989      |
| misc/serial_timesteps | 4.06e+06 |
| misc/time_elapsed     | 835      |
| misc/total_timesteps  | 4.06e+06 |
| ratio_max             | 3.5      |
| ratio_min             | 0.0254   |
| ret_avg               | 1.46     |
| ret_max               | 6.78     |
| ret_med               | 0.222    |
| ret_min               | -0.557   |
| ret_var               | 5.15     |
------------------------------------
------------------------------------
| action_max            | 14       |
| action_min            | 0        |
| adv_avg               | -0.533   |
| adv_max               | 3.19     |
| adv_med               | -0.548   |
| adv_min               | -2.33    |
| adv_var               | 0.0736   |
| clipfrac              | 0.33     |
| curr_lr               | 0.001    |
| entropy               | 1.17     |
| eplenmean             | 138      |
| eprewmean             | 1.14     |
| fps                   | 4.69e+03 |
| grad_norm             | 1.49     |
| kl                    | 0.0519   |
| loss_pi               | -0.0317  |
| loss_v                | 0.0212   |
| lr                    | 0.001    |
| misc/nupdates         | 999      |
| misc/serial_timesteps | 4.1e+06  |
| misc/time_elapsed     | 844      |
| misc/total_timesteps  | 4.1e+06  |
| ratio_max             | 4.03     |
| ratio_min             | 0.0265   |
| ret_avg               | 0.988    |
| ret_max               | 6.56     |
| ret_med               | -0.253   |
| ret_min               | -0.576   |
| ret_var               | 4.03     |
------------------------------------
------------------------------------
| action_max            | 14       |
| action_min            | 0        |
| adv_avg               | -0.505   |
| adv_max               | 3.57     |
| adv_med               | -0.542   |
| adv_min               | -3.28    |
| adv_var               | 0.118    |
| clipfrac              | 0.363    |
| curr_lr               | 0.001    |
| entropy               | 1.02     |
| eplenmean             | 168      |
| eprewmean             | 1.69     |
| fps                   | 4.8e+03  |
| grad_norm             | 2.34     |
| kl                    | 0.0557   |
| loss_pi               | -0.0306  |
| loss_v                | 0.037    |
| lr                    | 0.001    |
| misc/nupdates         | 1.01e+03 |
| misc/serial_timesteps | 4.14e+06 |
| misc/time_elapsed     | 852      |
| misc/total_timesteps  | 4.14e+06 |
| ratio_max             | 3.87     |
| ratio_min             | 0.0658   |
| ret_avg               | 1.35     |
| ret_max               | 6.31     |
| ret_med               | 0.85     |
| ret_min               | -0.588   |
| ret_var               | 4.36     |
------------------------------------
------------------------------------
| action_max            | 14       |
| action_min            | 0        |
| adv_avg               | -0.526   |
| adv_max               | 3.99     |
| adv_med               | -0.546   |
| adv_min               | -2.63    |
| adv_var               | 0.186    |
| clipfrac              | 0.371    |
| curr_lr               | 0.001    |
| entropy               | 1.05     |
| eplenmean             | 180      |
| eprewmean             | 2.02     |
| fps                   | 5.04e+03 |
| grad_norm             | 11.5     |
| kl                    | 0.0685   |
| loss_pi               | -0.0285  |
| loss_v                | 0.108    |
| lr                    | 0.001    |
| misc/nupdates         | 1.02e+03 |
| misc/serial_timesteps | 4.18e+06 |
| misc/time_elapsed     | 860      |
| misc/total_timesteps  | 4.18e+06 |
| ratio_max             | 6.32     |
| ratio_min             | 0.0441   |
| ret_avg               | 0.974    |
| ret_max               | 6.12     |
| ret_med               | 0.489    |
| ret_min               | -0.563   |
| ret_var               | 3.09     |
------------------------------------
------------------------------------
| action_max            | 14       |
| action_min            | 0        |
| adv_avg               | -0.511   |
| adv_max               | 3.87     |
| adv_med               | -0.544   |
| adv_min               | -3.8     |
| adv_var               | 0.195    |
| clipfrac              | 0.363    |
| curr_lr               | 0.001    |
| entropy               | 0.955    |
| eplenmean             | 114      |
| eprewmean             | 0.96     |
| fps                   | 4.99e+03 |
| grad_norm             | 7.6      |
| kl                    | 0.0591   |
| loss_pi               | -0.0344  |
| loss_v                | 0.148    |
| lr                    | 0.001    |
| misc/nupdates         | 1.03e+03 |
| misc/serial_timesteps | 4.22e+06 |
| misc/time_elapsed     | 869      |
| misc/total_timesteps  | 4.22e+06 |
| ratio_max             | 4.23     |
| ratio_min             | 0.00929  |
| ret_avg               | 1.56     |
| ret_max               | 6        |
| ret_med               | 1.55     |
| ret_min               | -0.575   |
| ret_var               | 2.51     |
------------------------------------
------------------------------------
| action_max            | 14       |
| action_min            | 0        |
| adv_avg               | -0.539   |
| adv_max               | 2.49     |
| adv_med               | -0.537   |
| adv_min               | -3.78    |
| adv_var               | 0.0817   |
| clipfrac              | 0.365    |
| curr_lr               | 0.001    |
| entropy               | 0.918    |
| eplenmean             | 187      |
| eprewmean             | 2.44     |
| fps                   | 4.97e+03 |
| grad_norm             | 1.97     |
| kl                    | 0.0541   |
| loss_pi               | -0.0413  |
| loss_v                | 0.0401   |
| lr                    | 0.001    |
| misc/nupdates         | 1.04e+03 |
| misc/serial_timesteps | 4.26e+06 |
| misc/time_elapsed     | 877      |
| misc/total_timesteps  | 4.26e+06 |
| ratio_max             | 4.8      |
| ratio_min             | 0.134    |
| ret_avg               | 1.76     |
| ret_max               | 6.43     |
| ret_med               | 1.54     |
| ret_min               | -0.553   |
| ret_var               | 5.22     |
------------------------------------
------------------------------------
| action_max            | 14       |
| action_min            | 0        |
| adv_avg               | -0.522   |
| adv_max               | 2.5      |
| adv_med               | -0.533   |
| adv_min               | -5.32    |
| adv_var               | 0.126    |
| clipfrac              | 0.314    |
| curr_lr               | 0.001    |
| entropy               | 0.971    |
| eplenmean             | 206      |
| eprewmean             | 2.24     |
| fps                   | 5.05e+03 |
| grad_norm             | 4.87     |
| kl                    | 0.0482   |
| loss_pi               | -0.0277  |
| loss_v                | 0.0601   |
| lr                    | 0.001    |
| misc/nupdates         | 1.05e+03 |
| misc/serial_timesteps | 4.3e+06  |
| misc/time_elapsed     | 885      |
| misc/total_timesteps  | 4.3e+06  |
| ratio_max             | 2.51     |
| ratio_min             | 0.0797   |
| ret_avg               | 1.44     |
| ret_max               | 6.31     |
| ret_med               | -0.438   |
| ret_min               | -0.561   |
| ret_var               | 5.08     |
------------------------------------
------------------------------------
| action_max            | 14       |
| action_min            | 0        |
| adv_avg               | -0.526   |
| adv_max               | 1.95     |
| adv_med               | -0.535   |
| adv_min               | -1.42    |
| adv_var               | 0.0243   |
| clipfrac              | 0.297    |
| curr_lr               | 0.001    |
| entropy               | 1.09     |
| eplenmean             | 193      |
| eprewmean             | 2.41     |
| fps                   | 5.23e+03 |
| grad_norm             | 3.36     |
| kl                    | 0.0485   |
| loss_pi               | -0.0405  |
| loss_v                | 0.0117   |
| lr                    | 0.001    |
| misc/nupdates         | 1.06e+03 |
| misc/serial_timesteps | 4.34e+06 |
| misc/time_elapsed     | 893      |
| misc/total_timesteps  | 4.34e+06 |
| ratio_max             | 3.38     |
| ratio_min             | 0.105    |
| ret_avg               | 0.548    |
| ret_max               | 5.62     |
| ret_med               | -0.429   |
| ret_min               | -0.586   |
| ret_var               | 3.83     |
------------------------------------
------------------------------------
| action_max            | 14       |
| action_min            | 0        |
| adv_avg               | -0.48    |
| adv_max               | 2.27     |
| adv_med               | -0.532   |
| adv_min               | -1.82    |
| adv_var               | 0.0878   |
| clipfrac              | 0.33     |
| curr_lr               | 0.001    |
| entropy               | 1.09     |
| eplenmean             | 137      |
| eprewmean             | 2.49     |
| fps                   | 4.86e+03 |
| grad_norm             | 1.31     |
| kl                    | 0.0391   |
| loss_pi               | -0.0301  |
| loss_v                | 0.0549   |
| lr                    | 0.001    |
| misc/nupdates         | 1.07e+03 |
| misc/serial_timesteps | 4.38e+06 |
| misc/time_elapsed     | 901      |
| misc/total_timesteps  | 4.38e+06 |
| ratio_max             | 10.9     |
| ratio_min             | 0.21     |
| ret_avg               | 1.93     |
| ret_max               | 6.01     |
| ret_med               | 2.24     |
| ret_min               | -0.559   |
| ret_var               | 4.97     |
------------------------------------
------------------------------------
| action_max            | 14       |
| action_min            | 0        |
| adv_avg               | -0.558   |
| adv_max               | 1.37     |
| adv_med               | -0.545   |
| adv_min               | -4.62    |
| adv_var               | 0.112    |
| clipfrac              | 0.365    |
| curr_lr               | 0.001    |
| entropy               | 0.959    |
| eplenmean             | 176      |
| eprewmean             | 2.18     |
| fps                   | 4.82e+03 |
| grad_norm             | 3.49     |
| kl                    | 0.0597   |
| loss_pi               | -0.0163  |
| loss_v                | 0.0244   |
| lr                    | 0.001    |
| misc/nupdates         | 1.08e+03 |
| misc/serial_timesteps | 4.42e+06 |
| misc/time_elapsed     | 910      |
| misc/total_timesteps  | 4.42e+06 |
| ratio_max             | 4.12     |
| ratio_min             | 0.02     |
| ret_avg               | 1.32     |
| ret_max               | 5.34     |
| ret_med               | 2.19     |
| ret_min               | -0.544   |
| ret_var               | 3.21     |
------------------------------------
------------------------------------
| action_max            | 14       |
| action_min            | 0        |
| adv_avg               | -0.529   |
| adv_max               | 0.147    |
| adv_med               | -0.535   |
| adv_min               | -1.05    |
| adv_var               | 0.00523  |
| clipfrac              | 0.391    |
| curr_lr               | 0.001    |
| entropy               | 0.978    |
| eplenmean             | 257      |
| eprewmean             | 2.26     |
| fps                   | 5.1e+03  |
| grad_norm             | 1.17     |
| kl                    | 0.0728   |
| loss_pi               | -0.0338  |
| loss_v                | 0.0027   |
| lr                    | 0.001    |
| misc/nupdates         | 1.09e+03 |
| misc/serial_timesteps | 4.46e+06 |
| misc/time_elapsed     | 918      |
| misc/total_timesteps  | 4.46e+06 |
| ratio_max             | 3.83     |
| ratio_min             | 0.0194   |
| ret_avg               | -0.0258  |
| ret_max               | 4.76     |
| ret_med               | -0.46    |
| ret_min               | -0.531   |
| ret_var               | 1.4      |
------------------------------------
------------------------------------
| action_max            | 14       |
| action_min            | 0        |
| adv_avg               | -0.503   |
| adv_max               | 1.73     |
| adv_med               | -0.532   |
| adv_min               | -2.73    |
| adv_var               | 0.0704   |
| clipfrac              | 0.428    |
| curr_lr               | 0.001    |
| entropy               | 1.14     |
| eplenmean             | 202      |
| eprewmean             | 2.42     |
| fps                   | 5.1e+03  |
| grad_norm             | 3.21     |
| kl                    | 0.0638   |
| loss_pi               | -0.0454  |
| loss_v                | 0.0339   |
| lr                    | 0.001    |
| misc/nupdates         | 1.1e+03  |
| misc/serial_timesteps | 4.51e+06 |
| misc/time_elapsed     | 926      |
| misc/total_timesteps  | 4.51e+06 |
| ratio_max             | 11.4     |
| ratio_min             | 0.135    |
| ret_avg               | 0.974    |
| ret_max               | 5.12     |
| ret_med               | -0.36    |
| ret_min               | -0.534   |
| ret_var               | 3.82     |
------------------------------------
------------------------------------
| action_max            | 14       |
| action_min            | 0        |
| adv_avg               | -0.512   |
| adv_max               | 4.93     |
| adv_med               | -0.528   |
| adv_min               | -4.81    |
| adv_var               | 0.171    |
| clipfrac              | 0.365    |
| curr_lr               | 0.001    |
| entropy               | 1.18     |
| eplenmean             | 229      |
| eprewmean             | 2.57     |
| fps                   | 5.18e+03 |
| grad_norm             | 2.01     |
| kl                    | 0.0549   |
| loss_pi               | -0.0231  |
| loss_v                | 0.106    |
| lr                    | 0.001    |
| misc/nupdates         | 1.11e+03 |
| misc/serial_timesteps | 4.55e+06 |
| misc/time_elapsed     | 934      |
| misc/total_timesteps  | 4.55e+06 |
| ratio_max             | 3.21     |
| ratio_min             | 0.184    |
| ret_avg               | 0.737    |
| ret_max               | 5.04     |
| ret_med               | -0.426   |
| ret_min               | -0.53    |
| ret_var               | 3.5      |
------------------------------------
------------------------------------
| action_max            | 14       |
| action_min            | 0        |
| adv_avg               | -0.536   |
| adv_max               | 0.192    |
| adv_med               | -0.534   |
| adv_min               | -1.46    |
| adv_var               | 0.0148   |
| clipfrac              | 0.311    |
| curr_lr               | 0.001    |
| entropy               | 1.06     |
| eplenmean             | 210      |
| eprewmean             | 2.11     |
| fps                   | 5.21e+03 |
| grad_norm             | 2.38     |
| kl                    | 0.0333   |
| loss_pi               | -0.0404  |
| loss_v                | 0.01     |
| lr                    | 0.001    |
| misc/nupdates         | 1.12e+03 |
| misc/serial_timesteps | 4.59e+06 |
| misc/time_elapsed     | 942      |
| misc/total_timesteps  | 4.59e+06 |
| ratio_max             | 3.1      |
| ratio_min             | 0.145    |
| ret_avg               | 1.1      |
| ret_max               | 4.96     |
| ret_med               | -0.361   |
| ret_min               | -0.529   |
| ret_var               | 4.05     |
------------------------------------
------------------------------------
| action_max            | 14       |
| action_min            | 0        |
| adv_avg               | -0.521   |
| adv_max               | 1.4      |
| adv_med               | -0.533   |
| adv_min               | -1.44    |
| adv_var               | 0.0246   |
| clipfrac              | 0.377    |
| curr_lr               | 0.001    |
| entropy               | 1.14     |
| eplenmean             | 223      |
| eprewmean             | 2.32     |
| fps                   | 5.17e+03 |
| grad_norm             | 1.4      |
| kl                    | 0.0603   |
| loss_pi               | -0.0408  |
| loss_v                | 0.0112   |
| lr                    | 0.001    |
| misc/nupdates         | 1.13e+03 |
| misc/serial_timesteps | 4.63e+06 |
| misc/time_elapsed     | 951      |
| misc/total_timesteps  | 4.63e+06 |
| ratio_max             | 5.43     |
| ratio_min             | 0.0215   |
| ret_avg               | 0.444    |
| ret_max               | 4.88     |
| ret_med               | -0.493   |
| ret_min               | -0.567   |
| ret_var               | 2.2      |
------------------------------------
------------------------------------
| action_max            | 14       |
| action_min            | 0        |
| adv_avg               | -0.505   |
| adv_max               | 0.697    |
| adv_med               | -0.524   |
| adv_min               | -1.51    |
| adv_var               | 0.0251   |
| clipfrac              | 0.365    |
| curr_lr               | 0.001    |
| entropy               | 1.23     |
| eplenmean             | 228      |
| eprewmean             | 2.73     |
| fps                   | 5.2e+03  |
| grad_norm             | 2.06     |
| kl                    | 0.0441   |
| loss_pi               | -0.0421  |
| loss_v                | 0.0131   |
| lr                    | 0.001    |
| misc/nupdates         | 1.14e+03 |
| misc/serial_timesteps | 4.67e+06 |
| misc/time_elapsed     | 959      |
| misc/total_timesteps  | 4.67e+06 |
| ratio_max             | 3.32     |
| ratio_min             | 0.117    |
| ret_avg               | 0.509    |
| ret_max               | 4.84     |
| ret_med               | -0.449   |
| ret_min               | -0.592   |
| ret_var               | 2.37     |
------------------------------------
------------------------------------
| action_max            | 14       |
| action_min            | 0        |
| adv_avg               | -0.512   |
| adv_max               | 1.28     |
| adv_med               | -0.535   |
| adv_min               | -4.37    |
| adv_var               | 0.0368   |
| clipfrac              | 0.438    |
| curr_lr               | 0.001    |
| entropy               | 1.26     |
| eplenmean             | 151      |
| eprewmean             | 1.64     |
| fps                   | 5.11e+03 |
| grad_norm             | 1.84     |
| kl                    | 0.064    |
| loss_pi               | -0.0274  |
| loss_v                | 0.0243   |
| lr                    | 0.001    |
| misc/nupdates         | 1.15e+03 |
| misc/serial_timesteps | 4.71e+06 |
| misc/time_elapsed     | 967      |
| misc/total_timesteps  | 4.71e+06 |
| ratio_max             | 15.2     |
| ratio_min             | 0.0771   |
| ret_avg               | 0.606    |
| ret_max               | 4.78     |
| ret_med               | -0.409   |
| ret_min               | -0.532   |
| ret_var               | 2.99     |
------------------------------------
------------------------------------
| action_max            | 14       |
| action_min            | 0        |
| adv_avg               | -0.56    |
| adv_max               | 3.98     |
| adv_med               | -0.545   |
| adv_min               | -3.89    |
| adv_var               | 0.119    |
| clipfrac              | 0.363    |
| curr_lr               | 0.001    |
| entropy               | 1.15     |
| eplenmean             | 181      |
| eprewmean             | 1.87     |
| fps                   | 4.79e+03 |
| grad_norm             | 1.41     |
| kl                    | 0.0606   |
| loss_pi               | -0.0107  |
| loss_v                | 0.0736   |
| lr                    | 0.001    |
| misc/nupdates         | 1.16e+03 |
| misc/serial_timesteps | 4.75e+06 |
| misc/time_elapsed     | 975      |
| misc/total_timesteps  | 4.75e+06 |
| ratio_max             | 5.25     |
| ratio_min             | 0.0449   |
| ret_avg               | 0.154    |
| ret_max               | 4.71     |
| ret_med               | -0.414   |
| ret_min               | -0.533   |
| ret_var               | 1.16     |
------------------------------------
------------------------------------
| action_max            | 14       |
| action_min            | 0        |
| adv_avg               | -0.526   |
| adv_max               | 3.91     |
| adv_med               | -0.541   |
| adv_min               | -3.62    |
| adv_var               | 0.0918   |
| clipfrac              | 0.387    |
| curr_lr               | 0.001    |
| entropy               | 1.3      |
| eplenmean             | 203      |
| eprewmean             | 3.11     |
| fps                   | 4.54e+03 |
| grad_norm             | 2.12     |
| kl                    | 0.0476   |
| loss_pi               | -0.0368  |
| loss_v                | 0.0612   |
| lr                    | 0.001    |
| misc/nupdates         | 1.17e+03 |
| misc/serial_timesteps | 4.79e+06 |
| misc/time_elapsed     | 984      |
| misc/total_timesteps  | 4.79e+06 |
| ratio_max             | 2.7      |
| ratio_min             | 0.209    |
| ret_avg               | 1.17     |
| ret_max               | 4.63     |
| ret_med               | -0.0392  |
| ret_min               | -0.535   |
| ret_var               | 3.52     |
------------------------------------
------------------------------------
| action_max            | 14       |
| action_min            | 0        |
| adv_avg               | -0.523   |
| adv_max               | 0.823    |
| adv_med               | -0.542   |
| adv_min               | -1.4     |
| adv_var               | 0.0281   |
| clipfrac              | 0.418    |
| curr_lr               | 0.001    |
| entropy               | 1.24     |
| eplenmean             | 168      |
| eprewmean             | 2.52     |
| fps                   | 4.63e+03 |
| grad_norm             | 1.39     |
| kl                    | 0.0585   |
| loss_pi               | -0.0499  |
| loss_v                | 0.015    |
| lr                    | 0.001    |
| misc/nupdates         | 1.18e+03 |
| misc/serial_timesteps | 4.83e+06 |
| misc/time_elapsed     | 993      |
| misc/total_timesteps  | 4.83e+06 |
| ratio_max             | 2.91     |
| ratio_min             | 0.186    |
| ret_avg               | 1.43     |
| ret_max               | 4.54     |
| ret_med               | 0.264    |
| ret_min               | -0.537   |
| ret_var               | 3.62     |
------------------------------------
------------------------------------
| action_max            | 14       |
| action_min            | 0        |
| adv_avg               | -0.561   |
| adv_max               | 0.933    |
| adv_med               | -0.547   |
| adv_min               | -3.85    |
| adv_var               | 0.0619   |
| clipfrac              | 0.365    |
| curr_lr               | 0.001    |
| entropy               | 1.24     |
| eplenmean             | 220      |
| eprewmean             | 2.42     |
| fps                   | 4.65e+03 |
| grad_norm             | 2.07     |
| kl                    | 0.0509   |
| loss_pi               | -0.0269  |
| loss_v                | 0.0163   |
| lr                    | 0.001    |
| misc/nupdates         | 1.19e+03 |
| misc/serial_timesteps | 4.87e+06 |
| misc/time_elapsed     | 1e+03    |
| misc/total_timesteps  | 4.87e+06 |
| ratio_max             | 3.25     |
| ratio_min             | 0.113    |
| ret_avg               | 0.804    |
| ret_max               | 4.94     |
| ret_med               | -0.349   |
| ret_min               | -0.542   |
| ret_var               | 2.99     |
------------------------------------
------------------------------------
| action_max            | 14       |
| action_min            | 0        |
| adv_avg               | -0.532   |
| adv_max               | 0.893    |
| adv_med               | -0.542   |
| adv_min               | -1.65    |
| adv_var               | 0.0314   |
| clipfrac              | 0.396    |
| curr_lr               | 0.001    |
| entropy               | 1.32     |
| eplenmean             | 259      |
| eprewmean             | 2.98     |
| fps                   | 4.61e+03 |
| grad_norm             | 2.41     |
| kl                    | 0.0554   |
| loss_pi               | -0.0523  |
| loss_v                | 0.0167   |
| lr                    | 0.001    |
| misc/nupdates         | 1.2e+03  |
| misc/serial_timesteps | 4.92e+06 |
| misc/time_elapsed     | 1.01e+03 |
| misc/total_timesteps  | 4.92e+06 |
| ratio_max             | 3.47     |
| ratio_min             | 0.212    |
| ret_avg               | 1.12     |
| ret_max               | 4.41     |
| ret_med               | -0.363   |
| ret_min               | -0.538   |
| ret_var               | 3.22     |
------------------------------------
------------------------------------
| action_max            | 14       |
| action_min            | 0        |
| adv_avg               | -0.541   |
| adv_max               | 2.14     |
| adv_med               | -0.541   |
| adv_min               | -2.95    |
| adv_var               | 0.0465   |
| clipfrac              | 0.381    |
| curr_lr               | 0.001    |
| entropy               | 1.23     |
| eplenmean             | 266      |
| eprewmean             | 2.04     |
| fps                   | 4.93e+03 |
| grad_norm             | 1.81     |
| kl                    | 0.0633   |
| loss_pi               | -0.033   |
| loss_v                | 0.0218   |
| lr                    | 0.001    |
| misc/nupdates         | 1.21e+03 |
| misc/serial_timesteps | 4.96e+06 |
| misc/time_elapsed     | 1.02e+03 |
| misc/total_timesteps  | 4.96e+06 |
| ratio_max             | 5.39     |
| ratio_min             | 0.00879  |
| ret_avg               | 0.183    |
| ret_max               | 4.38     |
| ret_med               | -0.376   |
| ret_min               | -0.539   |
| ret_var               | 0.912    |
------------------------------------
------------------------------------
| action_max            | 14       |
| action_min            | 0        |
| adv_avg               | -0.564   |
| adv_max               | 2.02     |
| adv_med               | -0.545   |
| adv_min               | -2.48    |
| adv_var               | 0.0632   |
| clipfrac              | 0.35     |
| curr_lr               | 0.001    |
| entropy               | 1.18     |
| eplenmean             | 388      |
| eprewmean             | 2.08     |
| fps                   | 5.15e+03 |
| grad_norm             | 2.27     |
| kl                    | 0.0497   |
| loss_pi               | -0.0404  |
| loss_v                | 0.0419   |
| lr                    | 0.001    |
| misc/nupdates         | 1.22e+03 |
| misc/serial_timesteps | 5e+06    |
| misc/time_elapsed     | 1.03e+03 |
| misc/total_timesteps  | 5e+06    |
| ratio_max             | 7.22     |
| ratio_min             | 0.000457 |
| ret_avg               | 0.514    |
| ret_max               | 4.37     |
| ret_med               | -0.402   |
| ret_min               | -0.539   |
| ret_var               | 2.01     |
------------------------------------
------------------------------------
| action_max            | 14       |
| action_min            | 0        |
| adv_avg               | -0.556   |
| adv_max               | 0.903    |
| adv_med               | -0.541   |
| adv_min               | -4.06    |
| adv_var               | 0.0427   |
| clipfrac              | 0.338    |
| curr_lr               | 0.001    |
| entropy               | 1.23     |
| eplenmean             | 311      |
| eprewmean             | 1.53     |
| fps                   | 5.31e+03 |
| grad_norm             | 0.682    |
| kl                    | 0.0554   |
| loss_pi               | -0.0284  |
| loss_v                | 0.0453   |
| lr                    | 0.001    |
| misc/nupdates         | 1.23e+03 |
| misc/serial_timesteps | 5.04e+06 |
| misc/time_elapsed     | 1.03e+03 |
| misc/total_timesteps  | 5.04e+06 |
| ratio_max             | 4.37     |
| ratio_min             | 0.0151   |
| ret_avg               | 0.0629   |
| ret_max               | 4.36     |
| ret_med               | -0.463   |
| ret_min               | -0.552   |
| ret_var               | 1.37     |
------------------------------------
------------------------------------
| action_max            | 14       |
| action_min            | 0        |
| adv_avg               | -0.549   |
| adv_max               | 1.25     |
| adv_med               | -0.54    |
| adv_min               | -3.44    |
| adv_var               | 0.0328   |
| clipfrac              | 0.4      |
| curr_lr               | 0.001    |
| entropy               | 1.3      |
| eplenmean             | 314      |
| eprewmean             | 2.11     |
| fps                   | 5.01e+03 |
| grad_norm             | 0.796    |
| kl                    | 0.0736   |
| loss_pi               | -0.0196  |
| loss_v                | 0.0136   |
| lr                    | 0.001    |
| misc/nupdates         | 1.24e+03 |
| misc/serial_timesteps | 5.08e+06 |
| misc/time_elapsed     | 1.04e+03 |
| misc/total_timesteps  | 5.08e+06 |
| ratio_max             | 2.83     |
| ratio_min             | 0.00327  |
| ret_avg               | -0.0297  |
| ret_max               | 4.35     |
| ret_med               | -0.469   |
| ret_min               | -0.541   |
| ret_var               | 1.16     |
------------------------------------
------------------------------------
| action_max            | 14       |
| action_min            | 0        |
| adv_avg               | -0.514   |
| adv_max               | 1.08     |
| adv_med               | -0.539   |
| adv_min               | -1.59    |
| adv_var               | 0.0306   |
| clipfrac              | 0.395    |
| curr_lr               | 0.001    |
| entropy               | 1.1      |
| eplenmean             | 255      |
| eprewmean             | 3.17     |
| fps                   | 5.34e+03 |
| grad_norm             | 1.59     |
| kl                    | 0.0579   |
| loss_pi               | -0.0281  |
| loss_v                | 0.0173   |
| lr                    | 0.001    |
| misc/nupdates         | 1.25e+03 |
| misc/serial_timesteps | 5.12e+06 |
| misc/time_elapsed     | 1.05e+03 |
| misc/total_timesteps  | 5.12e+06 |
| ratio_max             | 6.63     |
| ratio_min             | 0.167    |
| ret_avg               | 0.829    |
| ret_max               | 4.32     |
| ret_med               | -0.176   |
| ret_min               | -0.54    |
| ret_var               | 2.88     |
------------------------------------
------------------------------------
| action_max            | 14       |
| action_min            | 0        |
| adv_avg               | -0.55    |
| adv_max               | 0.569    |
| adv_med               | -0.544   |
| adv_min               | -1.67    |
| adv_var               | 0.0169   |
| clipfrac              | 0.422    |
| curr_lr               | 0.001    |
| entropy               | 0.952    |
| eplenmean             | 277      |
| eprewmean             | 2.07     |
| fps                   | 5e+03    |
| grad_norm             | 2.09     |
| kl                    | 0.0837   |
| loss_pi               | -0.0297  |
| loss_v                | 0.00875  |
| lr                    | 0.001    |
| misc/nupdates         | 1.26e+03 |
| misc/serial_timesteps | 5.16e+06 |
| misc/time_elapsed     | 1.06e+03 |
| misc/total_timesteps  | 5.16e+06 |
| ratio_max             | 4.29     |
| ratio_min             | 0.0484   |
| ret_avg               | 1.03     |
| ret_max               | 4.29     |
| ret_med               | -0.0431  |
| ret_min               | -0.54    |
| ret_var               | 2.64     |
------------------------------------
------------------------------------
| action_max            | 14       |
| action_min            | 0        |
| adv_avg               | -0.542   |
| adv_max               | 0.332    |
| adv_med               | -0.541   |
| adv_min               | -3.85    |
| adv_var               | 0.0459   |
| clipfrac              | 0.357    |
| curr_lr               | 0.001    |
| entropy               | 1.2      |
| eplenmean             | 273      |
| eprewmean             | 2.9      |
| fps                   | 5.15e+03 |
| grad_norm             | 4.37     |
| kl                    | 0.0613   |
| loss_pi               | -0.0333  |
| loss_v                | 0.0296   |
| lr                    | 0.001    |
| misc/nupdates         | 1.27e+03 |
| misc/serial_timesteps | 5.2e+06  |
| misc/time_elapsed     | 1.07e+03 |
| misc/total_timesteps  | 5.2e+06  |
| ratio_max             | 3.41     |
| ratio_min             | 0.0188   |
| ret_avg               | 0.631    |
| ret_max               | 4.24     |
| ret_med               | -0.407   |
| ret_min               | -0.541   |
| ret_var               | 2.66     |
------------------------------------
------------------------------------
| action_max            | 14       |
| action_min            | 0        |
| adv_avg               | -0.549   |
| adv_max               | 0.861    |
| adv_med               | -0.547   |
| adv_min               | -1.22    |
| adv_var               | 0.0073   |
| clipfrac              | 0.312    |
| curr_lr               | 0.001    |
| entropy               | 1.04     |
| eplenmean             | 230      |
| eprewmean             | 2.8      |
| fps                   | 5.15e+03 |
| grad_norm             | 1.25     |
| kl                    | 0.0686   |
| loss_pi               | -0.018   |
| loss_v                | 0.00815  |
| lr                    | 0.001    |
| misc/nupdates         | 1.28e+03 |
| misc/serial_timesteps | 5.24e+06 |
| misc/time_elapsed     | 1.08e+03 |
| misc/total_timesteps  | 5.24e+06 |
| ratio_max             | 60.6     |
| ratio_min             | 0.0292   |
| ret_avg               | 0.171    |
| ret_max               | 4.2      |
| ret_med               | -0.429   |
| ret_min               | -0.541   |
| ret_var               | 1.98     |
------------------------------------
------------------------------------
| action_max            | 14       |
| action_min            | 0        |
| adv_avg               | -0.537   |
| adv_max               | 0.593    |
| adv_med               | -0.544   |
| adv_min               | -1.23    |
| adv_var               | 0.0176   |
| clipfrac              | 0.4      |
| curr_lr               | 0.001    |
| entropy               | 1.23     |
| eplenmean             | 215      |
| eprewmean             | 2.03     |
| fps                   | 5.05e+03 |
| grad_norm             | 1.06     |
| kl                    | 0.0711   |
| loss_pi               | -0.0476  |
| loss_v                | 0.00736  |
| lr                    | 0.001    |
| misc/nupdates         | 1.29e+03 |
| misc/serial_timesteps | 5.28e+06 |
| misc/time_elapsed     | 1.08e+03 |
| misc/total_timesteps  | 5.28e+06 |
| ratio_max             | 8.47     |
| ratio_min             | 0.152    |
| ret_avg               | 0.257    |
| ret_max               | 4.16     |
| ret_med               | -0.4     |
| ret_min               | -0.564   |
| ret_var               | 1.83     |
------------------------------------
------------------------------------
| action_max            | 14       |
| action_min            | 0        |
| adv_avg               | -0.524   |
| adv_max               | 0.944    |
| adv_med               | -0.546   |
| adv_min               | -1.9     |
| adv_var               | 0.0265   |
| clipfrac              | 0.34     |
| curr_lr               | 0.001    |
| entropy               | 1.11     |
| eplenmean             | 251      |
| eprewmean             | 2.56     |
| fps                   | 4.99e+03 |
| grad_norm             | 2.98     |
| kl                    | 0.052    |
| loss_pi               | -0.039   |
| loss_v                | 0.018    |
| lr                    | 0.001    |
| misc/nupdates         | 1.3e+03  |
| misc/serial_timesteps | 5.32e+06 |
| misc/time_elapsed     | 1.09e+03 |
| misc/total_timesteps  | 5.32e+06 |
| ratio_max             | 5.54     |
| ratio_min             | 0.29     |
| ret_avg               | 0.803    |
| ret_max               | 4.13     |
| ret_med               | -0.348   |
| ret_min               | -0.542   |
| ret_var               | 2.45     |
------------------------------------
------------------------------------
| action_max            | 14       |
| action_min            | 0        |
| adv_avg               | -0.54    |
| adv_max               | 0.618    |
| adv_med               | -0.547   |
| adv_min               | -1.63    |
| adv_var               | 0.0182   |
| clipfrac              | 0.352    |
| curr_lr               | 0.001    |
| entropy               | 1.15     |
| eplenmean             | 243      |
| eprewmean             | 2.56     |
| fps                   | 4.29e+03 |
| grad_norm             | 1.06     |
| kl                    | 0.0637   |
| loss_pi               | -0.0416  |
| loss_v                | 0.00964  |
| lr                    | 0.001    |
| misc/nupdates         | 1.31e+03 |
| misc/serial_timesteps | 5.37e+06 |
| misc/time_elapsed     | 1.1e+03  |
| misc/total_timesteps  | 5.37e+06 |
| ratio_max             | 3.71     |
| ratio_min             | 0.0124   |
| ret_avg               | 0.18     |
| ret_max               | 4.11     |
| ret_med               | -0.449   |
| ret_min               | -0.581   |
| ret_var               | 1.36     |
------------------------------------
------------------------------------
| action_max            | 14       |
| action_min            | 0        |
| adv_avg               | -0.501   |
| adv_max               | 3.23     |
| adv_med               | -0.544   |
| adv_min               | -1.55    |
| adv_var               | 0.072    |
| clipfrac              | 0.43     |
| curr_lr               | 0.001    |
| entropy               | 1.17     |
| eplenmean             | 389      |
| eprewmean             | 3.15     |
| fps                   | 4.34e+03 |
| grad_norm             | 4.31     |
| kl                    | 0.0725   |
| loss_pi               | -0.0354  |
| loss_v                | 0.0458   |
| lr                    | 0.001    |
| misc/nupdates         | 1.32e+03 |
| misc/serial_timesteps | 5.41e+06 |
| misc/time_elapsed     | 1.11e+03 |
| misc/total_timesteps  | 5.41e+06 |
| ratio_max             | 4.03     |
| ratio_min             | 0.232    |
| ret_avg               | 0.579    |
| ret_max               | 4.09     |
| ret_med               | 0.171    |
| ret_min               | -0.545   |
| ret_var               | 1.33     |
------------------------------------
------------------------------------
| action_max            | 14       |
| action_min            | 0        |
| adv_avg               | -0.54    |
| adv_max               | 0.502    |
| adv_med               | -0.553   |
| adv_min               | -1.6     |
| adv_var               | 0.0198   |
| clipfrac              | 0.365    |
| curr_lr               | 0.001    |
| entropy               | 1.12     |
| eplenmean             | 322      |
| eprewmean             | 3.24     |
| fps                   | 4.16e+03 |
| grad_norm             | 2.3      |
| kl                    | 0.0611   |
| loss_pi               | -0.0609  |
| loss_v                | 0.0179   |
| lr                    | 0.001    |
| misc/nupdates         | 1.33e+03 |
| misc/serial_timesteps | 5.45e+06 |
| misc/time_elapsed     | 1.12e+03 |
| misc/total_timesteps  | 5.45e+06 |
| ratio_max             | 4.88     |
| ratio_min             | 0.00739  |
| ret_avg               | 0.864    |
| ret_max               | 4.06     |
| ret_med               | 0.0487   |
| ret_min               | -0.547   |
| ret_var               | 2.31     |
------------------------------------
------------------------------------
| action_max            | 14       |
| action_min            | 0        |
| adv_avg               | -0.537   |
| adv_max               | 1.61     |
| adv_med               | -0.555   |
| adv_min               | -1.54    |
| adv_var               | 0.0336   |
| clipfrac              | 0.408    |
| curr_lr               | 0.001    |
| entropy               | 0.996    |
| eplenmean             | 247      |
| eprewmean             | 3.58     |
| fps                   | 4.49e+03 |
| grad_norm             | 2.03     |
| kl                    | 0.0643   |
| loss_pi               | -0.0603  |
| loss_v                | 0.0216   |
| lr                    | 0.001    |
| misc/nupdates         | 1.34e+03 |
| misc/serial_timesteps | 5.49e+06 |
| misc/time_elapsed     | 1.13e+03 |
| misc/total_timesteps  | 5.49e+06 |
| ratio_max             | 3.6      |
| ratio_min             | 0.126    |
| ret_avg               | 1.14     |
| ret_max               | 4.02     |
| ret_med               | 1.3      |
| ret_min               | -0.551   |
| ret_var               | 1.81     |
------------------------------------
------------------------------------
| action_max            | 14       |
| action_min            | 0        |
| adv_avg               | -0.534   |
| adv_max               | 1.69     |
| adv_med               | -0.558   |
| adv_min               | -1.63    |
| adv_var               | 0.0483   |
| clipfrac              | 0.326    |
| curr_lr               | 0.001    |
| entropy               | 0.976    |
| eplenmean             | 254      |
| eprewmean             | 3.29     |
| fps                   | 4.84e+03 |
| grad_norm             | 1.45     |
| kl                    | 0.061    |
| loss_pi               | -0.0361  |
| loss_v                | 0.0294   |
| lr                    | 0.001    |
| misc/nupdates         | 1.35e+03 |
| misc/serial_timesteps | 5.53e+06 |
| misc/time_elapsed     | 1.14e+03 |
| misc/total_timesteps  | 5.53e+06 |
| ratio_max             | 3.37     |
| ratio_min             | 0.0768   |
| ret_avg               | 1.46     |
| ret_max               | 3.99     |
| ret_med               | 1.8      |
| ret_min               | -0.558   |
| ret_var               | 1.94     |
------------------------------------
------------------------------------
| action_max            | 14       |
| action_min            | 0        |
| adv_avg               | -0.53    |
| adv_max               | 1.28     |
| adv_med               | -0.556   |
| adv_min               | -3.62    |
| adv_var               | 0.0695   |
| clipfrac              | 0.379    |
| curr_lr               | 0.001    |
| entropy               | 1.1      |
| eplenmean             | 229      |
| eprewmean             | 3.54     |
| fps                   | 4.4e+03  |
| grad_norm             | 1.69     |
| kl                    | 0.0644   |
| loss_pi               | -0.0159  |
| loss_v                | 0.0413   |
| lr                    | 0.001    |
| misc/nupdates         | 1.36e+03 |
| misc/serial_timesteps | 5.57e+06 |
| misc/time_elapsed     | 1.15e+03 |
| misc/total_timesteps  | 5.57e+06 |
| ratio_max             | 3.11     |
| ratio_min             | 0.025    |
| ret_avg               | 0.656    |
| ret_max               | 3.94     |
| ret_med               | -0.141   |
| ret_min               | -0.582   |
| ret_var               | 1.89     |
------------------------------------
------------------------------------
| action_max            | 14       |
| action_min            | 0        |
| adv_avg               | -0.553   |
| adv_max               | 0.78     |
| adv_med               | -0.566   |
| adv_min               | -1.49    |
| adv_var               | 0.0314   |
| clipfrac              | 0.359    |
| curr_lr               | 0.001    |
| entropy               | 1.02     |
| eplenmean             | 226      |
| eprewmean             | 3.34     |
| fps                   | 4.36e+03 |
| grad_norm             | 1.25     |
| kl                    | 0.0743   |
| loss_pi               | -0.0467  |
| loss_v                | 0.0178   |
| lr                    | 0.001    |
| misc/nupdates         | 1.37e+03 |
| misc/serial_timesteps | 5.61e+06 |
| misc/time_elapsed     | 1.16e+03 |
| misc/total_timesteps  | 5.61e+06 |
| ratio_max             | 64.9     |
| ratio_min             | 0.0121   |
| ret_avg               | 1.53     |
| ret_max               | 3.9      |
| ret_med               | 2.39     |
| ret_min               | -0.561   |
| ret_var               | 2.04     |
------------------------------------
------------------------------------
| action_max            | 14       |
| action_min            | 0        |
| adv_avg               | -0.551   |
| adv_max               | 0.914    |
| adv_med               | -0.566   |
| adv_min               | -1.38    |
| adv_var               | 0.0258   |
| clipfrac              | 0.402    |
| curr_lr               | 0.001    |
| entropy               | 1.15     |
| eplenmean             | 295      |
| eprewmean             | 3.44     |
| fps                   | 5.2e+03  |
| grad_norm             | 1.93     |
| kl                    | 0.0824   |
| loss_pi               | -0.0473  |
| loss_v                | 0.0178   |
| lr                    | 0.001    |
| misc/nupdates         | 1.38e+03 |
| misc/serial_timesteps | 5.65e+06 |
| misc/time_elapsed     | 1.16e+03 |
| misc/total_timesteps  | 5.65e+06 |
| ratio_max             | 13.4     |
| ratio_min             | 0.00769  |
| ret_avg               | 0.833    |
| ret_max               | 3.86     |
| ret_med               | -0.253   |
| ret_min               | -0.563   |
| ret_var               | 2.33     |
------------------------------------
------------------------------------
| action_max            | 14       |
| action_min            | 0        |
| adv_avg               | -0.53    |
| adv_max               | 3.16     |
| adv_med               | -0.569   |
| adv_min               | -1.82    |
| adv_var               | 0.0656   |
| clipfrac              | 0.494    |
| curr_lr               | 0.001    |
| entropy               | 1.08     |
| eplenmean             | 289      |
| eprewmean             | 4.79     |
| fps                   | 5.06e+03 |
| grad_norm             | 2.02     |
| kl                    | 0.0825   |
| loss_pi               | -0.0209  |
| loss_v                | 0.0403   |
| lr                    | 0.001    |
| misc/nupdates         | 1.39e+03 |
| misc/serial_timesteps | 5.69e+06 |
| misc/time_elapsed     | 1.17e+03 |
| misc/total_timesteps  | 5.69e+06 |
| ratio_max             | 2.49     |
| ratio_min             | 0.0989   |
| ret_avg               | 1.6      |
| ret_max               | 3.81     |
| ret_med               | 2.64     |
| ret_min               | -0.566   |
| ret_var               | 2.41     |
------------------------------------
------------------------------------
| action_max            | 14       |
| action_min            | 0        |
| adv_avg               | -0.591   |
| adv_max               | 0.334    |
| adv_med               | -0.581   |
| adv_min               | -2.81    |
| adv_var               | 0.0552   |
| clipfrac              | 0.363    |
| curr_lr               | 0.001    |
| entropy               | 0.915    |
| eplenmean             | 220      |
| eprewmean             | 3.54     |
| fps                   | 5.05e+03 |
| grad_norm             | 1.36     |
| kl                    | 0.076    |
| loss_pi               | -0.0385  |
| loss_v                | 0.0391   |
| lr                    | 0.001    |
| misc/nupdates         | 1.4e+03  |
| misc/serial_timesteps | 5.73e+06 |
| misc/time_elapsed     | 1.18e+03 |
| misc/total_timesteps  | 5.73e+06 |
| ratio_max             | 7.33     |
| ratio_min             | 0.0817   |
| ret_avg               | 1.88     |
| ret_max               | 3.75     |
| ret_med               | 2.47     |
| ret_min               | -0.571   |
| ret_var               | 1.97     |
------------------------------------
------------------------------------
| action_max            | 14       |
| action_min            | 0        |
| adv_avg               | -0.566   |
| adv_max               | 1.26     |
| adv_med               | -0.581   |
| adv_min               | -1.32    |
| adv_var               | 0.0217   |
| clipfrac              | 0.375    |
| curr_lr               | 0.001    |
| entropy               | 0.909    |
| eplenmean             | 270      |
| eprewmean             | 4.8      |
| fps                   | 5.24e+03 |
| grad_norm             | 2.11     |
| kl                    | 0.0717   |
| loss_pi               | -0.0429  |
| loss_v                | 0.0156   |
| lr                    | 0.001    |
| misc/nupdates         | 1.41e+03 |
| misc/serial_timesteps | 5.78e+06 |
| misc/time_elapsed     | 1.19e+03 |
| misc/total_timesteps  | 5.78e+06 |
| ratio_max             | 3.78     |
| ratio_min             | 0.0152   |
| ret_avg               | 1.24     |
| ret_max               | 3.68     |
| ret_med               | 1.67     |
| ret_min               | -0.574   |
| ret_var               | 2.46     |
------------------------------------
------------------------------------
| action_max            | 14       |
| action_min            | 0        |
| adv_avg               | -0.573   |
| adv_max               | 0.98     |
| adv_med               | -0.577   |
| adv_min               | -3.1     |
| adv_var               | 0.0341   |
| clipfrac              | 0.342    |
| curr_lr               | 0.001    |
| entropy               | 1.05     |
| eplenmean             | 225      |
| eprewmean             | 3.64     |
| fps                   | 4.97e+03 |
| grad_norm             | 1.48     |
| kl                    | 0.0676   |
| loss_pi               | -0.0252  |
| loss_v                | 0.0225   |
| lr                    | 0.001    |
| misc/nupdates         | 1.42e+03 |
| misc/serial_timesteps | 5.82e+06 |
| misc/time_elapsed     | 1.2e+03  |
| misc/total_timesteps  | 5.82e+06 |
| ratio_max             | 11.5     |
| ratio_min             | 0.0728   |
| ret_avg               | 1.46     |
| ret_max               | 3.64     |
| ret_med               | 1.92     |
| ret_min               | -0.577   |
| ret_var               | 2.12     |
------------------------------------
------------------------------------
| action_max            | 14       |
| action_min            | 0        |
| adv_avg               | -0.585   |
| adv_max               | 1.09     |
| adv_med               | -0.584   |
| adv_min               | -3.79    |
| adv_var               | 0.0515   |
| clipfrac              | 0.463    |
| curr_lr               | 0.001    |
| entropy               | 1.25     |
| eplenmean             | 212      |
| eprewmean             | 3.05     |
| fps                   | 5.07e+03 |
| grad_norm             | 1.55     |
| kl                    | 0.0851   |
| loss_pi               | -0.0289  |
| loss_v                | 0.0177   |
| lr                    | 0.001    |
| misc/nupdates         | 1.43e+03 |
| misc/serial_timesteps | 5.86e+06 |
| misc/time_elapsed     | 1.2e+03  |
| misc/total_timesteps  | 5.86e+06 |
| ratio_max             | 5.28     |
| ratio_min             | 0.135    |
| ret_avg               | 0.911    |
| ret_max               | 3.6      |
| ret_med               | -0.106   |
| ret_min               | -0.58    |
| ret_var               | 2.05     |
------------------------------------
------------------------------------
| action_max            | 14       |
| action_min            | 0        |
| adv_avg               | -0.581   |
| adv_max               | 0.949    |
| adv_med               | -0.583   |
| adv_min               | -1.51    |
| adv_var               | 0.0287   |
| clipfrac              | 0.438    |
| curr_lr               | 0.001    |
| entropy               | 1.11     |
| eplenmean             | 225      |
| eprewmean             | 3.17     |
| fps                   | 5.14e+03 |
| grad_norm             | 1.18     |
| kl                    | 0.105    |
| loss_pi               | -0.0555  |
| loss_v                | 0.0203   |
| lr                    | 0.001    |
| misc/nupdates         | 1.44e+03 |
| misc/serial_timesteps | 5.9e+06  |
| misc/time_elapsed     | 1.21e+03 |
| misc/total_timesteps  | 5.9e+06  |
| ratio_max             | 14.9     |
| ratio_min             | 0.031    |
| ret_avg               | 0.622    |
| ret_max               | 3.57     |
| ret_med               | -0.301   |
| ret_min               | -0.582   |
| ret_var               | 1.77     |
------------------------------------
------------------------------------
| action_max            | 14       |
| action_min            | 0        |
| adv_avg               | -0.583   |
| adv_max               | 0.918    |
| adv_med               | -0.586   |
| adv_min               | -2.69    |
| adv_var               | 0.0443   |
| clipfrac              | 0.385    |
| curr_lr               | 0.001    |
| entropy               | 1.13     |
| eplenmean             | 222      |
| eprewmean             | 2.93     |
| fps                   | 4.83e+03 |
| grad_norm             | 1.65     |
| kl                    | 0.0867   |
| loss_pi               | -0.052   |
| loss_v                | 0.0206   |
| lr                    | 0.001    |
| misc/nupdates         | 1.45e+03 |
| misc/serial_timesteps | 5.94e+06 |
| misc/time_elapsed     | 1.22e+03 |
| misc/total_timesteps  | 5.94e+06 |
| ratio_max             | 6.27     |
| ratio_min             | 0.0248   |
| ret_avg               | 1.01     |
| ret_max               | 3.54     |
| ret_med               | 0.786    |
| ret_min               | -0.585   |
| ret_var               | 1.97     |
------------------------------------
------------------------------------
| action_max            | 14       |
| action_min            | 0        |
| adv_avg               | -0.578   |
| adv_max               | 0.806    |
| adv_med               | -0.589   |
| adv_min               | -1.08    |
| adv_var               | 0.0192   |
| clipfrac              | 0.355    |
| curr_lr               | 0.001    |
| entropy               | 1.05     |
| eplenmean             | 240      |
| eprewmean             | 3.1      |
| fps                   | 5.16e+03 |
| grad_norm             | 1.24     |
| kl                    | 0.0638   |
| loss_pi               | -0.0456  |
| loss_v                | 0.00792  |
| lr                    | 0.001    |
| misc/nupdates         | 1.46e+03 |
| misc/serial_timesteps | 5.98e+06 |
| misc/time_elapsed     | 1.23e+03 |
| misc/total_timesteps  | 5.98e+06 |
| ratio_max             | 4.15     |
| ratio_min             | 0.0469   |
| ret_avg               | 0.635    |
| ret_max               | 3.52     |
| ret_med               | -0.363   |
| ret_min               | -0.587   |
| ret_var               | 1.85     |
------------------------------------
