action_max,action_min,adv_avg,adv_max,adv_med,adv_min,adv_var,clipfrac,critic_ratio_max,critic_ratio_min,critic_rows,curr_lr,entropy,eplenmean,eprewmean,fps,grad_norm,joint_actor_effective_critic_scale_ratio,joint_actor_effective_scale,joint_actor_fisher_quadratic,joint_actor_normalized_mean_gram_diag,joint_actor_normalized_rhs_l2,joint_actor_normalized_rows_l2,joint_actor_raw_critic_scale_ratio,joint_actor_raw_rows_l2,joint_actor_raw_scale,joint_actor_scale_floor,joint_actor_scale_floor_active,joint_actor_scale_floor_ratio,joint_applied_solve_residual,joint_cholesky_info_max,joint_clip_scale,joint_critic_ggn_quadratic,joint_critic_normalized_mean_gram_diag,joint_critic_normalized_rhs_l2,joint_critic_normalized_rows_l2,joint_critic_raw_rows_l2,joint_critic_raw_scale,joint_cross_block_frobenius,joint_direction_l2,joint_finite_scan_pass,joint_kernel_mode,joint_linear_solve_dtype,joint_policy_direction_l2,joint_policy_post_lr_delta_l2,joint_post_lr_delta_l2,joint_predicted_step_kl,joint_relative_damping,joint_relative_solve_residual,joint_shared_direction_l2,joint_shared_post_lr_delta_l2,joint_solve_residual,joint_solver_mode,joint_system_rows,joint_value_direction_l2,joint_value_post_lr_delta_l2,kl,loss_pi,loss_v,lr,misc/nupdates,misc/serial_timesteps,misc/time_elapsed,misc/total_timesteps,optimizer_history_correction,optimizer_momentum,optimizer_momentum_semantics,ratio_max,ratio_min,ret_avg,ret_max,ret_med,ret_min,ret_var
14,0,0.07595530897378922,0.2403147965669632,0.07714492827653885,-0.04052111506462097,0.001333096413873136,0.0,1.0,1.0,512,0.0011390625,1.228690266609192,934.9142857142857,0.0,936,0.36075782775878906,0.17727934586217414,1100.1896751986274,0.008658245205879211,1.0,0.6821833252906799,22.627416610717773,0.17727934586217414,750.53125,1100.1896751986274,62.059664641021975,0.0,0.01,4.900949422790936e-15,0,1.0,0.0001863267389126122,1.0000001192092896,0.025618407875299454,22.627418518066406,1782.541748046875,6205.966464102197,16.367530822753906,0.36075782775878906,1.0,full_shared_joint2b_critic_anchored_actor_scale_floor,torch.float64,0.1705523133277893,0.00019426974176894873,0.0004109256842639297,5.616877629677219e-09,0.5,4.900949422790936e-15,0.3177691102027893,0.0003619588678702712,4.900949422790936e-15,block_normalized_symmetric_jacobi_fp64_cholesky,1024,0.008996030315756798,1.0247040336253121e-05,0.062352195382118225,-0.009491058066487312,0.007955064065754414,0.0007593750000000001,9,40960,45.375679708085954,40960,1.0,1e-06,paper_sgd_momentum_1e-6,2.3626956939697266,0.6097144484519958,-0.03651632368564606,0.11178204417228699,-0.04221642017364502,-0.09567300975322723,0.0007756947306916118
14,0,0.08203980326652527,0.29733753204345703,0.06744761765003204,-0.04079866409301758,0.0024728397838771343,0.0,1.0,1.0,512,0.00010000000000000003,1.1404690742492676,971.8765432098766,0.0,936,0.5643762946128845,0.11377234144948231,912.3642825237175,0.0077005731873214245,1.0,0.7491188645362854,22.627416610717773,0.11377234144948231,683.469482421875,912.3642825237175,80.19209861553473,0.0,0.01,5.989432831393169e-15,0,0.8859337568283081,2.71861681540031e-05,1.0,0.02973106876015663,22.627416610717773,2026.2861328125,8019.209861553473,19.152048110961914,0.5643762946128845,1.0,full_shared_joint2b_critic_anchored_actor_scale_floor,torch.float64,0.2336188554763794,2.0697083527920768e-05,5.0000002374872565e-05,3.022007644126745e-11,0.5,5.989432831393169e-15,0.5137096643447876,4.551127494778484e-05,5.989432831393169e-15,block_normalized_symmetric_jacobi_fp64_cholesky,1024,0.006724258419126272,5.957247708465729e-07,0.08479051291942596,0.019734224304556847,0.013844670727849007,0.0001,19,81920,89.29400999005884,81920,1.0,1e-06,paper_sgd_momentum_1e-6,6.624765872955322,0.36313697695732117,0.011564749293029308,0.08603274077177048,0.009745199233293533,-0.06195751950144768,0.0006442687590606511
14,0,0.020167235285043716,0.42492324113845825,0.03485313802957535,-0.4565232992172241,0.037246908992528915,0.0,1.0,1.0,512,0.00022500000000000005,1.7961759567260742,1000.0,0.0,934,0.580058217048645,0.19589758180299793,1012.5039439099894,0.01073540560901165,1.0,0.7111096978187561,22.627416610717773,0.19589758180299793,720.0014038085938,1012.5039439099894,51.68537225376278,0.0,0.01,3.0855493037104896e-15,0,0.8619824647903442,0.0006634199526160955,1.0,0.10561368614435196,22.627416610717773,1626.742431640625,5168.537225376278,32.21099853515625,0.580058217048645,1.0,full_shared_joint2b_critic_anchored_actor_scale_floor,torch.float64,0.2650614380836487,5.140762004884891e-05,0.00011249999806750566,2.0190651928153613e-10,0.5,3.0855493037104896e-15,0.5157983303070068,0.00010003704664995894,3.0855493037104896e-15,block_normalized_symmetric_jacobi_fp64_cholesky,1024,0.012731621973216534,2.4692478746146662e-06,0.11513738334178925,-0.05693991482257843,0.1125999242067337,0.00015000000000000004,29,122880,133.24628484621644,122880,1.0,1e-06,paper_sgd_momentum_1e-6,7.710463523864746,0.47310635447502136,0.16618216037750244,0.3909928500652313,0.17471246421337128,-0.10999734699726105,0.0051170699298381805
14,0,0.0362371951341629,2.592266082763672,0.283321738243103,-2.5575685501098633,1.3840546607971191,0.0,1.0,1.0,512,0.00022500000000000005,2.071542739868164,1000.0,0.0,873,0.6293107867240906,0.22435024912942417,981.1858248882694,0.0033687916584312916,1.0,0.7223694324493408,22.627416610717773,0.22435024912942417,708.7786254882812,981.1858248882694,43.73455472840766,0.0,0.01,2.629244066048938e-15,0,0.7945199608802795,0.012749818153679371,1.0,0.5839831829071045,22.627416610717773,1496.3988037109375,4373.455472840766,30.7236328125,0.6293107867240906,1.0,full_shared_joint2b_critic_anchored_actor_scale_floor,torch.float64,0.26547175645828247,4.745758633362129e-05,0.00011249999806750566,5.38293090657227e-11,0.5,2.629244066048938e-15,0.561580240726471,0.00010039201151812449,2.629244066048938e-15,block_normalized_symmetric_jacobi_fp64_cholesky,1024,0.10091798007488251,1.8040804206975736e-05,0.1306178867816925,-0.02858966588973999,2.913100242614746,0.00015000000000000004,39,163840,177.77989922231063,163840,1.0,1e-06,paper_sgd_momentum_1e-6,8.016489028930664,0.29523903131484985,-0.2975836992263794,1.259442925453186,-0.25127607583999634,-1.6029348373413086,0.2301361858844757
14,0,0.2094167172908783,1.0431864261627197,0.13440632820129395,-0.6757693290710449,0.15548904240131378,0.0,1.0,1.0,512,0.0001,1.7312133312225342,982.54,0.0,937,0.39304718375205994,0.2265545499579081,1058.9193060911086,0.004237100947648287,1.0000001192092896,0.695350170135498,22.627418518066406,0.2265545499579081,736.3197021484375,1058.9193060911086,46.74014740767055,0.0,0.01,4.205750759613184e-15,0,1.0,0.000298041122732684,1.0,0.10370996594429016,22.627416610717773,1546.9632568359375,4674.014740767055,28.130226135253906,0.3930472135543823,1.0,full_shared_joint2b_critic_anchored_actor_scale_floor,torch.float64,0.18177492916584015,1.817749216570519e-05,3.930471939384006e-05,2.118550300467259e-11,0.5,4.205750759613184e-15,0.3473941385746002,3.4739412512863055e-05,4.205750759613184e-15,block_normalized_symmetric_jacobi_fp64_cholesky,1024,0.027591511607170105,2.7591511297941906e-06,0.059024013578891754,-0.0032087210565805435,0.0981886088848114,0.0001,49,204800,221.8136842274107,204800,1.0,1e-06,paper_sgd_momentum_1e-6,1.8819732666015625,0.4012397825717926,-0.5303968191146851,-0.04022130370140076,-0.5185860395431519,-1.2132145166397095,0.04312440752983093
14,0,-0.04546260088682175,1.2836624383926392,0.008400234393775463,-2.5179038047790527,0.16955672204494476,0.0,1.0,1.0,512,0.0001,1.5645265579223633,977.77,0.2,936,0.10230498015880585,0.8584718071297885,47790.458611371374,0.0003711609751917422,1.0,0.10350573062896729,22.627416610717773,0.8584718071297885,4946.5859375,47790.458611371374,556.6922316430381,0.0,0.01,3.105713814323376e-15,0,1.0,0.00019329793576616794,0.9999998807907104,0.035924192517995834,22.62741470336914,5338.78662109375,55669.2231643038,72.7703857421875,0.10230497270822525,1.0,full_shared_joint2b_critic_anchored_actor_scale_floor,torch.float64,0.032775431871414185,3.2775431009213207e-06,1.0230496627627872e-05,1.8558047893552088e-12,0.5,3.105713814323376e-15,0.09573296457529068,9.573296665621456e-06,3.105713814323376e-15,block_normalized_symmetric_jacobi_fp64_cholesky,1024,0.015075738541781902,1.507573870185297e-06,0.08804120123386383,-0.01541058998554945,0.14031988382339478,0.0001,59,245760,265.6878814403899,245760,1.0,1e-06,paper_sgd_momentum_1e-6,2.5730676651000977,0.33527204394340515,0.5632019639015198,1.8970084190368652,0.6170752644538879,-0.6482445001602173,0.24253679811954498
13,0,-0.2502598762512207,1.6370139122009277,-0.10185310989618301,-4.930229663848877,1.1085652112960815,0.0,1.0,1.0,512,0.00015000000000000004,0.21270440518856049,67.85,6.1,935,0.11224079132080078,0.7899869623069956,44040.12318427375,0.004821959882974625,1.0,0.10782282054424286,22.627416610717773,0.7899869623069956,4748.53076171875,44040.12318427375,557.4791140307374,0.0,0.01,2.1612798901973414e-15,0,1.0,0.0006235480541363358,1.0,0.1070408895611763,22.627416610717773,5342.55859375,55747.91140307374,2.927600860595703,0.11224079877138138,1.0,full_shared_joint2b_critic_anchored_actor_scale_floor,torch.float64,0.04667719826102257,7.001579888310516e-06,1.683612026681658e-05,5.4247054764866576e-11,0.5,2.1612798901973414e-15,0.0772506520152092,1.1587598237383645e-05,2.1612798901973414e-15,block_normalized_symmetric_jacobi_fp64_cholesky,1024,0.06672010570764542,1.0008016033680178e-05,0.48465800285339355,-0.0649850070476532,1.2475502490997314,0.00010000000000000003,69,286720,309.8935896633193,286720,1.0,1e-06,paper_sgd_momentum_1e-6,8.629508972167969,0.10000000149011612,3.4644341468811035,5.681528568267822,3.445183753967285,-0.27088260650634766,1.522814393043518
5,5,-0.54740309715271,-0.4503239393234253,-0.5035402178764343,-2.4673893451690674,0.04470568895339966,0.0,1.0,1.0,512,0.5,1.5171747691056225e-05,334.2,4.9,937,0.0021099336445331573,0.01,290.4256025636934,9.888129967155964e-20,2.794922515647613e-09,1.3277536630630493,0.001196244265884161,2.7949224011554242e-11,0.02038624696433544,8.117170224743289e-07,290.4256025636934,1.0,0.01,7.305344386326909e-16,0,1.0,4.957247483616811e-07,1.0,0.03132745996117592,22.627416610717773,3856.13671875,29042.560256369343,0.0002965532476082444,0.0021099336445331573,1.0,full_shared_joint2b_critic_anchored_actor_scale_floor,torch.float64,8.574474122724496e-06,4.287237061362248e-06,0.0010549668222665787,1.2360162458944955e-20,0.5,7.305344386326909e-16,0.0008186544291675091,0.00040932721458375454,7.305344386326909e-16,block_normalized_symmetric_jacobi_fp64_cholesky,1024,0.001944621209986508,0.000972310604993254,8.274063212354577e-09,6.51925802230835e-08,0.05566924810409546,0.5,79,327680,354.1948508042842,327680,1.0,1e-06,paper_sgd_momentum_1e-6,1.0000003576278687,1.0,1.4236663579940796,1.5410149097442627,1.4590749740600586,-0.4649392068386078,0.04446098580956459
8,8,-0.05977904051542282,2.9773221015930176,-0.24182884395122528,-3.0658316612243652,1.0963659286499023,0.0,1.0,1.0,512,0.5,4.057474842222852e-12,429.33,3.7,936,0.013935556635260582,0.01,1119.031270665995,6.548143755323373e-30,1.3065852686077684e-22,0.6764160394668579,2.586448555330634e-10,1.3065851641749628e-24,8.652167871048277e-09,1.4621096565000463e-19,1119.031270665995,1.0,0.01,2.0767837870278102e-15,0,1.0,1.4845843907096423e-05,0.9999998807907104,0.1038881316781044,22.62741470336914,7569.306640625,111903.1270665995,9.56376644545287e-11,0.013935556635260582,1.0,full_shared_joint2b_critic_anchored_actor_scale_floor,torch.float64,3.5797458747266475e-11,1.7898729373633238e-11,0.006967778317630291,8.185179694154217e-31,0.5,2.0767837870278102e-15,0.007692982908338308,0.003846491454169154,2.0767837870278102e-15,block_normalized_symmetric_jacobi_fp64_cholesky,1024,0.011619714088737965,0.005809857044368982,5.458876623301578e-13,-7.450580596923828e-09,2.3588709831237793,0.5,89,368640,398.0051505002193,368640,1.0,1e-06,paper_sgd_momentum_1e-6,1.0,1.0,0.8252558708190918,3.7968909740448,0.13463811576366425,-0.7937353849411011,2.239377737045288
8,8,-0.6765795946121216,1.0229820013046265,-0.6722152233123779,-3.203517436981201,0.42621028423309326,0.0,1.0,1.0,512,0.5,9.550065696901334e-18,60.94,5.3,936,0.005631894804537296,0.01,3580.249110164349,2.0178697886277366e-42,6.814116213928694e-34,0.3781624138355255,5.9066296741649895e-16,6.814116340009824e-36,3.534242600726316e-14,2.439623396287652e-30,3580.249110164349,1.0,0.01,1.6220410512289077e-15,0,1.0,1.0451685739099048e-07,1.0,0.025086797773838043,22.627416610717773,13539.15625,358024.9110164349,5.2060259594805e-16,0.005631895270198584,1.0,full_shared_joint2b_critic_anchored_actor_scale_floor,torch.float64,1.1034806092777878e-17,5.517403046388939e-18,0.002815947635099292,2.5223372357846707e-43,0.5,1.6220410512289077e-15,0.005428077653050423,0.0027140388265252113,1.6220410512289077e-15,block_normalized_symmetric_jacobi_fp64_cholesky,1024,0.0015014040982350707,0.0007507020491175354,1.9451439549447308e-18,-7.916241884231567e-09,0.4400820732116699,0.5,99,409600,441.9243650371209,409600,1.0,1e-06,paper_sgd_momentum_1e-6,1.0,1.0,1.7665033340454102,3.3747994899749756,1.904423475265503,-0.624672532081604,1.068118929862976
8,8,-0.6710720062255859,0.9133458733558655,-0.67276930809021,-2.4251739978790283,0.24890148639678955,0.0,1.0,1.0,512,0.5,3.3313051713458726e-24,61.6,5.9,939,0.003311712760478258,0.01,6135.407308189456,0.0,0.0,0.2888771891593933,0.0,3.6241414006040634e-49,8.843679542282086e-21,2.223558363517814e-43,6135.407308189456,1.0,0.01,1.3284608236308648e-15,0,1.0,6.585182177332172e-08,1.0,0.013991562649607658,22.627416610717773,17723.79296875,613540.7308189456,0.0,0.003311712760478258,1.0,full_shared_joint2b_critic_anchored_actor_scale_floor,torch.float64,0.0,0.0,0.001655856380239129,0.0,0.5,1.3284608236308648e-15,0.003049003193154931,0.0015245015965774655,1.3284608236308648e-15,block_normalized_symmetric_jacobi_fp64_cholesky,1024,0.0012926800409331918,0.0006463400204665959,3.445716577354664e-25,-7.82310962677002e-08,0.23458804190158844,0.5,109,450560,486.5523682711646,450560,1.0,1e-06,paper_sgd_momentum_1e-6,1.0,1.0,1.5623224973678589,2.8494091033935547,1.9375696182250977,-0.6978179216384888,0.893118679523468
8,8,-0.710991621017456,0.8014789819717407,-0.7199602127075195,-2.129202127456665,0.21968922019004822,0.0,1.0,1.0,512,0.5,6.68352541187187e-26,65.92,6.0,939,0.002761203795671463,0.010000000000000002,8429.394623576718,0.0,0.0,0.24645450711250305,0.0,4.306336393812555e-52,1.6740958743820435e-22,3.62998088453163e-46,8429.394623576718,1.0,0.01,1.2608224418098262e-15,0,1.0,1.0851393028588063e-07,0.9999998807907104,0.011663416400551796,22.62741470336914,20774.623046875,842939.4623576717,0.0,0.002761203795671463,1.0,full_shared_joint2b_critic_anchored_actor_scale_floor,torch.float64,0.0,0.0,0.0013806018978357315,0.0,0.5,1.2608224418098262e-15,0.0025367536582052708,0.0012683768291026354,1.2608224418098262e-15,block_normalized_symmetric_jacobi_fp64_cholesky,1024,0.0010904710507020354,0.0005452355253510177,8.619870207619369e-28,-2.60770320892334e-08,0.2239639014005661,0.5,119,491520,530.189853163436,491520,1.0,1e-06,paper_sgd_momentum_1e-6,1.0,1.0,1.407052755355835,2.567030668258667,1.7583580017089844,-0.7615989446640015,0.7643197774887085
8,8,-0.7644481062889099,0.989182710647583,-0.7708024382591248,-2.1751246452331543,0.17091189324855804,0.0,1.0,1.0,512,0.5,3.0136293492935006e-30,67.53,6.1,941,0.0023239594884216785,0.01,10539.240127219591,0.0,0.0,0.22040949761867523,0.0,4.112472691543282e-61,0.0,4.334233721280771e-55,10539.240127219591,1.0,0.01,1.3224057372153254e-15,0,1.0,5.3210818862226006e-08,0.9999999403953552,0.009190729819238186,22.627416610717773,23229.48828125,1053924.012721959,0.0,0.002323959255591035,1.0,full_shared_joint2b_critic_anchored_actor_scale_floor,torch.float64,0.0,0.0,0.0011619796277955174,0.0,0.5,1.3224057372153254e-15,0.002218711655586958,0.001109355827793479,1.3224057372153254e-15,block_normalized_symmetric_jacobi_fp64_cholesky,1024,0.0006914513069204986,0.0003457256534602493,7.69912212526929e-33,7.450580596923828e-08,0.1738758683204651,0.5,129,532480,573.8135355650447,532480,1.0,1e-06,paper_sgd_momentum_1e-6,1.0,1.0,1.185619831085205,2.4311039447784424,1.4099345207214355,-0.8147633671760559,0.6553375124931335
8,8,-0.8594096899032593,0.7775295972824097,-0.8552821278572083,-2.1260430812835693,0.1704915463924408,0.0,1.0,1.0,512,0.5,3.5484395236986966e-32,61.07,5.6,941,0.0021337978541851044,0.01,11797.8020559803,0.0,0.0,0.20832166075706482,0.0,5.884285001026868e-65,0.0,6.942162968308883e-59,11797.8020559803,1.0,0.01,1.037140859272463e-15,0,1.0,7.024411718958845e-09,0.9999999403953552,0.009194891899824142,22.627416610717773,24577.376953125,1179780.20559803,0.0,0.0021337978541851044,1.0,full_shared_joint2b_critic_anchored_actor_scale_floor,torch.float64,0.0,0.0,0.0010668989270925522,0.0,0.5,1.037140859272463e-15,0.0020663656760007143,0.0010331828380003572,1.037140859272463e-15,block_normalized_symmetric_jacobi_fp64_cholesky,1024,0.0005321904318407178,0.0002660952159203589,3.098761295409682e-34,2.7939677238464355e-08,0.19481591880321503,0.5,139,573440,617.8916504234076,573440,1.0,1e-06,paper_sgd_momentum_1e-6,1.0,1.0,0.8354930281639099,1.8419718742370605,1.2597053050994873,-0.8881037831306458,0.9434391260147095
8,8,-0.9727975130081177,0.6531481742858887,-0.9315808415412903,-2.310091733932495,0.17466866970062256,0.0,1.0,1.0,512,0.5,2.0898853103523567e-31,62.92,5.5,923,0.0020825720857828856,0.01,13957.4236325465,0.0,0.0,0.19152802228927612,0.0,2.724414602558973e-63,0.0,3.802580875861139e-57,13957.4236325465,1.0,0.01,1.0565727980558472e-15,0,1.0,2.0744208129030994e-08,0.9999999403953552,0.008187984116375446,22.627416610717773,26732.37890625,1395742.36325465,0.0,0.002082572318613529,1.0,full_shared_joint2b_critic_anchored_actor_scale_floor,torch.float64,0.0,0.0,0.0010412861593067646,0.0,0.5,1.0565727980558472e-15,0.001978935208171606,0.000989467604085803,1.0565727980558472e-15,block_normalized_symmetric_jacobi_fp64_cholesky,1024,0.000648785731755197,0.0003243928658775985,1.5206272064053884e-33,1.0058283805847168e-07,0.18276341259479523,0.5,149,614400,662.5108239264227,614400,1.0,1e-06,paper_sgd_momentum_1e-6,1.0,1.0,0.820074200630188,1.8474147319793701,1.2678872346878052,-1.1517395973205566,0.9116107225418091
8,8,-0.8763618469238281,0.7482652068138123,-0.910559356212616,-2.1765265464782715,0.15100738406181335,0.0,1.0,1.0,512,0.5,8.291859664500533e-35,62.79,6.5,938,0.001656532404012978,0.01,14914.481918910906,0.0,0.0,0.18528099358081818,0.0,1.8385103653603897e-70,0.0,2.7420429601897812e-64,14914.481918910906,1.0,0.01,8.823151426633141e-16,0,1.0,3.4337652721205814e-08,0.9999998807907104,0.007162397727370262,22.62741470336914,27633.701171875,1491448.1918910905,0.0,0.001656532404012978,1.0,full_shared_joint2b_critic_anchored_actor_scale_floor,torch.float64,0.0,0.0,0.000828266202006489,0.0,0.5,8.823151426633141e-16,0.0016068536788225174,0.0008034268394112587,8.823151426633141e-16,block_normalized_symmetric_jacobi_fp64_cholesky,1024,0.00040264244307763875,0.00020132122153881937,3.543790770059431e-37,4.842877388000488e-08,0.14943595230579376,0.5,159,655360,706.1661037001759,655360,1.0,1e-06,paper_sgd_momentum_1e-6,1.0,1.0,0.8858047127723694,1.671535849571228,1.2870668172836304,-1.0443602800369263,0.7659799456596375
8,8,-0.9904607534408569,0.746589183807373,-0.9904215931892395,-2.3481833934783936,0.14748670160770416,0.0,1.0,1.0,512,0.5,2.5302925487762603e-33,66.07,6.1,942,0.00138181634247303,0.01,16611.947434043952,0.0,0.0,0.1755596399307251,0.0,1.6594595655087086e-67,0.0,2.7566855071152082e-61,16611.947434043952,1.0,0.01,1.0405882993550127e-15,0,1.0,1.3369577445132563e-08,1.0,0.0069551849737763405,22.627416610717773,29163.875,1661194.7434043952,0.0,0.00138181634247303,1.0,full_shared_joint2b_critic_anchored_actor_scale_floor,torch.float64,0.0,0.0,0.000690908171236515,0.0,0.5,1.0405882993550127e-15,0.0013512643054127693,0.0006756321527063847,1.0405882993550127e-15,block_normalized_symmetric_jacobi_fp64_cholesky,1024,0.00028896547155454755,0.00014448273577727377,9.6493155759736e-36,1.1082738637924194e-07,0.1569523811340332,0.5,169,696320,749.7837089910172,696320,1.0,1e-06,paper_sgd_momentum_1e-6,1.0,1.0,0.7106009721755981,1.8405417203903198,1.0986390113830566,-1.0880529880523682,0.796053409576416
8,8,-0.9758569598197937,0.5687931180000305,-1.0080748796463013,-2.382168769836426,0.14385446906089783,0.0,1.0,1.0,512,0.5,2.160464255839062e-34,61.5,6.0,941,0.0014129045885056257,0.010000000000000002,17395.67413683072,0.0,0.0,0.17155934870243073,0.0,1.1480379007575827e-69,0.0,1.997089321831011e-63,17395.67413683072,1.0,0.01,8.026500770096659e-16,0,1.0,1.2217833855743265e-08,0.9999999403953552,0.006313636898994446,22.627416610717773,29843.900390625,1739567.4136830717,0.0,0.0014129045885056257,1.0,full_shared_joint2b_critic_anchored_actor_scale_floor,torch.float64,0.0,0.0,0.0007064522942528129,0.0,0.5,8.026500770096659e-16,0.0013819218147546053,0.0006909609073773026,8.026500770096659e-16,block_normalized_symmetric_jacobi_fp64_cholesky,1024,0.00029426455148495734,0.00014713227574247867,7.965953532875887e-37,-2.3283064365386963e-08,0.13543488085269928,0.5,179,737280,793.4977504131384,737280,1.0,1e-06,paper_sgd_momentum_1e-6,1.0,1.0,0.8228280544281006,1.5812044143676758,1.2746868133544922,-1.3839209079742432,0.8037956357002258
8,8,-1.0264838933944702,0.6297167539596558,-1.0363730192184448,-2.3476154804229736,0.13615351915359497,0.0,1.0,1.0,512,0.5,1.5138387035705156e-35,60.27,6.3,872,0.001411621575243771,0.01,18804.25344355019,0.0,0.0,0.16500873863697052,0.0,1.0498666641444028e-71,0.0,1.9741958834505936e-65,18804.25344355019,1.0,0.01,8.980866873745263e-16,0,1.0,8.748830104821081e-09,1.0,0.006183095276355743,22.627416610717773,31028.66015625,1880425.344355019,0.0,0.001411621691659093,1.0,full_shared_joint2b_critic_anchored_actor_scale_floor,torch.float64,0.0,0.0,0.0007058108458295465,0.0,0.5,8.980866873745263e-16,0.0013029525289312005,0.0006514762644656003,8.980866873745263e-16,block_normalized_symmetric_jacobi_fp64_cholesky,1024,0.0005431302124634385,0.00027156510623171926,6.167250747704252e-38,-2.193264663219452e-07,0.14040997624397278,0.5,189,778240,838.1038414044306,778240,1.0,1e-06,paper_sgd_momentum_1e-6,1.0,1.0,0.6216802597045898,1.5035508871078491,1.0117608308792114,-1.1344727277755737,0.811144232749939
8,8,-1.1293185949325562,0.49936339259147644,-1.0936286449432373,-2.30599045753479,0.13736183941364288,0.0,1.0,1.0,512,0.5,4.909959242403011e-39,60.92,5.6,940,0.001544295228086412,0.009999999999999998,19686.875857195755,0.0,0.0,0.16126741468906403,0.0,5.1143963020692454e-79,0.0,1.0068648508333828e-72,19686.875857195755,1.0,0.01,8.789094313481224e-16,0,1.0,9.270566536656588e-09,1.0,0.005654590204358101,22.627416610717773,31748.51171875,1968687.5857195756,0.0,0.001544295228086412,1.0,full_shared_joint2b_critic_anchored_actor_scale_floor,torch.float64,0.0,0.0,0.000772147614043206,0.0,0.5,8.789094313481224e-16,0.001476846169680357,0.0007384230848401785,8.789094313481224e-16,block_normalized_symmetric_jacobi_fp64_cholesky,1024,0.00045141237205825746,0.00022570618602912873,8.19479341937153e-42,-1.043081283569336e-07,0.12294447422027588,0.5,199,819200,881.8155171354301,819200,1.0,1e-06,paper_sgd_momentum_1e-6,1.0,1.0,0.5655581951141357,1.8364216089248657,1.0751792192459106,-1.1139979362487793,0.8931434154510498
8,8,-1.1243948936462402,0.35880327224731445,-1.101115107536316,-2.3813107013702393,0.12942814826965332,0.0,1.0,1.0,512,0.5,2.6915170083175e-37,64.49,6.2,940,0.0010619593085721135,0.01,21169.430991230216,0.0,0.0,0.15551789104938507,0.0,2.924226385153268e-75,0.0,6.19042086632367e-69,21169.430991230216,1.0,0.01,9.111127001290228e-16,0,1.0,2.425703637953802e-09,1.0000001192092896,0.005626634694635868,22.627418518066406,32922.25390625,2116943.0991230216,0.0,0.0010619593085721135,1.0,full_shared_joint2b_critic_anchored_actor_scale_floor,torch.float64,0.0,0.0,0.0005309796542860568,0.0,0.5,9.111127001290228e-16,0.0010126889683306217,0.0005063444841653109,9.111127001290228e-16,block_normalized_symmetric_jacobi_fp64_cholesky,1024,0.00031971681164577603,0.00015985840582288802,8.919180647519601e-40,3.5390257835388184e-08,0.1308990716934204,0.5,209,860160,925.4599069170654,860160,1.0,1e-06,paper_sgd_momentum_1e-6,1.0,1.0,0.6413602232933044,1.4537357091903687,1.0952982902526855,-1.1637327671051025,0.7860311269760132
8,8,-1.1488993167877197,0.622886598110199,-1.1239725351333618,-2.5330777168273926,0.1512250006198883,0.0,1.0,1.0,512,0.5,3.2348204334783023e-38,61.93,5.4,941,0.0014202892780303955,0.01,22495.23583589348,0.0,0.0,0.15086542069911957,0.0,3.959075577738399e-77,0.0,8.906033881335151e-71,22495.23583589348,1.0,0.01,1.0215521499008982e-15,0,1.0,2.7554939663332334e-08,1.0,0.005795903969556093,22.627416610717773,33937.53125,2249523.583589348,0.0,0.0014202891616150737,1.0,full_shared_joint2b_critic_anchored_actor_scale_floor,torch.float64,0.0,0.0,0.0007101445808075368,0.0,0.5,1.0215521499008982e-15,0.0013727180194109678,0.0006863590097054839,1.0215521499008982e-15,block_normalized_symmetric_jacobi_fp64_cholesky,1024,0.0003645088290795684,0.0001822544145397842,3.826245456838913e-41,-1.6763806343078613e-08,0.14759203791618347,0.5,219,901120,969.2127578821965,901120,1.0,1e-06,paper_sgd_momentum_1e-6,1.0,1.0,0.44958916306495667,1.5500999689102173,0.9724251627922058,-1.1899460554122925,0.8898550271987915
8,8,-1.1049587726593018,0.4778681993484497,-1.1078230142593384,-2.283022880554199,0.11004957556724548,0.0,1.0,1.0,512,0.5,1.4187121200812887e-38,64.05,6.2,941,0.0010414577554911375,0.01,24167.94957191924,0.0,0.0,0.1455509513616562,0.0,2.3617871327083836e-78,0.0,5.707955232290394e-72,24167.94957191924,1.0,0.01,7.067434549374485e-16,0,1.0,1.681452488355717e-08,0.9999998807907104,0.004675242584198713,22.62741470336914,35176.68359375,2416794.9571919236,0.0,0.0010414578719064593,1.0,full_shared_joint2b_critic_anchored_actor_scale_floor,torch.float64,0.0,0.0,0.0005207289359532297,0.0,0.5,7.067434549374485e-16,0.0009812678908929229,0.0004906339454464614,7.067434549374485e-16,block_normalized_symmetric_jacobi_fp64_cholesky,1024,0.0003489239315968007,0.00017446196579840034,2.305135973814324e-41,-3.129243850708008e-07,0.10317587852478027,0.5,229,942080,1013.5185263981111,942080,1.0,1e-06,paper_sgd_momentum_1e-6,1.0,1.0,0.6236937046051025,1.587606430053711,1.0452005863189697,-1.2751342058181763,0.746474027633667
8,8,-1.1902374029159546,0.42259615659713745,-1.161431074142456,-2.3912150859832764,0.12511228024959564,0.0,1.0,1.0,512,0.5,2.1089541888088497e-42,67.17,6.9,941,0.0012729166774079204,0.01,24990.20078970648,0.0,0.0,0.1431364119052887,0.0,4.229442367717266e-86,0.0,1.0569461399774607e-79,24990.20078970648,1.0,0.01,8.216851979838758e-16,0,1.0,2.067474014211257e-08,0.9999998807907104,0.005024401005357504,22.62741470336914,35770.07421875,2499020.078970648,0.0,0.0012729166774079204,1.0,full_shared_joint2b_critic_anchored_actor_scale_floor,torch.float64,0.0,0.0,0.0006364583387039602,0.0,0.5,8.216851979838758e-16,0.0012443704763427377,0.0006221852381713688,8.216851979838758e-16,block_normalized_symmetric_jacobi_fp64_cholesky,1024,0.00026806528330780566,0.00013403264165390283,4.203895392974451e-45,-1.9185245037078857e-07,0.12321636825799942,0.5,239,983040,1058.8775053890422,983040,1.0,1e-06,paper_sgd_momentum_1e-6,1.0,1.0,0.4736206829547882,1.7526692152023315,0.9252024292945862,-1.2293704748153687,0.8118411898612976
8,8,-1.1316297054290771,0.3588176965713501,-1.1375412940979004,-2.343679904937744,0.12182483822107315,0.0,1.0,1.0,512,0.5,1.6566430704940852e-40,66.74,6.3,941,0.0010758963180705905,0.01,26075.909914361626,0.0,0.0,0.1401248723268509,0.0,8.881950834131265e-82,0.0,2.3160494981459594e-75,26075.909914361626,1.0,0.01,6.945372213480807e-16,0,1.0,6.983884137667928e-09,0.9999998807907104,0.004541162867099047,22.627416610717773,36538.8359375,2607590.9914361625,0.0,0.0010758964344859123,1.0,full_shared_joint2b_critic_anchored_actor_scale_floor,torch.float64,0.0,0.0,0.0005379482172429562,0.0,0.5,6.945372213480807e-16,0.0010101564694195986,0.0005050782347097993,6.945372213480807e-16,block_normalized_symmetric_jacobi_fp64_cholesky,1024,0.00037032002001069486,0.00018516001000534743,2.4102333586386854e-43,1.2014061212539673e-07,0.10502766072750092,0.5,249,1024000,1102.7673738431185,1024000,1.0,1e-06,paper_sgd_momentum_1e-6,1.0,1.0,0.5137129426002502,1.2755604982376099,0.8351370096206665,-1.3173058032989502,0.7339615225791931
8,8,-1.1855478286743164,0.3794763386249542,-1.2054675817489624,-2.5632805824279785,0.12328670173883438,0.0,1.0,1.0,512,0.5,4.4335682112772887e-41,61.98,5.7,938,0.0011451637838035822,0.01,28969.332565412755,0.0,0.0,0.1329430788755417,0.0,5.7221494208605074e-83,0.0,1.6576684956189204e-76,28969.332565412755,1.0,0.01,8.979752210735363e-16,0,1.0,6.868836610607332e-09,1.0,0.004382360260933638,22.627416610717773,38512.72265625,2896933.2565412754,0.0,0.0011451637838035822,1.0,full_shared_joint2b_critic_anchored_actor_scale_floor,torch.float64,0.0,0.0,0.0005725818919017911,0.0,0.5,8.979752210735363e-16,0.0011126557365059853,0.0005563278682529926,8.979752210735363e-16,block_normalized_symmetric_jacobi_fp64_cholesky,1024,0.00027091969968751073,0.00013545984984375536,9.248569864543793e-44,-3.073364496231079e-07,0.10866375267505646,0.5,259,1064960,1147.0699557871558,1064960,1.0,1e-06,paper_sgd_momentum_1e-6,1.0,1.0,0.44864895939826965,1.4138163328170776,0.9442132115364075,-1.2533124685287476,0.8470902442932129
8,8,-1.2706620693206787,0.2731294631958008,-1.2649829387664795,-2.5966124534606934,0.1288648545742035,0.0,1.0,1.0,512,0.5,1.2582258911172532e-41,62.02,5.6,941,0.0010814705165103078,0.01,28704.63903223394,0.0,0.0,0.1335546225309372,0.0,2.3337400013051013e-84,0.0,6.698916433254809e-78,28704.63903223394,1.0,0.01,7.16500772534672e-16,0,1.0,3.67791308519827e-09,0.9999998807907104,0.004634832963347435,22.627416610717773,38336.37109375,2870463.903223394,0.0,0.0010814706329256296,1.0,full_shared_joint2b_critic_anchored_actor_scale_floor,torch.float64,0.0,0.0,0.0005407353164628148,0.0,0.5,7.16500772534672e-16,0.0010386260692030191,0.0005193130346015096,7.16500772534672e-16,block_normalized_symmetric_jacobi_fp64_cholesky,1024,0.000301387975923717,0.0001506939879618585,4.484155085839415e-44,-1.1175870895385742e-07,0.12043432891368866,0.5,269,1105920,1190.723627559375,1105920,1.0,1e-06,paper_sgd_momentum_1e-6,1.0,1.0,0.46142151951789856,1.402276873588562,1.0287507772445679,-1.2333972454071045,0.8775577545166016
8,8,-1.2452609539031982,0.3881642520427704,-1.2493066787719727,-2.494983673095703,0.10630585998296738,0.0,1.0,1.0,512,0.5,-0.0,66.53,6.6,942,0.0010211019543930888,0.01,30392.09924213725,0.0,0.0,0.12979401648044586,0.0,0.0,0.0,0.0,30392.09924213725,1.0,0.01,7.94899631089253e-16,0,1.0,5.199245478593184e-09,1.0,0.004204181022942066,22.627416610717773,39447.12109375,3039209.924213725,0.0,0.0010211019543930888,1.0,full_shared_joint2b_critic_anchored_actor_scale_floor,torch.float64,0.0,0.0,0.0005105509771965444,0.0,0.5,7.94899631089253e-16,0.0009727416909299791,0.00048637084546498954,7.94899631089253e-16,block_normalized_symmetric_jacobi_fp64_cholesky,1024,0.0003105202631559223,0.00015526013157796115,0.0,5.960464477539063e-08,0.10491885989904404,0.5,279,1146880,1234.3455363539979,1146880,1.0,1e-06,paper_sgd_momentum_1e-6,1.0,1.0,0.5691726207733154,1.7549318075180054,1.0338033437728882,-1.2589956521987915,0.7589042782783508
8,8,-1.297582745552063,0.24001549184322357,-1.2618464231491089,-2.4006335735321045,0.12875300645828247,0.0,1.0,1.0,512,0.5,1.401298464324817e-45,63.84,5.7,941,0.0010478701442480087,0.01,30802.887651524874,0.0,0.0,0.1289256364107132,0.0,1.6285571172392998e-93,0.0,5.016426191641338e-87,30802.887651524874,1.0,0.01,8.249976181905533e-16,0,1.0,7.2495098812908054e-09,0.9999998807907104,0.004475340712815523,22.62741470336914,39712.81640625,3080288.7651524874,0.0,0.001047870027832687,1.0,full_shared_joint2b_critic_anchored_actor_scale_floor,torch.float64,0.0,0.0,0.0005239350139163435,0.0,0.5,8.249976181905533e-16,0.0010254657827317715,0.0005127328913658857,8.249976181905533e-16,block_normalized_symmetric_jacobi_fp64_cholesky,1024,0.00021552601538132876,0.00010776300769066438,0.0,1.1734664440155029e-07,0.12049628794193268,0.5,289,1187840,1278.2260096929967,1187840,1.0,1e-06,paper_sgd_momentum_1e-6,1.0,1.0,0.17853564023971558,1.214918613433838,0.7328948378562927,-1.5476067066192627,1.0014621019363403
8,8,-1.2734160423278809,0.10952511429786682,-1.2758842706680298,-2.479294538497925,0.10939773172140121,0.0,1.0,1.0,512,0.5,2.129973665773722e-43,65.01,5.9,946,0.0012041889131069183,0.01,31967.990798126208,0.0,0.0,0.1265544295310974,0.0,5.984862488212891e-88,0.0,1.9132402895124041e-81,31967.990798126208,1.0,0.01,8.491353999731146e-16,0,1.0,6.747475467250297e-09,0.9999999403953552,0.00468426663428545,22.627416610717773,40456.90234375,3196799.0798126208,0.0,0.0012041889131069183,1.0,full_shared_joint2b_critic_anchored_actor_scale_floor,torch.float64,0.0,0.0,0.0006020944565534592,0.0,0.5,8.491353999731146e-16,0.0011290720431134105,0.0005645360215567052,8.491353999731146e-16,block_normalized_symmetric_jacobi_fp64_cholesky,1024,0.00041864931699819863,0.00020932465849909931,0.0,1.3783574104309082e-07,0.13700252771377563,0.5,299,1228800,1322.5129587133415,1228800,1.0,1e-06,paper_sgd_momentum_1e-6,1.0,1.0,0.5760385990142822,1.8055078983306885,0.9944232702255249,-1.4044889211654663,0.743064284324646
8,8,-1.3005285263061523,0.026897981762886047,-1.284175992012024,-2.428368091583252,0.11200243979692459,0.0,1.0,1.0,512,0.5,-0.0,65.15,6.0,942,0.000996944960206747,0.01,33317.34071685363,0.0,0.0,0.12396520376205444,0.0,0.0,0.0,0.0,33317.34071685363,1.0,0.01,7.595188268829534e-16,0,1.0,4.539165043837556e-09,1.0,0.003953067120164633,22.627416610717773,41301.91015625,3331734.071685363,0.0,0.000996944960206747,1.0,full_shared_joint2b_critic_anchored_actor_scale_floor,torch.float64,0.0,0.0,0.0004984724801033735,0.0,0.5,7.595188268829534e-16,0.000959595839958638,0.000479797919979319,7.595188268829534e-16,block_normalized_symmetric_jacobi_fp64_cholesky,1024,0.00027032382786273956,0.00013516191393136978,0.0,4.842877388000488e-08,0.10168776661157608,0.5,309,1269760,1366.2539563784376,1269760,1.0,1e-06,paper_sgd_momentum_1e-6,1.0,1.0,0.34413766860961914,1.2849955558776855,0.8754312992095947,-1.3993648290634155,0.8770699501037598
8,8,-1.3180440664291382,0.16572441160678864,-1.313000202178955,-2.7281882762908936,0.12021345645189285,0.0,1.0,1.0,512,0.5,1.961817850054744e-44,61.24,6.1,942,0.0009956724243238568,0.01,34524.74974391334,0.0,0.0,0.12177824229001999,0.0,3.243243199309269e-90,0.0,1.1197215981480136e-83,34524.74974391334,1.0,0.01,8.137086549985118e-16,0,1.0,3.692283812029018e-09,0.9999999403953552,0.004633666481822729,22.627416610717773,42043.6328125,3452474.9743913338,0.0,0.0009956724243238568,1.0,full_shared_joint2b_critic_anchored_actor_scale_floor,torch.float64,0.0,0.0,0.0004978362121619284,0.0,0.5,8.137086549985118e-16,0.0009683186654001474,0.0004841593327000737,8.137086549985118e-16,block_normalized_symmetric_jacobi_fp64_cholesky,1024,0.00023178158153314143,0.00011589079076657072,0.0,2.60770320892334e-08,0.14478051662445068,0.5,319,1310720,1409.8889895803295,1310720,1.0,1e-06,paper_sgd_momentum_1e-6,1.0,1.0,0.4057980477809906,1.3309251070022583,0.961850106716156,-1.307425618171692,0.9185442328453064
8,8,-1.2054057121276855,0.09126156568527222,-1.2464910745620728,-2.434972047805786,0.10507328808307648,0.0,1.0,1.0,512,0.5,1.401298464324817e-45,65.6,6.4,942,0.0007906258106231689,0.01,35741.477765163974,0.0,0.0,0.11968748271465302,0.0,3.012530336460031e-92,0.0,1.0767228603746816e-85,35741.477765163974,1.0,0.01,7.732642584328928e-16,0,1.0,3.005502957620365e-09,1.0,0.004217880312353373,22.627416610717773,42778.07421875,3574147.7765163975,0.0,0.0007906258688308299,1.0,full_shared_joint2b_critic_anchored_actor_scale_floor,torch.float64,0.0,0.0,0.00039531293441541493,0.0,0.5,7.732642584328928e-16,0.0007689168560318649,0.00038445842801593244,7.732642584328928e-16,block_normalized_symmetric_jacobi_fp64_cholesky,1024,0.00018400033877696842,9.200016938848421e-05,0.0,1.5459954738616943e-07,0.12419125437736511,0.5,329,1351680,1453.5661292951554,1351680,1.0,1e-06,paper_sgd_momentum_1e-6,1.0,1.0,0.45062679052352905,1.2333991527557373,0.84586101770401,-1.561953067779541,0.7385799884796143
8,8,-1.321213722229004,0.000967901200056076,-1.3221796751022339,-2.725337028503418,0.10964300483465195,0.0,1.0,1.0,512,0.5,1.401298464324817e-45,64.56,5.6,871,0.0009519804152660072,0.01,36788.24818844706,0.0,0.0,0.11797239631414413,0.0,8.248201846529716e-93,0.0,3.0343689663854252e-86,36788.24818844706,1.0,0.01,7.496524189573401e-16,0,1.0,3.137432758038017e-09,1.0,0.0037252509500831366,22.627416610717773,43399.98046875,3678824.818844706,0.0,0.0009519804734736681,1.0,full_shared_joint2b_critic_anchored_actor_scale_floor,torch.float64,0.0,0.0,0.00047599023673683405,0.0,0.5,7.496524189573401e-16,0.0009163541253656149,0.00045817706268280745,7.496524189573401e-16,block_normalized_symmetric_jacobi_fp64_cholesky,1024,0.00025799605646170676,0.00012899802823085338,0.0,1.7508864402770996e-07,0.09971262514591217,0.5,339,1392640,1498.1257378421724,1392640,1.0,1e-06,paper_sgd_momentum_1e-6,1.0,1.0,0.28969520330429077,1.1658154726028442,0.8666639924049377,-1.3350991010665894,0.9202494025230408
8,8,-1.284592866897583,-0.0325985923409462,-1.3180692195892334,-2.5260353088378906,0.10525333881378174,0.0,1.0,1.0,512,0.5,-0.0,66.36,6.6,930,0.0010007848031818867,0.01,37302.332550550884,0.0,0.0,0.11715666204690933,0.0,0.0,0.0,0.0,37302.332550550884,1.0,0.01,6.9161788022623e-16,0,1.0,2.574197965898861e-09,0.9999999403953552,0.0037507954984903336,22.62741470336914,43702.1640625,3730233.2550550885,0.0,0.0010007848031818867,1.0,full_shared_joint2b_critic_anchored_actor_scale_floor,torch.float64,0.0,0.0,0.0005003924015909433,0.0,0.5,6.9161788022623e-16,0.0009753878111951053,0.00048769390559755266,6.9161788022623e-16,block_normalized_symmetric_jacobi_fp64_cholesky,1024,0.0002240287431050092,0.0001120143715525046,0.0,1.0617077350616455e-07,0.102497398853302,0.5,349,1433600,1541.9016799642704,1433600,1.0,1e-06,paper_sgd_momentum_1e-6,1.0,1.0,0.6474084854125977,1.2531522512435913,1.021586537361145,-1.3379713296890259,0.60333651304245
8,8,-1.4075392484664917,-0.15163442492485046,-1.3868143558502197,-2.572859287261963,0.11110273748636246,0.0,1.0,1.0,512,0.5,-0.0,63.25,6.0,942,0.0008170952787622809,0.01,37598.560681523704,0.0,0.0,0.11669421195983887,0.0,0.0,0.0,0.0,37598.560681523704,1.0,0.01,7.08221459856496e-16,0,1.0,1.3889249750320687e-08,1.0,0.004145349375903606,22.627416610717773,43875.34765625,3759856.0681523704,0.0,0.0008170952787622809,1.0,full_shared_joint2b_critic_anchored_actor_scale_floor,torch.float64,0.0,0.0,0.00040854763938114047,0.0,0.5,7.08221459856496e-16,0.0007810301030986011,0.00039051505154930055,7.08221459856496e-16,block_normalized_symmetric_jacobi_fp64_cholesky,1024,0.00024007631873246282,0.00012003815936623141,0.0,1.7136335372924805e-07,0.12618957459926605,0.5,359,1474560,1585.475263224449,1474560,1.0,1e-06,paper_sgd_momentum_1e-6,1.0,1.0,0.36093974113464355,1.2722702026367188,0.9555333256721497,-1.3315938711166382,0.9078508615493774
8,8,-1.319353461265564,-0.03914138674736023,-1.3232883214950562,-2.6222150325775146,0.11004551500082016,0.0,1.0,1.0,512,0.5,-0.0,61.57,6.2,940,0.000820726971141994,0.01,38819.08671378529,0.0,0.0,0.11484505981206894,0.0,0.0,0.0,0.0,38819.08671378529,1.0,0.01,8.039088742937085e-16,0,1.0,1.603175703301929e-09,1.0,0.0038452378939837217,22.627416610717773,44581.8046875,3881908.6713785287,0.0,0.0008207269129343331,1.0,full_shared_joint2b_critic_anchored_actor_scale_floor,torch.float64,0.0,0.0,0.00041036345646716654,0.0,0.5,8.039088742937085e-16,0.000795122585259378,0.000397561292629689,8.039088742937085e-16,block_normalized_symmetric_jacobi_fp64_cholesky,1024,0.00020340309129096568,0.00010170154564548284,0.0,-5.820766091346741e-08,0.11210417747497559,0.5,369,1515520,1629.122598941438,1515520,1.0,1e-06,paper_sgd_momentum_1e-6,1.0,1.0,0.4511445164680481,1.3115484714508057,0.8964369297027588,-1.452750563621521,0.7968506217002869
8,8,-1.4171128273010254,-0.08876573294401169,-1.3879896402359009,-2.5383172035217285,0.11414319276809692,0.0,1.0,1.0,512,0.5,-0.0,59.66,5.1,942,0.0008872239268384874,0.01,39537.14244877705,0.0,0.0,0.1137973964214325,0.0,0.0,0.0,0.0,39537.14244877705,1.0,0.01,6.622310806936427e-16,0,1.0,2.645696550729326e-09,1.0,0.003574774833396077,22.627416610717773,44992.2421875,3953714.244877705,0.0,0.0008872238686308265,1.0,full_shared_joint2b_critic_anchored_actor_scale_floor,torch.float64,0.0,0.0,0.00044361193431541324,0.0,0.5,6.622310806936427e-16,0.0008656954159960151,0.00043284770799800754,6.622310806936427e-16,block_normalized_symmetric_jacobi_fp64_cholesky,1024,0.00019426197104621679,9.713098552310839e-05,0.0,2.0116567611694336e-07,0.09868080914020538,0.5,379,1556480,1673.342563180253,1556480,1.0,1e-06,paper_sgd_momentum_1e-6,1.0,1.0,0.08562550693750381,1.2291278839111328,0.7666428685188293,-1.3970131874084473,1.0646979808807373
8,8,-1.3273993730545044,-0.0037392533849924803,-1.3339595794677734,-2.475088119506836,0.09776351600885391,0.0,1.0,1.0,512,0.5,-0.0,62.76,6.1,943,0.0007196409278549254,0.01,39824.20175866052,0.0,0.0,0.11338652670383453,0.0,0.0,0.0,0.0,39824.20175866052,1.0,0.01,7.720582427313891e-16,0,1.0,3.199073228543625e-09,0.9999998807907104,0.003666485194116831,22.62741470336914,45155.27734375,3982420.175866052,0.0,0.0007196409860625863,1.0,full_shared_joint2b_critic_anchored_actor_scale_floor,torch.float64,0.0,0.0,0.00035982049303129315,0.0,0.5,7.720582427313891e-16,0.0007004124927334487,0.00035020624636672437,7.720582427313891e-16,block_normalized_symmetric_jacobi_fp64_cholesky,1024,0.00016524342936463654,8.262171468231827e-05,0.0,-8.568167686462402e-08,0.10456274449825287,0.5,389,1597440,1717.2507283142768,1597440,1.0,1e-06,paper_sgd_momentum_1e-6,1.0,1.0,0.23541052639484406,1.1599498987197876,0.8189749717712402,-1.5306742191314697,0.9705197215080261
8,8,-1.417640209197998,-0.09456276148557663,-1.4048471450805664,-2.556245803833008,0.1139683872461319,0.0,1.0,1.0,512,0.5,-0.0,64.32,5.7,942,0.0008894425118342042,0.01,41788.190530307744,0.0,0.0,0.11068995296955109,0.0,0.0,0.0,0.0,41788.190530307744,1.0,0.01,7.075202998062867e-16,0,1.0,6.405266095299567e-09,1.0,0.0037205948028713465,22.627416610717773,46255.328125,4178819.053030774,0.0,0.0008894425118342042,1.0,full_shared_joint2b_critic_anchored_actor_scale_floor,torch.float64,0.0,0.0,0.0004447212559171021,0.0,0.5,7.075202998062867e-16,0.000845304864924401,0.0004226524324622005,7.075202998062867e-16,block_normalized_symmetric_jacobi_fp64_cholesky,1024,0.00027670853887684643,0.00013835426943842322,0.0,-2.4959444999694824e-07,0.11298175901174545,0.5,399,1638400,1760.8491930994205,1638400,1.0,1e-06,paper_sgd_momentum_1e-6,1.0,1.0,0.255789577960968,1.2653872966766357,0.8266475796699524,-1.5011972188949585,0.9560465812683105
8,8,-1.337241768836975,-0.027891024947166443,-1.3566893339157104,-2.497150421142578,0.09600834548473358,0.0,1.0,1.0,512,0.5,-0.0,62.6,5.7,942,0.0009619955671951175,0.01,43255.27676932362,0.0,0.0,0.108796626329422,0.0,0.0,0.0,0.0,43255.27676932362,1.0,0.01,6.153303275245362e-16,0,1.0,6.554050635543263e-09,0.9999999403953552,0.0034021097235381603,22.627416610717773,47060.28515625,4325527.676932362,0.0,0.0009619956254027784,1.0,full_shared_joint2b_critic_anchored_actor_scale_floor,torch.float64,0.0,0.0,0.0004809978127013892,0.0,0.5,6.153303275245362e-16,0.0009313855553045869,0.00046569277765229344,6.153303275245362e-16,block_normalized_symmetric_jacobi_fp64_cholesky,1024,0.0002407418069196865,0.00012037090345984325,0.0,2.1560117602348328e-07,0.09778353571891785,0.5,409,1679360,1804.4580442910083,1679360,1.0,1e-06,paper_sgd_momentum_1e-6,1.0,1.0,0.3183049261569977,1.1575430631637573,0.8057323694229126,-1.5511367321014404,0.898087739944458
8,8,-1.453206181526184,-0.20524545013904572,-1.429061770439148,-2.5523669719696045,0.1006896123290062,0.0,1.0,1.0,512,0.5,-0.0,64.49,6.1,942,0.0007582688704133034,0.01,44954.68800705115,0.0,0.0,0.10672041028738022,0.0,0.0,0.0,0.0,44954.68800705115,1.0,0.01,7.565964889698083e-16,0,1.0,1.8190153827646327e-09,1.0000001192092896,0.003431326476857066,22.627418518066406,47975.82421875,4495468.800705114,0.0,0.0007582688704133034,1.0,full_shared_joint2b_critic_anchored_actor_scale_floor,torch.float64,0.0,0.0,0.0003791344352066517,0.0,0.5,7.565964889698083e-16,0.00073083775350824,0.00036541887675412,7.565964889698083e-16,block_normalized_symmetric_jacobi_fp64_cholesky,1024,0.00020210864022374153,0.00010105432011187077,0.0,-1.2665987014770508e-07,0.10337822884321213,0.5,419,1720320,1848.256752395071,1720320,1.0,1e-06,paper_sgd_momentum_1e-6,1.0,1.0,0.33664047718048096,1.9877387285232544,0.8710821270942688,-1.604733943939209,0.920319139957428
8,8,-1.3492259979248047,-0.05299786850810051,-1.38698148727417,-2.5137522220611572,0.1114494726061821,0.0,1.0,1.0,512,0.5,-0.0,66.01,5.3,947,0.0009164722287096083,0.01,46977.230313439075,0.0,0.0,0.10439778119325638,0.0,0.0,0.0,0.0,46977.230313439075,1.0,0.01,7.157518580921908e-16,0,1.0,6.312388833862315e-09,1.0,0.0034526914823800325,22.627416610717773,49043.1875,4697723.031343907,0.0,0.0009164722287096083,1.0,full_shared_joint2b_critic_anchored_actor_scale_floor,torch.float64,0.0,0.0,0.00045823611435480416,0.0,0.5,7.157518580921908e-16,0.0008607478812336922,0.0004303739406168461,7.157518580921908e-16,block_normalized_symmetric_jacobi_fp64_cholesky,1024,0.00031469741952605546,0.00015734870976302773,0.0,3.306195139884949e-08,0.10937874019145966,0.5,429,1761280,1892.6824444313534,1761280,1.0,1e-06,paper_sgd_momentum_1e-6,1.0,1.0,0.2834368348121643,1.2267941236495972,0.8256909847259521,-1.4471516609191895,0.9260145425796509
8,8,-1.3598155975341797,-0.1579972505569458,-1.3699517250061035,-2.401796340942383,0.09182216972112656,0.0,1.0,1.0,512,0.5,-0.0,63.56,6.0,942,0.0007361427997238934,0.01,47563.153660257056,0.0,0.0,0.1037527546286583,0.0,0.0,0.0,0.0,47563.153660257056,1.0,0.01,6.563947399372112e-16,0,1.0,1.8157541026297963e-09,0.9999998807907104,0.0032387948594987392,22.62741470336914,49348.08203125,4756315.366025706,0.0,0.0007361427997238934,1.0,full_shared_joint2b_critic_anchored_actor_scale_floor,torch.float64,0.0,0.0,0.0003680713998619467,0.0,0.5,6.563947399372112e-16,0.0007170972530730069,0.00035854862653650343,6.563947399372112e-16,block_normalized_symmetric_jacobi_fp64_cholesky,1024,0.00016636626969557256,8.318313484778628e-05,0.0,2.1979212760925293e-07,0.09744679927825928,0.5,439,1802240,1936.2676392584108,1802240,1.0,1e-06,paper_sgd_momentum_1e-6,1.0,1.0,0.2971203923225403,1.0999444723129272,0.7963571548461914,-1.4825570583343506,0.8897161483764648
8,8,-1.4349851608276367,-0.3108311593532562,-1.4314873218536377,-2.7849369049072266,0.09358464181423187,0.0,1.0,1.0,512,0.5,-0.0,67.08,6.5,942,0.0006927265785634518,0.01,48609.96931308698,0.0,0.0,0.10262951999902725,0.0,0.0,0.0,0.0,48609.96931308698,1.0,0.01,7.514094828803688e-16,0,1.0,3.773648060700907e-09,1.0,0.0032266336493194103,22.627416610717773,49888.1796875,4860996.931308698,0.0,0.0006927265785634518,1.0,full_shared_joint2b_critic_anchored_actor_scale_floor,torch.float64,0.0,0.0,0.0003463632892817259,0.0,0.5,7.514094828803688e-16,0.0006741082179360092,0.0003370541089680046,7.514094828803688e-16,block_normalized_symmetric_jacobi_fp64_cholesky,1024,0.00015952497778926045,7.976248889463022e-05,0.0,-4.5821070671081543e-07,0.09884500503540039,0.5,449,1843200,1979.8711750893854,1843200,1.0,1e-06,paper_sgd_momentum_1e-6,1.0,1.0,0.38240087032318115,1.1779354810714722,0.8982038497924805,-1.8958178758621216,0.8802853226661682
8,8,-1.4584503173828125,-0.18837770819664001,-1.42686927318573,-2.6575188636779785,0.10322935879230499,0.0,1.0,1.0,512,0.5,-0.0,60.78,5.6,942,0.0009432683582417667,0.01,48049.433432939964,0.0,0.0,0.10322641581296921,0.0,0.0,0.0,0.0,48049.433432939964,1.0,0.01,6.070555980559247e-16,0,1.0,1.5894794813675617e-08,1.0,0.003511744784191251,22.627416610717773,49599.70703125,4804943.3432939965,0.0,0.0009432683582417667,1.0,full_shared_joint2b_critic_anchored_actor_scale_floor,torch.float64,0.0,0.0,0.00047163417912088335,0.0,0.5,6.070555980559247e-16,0.0008565194439142942,0.0004282597219571471,6.070555980559247e-16,block_normalized_symmetric_jacobi_fp64_cholesky,1024,0.00039513251977041364,0.00019756625988520682,0.0,1.1175870895385742e-08,0.11573486030101776,0.5,459,1884160,2023.4883369491436,1884160,1.0,1e-06,paper_sgd_momentum_1e-6,1.0,1.0,0.18084612488746643,1.4778975248336792,0.767910361289978,-1.4304094314575195,0.9856511950492859
8,8,-1.403006672859192,-0.26625192165374756,-1.4035252332687378,-2.6563570499420166,0.08824341744184494,0.0,1.0,1.0,512,0.5,-0.0,65.92,6.5,882,0.0007838921737857163,0.01,51292.661835972445,0.0,0.0,0.09990963339805603,0.0,0.0,0.0,0.0,51292.661835972445,1.0,0.01,5.409963541944345e-16,0,1.0,3.5020373267968807e-09,1.0,0.0029537295922636986,22.627416610717773,51246.30859375,5129266.183597244,0.0,0.0007838922902010381,1.0,full_shared_joint2b_critic_anchored_actor_scale_floor,torch.float64,0.0,0.0,0.00039194614510051906,0.0,0.5,5.409963541944345e-16,0.0007693148218095303,0.00038465741090476513,5.409963541944345e-16,block_normalized_symmetric_jacobi_fp64_cholesky,1024,0.00015047159104142338,7.523579552071169e-05,0.0,1.1920928955078125e-07,0.08740308880805969,0.5,469,1925120,2067.978859764058,1925120,1.0,1e-06,paper_sgd_momentum_1e-6,1.0,1.0,0.4815754294395447,1.129677653312683,0.8611980080604553,-1.7082092761993408,0.7021148800849915
8,8,-1.4574692249298096,-0.32216715812683105,-1.428512454032898,-2.6418986320495605,0.10362237691879272,0.0,1.0,1.0,512,0.5,-0.0,63.09,5.9,942,0.0007307472405955195,0.01,50713.76771351304,0.0,0.0,0.10047824680805206,0.0,0.0,0.0,0.0,50713.76771351304,1.0,0.01,6.612898466235419e-16,0,1.0,5.656320745117682e-09,1.0,0.003278584685176611,22.627416610717773,50956.30078125,5071376.771351304,0.0,0.0007307471241801977,1.0,full_shared_joint2b_critic_anchored_actor_scale_floor,torch.float64,0.0,0.0,0.00036537356209009886,0.0,0.5,6.612898466235419e-16,0.0006682969396933913,0.00033414846984669566,6.612898466235419e-16,block_normalized_symmetric_jacobi_fp64_cholesky,1024,0.000295585225103423,0.0001477926125517115,0.0,-1.5133991837501526e-07,0.10647035390138626,0.5,479,1966080,2111.6423685760237,1966080,1.0,1e-06,paper_sgd_momentum_1e-6,1.0,1.0,0.2617502212524414,1.4308760166168213,0.7978883385658264,-1.47702956199646,0.9252384305000305
8,8,-1.4405819177627563,-0.22512748837471008,-1.419413447380066,-2.568796157836914,0.09403465688228607,0.0,1.0,1.0,512,0.5,-0.0,66.18,6.2,943,0.0007944749086163938,0.01,53771.60403584325,0.0,0.0,0.0975794792175293,0.0,0.0,0.0,0.0,53771.60403584325,1.0,0.01,6.081329351013705e-16,0,1.0,1.077049383013673e-08,0.9999998807907104,0.0030315755866467953,22.62741470336914,52470.05078125,5377160.403584325,0.0,0.000794474792201072,1.0,full_shared_joint2b_critic_anchored_actor_scale_floor,torch.float64,0.0,0.0,0.000397237396100536,0.0,0.5,6.081329351013705e-16,0.0007338517461903393,0.00036692587309516966,6.081329351013705e-16,block_normalized_symmetric_jacobi_fp64_cholesky,1024,0.0003043875622097403,0.00015219378110487014,0.0,-5.4016709327697754e-08,0.0965205729007721,0.5,489,2007040,2155.2317733853124,2007040,1.0,1e-06,paper_sgd_momentum_1e-6,1.0,1.0,0.26263871788978577,1.2400298118591309,0.8112759590148926,-1.707853078842163,0.9309576153755188
8,8,-1.4759652614593506,-0.1894018054008484,-1.4570564031600952,-2.50478196144104,0.10277927666902542,0.0,1.0,1.0,512,0.5,-0.0,60.88,5.0,788,0.0008095232187770307,0.01,53239.18249843603,0.0,0.0,0.09806618839502335,0.0,0.0,0.0,0.0,53239.18249843603,1.0,0.01,7.341073984713209e-16,0,1.0,3.3240108443521876e-09,0.9999999403953552,0.003460351377725601,22.627416610717773,52209.63671875,5323918.249843603,0.0,0.0008095232187770307,1.0,full_shared_joint2b_critic_anchored_actor_scale_floor,torch.float64,0.0,0.0,0.00040476160938851535,0.0,0.5,7.341073984713209e-16,0.0007833745912648737,0.00039168729563243687,7.341073984713209e-16,block_normalized_symmetric_jacobi_fp64_cholesky,1024,0.0002040883555309847,0.00010204417776549235,0.0,1.1734664440155029e-07,0.12450933456420898,0.5,499,2048000,2199.7699165283702,2048000,1.0,1e-06,paper_sgd_momentum_1e-6,1.0,1.0,0.07169622927904129,1.608723759651184,0.7379079461097717,-1.4348036050796509,1.065749168395996
8,8,-1.4211552143096924,-0.17817926406860352,-1.423754334449768,-2.5109801292419434,0.08410019427537918,0.0,1.0,1.0,512,0.5,-0.0,63.8,6.4,942,0.0006266218260861933,0.01,55469.46939629578,0.0,0.0,0.09607446938753128,0.0,0.0,0.0,0.0,55469.46939629578,1.0,0.01,6.157580546206194e-16,0,1.0,9.147085311411729e-10,0.9999998807907104,0.0028819977305829525,22.62741470336914,53291.99609375,5546946.939629578,0.0,0.0006266218260861933,1.0,full_shared_joint2b_critic_anchored_actor_scale_floor,torch.float64,0.0,0.0,0.00031331091304309666,0.0,0.5,6.157580546206194e-16,0.0006143834907561541,0.00030719174537807703,6.157580546206194e-16,block_normalized_symmetric_jacobi_fp64_cholesky,1024,0.00012323886039666831,6.161943019833416e-05,0.0,-1.7601996660232544e-07,0.08998525142669678,0.5,509,2088960,2243.869277240243,2088960,1.0,1e-06,paper_sgd_momentum_1e-6,1.0,1.0,0.31458577513694763,1.0432595014572144,0.8206686973571777,-1.495413064956665,0.8869810700416565
8,8,-1.4026426076889038,-0.19478431344032288,-1.4235941171646118,-2.479940176010132,0.08627475053071976,0.0,1.0,1.0,512,0.5,-0.0,66.99,6.8,942,0.0007323942263610661,0.01,53927.44732333413,0.0,0.0,0.09743838757276535,0.0,0.0,0.0,0.0,53927.44732333413,1.0,0.01,5.518370226738902e-16,0,1.0,1.4984802287898447e-09,0.9999998807907104,0.002936095232143998,22.62741470336914,52546.02734375,5392744.732333412,0.0,0.0007323942263610661,1.0,full_shared_joint2b_critic_anchored_actor_scale_floor,torch.float64,0.0,0.0,0.00036619711318053305,0.0,0.5,5.518370226738902e-16,0.0007159173837862909,0.00035795869189314544,5.518370226738902e-16,block_normalized_symmetric_jacobi_fp64_cholesky,1024,0.00015447867917828262,7.723933958914131e-05,0.0,-1.601874828338623e-07,0.09079883247613907,0.5,519,2129920,2287.5531077510677,2129920,1.0,1e-06,paper_sgd_momentum_1e-6,1.0,1.0,0.3352508842945099,1.1344921588897705,0.8025979399681091,-1.5232625007629395,0.8530321717262268
8,8,-1.4723846912384033,-0.1633175164461136,-1.4727654457092285,-2.7543203830718994,0.08752952516078949,0.0,1.0,1.0,512,0.5,-0.0,66.84,6.6,941,0.0006659567006863654,0.01,54776.6777593477,0.0,0.0,0.09668011963367462,0.0,0.0,0.0,0.0,54776.6777593477,1.0,0.01,5.891943289656428e-16,0,1.0,2.6948510090107902e-09,0.9999998807907104,0.0029899305664002895,22.62741470336914,52958.15234375,5477667.77593477,0.0,0.0006659567006863654,1.0,full_shared_joint2b_critic_anchored_actor_scale_floor,torch.float64,0.0,0.0,0.0003329783503431827,0.0,0.5,5.891943289656428e-16,0.0006515280692838132,0.0003257640346419066,5.891943289656428e-16,block_normalized_symmetric_jacobi_fp64_cholesky,1024,0.00013787514762952924,6.893757381476462e-05,0.0,-8.195638656616211e-08,0.0956418514251709,0.5,529,2170880,2331.3026393940672,2170880,1.0,1e-06,paper_sgd_momentum_1e-6,1.0,1.0,0.33424848318099976,1.1188238859176636,0.84946608543396,-1.773559808731079,0.884111762046814
8,8,-1.4595365524291992,-0.1988726705312729,-1.4542769193649292,-2.536302328109741,0.08587808907032013,0.0,1.0,1.0,512,0.5,-0.0,61.6,5.6,942,0.0006686674896627665,0.01,54974.85326329338,0.0,0.0,0.09650569409132004,0.0,0.0,0.0,0.0,54974.85326329338,1.0,0.01,5.569741306237788e-16,0,1.0,1.3870276038829843e-09,1.0,0.0028238825034350157,22.627416610717773,53053.86328125,5497485.326329337,0.0,0.0006686674896627665,1.0,full_shared_joint2b_critic_anchored_actor_scale_floor,torch.float64,0.0,0.0,0.00033433374483138323,0.0,0.5,5.569741306237788e-16,0.0006522347684949636,0.0003261173842474818,5.569741306237788e-16,block_normalized_symmetric_jacobi_fp64_cholesky,1024,0.0001473296870244667,7.366484351223335e-05,0.0,9.639188647270203e-08,0.0856223851442337,0.5,539,2211840,2375.051385127008,2211840,1.0,1e-06,paper_sgd_momentum_1e-6,1.0,1.0,0.04618547856807709,1.1627914905548096,0.751537024974823,-1.4880131483078003,1.1188709735870361
8,8,-1.4615062475204468,-0.2884328067302704,-1.4718526601791382,-2.5242562294006348,0.07791753858327866,0.0,1.0,1.0,512,0.5,-0.0,62.11,6.3,942,0.0006864008610136807,0.01,58241.06879661163,0.0,0.0,0.09376058727502823,0.0,0.0,0.0,0.0,58241.06879661163,1.0,0.01,6.333172893891435e-16,0,1.0,3.4625093903173365e-09,1.0,0.0028305239975452423,22.627416610717773,54607.16796875,5824106.879661163,0.0,0.0006864008610136807,1.0,full_shared_joint2b_critic_anchored_actor_scale_floor,torch.float64,0.0,0.0,0.00034320043050684035,0.0,0.5,6.333172893891435e-16,0.0006653976743109524,0.0003326988371554762,6.333172893891435e-16,block_normalized_symmetric_jacobi_fp64_cholesky,1024,0.00016849953681230545,8.424976840615273e-05,0.0,2.849847078323364e-07,0.09113665670156479,0.5,549,2252800,2419.2411428722553,2252800,1.0,1e-06,paper_sgd_momentum_1e-6,1.0,1.0,0.29607051610946655,1.1724799871444702,0.8498700857162476,-1.746768593788147,0.9322242140769958
8,8,-1.4469456672668457,-0.10478360205888748,-1.4770886898040771,-2.6353936195373535,0.09110243618488312,0.0,1.0,1.0,512,0.5,-0.0,67.74,5.9,942,0.0005842270329594612,0.01,59905.98864415527,0.0,0.0,0.09244849532842636,0.0,0.0,0.0,0.0,59905.98864415527,1.0,0.01,5.457132878724931e-16,0,1.0,8.416307650804811e-10,0.9999998807907104,0.0027764688711613417,22.62741470336914,55382.18359375,5990598.864415527,0.0,0.0005842270329594612,1.0,full_shared_joint2b_critic_anchored_actor_scale_floor,torch.float64,0.0,0.0,0.0002921135164797306,0.0,0.5,5.457132878724931e-16,0.0005677398876287043,0.00028386994381435215,5.457132878724931e-16,block_normalized_symmetric_jacobi_fp64_cholesky,1024,0.00013781373854726553,6.890686927363276e-05,0.0,-1.6670674085617065e-07,0.09019570797681808,0.5,559,2293760,2463.181568580214,2293760,1.0,1e-06,paper_sgd_momentum_1e-6,1.0,1.0,0.19703111052513123,1.1978968381881714,0.8843309283256531,-1.5217688083648682,1.0413892269134521
8,8,-1.4752837419509888,-0.09614795446395874,-1.46434485912323,-2.6853997707366943,0.08331577479839325,0.0,1.0,1.0,512,0.5,-0.0,66.0,6.2,943,0.0005334943998605013,0.01,62409.72711265294,0.0,0.0,0.09057509899139404,0.0,0.0,0.0,0.0,62409.72711265294,1.0,0.01,6.571920259340089e-16,0,1.0,1.1954165435312802e-09,1.0,0.002600567415356636,22.627416610717773,56527.67578125,6240972.711265294,0.0,0.0005334943998605013,1.0,full_shared_joint2b_critic_anchored_actor_scale_floor,torch.float64,0.0,0.0,0.00026674719993025064,0.0,0.5,6.571920259340089e-16,0.000520000874530524,0.000260000437265262,6.571920259340089e-16,block_normalized_symmetric_jacobi_fp64_cholesky,1024,0.0001192281924886629,5.961409624433145e-05,0.0,-1.2665987014770508e-07,0.08243631571531296,0.5,569,2334720,2506.77019145526,2334720,1.0,1e-06,paper_sgd_momentum_1e-6,1.0,1.0,0.3389219641685486,1.2670538425445557,0.8493154644966125,-1.5350337028503418,0.8609980940818787
8,8,-1.494641900062561,-0.3358391523361206,-1.4913913011550903,-2.5829548835754395,0.08219804614782333,0.0,1.0,1.0,512,0.5,-0.0,65.04,6.5,935,0.0007354807457886636,0.01,59494.12206847916,0.0,0.0,0.09276795387268066,0.0,0.0,0.0,0.0,59494.12206847916,1.0,0.01,5.788895838824862e-16,0,1.0,2.081021577282627e-09,1.0,0.002477443777024746,22.627416610717773,55191.4765625,5949412.206847916,0.0,0.0007354808039963245,1.0,full_shared_joint2b_critic_anchored_actor_scale_floor,torch.float64,0.0,0.0,0.00036774040199816227,0.0,0.5,5.788895838824862e-16,0.0007197712548077106,0.0003598856274038553,5.788895838824862e-16,block_normalized_symmetric_jacobi_fp64_cholesky,1024,0.00015119931777007878,7.559965888503939e-05,0.0,2.60770320892334e-08,0.0713200643658638,0.5,579,2375680,2550.3815039549954,2375680,1.0,1e-06,paper_sgd_momentum_1e-6,1.0,1.0,0.2751622200012207,1.1824467182159424,0.7973442077636719,-1.4786187410354614,0.8845654726028442
8,8,-1.4629931449890137,-0.44464942812919617,-1.4567710161209106,-2.667424201965332,0.073035828769207,0.0,1.0,1.0,512,0.5,-0.0,68.85,6.9,942,0.0006311560282483697,0.01,60971.42258204374,0.0,0.0,0.09163720905780792,0.0,0.0,0.0,0.0,60971.42258204374,1.0,0.01,5.452536247073371e-16,0,1.0,3.3923408526703724e-09,0.9999999403953552,0.0023334247525781393,22.627416610717773,55872.50390625,6097142.258204374,0.0,0.0006311560282483697,1.0,full_shared_joint2b_critic_anchored_actor_scale_floor,torch.float64,0.0,0.0,0.00031557801412418485,0.0,0.5,5.452536247073371e-16,0.0006041682790964842,0.0003020841395482421,5.452536247073371e-16,block_normalized_symmetric_jacobi_fp64_cholesky,1024,0.0001825884828576818,9.12942414288409e-05,0.0,9.12696123123169e-08,0.0648401528596878,0.5,589,2416640,2594.6065478692763,2416640,1.0,1e-06,paper_sgd_momentum_1e-6,1.0,1.0,0.3265411853790283,1.5356565713882446,0.7891386151313782,-1.5240572690963745,0.8256457448005676
8,8,-1.461732029914856,-0.20726171135902405,-1.476852536201477,-2.542503833770752,0.08426138013601303,0.0,1.0,1.0,512,0.5,-0.0,62.12,6.4,942,0.0007219460676424205,0.01,61415.99621152146,0.0,0.0,0.09130492806434631,0.0,0.0,0.0,0.0,61415.99621152146,1.0,0.01,6.031269264944034e-16,0,1.0,1.7101927651808069e-09,1.0,0.002796702552586794,22.627416610717773,56075.83203125,6141599.621152146,0.0,0.0007219461258500814,1.0,full_shared_joint2b_critic_anchored_actor_scale_floor,torch.float64,0.0,0.0,0.0003609730629250407,0.0,0.5,6.031269264944034e-16,0.0006946024368517101,0.00034730121842585504,6.031269264944034e-16,block_normalized_symmetric_jacobi_fp64_cholesky,1024,0.00019680852710735053,9.840426355367526e-05,0.0,-8.195638656616211e-08,0.09382187575101852,0.5,599,2457600,2638.550696070306,2457600,1.0,1e-06,paper_sgd_momentum_1e-6,1.0,1.0,0.23879671096801758,1.1058242321014404,0.8387443423271179,-1.6987684965133667,0.9823395609855652
8,8,-1.4508495330810547,-0.15579268336296082,-1.45964777469635,-2.5790467262268066,0.08257102966308594,0.0,1.0,1.0,512,0.5,-0.0,64.04,5.8,941,0.00046173352166078985,0.01,64258.15910824357,0.0,0.0,0.08926287293434143,0.0,0.0,0.0,0.0,64258.15910824357,1.0,0.01,5.780428219601934e-16,0,1.0,9.293876779281618e-10,1.0,0.002519062953069806,22.627416610717773,57358.67578125,6425815.910824357,0.0,0.00046173352166078985,1.0,full_shared_joint2b_critic_anchored_actor_scale_floor,torch.float64,0.0,0.0,0.00023086676083039492,0.0,0.5,5.780428219601934e-16,0.00045065770973451436,0.00022532885486725718,5.780428219601934e-16,block_normalized_symmetric_jacobi_fp64_cholesky,1024,0.00010052594006992877,5.026297003496438e-05,0.0,2.421438694000244e-07,0.0796409398317337,0.5,609,2498560,2682.1342118270695,2498560,1.0,1e-06,paper_sgd_momentum_1e-6,1.0,1.0,0.09004348516464233,1.1952307224273682,0.7461028695106506,-1.7817631959915161,1.0708341598510742
8,8,-1.4710769653320312,-0.40780511498451233,-1.4741483926773071,-2.6792964935302734,0.07209613919258118,0.0,1.0,1.0,512,0.5,-0.0,65.0,6.4,943,0.0006049484363757074,0.01,63358.06683768086,0.0,0.0,0.08989468216896057,0.0,0.0,0.0,0.0,63358.06683768086,1.0,0.01,6.285666105403597e-16,0,1.0,3.646337454199511e-09,1.0,0.0026056598871946335,22.627416610717773,56955.53515625,6335806.683768086,0.0,0.0006049484363757074,1.0,full_shared_joint2b_critic_anchored_actor_scale_floor,torch.float64,0.0,0.0,0.0003024742181878537,0.0,0.5,6.285666105403597e-16,0.00058907107450068,0.00029453553725034,6.285666105403597e-16,block_normalized_symmetric_jacobi_fp64_cholesky,1024,0.00013768771896138787,6.884385948069394e-05,0.0,1.1548399925231934e-07,0.08401703834533691,0.5,619,2539520,2725.711353061255,2539520,1.0,1e-06,paper_sgd_momentum_1e-6,1.0,1.0,0.21949918568134308,1.0611594915390015,0.7616075873374939,-1.5439558029174805,0.9529755711555481
8,8,-1.4995137453079224,-0.24240605533123016,-1.47542405128479,-2.553420305252075,0.0822487622499466,0.0,1.0,1.0,512,0.5,-0.0,61.36,5.6,943,0.0006331789772957563,0.01,63622.20731663005,0.0,0.0,0.0897078812122345,0.0,0.0,0.0,0.0,63622.20731663005,1.0,0.01,5.250745304876734e-16,0,1.0,1.1442720104781756e-09,1.0,0.002520073438063264,22.627416610717773,57074.13671875,6362220.7316630045,0.0,0.0006331790355034173,1.0,full_shared_joint2b_critic_anchored_actor_scale_floor,torch.float64,0.0,0.0,0.0003165895177517086,0.0,0.5,5.250745304876734e-16,0.0006166542298160493,0.00030832711490802467,5.250745304876734e-16,block_normalized_symmetric_jacobi_fp64_cholesky,1024,0.0001437123428331688,7.18561714165844e-05,0.0,2.0116567611694336e-07,0.0789160206913948,0.5,629,2580480,2769.5359302302822,2580480,1.0,1e-06,paper_sgd_momentum_1e-6,1.0,1.0,0.01162194088101387,1.0562188625335693,0.7277538776397705,-1.5568643808364868,1.1259565353393555
8,8,-1.4429206848144531,-0.2014094740152359,-1.469462513923645,-2.375546455383301,0.08338043838739395,0.0,1.0,1.0,512,0.5,-0.0,60.04,5.5,941,0.0006714241462759674,0.01,65992.85372610264,0.0,0.0,0.08808186650276184,0.0,0.0,0.0,0.0,65992.85372610264,1.0,0.01,5.751639075947843e-16,0,1.0,1.910126501414311e-09,0.9999998807907104,0.0024126425851136446,22.62741470336914,58127.73828125,6599285.3726102635,0.0,0.0006714241462759674,1.0,full_shared_joint2b_critic_anchored_actor_scale_floor,torch.float64,0.0,0.0,0.0003357120731379837,0.0,0.5,5.751639075947843e-16,0.0006280943634919822,0.0003140471817459911,5.751639075947843e-16,block_normalized_symmetric_jacobi_fp64_cholesky,1024,0.00023729262466076761,0.00011864631233038381,0.0,-3.511086106300354e-07,0.07502619922161102,0.5,639,2621440,2813.752224195283,2621440,1.0,1e-06,paper_sgd_momentum_1e-6,1.0,1.0,0.10136640816926956,1.168174147605896,0.7208819389343262,-1.5147708654403687,1.0199713706970215
8,8,-1.4676618576049805,-0.2560212016105652,-1.4780277013778687,-2.548123836517334,0.07972361892461777,0.0,1.0,1.0,512,0.5,-0.0,65.24,6.2,941,0.0005614120163954794,0.01,67216.79031156268,0.0,0.0,0.08727625012397766,0.0,0.0,0.0,0.0,67216.79031156268,1.0,0.01,5.972322204236462e-16,0,1.0,1.3286203248696893e-09,1.0,0.002420415636152029,22.627416610717773,58664.296875,6721679.031156268,0.0,0.0005614120746031404,1.0,full_shared_joint2b_critic_anchored_actor_scale_floor,torch.float64,0.0,0.0,0.0002807060373015702,0.0,0.5,5.972322204236462e-16,0.0005466161528602242,0.0002733080764301121,5.972322204236462e-16,block_normalized_symmetric_jacobi_fp64_cholesky,1024,0.00012804029393009841,6.402014696504921e-05,0.0,7.82310962677002e-08,0.07691087573766708,0.5,649,2662400,2857.5918288412504,2662400,1.0,1e-06,paper_sgd_momentum_1e-6,1.0,1.0,0.20257708430290222,1.1693289279937744,0.7364564538002014,-1.5306662321090698,0.9294544458389282
8,8,-1.552276849746704,-0.3942134976387024,-1.535493016242981,-2.707904577255249,0.07827506959438324,0.0,1.0,1.0,512,0.5,-0.0,66.14,5.8,940,0.0005831355229020119,0.01,69144.83747515445,0.0,0.0,0.08605083078145981,0.0,0.0,0.0,0.0,69144.83747515445,1.0,0.01,6.050985058573727e-16,0,1.0,2.4347952543024576e-09,1.0,0.002748248167335987,22.627416610717773,59499.7109375,6914483.747515445,0.0,0.0005831355229020119,1.0,full_shared_joint2b_critic_anchored_actor_scale_floor,torch.float64,0.0,0.0,0.00029156776145100594,0.0,0.5,6.050985058573727e-16,0.0005648659425787628,0.0002824329712893814,6.050985058573727e-16,block_normalized_symmetric_jacobi_fp64_cholesky,1024,0.00014482223195955157,7.241111597977579e-05,0.0,1.0244548320770264e-07,0.10200034081935883,0.5,659,2703360,2901.2532696602866,2703360,1.0,1e-06,paper_sgd_momentum_1e-6,1.0,1.0,0.18581339716911316,1.1408835649490356,0.8604947924613953,-1.4831324815750122,1.044234037399292
8,8,-1.4462926387786865,-0.2688363790512085,-1.4667580127716064,-2.4572184085845947,0.07317990809679031,0.0,1.0,1.0,512,0.5,-0.0,63.06,5.5,941,0.0005402161623351276,0.01,69799.23750229113,0.0,0.0,0.08564650267362595,0.0,0.0,0.0,0.0,69799.23750229113,1.0,0.01,5.548258043245361e-16,0,1.0,1.545556016502303e-09,0.9999998807907104,0.0024487399496138096,22.62741470336914,59780.60546875,6979923.750229113,0.0,0.0005402161623351276,1.0,full_shared_joint2b_critic_anchored_actor_scale_floor,torch.float64,0.0,0.0,0.0002701080811675638,0.0,0.5,5.548258043245361e-16,0.0005216928548179567,0.00026084642740897834,5.548258043245361e-16,block_normalized_symmetric_jacobi_fp64_cholesky,1024,0.00014024993288330734,7.012496644165367e-05,0.0,1.0058283805847168e-07,0.0817459225654602,0.5,669,2744320,2945.0375799951144,2744320,1.0,1e-06,paper_sgd_momentum_1e-6,1.0,1.0,0.17577216029167175,1.0065504312515259,0.6757591366767883,-1.6220340728759766,0.9448747038841248
8,8,-1.5392088890075684,-0.2913099229335785,-1.506393313407898,-2.8445143699645996,0.08921097218990326,0.0,1.0,1.0,512,0.5,-0.0,66.98,6.2,934,0.0007069998537190259,0.01,72477.57108655629,0.0,0.0,0.08404911309480667,0.0,0.0,0.0,0.0,72477.57108655629,1.0,0.01,5.639339752570176e-16,0,1.0,2.5921012003493615e-09,1.0,0.002685267012566328,22.627416610717773,60916.7578125,7247757.108655629,0.0,0.0007069997955113649,1.0,full_shared_joint2b_critic_anchored_actor_scale_floor,torch.float64,0.0,0.0,0.00035349989775568247,0.0,0.5,5.639339752570176e-16,0.0006811775383539498,0.0003405887691769749,5.639339752570176e-16,block_normalized_symmetric_jacobi_fp64_cholesky,1024,0.0001893302978714928,9.46651489357464e-05,0.0,-1.1920928955078125e-07,0.10207246243953705,0.5,679,2785280,2989.373735046014,2785280,1.0,1e-06,paper_sgd_momentum_1e-6,1.0,1.0,0.16400742530822754,1.1997511386871338,0.7288530468940735,-1.5859637260437012,0.9949353337287903
8,8,-1.4927215576171875,-0.3719693124294281,-1.5010342597961426,-2.643266201019287,0.0744214653968811,0.0,1.0,1.0,512,0.5,-0.0,65.66,6.0,940,0.0005386749980971217,0.01,71626.34521114202,0.0,0.0,0.08454707264900208,0.0,0.0,0.0,0.0,71626.34521114202,1.0,0.01,5.43264943196799e-16,0,1.0,1.4200951525822347e-09,1.0,0.002309902338311076,22.627416610717773,60557.9765625,7162634.521114201,0.0,0.0005386750563047826,1.0,full_shared_joint2b_critic_anchored_actor_scale_floor,torch.float64,0.0,0.0,0.0002693375281523913,0.0,0.5,5.43264943196799e-16,0.0005241252947598696,0.0002620626473799348,5.43264943196799e-16,block_normalized_symmetric_jacobi_fp64_cholesky,1024,0.0001243522419827059,6.217612099135295e-05,0.0,8.568167686462402e-08,0.07464316487312317,0.5,689,2826240,3033.359069762286,2826240,1.0,1e-06,paper_sgd_momentum_1e-6,1.0,1.0,0.19042348861694336,1.057784914970398,0.7867915034294128,-1.550260305404663,1.015195369720459
8,8,-1.4949216842651367,-0.3349279761314392,-1.5094131231307983,-2.4983325004577637,0.07182901352643967,0.0,1.0,1.0,512,0.5,-0.0,63.05,5.6,941,0.000433211651397869,0.009999999999999998,73555.4155508282,0.0,0.0,0.08343103528022766,0.0,0.0,0.0,0.0,73555.4155508282,1.0,0.01,5.260701641910393e-16,0,1.0,1.7510952687871395e-09,1.0,0.0019495032029226422,22.627416610717773,61368.046875,7355541.55508282,0.0,0.00043321168050169945,1.0,full_shared_joint2b_critic_anchored_actor_scale_floor,torch.float64,0.0,0.0,0.00021660584025084972,0.0,0.5,5.260701641910393e-16,0.0004180876712780446,0.0002090438356390223,5.260701641910393e-16,block_normalized_symmetric_jacobi_fp64_cholesky,1024,0.0001134682897827588,5.67341448913794e-05,0.0,-7.776543498039246e-08,0.05459999293088913,0.5,699,2867200,3077.010000899434,2867200,1.0,1e-06,paper_sgd_momentum_1e-6,1.0,1.0,0.14717555046081543,1.023199200630188,0.7817397713661194,-1.5297625064849854,1.0547643899917603
8,8,-1.494795799255371,-0.3459797501564026,-1.4834403991699219,-2.779526710510254,0.08078420907258987,0.0,1.0,1.0,512,0.5,-0.0,63.15,5.9,883,0.000599787337705493,0.01,75776.1358280416,0.0,0.0,0.08219941705465317,0.0,0.0,0.0,0.0,75776.1358280416,1.0,0.01,5.771592023194568e-16,0,1.0,1.1687427914353066e-08,0.9999999403953552,0.002338124206289649,22.627416610717773,62287.54296875,7577613.58280416,0.0,0.000599787337705493,1.0,full_shared_joint2b_critic_anchored_actor_scale_floor,torch.float64,0.0,0.0,0.0002998936688527465,0.0,0.5,5.771592023194568e-16,0.0005679138703271747,0.00028395693516358733,5.771592023194568e-16,block_normalized_symmetric_jacobi_fp64_cholesky,1024,0.00019292146316729486,9.646073158364743e-05,0.0,3.3527612686157227e-08,0.08090915530920029,0.5,709,2908160,3121.0685748271644,2908160,1.0,1e-06,paper_sgd_momentum_1e-6,1.0,1.0,0.1699981987476349,1.0613232851028442,0.6935967803001404,-1.837999701499939,0.9673689603805542
8,8,-1.4704444408416748,-0.3293631970882416,-1.4734947681427002,-2.6851022243499756,0.07089250534772873,0.0,1.0,1.0,512,0.5,-0.0,67.12,6.1,942,0.0006302889669314027,0.01,74581.634561693,0.0,0.0,0.08285506069660187,0.0,0.0,0.0,0.0,74581.634561693,1.0,0.01,6.109932436834013e-16,0,1.0,1.006557726057622e-09,1.0,0.0024115529377013445,22.627416610717773,61794.65625,7458163.4561693,0.0,0.0006302889669314027,1.0,full_shared_joint2b_critic_anchored_actor_scale_floor,torch.float64,0.0,0.0,0.00031514448346570134,0.0,0.5,6.109932436834013e-16,0.000611483003012836,0.000305741501506418,6.109932436834013e-16,block_normalized_symmetric_jacobi_fp64_cholesky,1024,0.00015281599189620465,7.640799594810233e-05,0.0,1.2665987014770508e-07,0.08471406996250153,0.5,719,2949120,3165.2468233681284,2949120,1.0,1e-06,paper_sgd_momentum_1e-6,1.0,1.0,0.1684025377035141,0.9937399625778198,0.6781477928161621,-2.0586841106414795,0.9426481127738953
8,8,-1.4928219318389893,-0.30288636684417725,-1.499333381652832,-2.5319273471832275,0.06331390887498856,0.0,1.0,1.0,512,0.5,-0.0,60.92,6.3,940,0.0007118169451132417,0.01,72829.47987915871,0.0,0.0,0.08384580910205841,0.0,0.0,0.0,0.0,72829.47987915871,1.0,0.01,4.943011082024665e-16,0,1.0,5.107494871481322e-09,0.9999998807907104,0.0023414157330989838,22.62741470336914,61064.46875,7282947.987915871,0.0,0.0007118169451132417,1.0,full_shared_joint2b_critic_anchored_actor_scale_floor,torch.float64,0.0,0.0,0.00035590847255662084,0.0,0.5,4.943011082024665e-16,0.0006988492095842957,0.0003494246047921479,4.943011082024665e-16,block_normalized_symmetric_jacobi_fp64_cholesky,1024,0.00013525222311727703,6.762611155863851e-05,0.0,1.3783574104309082e-07,0.07798200845718384,0.5,729,2990080,3208.9178485493176,2990080,1.0,1e-06,paper_sgd_momentum_1e-6,1.0,1.0,0.2380475401878357,1.2538909912109375,0.7986904978752136,-1.5302391052246094,0.9570510983467102
8,8,-1.5146821737289429,-0.39751988649368286,-1.5078351497650146,-2.754538059234619,0.06872813403606415,0.0,1.0,1.0,512,0.5,-0.0,69.53,6.3,940,0.0005544882733374834,0.01,78735.43446645259,0.0,0.0,0.08063986897468567,0.0,0.0,0.0,0.0,78735.43446645259,1.0,0.01,4.842137495980004e-16,0,1.0,2.517008823588185e-09,1.0,0.002041881438344717,22.627416610717773,63492.15625,7873543.446645258,0.0,0.0005544883315451443,1.0,full_shared_joint2b_critic_anchored_actor_scale_floor,torch.float64,0.0,0.0,0.00027724416577257216,0.0,0.5,4.842137495980004e-16,0.0005157599225640297,0.00025787996128201485,4.842137495980004e-16,block_normalized_symmetric_jacobi_fp64_cholesky,1024,0.00020359019981697202,0.00010179509990848601,0.0,-1.1920928955078125e-07,0.0641152486205101,0.5,739,3031040,3252.5744006321765,3031040,1.0,1e-06,paper_sgd_momentum_1e-6,1.0,1.0,0.2580186128616333,1.0550057888031006,0.8208918571472168,-1.772594928741455,0.9345815181732178
8,8,-1.4541521072387695,-0.1535947471857071,-1.493187665939331,-2.4889025688171387,0.07320474833250046,0.0,1.0,1.0,512,0.5,-0.0,62.84,6.2,941,0.00045061836135573685,0.01,78432.79419372247,0.0,0.0,0.0807953029870987,0.0,0.0,0.0,0.0,78432.79419372247,1.0,0.01,4.81699182140493e-16,0,1.0,1.2817914507579076e-09,1.0,0.002188136801123619,22.627416610717773,63370.015625,7843279.419372247,0.0,0.0004506183904595673,1.0,full_shared_joint2b_critic_anchored_actor_scale_floor,torch.float64,0.0,0.0,0.00022530919522978365,0.0,0.5,4.81699182140493e-16,0.00043374745291657746,0.00021687372645828873,4.81699182140493e-16,block_normalized_symmetric_jacobi_fp64_cholesky,1024,0.0001221477723447606,6.10738861723803e-05,0.0,6.146728992462158e-08,0.07334603369235992,0.5,749,3072000,3296.2267262982205,3072000,1.0,1e-06,paper_sgd_momentum_1e-6,1.0,1.0,0.27035263180732727,0.950498640537262,0.7407132983207703,-1.9203426837921143,0.8525480628013611
8,8,-1.4854214191436768,-0.38724610209465027,-1.4877467155456543,-2.7224843502044678,0.05872665345668793,0.0,1.0,1.0,512,0.5,-0.0,67.28,6.2,941,0.0006788650644011796,0.01,78188.64988070827,0.0,0.0,0.08092134445905685,0.0,0.0,0.0,0.0,78188.64988070827,1.0,0.01,5.241938410143005e-16,0,1.0,5.377270184681038e-09,1.0,0.0020752751734107733,22.627416610717773,63271.3125,7818864.988070826,0.0,0.0006788650061935186,1.0,full_shared_joint2b_critic_anchored_actor_scale_floor,torch.float64,0.0,0.0,0.0003394325030967593,0.0,0.5,5.241938410143005e-16,0.0006460515432991087,0.00032302577164955437,5.241938410143005e-16,block_normalized_symmetric_jacobi_fp64_cholesky,1024,0.000208506899070926,0.000104253449535463,0.0,-3.390014171600342e-07,0.06576958298683167,0.5,759,3112960,3340.695121263154,3112960,1.0,1e-06,paper_sgd_momentum_1e-6,1.0,1.0,0.3069056570529938,0.9304206371307373,0.7252603769302368,-1.8899635076522827,0.7823736667633057
8,8,-1.5460710525512695,-0.3692740797996521,-1.5408332347869873,-2.664872407913208,0.062041573226451874,0.0,1.0,1.0,512,0.5,-0.0,64.95,6.5,940,0.00039691239362582564,0.01,80471.76160130896,0.0,0.0,0.07976514846086502,0.0,0.0,0.0,0.0,80471.76160130896,1.0,0.01,5.212847739781252e-16,0,1.0,6.147756193009002e-10,1.0,0.00199970998801291,22.627416610717773,64188.42578125,8047176.160130896,0.0,0.00039691233541816473,1.0,full_shared_joint2b_critic_anchored_actor_scale_floor,torch.float64,0.0,0.0,0.00019845616770908237,0.0,0.5,5.212847739781252e-16,0.0003883253375533968,0.0001941626687766984,5.212847739781252e-16,block_normalized_symmetric_jacobi_fp64_cholesky,1024,8.21148423710838e-05,4.10574211855419e-05,0.0,3.3527612686157227e-08,0.06285032629966736,0.5,769,3153920,3384.6622902052477,3153920,1.0,1e-06,paper_sgd_momentum_1e-6,1.0,1.0,0.34498000144958496,1.1357907056808472,0.850595235824585,-1.511216640472412,0.8543141484260559
8,8,-1.477529525756836,-0.2481953650712967,-1.4936083555221558,-2.5060174465179443,0.06885719299316406,0.0,1.0,1.0,512,0.5,-0.0,61.83,6.0,941,0.0005701648187823594,0.01,79836.77764056537,0.0,0.0,0.08008173108100891,0.0,0.0,0.0,0.0,79836.77764056537,1.0,0.01,5.165182337291784e-16,0,1.0,3.886087895921264e-09,1.0,0.0022719856351614,22.627416610717773,63934.67578125,7983677.764056537,0.0,0.0005701648769900203,1.0,full_shared_joint2b_critic_anchored_actor_scale_floor,torch.float64,0.0,0.0,0.00028508243849501014,0.0,0.5,5.165182337291784e-16,0.0005353552405722439,0.00026767762028612196,5.165182337291784e-16,block_normalized_symmetric_jacobi_fp64_cholesky,1024,0.00019617017824202776,9.808508912101388e-05,0.0,-1.0803341865539551e-07,0.08049042522907257,0.5,779,3194880,3428.319145484362,3194880,1.0,1e-06,paper_sgd_momentum_1e-6,1.0,1.0,0.2624688744544983,0.9926004409790039,0.7299864888191223,-1.7675509452819824,0.8827478289604187
8,8,-1.507568359375,-0.34051308035850525,-1.5087857246398926,-2.5376977920532227,0.05959739908576012,0.0,1.0,1.0,512,0.5,-0.0,63.43,6.4,942,0.00040092982817441225,0.01,82091.66633753189,0.0,0.0,0.07897423207759857,0.0,0.0,0.0,0.0,82091.66633753189,1.0,0.01,5.157711473134408e-16,0,1.0,1.1100254049267733e-09,1.0,0.001855179900303483,22.627416610717773,64831.265625,8209166.633753189,0.0,0.00040092982817441225,1.0,full_shared_joint2b_critic_anchored_actor_scale_floor,torch.float64,0.0,0.0,0.00020046491408720613,0.0,0.5,5.157711473134408e-16,0.00039470341289415956,0.00019735170644707978,5.157711473134408e-16,block_normalized_symmetric_jacobi_fp64_cholesky,1024,7.038415060378611e-05,3.5192075301893055e-05,0.0,2.8312206268310547e-07,0.055182475596666336,0.5,789,3235840,3471.9504223749973,3235840,1.0,1e-06,paper_sgd_momentum_1e-6,1.0,1.0,0.19254381954669952,0.9898958206176758,0.7548880577087402,-1.587530255317688,0.9746349453926086
8,8,-1.4841692447662354,-0.12198113650083542,-1.502936601638794,-2.628337860107422,0.06759060174226761,0.0,1.0,1.0,512,0.5,-0.0,63.7,6.2,941,0.0004899006453342736,0.01,82014.51513784553,0.0,0.0,0.07901138067245483,0.0,0.0,0.0,0.0,82014.51513784553,1.0,0.01,4.965222536106392e-16,0,1.0,1.5426353527914216e-09,1.0,0.002004732144996524,22.627416610717773,64800.79296875,8201451.513784554,0.0,0.0004899006453342736,1.0,full_shared_joint2b_critic_anchored_actor_scale_floor,torch.float64,0.0,0.0,0.0002449503226671368,0.0,0.5,4.965222536106392e-16,0.00046871876111254096,0.00023435938055627048,4.965222536106392e-16,block_normalized_symmetric_jacobi_fp64_cholesky,1024,0.00014249692321754992,7.124846160877496e-05,0.0,1.7695128917694092e-07,0.06437740474939346,0.5,799,3276800,3516.517309294082,3276800,1.0,1e-06,paper_sgd_momentum_1e-6,1.0,1.0,0.234182670712471,1.1243802309036255,0.7587459087371826,-1.9400418996810913,0.9282951951026917
8,8,-1.5251717567443848,-0.5287637114524841,-1.5274038314819336,-2.699307441711426,0.05944491922855377,0.0,1.0,1.0,512,0.5,-0.0,69.6,6.9,942,0.00037766044260933995,0.01,87015.29615964941,0.0,0.0,0.0767073854804039,0.0,0.0,0.0,0.0,87015.29615964941,1.0,0.01,5.189079973656677e-16,0,1.0,8.092694292471947e-10,1.0,0.0019502126378938556,22.627416610717773,66747.15625,8701529.615964942,0.0,0.00037766044260933995,1.0,full_shared_joint2b_critic_anchored_actor_scale_floor,torch.float64,0.0,0.0,0.00018883022130466998,0.0,0.5,5.189079973656677e-16,0.0003683724789880216,0.0001841862394940108,5.189079973656677e-16,block_normalized_symmetric_jacobi_fp64_cholesky,1024,8.324130612891167e-05,4.162065306445584e-05,0.0,-1.8067657947540283e-07,0.06463824957609177,0.5,809,3317760,3560.227597532328,3317760,1.0,1e-06,paper_sgd_momentum_1e-6,1.0,1.0,0.2990204393863678,0.9514200091362,0.7913151979446411,-1.5278866291046143,0.8633998036384583
8,8,-1.519538402557373,-0.3538821041584015,-1.5293774604797363,-2.589189291000366,0.06413575261831284,0.0,1.0,1.0,512,0.5,-0.0,62.66,5.4,941,0.000524049683008343,0.01,81411.5784711259,0.0,0.0,0.07930342108011246,0.0,0.0,0.0,0.0,81411.5784711259,1.0,0.01,5.5117401016614e-16,0,1.0,8.949367913402284e-10,0.9999999403953552,0.002144248690456152,22.627416610717773,64562.1640625,8141157.84711259,0.0,0.0005240497412160039,1.0,full_shared_joint2b_critic_anchored_actor_scale_floor,torch.float64,0.0,0.0,0.00026202487060800195,0.0,0.5,5.5117401016614e-16,0.0005047128070145845,0.00025235640350729227,5.5117401016614e-16,block_normalized_symmetric_jacobi_fp64_cholesky,1024,0.00014104288129601628,7.052144064800814e-05,0.0,-3.5762786865234375e-07,0.07310827076435089,0.5,819,3358720,3604.406876287423,3358720,1.0,1e-06,paper_sgd_momentum_1e-6,1.0,1.0,0.13503417372703552,1.127877116203308,0.7823725938796997,-1.5253351926803589,1.0694588422775269
8,8,-1.503211259841919,-0.38233527541160583,-1.5014299154281616,-2.7716224193573,0.06963369250297546,0.0,1.0,1.0,512,0.5,-0.0,65.33,5.9,943,0.00046153340372256935,0.01,85604.17354692414,0.0,0.0,0.07733703404664993,0.0,0.0,0.0,0.0,85604.17354692414,1.0,0.01,4.860230513639071e-16,0,1.0,7.935569978911872e-10,1.0,0.001996714388951659,22.627416610717773,66203.7265625,8560417.354692414,0.0,0.0004615333746187389,1.0,full_shared_joint2b_critic_anchored_actor_scale_floor,torch.float64,0.0,0.0,0.00023076668730936944,0.0,0.5,4.860230513639071e-16,0.00044510341831482947,0.00022255170915741473,4.860230513639071e-16,block_normalized_symmetric_jacobi_fp64_cholesky,1024,0.00012204924132674932,6.102462066337466e-05,0.0,-5.960464477539063e-08,0.06665870547294617,0.5,829,3399680,3648.1501684403047,3399680,1.0,1e-06,paper_sgd_momentum_1e-6,1.0,1.0,0.05529744178056717,0.9997287392616272,0.6723604798316956,-1.8218697309494019,1.0709125995635986
8,8,-1.4830965995788574,-0.14830458164215088,-1.5158964395523071,-2.5078043937683105,0.07038036733865738,0.0,1.0,1.0,512,0.5,-0.0,66.07,6.4,947,0.0004368613299448043,0.01,85963.26664462946,0.0,0.0,0.0771753340959549,0.0,0.0,0.0,0.0,85963.26664462946,1.0,0.01,4.932960926069228e-16,0,1.0,2.2700523683027996e-09,1.0,0.0022373844403773546,22.627416610717773,66342.4375,8596326.664462946,0.0,0.0004368613299448043,1.0,full_shared_joint2b_critic_anchored_actor_scale_floor,torch.float64,0.0,0.0,0.00021843066497240216,0.0,0.5,4.932960926069228e-16,0.0004235912056174129,0.00021179560280870646,4.932960926069228e-16,block_normalized_symmetric_jacobi_fp64_cholesky,1024,0.00010685646702768281,5.3428233513841406e-05,0.0,1.4901161193847656e-07,0.0840473622083664,0.5,839,3440640,3692.5853430069983,3440640,1.0,1e-06,paper_sgd_momentum_1e-6,1.0,1.0,0.12921488285064697,1.0059635639190674,0.7680282592773438,-1.7965775728225708,1.074637532234192
8,8,-1.4964393377304077,-0.2962527275085449,-1.4983749389648438,-2.490002393722534,0.0612185001373291,0.0,1.0,1.0,512,0.5,-0.0,59.3,5.1,941,0.0004536778142210096,0.01,83900.60826226634,0.0,0.0,0.078118234872818,0.0,0.0,0.0,0.0,83900.60826226634,1.0,0.01,4.885149338831404e-16,0,1.0,1.3225660566718034e-09,1.0000001192092896,0.002075866563245654,22.627418518066406,65541.671875,8390060.826226633,0.0,0.00045367784332484007,1.0,full_shared_joint2b_critic_anchored_actor_scale_floor,torch.float64,0.0,0.0,0.00022683892166242003,0.0,0.5,4.885149338831404e-16,0.000432850094512105,0.0002164250472560525,4.885149338831404e-16,block_normalized_symmetric_jacobi_fp64_cholesky,1024,0.0001358837471343577,6.794187356717885e-05,0.0,-3.725290298461914e-09,0.0706145167350769,0.5,849,3481600,3736.171996671241,3481600,1.0,1e-06,paper_sgd_momentum_1e-6,1.0,1.0,0.024752624332904816,1.005165457725525,0.7015657424926758,-1.9263834953308105,1.156598448753357
8,8,-1.4991117715835571,-0.3460597097873688,-1.5227667093276978,-2.5158138275146484,0.06713949888944626,0.0,1.0,1.0,512,0.5,-0.0,65.11,6.3,943,0.0004790426464751363,0.01,88614.11703044342,0.0,0.0,0.07601223886013031,0.0,0.0,0.0,0.0,88614.11703044342,1.0,0.01,5.37676228203644e-16,0,1.0,7.507523491767643e-10,1.0,0.0020161550492048264,22.627416610717773,67357.5703125,8861411.703044342,0.0,0.0004790426464751363,1.0,full_shared_joint2b_critic_anchored_actor_scale_floor,torch.float64,0.0,0.0,0.00023952132323756814,0.0,0.5,5.37676228203644e-16,0.0004620361141860485,0.00023101805709302425,5.37676228203644e-16,block_normalized_symmetric_jacobi_fp64_cholesky,1024,0.00012650871940422803,6.325435970211402e-05,0.0,-1.1548399925231934e-07,0.070352703332901,0.5,859,3522560,3779.8057524762116,3522560,1.0,1e-06,paper_sgd_momentum_1e-6,1.0,1.0,0.22011308372020721,1.0453190803527832,0.7571726441383362,-1.5798637866973877,0.93546062707901
8,8,-1.5365562438964844,-0.3990999162197113,-1.540259599685669,-2.549542188644409,0.05678382143378258,0.0,1.0,1.0,512,0.5,-0.0,61.18,5.5,942,0.0005252216942608356,0.01,86340.29759165745,0.0,0.0,0.07700664550065994,0.0,0.0,0.0,0.0,86340.29759165745,1.0,0.01,5.716666079205421e-16,0,1.0,1.7113246375544122e-09,0.9999999403953552,0.002016320824623108,22.627416610717773,66487.765625,8634029.759165745,0.0,0.0005252216942608356,1.0,full_shared_joint2b_critic_anchored_actor_scale_floor,torch.float64,0.0,0.0,0.0002626108471304178,0.0,0.5,5.716666079205421e-16,0.000511966529302299,0.0002559832646511495,5.716666079205421e-16,block_normalized_symmetric_jacobi_fp64_cholesky,1024,0.00011725237709470093,5.8626188547350466e-05,0.0,-4.0046870708465576e-07,0.06855875253677368,0.5,869,3563520,3823.53085590899,3563520,1.0,1e-06,paper_sgd_momentum_1e-6,1.0,1.0,0.20479431748390198,1.0734554529190063,0.776520311832428,-1.5416823625564575,0.9770517349243164
8,8,-1.4820375442504883,-0.2889798581600189,-1.5113292932510376,-2.48848819732666,0.06257332116365433,0.0,1.0,1.0,512,0.5,-0.0,64.02,6.2,879,0.0005322421784512699,0.01,88027.38864031172,0.0,0.0,0.0762651339173317,0.0,0.0,0.0,0.0,88027.38864031172,1.0,0.01,5.066264788823033e-16,0,1.0,3.1109275155927207e-09,1.0,0.0018469979986548424,22.627416610717773,67134.2109375,8802738.864031171,0.0,0.0005322421784512699,1.0,full_shared_joint2b_critic_anchored_actor_scale_floor,torch.float64,0.0,0.0,0.00026612108922563493,0.0,0.5,5.066264788823033e-16,0.0004971614107489586,0.0002485807053744793,5.066264788823033e-16,block_normalized_symmetric_jacobi_fp64_cholesky,1024,0.00019003225315827876,9.501612657913938e-05,0.0,-2.998858690261841e-07,0.05865170806646347,0.5,879,3604480,3868.0804475611076,3604480,1.0,1e-06,paper_sgd_momentum_1e-6,1.0,1.0,0.17162486910820007,0.9560335874557495,0.679490864276886,-1.62362802028656,0.9364296197891235
8,8,-1.5505950450897217,-0.36939123272895813,-1.5413389205932617,-2.8301138877868652,0.060574933886528015,0.0,1.0,1.0,512,0.5,-0.0,61.6,5.4,942,0.000388615793781355,0.01,88681.77632952925,0.0,0.0,0.07598322629928589,0.0,0.0,0.0,0.0,88681.77632952925,1.0,0.01,4.8026949545395445e-16,0,1.0,3.050289354433744e-09,1.0,0.0018033660016953945,22.627416610717773,67383.28125,8868177.632952925,0.0,0.0003886158228851855,1.0,full_shared_joint2b_critic_anchored_actor_scale_floor,torch.float64,0.0,0.0,0.00019430791144259274,0.0,0.5,4.8026949545395445e-16,0.0003748945309780538,0.0001874472654890269,4.8026949545395445e-16,block_normalized_symmetric_jacobi_fp64_cholesky,1024,0.00010235400986857712,5.117700493428856e-05,0.0,-2.7194619178771973e-07,0.056329015642404556,0.5,889,3645440,3911.790546163451,3645440,1.0,1e-06,paper_sgd_momentum_1e-6,1.0,1.0,0.04242483526468277,0.9618018865585327,0.770512044429779,-1.8624346256256104,1.1269179582595825
8,8,-1.4956915378570557,-0.21346627175807953,-1.5229514837265015,-2.4588992595672607,0.05950196832418442,0.0,1.0,1.0,512,0.5,-0.0,59.91,5.1,941,0.00039627455407753587,0.01,87757.01283002201,0.0,0.0,0.07638253271579742,0.0,0.0,0.0,0.0,87757.01283002201,1.0,0.01,4.708508174729742e-16,0,1.0,1.6178819395307187e-09,0.9999998807907104,0.0017042271792888641,22.62741470336914,67031.03125,8775701.283002201,0.0,0.00039627455407753587,1.0,full_shared_joint2b_critic_anchored_actor_scale_floor,torch.float64,0.0,0.0,0.00019813727703876793,0.0,0.5,4.708508174729742e-16,0.00038124783895909786,0.00019062391947954893,4.708508174729742e-16,block_normalized_symmetric_jacobi_fp64_cholesky,1024,0.00010809070954564959,5.4045354772824794e-05,0.0,4.0046870708465576e-08,0.049781374633312225,0.5,899,3686400,3955.402124031447,3686400,1.0,1e-06,paper_sgd_momentum_1e-6,1.0,1.0,0.021447304636240005,0.9424060583114624,0.7045361399650574,-1.6458683013916016,1.1412367820739746
8,8,-1.4930379390716553,-0.3947710692882538,-1.5037709474563599,-2.476968288421631,0.05187375098466873,0.0,1.0,1.0,512,0.5,-0.0,70.09,7.0,941,0.00041060365037992597,0.01,97255.77030948181,0.0,0.0,0.07255665212869644,0.0,0.0,0.0,0.0,97255.77030948181,1.0,0.01,4.503277075225991e-16,0,1.0,1.4229963873901852e-09,1.0,0.0015629923436790705,22.627416610717773,70565.5390625,9725577.03094818,0.0,0.00041060365037992597,1.0,full_shared_joint2b_critic_anchored_actor_scale_floor,torch.float64,0.0,0.0,0.00020530182518996298,0.0,0.5,4.503277075225991e-16,0.00039940507849678397,0.00019970253924839199,4.503277075225991e-16,block_normalized_symmetric_jacobi_fp64_cholesky,1024,9.524141205474734e-05,4.762070602737367e-05,0.0,-9.499490261077881e-08,0.0464043989777565,0.5,909,3727360,3999.066442495212,3727360,1.0,1e-06,paper_sgd_momentum_1e-6,1.0,1.0,0.3068084418773651,1.0515830516815186,0.739126443862915,-1.589790940284729,0.8111916184425354
8,8,-1.5708215236663818,-0.5761440396308899,-1.553743839263916,-2.675023078918457,0.058482568711042404,0.0,1.0,1.0,512,0.5,-0.0,60.27,5.1,940,0.0004099593497812748,0.01,92442.1534420497,0.0,0.0,0.07442176342010498,0.0,0.0,0.0,0.0,92442.1534420497,1.0,0.01,4.831078128207867e-16,0,1.0,7.37491512303734e-10,1.0,0.0018739637453109026,22.627416610717773,68797.078125,9244215.34420497,0.0,0.00040995932067744434,1.0,full_shared_joint2b_critic_anchored_actor_scale_floor,torch.float64,0.0,0.0,0.00020497966033872217,0.0,0.5,4.831078128207867e-16,0.0003927938232664019,0.00019639691163320094,4.831078128207867e-16,block_normalized_symmetric_jacobi_fp64_cholesky,1024,0.00011738684406736866,5.869342203368433e-05,0.0,1.043081283569336e-07,0.06340484321117401,0.5,919,3768320,4043.26806571614,3768320,1.0,1e-06,paper_sgd_momentum_1e-6,1.0,1.0,0.11071070283651352,1.4796898365020752,0.7629940509796143,-1.5319198369979858,1.0632258653640747
8,8,-1.5231530666351318,-0.3467080295085907,-1.5330241918563843,-2.5846076011657715,0.059444837272167206,0.0,1.0,1.0,512,0.5,-0.0,62.54,5.6,942,0.00040488725062459707,0.01,90610.05221025899,0.0,0.0,0.0751703754067421,0.0,0.0,0.0,0.0,90610.05221025899,1.0,0.01,5.0247249118731e-16,0,1.0,1.1876827299417414e-09,0.9999999403953552,0.0019709740299731493,22.627416610717773,68111.9296875,9061005.221025899,0.0,0.00040488725062459707,1.0,full_shared_joint2b_critic_anchored_actor_scale_floor,torch.float64,0.0,0.0,0.00020244362531229854,0.0,0.5,5.0247249118731e-16,0.00038986356230452657,0.00019493178115226328,5.0247249118731e-16,block_normalized_symmetric_jacobi_fp64_cholesky,1024,0.00010927068797172979,5.463534398586489e-05,0.0,-1.7136335372924805e-07,0.06874929368495941,0.5,929,3809280,4087.305155779235,3809280,1.0,1e-06,paper_sgd_momentum_1e-6,1.0,1.0,0.1138124167919159,0.8925893306732178,0.7382712364196777,-1.7982624769210815,1.0469062328338623
8,8,-1.5205330848693848,-0.3870985507965088,-1.5146952867507935,-2.5760459899902344,0.05830426886677742,0.0,1.0,1.0,512,0.5,-0.0,62.81,6.0,942,0.00040592814912088215,0.01,91561.24975819238,0.0,0.0,0.07477891445159912,0.0,0.0,0.0,0.0,91561.24975819238,1.0,0.01,5.039742169503758e-16,0,1.0,1.6282053483251957e-09,1.0,0.002001736080273986,22.627416610717773,68468.5,9156124.975819238,0.0,0.0004059281782247126,1.0,full_shared_joint2b_critic_anchored_actor_scale_floor,torch.float64,0.0,0.0,0.0002029640891123563,0.0,0.5,5.039742169503758e-16,0.00039657531306147575,0.00019828765653073788,5.039742169503758e-16,block_normalized_symmetric_jacobi_fp64_cholesky,1024,8.663549670018256e-05,4.331774835009128e-05,0.0,3.259629011154175e-07,0.07165646553039551,0.5,939,3850240,4130.9089986672625,3850240,1.0,1e-06,paper_sgd_momentum_1e-6,1.0,1.0,0.0013752840459346771,0.8886182308197021,0.6725588440895081,-1.7694817781448364,1.1184080839157104
8,8,-1.5063285827636719,-0.41227757930755615,-1.5216058492660522,-2.54357647895813,0.05637223646044731,0.0,1.0,1.0,512,0.5,-0.0,62.92,6.0,943,0.0003378024266567081,0.01,96700.73642430047,0.0,0.0,0.07276459038257599,0.0,0.0,0.0,0.0,96700.73642430047,1.0,0.01,5.036921654798029e-16,0,1.0,1.778966418619632e-10,1.0,0.0017758938483893871,22.627416610717773,70363.890625,9670073.642430047,0.0,0.0003378024557605386,1.0,full_shared_joint2b_critic_anchored_actor_scale_floor,torch.float64,0.0,0.0,0.0001689012278802693,0.0,0.5,5.036921654798029e-16,0.0003242601815145463,0.00016213009075727314,5.036921654798029e-16,block_normalized_symmetric_jacobi_fp64_cholesky,1024,9.468799544265494e-05,4.734399772132747e-05,0.0,2.2351741790771484e-08,0.05956537649035454,0.5,949,3891200,4174.600731752347,3891200,1.0,1e-06,paper_sgd_momentum_1e-6,1.0,1.0,0.16343256831169128,0.9332799911499023,0.7313875555992126,-1.6056644916534424,1.0024560689926147
8,8,-1.5665247440338135,-0.3936939835548401,-1.5539677143096924,-2.6410157680511475,0.05599119886755943,0.0,1.0,1.0,512,0.5,-0.0,59.3,5.6,942,0.0003915090928785503,0.01,91854.94330422027,0.0,0.0,0.07465926557779312,0.0,0.0,0.0,0.0,91854.94330422027,1.0,0.01,5.299692863784109e-16,0,1.0,2.6425434063170883e-10,1.0,0.002036560792475939,22.627416610717773,68578.2265625,9185494.330422027,0.0,0.00039150906377471983,1.0,full_shared_joint2b_critic_anchored_actor_scale_floor,torch.float64,0.0,0.0,0.00019575453188735992,0.0,0.5,5.299692863784109e-16,0.00038642395520582795,0.00019321197760291398,5.299692863784109e-16,block_normalized_symmetric_jacobi_fp64_cholesky,1024,6.289566954365e-05,3.1447834771825e-05,0.0,-1.2293457984924316e-07,0.07440932095050812,0.5,959,3932160,4218.567262502387,3932160,1.0,1e-06,paper_sgd_momentum_1e-6,1.0,1.0,0.03455460071563721,1.058084487915039,0.7481532096862793,-1.5559636354446411,1.138087511062622
8,8,-1.5165096521377563,-0.4217768609523773,-1.5161551237106323,-2.538870334625244,0.05761021748185158,0.0,1.0,1.0,512,0.5,-0.0,60.14,5.9,941,0.00039900498813949525,0.01,98545.63820538337,0.0,0.0,0.07208023965358734,0.0,0.0,0.0,0.0,98545.63820538337,1.0,0.01,4.504093909937097e-16,0,1.0,6.393584550679066e-10,0.9999999403953552,0.001724507543258369,22.627416610717773,71031.9453125,9854563.820538336,0.0,0.00039900498813949525,1.0,full_shared_joint2b_critic_anchored_actor_scale_floor,torch.float64,0.0,0.0,0.00019950249406974763,0.0,0.5,4.504093909937097e-16,0.0003905226767528802,0.0001952613383764401,4.504093909937097e-16,block_normalized_symmetric_jacobi_fp64_cholesky,1024,8.183522731997073e-05,4.0917613659985363e-05,0.0,-9.685754776000977e-08,0.05723974108695984,0.5,969,3973120,4262.7361902100965,3973120,1.0,1e-06,paper_sgd_momentum_1e-6,1.0,1.0,-0.007809951901435852,0.9451646208763123,0.6655596494674683,-1.648934006690979,1.130262017250061
8,8,-1.5555367469787598,-0.5842629075050354,-1.536913275718689,-2.7981653213500977,0.05295925214886665,0.0,1.0,1.0,512,0.5,-0.0,64.42,6.4,942,0.0005044668214395642,0.01,95003.33115220608,0.0,0.0,0.07341174781322479,0.0,0.0,0.0,0.0,95003.33115220608,1.0,0.01,4.576983283588583e-16,0,1.0,5.220097687441694e-10,1.0,0.0018454095115885139,22.627416610717773,69743.6015625,9500333.115220608,0.0,0.0005044668214395642,1.0,full_shared_joint2b_critic_anchored_actor_scale_floor,torch.float64,0.0,0.0,0.0002522334107197821,0.0,0.5,4.576983283588583e-16,0.0004951208829879761,0.00024756044149398804,4.576983283588583e-16,block_normalized_symmetric_jacobi_fp64_cholesky,1024,9.665463585406542e-05,4.832731792703271e-05,0.0,1.5459954738616943e-07,0.06319087743759155,0.5,979,4014080,4306.356474655215,4014080,1.0,1e-06,paper_sgd_momentum_1e-6,1.0,1.0,0.15314097702503204,1.01480233669281,0.7308670282363892,-1.5789024829864502,1.015189528465271
8,8,-1.5457453727722168,-0.4252581000328064,-1.5407582521438599,-2.597972869873047,0.055006060749292374,0.0,1.0,1.0,512,0.5,-0.0,64.17,5.7,942,0.0003754048084374517,0.01,97127.99801264006,0.0,0.0,0.07260436564683914,0.0,0.0,0.0,0.0,97127.99801264006,1.0,0.01,3.980647377126847e-16,0,1.0,4.379832052592292e-10,0.9999999403953552,0.0015581091865897179,22.627416610717773,70519.171875,9712799.801264007,0.0,0.0003754048084374517,1.0,full_shared_joint2b_critic_anchored_actor_scale_floor,torch.float64,0.0,0.0,0.00018770240421872586,0.0,0.5,3.980647377126847e-16,0.00036880216794088483,0.00018440108397044241,3.980647377126847e-16,block_normalized_symmetric_jacobi_fp64_cholesky,1024,7.009790715528652e-05,3.504895357764326e-05,0.0,-2.60770320892334e-08,0.04605431109666824,0.5,989,4055040,4350.0165238170885,4055040,1.0,1e-06,paper_sgd_momentum_1e-6,1.0,1.0,0.1268382966518402,1.0287128686904907,0.7278039455413818,-1.6524492502212524,1.0327403545379639
8,8,-1.4985523223876953,-0.36883115768432617,-1.5181212425231934,-2.6116690635681152,0.05634213611483574,0.0,1.0,1.0,512,0.5,-0.0,65.31,6.1,893,0.0004646318266168237,0.01,100150.86682033651,0.0,0.0,0.0715002566576004,0.0,0.0,0.0,0.0,100150.86682033651,1.0,0.01,4.792250016662721e-16,0,1.0,4.3773323854523483e-10,1.0,0.001643591676838696,22.627416610717773,71608.125,10015086.68203365,0.0,0.0004646317975129932,1.0,full_shared_joint2b_critic_anchored_actor_scale_floor,torch.float64,0.0,0.0,0.0002323158987564966,0.0,0.5,4.792250016662721e-16,0.0004559658409561962,0.0002279829204780981,4.792250016662721e-16,block_normalized_symmetric_jacobi_fp64_cholesky,1024,8.931876072892919e-05,4.4659380364464596e-05,0.0,3.5390257835388184e-07,0.0528411939740181,0.5,999,4096000,4394.081012153067,4096000,1.0,1e-06,paper_sgd_momentum_1e-6,1.0,1.0,0.1386699229478836,0.8965714573860168,0.7263169288635254,-1.8192267417907715,1.0333006381988525
8,8,-1.580500602722168,-0.35098347067832947,-1.5650321245193481,-2.634580612182617,0.06537046283483505,0.0,1.0,1.0,512,0.5,-0.0,62.71,5.0,941,0.00046270558959804475,0.01,101958.95673314248,0.0,0.0,0.07086344808340073,0.0,0.0,0.0,0.0,101958.95673314248,1.0,0.01,5.333523465144247e-16,0,1.0,3.6976171013947123e-09,1.0,0.0017367395339533687,22.627416610717773,72251.6328125,10195895.673314247,0.0,0.0004627056187018752,1.0,full_shared_joint2b_critic_anchored_actor_scale_floor,torch.float64,0.0,0.0,0.0002313528093509376,0.0,0.5,5.333523465144247e-16,0.0004399369063321501,0.00021996845316607505,5.333523465144247e-16,block_normalized_symmetric_jacobi_fp64_cholesky,1024,0.00014335964806377888,7.167982403188944e-05,0.0,2.3096799850463867e-07,0.060065463185310364,0.5,1009,4136960,4438.322465287056,4136960,1.0,1e-06,paper_sgd_momentum_1e-6,1.0,1.0,0.01297769509255886,1.0169485807418823,0.7519603371620178,-1.5404516458511353,1.1237893104553223
8,8,-1.5227556228637695,-0.446710467338562,-1.5248386859893799,-2.615978956222534,0.05018684267997742,0.0,1.0,1.0,512,0.5,-0.0,63.4,5.8,943,0.00040079813334159553,0.01,101018.56611162364,0.0,0.0,0.07119251787662506,0.0,0.0,0.0,0.0,101018.56611162364,1.0,0.01,4.494860873998944e-16,0,1.0,2.8147124631061615e-09,0.9999999403953552,0.0016959322383627295,22.62741470336914,71917.6640625,10101856.611162364,0.0,0.00040079813334159553,1.0,full_shared_joint2b_critic_anchored_actor_scale_floor,torch.float64,0.0,0.0,0.00020039906667079777,0.0,0.5,4.494860873998944e-16,0.0003809286863543093,0.00019046434317715466,4.494860873998944e-16,block_normalized_symmetric_jacobi_fp64_cholesky,1024,0.00012462942686397582,6.231471343198791e-05,0.0,8.66129994392395e-08,0.056747693568468094,0.5,1019,4177920,4481.883518077433,4177920,1.0,1e-06,paper_sgd_momentum_1e-6,1.0,1.0,-0.05218851566314697,0.903014600276947,0.6449394226074219,-1.6375834941864014,1.1507171392440796
8,8,-1.5687988996505737,-0.7108957171440125,-1.550719141960144,-2.936234712600708,0.05008694529533386,0.0,1.0,1.0,512,0.5,-0.0,66.9,6.3,942,0.0003906882484443486,0.01,100840.96316666144,0.0,0.0,0.07125518471002579,0.0,0.0,0.0,0.0,100840.96316666144,1.0,0.01,4.929043446943109e-16,0,1.0,1.5065222402910194e-09,1.0,0.0016196811338886619,22.627416610717773,71854.4140625,10084096.316666145,0.0,0.0003906882484443486,1.0,full_shared_joint2b_critic_anchored_actor_scale_floor,torch.float64,0.0,0.0,0.0001953441242221743,0.0,0.5,4.929043446943109e-16,0.00038306397618725896,0.00019153198809362948,4.929043446943109e-16,block_normalized_symmetric_jacobi_fp64_cholesky,1024,7.680691487621516e-05,3.840345743810758e-05,0.0,-5.774199962615967e-08,0.05166852846741676,0.5,1029,4218880,4525.452286404092,4218880,1.0,1e-06,paper_sgd_momentum_1e-6,1.0,1.0,0.20783643424510956,0.9647914171218872,0.7521266937255859,-1.6456408500671387,0.943936288356781
8,8,-1.5500471591949463,-0.34602147340774536,-1.5495233535766602,-2.842829704284668,0.054282985627651215,0.0,1.0,1.0,512,0.5,-0.0,60.91,5.5,942,0.0004876039456576109,0.01,99500.77731285394,0.0,0.0,0.07173344492912292,0.0,0.0,0.0,0.0,99500.77731285394,1.0,0.01,4.512142053432429e-16,0,1.0,7.125536827246037e-10,1.0,0.001656780601479113,22.627416610717773,71375.34375,9950077.731285393,0.0,0.00048760397476144135,1.0,full_shared_joint2b_critic_anchored_actor_scale_floor,torch.float64,0.0,0.0,0.00024380198738072067,0.0,0.5,4.512142053432429e-16,0.0004732114030048251,0.00023660570150241256,4.512142053432429e-16,block_normalized_symmetric_jacobi_fp64_cholesky,1024,0.0001175950383185409,5.879751915927045e-05,0.0,-6.705522537231445e-08,0.053344108164310455,0.5,1039,4259840,4569.036383659113,4259840,1.0,1e-06,paper_sgd_momentum_1e-6,1.0,1.0,0.049718551337718964,0.9334902167320251,0.7179130911827087,-1.6143606901168823,1.1142826080322266
8,8,-1.538283109664917,-0.3852687180042267,-1.5358293056488037,-2.722381591796875,0.05416908860206604,0.0,1.0,1.0,512,0.5,-0.0,61.64,5.3,942,0.0003614455636125058,0.01,100151.82777167224,0.0,0.0,0.07149992138147354,0.0,0.0,0.0,0.0,100151.82777167224,1.0,0.01,5.559189146468083e-16,0,1.0,2.7901472798852467e-10,1.0,0.0018118664156645536,22.627416610717773,71608.4765625,10015182.777167223,0.0,0.0003614455636125058,1.0,full_shared_joint2b_critic_anchored_actor_scale_floor,torch.float64,0.0,0.0,0.0001807227818062529,0.0,0.5,5.559189146468083e-16,0.00035777987795881927,0.00017888993897940964,5.559189146468083e-16,block_normalized_symmetric_jacobi_fp64_cholesky,1024,5.1346534746699035e-05,2.5673267373349518e-05,0.0,-2.2351741790771484e-08,0.06421570479869843,0.5,1049,4300800,4612.894539339002,4300800,1.0,1e-06,paper_sgd_momentum_1e-6,1.0,1.0,-0.054618045687675476,0.9436380863189697,0.6623474955558777,-1.6198865175247192,1.1401679515838623
8,8,-1.5435566902160645,-0.4034138321876526,-1.557476282119751,-2.834662675857544,0.05675498768687248,0.0,1.0,1.0,512,0.5,-0.0,62.11,5.7,941,0.0005117745022289455,0.01,105684.65226468306,0.0,0.0,0.06960316747426987,0.0,0.0,0.0,0.0,105684.65226468306,1.0,0.01,4.528735104923477e-16,0,1.0,9.612219908916586e-10,1.0,0.0016802763566374779,22.627416610717773,73559.8671875,10568465.226468306,0.0,0.0005117745022289455,1.0,full_shared_joint2b_critic_anchored_actor_scale_floor,torch.float64,0.0,0.0,0.00025588725111447275,0.0,0.5,4.528735104923477e-16,0.00048734937445260584,0.00024367468722630292,4.528735104923477e-16,block_normalized_symmetric_jacobi_fp64_cholesky,1024,0.00015621697821188718,7.810848910594359e-05,0.0,-2.812594175338745e-07,0.05827782675623894,0.5,1059,4341760,4657.227339997422,4341760,1.0,1e-06,paper_sgd_momentum_1e-6,1.0,1.0,0.18046420812606812,1.077201247215271,0.7695741653442383,-1.8996583223342896,1.0037686824798584
8,8,-1.5388619899749756,-0.4208812117576599,-1.52747642993927,-2.944007158279419,0.05940663069486618,0.0,1.0,1.0,512,0.5,-0.0,61.74,6.1,940,0.0004207194142509252,0.01,104457.10424871139,0.0,0.0,0.0700109526515007,0.0,0.0,0.0,0.0,104457.10424871139,1.0,0.01,4.346148171369061e-16,0,1.0,7.082244124489989e-09,1.0,0.0014883819967508316,22.627416610717773,73131.4140625,10445710.42487114,0.0,0.0004207194142509252,1.0,full_shared_joint2b_critic_anchored_actor_scale_floor,torch.float64,0.0,0.0,0.0002103597071254626,0.0,0.5,4.346148171369061e-16,0.00038640759885311127,0.00019320379942655563,4.346148171369061e-16,block_normalized_symmetric_jacobi_fp64_cholesky,1024,0.00016641509137116373,8.320754568558186e-05,0.0,1.3504177331924438e-07,0.045195676386356354,0.5,1069,4382720,4700.860929730348,4382720,1.0,1e-06,paper_sgd_momentum_1e-6,1.0,1.0,0.013631457462906837,0.9485524296760559,0.6718217134475708,-1.6603001356124878,1.096529245376587
8,8,-1.5755406618118286,-0.5372244119644165,-1.5649319887161255,-2.85931658744812,0.052925955504179,0.0,1.0,1.0,512,0.5,-0.0,62.96,6.2,939,0.0003339519607834518,0.01,103364.7069050651,0.0,0.0,0.07037992775440216,0.0,0.0,0.0,0.0,103364.7069050651,1.0,0.01,4.206383924011221e-16,0,1.0,3.65405955493614e-10,0.9999999403953552,0.0014656763523817062,22.627416610717773,72748.0078125,10336470.69050651,0.0,0.0003339519607834518,1.0,full_shared_joint2b_critic_anchored_actor_scale_floor,torch.float64,0.0,0.0,0.0001669759803917259,0.0,0.5,4.206383924011221e-16,0.0003245664993301034,0.0001622832496650517,4.206383924011221e-16,block_normalized_symmetric_jacobi_fp64_cholesky,1024,7.861612539272755e-05,3.930806269636378e-05,0.0,1.5832483768463135e-07,0.04336890950798988,0.5,1079,4423680,4744.781498502009,4423680,1.0,1e-06,paper_sgd_momentum_1e-6,1.0,1.0,0.12164583802223206,1.016058087348938,0.7486080527305603,-1.700238823890686,1.055883765220642
8,8,-1.524704098701477,-0.4099956452846527,-1.535252332687378,-2.4766311645507812,0.05101251229643822,0.0,1.0,1.0,512,0.5,-0.0,61.17,5.5,943,0.0003549098037183285,0.01,101407.48828288056,0.0,0.0,0.07105586677789688,0.0,0.0,0.0,0.0,101407.48828288056,1.0,0.01,4.0067587704227464e-16,0,1.0,5.526211710460416e-10,0.9999999403953552,0.0014895490603521466,22.62741470336914,72055.9765625,10140748.828288056,0.0,0.00035490983282215893,1.0,full_shared_joint2b_critic_anchored_actor_scale_floor,torch.float64,0.0,0.0,0.00017745491641107947,0.0,0.5,4.0067587704227464e-16,0.00034497265005484223,0.00017248632502742112,4.0067587704227464e-16,block_normalized_symmetric_jacobi_fp64_cholesky,1024,8.339569467352703e-05,4.1697847336763516e-05,0.0,-1.30385160446167e-08,0.04394502192735672,0.5,1089,4464640,4788.97194689326,4464640,1.0,1e-06,paper_sgd_momentum_1e-6,1.0,1.0,-0.058883242309093475,0.9648230671882629,0.7024991512298584,-1.6005809307098389,1.2044168710708618
8,8,-1.5263545513153076,-0.4236419200897217,-1.5367341041564941,-2.678194761276245,0.048060934990644455,0.0,1.0,1.0,512,0.5,-0.0,65.56,6.1,942,0.0003658017667476088,0.01,107237.71845926931,0.0,0.0,0.06909731775522232,0.0,0.0,0.0,0.0,107237.71845926931,1.0,0.01,4.171016881233322e-16,0,1.0,4.72828831643568e-10,0.9999999403953552,0.0014636027626693249,22.627416610717773,74098.3828125,10723771.845926931,0.0,0.0003658017667476088,1.0,full_shared_joint2b_critic_anchored_actor_scale_floor,torch.float64,0.0,0.0,0.0001829008833738044,0.0,0.5,4.171016881233322e-16,0.0003534997522365302,0.0001767498761182651,4.171016881233322e-16,block_normalized_symmetric_jacobi_fp64_cholesky,1024,9.406830940861255e-05,4.7034154704306275e-05,0.0,-9.499490261077881e-08,0.044866688549518585,0.5,1099,4505600,4832.978292312007,4505600,1.0,1e-06,paper_sgd_momentum_1e-6,1.0,1.0,0.15074890851974487,0.8816267251968384,0.6847237348556519,-1.857725739479065,0.9539979100227356
8,8,-1.545382022857666,-0.42481547594070435,-1.54978346824646,-2.6046876907348633,0.04990870878100395,0.0,1.0,1.0,512,0.5,-0.0,63.6,5.5,942,0.0004564802220556885,0.01,108616.12043022862,0.0,0.0,0.06865747272968292,0.0,0.0,0.0,0.0,108616.12043022862,1.0,0.01,5.248789772439321e-16,0,1.0,8.322601496857374e-10,0.9999999403953552,0.0017210007645189762,22.627416610717773,74573.0859375,10861612.043022862,0.0,0.0004564802220556885,1.0,full_shared_joint2b_critic_anchored_actor_scale_floor,torch.float64,0.0,0.0,0.00022824011102784425,0.0,0.5,5.248789772439321e-16,0.00044218942639417946,0.00022109471319708973,5.248789772439321e-16,block_normalized_symmetric_jacobi_fp64_cholesky,1024,0.00011332568828947842,5.666284414473921e-05,0.0,4.0605664253234863e-07,0.0628328025341034,0.5,1109,4546560,4876.667694852222,4546560,1.0,1e-06,paper_sgd_momentum_1e-6,1.0,1.0,-0.09104479104280472,0.8743063807487488,0.6912147402763367,-1.703444242477417,1.1834125518798828
8,8,-1.558922290802002,-0.6045350432395935,-1.55928635597229,-2.7224416732788086,0.045546285808086395,0.0,1.0,1.0,512,0.5,-0.0,66.14,5.8,940,0.0004051846044603735,0.01,106956.58851351008,0.0,0.0,0.06918806582689285,0.0,0.0,0.0,0.0,106956.58851351008,1.0,0.01,4.447943840957377e-16,0,1.0,9.93537252469423e-10,0.9999999403953552,0.0016240632394328713,22.627416610717773,74001.1953125,10695658.851351008,0.0,0.0004051846044603735,1.0,full_shared_joint2b_critic_anchored_actor_scale_floor,torch.float64,0.0,0.0,0.00020259230223018676,0.0,0.5,4.447943840957377e-16,0.000386048574000597,0.0001930242870002985,4.447943840957377e-16,block_normalized_symmetric_jacobi_fp64_cholesky,1024,0.00012304897245485336,6.152448622742668e-05,0.0,4.209578037261963e-07,0.055098969489336014,0.5,1119,4587520,4920.297736391425,4587520,1.0,1e-06,paper_sgd_momentum_1e-6,1.0,1.0,0.004835773259401321,0.9280616044998169,0.7211583852767944,-1.8274168968200684,1.1489588022232056
8,8,-1.5160118341445923,-0.46254032850265503,-1.537362813949585,-2.621325731277466,0.041746918112039566,0.0,1.0,1.0,512,0.5,-0.0,67.15,6.8,942,0.00029691102099604905,0.01,110813.1586857678,0.0,0.0,0.06797344982624054,0.0,0.0,0.0,0.0,110813.1586857678,1.0,0.01,4.2739547954451643e-16,0,1.0,2.4456894842650456e-10,0.9999999403953552,0.0014227379579097033,22.627416610717773,75323.5234375,11081315.86857678,0.0,0.0002969109918922186,1.0,full_shared_joint2b_critic_anchored_actor_scale_floor,torch.float64,0.0,0.0,0.0001484554959461093,0.0,0.5,4.2739547954451643e-16,0.00028914035647176206,0.00014457017823588103,4.2739547954451643e-16,block_normalized_symmetric_jacobi_fp64_cholesky,1024,6.748330633854493e-05,3.374165316927247e-05,0.0,-1.4994293451309204e-07,0.04380979388952255,0.5,1129,4628480,4964.218903706409,4628480,1.0,1e-06,paper_sgd_momentum_1e-6,1.0,1.0,0.38282063603401184,0.9604949355125427,0.7445712685585022,-1.729115605354309,0.7086143493652344
8,8,-1.5517456531524658,-0.4726591408252716,-1.5559515953063965,-2.5771372318267822,0.04176239296793938,0.0,1.0,1.0,512,0.5,-0.0,61.36,6.2,942,0.00027217567549087107,0.01,107788.80746798101,0.0,0.0,0.06892044842243195,0.0,0.0,0.0,0.0,107788.80746798101,1.0,0.01,3.783601299270387e-16,0,1.0,1.843812325041938e-10,0.9999999403953552,0.0013190347235649824,22.627416610717773,74288.5390625,10778880.7467981,0.0,0.00027217567549087107,1.0,full_shared_joint2b_critic_anchored_actor_scale_floor,torch.float64,0.0,0.0,0.00013608783774543554,0.0,0.5,3.783601299270387e-16,0.00026485335547477007,0.00013242667773738503,3.783601299270387e-16,block_normalized_symmetric_jacobi_fp64_cholesky,1024,6.270807352848351e-05,3.1354036764241755e-05,0.0,-2.3096799850463867e-07,0.036628253757953644,0.5,1139,4669440,5008.453239012044,4669440,1.0,1e-06,paper_sgd_momentum_1e-6,1.0,1.0,0.08758791536092758,0.9087868928909302,0.7155024409294128,-1.6274808645248413,1.057922601699829
8,8,-1.5148098468780518,-0.3666347563266754,-1.5343952178955078,-2.394320249557495,0.0542767159640789,0.0,1.0,1.0,512,0.5,-0.0,64.61,5.6,942,0.0003848229243885726,0.01,109791.68880938517,0.0,0.0,0.06828891485929489,0.0,0.0,0.0,0.0,109791.68880938517,1.0,0.01,4.23098298511458e-16,0,1.0,5.227891453074562e-10,0.9999999403953552,0.0014666509814560413,22.627416610717773,74975.5546875,10979168.880938517,0.0,0.0003848229243885726,1.0,full_shared_joint2b_critic_anchored_actor_scale_floor,torch.float64,0.0,0.0,0.0001924114621942863,0.0,0.5,4.23098298511458e-16,0.00037661564419977367,0.00018830782209988683,4.23098298511458e-16,block_normalized_symmetric_jacobi_fp64_cholesky,1024,7.905266102170572e-05,3.952633051085286e-05,0.0,5.4016709327697754e-08,0.046126771718263626,0.5,1149,4710400,5052.049656683113,4710400,1.0,1e-06,paper_sgd_momentum_1e-6,1.0,1.0,-0.017190363258123398,0.8674612641334534,0.6910803914070129,-1.6579161882400513,1.1468144655227661
8,8,-1.5189104080200195,-0.472111314535141,-1.5443488359451294,-2.5848724842071533,0.04751139134168625,0.0,1.0,1.0,512,0.5,-0.0,63.34,5.9,942,0.0004388639354147017,0.01,108440.37097600203,0.0,0.0,0.06871308386325836,0.0,0.0,0.0,0.0,108440.37097600203,1.0,0.01,4.342126577428203e-16,0,1.0,9.850051885251787e-10,1.0,0.0016307765617966652,22.627416610717773,74512.7265625,10844037.097600203,0.0,0.0004388639354147017,1.0,full_shared_joint2b_critic_anchored_actor_scale_floor,torch.float64,0.0,0.0,0.00021943196770735085,0.0,0.5,4.342126577428203e-16,0.0004211999475955963,0.00021059997379779816,4.342126577428203e-16,block_normalized_symmetric_jacobi_fp64_cholesky,1024,0.00012325641000643373,6.162820500321686e-05,0.0,7.450580596923828e-08,0.05632613226771355,0.5,1159,4751360,5095.856626347173,4751360,1.0,1e-06,paper_sgd_momentum_1e-6,1.0,1.0,0.10885755717754364,1.0804203748703003,0.7130980491638184,-1.6129406690597534,1.0370171070098877
8,8,-1.5435372591018677,-0.358188658952713,-1.5531991720199585,-2.5999345779418945,0.052180901169776917,0.0,1.0,1.0,512,0.5,-0.0,62.32,5.6,941,0.00036192082916386425,0.01,107190.46897056603,0.0,0.0,0.06911253184080124,0.0,0.0,0.0,0.0,107190.46897056603,1.0,0.01,4.338712202642343e-16,0,1.0,1.9322259348086845e-09,0.9999999403953552,0.001572029897943139,22.627416610717773,74082.0625,10719046.897056602,0.0,0.00036192082916386425,1.0,full_shared_joint2b_critic_anchored_actor_scale_floor,torch.float64,0.0,0.0,0.00018096041458193213,0.0,0.5,4.338712202642343e-16,0.0003454324323683977,0.00017271621618419886,4.338712202642343e-16,block_normalized_symmetric_jacobi_fp64_cholesky,1024,0.00010799591109389439,5.3997955546947196e-05,0.0,1.2945383787155151e-07,0.05173778533935547,0.5,1169,4792320,5139.799945820123,4792320,1.0,1e-06,paper_sgd_momentum_1e-6,1.0,1.0,0.01619620993733406,0.930652379989624,0.689285397529602,-1.8126909732818604,1.13107168674469
8,8,-1.5602011680603027,-0.539373517036438,-1.5612365007400513,-2.7269506454467773,0.0478791669011116,0.0,1.0,1.0,512,0.5,-0.0,62.31,6.2,943,0.00038705981569364667,0.01,109326.67057754486,0.0,0.0,0.06843400001525879,0.0,0.0,0.0,0.0,109326.67057754486,1.0,0.01,4.567965383636608e-16,0,1.0,1.520688575062934e-09,0.9999998807907104,0.0014713829150423408,22.62741470336914,74816.609375,10932667.057754487,0.0,0.00038705981569364667,1.0,full_shared_joint2b_critic_anchored_actor_scale_floor,torch.float64,0.0,0.0,0.00019352990784682333,0.0,0.5,4.567965383636608e-16,0.00037288916064426303,0.00018644458032213151,4.567965383636608e-16,block_normalized_symmetric_jacobi_fp64_cholesky,1024,0.00010377379658166319,5.1886898290831596e-05,0.0,-9.313225746154785e-08,0.046228259801864624,0.5,1179,4833280,5183.968594400212,4833280,1.0,1e-06,paper_sgd_momentum_1e-6,1.0,1.0,0.06134989857673645,1.1339207887649536,0.7184356451034546,-1.5784425735473633,1.0852365493774414
8,8,-1.5495487451553345,-0.43821802735328674,-1.5675791501998901,-2.4546191692352295,0.04454505071043968,0.0,1.0,1.0,512,0.5,-0.0,64.36,5.9,942,0.0003192642470821738,0.01,117247.41985758168,0.0,0.0,0.06608201563358307,0.0,0.0,0.0,0.0,117247.41985758168,1.0,0.01,3.945448065588975e-16,0,1.0,5.376654677036186e-10,0.9999999403953552,0.0012075178092345595,22.627416610717773,77479.46875,11724741.985758169,0.0,0.0003192642761860043,1.0,full_shared_joint2b_critic_anchored_actor_scale_floor,torch.float64,0.0,0.0,0.00015963213809300214,0.0,0.5,3.945448065588975e-16,0.00030502324807457626,0.00015251162403728813,3.945448065588975e-16,block_normalized_symmetric_jacobi_fp64_cholesky,1024,9.428938938071951e-05,4.7144694690359756e-05,0.0,-1.6763806343078613e-07,0.03339030593633652,0.5,1189,4874240,5227.59749660315,4874240,1.0,1e-06,paper_sgd_momentum_1e-6,1.0,1.0,0.06546421349048615,1.0005484819412231,0.731063961982727,-1.7632941007614136,1.0857627391815186
8,8,-1.516512155532837,-0.5371919274330139,-1.5363574028015137,-2.7749412059783936,0.04083234816789627,0.0,1.0,1.0,512,0.5,-0.0,67.0,7.0,944,0.0004122512764297426,0.01,112201.54653656803,0.0,0.0,0.06755158305168152,0.0,0.0,0.0,0.0,112201.54653656803,1.0,0.01,4.241231549614317e-16,0,1.0,6.572948851868432e-10,1.0,0.0013865460641682148,22.627416610717773,75793.921875,11220154.653656803,0.0,0.0004122512764297426,1.0,full_shared_joint2b_critic_anchored_actor_scale_floor,torch.float64,0.0,0.0,0.0002061256382148713,0.0,0.5,4.241231549614317e-16,0.00039369711885228753,0.00019684855942614377,4.241231549614317e-16,block_normalized_symmetric_jacobi_fp64_cholesky,1024,0.0001222853024955839,6.114265124779195e-05,0.0,5.42961061000824e-07,0.04213058203458786,0.5,1199,4915200,5271.137586079072,4915200,1.0,1e-06,paper_sgd_momentum_1e-6,1.0,1.0,0.3142617344856262,0.8761551976203918,0.7295323014259338,-1.9242063760757446,0.7995429039001465
8,8,-1.5468964576721191,-0.5952404737472534,-1.5517418384552002,-2.6605427265167236,0.048949506133794785,0.0,1.0,1.0,512,0.5,-0.0,64.18,5.7,943,0.0003673348983284086,0.01,114958.75856951391,0.0,0.0,0.06673657894134521,0.0,0.0,0.0,0.0,114958.75856951391,1.0,0.01,4.473231320237068e-16,0,1.0,1.060652232709458e-09,0.9999998807907104,0.0015497313579544425,22.62741470336914,76719.546875,11495875.856951391,0.0,0.0003673348983284086,1.0,full_shared_joint2b_critic_anchored_actor_scale_floor,torch.float64,0.0,0.0,0.0001836674491642043,0.0,0.5,4.473231320237068e-16,0.00034563144436106086,0.00017281572218053043,4.473231320237068e-16,block_normalized_symmetric_jacobi_fp64_cholesky,1024,0.00012439387501217425,6.219693750608712e-05,0.0,-1.3131648302078247e-07,0.05392435938119888,0.5,1209,4956160,5314.706832157448,4956160,1.0,1e-06,paper_sgd_momentum_1e-6,1.0,1.0,0.03065907210111618,0.9680122137069702,0.7139111161231995,-1.6283046007156372,1.1301239728927612
8,8,-1.549289345741272,-0.5558080673217773,-1.5598509311676025,-2.734391212463379,0.040852051228284836,0.0,1.0,1.0,512,0.5,-0.0,61.49,5.7,944,0.0003409548953641206,0.01,115136.26509230497,0.0,0.0,0.06668511033058167,0.0,0.0,0.0,0.0,115136.26509230497,1.0,0.01,4.214422061385314e-16,0,1.0,4.3600567600776685e-10,0.9999999403953552,0.0014243066543713212,22.627416610717773,76778.75,11513626.509230496,0.0,0.0003409548953641206,1.0,full_shared_joint2b_critic_anchored_actor_scale_floor,torch.float64,0.0,0.0,0.0001704774476820603,0.0,0.5,4.214422061385314e-16,0.0003326897567603737,0.00016634487838018686,4.214422061385314e-16,block_normalized_symmetric_jacobi_fp64_cholesky,1024,7.461736822733656e-05,3.730868411366828e-05,0.0,-1.9371509552001953e-07,0.04561935365200043,0.5,1219,4997120,5358.824485660996,4997120,1.0,1e-06,paper_sgd_momentum_1e-6,1.0,1.0,0.10366758704185486,0.9438616633415222,0.7212827205657959,-1.610020637512207,1.0311654806137085
8,8,-1.575091004371643,-0.5822248458862305,-1.5819451808929443,-2.637497663497925,0.04314638301730156,0.0,1.0,1.0,512,0.5,-0.0,60.61,5.9,944,0.0003955905558541417,0.01,110747.24896814658,0.0,0.0,0.06799367070198059,0.0,0.0,0.0,0.0,110747.24896814658,1.0,0.01,3.8348285579012244e-16,0,1.0,4.3859108012078707e-10,1.0,0.0015231192810460925,22.627416610717773,75301.125,11074724.896814657,0.0,0.0003955905558541417,1.0,full_shared_joint2b_critic_anchored_actor_scale_floor,torch.float64,0.0,0.0,0.00019779527792707086,0.0,0.5,3.8348285579012244e-16,0.0003868103085551411,0.00019340515427757055,3.8348285579012244e-16,block_normalized_symmetric_jacobi_fp64_cholesky,1024,8.288369281217456e-05,4.144184640608728e-05,0.0,-3.67872416973114e-07,0.050180017948150635,0.5,1229,5038080,5403.1456589391455,5038080,1.0,1e-06,paper_sgd_momentum_1e-6,1.0,1.0,0.07327467203140259,0.9480944871902466,0.7775389552116394,-1.572463035583496,1.1187430620193481
8,8,-1.5466324090957642,-0.4426584243774414,-1.5582613945007324,-2.578827142715454,0.05056305602192879,0.0,1.0,1.0,512,0.5,-0.0,64.45,5.2,942,0.0003783755819313228,0.01,116128.4450322442,0.0,0.0,0.06639962643384933,0.0,0.0,0.0,0.0,116128.4450322442,1.0,0.01,4.844285318197559e-16,0,1.0,8.37158564692686e-10,1.0,0.0014302973868325353,22.627416610717773,77108.859375,11612844.50322442,0.0,0.0003783755819313228,1.0,full_shared_joint2b_critic_anchored_actor_scale_floor,torch.float64,0.0,0.0,0.0001891877909656614,0.0,0.5,4.844285318197559e-16,0.0003698499349411577,0.00018492496747057885,4.844285318197559e-16,block_normalized_symmetric_jacobi_fp64_cholesky,1024,7.986916170921177e-05,3.993458085460588e-05,0.0,-7.450580596923828e-08,0.04640035331249237,0.5,1239,5079040,5446.717763319146,5079040,1.0,1e-06,paper_sgd_momentum_1e-6,1.0,1.0,-0.08961793780326843,1.0596086978912354,0.6718828082084656,-1.7721235752105713,1.1707578897476196
8,8,-1.5140445232391357,-0.4488069415092468,-1.5380710363388062,-2.6152312755584717,0.04319187253713608,0.0,1.0,1.0,512,0.5,-0.0,66.41,6.2,896,0.0003115869185421616,0.01,116904.05160981414,0.0,0.0,0.06617899239063263,0.0,0.0,0.0,0.0,116904.05160981414,1.0,0.01,3.922392859440691e-16,0,1.0,6.134527885670593e-10,0.9999998807907104,0.0014922315021976829,22.62741470336914,77365.9296875,11690405.160981413,0.0,0.0003115869185421616,1.0,full_shared_joint2b_critic_anchored_actor_scale_floor,torch.float64,0.0,0.0,0.0001557934592710808,0.0,0.5,3.922392859440691e-16,0.0003074007690884173,0.00015370038454420865,3.922392859440691e-16,block_normalized_symmetric_jacobi_fp64_cholesky,1024,5.090355989523232e-05,2.545177994761616e-05,0.0,-2.7567148208618164e-07,0.050843097269535065,0.5,1249,5120000,5490.850153488107,5120000,1.0,1e-06,paper_sgd_momentum_1e-6,1.0,1.0,0.19309411942958832,0.8782543540000916,0.6887531280517578,-1.8053709268569946,0.903907060623169
8,8,-1.5571296215057373,-0.6389893889427185,-1.5599063634872437,-2.7598953247070312,0.04440537840127945,0.0,1.0,1.0,512,0.5,-0.0,65.07,6.8,943,0.0003178890037816018,0.01,116459.57349933578,0.0,0.0,0.06630516052246094,0.0,0.0,0.0,0.0,116459.57349933578,1.0,0.01,4.080091455011763e-16,0,1.0,1.4149522664652636e-09,0.9999998807907104,0.001411273842677474,22.62741470336914,77218.71875,11645957.349933578,0.0,0.00031788903288543224,1.0,full_shared_joint2b_critic_anchored_actor_scale_floor,torch.float64,0.0,0.0,0.00015894451644271612,0.0,0.5,4.080091455011763e-16,0.00029314952553249896,0.00014657476276624948,4.080091455011763e-16,block_normalized_symmetric_jacobi_fp64_cholesky,1024,0.00012295031046960503,6.147515523480251e-05,0.0,-5.587935447692871e-09,0.045303087681531906,0.5,1259,5160960,5535.010800224263,5160960,1.0,1e-06,paper_sgd_momentum_1e-6,1.0,1.0,0.15736298263072968,0.8602740168571472,0.7177707552909851,-1.6134241819381714,0.9719345569610596
8,8,-1.5916684865951538,-0.7301949262619019,-1.5771918296813965,-2.779421806335449,0.0465097650885582,0.0,1.0,1.0,512,0.5,-0.0,61.67,4.8,941,0.00029724210617132485,0.01,116475.45162307349,0.0,0.0,0.0663006454706192,0.0,0.0,0.0,0.0,116475.45162307349,1.0,0.01,4.674493731392542e-16,0,1.0,3.788514224556394e-10,0.9999998807907104,0.001554790767841041,22.62741470336914,77223.9765625,11647545.162307348,0.0,0.0002972420770674944,1.0,full_shared_joint2b_critic_anchored_actor_scale_floor,torch.float64,0.0,0.0,0.0001486210385337472,0.0,0.5,4.674493731392542e-16,0.00029006623663008213,0.00014503311831504107,4.674493731392542e-16,block_normalized_symmetric_jacobi_fp64_cholesky,1024,6.491861131507903e-05,3.245930565753952e-05,0.0,-1.6577541828155518e-07,0.05499311536550522,0.5,1269,5201920,5578.8317074324,5201920,1.0,1e-06,paper_sgd_momentum_1e-6,1.0,1.0,-0.068899005651474,1.127592921257019,0.7292538285255432,-1.781333088874817,1.2030112743377686
8,8,-1.540795087814331,-0.35860833525657654,-1.5590022802352905,-2.8359456062316895,0.05647912994027138,0.0,1.0,1.0,512,0.5,-0.0,60.15,5.2,943,0.00046046008355915546,0.01,116629.88380014665,0.0,0.0,0.06625673919916153,0.0,0.0,0.0,0.0,116629.88380014665,1.0,0.01,5.016168587827192e-16,0,1.0,7.890202380345102e-10,0.9999998807907104,0.0016965195536613464,22.62741470336914,77275.15625,11662988.380014665,0.0,0.000460460054455325,1.0,full_shared_joint2b_critic_anchored_actor_scale_floor,torch.float64,0.0,0.0,0.0002302300272276625,0.0,0.5,5.016168587827192e-16,0.00044672988587990403,0.00022336494293995202,5.016168587827192e-16,block_normalized_symmetric_jacobi_fp64_cholesky,1024,0.00011160589201608673,5.5802946008043364e-05,0.0,5.587935447692871e-08,0.06556281447410583,0.5,1279,5242880,5622.407298935112,5242880,1.0,1e-06,paper_sgd_momentum_1e-6,1.0,1.0,0.09135055541992188,1.1031163930892944,0.7201344966888428,-1.9442310333251953,1.0762939453125
8,8,-1.5815272331237793,-0.6960533261299133,-1.5626566410064697,-2.714059829711914,0.04258214682340622,0.0,1.0,1.0,512,0.5,-0.0,63.79,6.9,943,0.0004298327839933336,0.01,117465.94886781008,0.0,0.0,0.06602051854133606,0.0,0.0,0.0,0.0,117465.94886781008,1.0,0.01,4.503590282834327e-16,0,1.0,5.284193083099353e-10,1.0,0.001457076403312385,22.627416610717773,77551.640625,11746594.886781007,0.0,0.0004298328422009945,1.0,full_shared_joint2b_critic_anchored_actor_scale_floor,torch.float64,0.0,0.0,0.00021491642110049725,0.0,0.5,4.503590282834327e-16,0.0004203224088996649,0.00021016120444983244,4.503590282834327e-16,block_normalized_symmetric_jacobi_fp64_cholesky,1024,8.991837967187166e-05,4.495918983593583e-05,0.0,4.4051557779312134e-07,0.0487087219953537,0.5,1289,5283840,5665.987332870252,5283840,1.0,1e-06,paper_sgd_momentum_1e-6,1.0,1.0,0.2548027038574219,0.9491643309593201,0.7217455506324768,-1.780287265777588,0.848793625831604
8,8,-1.5609983205795288,-0.4861353933811188,-1.5595780611038208,-2.529599905014038,0.04571443423628807,0.0,1.0,1.0,512,0.5,-0.0,64.35,5.9,944,0.0003049357910640538,0.01,117021.62112448116,0.0,0.0,0.06614574044942856,0.0,0.0,0.0,0.0,117021.62112448116,1.0,0.01,4.250364174444712e-16,0,1.0,3.272748738680775e-10,1.0,0.0014554699882864952,22.627416610717773,77404.828125,11702162.112448115,0.0,0.0003049357910640538,1.0,full_shared_joint2b_critic_anchored_actor_scale_floor,torch.float64,0.0,0.0,0.0001524678955320269,0.0,0.5,4.250364174444712e-16,0.0002929810725618154,0.0001464905362809077,4.250364174444712e-16,block_normalized_symmetric_jacobi_fp64_cholesky,1024,8.454548515146598e-05,4.227274257573299e-05,0.0,-2.7567148208618164e-07,0.048417527228593826,0.5,1299,5324800,5710.14664517343,5324800,1.0,1e-06,paper_sgd_momentum_1e-6,1.0,1.0,-0.019223075360059738,0.836198091506958,0.676030695438385,-1.76528799533844,1.1061652898788452
8,8,-1.582392692565918,-0.5979734063148499,-1.5737327337265015,-2.7549564838409424,0.04902520775794983,0.0,1.0,1.0,512,0.5,-0.0,61.58,5.5,943,0.00041731863166205585,0.01,115623.97499880698,0.0,0.0,0.06654432415962219,0.0,0.0,0.0,0.0,115623.97499880698,1.0,0.01,4.746133867529088e-16,0,1.0,1.377601144270102e-09,1.0,0.0015054865507408977,22.627416610717773,76941.1953125,11562397.499880698,0.0,0.00041731863166205585,1.0,full_shared_joint2b_critic_anchored_actor_scale_floor,torch.float64,0.0,0.0,0.00020865931583102793,0.0,0.5,4.746133867529088e-16,0.00040155279566533864,0.00020077639783266932,4.746133867529088e-16,block_normalized_symmetric_jacobi_fp64_cholesky,1024,0.00011362307850504294,5.681153925252147e-05,0.0,1.0803341865539551e-07,0.051183708012104034,0.5,1309,5365760,5754.222637545317,5365760,1.0,1e-06,paper_sgd_momentum_1e-6,1.0,1.0,-0.07226135581731796,0.8572698831558228,0.6711888909339905,-1.6178889274597168,1.1750291585922241
8,8,-1.5574687719345093,-0.589363157749176,-1.5579615831375122,-2.5321035385131836,0.0429171547293663,0.0,1.0,1.0,512,0.5,-0.0,62.35,6.1,909,0.000231554004130885,0.01,119905.39780815679,0.0,0.0,0.06534548103809357,0.0,0.0,0.0,0.0,119905.39780815679,1.0,0.01,4.831987255888816e-16,0,1.0,6.933992269253508e-11,1.0,0.0014467601431533694,22.627416610717773,78352.765625,11990539.78081568,0.0,0.000231554004130885,1.0,full_shared_joint2b_critic_anchored_actor_scale_floor,torch.float64,0.0,0.0,0.0001157770020654425,0.0,0.5,4.831987255888816e-16,0.00022570844157598913,0.00011285422078799456,4.831987255888816e-16,block_normalized_symmetric_jacobi_fp64_cholesky,1024,5.170058648218401e-05,2.5850293241092004e-05,0.0,-1.862645149230957e-08,0.049018703401088715,0.5,1319,5406720,5798.076059335377,5406720,1.0,1e-06,paper_sgd_momentum_1e-6,1.0,1.0,0.10762721300125122,0.8427634239196777,0.7169297933578491,-1.729322910308838,1.0211405754089355
8,8,-1.5983737707138062,-0.7135060429573059,-1.5876915454864502,-2.841139793395996,0.042238492518663406,0.0,1.0,1.0,512,0.5,-0.0,64.93,5.7,943,0.0002727655810303986,0.01,123373.10738819723,0.0,0.0,0.06442058831453323,0.0,0.0,0.0,0.0,123373.10738819723,1.0,0.01,3.927133382837632e-16,0,1.0,1.2573106444868642e-10,0.9999998807907104,0.001344979158602655,22.62741470336914,79477.6875,12337310.738819722,0.0,0.00027276561013422906,1.0,full_shared_joint2b_critic_anchored_actor_scale_floor,torch.float64,0.0,0.0,0.00013638280506711453,0.0,0.5,3.927133382837632e-16,0.000262183602899313,0.0001310918014496565,3.927133382837632e-16,block_normalized_symmetric_jacobi_fp64_cholesky,1024,7.523858948843554e-05,3.761929474421777e-05,0.0,-1.1175870895385742e-07,0.04358947277069092,0.5,1329,5447680,5841.626044986304,5447680,1.0,1e-06,paper_sgd_momentum_1e-6,1.0,1.0,0.14586560428142548,0.8700330257415771,0.717936098575592,-1.7170546054840088,0.9610266089439392
8,8,-1.5730762481689453,-0.6718016862869263,-1.5638521909713745,-2.7231621742248535,0.039094530045986176,0.0,1.0,1.0,512,0.5,-0.0,64.22,5.6,942,0.0003834682865999639,0.01,122576.98728205329,0.0,0.0,0.0646294504404068,0.0,0.0,0.0,0.0,122576.98728205329,1.0,0.01,3.7154021112679006e-16,0,1.0,1.718333253464266e-09,0.9999999403953552,0.0011676991125568748,22.627416610717773,79220.8359375,12257698.728205329,0.0,0.0003834682865999639,1.0,full_shared_joint2b_critic_anchored_actor_scale_floor,torch.float64,0.0,0.0,0.00019173414329998195,0.0,0.5,3.7154021112679006e-16,0.0003584334335755557,0.00017921671678777784,3.7154021112679006e-16,block_normalized_symmetric_jacobi_fp64_cholesky,1024,0.0001362842449452728,6.81421224726364e-05,0.0,2.6868656277656555e-07,0.03264381363987923,0.5,1339,5488640,5885.8749023433775,5488640,1.0,1e-06,paper_sgd_momentum_1e-6,1.0,1.0,0.09483148902654648,0.882823646068573,0.6797888875007629,-1.6747453212738037,1.0209012031555176
8,8,-1.5581825971603394,-0.5360650420188904,-1.5533666610717773,-2.5310113430023193,0.037638839334249496,0.0,1.0,1.0,512,0.5,-0.0,63.39,5.5,942,0.0003714270715136081,0.01,123254.9535527136,0.0,0.0,0.06445146352052689,0.0,0.0,0.0,0.0,123254.9535527136,1.0,0.01,3.610748608801345e-16,0,1.0,1.6056955765009207e-09,0.9999999403953552,0.0012089122319594026,22.627416610717773,79439.625,12325495.35527136,0.0,0.0003714270715136081,1.0,full_shared_joint2b_critic_anchored_actor_scale_floor,torch.float64,0.0,0.0,0.00018571353575680405,0.0,0.5,3.610748608801345e-16,0.0003586929233279079,0.00017934646166395396,3.610748608801345e-16,block_normalized_symmetric_jacobi_fp64_cholesky,1024,9.642330405768007e-05,4.8211652028840035e-05,0.0,1.955777406692505e-08,0.03518227860331535,0.5,1349,5529600,5929.827234447002,5529600,1.0,1e-06,paper_sgd_momentum_1e-6,1.0,1.0,-0.01643482595682144,0.9022981524467468,0.6854250431060791,-1.6275542974472046,1.129520058631897
8,8,-1.571241855621338,-0.5006106495857239,-1.5648714303970337,-2.7355105876922607,0.04422387853264809,0.0,1.0,1.0,512,0.5,-0.0,65.27,5.6,942,0.0004105446860194206,0.01,124447.7287970056,0.0,0.0,0.06414185464382172,0.0,0.0,0.0,0.0,124447.7287970056,1.0,0.01,4.2445104293255263e-16,0,1.0,7.678649383002778e-10,1.0,0.0013236536178737879,22.627416610717773,79823.078125,12444772.87970056,0.0,0.0004105447151232511,1.0,full_shared_joint2b_critic_anchored_actor_scale_floor,torch.float64,0.0,0.0,0.00020527235756162554,0.0,0.5,4.2445104293255263e-16,0.00039898723480291665,0.00019949361740145832,4.2445104293255263e-16,block_normalized_symmetric_jacobi_fp64_cholesky,1024,9.672722080722451e-05,4.8363610403612256e-05,0.0,3.0081719160079956e-07,0.04258588328957558,0.5,1359,5570560,5973.397723121103,5570560,1.0,1e-06,paper_sgd_momentum_1e-6,1.0,1.0,-0.10510773956775665,0.9630535840988159,0.6430902481079102,-1.657979965209961,1.17533278465271
8,8,-1.5194391012191772,-0.34533047676086426,-1.5481370687484741,-2.545952796936035,0.04377724602818489,0.0,1.0,1.0,512,0.5,-0.0,63.84,5.9,943,0.00035101023968309164,0.01,122058.3986369298,0.0,0.0,0.06476660817861557,0.0,0.0,0.0,0.0,122058.3986369298,1.0,0.01,3.7124016580801555e-16,0,1.0,7.054699047159829e-10,0.9999998807907104,0.0013539991341531277,22.62741470336914,79053.0859375,12205839.86369298,0.0,0.00035101023968309164,1.0,full_shared_joint2b_critic_anchored_actor_scale_floor,torch.float64,0.0,0.0,0.00017550511984154582,0.0,0.5,3.7124016580801555e-16,0.00034600612707436085,0.00017300306353718042,3.7124016580801555e-16,block_normalized_symmetric_jacobi_fp64_cholesky,1024,5.905882426304743e-05,2.9529412131523713e-05,0.0,-1.7834827303886414e-07,0.04370533674955368,0.5,1369,5611520,6016.995922408998,5611520,1.0,1e-06,paper_sgd_momentum_1e-6,1.0,1.0,0.1117609292268753,0.9290510416030884,0.7013437747955322,-1.6502279043197632,1.0350151062011719
8,8,-1.5509638786315918,-0.5307520031929016,-1.5558043718338013,-2.6220011711120605,0.03994973376393318,0.0,1.0,1.0,512,0.5,-0.0,67.62,6.2,902,0.0003518617886584252,0.01,123761.85562605459,0.0,0.0,0.06431933492422104,0.0,0.0,0.0,0.0,123761.85562605459,1.0,0.01,4.479998497533248e-16,0,1.0,3.3835162449591394e-10,1.0,0.0016125452239066362,22.627416610717773,79602.8046875,12376185.56260546,0.0,0.0003518617886584252,1.0,full_shared_joint2b_critic_anchored_actor_scale_floor,torch.float64,0.0,0.0,0.0001759308943292126,0.0,0.5,4.479998497533248e-16,0.00034755171509459615,0.00017377585754729807,4.479998497533248e-16,block_normalized_symmetric_jacobi_fp64_cholesky,1024,5.490457988344133e-05,2.7452289941720665e-05,0.0,-1.0989606380462646e-07,0.06285510957241058,0.5,1379,5652480,6060.791258278303,5652480,1.0,1e-06,paper_sgd_momentum_1e-6,1.0,1.0,0.03773868829011917,1.0560400485992432,0.670784056186676,-1.7253739833831787,1.0777946710586548
8,8,-1.5660066604614258,-0.6210024952888489,-1.5591508150100708,-2.6894655227661133,0.04212392121553421,0.0,1.0,1.0,512,0.5,-0.0,62.6,5.9,941,0.0003536417498253286,0.01,121520.73373493804,0.0,0.0,0.06490972638130188,0.0,0.0,0.0,0.0,121520.73373493804,1.0,0.01,4.082485851880181e-16,0,1.0,3.972755735492939e-10,1.0,0.001378035405650735,22.627416610717773,78878.78125,12152073.373493804,0.0,0.0003536417498253286,1.0,full_shared_joint2b_critic_anchored_actor_scale_floor,torch.float64,0.0,0.0,0.0001768208749126643,0.0,0.5,4.082485851880181e-16,0.00034356891410425305,0.00017178445705212653,4.082485851880181e-16,block_normalized_symmetric_jacobi_fp64_cholesky,1024,8.380259532714263e-05,4.190129766357131e-05,0.0,3.757886588573456e-07,0.04507141560316086,0.5,1389,5693440,6104.989649743307,5693440,1.0,1e-06,paper_sgd_momentum_1e-6,1.0,1.0,0.13867604732513428,0.9046984314918518,0.6973103880882263,-1.6073251962661743,0.9859799146652222
8,8,-1.5563383102416992,-0.5815037488937378,-1.5672962665557861,-2.6188011169433594,0.03679588809609413,0.0,1.0,1.0,512,0.5,-0.0,66.02,6.3,940,0.00024091493105515838,0.010000000000000002,131117.5889753764,0.0,0.0,0.06248912960290909,0.0,0.0,0.0,0.0,131117.5889753764,1.0,0.01,4.1625914314213e-16,0,1.0,2.609489291316436e-10,0.9999998807907104,0.0012425875756889582,22.62741470336914,81934.2421875,13111758.897537638,0.0,0.00024091491650324315,1.0,full_shared_joint2b_critic_anchored_actor_scale_floor,torch.float64,0.0,0.0,0.00012045745825162157,0.0,0.5,4.1625914314213e-16,0.0002370235597481951,0.00011851177987409756,4.1625914314213e-16,block_normalized_symmetric_jacobi_fp64_cholesky,1024,4.312572491471656e-05,2.156286245735828e-05,0.0,-3.986060619354248e-07,0.03954076021909714,0.5,1399,5734400,6148.714668666013,5734400,1.0,1e-06,paper_sgd_momentum_1e-6,1.0,1.0,0.24566125869750977,0.9805505275726318,0.7231652736663818,-1.7198817729949951,0.8671761155128479
8,8,-1.5454113483428955,-0.5593497157096863,-1.5543848276138306,-2.475841522216797,0.04071838781237602,0.0,1.0,1.0,512,0.5,-0.0,61.86,5.9,941,0.0002646261709742248,0.01,124841.1773755432,0.0,0.0,0.06404069066047668,0.0,0.0,0.0,0.0,124841.1773755432,1.0,0.01,3.7197397736178775e-16,0,1.0,1.6928339285904315e-10,1.0,0.0012278317008167505,22.627416610717773,79949.1640625,12484117.73755432,0.0,0.00026462620007805526,1.0,full_shared_joint2b_critic_anchored_actor_scale_floor,torch.float64,0.0,0.0,0.00013231310003902763,0.0,0.5,3.7197397736178775e-16,0.00026101365801878273,0.00013050682900939137,3.7197397736178775e-16,block_normalized_symmetric_jacobi_fp64_cholesky,1024,4.357627040008083e-05,2.1788135200040415e-05,0.0,-2.2258609533309937e-07,0.036759160459041595,0.5,1409,5775360,6192.307811747305,5775360,1.0,1e-06,paper_sgd_momentum_1e-6,1.0,1.0,-0.07634972035884857,1.004991054534912,0.6722026467323303,-1.7233428955078125,1.1882920265197754
8,8,-1.5472166538238525,-0.5955767035484314,-1.547131896018982,-2.6342129707336426,0.03966305032372475,0.0,1.0,1.0,512,0.5,-0.0,67.54,6.1,943,0.0003670822479762137,0.01,126301.64043013623,0.0,0.0,0.063669353723526,0.0,0.0,0.0,0.0,126301.64043013623,1.0,0.01,4.416021728775239e-16,0,1.0,3.245610724622594e-10,1.0,0.0013670832850039005,22.62741470336914,80415.4453125,12630164.043013623,0.0,0.0003670822479762137,1.0,full_shared_joint2b_critic_anchored_actor_scale_floor,torch.float64,0.0,0.0,0.00018354112398810685,0.0,0.5,4.416021728775239e-16,0.00035404125810600817,0.00017702062905300409,4.416021728775239e-16,block_normalized_symmetric_jacobi_fp64_cholesky,1024,9.697508357930928e-05,4.848754178965464e-05,0.0,-1.5832483768463135e-07,0.04610298573970795,0.5,1419,5816320,6235.912595483009,5816320,1.0,1e-06,paper_sgd_momentum_1e-6,1.0,1.0,0.06014220044016838,0.850934624671936,0.6625871658325195,-1.6746643781661987,1.067766547203064
8,8,-1.5600578784942627,-0.5750329494476318,-1.5656099319458008,-2.5847527980804443,0.03728412836790085,0.0,1.0,1.0,512,0.5,-0.0,66.49,6.7,943,0.0003013552923221141,0.01,123077.28281474356,0.0,0.0,0.06449796259403229,0.0,0.0,0.0,0.0,123077.28281474356,1.0,0.01,3.9638403412607475e-16,0,1.0,5.225335719671875e-10,0.9999998807907104,0.0012652146397158504,22.62741470336914,79382.34375,12307728.281474356,0.0,0.0003013552923221141,1.0,full_shared_joint2b_critic_anchored_actor_scale_floor,torch.float64,0.0,0.0,0.00015067764616105705,0.0,0.5,3.9638403412607475e-16,0.00029751015244983137,0.00014875507622491568,3.9638403412607475e-16,block_normalized_symmetric_jacobi_fp64_cholesky,1024,4.798654845217243e-05,2.3993274226086214e-05,0.0,5.960464477539063e-08,0.038480110466480255,0.5,1429,5857280,6279.818997352384,5857280,1.0,1e-06,paper_sgd_momentum_1e-6,1.0,1.0,0.24244248867034912,0.9441742897033691,0.7162249684333801,-1.6203724145889282,0.8759663105010986
8,8,-1.5838830471038818,-0.7249505519866943,-1.5699859857559204,-2.7456157207489014,0.04078484699130058,0.0,1.0,1.0,512,0.5,-0.0,63.91,6.4,942,0.0002760918578132987,0.01,126539.95393261676,0.0,0.0,0.06360937654972076,0.0,0.0,0.0,0.0,126539.95393261676,1.0,0.01,3.855282670850669e-16,0,1.0,5.704661187877491e-10,1.0,0.001378149725496769,22.627416610717773,80491.2734375,12653995.393261675,0.0,0.00027609182870946825,1.0,full_shared_joint2b_critic_anchored_actor_scale_floor,torch.float64,0.0,0.0,0.00013804591435473412,0.0,0.5,3.855282670850669e-16,0.000270199408987537,0.0001350997044937685,3.855282670850669e-16,block_normalized_symmetric_jacobi_fp64_cholesky,1024,5.673611303791404e-05,2.836805651895702e-05,0.0,1.862645149230957e-09,0.04694080352783203,0.5,1439,5898240,6324.035094622057,5898240,1.0,1e-06,paper_sgd_momentum_1e-6,1.0,1.0,0.10078778862953186,0.9483410120010376,0.6968274116516113,-1.8355909585952759,1.011426329612732
8,8,-1.6203292608261108,-0.7782299518585205,-1.5880745649337769,-2.7462780475616455,0.04630224406719208,0.0,1.0,1.0,512,0.5,-0.0,62.0,5.4,944,0.0002560321881901473,0.01,129716.84321347215,0.0,0.0,0.06282562017440796,0.0,0.0,0.0,0.0,129716.84321347215,1.0,0.01,3.9127903394576485e-16,0,1.0,9.025148961505636e-10,0.9999998807907104,0.001273977104574442,22.62741470336914,81495.4140625,12971684.321347214,0.0,0.0002560321590863168,1.0,full_shared_joint2b_critic_anchored_actor_scale_floor,torch.float64,0.0,0.0,0.0001280160795431584,0.0,0.5,3.9127903394576485e-16,0.0002502499264664948,0.0001251249632332474,3.9127903394576485e-16,block_normalized_symmetric_jacobi_fp64_cholesky,1024,5.410585436038673e-05,2.7052927180193365e-05,0.0,1.0058283805847168e-07,0.04111967235803604,0.5,1449,5939200,6367.673018284142,5939200,1.0,1e-06,paper_sgd_momentum_1e-6,1.0,1.0,-0.02654441073536873,1.2576086521148682,0.7160563468933105,-1.568192958831787,1.1526801586151123
8,8,-1.5740971565246582,-0.7023046016693115,-1.5614700317382812,-2.540569543838501,0.03872301056981087,0.0,1.0,1.0,512,0.5,-0.0,64.92,6.2,942,0.0003392449871171266,0.01,128886.52995489152,0.0,0.0,0.06302766501903534,0.0,0.0,0.0,0.0,128886.52995489152,1.0,0.01,3.8400340570774787e-16,0,1.0,4.268743691859811e-10,1.0,0.0013292724033817649,22.627416610717773,81234.171875,12888652.995489152,0.0,0.00033924495801329613,1.0,full_shared_joint2b_critic_anchored_actor_scale_floor,torch.float64,0.0,0.0,0.00016962247900664806,0.0,0.5,3.8400340570774787e-16,0.00032746270881034434,0.00016373135440517217,3.8400340570774787e-16,block_normalized_symmetric_jacobi_fp64_cholesky,1024,8.86302805156447e-05,4.431514025782235e-05,0.0,3.03611159324646e-07,0.04448007792234421,0.5,1459,5980160,6411.350975508336,5980160,1.0,1e-06,paper_sgd_momentum_1e-6,1.0,1.0,0.18308629095554352,0.8677513003349304,0.7285043597221375,-1.6201833486557007,0.9528915882110596
