action_max,action_min,adv_avg,adv_max,adv_med,adv_min,adv_var,blockdiag_actor_cholesky_info_max,blockdiag_actor_direction_l2,blockdiag_actor_jacobi_scale_max,blockdiag_actor_jacobi_scale_min,blockdiag_actor_post_lr_delta_l2,blockdiag_actor_raw_scale,blockdiag_actor_relative_solve_residual,blockdiag_actor_rhs_l2,blockdiag_actor_solve_residual,blockdiag_actor_system_rows,blockdiag_critic_cholesky_info_max,blockdiag_critic_direction_l2,blockdiag_critic_jacobi_scale_max,blockdiag_critic_jacobi_scale_min,blockdiag_critic_post_lr_delta_l2,blockdiag_critic_raw_j_scale,blockdiag_critic_relative_solve_residual,blockdiag_critic_rhs_l2,blockdiag_critic_solve_residual,blockdiag_critic_system_rows,blockdiag_critic_weighted_scale,blockdiag_direction_cosine,blockdiag_finite_scan_pass,blockdiag_no_dual_cross_solve,blockdiag_policy_sum_direction_l2,blockdiag_shared_actor_direction_l2,blockdiag_shared_contribution_ratio,blockdiag_shared_critic_direction_l2,blockdiag_shared_sum_direction_l2,blockdiag_sum_post_lr_delta_l2,blockdiag_value_sum_direction_l2,clipfrac,critic_ratio_max,critic_ratio_min,critic_rows,curr_lr,entropy,eplenmean,eprewmean,fps,grad_norm,joint_actor_fisher_quadratic,joint_applied_solve_residual,joint_cholesky_info_max,joint_clip_scale,joint_critic_curvature_coef,joint_critic_ggn_quadratic,joint_critic_objective_coef,joint_direction_l2,joint_kernel_mode,joint_linear_solve_dtype,joint_predicted_step_kl,joint_relative_solve_residual,joint_solve_residual,joint_solver_mode,joint_system_rows,kl,loss_pi,loss_v,lr,misc/nupdates,misc/serial_timesteps,misc/time_elapsed,misc/total_timesteps,optimizer_history_correction,optimizer_momentum,optimizer_momentum_semantics,ratio_max,ratio_min,ret_avg,ret_max,ret_med,ret_min,ret_var
14,0,0.24962586164474487,0.9396790266036987,0.24763473868370056,0.206024631857872,0.0013180391397327185,0,0.14172381162643433,1.2874498644052204,0.6351228644769493,4.783178883371875e-05,260.84478759765625,5.084045754974514e-15,22.627408981323242,1.5916027476327906e-13,512,0,0.1686425358057022,1.254762859308991,1.2118720275497876,5.6916858738986775e-05,784.6365966796875,4.086418888087802e-16,12.214056015014648,1.3699900207095685e-14,512,78.46365356445312,-0.001061214366927743,1.0,1.0,0.06640401482582092,0.1252044290304184,0.8957968950271606,0.13976876437664032,0.18751193583011627,7.430767436744645e-05,0.09436628967523575,0.0,1.0,1.0,512,0.00033750000000000007,0.8970537185668945,959.4705882352941,0.0,1618,0.22017088532447815,0.8816834092140198,1.5916027476327906e-13,0,1.0,0.1,21.489070892333984,1.0,0.22017088532447815,full_shared_detggn_blockdiag_bxb,torch.float64,5.021462712306857e-08,5.084045754974514e-15,1.5916027476327906e-13,two_independent_raw_bxb_fp64_jacobi_cholesky,1024,0.0710977166891098,0.02259219065308571,0.02913733758032322,0.00022500000000000005,9,40960,26.237475189380348,40960,1.0,1e-06,paper_sgd_momentum_1e-6,1.3397916555404663,0.46583306789398193,-0.44489914178848267,0.23376967012882233,-0.44547510147094727,-0.4939858019351959,0.001207492547109723
14,0,0.3926234841346741,0.8651144504547119,0.3665001392364502,0.3280313014984131,0.006567057687789202,0,0.18108637630939484,1.3430616296011622,1.1074032510268246,2.7162957849213853e-05,47.78208541870117,1.0898825248491e-15,22.62741470336914,2.6979829370549833e-14,512,0,0.25430455803871155,1.3890811068630569,1.383337143908308,3.814568481175229e-05,101.02294921875,3.9283238001508773e-16,7.006483554840088,7.604825120541262e-15,512,10.102294921875,0.06352300196886063,1.0,1.0,0.12284521758556366,0.13304634392261505,0.6225324869155884,0.21371790766716003,0.26311078667640686,4.821367110707797e-05,0.13782401382923126,0.0,1.0,1.0,512,0.00015000000000000004,2.3349671363830566,976.4375,0.0,1618,0.3214244842529297,0.42786410450935364,2.6979829370549833e-14,0,1.0,0.1,6.516542434692383,1.0,0.3214244544506073,full_shared_detggn_blockdiag_bxb,torch.float64,4.813471399245373e-09,1.0898825248491e-15,2.6979829370549833e-14,two_independent_raw_bxb_fp64_jacobi_cholesky,1024,0.04779753461480141,0.006316676735877991,0.009588049724698067,0.00010000000000000003,19,81920,52.151973703410476,81920,1.0,1e-06,paper_sgd_momentum_1e-6,1.566291093826294,0.6655528545379639,-0.09756837785243988,0.35387271642684937,-0.12375990301370621,-0.15520423650741577,0.00659151142463088
14,0,0.019859615713357925,16.141569137573242,-0.17396101355552673,-1.548791527748108,1.4967659711837769,0,0.4568202495574951,1.4140579907678497,0.37668727133876867,8.111129318422172e-06,859.1663818359375,1.1357369518041465e-14,22.62741470336914,6.634135500183295e-13,512,0,2.6248104572296143,1.2933030905126195,0.9106072510654946,4.660514969145879e-05,1667.5087890625,6.182339863633015e-15,107.66242980957031,7.029903923506822e-13,512,166.75086975097656,0.34676599502563477,1.0,1.0,0.1890004277229309,0.4158889055252075,0.1774916797876358,2.3431458473205566,2.54850697517395,4.999999873689376e-05,1.1829191446304321,0.0,1.0,1.0,512,0.00010000000000000003,0.4451919198036194,462.23,2.7,1454,2.8160088062286377,212.42129516601562,7.029903923506822e-13,0,0.17755624651908875,0.1,58.261024475097656,1.0,2.816009044647217,full_shared_detggn_blockdiag_bxb,torch.float64,3.348420207771596e-08,1.1357369518041465e-14,7.029903923506822e-13,two_independent_raw_bxb_fp64_jacobi_cholesky,1024,0.0801413357257843,0.007298130542039871,2.2639055252075195,0.0001,29,122880,77.74315769411623,122880,1.0,1e-06,paper_sgd_momentum_1e-6,1.4326717853546143,0.10497859865427017,1.0378103256225586,19.722488403320312,0.7513430118560791,-0.35795432329177856,2.3912525177001953
8,1,-0.3946143090724945,7.8606648445129395,-0.42972004413604736,-4.670684814453125,0.4375295042991638,0,0.27846625447273254,1.414213384582699,0.1656612994206614,3.1274979846784845e-05,1942.50244140625,1.0988326235404411e-14,22.627416610717773,3.5354120175322936e-13,512,0,0.9425259828567505,0.9999771137073739,0.5044135782868729,0.00010585656855255365,7618.65625,3.506491417404185e-14,42.189659118652344,1.69211950488054e-12,512,761.8656005859375,0.07136234641075134,1.0,1.0,0.06688582897186279,0.27031415700912476,0.3027258813381195,0.8929337859153748,0.9528169631958008,0.00011249999806750566,0.3017027676105499,0.0,1.0,1.0,512,0.00022500000000000005,0.1425004005432129,532.63,2.7,1617,1.0016778707504272,4.641000270843506,1.69211950488054e-12,0,0.4991625249385834,0.1,14.099203109741211,1.0,1.0016777515411377,full_shared_detggn_blockdiag_bxb,torch.float64,2.9270527335256702e-08,3.506491417404185e-14,1.69211950488054e-12,two_independent_raw_bxb_fp64_jacobi_cholesky,1024,0.06044219806790352,0.0021362416446208954,0.34764987230300903,0.00015000000000000004,39,163840,103.10695275012404,163840,1.0,1e-06,paper_sgd_momentum_1e-6,1.6266191005706787,0.10000000149011612,1.3360300064086914,14.724405288696289,1.2837146520614624,-0.41388070583343506,2.4193994998931885
8,1,-0.647860050201416,1.1840020418167114,-0.6351727247238159,-5.884744167327881,0.12059787660837173,0,0.46468159556388855,1.4138574195383062,0.07501978391092348,2.5671741241239943e-05,7904.34912109375,3.437079563931169e-14,22.627416610717773,2.073062889651249e-12,512,0,0.6707269549369812,0.869735317240195,0.41604865706860295,3.705489507410675e-05,8151.08642578125,2.047151557534304e-14,31.313358306884766,1.0826148839481377e-12,512,815.108642578125,0.24593397974967957,1.0,1.0,0.0838758572936058,0.45704901218414307,0.7153727412223816,0.6388963460922241,0.8777158260345459,4.999999509891495e-05,0.2041715830564499,0.0,1.0,1.0,512,0.0001,0.4132465124130249,786.41,1.3,1622,0.9050448536872864,23.698801040649414,2.073062889651249e-12,0,0.5524587631225586,0.1,49.4357795715332,1.0,0.9050449132919312,full_shared_detggn_blockdiag_bxb,torch.float64,3.6165634043072714e-08,3.437079563931169e-14,2.073062889651249e-12,two_independent_raw_bxb_fp64_jacobi_cholesky,1024,0.06276080012321472,-0.03643976151943207,0.19150905311107635,0.0001,49,204800,128.55372156901285,204800,1.0,1e-06,paper_sgd_momentum_1e-6,2.9928202629089355,0.12948769330978394,1.7121459245681763,4.759242534637451,1.5089166164398193,-0.6059912443161011,0.8495237231254578
8,1,-0.7448656558990479,4.948240280151367,-0.7842034101486206,-2.572657585144043,0.14459122717380524,0,0.4440517723560333,1.4141619939475691,0.04264032384341317,2.5940964405890554e-05,10584.048828125,1.650178778391795e-14,22.62741470336914,2.1929156515909808e-12,512,0,0.5639799237251282,0.7979319799904389,0.3400236605098964,3.2947020372375846e-05,12007.267578125,7.161383072925875e-15,37.69804382324219,8.425720404107703e-13,512,1200.7266845703125,0.4338241517543793,1.0,1.0,0.11418579518795013,0.4291195571422577,0.8014596700668335,0.5354225039482117,0.8295248746871948,4.999999509891495e-05,0.177189439535141,0.0,1.0,1.0,512,0.0001,0.5708862543106079,814.82,0.8,1620,0.8558889627456665,92.53519439697266,2.1929156515909808e-12,0,0.5841878652572632,0.1,453.275634765625,1.0,0.8558890223503113,full_shared_detggn_blockdiag_bxb,torch.float64,1.5789994733950152e-07,1.650178778391795e-14,2.1929156515909808e-12,two_independent_raw_bxb_fp64_jacobi_cholesky,1024,0.09376782178878784,0.0200224369764328,0.27756690979003906,0.0001,59,245760,154.57418469013646,245760,1.0,1e-06,paper_sgd_momentum_1e-6,3.8224873542785645,0.10000000149011612,1.2156047821044922,10.782659530639648,1.1264338493347168,-0.7573370337486267,0.6366350650787354
8,1,-0.9564027786254883,-0.049849580973386765,-0.9309167861938477,-4.302703380584717,0.09480562061071396,0,0.47967660427093506,1.3356598308743348,0.054684937309726483,3.120129622402601e-05,17344.14453125,4.826004695014992e-14,22.627416610717773,4.779239644944635e-12,512,0,0.38047581911087036,0.7727523376966856,0.358485825682853,2.474862958479207e-05,13198.6708984375,1.755118203121602e-14,18.327049255371094,8.863811068753064e-13,512,1319.8670654296875,0.5918137431144714,1.0,1.0,0.06940801441669464,0.4746284782886505,1.3045926094055176,0.3638135492801666,0.7573973536491394,4.999999873689376e-05,0.11136225610971451,0.0,1.0,1.0,512,0.00010000000000000003,0.775446891784668,844.25,0.7,1622,0.7686806917190552,45.354644775390625,4.779239644944635e-12,0,0.6504652500152588,0.1,107.7580795288086,1.0,0.7686805725097656,full_shared_detggn_blockdiag_bxb,torch.float64,9.594889149866503e-08,4.826004695014992e-14,4.779239644944635e-12,two_independent_raw_bxb_fp64_jacobi_cholesky,1024,0.05833642929792404,-0.058152612298727036,0.06560169905424118,0.0001,69,286720,180.25826432416216,286720,1.0,1e-06,paper_sgd_momentum_1e-6,10.0,0.3478190004825592,1.0548722743988037,2.4891726970672607,1.0495645999908447,-0.8764405846595764,0.1179465651512146
8,1,-1.0245256423950195,1.7284046411514282,-0.9825385808944702,-4.200597763061523,0.1462739259004593,0,0.48120442032814026,1.4136967486195398,0.03652010032064268,6.708651926601306e-05,38192.74609375,1.5825110678809633e-13,22.627416610717773,1.5888860342910987e-11,512,0,0.4897036850452423,0.6369316326054869,0.2794084311915374,6.827143806731328e-05,28601.19140625,4.89990271666812e-14,26.056976318359375,2.5403863522165247e-12,512,2860.119140625,0.3815053403377533,1.0,1.0,0.08611532300710678,0.4734362065792084,1.019887924194336,0.46420416235923767,0.7870380878448486,0.00011249999806750566,0.15596218407154083,0.0,1.0,1.0,512,0.00022500000000000005,0.629990816116333,830.31,1.1,1623,0.8069504499435425,46.785545349121094,1.5888860342910987e-11,0,0.6196167469024658,0.1,94.89177703857422,1.0,0.8069504499435425,full_shared_detggn_blockdiag_bxb,torch.float64,4.546665763882629e-07,1.5825110678809633e-13,1.5888860342910987e-11,two_independent_raw_bxb_fp64_jacobi_cholesky,1024,0.059396304190158844,-0.0242079496383667,0.13261055946350098,0.00015000000000000004,79,327680,205.62475539231673,327680,1.0,1e-06,paper_sgd_momentum_1e-6,3.1906955242156982,0.18033643066883087,1.8230366706848145,7.2436017990112305,1.7223377227783203,-0.9344717860221863,0.7299549579620361
8,1,-1.1058673858642578,0.6841755509376526,-1.0529006719589233,-4.063515663146973,0.16242589056491852,0,0.45876622200012207,1.4142076643453712,0.036533328535079186,0.00010644025314832106,31236.63671875,8.375813531574076e-14,22.627416610717773,7.747308642272107e-12,512,0,0.4726063907146454,0.5993034166342087,0.27470326350106494,0.00010965137335006148,26007.490234375,5.065722275517917e-14,32.11850357055664,2.4003081468173305e-12,512,2600.748779296875,0.2194957137107849,1.0,1.0,0.09883401542901993,0.4479936361312866,1.0502114295959473,0.42657470703125,0.6912630200386047,0.0001687500043772161,0.2034474015235901,0.0,1.0,1.0,512,0.00033750000000000007,0.5591007471084595,791.47,1.3,1625,0.7273263335227966,21.22626495361328,7.747308642272107e-12,0,0.6874493360519409,0.1,18.764793395996094,1.0,0.7273263335227966,full_shared_detggn_blockdiag_bxb,torch.float64,5.713109203497879e-07,8.375813531574076e-14,7.747308642272107e-12,two_independent_raw_bxb_fp64_jacobi_cholesky,1024,0.060475222766399384,-0.046915244311094284,0.20148402452468872,0.00022500000000000005,89,368640,231.31188748404384,368640,1.0,1e-06,paper_sgd_momentum_1e-6,2.4102063179016113,0.10000000149011612,1.810642957687378,4.602806091308594,1.7073562145233154,-1.0144215822219849,0.4191637933254242
8,1,-1.0837490558624268,0.6483002305030823,-1.0567481517791748,-3.5662121772766113,0.07153727859258652,0,0.5133275985717773,1.4142116792556614,0.04148927354327721,3.176560130668804e-05,26174.94140625,4.572935708392965e-14,22.62741470336914,1.0255936668806997e-11,512,0,0.5514618754386902,0.5693377693195185,0.25361297122664844,3.412541627767496e-05,25593.423828125,1.685975091562552e-14,34.181209564208984,2.3150185014706087e-12,512,2559.34228515625,0.15055248141288757,1.0,1.0,0.11426647007465363,0.5004482269287109,1.1111079454421997,0.45040467381477356,0.7338595390319824,4.999999873689376e-05,0.31819143891334534,0.0,1.0,1.0,512,0.0001,0.436609148979187,718.85,1.7,1445,0.8079928159713745,194.39056396484375,1.0255936668806997e-11,0,0.6188173890113831,0.1,553.4932250976562,1.0,0.8079928159713745,full_shared_detggn_blockdiag_bxb,torch.float64,3.7219467685645213e-07,4.572935708392965e-14,1.0255936668806997e-11,two_independent_raw_bxb_fp64_jacobi_cholesky,1024,0.05333194136619568,0.01650971546769142,0.22819432616233826,0.0001,99,409600,256.98070437833667,409600,1.0,1e-06,paper_sgd_momentum_1e-6,2.412741184234619,0.17156152427196503,1.6758347749710083,5.29238224029541,1.471208930015564,-1.0009489059448242,0.5459364056587219
8,1,-1.170880913734436,-0.6908861398696899,-1.1167691946029663,-4.709072589874268,0.08345852792263031,0,0.3572272062301636,1.4142135546352328,0.02945430180902491,3.262126483605243e-05,5952.98291015625,1.672732278979016e-14,22.627416610717773,1.2412202918621737e-12,512,0,0.35795319080352783,0.6021708310901254,0.3359167534622715,3.2687559723854065e-05,17980.1328125,1.224260047202816e-14,40.33755111694336,1.7524387066263367e-12,512,1798.013427734375,0.17226533591747284,1.0,1.0,0.09852463006973267,0.34337180852890015,1.1468874216079712,0.29939451813697815,0.501594066619873,4.999999873689376e-05,0.19619743525981903,0.0,1.0,1.0,512,0.0001,0.20053064823150635,731.49,1.3,1621,0.5475373268127441,13.56362533569336,1.7524387066263367e-12,0,0.9131797552108765,0.1,363.82965087890625,1.0,0.5475373268127441,full_shared_detggn_blockdiag_bxb,torch.float64,5.655335399978867e-08,1.672732278979016e-14,1.7524387066263367e-12,two_independent_raw_bxb_fp64_jacobi_cholesky,1024,0.09399829804897308,-0.0038338350132107735,0.317796528339386,0.0001,109,450560,282.68638444831595,450560,1.0,1e-06,paper_sgd_momentum_1e-6,10.0,0.10000000149011612,1.6488537788391113,2.5862889289855957,1.6377540826797485,-1.0625200271606445,0.27899396419525146
8,1,-1.179521918296814,-0.6978537440299988,-1.1422662734985352,-2.273679733276367,0.014266416430473328,0,0.4156452417373657,1.4142135612836186,0.0369246805937607,3.384238152648322e-05,28698.794921875,3.932871597156672e-14,22.62741470336914,7.717817444360443e-12,512,0,0.38607504963874817,0.5610864839904293,0.24642358747435397,3.143473804811947e-05,28536.900390625,1.8756040415063952e-14,12.919256210327148,9.677287915115617e-13,512,2853.690185546875,0.17227904498577118,1.0,1.0,0.10365308821201324,0.4025133550167084,1.3715367317199707,0.2934761643409729,0.5508508086204529,4.999999509891495e-05,0.2508499324321747,0.0,1.0,1.0,512,0.0001,0.17792224884033203,747.68,0.2,1632,0.6140897870063782,119.32022857666016,7.717817444360443e-12,0,0.8142131567001343,0.1,56.283424377441406,1.0,0.6140897870063782,full_shared_detggn_blockdiag_bxb,torch.float64,3.9551255781589134e-07,3.932871597156672e-14,7.717817444360443e-12,two_independent_raw_bxb_fp64_jacobi_cholesky,1024,0.11399940401315689,-0.05981964245438576,0.032599058002233505,0.0001,119,491520,308.0138064152561,491520,1.0,1e-06,paper_sgd_momentum_1e-6,4.0412750244140625,0.10000000149011612,-0.1930983066558838,0.294320672750473,-0.30330681800842285,-1.1223231554031372,0.0970802754163742
6,1,-1.1288814544677734,-1.099001169204712,-1.113403558731079,-2.007694959640503,0.006242095027118921,0,0.46091318130493164,1.4142135611466378,0.020727337635603298,4.1457224142504856e-05,8011.72265625,1.348908202521602e-13,22.627416610717773,5.298282484486107e-12,512,0,0.2314317673444748,0.5549435889710316,0.39392373018425325,2.081632374029141e-05,17487.4453125,5.397879023395545e-15,10.763774871826172,5.198677135366692e-13,512,1748.74462890625,0.20161354541778564,1.0,1.0,0.1554661989212036,0.4339022934436798,2.3567521572113037,0.18411028385162354,0.5149563550949097,4.999999873689376e-05,0.14022862911224365,0.0,1.0,1.0,512,0.0001,0.046316031366586685,790.15,0.0,1630,0.5558900833129883,8.195821762084961,5.298282484486107e-12,0,0.8994584083557129,0.1,219.03697204589844,1.0,0.5558900833129883,full_shared_detggn_blockdiag_bxb,torch.float64,3.315313890084326e-08,1.348908202521602e-13,5.298282484486107e-12,two_independent_raw_bxb_fp64_jacobi_cholesky,1024,0.11630541831254959,-0.051293667405843735,0.022628681734204292,0.0001,129,532480,333.391545758117,532480,1.0,1e-06,paper_sgd_momentum_1e-6,10.0,0.12061143666505814,-0.3081563115119934,-0.09477867186069489,-0.34788069128990173,-1.0983821153640747,0.014853717759251595
14,1,-1.2645270824432373,0.7695780396461487,-1.2060976028442383,-3.852525472640991,0.11491710692644119,0,0.5083978176116943,1.414213555765442,0.04142215000923873,3.500260572764091e-05,9875.8701171875,6.551500923263025e-14,22.627416610717773,3.329876121922093e-12,512,0,0.4496696889400482,1.0798635591858403,0.5393142046919005,3.0959239666117355e-05,5119.55908203125,1.1310552200439214e-14,24.635250091552734,4.4719875082959257e-13,512,511.9559326171875,0.14596088230609894,1.0,1.0,0.09212984144687653,0.49998044967651367,1.2484441995620728,0.40048280358314514,0.6907267570495605,4.999999509891495e-05,0.20449046790599823,0.0,1.0,1.0,512,0.0001,0.5674425363540649,866.16,0.6,1626,0.7262284159660339,7.291034698486328,3.329876121922093e-12,0,0.6884885430335999,0.1,30.467864990234375,1.0,0.7262284755706787,full_shared_detggn_blockdiag_bxb,torch.float64,1.7280351372050973e-08,6.551500923263025e-14,3.329876121922093e-12,two_independent_raw_bxb_fp64_jacobi_cholesky,1024,0.04450962692499161,-0.03315339609980583,0.11853427439928055,0.0001,139,573440,359.38775652321056,573440,1.0,1e-06,paper_sgd_momentum_1e-6,4.050782680511475,0.31326058506965637,1.385115623474121,4.6367573738098145,1.3594099283218384,-1.1516988277435303,0.20257489383220673
14,1,-1.242835521697998,-0.8535693883895874,-1.231492280960083,-3.0911691188812256,0.014605797827243805,0,0.47843506932258606,1.41203094908792,0.04333403672402092,3.2811421988299116e-05,12096.029296875,3.6673505044937736e-14,22.62741470336914,6.906487659016025e-12,512,0,0.4608503580093384,1.0533509151513938,0.6005356453792248,3.160545020364225e-05,4925.4814453125,1.5116813402215673e-15,39.14523696899414,2.1189152512701844e-13,512,492.54815673828125,0.20467591285705566,1.0,1.0,0.11321471631526947,0.46484678983688354,1.3382387161254883,0.3473571538925171,0.653449535369873,5.0000002374872565e-05,0.30286306142807007,0.0,1.0,1.0,512,0.0001,0.8229486346244812,897.55,1.0,1629,0.729067862033844,155.50387573242188,6.906487659016025e-12,0,0.6858072280883789,0.1,478.289306640625,1.0,0.729067862033844,full_shared_detggn_blockdiag_bxb,torch.float64,3.6569193184732285e-07,3.6673505044937736e-14,6.906487659016025e-12,two_independent_raw_bxb_fp64_jacobi_cholesky,1024,0.0712381899356842,-0.00559067539870739,0.29928702116012573,0.0001,149,614400,385.2620271323249,614400,1.0,1e-06,paper_sgd_momentum_1e-6,5.7377190589904785,0.19609998166561127,0.6876258254051208,1.8905773162841797,0.6298896670341492,-1.1989396810531616,0.10501456260681152
14,1,-1.3545702695846558,-0.20766419172286987,-1.3147225379943848,-6.075565814971924,0.12425427883863449,0,0.5208186507225037,1.414203914429916,0.0685235696946812,0.0015206565149128437,16423.24609375,9.157996765910212e-14,22.62741470336914,5.801535254436247e-12,512,0,0.3524171710014343,0.9893561462525459,0.5401760749974375,0.0010289675556123257,7516.3857421875,1.2002795527408886e-14,28.38011932373047,7.067926239629041e-13,512,751.6385498046875,0.10339295864105225,1.0,1.0,0.11891116946935654,0.5070623159408569,1.6774907112121582,0.30227428674697876,0.6216402053833008,0.0019221679540351033,0.18118533492088318,0.0,1.0,1.0,512,0.0038443359375000003,0.8830636739730835,888.28,1.0,1630,0.6583347320556641,11.234169006347656,5.801535254436247e-12,0,0.7594920992851257,0.1,68.71808624267578,1.0,0.6583346724510193,full_shared_detggn_blockdiag_bxb,torch.float64,4.788507430930622e-05,9.157996765910212e-14,5.801535254436247e-12,two_independent_raw_bxb_fp64_jacobi_cholesky,1024,0.053768597543239594,0.028764106333255768,0.15731078386306763,0.002562890625,159,655360,410.53243772313,655360,1.0,1e-06,paper_sgd_momentum_1e-6,2.477879762649536,0.2694590985774994,1.6076087951660156,3.5945754051208496,1.3787250518798828,-1.2504122257232666,0.5569824576377869
14,1,-1.397731900215149,-0.45322203636169434,-1.3375308513641357,-4.878690719604492,0.07022151350975037,0,0.4825756251811981,1.4141812417557684,0.04440485290767827,3.3048730983864516e-05,16613.58984375,4.1364054685422727e-14,22.62741470336914,4.755129444429429e-12,512,0,0.4165819585323334,0.8943722802441539,0.3721150716860753,2.8529218980111182e-05,15586.9052734375,1.44296867111721e-14,16.295923233032227,1.2062147999322654e-12,512,1558.690673828125,0.3149290382862091,1.0,1.0,0.09931860864162445,0.4722446799278259,1.297312617301941,0.36401763558387756,0.6943671107292175,4.999999873689376e-05,0.2025628238916397,0.0,1.0,1.0,512,0.0001,0.625230073928833,569.17,1.3,1630,0.7300969958305359,43.18955993652344,4.755129444429429e-12,0,0.6848405003547668,0.1,230.2600555419922,1.0,0.7300969958305359,full_shared_detggn_blockdiag_bxb,torch.float64,1.0128091787464655e-07,4.1364054685422727e-14,4.755129444429429e-12,two_independent_raw_bxb_fp64_jacobi_cholesky,1024,0.11211524903774261,-0.004526609554886818,0.051866620779037476,0.0001,169,696320,435.8200476253405,696320,1.0,1e-06,paper_sgd_momentum_1e-6,4.139141082763672,0.11051597446203232,0.7062978744506836,2.220334768295288,0.8859711289405823,-1.2976208925247192,0.29562249779701233
14,1,-1.443803310394287,-0.6423000693321228,-1.3992481231689453,-3.8043198585510254,0.07150284945964813,0,0.5575902462005615,1.4142037941262187,0.04894519426775235,3.419008862692863e-05,24431.927734375,1.0184071565422145e-13,22.62741470336914,9.539573663976777e-12,512,0,0.4090195894241333,0.884963008012978,0.414379068456908,2.5080094928853214e-05,10275.185546875,1.55781567828981e-14,18.860477447509766,7.055165929798103e-13,512,1027.5185546875,0.40934959053993225,1.0,1.0,0.12472232431173325,0.5434622168540955,1.4399724006652832,0.37741154432296753,0.7902579307556152,5.0000002374872565e-05,0.1576627939939499,0.0,1.0,1.0,512,0.0001,0.8941605091094971,628.64,0.8,1627,0.815426766872406,43.98241424560547,9.539573663976777e-12,0,0.6131758689880371,0.1,70.20809173583984,1.0,0.815426766872406,full_shared_detggn_blockdiag_bxb,torch.float64,8.268356310736635e-08,1.0184071565422145e-13,9.539573663976777e-12,two_independent_raw_bxb_fp64_jacobi_cholesky,1024,0.05540933087468147,-0.019590500742197037,0.06947609782218933,0.0001,179,737280,461.38692622212693,737280,1.0,1e-06,paper_sgd_momentum_1e-6,5.084575653076172,0.2342553585767746,0.994462251663208,1.367024540901184,1.0310742855072021,-1.3410553932189941,0.0998232290148735
14,1,-1.4850283861160278,0.6424036622047424,-1.4339642524719238,-3.4231162071228027,0.11129705607891083,0,0.48867061734199524,1.414213524859122,0.05654543818582938,2.9795059163006954e-05,23836.7109375,6.644685173728049e-14,22.627416610717773,5.947850291304311e-12,512,0,0.5308035612106323,0.8956155217851635,0.38698366321361044,3.2363976060878485e-05,11863.7822265625,1.5732610158867915e-14,23.70029640197754,9.578644209379935e-13,512,1186.378173828125,0.29287320375442505,1.0,1.0,0.11370840668678284,0.47525712847709656,0.987405002117157,0.4813193380832672,0.780687689781189,4.999999873689376e-05,0.2237948775291443,0.0,1.0,1.0,512,0.00010000000000000003,0.8231467008590698,877.7,0.3,1632,0.8200530409812927,35.68742370605469,5.947850291304311e-12,0,0.6097166538238525,0.1,91.63563537597656,1.0,0.8200530409812927,full_shared_detggn_blockdiag_bxb,torch.float64,6.633477767081786e-08,6.644685173728049e-14,5.947850291304311e-12,two_independent_raw_bxb_fp64_jacobi_cholesky,1024,0.04017060995101929,-0.007631063461303711,0.10970781743526459,0.0001,189,778240,487.3362684692256,778240,1.0,1e-06,paper_sgd_momentum_1e-6,1.9610966444015503,0.27989354729652405,0.4490022361278534,4.022083759307861,0.5018792748451233,-1.393074870109558,0.12078577280044556
14,1,-1.4924452304840088,2.1422510147094727,-1.4987807273864746,-3.5276243686676025,0.21154963970184326,0,0.5044344663619995,1.4142135623680239,0.03326235104106987,2.9409311537165195e-05,36328.7578125,6.982963616669384e-14,22.627416610717773,9.240528725146386e-12,512,0,0.5820475816726685,0.7759361405550638,0.3179083352212453,3.393427687115036e-05,18332.478515625,2.719723194220031e-14,31.19118309020996,1.8570645965831095e-12,512,1833.2479248046875,0.2422671616077423,1.0,1.0,0.10410337150096893,0.4935753345489502,0.9302125573158264,0.530604898929596,0.8169576525688171,5.0000002374872565e-05,0.2392442524433136,0.0,1.0,1.0,512,0.0001,0.9764606356620789,728.65,1.2,1629,0.8576101660728455,109.1444320678711,9.240528725146386e-12,0,0.583015501499176,0.1,138.0252685546875,1.0,0.8576101660728455,full_shared_detggn_blockdiag_bxb,torch.float64,1.8549482661001093e-07,6.982963616669384e-14,9.240528725146386e-12,two_independent_raw_bxb_fp64_jacobi_cholesky,1024,0.0555589534342289,-0.019376037642359734,0.19001758098602295,0.0001,199,819200,513.0206675580703,819200,1.0,1e-06,paper_sgd_momentum_1e-6,3.0286669731140137,0.1782558411359787,0.46070900559425354,4.039686679840088,0.4880151152610779,-1.4402731657028198,0.3259260654449463
14,1,-1.5583009719848633,0.21969307959079742,-1.525550127029419,-3.8036630153656006,0.06940465420484543,0,0.43811529874801636,1.4142135623257377,0.03093022560781381,2.7530828447197564e-05,37812.64453125,3.385506270500307e-14,22.627418518066406,4.6423299907420085e-12,512,0,0.5556768774986267,0.7775264674858442,0.3345320203822198,3.491830648272298e-05,15943.982421875,8.43427617289586e-15,43.593387603759766,9.94942380568988e-13,512,1594.398193359375,0.27189695835113525,1.0,1.0,0.09191998094320297,0.42836400866508484,0.8796877264976501,0.4869500696659088,0.74364173412323,4.999999873689376e-05,0.2676871716976166,0.0,1.0,1.0,512,0.0001,0.8551665544509888,725.61,1.1,1630,0.795681357383728,87.13214111328125,4.6423299907420085e-12,0,0.6283922791481018,0.1,236.0661163330078,1.0,0.7956812977790833,full_shared_detggn_blockdiag_bxb,torch.float64,1.720323439258209e-07,3.385506270500307e-14,4.6423299907420085e-12,two_independent_raw_bxb_fp64_jacobi_cholesky,1024,0.11744651198387146,-0.022364411503076553,0.3711685538291931,0.0001,209,860160,538.4208670621738,860160,1.0,1e-06,paper_sgd_momentum_1e-6,5.654468536376953,0.17482459545135498,0.7111867666244507,4.045442581176758,0.7307500243186951,-1.4897998571395874,0.09923402965068817
14,1,-1.6172761917114258,0.21119701862335205,-1.5788568258285522,-4.514179706573486,0.11996300518512726,0,0.5541066527366638,1.4142135623652028,0.040204592607642,2.9966255169711076e-05,36929.74609375,8.857467784522352e-14,22.627416610717773,1.100201477624473e-11,512,0,0.4986456334590912,0.7419443067829761,0.33538013098484915,2.6966905352310278e-05,16837.09375,1.8516510670331017e-14,27.002290725708008,1.4596726182817056e-12,512,1683.7093505859375,0.5412772297859192,1.0,1.0,0.11706516891717911,0.5415993928909302,1.1463910341262817,0.47243863344192505,0.9031285047531128,4.999999873689376e-05,0.15952801704406738,0.0,1.0,1.0,512,0.0001,0.9318337440490723,798.88,1.1,1629,0.9245509505271912,89.74130249023438,1.100201477624473e-11,0,0.5408030152320862,0.1,309.98980712890625,1.0,0.9245510101318359,full_shared_detggn_blockdiag_bxb,torch.float64,1.3123225528488547e-07,8.857467784522352e-14,1.100201477624473e-11,two_independent_raw_bxb_fp64_jacobi_cholesky,1024,0.07483585923910141,-0.012321566231548786,0.14240697026252747,0.0001,219,901120,564.4106560861692,901120,1.0,1e-06,paper_sgd_momentum_1e-6,3.344578504562378,0.3018781840801239,1.2222228050231934,4.05555534362793,1.0409631729125977,-1.5286239385604858,0.3174615800380707
14,1,-1.6580380201339722,0.005909313913434744,-1.6329694986343384,-4.713810443878174,0.09676646441221237,0,0.4744550287723541,1.414213562367926,0.03622734811009799,2.9050659577478655e-05,35002.984375,5.710648325767579e-14,22.627416610717773,8.143882181436342e-12,512,0,0.45150452852249146,0.701669294133068,0.3000440006479386,2.7645412046695128e-05,20417.763671875,1.3527737750243115e-14,35.56646728515625,1.2066645781393983e-12,512,2041.7764892578125,0.5552057027816772,1.0,1.0,0.08485880494117737,0.4668046236038208,1.1095844507217407,0.420702189207077,0.7954668998718262,5.0000002374872565e-05,0.16390860080718994,0.0,1.0,1.0,512,0.0001,0.7449630498886108,777.74,1.4,1541,0.8165994882583618,90.968017578125,8.143882181436342e-12,0,0.6122953295707703,0.1,203.13307189941406,1.0,0.816599428653717,full_shared_detggn_blockdiag_bxb,torch.float64,1.705220853409628e-07,5.710648325767579e-14,8.143882181436342e-12,two_independent_raw_bxb_fp64_jacobi_cholesky,1024,0.06820641458034515,-0.010938864201307297,0.24706512689590454,0.0001,229,942080,590.2187829022296,942080,1.0,1e-06,paper_sgd_momentum_1e-6,3.006268262863159,0.16137658059597015,1.2851917743682861,3.8931403160095215,1.263491153717041,-1.5617660284042358,0.17214293777942657
14,1,-1.680604338645935,0.2969265878200531,-1.6304689645767212,-4.2639055252075195,0.09785867482423782,0,0.4758691191673279,1.4142135623683707,0.03720618274536681,3.0865197913954034e-05,22546.978515625,3.257138572274969e-14,22.627416610717773,3.9892294966318426e-12,512,0,0.4976406395435333,0.7396084680143769,0.2847404510725214,3.2277315767714754e-05,16278.77734375,3.3472101590421634e-14,23.456886291503906,1.4963107357616243e-12,512,1627.877685546875,0.2537098228931427,1.0,1.0,0.10719219595193863,0.46363914012908936,0.9869009256362915,0.4697929918766022,0.7455398440361023,4.999999873689376e-05,0.16413632035255432,0.0,1.0,1.0,512,0.0001,0.5357001423835754,864.69,1.0,1619,0.7708829641342163,44.739646911621094,3.9892294966318426e-12,0,0.6486068964004517,0.1,40.901634216308594,1.0,0.7708829641342163,full_shared_detggn_blockdiag_bxb,torch.float64,9.410780421603704e-08,3.3472101590421634e-14,3.9892294966318426e-12,two_independent_raw_bxb_fp64_jacobi_cholesky,1024,0.06652198731899261,0.0007109642028808594,0.10746592283248901,0.0001,239,983040,615.5739060384221,983040,1.0,1e-06,paper_sgd_momentum_1e-6,5.843196868896484,0.11720146983861923,0.6410757303237915,3.7801332473754883,0.6297335624694824,-1.5883419513702393,0.1573054939508438
14,1,-1.6848026514053345,-1.18672776222229,-1.6053532361984253,-3.5275838375091553,0.03977002203464508,0,0.5692380666732788,1.4140682626130145,0.02891222996492671,3.7488578527700156e-05,41955.203125,7.197477075422121e-14,22.627416610717773,1.3713834034773807e-11,512,0,0.3244553208351135,0.7284894283166637,0.3634855198830602,2.1367806766647846e-05,18146.2578125,5.4267990152168625e-15,22.199989318847656,7.554164032614119e-13,512,1814.625732421875,0.3982425332069397,1.0,1.0,0.12241866439580917,0.5559187531471252,1.9372872114181519,0.286957323551178,0.7338220477104187,4.999999873689376e-05,0.15141578018665314,0.0,1.0,1.0,512,0.0001,1.1448458433151245,938.71,0.7,1623,0.759215235710144,140.61614990234375,1.3713834034773807e-11,0,0.6585747003555298,0.1,715.2198486328125,1.0,0.7592152953147888,full_shared_detggn_blockdiag_bxb,torch.float64,3.04940641626672e-07,7.197477075422121e-14,1.3713834034773807e-11,two_independent_raw_bxb_fp64_jacobi_cholesky,1024,0.04950788989663124,0.0009945854544639587,0.09625771641731262,0.0001,249,1024000,640.9917829483747,1024000,1.0,1e-06,paper_sgd_momentum_1e-6,4.29386568069458,0.47221049666404724,0.2288367599248886,0.6125802993774414,0.2259274125099182,-1.6302827596664429,0.024059677496552467
14,1,-1.7532237768173218,-1.317478060722351,-1.682742714881897,-3.5637497901916504,0.05364098772406578,0,0.46172329783439636,1.4142112399782063,0.05445004151245334,3.635859320638701e-05,40968.078125,1.019415463390678e-13,22.627412796020508,1.319609047833012e-11,512,0,0.3320019543170929,0.7384698487980009,0.3864317249878236,2.6143632567254826e-05,18125.9765625,1.0034472501923175e-14,22.96003532409668,1.2315597723341475e-12,512,1812.5977783203125,0.2601467967033386,1.0,1.0,0.10733598470687866,0.4490739405155182,1.591353178024292,0.2821962833404541,0.6008822321891785,4.999999873689376e-05,0.17490161955356598,0.0,1.0,1.0,512,0.0001,1.0144569873809814,966.28,0.5,1630,0.6349575519561768,57.370601654052734,1.319609047833012e-11,0,0.7874541878700256,0.1,351.22998046875,1.0,0.6349575519561768,full_shared_detggn_blockdiag_bxb,torch.float64,1.778729910029142e-07,1.019415463390678e-13,1.319609047833012e-11,two_independent_raw_bxb_fp64_jacobi_cholesky,1024,0.07440633326768875,-0.0006212200969457626,0.10296157002449036,0.0001,259,1064960,667.0405390751548,1064960,1.0,1e-06,paper_sgd_momentum_1e-6,2.3358280658721924,0.30247893929481506,-0.1696683019399643,0.2276771366596222,-0.14279767870903015,-1.6684962511062622,0.044514402747154236
14,1,-1.7241929769515991,0.15677586197853088,-1.725007176399231,-3.3157248497009277,0.036757320165634155,0,0.5043598413467407,1.4136566315830117,0.030126217174515472,2.8263328204047866e-05,33669.05078125,7.573924535745126e-14,22.62741470336914,9.719855249822992e-12,512,0,0.47455087304115295,0.7727810780298946,0.3280118684378202,2.6592892027110793e-05,17637.802734375,1.8887642905321643e-14,19.350818634033203,7.7738669298963e-13,512,1763.7802734375,0.6612545847892761,1.0,1.0,0.07482778280973434,0.49877816438674927,1.110148549079895,0.44928959012031555,0.8758858442306519,5.0000002374872565e-05,0.15276573598384857,0.0,1.0,1.0,512,0.0001,1.1143156290054321,976.64,0.4,1619,0.8922513723373413,95.51203918457031,9.719855249822992e-12,0,0.560380220413208,0.1,100.3678970336914,1.0,0.8922513723373413,full_shared_detggn_blockdiag_bxb,torch.float64,1.4996631136909855e-07,7.573924535745126e-14,9.719855249822992e-12,two_independent_raw_bxb_fp64_jacobi_cholesky,1024,0.06729069352149963,-0.010538572445511818,0.07313556969165802,0.0001,269,1105920,692.8674510251731,1105920,1.0,1e-06,paper_sgd_momentum_1e-6,4.814002990722656,0.3494223952293396,-0.23368042707443237,3.899503469467163,-0.24374552071094513,-1.6888189315795898,0.10034541040658951
14,1,-1.7618030309677124,-0.11884626746177673,-1.7631562948226929,-3.914799690246582,0.060293957591056824,0,0.5215855240821838,1.4142128152206976,0.017151426782596246,0.0002572497178334743,18457.37109375,6.398385616337261e-14,22.627416610717773,5.355465694542989e-12,512,0,0.4712637960910797,0.7390037393570309,0.3007581196282914,0.0002324306988157332,24242.49609375,1.013104560180742e-14,40.219024658203125,1.411740511114946e-12,512,2424.24951171875,0.200368270277977,1.0,1.0,0.1336263120174408,0.5041780471801758,1.2193329334259033,0.4134867787361145,0.7236502170562744,0.000379687495296821,0.22609344124794006,0.0,1.0,1.0,512,0.0007593750000000001,0.5053454637527466,881.67,0.6,1625,0.7698335647583008,24.721834182739258,5.355465694542989e-12,0,0.6494909524917603,0.1,574.992919921875,1.0,0.7698336839675903,full_shared_detggn_blockdiag_bxb,torch.float64,3.006834276675363e-06,6.398385616337261e-14,5.355465694542989e-12,two_independent_raw_bxb_fp64_jacobi_cholesky,1024,0.047603100538253784,0.056903738528490067,0.31593167781829834,0.0005062500000000001,279,1146880,718.1696341331117,1146880,1.0,1e-06,paper_sgd_momentum_1e-6,10.0,0.3188988268375397,0.2912640869617462,3.943005084991455,0.02415555715560913,-1.7179147005081177,0.380221962928772
14,1,-1.8448641300201416,-0.8573185801506042,-1.8499037027359009,-4.914308547973633,0.17968277633190155,0,0.5667822360992432,1.4141525301241897,0.030545412224930662,3.240580917918123e-05,68231.5,2.226923643404195e-13,22.627416610717773,2.1930756077628357e-11,512,0,0.43684300780296326,0.6645846868105327,0.2625617985690693,2.4976527129183523e-05,33259.578125,5.1012602328932096e-14,24.23114776611328,2.014444104480874e-12,512,3325.9580078125,0.5102867484092712,1.0,1.0,0.11506656557321548,0.5549790859222412,1.3602157831192017,0.4080081284046173,0.8527374267578125,5.0000002374872565e-05,0.15608073770999908,0.0,1.0,1.0,512,0.0001,0.9812483787536621,811.26,0.9,1620,0.8745070695877075,61.39118194580078,2.1930756077628357e-11,0,0.5717506408691406,0.1,74.89398193359375,1.0,0.8745071291923523,full_shared_detggn_blockdiag_bxb,torch.float64,1.0034352015964032e-07,2.226923643404195e-13,2.1930756077628357e-11,two_independent_raw_bxb_fp64_jacobi_cholesky,1024,0.06541504710912704,-0.022416744381189346,0.11467746645212173,0.0001,289,1187840,743.8097423673607,1187840,1.0,1e-06,paper_sgd_momentum_1e-6,3.132920980453491,0.18376806378364563,1.4404096603393555,4.855582237243652,1.44326651096344,-1.747269868850708,0.17032870650291443
14,1,-1.834646224975586,-0.7262902855873108,-1.8365684747695923,-5.430652618408203,0.053765200078487396,0,0.6482232213020325,1.4142081433069131,0.03350758027511536,3.3807053114287555e-05,53773.1796875,1.5763295212973922e-13,22.62741470336914,1.562460028094483e-11,512,0,0.47682878375053406,0.6099864214224355,0.23882025946288074,2.486824814695865e-05,34941.6796875,1.1404259432006118e-14,14.182062149047852,1.3779569886443464e-12,512,3494.16796875,0.43929681181907654,1.0,1.0,0.12628531455993652,0.6358029246330261,1.4068561792373657,0.4519317150115967,0.9381116032600403,4.999999873689376e-05,0.15206383168697357,0.0,1.0,1.0,512,0.0001,0.789986789226532,722.77,1.2,1423,0.9587100148200989,57.795597076416016,1.562460028094483e-11,0,0.5215341448783875,0.1,1024.556396484375,1.0,0.9587100148200989,full_shared_detggn_blockdiag_bxb,torch.float64,7.860138850901421e-08,1.5763295212973922e-13,1.562460028094483e-11,two_independent_raw_bxb_fp64_jacobi_cholesky,1024,0.04740703105926514,0.005444828420877457,0.03928337246179581,0.0001,299,1228800,769.8358736732043,1228800,1.0,1e-06,paper_sgd_momentum_1e-6,2.155956506729126,0.32998231053352356,1.7428078651428223,3.832646131515503,1.8547265529632568,-1.7618284225463867,0.15024566650390625
14,1,-1.8783419132232666,-0.5420374274253845,-1.836799144744873,-5.474294185638428,0.11244403570890427,0,0.5350183248519897,1.414213386171794,0.038897838215603275,0.002019002102315426,41964.1796875,2.0294080872960523e-13,22.627416610717773,2.0260124020662154e-11,512,0,0.3988487124443054,0.6060019836152118,0.25517472021094445,0.001505137886852026,32830.4375,2.7638649187766395e-14,36.92256164550781,2.168473339496475e-12,512,3283.0439453125,0.32435232400894165,1.0,1.0,0.12700890004634857,0.5197242498397827,1.404792070388794,0.36996525526046753,0.7385225892066956,0.002883251989260316,0.14901678264141083,0.0,1.0,1.0,512,0.00576650390625,0.714002788066864,696.75,1.3,1622,0.7640371918678284,50.045074462890625,2.0260124020662154e-11,0,0.654418408870697,0.1,439.54046630859375,1.0,0.7640371918678284,full_shared_detggn_blockdiag_bxb,torch.float64,0.00035634241066873074,2.0294080872960523e-13,2.0260124020662154e-11,two_independent_raw_bxb_fp64_jacobi_cholesky,1024,0.01841127499938011,-0.004183500073850155,0.26626473665237427,0.00576650390625,309,1269760,795.3029757682234,1269760,1.0,1e-06,paper_sgd_momentum_1e-6,1.7750765085220337,0.43774425983428955,1.480100393295288,3.7289674282073975,1.6713578701019287,-1.7696359157562256,0.2941311001777649
14,1,-1.8621355295181274,-1.5348175764083862,-1.8130273818969727,-4.980292320251465,0.09565626084804535,0,0.47803395986557007,1.4141986990136384,0.02178829035666382,3.249187648179941e-05,66008.125,2.207056062758081e-13,22.627416610717773,2.6430621482039156e-11,512,0,0.3845052719116211,0.6254773355501763,0.2667854380217371,2.613474862300791e-05,28778.23046875,2.8128687692351582e-14,23.4986629486084,1.8324128356631294e-12,512,2877.8232421875,0.4482349455356598,1.0,1.0,0.09964621067047119,0.46753302216529846,1.3573638200759888,0.3444419503211975,0.7085226774215698,4.999999509891495e-05,0.17089200019836426,0.0,1.0,1.0,512,0.0001,1.1836652755737305,788.05,0.7,1621,0.7356206774711609,80.62567138671875,2.6430621482039156e-11,0,0.67969810962677,0.1,129.69277954101562,1.0,0.7356206774711609,full_shared_detggn_blockdiag_bxb,torch.float64,1.862410528019609e-07,2.207056062758081e-13,2.6430621482039156e-11,two_independent_raw_bxb_fp64_jacobi_cholesky,1024,0.11973875761032104,-0.029308637604117393,0.10784906148910522,0.0001,319,1310720,820.7578333970159,1310720,1.0,1e-06,paper_sgd_momentum_1e-6,7.408290863037109,0.3572086691856384,1.2885146141052246,1.5468519926071167,1.349161982536316,-1.7476621866226196,0.10291200131177902
14,1,-1.8317413330078125,-1.3728039264678955,-1.7815691232681274,-4.658517360687256,0.07874114066362381,0,0.5071957111358643,1.4142117515849764,0.04208658085270239,3.488123547867872e-05,62521.8828125,1.1694736364439869e-13,22.627416610717773,2.3348139647712134e-11,512,0,0.3346516788005829,0.6386041366500113,0.2808621247025059,2.301491258549504e-05,27094.2578125,6.89607745380684e-14,32.06787109375,2.5232039066497754e-12,512,2709.425537109375,0.4693719446659088,1.0,1.0,0.09326536953449249,0.49854692816734314,1.592115044593811,0.3131349980831146,0.7112939953804016,4.999999873689376e-05,0.11806026846170425,0.0,1.0,1.0,512,0.0001,0.923437237739563,850.92,0.5,1624,0.7270321846008301,176.5675048828125,2.3348139647712134e-11,0,0.6877273917198181,0.1,33.115997314453125,1.0,0.7270322442054749,full_shared_detggn_blockdiag_bxb,torch.float64,4.1755473034754687e-07,1.1694736364439869e-13,2.3348139647712134e-11,two_independent_raw_bxb_fp64_jacobi_cholesky,1024,0.07101841270923615,-0.018318524584174156,0.2008492648601532,0.0001,329,1351680,846.2891852781177,1351680,1.0,1e-06,paper_sgd_momentum_1e-6,3.244974374771118,0.31454941630363464,1.1511054039001465,1.6109594106674194,1.1665003299713135,-1.7400044202804565,0.08529525995254517
14,1,-1.867620825767517,-0.588167667388916,-1.8282510042190552,-4.680779933929443,0.08813266456127167,0,0.4739270806312561,1.4142134430368734,0.03313198510618015,3.079976522712968e-05,40535.359375,4.4686166596484235e-14,22.627418518066406,1.0802335232680502e-11,512,0,0.40628582239151,0.6386861974696373,0.2782673660618431,2.6403866286273114e-05,25580.41796875,3.991663175481087e-14,25.59372329711914,2.013081061675198e-12,512,2558.041748046875,0.5251938700675964,1.0,1.0,0.07231956720352173,0.4683767259120941,1.253210186958313,0.3737415671348572,0.7492072582244873,4.999999509891495e-05,0.15932811796665192,0.0,1.0,1.0,512,0.0001,0.7147785425186157,914.64,0.3,1622,0.7693679332733154,254.1902618408203,1.0802335232680502e-11,0,0.649884045124054,0.1,77.4129409790039,1.0,0.7693679928779602,full_shared_detggn_blockdiag_bxb,torch.float64,5.367853077586915e-07,4.4686166596484235e-14,1.0802335232680502e-11,two_independent_raw_bxb_fp64_jacobi_cholesky,1024,0.056683629751205444,-0.020753689110279083,0.12793725728988647,0.0001,339,1392640,872.2882681172341,1392640,1.0,1e-06,paper_sgd_momentum_1e-6,3.264209747314453,0.16734260320663452,0.8758744597434998,1.2954083681106567,1.0226819515228271,-1.7620205879211426,0.2064870148897171
14,1,-1.849881649017334,-1.3094686269760132,-1.848043441772461,-4.370652198791504,0.05190591514110565,0,0.5453576445579529,1.4142134503726012,0.022239206021574306,3.621149517130107e-05,56439.17578125,9.681544691310239e-14,22.62741470336914,1.2976735384671486e-11,512,0,0.3276371657848358,0.6196452125937907,0.2717930058691747,2.175495683331974e-05,28684.107421875,2.66057584116871e-14,17.64529800415039,1.0496712097715534e-12,512,2868.41064453125,0.4540923833847046,1.0,1.0,0.1244179755449295,0.5309756994247437,1.7813072204589844,0.29808205366134644,0.7301110029220581,5.0000002374872565e-05,0.135989710688591,0.0,1.0,1.0,512,0.0001,0.909149169921875,948.96,0.2,1623,0.7530173659324646,74.23135375976562,1.2976735384671486e-11,0,0.6639953851699829,0.1,26.945058822631836,1.0,0.7530173063278198,full_shared_detggn_blockdiag_bxb,torch.float64,1.6363925681162073e-07,9.681544691310239e-14,1.2976735384671486e-11,two_independent_raw_bxb_fp64_jacobi_cholesky,1024,0.09280811250209808,-0.0448773168027401,0.06081182137131691,0.0001,349,1433600,897.9860174329951,1433600,1.0,1e-06,paper_sgd_momentum_1e-6,7.575808525085449,0.35938453674316406,0.7902108430862427,1.1680512428283691,0.8060129880905151,-1.7931746244430542,0.030125120654702187
14,1,-1.8497695922851562,-1.36884605884552,-1.8194345235824585,-2.943265438079834,0.018496088683605194,0,0.5150241255760193,1.4142102337374514,0.019195202270445202,3.568078682292253e-05,67194.078125,9.681952996581517e-14,22.62741470336914,2.0465115155512054e-11,512,0,0.3525415062904358,0.6681588945482897,0.28772661450452497,2.4424018192803487e-05,28039.5078125,1.0712148746754082e-14,39.226593017578125,8.637796254803415e-13,512,2803.95068359375,0.3616587817668915,1.0,1.0,0.1442173719406128,0.4944200813770294,1.624381184577942,0.30437442660331726,0.6844164729118347,4.999999509891495e-05,0.17788122594356537,0.0,1.0,1.0,512,0.0001,1.1538760662078857,943.7,0.3,1629,0.7217106223106384,171.73570251464844,2.0465115155512054e-11,0,0.692798376083374,0.1,93.57962036132812,1.0,0.7217106819152832,full_shared_detggn_blockdiag_bxb,torch.float64,4.1213951362806256e-07,9.681952996581517e-14,2.0465115155512054e-11,two_independent_raw_bxb_fp64_jacobi_cholesky,1024,0.11790452897548676,0.0010521523654460907,0.30053234100341797,0.0001,359,1474560,923.5218242141418,1474560,1.0,1e-06,paper_sgd_momentum_1e-6,7.1994853019714355,0.15813055634498596,-0.6018618941307068,-0.222727432847023,-0.6017971634864807,-1.8170232772827148,0.015522032044827938
14,1,-1.915037751197815,-1.321811556816101,-1.8849914073944092,-3.899658441543579,0.03899146243929863,0,0.5686728358268738,1.4142135317885351,0.02722320024562053,3.858712807414122e-05,70697.9296875,6.775041270330422e-14,22.62741470336914,1.6764300205586852e-11,512,0,0.28875499963760376,0.6196431344091242,0.25711913022701294,1.959338624146767e-05,31031.88671875,4.2002435073400864e-14,13.99588680267334,1.4725181425162638e-12,512,3103.1884765625,0.41474151611328125,1.0,1.0,0.12346100062131882,0.5551092028617859,2.073975086212158,0.2676547169685364,0.7183260321617126,5.0000002374872565e-05,0.1083531305193901,0.0,1.0,1.0,512,0.0001,0.9312987923622131,896.89,0.6,1431,0.7368685603141785,258.0943603515625,1.6764300205586852e-11,0,0.6785470843315125,0.1,50.63502883911133,1.0,0.7368685603141785,full_shared_detggn_blockdiag_bxb,torch.float64,5.941669769526925e-07,6.775041270330422e-14,1.6764300205586852e-11,two_independent_raw_bxb_fp64_jacobi_cholesky,1024,0.07948778569698334,-0.010221458971500397,0.03825875371694565,0.0001,369,1515520,949.678923022002,1515520,1.0,1e-06,paper_sgd_momentum_1e-6,4.46278190612793,0.10000000149011612,0.08707233518362045,0.5180886387825012,0.16364504396915436,-1.838928461074829,0.07536515593528748
14,1,-1.9317548274993896,-1.5344854593276978,-1.8967458009719849,-3.9374594688415527,0.05064304172992706,0,0.5504823327064514,1.41421355034222,0.029552124002834683,3.162689245073125e-05,50775.7265625,1.172585975859874e-13,22.627416610717773,1.2795972723055128e-11,512,0,0.417411744594574,0.6144470167840779,0.25973542981841685,2.3981579943210818e-05,29435.845703125,2.1429233612962035e-14,15.069266319274902,1.3331833866894281e-12,512,2943.584716796875,0.609537661075592,1.0,1.0,0.11786027252674103,0.5377171635627747,1.3326045274734497,0.40350842475891113,0.8556140065193176,4.999999873689376e-05,0.1068340316414833,0.0,1.0,1.0,512,0.0001,0.8209496736526489,867.34,0.5,1620,0.8702757358551025,58.56195831298828,1.2795972723055128e-11,0,0.5745305418968201,0.1,194.27685546875,1.0,0.8702757358551025,full_shared_detggn_blockdiag_bxb,torch.float64,9.665222222565717e-08,1.172585975859874e-13,1.2795972723055128e-11,two_independent_raw_bxb_fp64_jacobi_cholesky,1024,0.08183826506137848,0.0005460195243358612,0.044352106750011444,0.0001,379,1556480,975.0035560564138,1556480,1.0,1e-06,paper_sgd_momentum_1e-6,5.1091790199279785,0.26185980439186096,-0.09069275110960007,0.1856376975774765,-0.053349077701568604,-1.8605483770370483,0.04755968227982521
14,1,-1.9243409633636475,-1.5948928594589233,-1.9110440015792847,-3.839503049850464,0.01817822828888893,0,0.34883561730384827,1.4142135617451368,0.028693841992468126,2.773850064841099e-05,19505.33203125,5.22336700454055e-14,22.627412796020508,5.924684769050952e-12,512,0,0.46307069063186646,0.5900518547307773,0.24163461875554307,3.68221772077959e-05,27241.75,1.0256827888388594e-14,12.893272399902344,1.0342875915580308e-12,512,2724.175048828125,0.18342755734920502,1.0,1.0,0.11000718921422958,0.3310357928276062,0.8414003849029541,0.3934343159198761,0.5688896179199219,4.999999873689376e-05,0.24422100186347961,0.0,1.0,1.0,512,0.0001,0.3647337555885315,790.89,0.3,1628,0.6287932395935059,43.02747344970703,5.924684769050952e-12,0,0.7951740026473999,0.1,300.71917724609375,1.0,0.6287931799888611,full_shared_detggn_blockdiag_bxb,torch.float64,1.3603171566956007e-07,5.22336700454055e-14,5.924684769050952e-12,two_independent_raw_bxb_fp64_jacobi_cholesky,1024,0.08100968599319458,-0.034880124032497406,0.03246805816888809,0.0001,389,1597440,1000.6146209663711,1597440,1.0,1e-06,paper_sgd_momentum_1e-6,5.506645202636719,0.12754182517528534,0.12226369976997375,0.35246679186820984,0.10173153132200241,-1.8699954748153687,0.050371766090393066
14,1,-1.916944980621338,-1.523283839225769,-1.8966596126556396,-3.240443706512451,0.02112218737602234,0,0.440054327249527,1.4142135537431093,0.02939022258464867,3.6224842915544286e-05,59552.12890625,5.3632208356768164e-14,22.62741470336914,1.268847554578538e-11,512,0,0.3514339029788971,0.5721606104827895,0.24786267717780208,2.8929696782142855e-05,31307.7109375,6.4555392662257456e-15,17.44143295288086,9.904027736804564e-13,512,3130.77099609375,0.16738636791706085,1.0,1.0,0.12110470980405807,0.4230619966983795,1.4514521360397339,0.29147499799728394,0.5618823170661926,4.999999873689376e-05,0.19633664190769196,0.0,1.0,1.0,512,0.0001,0.8123260736465454,748.82,0.2,1627,0.6073929071426392,167.0770721435547,1.268847554578538e-11,0,0.8231903314590454,0.1,612.1389770507812,1.0,0.6073929667472839,full_shared_detggn_blockdiag_bxb,torch.float64,5.660923534378526e-07,5.3632208356768164e-14,1.268847554578538e-11,two_independent_raw_bxb_fp64_jacobi_cholesky,1024,0.09171304106712341,-0.0012681921944022179,0.05941477417945862,0.0001,399,1638400,1026.0554327722639,1638400,1.0,1e-06,paper_sgd_momentum_1e-6,5.299884796142578,0.18432992696762085,-0.7654988765716553,-0.49257931113243103,-0.7750351428985596,-1.8675298690795898,0.027921145781874657
14,1,-1.8749806880950928,-1.4541853666305542,-1.856355905532837,-3.4930155277252197,0.027818303555250168,0,0.5289228558540344,1.414213417420008,0.021921037275539405,3.374826701474376e-05,42444.04296875,7.323464603291372e-14,22.62741470336914,1.1115305938097725e-11,512,0,0.45157793164253235,0.6272169129736508,0.2468810728719466,2.881322507164441e-05,31822.8046875,2.3555595199102138e-14,27.115821838378906,1.299039379100362e-12,512,3182.280517578125,0.2729608118534088,1.0,1.0,0.14101530611515045,0.5097784996032715,1.2974523305892944,0.3929072916507721,0.7379997372627258,5.0000002374872565e-05,0.22259043157100677,0.0,1.0,1.0,512,0.0001,0.5112941265106201,776.28,0.1,1624,0.7836296558380127,119.57827758789062,1.1115305938097725e-11,0,0.6380565166473389,0.1,51.379547119140625,1.0,0.7836296558380127,full_shared_detggn_blockdiag_bxb,torch.float64,2.4341122184523556e-07,7.323464603291372e-14,1.1115305938097725e-11,two_independent_raw_bxb_fp64_jacobi_cholesky,1024,0.05476647615432739,0.011375965550541878,0.1436069905757904,0.0001,409,1679360,1051.9869146971032,1679360,1.0,1e-06,paper_sgd_momentum_1e-6,10.0,0.10000000149011612,-1.105428695678711,-0.7525443434715271,-1.0240591764450073,-1.8397308588027954,0.04507904872298241
8,1,-1.7596442699432373,1.3962664604187012,-1.7761150598526,-2.6725211143493652,0.046884238719940186,0,0.3126499652862549,1.4142124872274096,0.037491789036318085,2.863004192477092e-05,26308.876953125,1.1507750510189944e-14,22.62741470336914,3.0683776157081e-12,512,0,0.38591715693473816,0.5706078140346227,0.2319087076970192,3.533927883836441e-05,44593.46875,5.0754708265248405e-14,34.7537956237793,2.328667796134901e-12,512,4459.3466796875,0.21321944892406464,1.0,1.0,0.08967125415802002,0.2995147109031677,0.9029124975204468,0.33172065019607544,0.5011990666389465,4.999999873689376e-05,0.1972142457962036,0.0,1.0,1.0,512,0.0001,0.11806808412075043,736.15,0.6,1625,0.5460172295570374,177.84300231933594,3.0683776157081e-12,0,0.9157218933105469,0.1,145.0033416748047,1.0,0.5460172891616821,full_shared_detggn_blockdiag_bxb,torch.float64,7.456482080669957e-07,5.0754708265248405e-14,3.0683776157081e-12,two_independent_raw_bxb_fp64_jacobi_cholesky,1024,0.06958742439746857,0.020696192979812622,0.23590359091758728,0.0001,419,1720320,1077.683585413266,1720320,1.0,1e-06,paper_sgd_momentum_1e-6,2.697397470474243,0.10000000149011612,-1.5670433044433594,3.4097018241882324,-1.7423654794692993,-1.987481951713562,0.1970137506723404
8,1,-1.69606614112854,-1.3349441289901733,-1.6884231567382812,-2.8550593852996826,0.005935146939009428,0,0.2831220328807831,1.4142135476695508,0.013309595696794962,2.489384678483475e-05,7283.927734375,5.021040296533497e-15,22.627412796020508,1.3216839309270562e-12,512,0,0.44859227538108826,0.608971738963159,0.2792748031296225,3.944301715819165e-05,41804.921875,2.221958456274932e-15,35.143531799316406,9.68458687274783e-13,512,4180.4921875,0.16526567935943604,1.0,1.0,0.09912020713090897,0.26520419120788574,0.7760813236236572,0.34172216057777405,0.4786302149295807,4.999999873689376e-05,0.29062172770500183,0.0,1.0,1.0,512,0.0001,0.1177438497543335,821.87,1.0,1634,0.5686586499214172,217.80410766601562,1.3216839309270562e-12,0,0.8792620897293091,0.1,4316.064453125,1.0,0.5686586499214172,full_shared_detggn_blockdiag_bxb,torch.float64,8.419236792178708e-07,5.021040296533497e-15,1.3216839309270562e-12,two_independent_raw_bxb_fp64_jacobi_cholesky,1024,0.09722422808408737,-0.015931379050016403,0.24122419953346252,0.0001,429,1761280,1102.9738011970185,1761280,1.0,1e-06,paper_sgd_momentum_1e-6,10.0,0.10000000149011612,-1.2656229734420776,-0.5425252318382263,-1.2421795129776,-1.6801398992538452,0.029727544635534286
8,3,-1.6457874774932861,-1.09243643283844,-1.6443010568618774,-2.149771213531494,0.002427309053018689,0,0.37848997116088867,1.4141974742680496,0.02411314771836236,3.00804586004233e-05,68223.421875,8.669463029169169e-14,22.627410888671875,1.9427513515631194e-11,512,0,0.4200257360935211,0.4201629873946088,0.18938271478832142,3.3381507819285616e-05,84621.0,5.311276988425074e-15,54.25117111206055,1.6910089088352971e-12,512,8462.099609375,0.23943157494068146,1.0,1.0,0.09661069512367249,0.3659522533416748,1.00569748878479,0.3638790547847748,0.5851978659629822,5.0000002374872565e-05,0.20979426801204681,0.0,1.0,1.0,512,0.0001,0.2750813961029053,792.46,1.0,1544,0.6291294097900391,119.53990936279297,1.9427513515631194e-11,0,0.7947491407394409,0.1,2412.4013671875,1.0,0.6291293501853943,full_shared_detggn_blockdiag_bxb,torch.float64,3.7752266734969453e-07,8.669463029169169e-14,1.9427513515631194e-11,two_independent_raw_bxb_fp64_jacobi_cholesky,1024,0.05149483680725098,0.012105433270335197,0.5748417377471924,0.0001,439,1802240,1128.4128172583878,1802240,1.0,1e-06,paper_sgd_momentum_1e-6,3.4377334117889404,0.10000000149011612,-1.0618901252746582,-0.5287097096443176,-1.205427646636963,-1.6358598470687866,0.07052410393953323
8,1,-1.571927785873413,0.980771541595459,-1.6462606191635132,-5.836838245391846,0.5937965512275696,0,0.44857311248779297,1.4142135623639789,0.016708085427812082,6.336037768051028e-05,110143.109375,5.861869720776849e-13,22.627416610717773,3.952005344961564e-11,512,0,1.0790209770202637,0.3529767564380935,0.12172754470558338,0.00015241032815538347,175297.65625,4.416724516703851e-13,53.08993148803711,3.320365334826863e-11,512,17529.765625,0.0638471469283104,1.0,1.0,0.07283559441566467,0.4426203966140747,0.4398748278617859,1.0062416791915894,1.1270499229431152,0.00016875001892913133,0.3895692229270935,0.0,1.0,1.0,512,0.00033750000000000007,0.2475537657737732,109.42,3.6,1626,1.1947011947631836,143.72198486328125,3.952005344961564e-11,0,0.4185146987438202,0.1,80.89321899414062,1.0,1.1947011947631836,full_shared_detggn_blockdiag_bxb,torch.float64,1.4337130096464534e-06,5.861869720776849e-13,3.952005344961564e-11,two_independent_raw_bxb_fp64_jacobi_cholesky,1024,0.038110021501779556,0.021923992782831192,0.5504962205886841,0.00033750000000000007,449,1843200,1153.7358744191006,1843200,1.0,1e-06,paper_sgd_momentum_1e-6,4.611291885375977,0.13859005272388458,0.2350524365901947,3.5088582038879395,-0.2818686068058014,-1.6464122533798218,1.7057535648345947
8,3,-1.6674096584320068,1.2357094287872314,-1.6630672216415405,-5.5498366355896,0.16291671991348267,0,0.3714558184146881,1.414213562373095,0.009592017645417122,2.5938199541997164e-05,82044.0859375,1.3264187920536718e-13,22.627416610717773,1.75516774533995e-11,512,0,0.5169715881347656,0.23761600186415058,0.09018816119110669,3.609934719861485e-05,295299.5625,1.3496646071970876e-13,26.021276473999023,2.4956963180720215e-11,512,29529.95703125,0.27983418107032776,1.0,1.0,0.06744130700826645,0.36528220772743225,0.745103657245636,0.49024346470832825,0.6937175393104553,4.999999509891495e-05,0.16407594084739685,0.0,1.0,1.0,512,0.00010000000000000003,0.11445103585720062,172.19,4.2,1624,0.7160400152206421,90.71414184570312,2.4956963180720215e-11,0,0.6982849836349487,0.1,1282.15234375,1.0,0.7160400152206421,full_shared_detggn_blockdiag_bxb,torch.float64,2.2116191189525125e-07,1.3496646071970876e-13,2.4956963180720215e-11,two_independent_raw_bxb_fp64_jacobi_cholesky,1024,0.12460488080978394,0.028040273115038872,0.1322474181652069,0.0001,459,1884160,1179.7329858019948,1884160,1.0,1e-06,paper_sgd_momentum_1e-6,10.0,0.10000000149011612,0.25830531120300293,3.7470786571502686,0.26810213923454285,-1.6319451332092285,0.7865176796913147
8,1,-1.5151212215423584,1.292607307434082,-1.4133378267288208,-5.772889614105225,0.7648974657058716,0,0.28547391295433044,1.4142135623730951,0.014951259786385477,1.2587543096742593e-05,86705.5234375,2.7814620838741245e-13,22.627416610717773,2.6624043366908176e-11,512,0,1.0820242166519165,0.28891446087848915,0.09208759866942573,4.7710229409858584e-05,328853.9375,8.729001461383425e-13,59.71922302246094,6.330028694247678e-11,512,32885.390625,0.054355863481760025,1.0,1.0,0.0716637447476387,0.2763325273990631,0.2702416479587555,1.022538661956787,1.074953556060791,4.999999873689376e-05,0.3538234829902649,0.0,1.0,1.0,512,0.0001,0.18847954273223877,78.6,6.6,1629,1.1339540481567383,186.69390869140625,6.330028694247678e-11,0,0.4409349858760834,0.1,60.25389862060547,1.0,1.1339540481567383,full_shared_detggn_blockdiag_bxb,torch.float64,1.8148854508126533e-07,8.729001461383425e-13,6.330028694247678e-11,two_independent_raw_bxb_fp64_jacobi_cholesky,1024,0.05290789157152176,-0.007449552416801453,0.696559727191925,0.0001,469,1925120,1205.4054131503217,1925120,1.0,1e-06,paper_sgd_momentum_1e-6,2.530895233154297,0.20623114705085754,1.7493520975112915,3.4358484745025635,1.82169771194458,-1.6339842081069946,1.4550715684890747
8,3,-1.7065399885177612,-0.636803925037384,-1.6799228191375732,-5.855727195739746,0.05138139799237251,0,0.09624143689870834,1.4142135623730951,0.035840006132205636,9.624143785913475e-06,25923.76953125,9.25199566801318e-15,22.627416610717773,1.665892132348689e-12,512,0,0.2785649299621582,0.15810831688729288,0.05602552233305309,2.78564930340508e-05,544002.25,3.87444189368193e-14,31.87152862548828,1.3992413001381003e-11,512,54400.22265625,-0.0012130660470575094,1.0,1.0,0.033839136362075806,0.09009621292352676,0.34382978081703186,0.2620372474193573,0.27697619795799255,2.9461123631335795e-05,0.09452454745769501,0.0,1.0,1.0,512,0.0001,0.0026522416155785322,214.83,4.3,1620,0.29461124539375305,47.04250717163086,1.3992413001381003e-11,0,1.0,0.1,2544.410888671875,1.0,0.29461124539375305,full_shared_detggn_blockdiag_bxb,torch.float64,2.3521251080182992e-07,3.87444189368193e-14,1.3992413001381003e-11,two_independent_raw_bxb_fp64_jacobi_cholesky,1024,0.09007412195205688,-0.00897747091948986,0.19839733839035034,0.0001,479,1966080,1230.9428069950081,1966080,1.0,1e-06,paper_sgd_momentum_1e-6,2.7720460891723633,0.10000000149011612,2.9829952716827393,4.571797847747803,2.633301258087158,-1.5961304903030396,0.5964123606681824
14,0,-1.7480583190917969,-1.3023914098739624,-1.6488133668899536,-4.806839942932129,0.16227218508720398,0,0.42661839723587036,1.0449745768570644,0.17028247554725823,0.00012718013022094965,2627.90625,3.019841470716904e-14,22.62741470336914,1.285377384682385e-12,512,0,0.36842724680900574,1.1208154334588027,0.9921541755696461,0.00010983264655806124,1786.2412109375,5.6312603496286065e-15,28.979324340820312,2.5656213994557275e-13,512,178.62411499023438,0.008539414033293724,1.0,1.0,0.15811358392238617,0.39623644948005676,1.3563241958618164,0.2921399176120758,0.49500858783721924,0.00016874998982530087,0.2244836539030075,0.0,1.0,1.0,512,0.00033750000000000007,1.3013255596160889,571.04,2.2,1624,0.5660620927810669,3.458251476287842,1.285377384682385e-12,0,0.8832952976226807,0.1,28.141555786132812,1.0,0.5660620927810669,full_shared_detggn_blockdiag_bxb,torch.float64,1.5366889272172557e-07,3.019841470716904e-14,1.285377384682385e-12,two_independent_raw_bxb_fp64_jacobi_cholesky,1024,0.04172341525554657,-0.007471058517694473,0.16402368247509003,0.00022500000000000005,489,2007040,1256.9050279189833,2007040,1.0,1e-06,paper_sgd_momentum_1e-6,2.8565127849578857,0.36170363426208496,1.2489374876022339,1.5822288990020752,1.354359745979309,-1.5826098918914795,0.16654595732688904
14,0,-1.6726751327514648,-0.7570233941078186,-1.6484702825546265,-5.414099216461182,0.07580205798149109,0,0.4840693175792694,1.4137491362863919,0.16527327682495774,0.00012474240793380886,4203.85888671875,2.3518000332978735e-14,22.62741470336914,1.038672105124643e-12,512,0,0.3698263168334961,1.096140056273637,0.7747331777431327,9.530252282274887e-05,2217.884521484375,5.232154266791768e-15,27.24932098388672,1.8756193464577096e-13,512,221.7884521484375,0.16122272610664368,1.0,1.0,0.14089933037757874,0.4631095826625824,1.5439715385437012,0.29994696378707886,0.6018000841140747,0.00016874998982530087,0.21634070575237274,0.0,1.0,1.0,512,0.00033750000000000007,1.4953258037567139,873.67,0.8,1624,0.6548429131507874,5.1993727684021,1.038672105124643e-12,0,0.7635418176651001,0.1,15.178850173950195,1.0,0.6548429727554321,full_shared_detggn_blockdiag_bxb,torch.float64,1.7263710105908103e-07,2.3518000332978735e-14,1.038672105124643e-12,two_independent_raw_bxb_fp64_jacobi_cholesky,1024,0.047186486423015594,-0.05866600200533867,0.14502449333667755,0.00022500000000000005,499,2048000,1282.6717871990986,2048000,1.0,1e-06,paper_sgd_momentum_1e-6,2.1256515979766846,0.20218315720558167,0.6877138614654541,2.9308488368988037,0.6343299746513367,-1.6030535697937012,0.12191823124885559
14,0,-1.7134687900543213,-0.9183032512664795,-1.6832386255264282,-4.352380752563477,0.05402370169758797,0,0.46654102206230164,1.3972632048353275,0.08671145721684384,0.0004121821839362383,4826.30712890625,7.09657018808624e-14,22.62741470336914,4.043934637629473e-12,512,0,0.3832564055919647,0.8962154033251126,0.6355403376113443,0.0003386014432180673,5721.564453125,6.119741355111653e-15,27.7764835357666,4.317108869461293e-13,512,572.1564331054688,0.1426597386598587,1.0,1.0,0.12987296283245087,0.44809994101524353,1.4176355600357056,0.3160896599292755,0.593062162399292,0.0005695312283933163,0.21673208475112915,0.0,1.0,1.0,512,0.0011390625,0.7396284341812134,779.6,1.6,1624,0.6446413397789001,13.931264877319336,4.043934637629473e-12,0,0.7756251096725464,0.1,101.12727355957031,1.0,0.6446413397789001,full_shared_detggn_blockdiag_bxb,torch.float64,5.436999799712794e-06,7.09657018808624e-14,4.043934637629473e-12,two_independent_raw_bxb_fp64_jacobi_cholesky,1024,0.044553644955158234,0.024247583001852036,0.15069004893302917,0.0007593750000000001,509,2088960,1308.0346647184342,2088960,1.0,1e-06,paper_sgd_momentum_1e-6,3.781161308288574,0.32026830315589905,1.1143416166305542,1.854508399963379,1.067515254020691,-1.619726300239563,0.16216318309307098
14,0,-1.6853277683258057,-1.2415636777877808,-1.6686564683914185,-3.304211378097534,0.022029254585504532,0,0.4111717641353607,1.4140855410684678,0.11378383148780945,8.484848513035104e-05,4820.88623046875,1.6410459685191117e-14,22.62741470336914,1.6607782443553485e-12,512,0,0.2848375141620636,0.8775587629904935,0.6081590935658622,5.877843068446964e-05,5742.51611328125,4.060905874126032e-15,36.587501525878906,2.886479088176344e-13,512,574.2516479492188,0.20071963965892792,1.0,1.0,0.11567551642656326,0.39456480741500854,1.8446837663650513,0.21389292180538177,0.4984445571899414,0.00011249999806750566,0.1881016343832016,0.0,1.0,1.0,512,0.00022500000000000005,0.6455526947975159,756.96,1.5,1623,0.5451697111129761,21.59147071838379,1.6607782443553485e-12,0,0.9171456098556519,0.1,55.020347595214844,1.0,0.5451697111129761,full_shared_detggn_blockdiag_bxb,torch.float64,4.5972043949404906e-07,1.6410459685191117e-14,1.6607782443553485e-12,two_independent_raw_bxb_fp64_jacobi_cholesky,1024,0.057459551841020584,0.0055915117263793945,0.26145416498184204,0.00015000000000000004,519,2129920,1333.3822094830684,2129920,1.0,1e-06,paper_sgd_momentum_1e-6,2.753135919570923,0.10000000149011612,-0.028325337916612625,0.35838788747787476,-0.06868487596511841,-1.6354416608810425,0.05755658447742462
14,0,-1.7717170715332031,-0.8735326528549194,-1.6955705881118774,-3.8649158477783203,0.09160971641540527,0,0.5010719895362854,1.385073930805934,0.07963942099999197,0.0032825362868607044,8769.7578125,4.54155564269828e-14,22.627416610717773,3.2108791219242857e-12,512,0,0.3244554102420807,0.8842889738615132,0.5864332295503986,0.00212551630102098,5897.2275390625,2.1411271503705584e-14,21.458961486816406,5.365427623052483e-13,512,589.7227783203125,0.2444937378168106,1.0,1.0,0.12602590024471283,0.4849645793437958,1.6465052366256714,0.29454177618026733,0.6335952281951904,0.004324878100305796,0.1360751837491989,0.0,1.0,1.0,512,0.008649755859375,1.1830525398254395,842.71,1.0,1620,0.6601832509040833,14.047393798828125,3.2108791219242857e-12,0,0.7573655247688293,0.1,7.311029434204102,1.0,0.6601831912994385,full_shared_detggn_blockdiag_bxb,torch.float64,0.000301428692182526,4.54155564269828e-14,3.2108791219242857e-12,two_independent_raw_bxb_fp64_jacobi_cholesky,1024,0.039631426334381104,-0.017173264175653458,0.08993888646364212,0.008649755859375,529,2170880,1359.0372675363906,2170880,1.0,1e-06,paper_sgd_momentum_1e-6,3.1890764236450195,0.2775467336177826,0.2929074466228485,1.701911211013794,0.3094331920146942,-1.6537822484970093,0.24455353617668152
14,0,-1.7167022228240967,-0.6666256785392761,-1.7031137943267822,-3.814885377883911,0.029570266604423523,0,0.5220816135406494,1.1887814744274816,0.0922337845709604,3.2464537071064115e-05,10455.552734375,4.3390024384242794e-14,22.62741470336914,3.124900305561921e-12,512,0,0.47025954723358154,0.8816942482331696,0.5219172594589058,2.9242093660286628e-05,6053.0634765625,8.351126272179217e-15,15.44365406036377,3.5622069282470995e-13,512,605.3063354492188,0.31124716997146606,1.0,1.0,0.13231177628040314,0.5050374269485474,1.2514904737472534,0.4035487771034241,0.7554769515991211,4.999999509891495e-05,0.24143828451633453,0.0,1.0,1.0,512,0.0001,1.2371456623077393,834.86,1.3,1630,0.8040798306465149,24.2724552154541,3.124900305561921e-12,0,0.6218288540840149,0.1,56.5916748046875,1.0,0.8040797710418701,full_shared_detggn_blockdiag_bxb,torch.float64,4.692727983979239e-08,4.3390024384242794e-14,3.124900305561921e-12,two_independent_raw_bxb_fp64_jacobi_cholesky,1024,0.049063924700021744,-0.00946064479649067,0.04658329114317894,0.0001,539,2211840,1384.9444297291338,2211840,1.0,1e-06,paper_sgd_momentum_1e-6,2.3609812259674072,0.3349197208881378,0.12311840802431107,2.928022861480713,-0.019664742052555084,-1.6698012351989746,0.11386700719594955
14,0,-1.7698510885238647,-0.18690581619739532,-1.7409486770629883,-5.496041774749756,0.10907869786024094,0,0.40755319595336914,1.4141540265170793,0.09268637319583313,2.5246241420973092e-05,7318.3447265625,8.11927972110503e-15,22.627416610717773,9.140060945396798e-13,512,0,0.5310518741607666,0.8059882647808643,0.4551930316503409,3.2896474294830114e-05,9209.462890625,6.374758503169004e-15,28.34351921081543,5.989340824432543e-13,512,920.9462280273438,0.469860315322876,1.0,1.0,0.097311832010746,0.395765095949173,0.7870422005653381,0.5028511881828308,0.7828632593154907,5.0000002374872565e-05,0.17075346410274506,0.0,1.0,1.0,512,0.0001,0.5285472869873047,757.68,1.5,1623,0.8071562051773071,77.03258514404297,9.140060945396798e-13,0,0.619458794593811,0.1,341.802978515625,1.0,0.8071562051773071,full_shared_detggn_blockdiag_bxb,torch.float64,1.477982749520379e-07,8.11927972110503e-15,9.140060945396798e-13,two_independent_raw_bxb_fp64_jacobi_cholesky,1024,0.05020824447274208,-0.0020959042012691498,0.15690527856349945,0.0001,549,2252800,1410.3666405379772,2252800,1.0,1e-06,paper_sgd_momentum_1e-6,2.988363742828369,0.119153693318367,0.6358275413513184,2.927319288253784,0.6729826927185059,-1.681949257850647,0.7155275344848633
14,0,-1.7693055868148804,-0.7204211950302124,-1.747742772102356,-5.460723400115967,0.07186493277549744,0,0.5018504858016968,1.410544131176662,0.062183292026533075,2.9279051886987872e-05,13111.44921875,3.6297024255400786e-14,22.627416610717773,3.704272349424644e-12,512,0,0.48487651348114014,0.7935327820488793,0.48271851985799435,2.828875403793063e-05,9297.158203125,1.1937186176543201e-14,24.1666202545166,6.275051237348523e-13,512,929.7158813476562,0.5085816383361816,1.0,1.0,0.10822734981775284,0.4900415539741516,1.1006067991256714,0.44524669647216797,0.8281891345977783,5.0000002374872565e-05,0.19199120998382568,0.0,1.0,1.0,512,0.0001,1.099034070968628,712.59,1.8,1622,0.8570128679275513,57.850040435791016,3.704272349424644e-12,0,0.5834218263626099,0.1,108.45997619628906,1.0,0.8570128679275513,full_shared_detggn_blockdiag_bxb,torch.float64,9.845528126106728e-08,3.6297024255400786e-14,3.704272349424644e-12,two_independent_raw_bxb_fp64_jacobi_cholesky,1024,0.07518886029720306,0.009042516350746155,0.11406748741865158,0.0001,559,2293760,1435.8022240153514,2293760,1.0,1e-06,paper_sgd_momentum_1e-6,4.213015079498291,0.1834377497434616,0.27652156352996826,2.4590907096862793,0.2462851107120514,-1.6935162544250488,0.31776002049446106
14,0,-1.7869868278503418,-0.6002503037452698,-1.7647584676742554,-5.137134552001953,0.06557419896125793,0,0.4058939814567566,1.4142135623694616,0.0471792296243133,2.741059142863378e-05,9775.6796875,1.3447096981503868e-14,22.62741470336914,2.5461636638081916e-12,512,0,0.5107840299606323,0.6963690690524964,0.4174991515867738,3.449396535870619e-05,14404.51171875,2.819778553253794e-15,49.8162727355957,5.925343387350067e-13,512,1440.451171875,0.2955188453197479,1.0,1.0,0.11947738379240036,0.3879111707210541,0.9227439165115356,0.42038875818252563,0.6706252098083496,5.0000002374872565e-05,0.29012686014175415,0.0,1.0,1.0,512,0.0001,0.428280234336853,647.79,1.4,1625,0.74039626121521,189.92587280273438,2.5461636638081916e-12,0,0.6753140687942505,0.1,1330.416259765625,1.0,0.74039626121521,full_shared_detggn_blockdiag_bxb,torch.float64,4.330776164351846e-07,1.3447096981503868e-14,2.5461636638081916e-12,two_independent_raw_bxb_fp64_jacobi_cholesky,1024,0.07811468839645386,-0.006567258387804031,0.4846993684768677,0.0001,569,2334720,1461.809528117068,2334720,1.0,1e-06,paper_sgd_momentum_1e-6,4.703332901000977,0.15633679926395416,1.2354199886322021,2.905249834060669,1.2714790105819702,-1.7011833190917969,0.5742892622947693
14,0,-1.8007621765136719,-1.482456922531128,-1.7546321153640747,-5.145837783813477,0.0842786654829979,0,0.41810643672943115,1.4142111783143698,0.0441140310933217,3.151628334308043e-05,9043.34765625,3.475167727863967e-14,22.627416610717773,6.766083030206891e-12,512,0,0.44728609919548035,0.6472855177897635,0.42280854894216935,3.371580532984808e-05,11784.115234375,8.57428982598829e-15,31.634965896606445,8.981374627110838e-13,512,1178.41162109375,0.17408663034439087,1.0,1.0,0.14933015406131744,0.39052972197532654,1.0305415391921997,0.37895581126213074,0.6010274291038513,4.999999509891495e-05,0.23760758340358734,0.0,1.0,1.0,512,0.0001,0.5160771608352661,634.6,1.1,1440,0.6633180975914001,116.08180236816406,6.766083030206891e-12,0,0.7537862062454224,0.1,383.4195556640625,1.0,0.6633180379867554,full_shared_detggn_blockdiag_bxb,torch.float64,3.297846831173956e-07,3.475167727863967e-14,6.766083030206891e-12,two_independent_raw_bxb_fp64_jacobi_cholesky,1024,0.05901426449418068,-0.02124941162765026,0.19546309113502502,0.0001,579,2375680,1487.4537267889827,2375680,1.0,1e-06,paper_sgd_momentum_1e-6,6.918826103210449,0.33527669310569763,0.9714974164962769,1.7411032915115356,0.788006603717804,-1.700644850730896,0.23200665414333344
14,0,-1.7933822870254517,-1.2039716243743896,-1.7488609552383423,-3.6439106464385986,0.03599705919623375,0,0.4070572555065155,1.4133474204294827,0.0590201900915777,3.325560101075098e-05,6507.94921875,2.382089770745263e-14,22.62741470336914,3.604573070646004e-12,512,0,0.35930967330932617,0.6666543641399627,0.42818392541664074,2.9354738217080012e-05,11121.3935546875,9.79394559201251e-15,24.01169776916504,7.749609370984619e-13,512,1112.139404296875,0.2726689577102661,1.0,1.0,0.09470450133085251,0.395887166261673,1.4085489511489868,0.28106027841567993,0.5616782307624817,4.999999873689376e-05,0.22384943068027496,0.0,1.0,1.0,512,0.0001,0.3525184094905853,805.0,0.6,1622,0.612013041973114,72.13787841796875,3.604573070646004e-12,0,0.8169760704040527,0.1,199.846923828125,1.0,0.612013041973114,full_shared_detggn_blockdiag_bxb,torch.float64,2.4074208226920746e-07,2.382089770745263e-14,3.604573070646004e-12,two_independent_raw_bxb_fp64_jacobi_cholesky,1024,0.08336895704269409,-0.0455145388841629,0.11260968446731567,0.0001,589,2416640,1512.9853572132997,2416640,1.0,1e-06,paper_sgd_momentum_1e-6,5.1617937088012695,0.3188821077346802,-0.17773862183094025,0.2148417830467224,-0.14347946643829346,-1.7135692834854126,0.07581847161054611
6,0,-1.7710137367248535,-1.2877581119537354,-1.7538915872573853,-3.8532958030700684,0.021036168560385704,0,0.2999640107154846,1.4022061466246623,0.11600565724169071,2.825543560902588e-05,11094.375,8.579292762354168e-14,22.627416610717773,5.448549703149597e-12,512,0,0.42665913701057434,0.6560917722993631,0.5291503112596087,4.018961772089824e-05,11424.00390625,2.969367046955463e-15,25.197002410888672,6.687376020048693e-13,512,1142.400390625,0.03805316984653473,1.0,1.0,0.098299540579319,0.28340011835098267,0.8406025767326355,0.3371392488479614,0.45135214924812317,4.999999873689376e-05,0.2614864408969879,0.0,1.0,1.0,512,0.0001,0.4059329628944397,967.62,0.2,1569,0.530807614326477,13.176640510559082,5.448549703149597e-12,0,0.941960871219635,0.1,1032.494140625,1.0,0.530807614326477,full_shared_detggn_blockdiag_bxb,torch.float64,5.845751616107009e-08,8.579292762354168e-14,5.448549703149597e-12,two_independent_raw_bxb_fp64_jacobi_cholesky,1024,0.0825105607509613,-0.02800711616873741,0.12400174140930176,0.0001,599,2457600,1538.4611193942837,2457600,1.0,1e-06,paper_sgd_momentum_1e-6,2.365622043609619,0.40193435549736023,-0.09899221360683441,0.4076947271823883,-0.06839894503355026,-1.721734881401062,0.14249326288700104
14,0,-1.7064098119735718,-1.4056254625320435,-1.7049760818481445,-2.608454465866089,0.005103010218590498,0,0.3780643939971924,1.4125640364411984,0.0689409489533362,2.904788198065944e-05,12639.9921875,8.511946268590638e-14,22.627412796020508,5.476767295783982e-12,512,0,0.4585248827934265,0.6064702686341933,0.472480707750201,3.5229913919465616e-05,13601.3740234375,3.903398867642392e-15,24.845577239990234,4.752522301164057e-13,512,1360.137451171875,0.20280061662197113,1.0,1.0,0.1403219997882843,0.3510589897632599,1.1130335330963135,0.3154073655605316,0.541327953338623,5.0000002374872565e-05,0.332811176776886,0.0,1.0,1.0,512,0.0001,0.525875985622406,1000.0,0.0,1626,0.6507607102394104,15.10000228881836,5.476767295783982e-12,0,0.7683315873146057,0.1,310.12005615234375,1.0,0.6507607102394104,full_shared_detggn_blockdiag_bxb,torch.float64,4.4570182211600695e-08,8.511946268590638e-14,5.476767295783982e-12,two_independent_raw_bxb_fp64_jacobi_cholesky,1024,0.07256544381380081,-0.02164965681731701,0.12056692689657211,0.0001,609,2498560,1564.5807360252365,2498560,1.0,1e-06,paper_sgd_momentum_1e-6,2.7428934574127197,0.10000000149011612,-1.752023696899414,-1.5527920722961426,-1.7350687980651855,-2.9408011436462402,0.020895646885037422
14,0,-1.6994364261627197,-1.0528544187545776,-1.6914924383163452,-2.7977936267852783,0.01252331305295229,0,0.4656836986541748,1.4140730473085183,0.06709595265288686,3.407896656426601e-05,12875.626953125,8.404064244748626e-14,22.627416610717773,8.673747706237179e-12,512,0,0.38101083040237427,0.6170149616828652,0.4066019675020436,2.788256279018242e-05,12806.826171875,1.0234564727107131e-14,7.7281413078308105,4.712637639507365e-13,512,1280.682373046875,0.2952965199947357,1.0,1.0,0.07930047810077667,0.45888206362724304,1.5001176595687866,0.30589738488197327,0.6394804120063782,4.999999873689376e-05,0.2271476686000824,0.0,1.0,1.0,512,0.0001,0.6329188346862793,1000.0,0.0,1619,0.6832420825958252,37.962059020996094,8.673747706237179e-12,0,0.7318049669265747,0.1,58.04912567138672,1.0,0.68324214220047,full_shared_detggn_blockdiag_bxb,torch.float64,1.0165071984147289e-07,8.404064244748626e-14,8.673747706237179e-12,two_independent_raw_bxb_fp64_jacobi_cholesky,1024,0.059876929968595505,0.028759948909282684,0.011664875783026218,0.0001,619,2539520,1590.4008059673943,2539520,1.0,1e-06,paper_sgd_momentum_1e-6,2.626939535140991,0.15279920399188995,-0.9160902500152588,-0.396627277135849,-0.9373757243156433,-1.6762439012527466,0.016299720853567123
6,0,-1.7215758562088013,-1.3870781660079956,-1.696281909942627,-3.8494949340820312,0.030044490471482277,0,0.3225429654121399,1.4142135548025812,0.0756755567666411,2.3359127226285636e-05,8982.474609375,2.1482337745962636e-14,22.62741470336914,3.16973626400734e-12,512,0,0.524722158908844,0.6153511680522435,0.4789032251748898,3.8001297070877627e-05,14581.828125,5.006764837384312e-15,29.892026901245117,6.610808247171414e-13,512,1458.182861328125,0.28740882873535156,1.0,1.0,0.09101410210132599,0.30943563580513,0.7119647860527039,0.4346221089363098,0.6180065274238586,4.999999873689376e-05,0.29400163888931274,0.0,1.0,1.0,512,0.0001,0.3487221598625183,1000.0,0.0,1607,0.690400242805481,81.04679870605469,3.16973626400734e-12,0,0.7242175340652466,0.1,386.52923583984375,1.0,0.6904003024101257,full_shared_detggn_blockdiag_bxb,torch.float64,2.12541593214155e-07,2.1482337745962636e-14,3.16973626400734e-12,two_independent_raw_bxb_fp64_jacobi_cholesky,1024,0.06956401467323303,-0.006416842341423035,0.17451821267604828,0.0001,629,2580480,1615.955833712127,2580480,1.0,1e-06,paper_sgd_momentum_1e-6,2.5415782928466797,0.10000000149011612,0.03364359587430954,0.5314223170280457,-0.05507754534482956,-1.659524917602539,0.10007821023464203
14,0,-1.6638455390930176,-1.329373836517334,-1.6588373184204102,-2.3042385578155518,0.0034160471986979246,0,0.5504515767097473,1.4140112626545587,0.06534922872552529,3.752160046133213e-05,10199.787109375,3.575285267949243e-14,22.627412796020508,5.229562785091906e-12,512,0,0.34934982657432556,0.6249211155833918,0.42393131547165097,2.3813472580513917e-05,12890.72265625,3.86339371219796e-15,15.63160514831543,3.6547557296312226e-13,512,1289.072265625,0.29380878806114197,1.0,1.0,0.1920732855796814,0.5158534646034241,1.7732579708099365,0.2909071743488312,0.6809777617454529,4.999999873689376e-05,0.19343817234039307,0.0,1.0,1.0,512,0.0001,0.39964038133621216,994.18,0.1,1627,0.7335129380226135,67.18180084228516,5.229562785091906e-12,0,0.68165123462677,0.1,208.2197265625,1.0,0.7335129380226135,full_shared_detggn_blockdiag_bxb,torch.float64,1.5607956527219358e-07,3.575285267949243e-14,5.229562785091906e-12,two_independent_raw_bxb_fp64_jacobi_cholesky,1024,0.05072208121418953,-0.00976383127272129,0.04772403836250305,0.0001,639,2621440,1642.0041703823954,2621440,1.0,1e-06,paper_sgd_momentum_1e-6,2.36767840385437,0.10000000149011612,-1.1807048320770264,-0.8719702363014221,-1.1664068698883057,-1.6490020751953125,0.013009398244321346
14,0,-1.652016043663025,1.3835102319717407,-1.6493070125579834,-4.070648670196533,0.05906403437256813,0,0.6070519685745239,1.4129185341680535,0.03787258590010269,0.0006549069075845182,13143.5087890625,3.776169566954745e-14,22.627418518066406,3.304174173708987e-12,512,0,0.4767318367958069,0.6136268749128435,0.3184805169697823,0.0005143134039826691,14060.0537109375,4.1787621784167174e-14,17.071821212768555,1.0283921095440388e-12,512,1406.00537109375,0.054036155343055725,1.0,1.0,0.26152193546295166,0.5478305816650391,1.2932324409484863,0.42361339926719666,0.7147327661514282,0.0008542968425899744,0.21868912875652313,0.0,1.0,1.0,512,0.00170859375,0.5198211669921875,965.0,0.2,1447,0.7918722629547119,20.63549041748047,3.304174173708987e-12,0,0.6314150094985962,0.1,7.408726692199707,1.0,0.7918722033500671,full_shared_detggn_blockdiag_bxb,torch.float64,1.2008595149382018e-05,4.1787621784167174e-14,3.304174173708987e-12,two_independent_raw_bxb_fp64_jacobi_cholesky,1024,0.0636826902627945,-0.02507345750927925,0.05692325532436371,0.0011390625,649,2662400,1667.673407273367,2662400,1.0,1e-06,paper_sgd_momentum_1e-6,5.705581188201904,0.10000000149011612,-0.9024352431297302,3.033679246902466,-0.890594482421875,-1.6362613439559937,0.1034233495593071
14,1,-1.6381981372833252,-1.4431092739105225,-1.6271766424179077,-2.3578948974609375,0.004191601648926735,0,0.3008858263492584,1.4141092201385057,0.05861672055581186,2.4892773581086658e-05,9960.3427734375,3.520131181258317e-14,22.627412796020508,4.457095409708799e-12,512,0,0.5017924308776855,0.6167928800401757,0.3940552437526791,4.1514103941153735e-05,13710.3505859375,1.905602222558921e-15,44.39265823364258,5.172844447427137e-13,512,1371.03515625,0.07592856884002686,1.0,1.0,0.10289931297302246,0.2827437222003937,0.770021378993988,0.3671894371509552,0.4875446557998657,4.999999873689376e-05,0.3420051336288452,0.0,1.0,1.0,512,0.0001,0.3054795265197754,919.31,0.2,1624,0.604363739490509,50.54779052734375,4.457095409708799e-12,0,0.8273162841796875,0.1,1475.0462646484375,1.0,0.6043637990951538,full_shared_detggn_blockdiag_bxb,torch.float64,1.729877254774692e-07,3.520131181258317e-14,4.457095409708799e-12,two_independent_raw_bxb_fp64_jacobi_cholesky,1024,0.07799462974071503,0.037104640156030655,0.3849039673805237,0.0001,659,2703360,1693.156788347289,2703360,1.0,1e-06,paper_sgd_momentum_1e-6,3.044157028198242,0.1976451277732849,-1.1197328567504883,-0.8773435950279236,-1.1864726543426514,-1.6188901662826538,0.0174983162432909
6,1,-1.605648159980774,-0.5837742686271667,-1.5939719676971436,-3.0662667751312256,0.025309273973107338,0,0.43533408641815186,1.414192479256421,0.04652623913231339,4.182546763331629e-05,12375.3515625,8.50725368301906e-14,22.627412796020508,1.0934995840393121e-11,512,0,0.2635308802127838,0.5859672032215426,0.3223871007852479,2.5319181077065878e-05,18330.48828125,1.747873274978266e-14,12.962264060974121,5.621930819203423e-13,512,1833.048583984375,0.05173289030790329,1.0,1.0,0.1912120133638382,0.39109301567077637,1.7928706407546997,0.21813789010047913,0.46087732911109924,4.999999873689376e-05,0.1478661447763443,0.0,1.0,1.0,512,0.0001,0.501214861869812,902.13,0.4,1629,0.5204174518585205,33.37993621826172,1.0934995840393121e-11,0,0.9607671499252319,0.1,29.719717025756836,1.0,0.5204174518585205,full_shared_detggn_blockdiag_bxb,torch.float64,1.5406067177536897e-07,8.50725368301906e-14,1.0934995840393121e-11,two_independent_raw_bxb_fp64_jacobi_cholesky,1024,0.12064636498689651,-0.028480947017669678,0.032816462218761444,0.0001,669,2744320,1718.6187716531567,2744320,1.0,1e-06,paper_sgd_momentum_1e-6,5.141043186187744,0.10031008720397949,-0.9646257162094116,-0.0450645312666893,-1.1219961643218994,-1.5844999551773071,0.08275303989648819
14,1,-1.609634280204773,-1.4833496809005737,-1.5995725393295288,-2.941423177719116,0.008856851607561111,0,0.2263658493757248,1.4141933472651251,0.046486895816844065,2.2636584617430344e-05,9668.84375,3.02904797660667e-14,22.62741470336914,2.0657069668481528e-12,512,0,0.21827927231788635,0.6017696359442701,0.3489740156672702,2.1827927412232384e-05,15734.20703125,9.044802437931597e-15,6.589776992797852,4.885922384039895e-13,512,1573.420654296875,0.15098291635513306,1.0,1.0,0.08683619648218155,0.20904776453971863,1.1332299709320068,0.1844707429409027,0.3043860197067261,3.373540675966069e-05,0.1166892796754837,0.0,1.0,1.0,512,0.00010000000000000003,0.38708966970443726,955.34,0.3,1628,0.3373540937900543,14.092175483703613,2.0657069668481528e-12,0,1.0,0.1,56.24420928955078,1.0,0.33735406398773193,full_shared_detggn_blockdiag_bxb,torch.float64,7.046087091566733e-08,3.02904797660667e-14,2.0657069668481528e-12,two_independent_raw_bxb_fp64_jacobi_cholesky,1024,0.06505249440670013,-0.06318322569131851,0.008481476455926895,0.0001,679,2785280,1744.5219430602156,2785280,1.0,1e-06,paper_sgd_momentum_1e-6,2.895449638366699,0.10000000149011612,-0.593133807182312,-0.320394903421402,-0.6017652153968811,-1.5802160501480103,0.01845978945493698
6,1,-1.5795811414718628,0.35089343786239624,-1.5781441926956177,-2.6039631366729736,0.012228362262248993,0,0.35778796672821045,1.4141965074677605,0.04248214867907276,2.511193451937288e-05,12593.8369140625,5.489532534283276e-14,22.62741470336914,5.877804712297559e-12,512,0,0.5486056804656982,0.5535310772204114,0.32434007384449265,3.850478969980031e-05,22844.3046875,5.8172627720709165e-15,27.054073333740234,6.083726952985198e-13,512,2284.430419921875,0.20000021159648895,1.0,1.0,0.09274440258741379,0.3455585241317749,0.8178716897964478,0.42250946164131165,0.6135461330413818,4.999999873689376e-05,0.3499341309070587,0.0,1.0,1.0,512,0.0001,0.4615657329559326,919.24,0.7,1629,0.7123862504959106,49.93445587158203,5.877804712297559e-12,0,0.7018663883209229,0.1,241.0839385986328,1.0,0.7123863101005554,full_shared_detggn_blockdiag_bxb,torch.float64,1.229926596124642e-07,5.489532534283276e-14,5.877804712297559e-12,two_independent_raw_bxb_fp64_jacobi_cholesky,1024,0.10234993696212769,-0.0011309674009680748,0.14295367896556854,0.0001,689,2826240,1770.2567916121334,2826240,1.0,1e-06,paper_sgd_momentum_1e-6,6.390748500823975,0.2343026101589203,-0.9686554670333862,3.1262588500976562,-1.141734004020691,-1.5584431886672974,0.2659194767475128
14,1,-1.5732917785644531,-1.065397024154663,-1.5585033893585205,-3.5241358280181885,0.023365579545497894,0,0.5955075025558472,1.4142131417372295,0.05694849518737142,4.281134533812292e-05,22333.541015625,3.050683466436721e-14,22.62741470336914,4.609297222059077e-12,512,0,0.2604634463787079,0.5606428257307656,0.3265596870051333,1.872485336207319e-05,18846.615234375,2.1322983636699968e-14,16.404006958007812,7.876314335499788e-13,512,1884.6614990234375,0.19745157659053802,1.0,1.0,0.1847241073846817,0.566132664680481,2.5452213287353516,0.22242963314056396,0.6566838622093201,4.999999873689376e-05,0.13552218675613403,0.0,1.0,1.0,512,0.0001,0.5342476963996887,904.38,0.8,1625,0.6955019235610962,72.84871673583984,4.609297222059077e-12,0,0.7189052104949951,0.1,36.657196044921875,1.0,0.695501983165741,full_shared_detggn_blockdiag_bxb,torch.float64,1.8825008396561316e-07,3.050683466436721e-14,4.609297222059077e-12,two_independent_raw_bxb_fp64_jacobi_cholesky,1024,0.058867450803518295,-0.017848815768957138,0.05255691707134247,0.0001,699,2867200,1795.7215558514,2867200,1.0,1e-06,paper_sgd_momentum_1e-6,2.2323648929595947,0.10000000149011612,-0.8776403665542603,0.4372820258140564,-1.0308046340942383,-1.5484260320663452,0.18744508922100067
14,1,-1.5533875226974487,-1.3202922344207764,-1.547805905342102,-2.2687766551971436,0.003040033858269453,0,0.404665470123291,1.4142130074823818,0.04156635932004586,3.386348907952197e-05,16819.05859375,4.7488428032012405e-14,22.62741470336914,8.109228164244865e-12,512,0,0.3627058267593384,0.5348889297513287,0.32279911881995904,3.0352193789440207e-05,20731.5,6.231071687305041e-15,20.784860610961914,6.39293124170784e-13,512,2073.150146484375,0.21015560626983643,1.0,1.0,0.14209087193012238,0.37889882922172546,1.3371564149856567,0.28336164355278015,0.5343679785728455,4.999999873689376e-05,0.22641046345233917,0.0,1.0,1.0,512,0.0001,0.3277338743209839,903.31,0.3,1625,0.5974952578544617,124.05952453613281,8.109228164244865e-12,0,0.836826741695404,0.1,235.0191192626953,1.0,0.5974952578544617,full_shared_detggn_blockdiag_bxb,torch.float64,4.3438140551188553e-07,4.7488428032012405e-14,8.109228164244865e-12,two_independent_raw_bxb_fp64_jacobi_cholesky,1024,0.06136050820350647,-0.008660629391670227,0.08437703549861908,0.0001,709,2908160,1821.4112973310985,2908160,1.0,1e-06,paper_sgd_momentum_1e-6,3.08770489692688,0.3667413890361786,-1.0739119052886963,-0.7934468984603882,-1.1641367673873901,-1.5364234447479248,0.03650474548339844
14,1,-1.5181193351745605,-1.0826382637023926,-1.5115399360656738,-2.202460527420044,0.007234860677272081,0,0.4980338513851166,1.4142134492586866,0.041852109253416356,3.206513065379113e-05,19107.654296875,9.782942541799098e-14,22.627412796020508,1.2416080539225541e-11,512,0,0.34799620509147644,0.5376127847146522,0.31908673732790455,2.2405190975405276e-05,18787.658203125,1.6013864667960936e-14,12.319801330566406,5.298703611448822e-13,512,1878.765869140625,0.6749724745750427,1.0,1.0,0.08362163603305817,0.49096351861953735,1.5425739288330078,0.318275511264801,0.7591499090194702,4.999999873689376e-05,0.14071978628635406,0.0,1.0,1.0,512,0.0001,0.5764504671096802,932.63,0.0,1424,0.7765972018241882,66.57276916503906,1.2416080539225541e-11,0,0.6438343524932861,0.1,54.52769088745117,1.0,0.776597261428833,full_shared_detggn_blockdiag_bxb,torch.float64,1.3797961173622753e-07,9.782942541799098e-14,1.2416080539225541e-11,two_independent_raw_bxb_fp64_jacobi_cholesky,1024,0.10704094171524048,-0.015295655466616154,0.02964404597878456,0.0001,719,2949120,1847.1095023951493,2949120,1.0,1e-06,paper_sgd_momentum_1e-6,6.963664531707764,0.2149236500263214,-1.4953309297561646,-0.8405209183692932,-1.5053962469100952,-1.94553804397583,0.06518913805484772
14,1,-1.4914743900299072,-1.0883615016937256,-1.488800287246704,-1.8496525287628174,0.0011497912928462029,0,0.4109605550765991,1.4142134021328507,0.05482393423162845,3.020612712134607e-05,24225.638671875,3.8877720076477825e-14,22.627408981323242,9.314816727925986e-12,512,0,0.4793495237827301,0.568028252572834,0.34702208811492213,3.523280247463845e-05,17080.087890625,4.138916940624345e-15,18.21985626220703,4.553264881714633e-13,512,1708.0087890625,0.16266880929470062,1.0,1.0,0.13271820545196533,0.3889401853084564,1.042645812034607,0.3730319142341614,0.595413088798523,4.999999873689376e-05,0.3010368049144745,0.0,1.0,1.0,512,0.0001,0.5062807202339172,991.56,0.0,1627,0.6802602410316467,218.02561950683594,9.314816727925986e-12,0,0.7350128293037415,0.1,285.2789611816406,1.0,0.6802602410316467,full_shared_detggn_blockdiag_bxb,torch.float64,5.889349381504871e-07,3.8877720076477825e-14,9.314816727925986e-12,two_independent_raw_bxb_fp64_jacobi_cholesky,1024,0.12026375532150269,-0.002903667278587818,0.06483656167984009,0.0001,729,2990080,1872.6710961321369,2990080,1.0,1e-06,paper_sgd_momentum_1e-6,2.6906673908233643,0.10000000149011612,-1.4560543298721313,-1.3197401762008667,-1.4348546266555786,-1.7179776430130005,0.008053283207118511
3,1,-1.4442189931869507,-1.1872035264968872,-1.4491645097732544,-1.4580813646316528,0.0006100820028223097,0,0.12433528900146484,1.3621046738013098,0.07304766308915835,1.2433528354449663e-05,13273.701171875,2.3473462403362605e-13,22.627405166625977,1.2205451350540899e-11,512,0,0.08901731669902802,0.5378856057044161,0.5280812502086866,8.901731234800536e-06,15616.958984375,3.5743628384692275e-15,2.9394302368164062,1.2482911451689635e-13,512,1561.69580078125,0.012319072149693966,1.0,1.0,0.03573313355445862,0.11908990889787674,2.3527562618255615,0.05061718821525574,0.13044999539852142,1.5380519471364096e-05,0.07322555780410767,0.0,1.0,1.0,512,0.00010000000000000003,0.44328486919403076,1000.0,0.0,1600,0.1538051962852478,4.422817707061768,1.2205451350540899e-11,0,1.0,0.1,23.897937774658203,1.0,0.1538051962852478,full_shared_detggn_blockdiag_bxb,torch.float64,2.2114086561941804e-08,2.3473462403362605e-13,1.2205451350540899e-11,two_independent_raw_bxb_fp64_jacobi_cholesky,1024,0.06963324546813965,-0.024190299212932587,0.0016875488217920065,0.0001,739,3031040,1898.2208957374096,3031040,1.0,1e-06,paper_sgd_momentum_1e-6,2.077913284301758,0.26504912972450256,-1.6813195943832397,-1.4539270401000977,-1.6834418773651123,-1.7794625759124756,0.0014064621645957232
14,0,-1.2273586988449097,2.0698235034942627,-1.3441829681396484,-6.594637393951416,0.3914017975330353,0,0.48210588097572327,1.414208397498341,0.1066640424487184,2.921070517913904e-05,6324.3125,8.235233812170193e-14,22.627416610717773,3.1215745716034448e-12,512,0,0.645761251449585,1.1464425964838345,0.5109166801881883,3.912655301974155e-05,6198.7421875,3.0888556907582524e-14,36.500038146972656,1.1866418817535417e-12,512,619.8741455078125,0.050680480897426605,1.0,1.0,0.11923473328351974,0.4671286344528198,0.800881564617157,0.5832680463790894,0.7680931091308594,4.999999873689376e-05,0.27713894844055176,0.0,1.0,1.0,512,0.0001,0.6151055097579956,423.26,2.6,1621,0.8252211809158325,3.695091962814331,3.1215745716034448e-12,0,0.6058981418609619,0.1,4.079355716705322,1.0,0.8252211809158325,full_shared_detggn_blockdiag_bxb,torch.float64,6.782573169772377e-09,8.235233812170193e-14,3.1215745716034448e-12,two_independent_raw_bxb_fp64_jacobi_cholesky,1024,0.05515206605195999,0.007428259588778019,0.26020559668540955,0.0001,749,3072000,1923.7485702540725,3072000,1.0,1e-06,paper_sgd_momentum_1e-6,2.8087408542633057,0.18712645769119263,-1.5647568702697754,3.1781442165374756,-1.814332365989685,-2.540807008743286,1.1830980777740479
14,0,-1.418387532234192,1.5566378831863403,-1.4187943935394287,-4.0377326011657715,0.06822431832551956,0,0.4384487569332123,1.4142134789406229,0.05323823724780972,4.1090246668318287e-05,9480.94921875,4.08856715096164e-14,22.62741470336914,3.3941514090710028e-12,512,0,0.5156978964805603,0.8265793917983612,0.32287696138946204,4.832983177038841e-05,16897.0546875,7.29566906385779e-15,42.004180908203125,8.044400563566634e-13,512,1689.70556640625,0.40304914116859436,1.0,1.0,0.09022164344787598,0.42906567454338074,0.8798037171363831,0.48768341541290283,0.7773011326789856,7.499999628635123e-05,0.16765792667865753,0.0,1.0,1.0,512,0.00015000000000000004,0.32921433448791504,368.21,2.9,1632,0.8002787828445435,48.480491638183594,3.3941514090710028e-12,0,0.6247822046279907,0.1,349.6219177246094,1.0,0.8002788424491882,full_shared_detggn_blockdiag_bxb,torch.float64,2.1290057361511572e-07,4.08856715096164e-14,3.3941514090710028e-12,two_independent_raw_bxb_fp64_jacobi_cholesky,1024,0.08484607934951782,-0.06833665072917938,0.34459978342056274,0.00010000000000000003,759,3112960,1949.7123182271607,3112960,1.0,1e-06,paper_sgd_momentum_1e-6,3.9490573406219482,0.10000000149011612,-0.11996491253376007,2.9682960510253906,-0.3253205120563507,-1.6960169076919556,0.7656210064888
14,1,-1.3395090103149414,0.7160487174987793,-1.374359369277954,-2.6725034713745117,0.04844345152378082,0,0.4607076942920685,1.4142135436803813,0.0587045357303877,3.0565719498554245e-05,12673.71484375,3.234388683739622e-14,22.627416610717773,5.383502733193789e-12,512,0,0.49801796674728394,0.8782722170504299,0.3363988355334731,3.3041076676454395e-05,12308.7724609375,1.0300489362923464e-14,24.72433853149414,8.924537572217588e-13,512,1230.8773193359375,0.2346828579902649,1.0,1.0,0.13754118978977203,0.43969759345054626,0.9814213514328003,0.4480212330818176,0.7083421945571899,4.999999873689376e-05,0.21748299896717072,0.0,1.0,1.0,512,0.0001,0.4189062714576721,652.98,2.0,1630,0.7536346912384033,152.39178466796875,5.383502733193789e-12,0,0.6634514927864075,0.1,287.70477294921875,1.0,0.7536345720291138,full_shared_detggn_blockdiag_bxb,torch.float64,3.3538987054271274e-07,3.234388683739622e-14,5.383502733193789e-12,two_independent_raw_bxb_fp64_jacobi_cholesky,1024,0.0646933764219284,-0.00596155971288681,0.11939314752817154,0.0001,769,3153920,1975.384260270279,3153920,1.0,1e-06,paper_sgd_momentum_1e-6,1.626767635345459,0.3837249279022217,-0.9734013676643372,3.224919319152832,-1.1233361959457397,-1.5297495126724243,0.26893046498298645
14,4,-1.3600468635559082,-0.5717628598213196,-1.3626205921173096,-2.3675057888031006,0.0040949550457298756,0,0.3924923241138458,1.4139989283463845,0.024441407426347865,3.134440703433938e-05,12887.4111328125,5.391393809709753e-14,22.627412796020508,6.2152759008100625e-12,512,0,0.4409250319004059,0.7710444128461568,0.33547139919643976,3.521223698044196e-05,14397.345703125,4.3627401038194345e-15,23.99903106689453,5.146965122322669e-13,512,1439.734619140625,0.12577004730701447,1.0,1.0,0.10295827686786652,0.37874770164489746,0.9560117721557617,0.39617472887039185,0.586460292339325,4.999999873689376e-05,0.19354698061943054,0.0,1.0,1.0,512,0.0001,0.44908469915390015,862.86,1.2,1620,0.626096248626709,30.682903289794922,6.2152759008100625e-12,0,0.7985992431640625,0.1,306.1591491699219,1.0,0.626096248626709,full_shared_detggn_blockdiag_bxb,torch.float64,9.784174892502051e-08,5.391393809709753e-14,6.2152759008100625e-12,two_independent_raw_bxb_fp64_jacobi_cholesky,1024,0.06935371458530426,-0.054045550525188446,0.11249090731143951,0.0001,779,3194880,2000.9205166869797,3194880,1.0,1e-06,paper_sgd_momentum_1e-6,9.204840660095215,0.22950811684131622,-0.7166157960891724,0.8004561066627502,-0.8659100532531738,-1.352709174156189,0.23637054860591888
14,0,-1.338384985923767,-0.5699522495269775,-1.3422908782958984,-1.941113829612732,0.0051150876097381115,0,0.5079388618469238,1.414207045574272,0.0988816347986673,3.556433875928633e-05,10911.32421875,9.51763650313267e-15,22.627412796020508,1.9255771744541278e-12,512,0,0.43145856261253357,0.8321222773840838,0.4229210995030447,3.0209421311155893e-05,10009.490234375,2.761873515744576e-15,16.21924591064453,2.397923739651421e-13,512,1000.9490356445312,0.1501186639070511,1.0,1.0,0.15838512778282166,0.48261377215385437,1.3640438318252563,0.3538110554218292,0.6510735154151917,4.999999509891495e-05,0.24692955613136292,0.0,1.0,1.0,512,0.0001,0.5565343499183655,911.35,0.7,1466,0.7141125798225403,148.39675903320312,1.9255771744541278e-12,0,0.7001697421073914,0.1,205.4264678955078,1.0,0.7141125202178955,full_shared_detggn_blockdiag_bxb,torch.float64,3.637483416696341e-07,9.51763650313267e-15,1.9255771744541278e-12,two_independent_raw_bxb_fp64_jacobi_cholesky,1024,0.05469386279582977,-0.02904660254716873,0.05137968435883522,0.0001,789,3235840,2026.5509440931492,3235840,1.0,1e-06,paper_sgd_momentum_1e-6,2.2895212173461914,0.28008362650871277,-1.1923344135284424,-0.7386975884437561,-1.2524073123931885,-1.6821489334106445,0.02784845419228077
14,1,-1.361989140510559,-0.48304519057273865,-1.3492116928100586,-3.1711645126342773,0.026891766116023064,0,0.5773513317108154,1.4141337546713915,0.0521652015804456,5.844875704497099e-05,11256.521484375,2.377711807350537e-14,22.62741470336914,4.369047650579189e-12,512,0,0.3596077561378479,0.7932747478922725,0.3332444287048506,3.6405261198524386e-05,17366.30078125,2.5317929589174102e-15,31.471914291381836,3.8254335330791013e-13,512,1736.6302490234375,0.2075812667608261,1.0,1.0,0.14709089696407318,0.5582999587059021,1.7034146785736084,0.3277533948421478,0.7108566761016846,7.500000356230885e-05,0.14797106385231018,0.0,1.0,1.0,512,0.00015000000000000004,0.4419398307800293,903.08,0.4,1624,0.7408429980278015,102.80829620361328,4.369047650579189e-12,0,0.674906849861145,0.1,591.2347412109375,1.0,0.7408429980278015,full_shared_detggn_blockdiag_bxb,torch.float64,5.268274207992363e-07,2.377711807350537e-14,4.369047650579189e-12,two_independent_raw_bxb_fp64_jacobi_cholesky,1024,0.14922618865966797,0.03498508408665657,0.19345340132713318,0.00010000000000000003,799,3276800,2052.2667354750447,3276800,1.0,1e-06,paper_sgd_momentum_1e-6,8.636835098266602,0.10000000149011612,-0.2732318043708801,0.3203786611557007,-0.284869909286499,-1.3298126459121704,0.09855838119983673
14,1,-1.3907597064971924,0.31392648816108704,-1.361907720565796,-2.969783306121826,0.03113148920238018,0,0.30981555581092834,1.4142122297900053,0.05468975648325184,2.263510032207705e-05,3749.319580078125,6.386850534537488e-15,22.627416610717773,1.3286011048824057e-12,512,0,0.553615391254425,0.7483173865336191,0.511922835639082,4.044709567097016e-05,13237.8974609375,3.0397014323961814e-15,37.565975189208984,6.723827417214674e-13,512,1323.789794921875,0.19206742942333221,1.0,1.0,0.10806712508201599,0.29035699367523193,0.6150522232055664,0.4720850884914398,0.6107845902442932,4.999999873689376e-05,0.28918105363845825,0.0,1.0,1.0,512,0.0001,0.13377706706523895,778.79,1.2,1625,0.6843697428703308,150.87391662597656,1.3286011048824057e-12,0,0.7305992245674133,0.1,1247.333984375,1.0,0.6843697428703308,full_shared_detggn_blockdiag_bxb,torch.float64,4.026637725473847e-07,6.386850534537488e-15,1.3286011048824057e-12,two_independent_raw_bxb_fp64_jacobi_cholesky,1024,0.051780566573143005,-0.04019647091627121,0.27562546730041504,0.0001,809,3317760,2078.1892456742935,3317760,1.0,1e-06,paper_sgd_momentum_1e-6,9.048315048217773,0.10000000149011612,0.10808372497558594,0.7487671971321106,0.24085448682308197,-1.3327707052230835,0.07909730076789856
14,0,-1.3576643466949463,0.8060643672943115,-1.3616645336151123,-1.984309434890747,0.015207282267510891,0,0.3677748143672943,1.372866248236056,0.05133960199022495,2.967967520817183e-05,7978.19873046875,1.32450861741311e-14,22.62741470336914,3.1971610434954433e-12,512,0,0.4272022247314453,0.7122841677823885,0.28850289563283066,3.447550625423901e-05,11816.974609375,3.0773017664744885e-15,29.888320922851562,4.396881269768921e-13,512,1181.697509765625,0.21039262413978577,1.0,1.0,0.14979054033756256,0.335888534784317,0.8494784832000732,0.3954055905342102,0.5790320038795471,5.0000002374872565e-05,0.16172853112220764,0.0,1.0,1.0,512,0.0001,0.35232749581336975,766.72,1.8,1623,0.6195735335350037,228.15496826171875,3.1971610434954433e-12,0,0.8070067167282104,0.1,541.7957763671875,1.0,0.6195735335350037,full_shared_detggn_blockdiag_bxb,torch.float64,7.429408697134932e-07,1.32450861741311e-14,3.1971610434954433e-12,two_independent_raw_bxb_fp64_jacobi_cholesky,1024,0.3024095296859741,-0.02184402197599411,0.17447493970394135,0.0001,819,3358720,2104.7103831321,3358720,1.0,1e-06,paper_sgd_momentum_1e-6,10.0,0.10000000149011612,0.028180856257677078,3.092177152633667,-0.09387681633234024,-0.9602847695350647,0.1962965875864029
14,4,-1.361761450767517,0.848632276058197,-1.366677165031433,-4.679716110229492,0.1162094920873642,0,0.4001683294773102,1.4142135559913889,0.01421630073222643,2.5668428861536086e-05,12859.390625,1.5892359605640394e-14,22.627418518066406,1.649699006931784e-12,512,0,0.6279312968254089,0.5163113594715799,0.18325898308406555,4.0278075175592676e-05,46059.6796875,2.0148334902684927e-14,31.879711151123047,3.655087525312597e-12,512,4605.9677734375,0.1058196946978569,1.0,1.0,0.10471878945827484,0.38622361421585083,0.6387017965316772,0.6047009825706482,0.7536659240722656,4.999999873689376e-05,0.16921699047088623,0.0,1.0,1.0,512,0.00010000000000000003,0.23103171586990356,313.63,4.9,1623,0.7794952392578125,48.908164978027344,3.655087525312597e-12,0,0.6414408087730408,0.1,1098.0435791015625,1.0,0.7794951796531677,full_shared_detggn_blockdiag_bxb,torch.float64,1.0061541644290628e-07,2.0148334902684927e-14,3.655087525312597e-12,two_independent_raw_bxb_fp64_jacobi_cholesky,1024,0.04836973547935486,-0.06723552942276001,0.19849921762943268,0.0001,829,3399680,2130.6112417969853,3399680,1.0,1e-06,paper_sgd_momentum_1e-6,10.0,0.10000000149011612,0.1532483994960785,3.061870813369751,0.048864737153053284,-1.343405842781067,0.6216897964477539
14,4,-1.3746258020401,-0.9946718811988831,-1.3668677806854248,-2.329681396484375,0.004825984593480825,0,0.3148442804813385,1.4141848093289853,0.0699556121181899,2.4575205316068605e-05,4254.8896484375,1.428784066780535e-14,22.627412796020508,1.7978981659492044e-12,512,0,0.49745482206344604,0.4803662640767335,0.23640734079985226,3.8828893593745306e-05,61924.3125,3.176447507315037e-15,72.16549682617188,1.1392694744727767e-12,512,6192.43115234375,0.20350292325019836,1.0,1.0,0.10842892527580261,0.2955843210220337,0.7064865231513977,0.4183863401412964,0.5711066722869873,4.999999873689376e-05,0.26909884810447693,0.0,1.0,1.0,512,0.0001,0.09614522755146027,494.88,4.5,1599,0.6405729651451111,93.4383773803711,1.7978981659492044e-12,0,0.7805511355400085,0.1,3150.994873046875,1.0,0.6405730247497559,full_shared_detggn_blockdiag_bxb,torch.float64,2.846413451607077e-07,1.428784066780535e-14,1.7978981659492044e-12,two_independent_raw_bxb_fp64_jacobi_cholesky,1024,0.09048542380332947,0.029858337715268135,1.0171599388122559,0.0001,839,3440640,2156.9376974203624,3440640,1.0,1e-06,paper_sgd_momentum_1e-6,5.778159141540527,0.1336127519607544,-0.5409371852874756,1.01040518283844,-0.4459405243396759,-1.3488460779190063,0.12028168886899948
14,4,-1.3651223182678223,0.736859142780304,-1.397910714149475,-2.9968342781066895,0.0716669037938118,0,0.3833473026752472,1.4142135623730947,0.039592717843495905,2.827777097991202e-05,9352.5859375,2.2183685304653177e-14,22.62741470336914,1.992974400972938e-12,512,0,0.4937797486782074,0.456631826135132,0.18008138647645933,3.642386582214385e-05,57582.390625,1.9707580754266517e-14,32.015838623046875,2.077215225631105e-12,512,5758.2392578125,0.1813955456018448,1.0,1.0,0.09602432698011398,0.3711259961128235,0.8235799670219421,0.45062533020973206,0.6398984789848328,4.999999873689376e-05,0.20187929272651672,0.0,1.0,1.0,512,0.0001,0.1501777470111847,392.67,4.2,1592,0.6778244376182556,32.36185836791992,2.077215225631105e-12,0,0.7376541495323181,0.1,245.25413513183594,1.0,0.6778244376182556,full_shared_detggn_blockdiag_bxb,torch.float64,8.804587281474596e-08,2.2183685304653177e-14,2.077215225631105e-12,two_independent_raw_bxb_fp64_jacobi_cholesky,1024,0.07938800752162933,0.021138004958629608,0.20019802451133728,0.0001,849,3481600,2182.8193035000004,3481600,1.0,1e-06,paper_sgd_momentum_1e-6,10.0,0.10000000149011612,0.915419340133667,3.1294093132019043,0.7389414310455322,-1.3568317890167236,0.32970231771469116
14,4,-1.405632734298706,-0.66382896900177,-1.3973675966262817,-3.341320753097534,0.013923854567110538,0,0.4018349349498749,1.4142135623730174,0.03265648833893861,3.109190220129676e-05,10194.53125,1.2809547596448162e-14,22.62741470336914,1.869217406440767e-12,512,0,0.4394943416118622,0.49501688594098053,0.20711433710059926,3.400579225854017e-05,52367.3515625,7.061857682846787e-15,36.72822952270508,9.47419735568091e-13,512,5236.734375,0.1782359480857849,1.0,1.0,0.10783886909484863,0.3870943784713745,0.9676356315612793,0.40004146099090576,0.6105977892875671,4.999999509891495e-05,0.18199481070041656,0.0,1.0,1.0,512,0.0001,0.1498822718858719,542.48,3.0,1540,0.6462051272392273,92.76542663574219,1.869217406440767e-12,0,0.7737481594085693,0.1,383.5501708984375,1.0,0.6462050676345825,full_shared_detggn_blockdiag_bxb,torch.float64,2.776868655018916e-07,1.2809547596448162e-14,1.869217406440767e-12,two_independent_raw_bxb_fp64_jacobi_cholesky,1024,0.13261373341083527,0.0015708496794104576,0.2634693384170532,0.0001,859,3522560,2208.3637085873634,3522560,1.0,1e-06,paper_sgd_momentum_1e-6,10.0,0.10000000149011612,0.3196892738342285,0.7509723901748657,0.2810764014720917,-1.3636528253555298,0.051318440586328506
8,4,-1.409036636352539,1.6590718030929565,-1.4121583700180054,-3.5370829105377197,0.11708676069974899,0,0.22746112942695618,1.414213562339697,0.021832538744059524,2.143512392649427e-05,6780.17822265625,4.429096124695198e-14,22.627418518066406,7.023064119473439e-12,512,0,0.4763323664665222,0.46542783533686055,0.18974354064149235,4.4887859985465184e-05,58897.40625,1.1065095799307153e-13,20.547060012817383,4.731606329099807e-12,512,5889.740234375,0.013311262242496014,1.0,1.0,0.08629615604877472,0.21045556664466858,0.4624136686325073,0.45512402057647705,0.5042954087257385,5.0000002374872565e-05,0.14055129885673523,0.0,1.0,1.0,512,0.0001,0.05221926420927048,461.28,3.4,1628,0.5305804014205933,80.07611083984375,7.023064119473439e-12,0,0.9423642754554749,0.1,32.18157958984375,1.0,0.5305804014205933,full_shared_detggn_blockdiag_bxb,torch.float64,3.5555811450649344e-07,1.1065095799307153e-13,7.023064119473439e-12,two_independent_raw_bxb_fp64_jacobi_cholesky,1024,0.08912114799022675,0.09245793521404266,0.08245736360549927,0.0001,869,3563520,2233.806389731355,3563520,1.0,1e-06,paper_sgd_momentum_1e-6,10.0,0.10000000149011612,0.6409960985183716,2.990166425704956,0.632215142250061,-1.3724212646484375,0.23989905416965485
8,6,-1.511568307876587,0.3850034177303314,-1.461284875869751,-4.383295059204102,0.39031124114990234,0,0.04953111335635185,1.4142135623730951,0.06555449850209795,5.9135705669177696e-05,6904.9140625,1.4650792877473786e-15,22.62742042541504,3.953250383711155e-14,512,0,0.7128037214279175,0.115564852333375,0.04059832478832833,0.0008510236511938274,1730619.75,9.599905658702522e-13,50.39702224731445,1.1281601931128682e-10,512,173061.96875,0.020714206621050835,1.0,1.0,0.021068161353468895,0.044827044010162354,0.06475023925304413,0.6923069953918457,0.694810152053833,0.0008542969590052962,0.16970612108707428,0.0,1.0,1.0,512,0.0017085937499999994,0.0025113301817327738,77.1,6.7,1622,0.7155454158782959,1.4852054119110107,1.1281601931128682e-10,0,0.6987677216529846,0.1,159.02996826171875,1.0,0.7155453562736511,full_shared_detggn_blockdiag_bxb,torch.float64,1.0585220024950104e-06,9.599905658702522e-13,1.1281601931128682e-10,two_independent_raw_bxb_fp64_jacobi_cholesky,1024,0.14088433980941772,-0.007757287472486496,0.4960663616657257,0.0011390624999999997,879,3604480,2259.8368347962387,3604480,1.0,1e-06,paper_sgd_momentum_1e-6,1.8418893814086914,0.10000000149011612,1.9079086780548096,3.3235511779785156,2.622230291366577,-1.3734643459320068,1.9784640073776245
8,4,-1.4468729496002197,0.14308883249759674,-1.3543044328689575,-5.2359418869018555,0.18898184597492218,0,0.18443089723587036,1.4142135623730951,0.04218525287059006,1.4152350559015758e-05,158561.03125,6.728358400568346e-15,22.627416610717773,1.05953477763941e-11,512,0,0.6055529117584229,0.10372545778497226,0.03783557318403587,4.646725210477598e-05,1125527.875,3.0487099081073134e-13,43.43633270263672,8.074837596271472e-11,512,112552.7890625,0.10682900995016098,1.0,1.0,0.08931810408830643,0.16135993599891663,0.27239367365837097,0.5923776626586914,0.6330957412719727,5.0000002374872565e-05,0.1256304383277893,0.0,1.0,1.0,512,0.0001,0.2989500164985657,276.22,5.9,1618,0.6515910625457764,8782.224609375,8.074837596271472e-11,0,0.7673524618148804,0.1,1469.793701171875,1.0,0.6515910625457764,full_shared_detggn_blockdiag_bxb,torch.float64,2.5856179490801878e-05,3.0487099081073134e-13,8.074837596271472e-11,two_independent_raw_bxb_fp64_jacobi_cholesky,1024,0.32358500361442566,0.0551169216632843,0.3684990406036377,0.0001,889,3645440,2285.5719954543747,3645440,1.0,1e-06,paper_sgd_momentum_1e-6,1.5499107837677002,0.10000000149011612,0.63410884141922,3.098377227783203,-0.6313346028327942,-1.3982617855072021,3.199347972869873
8,4,-1.1156182289123535,1.9218108654022217,-1.254284143447876,-4.725825309753418,0.7122654914855957,0,0.07100434601306915,1.4142135623730951,0.052562114876719024,0.00015883386367931962,20484.072265625,1.1218330092350798e-15,22.627416610717773,1.3785226913254088e-13,512,0,0.5627573132514954,0.08866197282774776,0.03483668759364454,0.0012588654644787312,2645667.75,5.874633399990796e-13,24.637910842895508,1.0291979653814644e-10,512,264566.75,0.0803486630320549,1.0,1.0,0.02927829883992672,0.06468692421913147,0.11745167523622513,0.5507535338401794,0.5602990984916687,0.0012814452638849616,0.11561287939548492,0.0,1.0,1.0,512,0.002562890624999999,0.002187937730923295,99.27,6.2,1631,0.572851300239563,51.19135284423828,1.0291979653814644e-10,0,0.872826874256134,0.1,1150.807373046875,1.0,0.572851300239563,full_shared_detggn_blockdiag_bxb,torch.float64,0.00012808048631995916,5.874633399990796e-13,1.0291979653814644e-10,two_independent_raw_bxb_fp64_jacobi_cholesky,1024,0.1177135482430458,-0.0035652341321110725,0.11855988949537277,0.0017085937499999994,899,3686400,2311.302391099278,3686400,1.0,1e-06,paper_sgd_momentum_1e-6,1.4583779573440552,0.10000000149011612,1.5967682600021362,3.2030439376831055,2.335634469985962,-1.317640781402588,2.1510140895843506
