action_max,action_min,adv_avg,adv_max,adv_med,adv_min,adv_var,blockdiag_actor_cholesky_info_max,blockdiag_actor_direction_l2,blockdiag_actor_jacobi_scale_max,blockdiag_actor_jacobi_scale_min,blockdiag_actor_post_lr_delta_l2,blockdiag_actor_raw_scale,blockdiag_actor_relative_solve_residual,blockdiag_actor_rhs_l2,blockdiag_actor_solve_residual,blockdiag_actor_system_rows,blockdiag_critic_cholesky_info_max,blockdiag_critic_direction_l2,blockdiag_critic_jacobi_scale_max,blockdiag_critic_jacobi_scale_min,blockdiag_critic_post_lr_delta_l2,blockdiag_critic_raw_j_scale,blockdiag_critic_relative_solve_residual,blockdiag_critic_rhs_l2,blockdiag_critic_solve_residual,blockdiag_critic_system_rows,blockdiag_critic_weighted_scale,blockdiag_direction_cosine,blockdiag_finite_scan_pass,blockdiag_no_dual_cross_solve,blockdiag_policy_sum_direction_l2,blockdiag_shared_actor_direction_l2,blockdiag_shared_contribution_ratio,blockdiag_shared_critic_direction_l2,blockdiag_shared_sum_direction_l2,blockdiag_sum_post_lr_delta_l2,blockdiag_value_sum_direction_l2,clipfrac,critic_ratio_max,critic_ratio_min,critic_rows,curr_lr,entropy,eplenmean,eprewmean,fps,grad_norm,joint_actor_fisher_quadratic,joint_applied_solve_residual,joint_cholesky_info_max,joint_clip_scale,joint_critic_curvature_coef,joint_critic_ggn_quadratic,joint_critic_objective_coef,joint_direction_l2,joint_kernel_mode,joint_linear_solve_dtype,joint_predicted_step_kl,joint_relative_solve_residual,joint_solve_residual,joint_solver_mode,joint_system_rows,kl,loss_pi,loss_v,lr,misc/nupdates,misc/serial_timesteps,misc/time_elapsed,misc/total_timesteps,optimizer_history_correction,optimizer_momentum,optimizer_momentum_semantics,ratio_max,ratio_min,ret_avg,ret_max,ret_med,ret_min,ret_var
14,0,-0.9606897830963135,1.5021556615829468,-0.9624648094177246,-4.503078460693359,0.3999282717704773,0,0.5481129288673401,1.4141275800347102,0.13360997740688269,0.0007773063261993229,5166.49365234375,2.838969750806371e-14,22.627416610717773,1.0740466440872768e-12,512,0,0.6821907162666321,1.3210556277896999,0.6269803463339598,0.0009674486937001348,5274.8837890625,1.4204795054078316e-14,30.543212890625,5.20109616814335e-13,512,527.4883422851562,0.06777895241975784,1.0,1.0,0.1383143812417984,0.53037428855896,0.8057697415351868,0.658220648765564,0.8747792840003967,0.0012814452638849616,0.17924755811691284,0.0,1.0,1.0,512,0.002562890625,1.4783928394317627,139.88,2.1,1641,0.9036035537719727,5.104580879211426,1.0740466440872768e-12,0,0.5533400177955627,0.1,11.0043306350708,1.0,0.9036035537719727,full_shared_detggn_blockdiag_bxb,torch.float64,5.133037120685913e-06,2.838969750806371e-14,1.0740466440872768e-12,two_independent_raw_bxb_fp64_jacobi_cholesky,1024,0.05340815708041191,-0.022380424663424492,0.18220466375350952,0.00170859375,9,40960,25.556072510778904,40960,1.0,1e-06,paper_sgd_momentum_1e-6,2.9104082584381104,0.20421630144119263,0.7159966230392456,4.2552595138549805,0.4614735245704651,-1.094308614730835,1.2590675354003906
14,0,-1.3337711095809937,1.0051236152648926,-1.324495553970337,-4.055562973022461,0.2707340717315674,0,0.4816771447658539,1.4142071131640963,0.07354290295562647,6.740247772540897e-05,9054.44921875,3.7935594428323746e-14,22.627418518066406,2.244302454961111e-12,512,0,0.6187760829925537,1.00106242328125,0.38746137543591563,8.658712613396347e-05,14052.75,3.039444200039644e-14,25.18621063232422,9.044339042548879e-13,512,1405.2750244140625,0.0527593232691288,1.0,1.0,0.1069406270980835,0.4696558117866516,0.7786782383918762,0.6031448841094971,0.7847357392311096,0.00011249999806750566,0.13820305466651917,0.0,1.0,1.0,512,0.00022500000000000005,0.8227202892303467,204.47,1.82,1639,0.8039568662643433,4.30134391784668,2.244302454961111e-12,0,0.6219239830970764,0.1,13.589385986328125,1.0,0.8039568066596985,full_shared_detggn_blockdiag_bxb,torch.float64,4.211276660726071e-08,3.7935594428323746e-14,2.244302454961111e-12,two_independent_raw_bxb_fp64_jacobi_cholesky,1024,0.05486401915550232,0.011224745772778988,0.1238955482840538,0.00015000000000000004,19,81920,50.65872026095167,81920,1.0,1e-06,paper_sgd_momentum_1e-6,3.354538679122925,0.24744968116283417,0.38361603021621704,4.014758110046387,0.2431311458349228,-1.3342323303222656,0.7648682594299316
14,0,-1.3780925273895264,7.4292097091674805,-1.4277516603469849,-4.922123432159424,0.38240790367126465,0,0.4901304244995117,1.4142116716893198,0.06606378206511238,0.00020669892546720803,12836.80078125,5.090491173768318e-14,22.627416610717773,2.231128704682866e-12,512,0,0.714698851108551,0.9406251732391673,0.30829008010036885,0.00030140444869175553,20298.0390625,4.064278816062225e-14,25.931217193603516,1.3279690800013447e-12,512,2029.803955078125,0.08502001315355301,1.0,1.0,0.10840681940317154,0.47799140214920044,0.6918453574180603,0.6908934116363525,0.8748564124107361,0.000379687495296821,0.18292275071144104,0.0,1.0,1.0,512,0.0007593750000000001,0.7131871581077576,297.64,2.48,1637,0.9003258943557739,16.96664047241211,2.231128704682866e-12,0,0.5553544759750366,0.1,21.10564613342285,1.0,0.9003258347511292,full_shared_detggn_blockdiag_bxb,torch.float64,1.5087559859239263e-06,5.090491173768318e-14,2.231128704682866e-12,two_independent_raw_bxb_fp64_jacobi_cholesky,1024,0.06272897869348526,-0.000901772640645504,0.131333589553833,0.0005062500000000001,29,122880,75.75631610071287,122880,1.0,1e-06,paper_sgd_momentum_1e-6,3.778528928756714,0.12312561273574829,0.949600100517273,10.953813552856445,0.6422333717346191,-1.4679028987884521,1.0064342021942139
14,0,-1.5431936979293823,7.39345645904541,-1.6022109985351562,-3.8458940982818604,0.469489723443985,0,0.357990562915802,1.4142135331220662,0.05176643874685537,0.0006010254728607833,17685.736328125,2.7290862994017653e-14,22.627416610717773,1.7790711869269958e-12,512,0,0.6365598440170288,0.8419999812585857,0.25173413709889975,0.0010687116300687194,29939.333984375,4.411998133593714e-14,25.924789428710938,1.7208353996646743e-12,512,2993.933349609375,0.10798782855272293,1.0,1.0,0.08023335039615631,0.348883718252182,0.5592877268791199,0.6238000392913818,0.7483738660812378,0.0012814453803002834,0.12681452929973602,0.0,1.0,1.0,512,0.002562890625,0.591521680355072,355.77,2.92,1645,0.7632710933685303,22.73293685913086,1.7790711869269958e-12,0,0.6550753116607666,0.1,29.52703094482422,1.0,0.7632710337638855,full_shared_detggn_blockdiag_bxb,torch.float64,3.203820233466104e-05,4.411998133593714e-14,1.7790711869269958e-12,two_independent_raw_bxb_fp64_jacobi_cholesky,1024,0.06400494277477264,0.052952371537685394,0.13126850128173828,0.00170859375,39,163840,100.8439475428313,163840,1.0,1e-06,paper_sgd_momentum_1e-6,4.661743640899658,0.10000000149011612,0.3600620627403259,10.167570114135742,0.22407260537147522,-1.7588080167770386,1.2900211811065674
14,0,-1.5180727243423462,0.23309773206710815,-1.5619240999221802,-3.73046875,0.19563564658164978,0,0.49469175934791565,1.4142132733267125,0.02474119110841909,3.017632661794778e-05,22824.525390625,4.387385343041068e-14,22.62741470336914,3.631789003069353e-12,512,0,0.5866368412971497,0.8093943920295149,0.2296002898680283,3.578500036383048e-05,44597.984375,2.6764263584654346e-14,19.624584197998047,1.5324692478636637e-12,512,4459.79833984375,0.14299224317073822,1.0,1.0,0.10704567283391953,0.48297119140625,0.841834306716919,0.5737128853797913,0.803368866443634,4.999999873689376e-05,0.1224592849612236,0.0,1.0,1.0,512,0.0001,0.4595654308795929,230.54,1.72,1643,0.8196685910224915,29.123336791992188,3.631789003069353e-12,0,0.6100026369094849,0.1,223.3663787841797,1.0,0.8196685910224915,full_shared_detggn_blockdiag_bxb,torch.float64,5.418442938776025e-08,4.387385343041068e-14,3.631789003069353e-12,two_independent_raw_bxb_fp64_jacobi_cholesky,1024,0.0843711793422699,0.006421862170100212,0.07521957159042358,0.0001,49,204800,125.90218954067677,204800,1.0,1e-06,paper_sgd_momentum_1e-6,8.806015968322754,0.10000000149011612,0.32194727659225464,3.547316074371338,0.2090648114681244,-1.844609022140503,1.4389193058013916
14,0,-1.4780153036117554,5.652542591094971,-1.524054765701294,-3.5957229137420654,0.2529272437095642,0,0.4227553606033325,1.4142135623730665,0.02799725086815036,2.5402634491911158e-05,27036.28515625,5.553393909991685e-14,22.62741470336914,3.4680307774565553e-12,512,0,0.6636418700218201,0.8276881819864612,0.2216244158005384,3.9877086237538606e-05,43850.47265625,4.843478807651673e-14,21.84375,1.7413197933236635e-12,512,4385.046875,0.13056692481040955,1.0,1.0,0.09200121462345123,0.41262316703796387,0.6405539512634277,0.644166111946106,0.8114623427391052,5.0000002374872565e-05,0.15959478914737701,0.0,1.0,1.0,512,0.0001,0.5030313730239868,341.78,2.94,1645,0.832109272480011,21.185928344726562,3.4680307774565553e-12,0,0.6008826494216919,0.1,29.181100845336914,1.0,0.832109272480011,full_shared_detggn_blockdiag_bxb,torch.float64,3.824694871923384e-08,5.553393909991685e-14,3.4680307774565553e-12,two_independent_raw_bxb_fp64_jacobi_cholesky,1024,0.063719242811203,-0.017757605761289597,0.09319324791431427,0.0001,59,245760,150.9550219886005,245760,1.0,1e-06,paper_sgd_momentum_1e-6,3.861269474029541,0.1366223245859146,0.7941609621047974,8.723998069763184,0.8559711575508118,-1.5314593315124512,1.3408243656158447
14,0,-1.4021950960159302,3.2264058589935303,-1.4357707500457764,-3.291435718536377,0.20651844143867493,0,0.30697908997535706,1.4142135623730854,0.03342428110274474,0.00012778972450178117,20306.21484375,6.012540870349539e-14,22.62741470336914,3.3165519745799546e-12,512,0,0.4944557845592499,0.8199506324915896,0.2475390899867162,0.00020583281002473086,46703.8125,3.684621654210579e-14,18.826452255249023,2.027904997052693e-12,512,4670.38134765625,0.10217173397541046,1.0,1.0,0.07017782330513,0.29884985089302063,0.6286932826042175,0.4753507971763611,0.5884610414505005,0.00025312500656582415,0.1361181139945984,0.0,1.0,1.0,512,0.0005062500000000001,0.23975475132465363,482.32,4.25,1643,0.6080620884895325,10.832523345947266,3.3165519745799546e-12,0,0.822284460067749,0.1,91.75267028808594,1.0,0.6080620884895325,full_shared_detggn_blockdiag_bxb,torch.float64,9.385856287735805e-07,6.012540870349539e-14,3.3165519745799546e-12,two_independent_raw_bxb_fp64_jacobi_cholesky,1024,0.0630207359790802,-0.009693946689367294,0.06922563910484314,0.00033750000000000007,69,286720,175.9967195428908,286720,1.0,1e-06,paper_sgd_momentum_1e-6,2.9964373111724854,0.10000000149011612,1.3941452503204346,7.103329658508301,2.0201592445373535,-1.4482231140136719,2.0171680450439453
14,0,-1.4615910053253174,0.040010418742895126,-1.4438809156417847,-3.3290417194366455,0.09771300852298737,0,0.4411758482456207,1.414213562336873,0.03049817931614024,2.8770109565812163e-05,23214.17578125,2.4696164778468733e-14,22.62741470336914,2.67356621183654e-12,512,0,0.5153685808181763,0.6226123004003912,0.26436807856260225,3.360839036758989e-05,38300.125,2.348140809668156e-14,15.090412139892578,1.5981718992163984e-12,512,3830.0126953125,0.28066307306289673,1.0,1.0,0.10134764760732651,0.4293772280216217,0.8759286403656006,0.4901965856552124,0.7431588768959045,4.999999509891495e-05,0.15909777581691742,0.0,1.0,1.0,512,0.00010000000000000003,0.32171130180358887,680.01,5.74,1642,0.766726016998291,57.96564483642578,2.67356621183654e-12,0,0.6521234512329102,0.1,180.29937744140625,1.0,0.7667259573936462,full_shared_detggn_blockdiag_bxb,torch.float64,1.2325378406785603e-07,2.4696164778468733e-14,2.67356621183654e-12,two_independent_raw_bxb_fp64_jacobi_cholesky,1024,0.07618601620197296,-0.05844176560640335,0.04447666555643082,0.0001,79,327680,201.25702474080026,327680,1.0,1e-06,paper_sgd_momentum_1e-6,5.886286735534668,0.10000000149011612,0.7118908166885376,2.9247543811798096,0.3533632755279541,-1.4383639097213745,1.3287392854690552
14,0,-1.3989753723144531,0.050175298005342484,-1.4114346504211426,-4.022153854370117,0.0914633721113205,0,0.4645281136035919,1.4142135619615543,0.03648925412191282,2.9794362490065396e-05,31499.2421875,3.586491196218324e-14,22.627416610717773,4.148049128412763e-12,512,0,0.5274015665054321,0.7898139516487124,0.2606893716737406,3.382700015208684e-05,35630.40625,3.1435132100121427e-14,16.410409927368164,1.482013611692685e-12,512,3563.04052734375,0.23219139873981476,1.0,1.0,0.1035989448428154,0.45282846689224243,0.8972057700157166,0.5047097206115723,0.7573347687721252,5.0000002374872565e-05,0.15303777158260345,0.0,1.0,1.0,512,0.0001,0.44321107864379883,873.35,6.15,1639,0.7795570492744446,63.494041442871094,4.148049128412763e-12,0,0.6413898468017578,0.1,93.87274932861328,1.0,0.7795571088790894,full_shared_detggn_blockdiag_bxb,torch.float64,1.306011938595475e-07,3.586491196218324e-14,4.148049128412763e-12,two_independent_raw_bxb_fp64_jacobi_cholesky,1024,0.07152483612298965,0.020426684990525246,0.05259796231985092,0.0001,89,368640,226.44427160173655,368640,1.0,1e-06,paper_sgd_momentum_1e-6,2.530531644821167,0.10000000149011612,0.48262178897857666,3.192638874053955,0.15956301987171173,-1.7897790670394897,1.200013518333435
14,0,-1.4049932956695557,-0.004343356471508741,-1.4070658683776855,-3.9192965030670166,0.10912215709686279,0,0.5066371560096741,1.4142135610284277,0.026132471836154785,3.2906893466133624e-05,29601.1015625,3.6614348337170505e-14,22.627416610717773,3.4897424446733957e-12,512,0,0.4875894784927368,0.7724854818592979,0.25873507293701886,3.166971873724833e-05,36014.328125,4.6734473771447125e-14,21.82278823852539,1.4509157467791332e-12,512,3601.43310546875,0.1987067013978958,1.0,1.0,0.11884982883930206,0.4924996495246887,1.0625057220458984,0.46352657675743103,0.7453765273094177,4.999999873689376e-05,0.15128326416015625,0.0,1.0,1.0,512,0.0001,0.5136345624923706,310.04,3.66,1638,0.7698039412498474,38.28006362915039,3.4897424446733957e-12,0,0.6495160460472107,0.1,18.155563354492188,1.0,0.7698039412498474,full_shared_detggn_blockdiag_bxb,torch.float64,8.074624702203437e-08,4.6734473771447125e-14,3.4897424446733957e-12,two_independent_raw_bxb_fp64_jacobi_cholesky,1024,0.09194651246070862,-0.013635499402880669,0.09301446378231049,0.0001,99,409600,251.54426033003256,409600,1.0,1e-06,paper_sgd_momentum_1e-6,3.6200766563415527,0.1359572559595108,0.11220097541809082,3.250701665878296,-0.09774154424667358,-2.2225170135498047,1.278375506401062
14,0,-1.4059900045394897,3.2969729900360107,-1.4286167621612549,-3.8384344577789307,0.1196056678891182,0,0.4732602536678314,1.4142135623727041,0.028604310043249346,2.936669989139773e-05,29713.55859375,5.1095636443310554e-14,22.627416610717773,5.024705627052277e-12,512,0,0.5505428910255432,0.8160251654911613,0.2383673578534905,3.416223626118153e-05,43446.1640625,3.407777507266517e-14,19.509258270263672,1.7598321102325848e-12,512,4344.6162109375,0.23451150953769684,1.0,1.0,0.11040066927671432,0.4602031707763672,0.8643285632133484,0.5324400663375854,0.7858011722564697,5.0000002374872565e-05,0.14001810550689697,0.0,1.0,1.0,512,0.00010000000000000003,0.49795496463775635,216.79,2.43,1642,0.8057771921157837,53.22743606567383,5.024705627052277e-12,0,0.6205190420150757,0.1,97.22542572021484,1.0,0.8057770729064941,full_shared_detggn_blockdiag_bxb,torch.float64,1.0247450177303108e-07,5.1095636443310554e-14,5.024705627052277e-12,two_independent_raw_bxb_fp64_jacobi_cholesky,1024,0.07755494862794876,-0.01433994248509407,0.07433810830116272,0.0001,109,450560,276.7518032458611,450560,1.0,1e-06,paper_sgd_momentum_1e-6,5.545211315155029,0.10863326489925385,-0.16691820323467255,5.9196319580078125,-0.305948942899704,-1.5232430696487427,1.1369030475616455
14,0,-1.3732320070266724,2.769092559814453,-1.3668946027755737,-2.8454537391662598,0.12613549828529358,0,0.4592030644416809,1.414213562373086,0.045425930121216665,2.6836385586648248e-05,35067.2734375,3.066924367595791e-14,22.627416610717773,3.5735632684540903e-12,512,0,0.6302564144134521,0.8355842454491086,0.22784785482492007,3.68329492630437e-05,48874.6015625,5.0128405717064055e-14,23.368528366088867,2.146509247811596e-12,512,4887.4599609375,0.21404023468494415,1.0,1.0,0.10547248274087906,0.44692617654800415,0.7439697980880737,0.600731611251831,0.8273540139198303,4.999999873689376e-05,0.19064298272132874,0.0,1.0,1.0,512,0.0001,0.4614413380622864,307.94,3.28,1641,0.8555604815483093,67.48400115966797,3.5735632684540903e-12,0,0.584412157535553,0.1,73.0228500366211,1.0,0.8555605411529541,full_shared_detggn_blockdiag_bxb,torch.float64,1.1524161180886949e-07,5.0128405717064055e-14,3.5735632684540903e-12,two_independent_raw_bxb_fp64_jacobi_cholesky,1024,0.05750630795955658,-0.007954049855470657,0.10665783286094666,0.0001,119,491520,301.87169580580667,491520,1.0,1e-06,paper_sgd_momentum_1e-6,2.68845534324646,0.21615630388259888,0.7041653394699097,5.888558864593506,0.9871017336845398,-1.6409672498703003,1.3524506092071533
14,0,-1.4214987754821777,-0.32441622018814087,-1.4428672790527344,-2.404911756515503,0.05540694296360016,0,0.49110838770866394,1.4142135623728929,0.028785282225848103,4.9174985178979114e-05,25992.869140625,2.072359991762861e-14,22.627416610717773,2.9943670776015976e-12,512,0,0.43597087264060974,0.8685437277407586,0.23643873496843254,4.3654032197082415e-05,42790.34375,1.9750805188998613e-14,21.656288146972656,1.239220944735758e-12,512,4279.0341796875,0.303059458732605,1.0,1.0,0.10864830762147903,0.4789394438266754,1.141197919845581,0.4196813106536865,0.7316357493400574,7.500000356230885e-05,0.11806013435125351,0.0,1.0,1.0,512,0.00015000000000000004,0.447920560836792,195.61,2.46,1643,0.7490217685699463,89.109375,2.9943670776015976e-12,0,0.6675373911857605,0.1,90.6614990234375,1.0,0.7490217089653015,full_shared_detggn_blockdiag_bxb,torch.float64,4.4671153887065884e-07,2.072359991762861e-14,2.9943670776015976e-12,two_independent_raw_bxb_fp64_jacobi_cholesky,1024,0.05163757503032684,0.0009845364838838577,0.09160054475069046,0.00010000000000000003,129,532480,326.96273951698095,532480,1.0,1e-06,paper_sgd_momentum_1e-6,4.053733825683594,0.17302867770195007,0.9793214201927185,2.8518319129943848,1.4418824911117554,-1.634103536605835,1.270963191986084
14,0,-1.4630606174468994,1.0581756830215454,-1.4582315683364868,-3.0494866371154785,0.09611847251653671,0,0.48073601722717285,1.414213562235454,0.019706151013708473,2.8289792680880055e-05,27781.15234375,2.389838686882607e-14,22.627416610717773,4.12716299177537e-12,512,0,0.5707650184631348,0.812263668055752,0.22333100065224631,3.358771573402919e-05,49540.02734375,1.675569046167499e-14,22.09161376953125,1.7819064166444162e-12,512,4954.0029296875,0.3007572591304779,1.0,1.0,0.1095275729894638,0.46809276938438416,0.8582885265350342,0.5453792810440063,0.8255890607833862,5.0000002374872565e-05,0.16832751035690308,0.0,1.0,1.0,512,0.0001,0.3754974603652954,415.91,3.95,1640,0.8496633768081665,208.9265899658203,4.12716299177537e-12,0,0.5884683728218079,0.1,396.5015869140625,1.0,0.8496633768081665,full_shared_detggn_blockdiag_bxb,torch.float64,3.6175117656966904e-07,2.389838686882607e-14,4.12716299177537e-12,two_independent_raw_bxb_fp64_jacobi_cholesky,1024,0.046414636075496674,-0.01633397489786148,0.0953201949596405,0.0001,139,573440,352.0380784426816,573440,1.0,1e-06,paper_sgd_momentum_1e-6,4.118513584136963,0.10990714281797409,0.560057520866394,5.393064498901367,0.04818088933825493,-1.4386942386627197,1.2788331508636475
14,3,-1.3718254566192627,0.5282111763954163,-1.3966822624206543,-2.0883700847625732,0.05619458109140396,0,0.4913308918476105,1.4142135623727545,0.03541855823317639,2.85691894532647e-05,34954.2734375,2.874118782552162e-14,22.627416610717773,4.415962441880558e-12,512,0,0.523213267326355,0.7870929045819567,0.22382525599134773,3.0423037969740108e-05,56425.4609375,2.8057184813739014e-14,17.13787078857422,1.8272937037046113e-12,512,5642.5458984375,0.436190664768219,1.0,1.0,0.09889553487300873,0.48127511143684387,0.9593714475631714,0.501656711101532,0.8411592841148376,5.0000002374872565e-05,0.14863602817058563,0.0,1.0,1.0,512,0.0001,0.39743131399154663,360.99,3.49,1642,0.8598964810371399,135.51239013671875,4.415962441880558e-12,0,0.5814653635025024,0.1,146.88426208496094,1.0,0.8598964810371399,full_shared_detggn_blockdiag_bxb,torch.float64,2.2908503183316498e-07,2.874118782552162e-14,4.415962441880558e-12,two_independent_raw_bxb_fp64_jacobi_cholesky,1024,0.06712861359119415,0.006685925647616386,0.0573645681142807,0.0001,149,614400,377.11464575864375,614400,1.0,1e-06,paper_sgd_momentum_1e-6,4.052098751068115,0.14948390424251556,0.756783127784729,5.207921028137207,1.2922412157058716,-1.6630663871765137,1.6665040254592896
14,0,-1.3800482749938965,3.227231979370117,-1.4259638786315918,-2.068718910217285,0.12562553584575653,0,0.405049592256546,1.4142135497594643,0.015120695560836965,2.4861967176548205e-05,38690.03125,6.184921139165295e-14,22.627416610717773,4.24390050640837e-12,512,0,0.6272884607315063,0.7689774737662392,0.22822616657376418,3.850300345220603e-05,52318.57421875,1.1103551481105656e-13,22.042240142822266,3.6485129279891095e-12,512,5231.857421875,0.2086169272661209,1.0,1.0,0.0832037404179573,0.39641180634498596,0.6624934673309326,0.5983633399009705,0.7881579995155334,5.0000002374872565e-05,0.18828731775283813,0.0,1.0,1.0,512,0.0001,0.4411771893501282,512.8,5.15,1642,0.8145968317985535,34.03190612792969,4.24390050640837e-12,0,0.613800585269928,0.1,20.23260498046875,1.0,0.8145968317985535,full_shared_detggn_blockdiag_bxb,torch.float64,6.410780173382591e-08,1.1103551481105656e-13,4.24390050640837e-12,two_independent_raw_bxb_fp64_jacobi_cholesky,1024,0.06921979039907455,0.02483995631337166,0.09489458799362183,0.0001,159,655360,402.18102180399,655360,1.0,1e-06,paper_sgd_momentum_1e-6,10.0,0.1723153442144394,0.7561852335929871,5.673834323883057,0.7951445579528809,-1.497597098350525,0.41543951630592346
14,0,-1.4307985305786133,1.3437743186950684,-1.448114275932312,-2.9961013793945312,0.11573465913534164,0,0.5158182978630066,1.4142135417297983,0.022292437546936227,2.9989007089170627e-05,38003.3359375,3.195833145600299e-14,22.62741470336914,3.805570621285671e-12,512,0,0.6000661253929138,0.5410541615340602,0.2157164994526184,3.4887067158706486e-05,62504.171875,6.939218406203832e-14,20.008447647094727,3.0677268656847464e-12,512,6250.4169921875,0.18330229818820953,1.0,1.0,0.1092289537191391,0.5041205883026123,0.8783835768699646,0.5739185214042664,0.8348612785339355,4.999999873689376e-05,0.17520520091056824,0.0,1.0,1.0,512,0.0001,0.39609354734420776,735.55,8.0,1641,0.8600122928619385,88.64352416992188,3.805570621285671e-12,0,0.5813870429992676,0.1,95.74083709716797,1.0,0.8600122928619385,full_shared_detggn_blockdiag_bxb,torch.float64,1.4981237939082348e-07,6.939218406203832e-14,3.805570621285671e-12,two_independent_raw_bxb_fp64_jacobi_cholesky,1024,0.052655696868896484,-0.0008430033922195435,0.07819101214408875,0.0001,169,696320,427.2633311767131,696320,1.0,1e-06,paper_sgd_momentum_1e-6,3.694251537322998,0.1249958798289299,0.7937248349189758,5.009316921234131,0.9756549000740051,-1.4965425729751587,0.9218135476112366
14,0,-1.4559518098831177,0.44959014654159546,-1.4698559045791626,-2.2129013538360596,0.0418875627219677,0,0.5140179395675659,1.4142135492030419,0.02961309024276597,3.123305577901192e-05,29961.31640625,3.266274987209037e-14,22.627412796020508,3.929327304394931e-12,512,0,0.48008790612220764,0.5623858055633459,0.21736491576612144,2.917137862823438e-05,58564.421875,3.6711514191457855e-14,12.565799713134766,1.782386252434994e-12,512,5856.44189453125,0.36961832642555237,1.0,1.0,0.11954493820667267,0.499923437833786,1.0985047817230225,0.45509445667266846,0.7996615767478943,4.999999873689376e-05,0.1528836339712143,0.0,1.0,1.0,512,0.0001,0.38192009925842285,605.79,6.75,1639,0.8228747844696045,82.78369903564453,3.929327304394931e-12,0,0.6076257824897766,0.1,114.72831726074219,1.0,0.822874903678894,full_shared_detggn_blockdiag_bxb,torch.float64,1.528224657931787e-07,3.6711514191457855e-14,3.929327304394931e-12,two_independent_raw_bxb_fp64_jacobi_cholesky,1024,0.04904034733772278,0.0039283512160182,0.030839713290333748,0.0001,179,737280,453.1618696670048,737280,1.0,1e-06,paper_sgd_momentum_1e-6,4.446897506713867,0.13544701039791107,2.114285707473755,4.542881965637207,2.173705577850342,-1.475489616394043,0.6826136708259583
14,0,-1.4362657070159912,0.13705432415008545,-1.446946144104004,-2.6210219860076904,0.05436326190829277,0,0.47439295053482056,1.4142135587400528,0.018816025600129634,3.06500842270907e-05,40902.6171875,1.580164639575173e-14,22.62741470336914,2.4484710364677462e-12,512,0,0.4798293113708496,0.7566538339224981,0.22744905250265185,3.100132380495779e-05,54387.91015625,3.883312520904043e-14,29.815471649169922,1.699381775345296e-12,512,5438.791015625,0.31545719504356384,1.0,1.0,0.10177043825387955,0.46334806084632874,1.0257177352905273,0.45173054933547974,0.749910295009613,5.0000002374872565e-05,0.16178902983665466,0.0,1.0,1.0,512,0.0001,0.33681565523147583,811.98,9.2,1641,0.7738852500915527,109.86309051513672,2.4484710364677462e-12,0,0.6460906267166138,0.1,47.612770080566406,1.0,0.7738852500915527,full_shared_detggn_blockdiag_bxb,torch.float64,2.2930245791030757e-07,3.883312520904043e-14,2.4484710364677462e-12,two_independent_raw_bxb_fp64_jacobi_cholesky,1024,0.06801009923219681,0.02710413560271263,0.17362546920776367,0.0001,189,778240,478.2703389446251,778240,1.0,1e-06,paper_sgd_momentum_1e-6,4.962960720062256,0.10000000149011612,1.5287728309631348,3.8162434101104736,2.338571786880493,-1.3902497291564941,2.1797709465026855
14,0,-1.3569812774658203,0.7337824702262878,-1.3657996654510498,-3.7953083515167236,0.0504952073097229,0,0.518661379814148,1.4142135623553165,0.019366275960446516,3.256736454204656e-05,41175.6875,2.7166369972497267e-14,22.627416610717773,5.724990024763316e-12,512,0,0.48282453417778015,0.3982407143251962,0.24182651312848694,3.0317125492729247e-05,53220.7734375,6.602854314306109e-14,13.65606689453125,2.1628987886717176e-12,512,5322.07763671875,0.263452410697937,1.0,1.0,0.10924924910068512,0.507024884223938,1.1179282665252686,0.45353972911834717,0.7711817622184753,4.999999873689376e-05,0.16559363901615143,0.0,1.0,1.0,512,0.0001,0.3399401903152466,795.53,8.69,1638,0.7962900996208191,243.8978271484375,5.724990024763316e-12,0,0.6279118657112122,0.1,45.740047454833984,1.0,0.7962900996208191,full_shared_detggn_blockdiag_bxb,torch.float64,4.808120479538047e-07,6.602854314306109e-14,5.724990024763316e-12,two_independent_raw_bxb_fp64_jacobi_cholesky,1024,0.05839848518371582,-0.0149393230676651,0.036423467099666595,0.0001,199,819200,503.3776717046276,819200,1.0,1e-06,paper_sgd_momentum_1e-6,5.516445636749268,0.21209090948104858,1.1814312934875488,3.462153911590576,1.4727638959884644,-1.5807173252105713,0.7828062772750854
14,0,-1.3573365211486816,-0.5884475708007812,-1.3614224195480347,-1.9355725049972534,0.02263139747083187,0,0.537782609462738,1.4142134626486014,0.019404263007222894,3.602250581025146e-05,49108.1953125,2.7893492519617286e-14,22.627412796020508,5.374301181547655e-12,512,0,0.39740270376205444,0.49822955848108486,0.2355084591424577,2.6619383788784035e-05,51065.9296875,2.477846553512318e-14,11.897727012634277,1.2943513076171308e-12,512,5106.5927734375,0.2574765682220459,1.0,1.0,0.14118140935897827,0.5189199447631836,1.4563682079315186,0.35631096363067627,0.711540162563324,4.999999509891495e-05,0.17598697543144226,0.0,1.0,1.0,512,0.0001,0.39456552267074585,701.75,7.03,1638,0.7464535236358643,153.67892456054688,5.374301181547655e-12,0,0.6698340177536011,0.1,89.48818969726562,1.0,0.746453583240509,full_shared_detggn_blockdiag_bxb,torch.float64,3.447614176366187e-07,2.7893492519617286e-14,5.374301181547655e-12,two_independent_raw_bxb_fp64_jacobi_cholesky,1024,0.08570794761180878,-0.011423677206039429,0.02764763869345188,0.0001,209,860160,528.4847320569679,860160,1.0,1e-06,paper_sgd_momentum_1e-6,5.4593281745910645,0.10747562348842621,1.238803744316101,2.3833460807800293,1.4099470376968384,-1.3831653594970703,0.6288595199584961
14,0,-1.3866020441055298,0.20431293547153473,-1.3959524631500244,-2.078481435775757,0.03391822427511215,0,0.5582310557365417,1.414213562371941,0.0189628749878047,3.6017045204062015e-05,41485.265625,2.814093754847376e-14,22.62741470336914,4.58235041199673e-12,512,0,0.4270452558994293,0.8080194075015534,0.24535406344843402,2.7552943720365874e-05,46243.6796875,2.6290954843352945e-14,13.477185249328613,1.4182589006288366e-12,512,4624.3681640625,0.22350795567035675,1.0,1.0,0.11894795298576355,0.5454111695289612,1.4128913879394531,0.3860248327255249,0.7436749935150146,5.0000002374872565e-05,0.1826266646385193,0.0,1.0,1.0,512,0.0001,0.3524194359779358,953.27,9.42,1640,0.7749540209770203,97.52061462402344,4.58235041199673e-12,0,0.6451995968818665,0.1,110.21786499023438,1.0,0.7749540209770203,full_shared_detggn_blockdiag_bxb,torch.float64,2.0298065805945953e-07,2.814093754847376e-14,4.58235041199673e-12,two_independent_raw_bxb_fp64_jacobi_cholesky,1024,0.0659620463848114,-0.028845755383372307,0.035475488752126694,0.0001,219,901120,553.5733424648643,901120,1.0,1e-06,paper_sgd_momentum_1e-6,3.632847785949707,0.20766793191432953,0.8823408484458923,3.176628589630127,1.1761622428894043,-1.4081623554229736,0.7737923264503479
14,0,-1.423841953277588,0.2747967839241028,-1.418973684310913,-3.593722343444824,0.04557492583990097,0,0.4668186604976654,1.4142135608220012,0.0169474079675155,3.043688957404811e-05,46771.515625,2.5476408620129912e-14,22.62741470336914,3.5343214947555387e-12,512,0,0.4723813533782959,0.7615040915391583,0.218676688388196,3.079957969021052e-05,56157.3515625,3.4467515296187845e-14,16.643476486206055,1.9610035717857032e-12,512,5615.73486328125,0.3333434760570526,1.0,1.0,0.1035945937037468,0.4551788866519928,1.0364786386489868,0.43915894627571106,0.7396376132965088,4.999999873689376e-05,0.17402172088623047,0.0,1.0,1.0,512,0.0001,0.31557244062423706,896.96,9.17,1641,0.7668631672859192,98.21713256835938,3.5343214947555387e-12,0,0.6520067453384399,0.1,98.46341705322266,1.0,0.766863226890564,full_shared_detggn_blockdiag_bxb,torch.float64,2.087667780870106e-07,3.4467515296187845e-14,3.5343214947555387e-12,two_independent_raw_bxb_fp64_jacobi_cholesky,1024,0.07617603987455368,-0.013557273894548416,0.05410259589552879,0.0001,229,942080,578.6527698999271,942080,1.0,1e-06,paper_sgd_momentum_1e-6,9.828534126281738,0.11207932978868484,0.06911887228488922,3.100562334060669,-0.372364342212677,-1.5404369831085205,1.023008942604065
14,0,-1.4018632173538208,-0.38515719771385193,-1.4122788906097412,-1.9554895162582397,0.02304033562541008,0,0.5565811991691589,1.4142128756619665,0.024076778382455234,3.411519355722703e-05,60907.90625,3.7784444977776184e-14,22.62741470336914,6.688861823099881e-12,512,0,0.43145301938056946,0.3829577559650652,0.22540559432901522,2.6445562980370596e-05,56773.99609375,3.559454036545493e-14,13.425697326660156,1.3903267050165868e-12,512,5677.3994140625,0.352909117937088,1.0,1.0,0.12119178473949432,0.5432266592979431,1.3929997682571411,0.38996896147727966,0.7852803468704224,5.0000002374872565e-05,0.18459661304950714,0.0,1.0,1.0,512,0.0001,0.46275702118873596,629.37,6.21,1642,0.8157380819320679,163.64920043945312,6.688861823099881e-12,0,0.6129418611526489,0.1,57.624935150146484,1.0,0.8157380819320679,full_shared_detggn_blockdiag_bxb,torch.float64,3.0741315981686057e-07,3.7784444977776184e-14,6.688861823099881e-12,two_independent_raw_bxb_fp64_jacobi_cholesky,1024,0.06266388297080994,0.03627866879105568,0.03520495444536209,0.0001,239,983040,603.7466731849127,983040,1.0,1e-06,paper_sgd_momentum_1e-6,10.0,0.10000000149011612,0.6629524827003479,1.765220284461975,0.9729441404342651,-1.6975693702697754,0.709575355052948
14,0,-1.4338151216506958,0.3333572447299957,-1.4497941732406616,-2.1653623580932617,0.0381719209253788,0,0.5021734833717346,1.4142119048578747,0.019416124172378542,3.199321508873254e-05,54362.3984375,2.4050306319763447e-14,22.62741470336914,4.386098932970215e-12,512,0,0.4820214807987213,0.5077725992155444,0.23289230554194232,3.070933962590061e-05,50389.52734375,3.597306922718439e-14,14.408472061157227,1.5714614139840762e-12,512,5038.953125,0.27143800258636475,1.0,1.0,0.11496198922395706,0.488837331533432,1.1094586849212646,0.4406088590621948,0.7513360381126404,5.0000002374872565e-05,0.19547003507614136,0.0,1.0,1.0,512,0.0001,0.5000432133674622,751.9,7.7,1639,0.7848124504089355,160.73768615722656,4.386098932970215e-12,0,0.6370948553085327,0.1,54.53485107421875,1.0,0.7848125100135803,full_shared_detggn_blockdiag_bxb,torch.float64,3.262089762756659e-07,3.597306922718439e-14,4.386098932970215e-12,two_independent_raw_bxb_fp64_jacobi_cholesky,1024,0.09604592621326447,0.0018798355013132095,0.04054766893386841,0.0001,249,1024000,628.8315625516698,1024000,1.0,1e-06,paper_sgd_momentum_1e-6,5.911698341369629,0.1105094626545906,0.9355005621910095,3.4473509788513184,1.0988270044326782,-1.4583429098129272,0.5050608515739441
14,0,-1.4624292850494385,-0.8253005743026733,-1.4695185422897339,-3.098952293395996,0.026636676862835884,0,0.5687156915664673,1.4142135137962686,0.02869825997420415,3.609612031141296e-05,47747.13671875,2.5054013694501953e-14,22.62741470336914,4.167043206187575e-12,512,0,0.41002020239830017,0.3883749580161499,0.23917327748671174,2.602379026939161e-05,55354.62890625,4.9102864558676754e-14,11.38083267211914,1.414480126064073e-12,512,5535.462890625,0.27669551968574524,1.0,1.0,0.1348106414079666,0.552506685256958,1.449752926826477,0.3811040222644806,0.7612794041633606,4.999999509891495e-05,0.15124914050102234,0.0,1.0,1.0,512,0.0001,0.39848750829696655,1029.39,10.65,1640,0.7877795100212097,128.634033203125,4.167043206187575e-12,0,0.6346953511238098,0.1,26.868391036987305,1.0,0.7877795100212097,full_shared_detggn_blockdiag_bxb,torch.float64,2.59093496879359e-07,4.9102864558676754e-14,4.167043206187575e-12,two_independent_raw_bxb_fp64_jacobi_cholesky,1024,0.05665799602866173,-0.019849708303809166,0.025297529995441437,0.0001,259,1064960,653.9161957167089,1064960,1.0,1e-06,paper_sgd_momentum_1e-6,3.061974048614502,0.1550072282552719,1.446513295173645,3.006018877029419,1.6825344562530518,-1.4719096422195435,0.6303884983062744
14,0,-1.4874181747436523,-0.24714656174182892,-1.4957795143127441,-2.268414258956909,0.023016242310404778,0,0.5479241609573364,1.4142135617864007,0.012936378352225771,3.7128156691323966e-05,44102.0390625,2.001332290035325e-14,22.62741470336914,3.2650064891914705e-12,512,0,0.36557629704475403,0.3801887559029648,0.2315730178663577,2.4771994503680617e-05,55146.0703125,6.130398862272462e-14,12.511503219604492,1.441429861245611e-12,512,5514.60693359375,0.2760830223560333,1.0,1.0,0.1274089813232422,0.532905101776123,1.573205828666687,0.3387383222579956,0.7136769890785217,4.999999873689376e-05,0.13748593628406525,0.0,1.0,1.0,512,0.0001,0.37953293323516846,1014.69,10.24,1641,0.7378821969032288,112.59174346923828,3.2650064891914705e-12,0,0.6776148676872253,0.1,19.437440872192383,1.0,0.7378822565078735,full_shared_detggn_blockdiag_bxb,torch.float64,2.5848919449344976e-07,6.130398862272462e-14,3.2650064891914705e-12,two_independent_raw_bxb_fp64_jacobi_cholesky,1024,0.08201104402542114,-0.0369756780564785,0.03057377226650715,0.0001,269,1105920,679.012910132762,1105920,1.0,1e-06,paper_sgd_momentum_1e-6,10.0,0.10000000149011612,1.0049238204956055,2.7863473892211914,1.2597849369049072,-1.489815592765808,0.6402814388275146
14,3,-1.4929063320159912,-0.9576389789581299,-1.4940952062606812,-2.496126413345337,0.017430080100893974,0,0.5551139712333679,1.4142135623728298,0.01792188674885733,3.3407104638172314e-05,45043.0,2.296198590918507e-14,22.62741470336914,5.496038691894677e-12,512,0,0.4623168706893921,0.5929309623962244,0.23749804068150954,2.7822516130981967e-05,50223.875,1.5376955522890515e-14,14.99189281463623,1.119279516387257e-12,512,5022.38671875,0.32807570695877075,1.0,1.0,0.12344316393136978,0.541214644908905,1.272595763206482,0.4252840280532837,0.8013573288917542,4.999999509891495e-05,0.1813020408153534,0.0,1.0,1.0,512,0.0001,0.37368595600128174,763.22,7.3,1643,0.8308321833610535,305.1484680175781,5.496038691894677e-12,0,0.6018062233924866,0.1,200.3755340576172,1.0,0.8308321833610535,full_shared_detggn_blockdiag_bxb,torch.float64,5.525791948457481e-07,2.296198590918507e-14,5.496038691894677e-12,two_independent_raw_bxb_fp64_jacobi_cholesky,1024,0.06717188656330109,-0.016170959919691086,0.04389781504869461,0.0001,279,1146880,704.0806348649785,1146880,1.0,1e-06,paper_sgd_momentum_1e-6,4.402776718139648,0.10000000149011612,0.4623817801475525,1.6803346872329712,0.8209774494171143,-1.5262175798416138,0.7364910244941711
14,0,-1.5425876379013062,-0.8229398727416992,-1.5185939073562622,-3.890363931655884,0.049542903900146484,0,0.4439848065376282,1.4142134729277394,0.02188032098003381,2.7777166906162165e-05,50721.8515625,1.2049760629991061e-14,22.627416610717773,2.160695296995726e-12,512,0,0.5556377172470093,0.7941809372857154,0.2187653132869108,3.4762542782118544e-05,54252.4140625,2.7797065974492306e-14,18.78676986694336,1.6979379656208902e-12,512,5425.2412109375,0.2692585587501526,1.0,1.0,0.11509250849485397,0.42880791425704956,0.8538293242454529,0.5022173523902893,0.7542862892150879,5.0000002374872565e-05,0.23772060871124268,0.0,1.0,1.0,512,0.0001,0.4838893413543701,638.12,5.89,1639,0.7991902828216553,187.84646606445312,2.160695296995726e-12,0,0.6256332397460938,0.1,116.43708038330078,1.0,0.7991902828216553,full_shared_detggn_blockdiag_bxb,torch.float64,3.676314861422725e-07,2.7797065974492306e-14,2.160695296995726e-12,two_independent_raw_bxb_fp64_jacobi_cholesky,1024,0.05215400457382202,0.03737252205610275,0.0689341276884079,0.0001,289,1187840,729.1804855666123,1187840,1.0,1e-06,paper_sgd_momentum_1e-6,4.2949981689453125,0.22529242932796478,0.27751773595809937,1.7861489057540894,0.8313652873039246,-1.515061616897583,0.952187180519104
14,0,-1.5206594467163086,-0.25256314873695374,-1.527298927307129,-2.1394381523132324,0.024130865931510925,0,0.5677443146705627,1.4142135528374622,0.023954103348159585,3.573905269149691e-05,54442.54296875,2.181460021313658e-14,22.62741470336914,2.68746711831308e-12,512,0,0.42683249711990356,0.7541750746911312,0.21259083209625823,2.686876723601017e-05,53972.6484375,2.603085477250046e-14,18.207334518432617,1.2873107015450113e-12,512,5397.2646484375,0.2607560455799103,1.0,1.0,0.13307687640190125,0.5519276857376099,1.3719385862350464,0.40229764580726624,0.7699652910232544,4.999999873689376e-05,0.14262747764587402,0.0,1.0,1.0,512,0.0001,0.4187365472316742,687.29,6.33,1640,0.7942911982536316,76.54887390136719,2.68746711831308e-12,0,0.6294920444488525,0.1,132.01454162597656,1.0,0.7942911982536316,full_shared_detggn_blockdiag_bxb,torch.float64,1.516663843403876e-07,2.603085477250046e-14,2.68746711831308e-12,two_independent_raw_bxb_fp64_jacobi_cholesky,1024,0.07822704315185547,0.024045009166002274,0.06474746763706207,0.0001,299,1228800,754.3104935637675,1228800,1.0,1e-06,paper_sgd_momentum_1e-6,4.944282054901123,0.10432270169258118,0.4723227024078369,1.6424304246902466,0.672468900680542,-1.5351336002349854,0.4630587100982666
14,0,-1.56911039352417,-0.20348405838012695,-1.56253182888031,-3.8792738914489746,0.041803549975156784,0,0.5025063157081604,1.4142134523942518,0.03002198751368852,3.2818054023664445e-05,55964.2578125,2.0826746945086837e-14,22.62741470336914,5.55680187431881e-12,512,0,0.4484257996082306,0.7528872931295969,0.21178803067491847,2.928612411778886e-05,58320.390625,4.940200482832148e-14,14.197187423706055,1.875755038878179e-12,512,5832.0390625,0.29408496618270874,1.0,1.0,0.1220569983124733,0.4874573349952698,1.176937222480774,0.41417446732521057,0.7359969615936279,4.999999509891495e-05,0.17188718914985657,0.0,1.0,1.0,512,0.0001,0.4502111077308655,921.81,8.75,1642,0.7655942440032959,344.3674011230469,5.55680187431881e-12,0,0.6530874371528625,0.1,47.04804992675781,1.0,0.7655942440032959,full_shared_detggn_blockdiag_bxb,torch.float64,7.344033861045318e-07,4.940200482832148e-14,5.55680187431881e-12,two_independent_raw_bxb_fp64_jacobi_cholesky,1024,0.07184956967830658,-0.02048516273498535,0.03936721011996269,0.0001,309,1269760,779.5017012096941,1269760,1.0,1e-06,paper_sgd_momentum_1e-6,3.5893025398254395,0.10000000149011612,0.7186331748962402,3.0849127769470215,0.9963136911392212,-1.5597827434539795,0.6383007168769836
14,0,-1.5887725353240967,-1.066696047782898,-1.5778098106384277,-2.6803431510925293,0.025146419182419777,0,0.4920614957809448,1.414213562130989,0.02309459217989233,3.3465057640569285e-05,49400.30078125,2.4773327537116583e-14,22.62741470336914,3.9581170922757184e-12,512,0,0.41200241446495056,0.7437145367302318,0.21598272358858608,2.8020247555105016e-05,62969.875,2.1459131346874594e-14,16.165977478027344,1.4303463642965282e-12,512,6296.9873046875,0.3172420263290405,1.0,1.0,0.10979019850492477,0.47965678572654724,1.3009717464447021,0.36869117617607117,0.7033015489578247,4.999999873689376e-05,0.18388260900974274,0.0,1.0,1.0,512,0.0001,0.32561343908309937,858.11,7.75,1642,0.7351868748664856,124.33917236328125,3.9581170922757184e-12,0,0.6800991296768188,0.1,185.1758270263672,1.0,0.7351869344711304,full_shared_detggn_blockdiag_bxb,torch.float64,2.8755599146279565e-07,2.4773327537116583e-14,3.9581170922757184e-12,two_independent_raw_bxb_fp64_jacobi_cholesky,1024,0.07286665588617325,0.04295233637094498,0.051042743027210236,0.0001,319,1310720,804.5611578547396,1310720,1.0,1e-06,paper_sgd_momentum_1e-6,9.389725685119629,0.10000000149011612,0.9219039082527161,2.323845386505127,1.3445894718170166,-1.5703282356262207,0.8660581111907959
14,0,-1.5873639583587646,-1.026216745376587,-1.5828286409378052,-2.5464577674865723,0.02156505361199379,0,0.527975857257843,1.4142135622304708,0.018498890717531382,3.363150972290896e-05,65615.046875,2.732483681211148e-14,22.62741470336914,4.683603896860048e-12,512,0,0.4285964071750641,0.7247203280783884,0.2036179338188936,2.730114465521183e-05,61947.06640625,2.0333442698016765e-14,12.265467643737793,1.493368721407189e-12,512,6194.70654296875,0.3395681083202362,1.0,1.0,0.11372297257184982,0.515582799911499,1.3189350366592407,0.390908420085907,0.7565155029296875,4.999999509891495e-05,0.17574270069599152,0.0,1.0,1.0,512,0.0001,0.4599846601486206,661.95,6.2,1643,0.7849421501159668,178.34706115722656,4.683603896860048e-12,0,0.6369895935058594,0.1,191.02532958984375,1.0,0.7849421501159668,full_shared_detggn_blockdiag_bxb,torch.float64,3.618266930516256e-07,2.732483681211148e-14,4.683603896860048e-12,two_independent_raw_bxb_fp64_jacobi_cholesky,1024,0.07295854389667511,-0.03030088171362877,0.029383143410086632,0.0001,329,1351680,829.6436586580239,1351680,1.0,1e-06,paper_sgd_momentum_1e-6,4.813635349273682,0.10000000149011612,0.5846881866455078,1.9624152183532715,0.7995374798774719,-1.5860620737075806,0.5780925154685974
14,3,-1.5895824432373047,-0.01226169615983963,-1.5941874980926514,-2.2701895236968994,0.020373212173581123,0,0.5435285568237305,1.414213540288168,0.02068813048682012,3.500135790091008e-05,62811.6953125,4.4317111031053614e-14,22.62741470336914,4.083995640756809e-12,512,0,0.427175909280777,0.3821033604311902,0.2183086412629182,2.750864950940013e-05,61900.30078125,4.198383719606947e-14,12.982577323913574,1.5083530526359416e-12,512,6190.0302734375,0.26908883452415466,1.0,1.0,0.1332760751247406,0.5269352793693542,1.3434587717056274,0.39222288131713867,0.7459589838981628,4.999999873689376e-05,0.1692349761724472,0.0,1.0,1.0,512,0.0001,0.47757092118263245,762.04,7.43,1642,0.7764392495155334,33.4527587890625,4.083995640756809e-12,0,0.6439654231071472,0.1,40.23411560058594,1.0,0.7764391899108887,full_shared_detggn_blockdiag_bxb,torch.float64,6.936286212066989e-08,4.4317111031053614e-14,4.083995640756809e-12,two_independent_raw_bxb_fp64_jacobi_cholesky,1024,0.06809283792972565,0.02177995815873146,0.032919399440288544,0.0001,339,1392640,854.7246269118041,1392640,1.0,1e-06,paper_sgd_momentum_1e-6,7.1714653968811035,0.1677445024251938,0.6950129270553589,2.629606008529663,0.7625716328620911,-1.6033198833465576,0.231303870677948
14,0,-1.6069302558898926,-0.9757093191146851,-1.6021254062652588,-2.905940532684326,0.02785099670290947,0,0.5716648697853088,1.4142135447391109,0.01286098866129233,3.408212432987057e-05,58212.6796875,1.0815169129267389e-13,22.62741470336914,1.103141440131533e-11,512,0,0.4644280970096588,0.7423539766496018,0.21105695463176677,2.7688767659128644e-05,57564.5078125,3.5539898384128786e-14,15.650350570678711,1.5445213343480417e-12,512,5756.4501953125,0.302927702665329,1.0,1.0,0.13138903677463531,0.5563610792160034,1.2889797687530518,0.4316290318965912,0.8103667497634888,4.999999873689376e-05,0.1714346557855606,0.0,1.0,1.0,512,0.0001,0.4942752420902252,799.45,7.52,1640,0.8386578559875488,45.84104537963867,1.103141440131533e-11,0,0.5961906313896179,0.1,55.637840270996094,1.0,0.8386579155921936,full_shared_detggn_blockdiag_bxb,torch.float64,8.146945162934571e-08,1.0815169129267389e-13,1.103141440131533e-11,two_independent_raw_bxb_fp64_jacobi_cholesky,1024,0.07537302374839783,-0.03047918528318405,0.047838564962148666,0.0001,349,1433600,879.8199643855914,1433600,1.0,1e-06,paper_sgd_momentum_1e-6,7.692677974700928,0.14439170062541962,-0.2319115698337555,1.5408165454864502,-0.6252891421318054,-1.6114753484725952,0.9221769571304321
14,0,-1.6353425979614258,-1.0614820718765259,-1.6196911334991455,-2.7999415397644043,0.027565868571400642,0,0.552397608757019,1.4142135615925244,0.018733164485914274,3.4676253562793136e-05,63662.7109375,3.113039339013717e-14,22.62741470336914,5.2309789618261404e-12,512,0,0.4229949712753296,0.7008268879718045,0.19455960240444192,2.6553119823802263e-05,61021.046875,2.761645975632004e-14,15.0698881149292,1.731908219313913e-12,512,6102.10498046875,0.3217383027076721,1.0,1.0,0.1375415325164795,0.5350003838539124,1.3781882524490356,0.3881910741329193,0.7663376331329346,4.999999509891495e-05,0.16802504658699036,0.0,1.0,1.0,512,0.0001,0.43142014741897583,503.56,4.8,1641,0.7965070009231567,134.93936157226562,5.2309789618261404e-12,0,0.6277408599853516,0.1,158.20101928710938,1.0,0.7965070009231567,full_shared_detggn_blockdiag_bxb,torch.float64,2.658700282154314e-07,3.113039339013717e-14,5.2309789618261404e-12,two_independent_raw_bxb_fp64_jacobi_cholesky,1024,0.05701178312301636,0.016487879678606987,0.04435576871037483,0.0001,359,1474560,904.9291740227491,1474560,1.0,1e-06,paper_sgd_momentum_1e-6,2.988454580307007,0.1097831204533577,0.7835605144500732,2.1214182376861572,1.154514193534851,-1.6199243068695068,0.7125410437583923
14,0,-1.6409912109375,-0.9715026617050171,-1.6282697916030884,-4.182759761810303,0.04532069340348244,0,0.5358901023864746,1.414213559756691,0.02810676136734434,3.2884312531678006e-05,54331.6796875,1.1438188713482535e-14,22.627416610717773,3.817279434381776e-12,512,0,0.46669358015060425,0.467888545967676,0.1942549937650965,2.8638143703574315e-05,62469.1796875,1.9868861899198134e-14,16.62421417236328,1.7696364552429117e-12,512,6246.91796875,0.3177494704723358,1.0,1.0,0.1314910650253296,0.5195077657699585,1.2043910026550293,0.43134477734565735,0.7841445207595825,4.999999873689376e-05,0.1781700700521469,0.0,1.0,1.0,512,0.0001,0.44849368929862976,666.6,7.2,1641,0.8148110508918762,540.1651000976562,3.817279434381776e-12,0,0.6136391758918762,0.1,255.78298950195312,1.0,0.814811110496521,full_shared_detggn_blockdiag_bxb,torch.float64,1.0170039104195894e-06,1.9868861899198134e-14,3.817279434381776e-12,two_independent_raw_bxb_fp64_jacobi_cholesky,1024,0.04245087876915932,-0.023858580738306046,0.053977444767951965,0.0001,369,1515520,930.0277912770398,1515520,1.0,1e-06,paper_sgd_momentum_1e-6,3.40682053565979,0.14105954766273499,0.7512516379356384,2.3386318683624268,1.1226950883865356,-1.7622607946395874,1.1023056507110596
14,0,-1.5857720375061035,-0.45003610849380493,-1.5963938236236572,-2.244983434677124,0.025134997442364693,0,0.5356860160827637,1.4142135504718247,0.02113923689657802,3.3561289455974475e-05,59379.35546875,2.5602040037351537e-14,22.627412796020508,4.158614229546791e-12,512,0,0.42565369606018066,0.48971535768705887,0.20078624966501568,2.666764885361772e-05,70016.03125,2.2616556251262786e-14,10.084102630615234,1.4817411373117404e-12,512,7001.603515625,0.37009838223457336,1.0,1.0,0.11383335292339325,0.5234515070915222,1.3213785886764526,0.396140456199646,0.7744068503379822,5.0000002374872565e-05,0.1557362824678421,0.0,1.0,1.0,512,0.0001,0.37182939052581787,828.81,9.31,1640,0.7980713844299316,131.18063354492188,4.158614229546791e-12,0,0.6265104413032532,0.1,187.61270141601562,1.0,0.7980713248252869,full_shared_detggn_blockdiag_bxb,torch.float64,2.574520578946249e-07,2.5602040037351537e-14,4.158614229546791e-12,two_independent_raw_bxb_fp64_jacobi_cholesky,1024,0.06433756649494171,-0.011751320213079453,0.01986115798354149,0.0001,379,1556480,955.1346078286879,1556480,1.0,1e-06,paper_sgd_momentum_1e-6,2.935077428817749,0.1336844265460968,0.8180025815963745,2.530017375946045,1.037426471710205,-1.715904951095581,0.8961925506591797
14,0,-1.5997929573059082,-0.9122355580329895,-1.6040537357330322,-2.1132633686065674,0.01937546208500862,0,0.5164273977279663,1.4142135623725396,0.017991897962152555,3.220337021048181e-05,57729.6640625,9.786060763600056e-15,22.62741470336914,3.8634719332672076e-12,512,0,0.4310320317745209,0.47374613555026457,0.21109019577468427,2.687828782654833e-05,60730.1328125,2.483334869569902e-14,12.304555892944336,1.4574956185562478e-12,512,6073.0126953125,0.427752286195755,1.0,1.0,0.11534160375595093,0.5033820867538452,1.2550969123840332,0.4010702967643738,0.7776139974594116,4.999999509891495e-05,0.1578962504863739,0.0,1.0,1.0,512,0.0001,0.32342010736465454,801.36,9.48,1642,0.8018218278884888,688.3939208984375,3.8634719332672076e-12,0,0.6235798597335815,0.1,127.02273559570312,1.0,0.8018218874931335,full_shared_detggn_blockdiag_bxb,torch.float64,1.3384160411078483e-06,2.483334869569902e-14,3.8634719332672076e-12,two_independent_raw_bxb_fp64_jacobi_cholesky,1024,0.0894111841917038,-0.02569199539721012,0.029570721089839935,0.0001,389,1597440,980.2274040207267,1597440,1.0,1e-06,paper_sgd_momentum_1e-6,5.388983249664307,0.12162116914987564,1.1504223346710205,2.50724720954895,1.2112107276916504,-1.4330931901931763,0.4707678556442261
14,0,-1.604710578918457,-0.2897472083568573,-1.6136070489883423,-2.1157498359680176,0.026274630799889565,0,0.5529538989067078,1.4142135617765124,0.014624823723458932,3.4914162824861705e-05,73345.546875,8.06671408064054e-14,22.62741470336914,8.439379825606892e-12,512,0,0.40849795937538147,0.6392099989778767,0.1930490475313001,2.5793044187594205e-05,71295.6875,3.2364320720102936e-14,17.44989585876465,1.909481524576855e-12,512,7129.568359375,0.34186050295829773,1.0,1.0,0.11613619327545166,0.5406203866004944,1.4298218488693237,0.3781033158302307,0.7679009437561035,4.999999509891495e-05,0.15462364256381989,0.0,1.0,1.0,512,0.0001,0.4408453106880188,805.35,9.88,1640,0.7918761372566223,46.325828552246094,8.439379825606892e-12,0,0.6314118504524231,0.1,109.53239440917969,1.0,0.7918761372566223,full_shared_detggn_blockdiag_bxb,torch.float64,9.234612008413023e-08,8.06671408064054e-14,8.439379825606892e-12,two_independent_raw_bxb_fp64_jacobi_cholesky,1024,0.09863577783107758,-0.02439739555120468,0.059472423046827316,0.0001,399,1638400,1005.3180355876684,1638400,1.0,1e-06,paper_sgd_momentum_1e-6,10.0,0.10000000149011612,0.08656012266874313,2.7012851238250732,0.729229211807251,-2.083324670791626,1.712383508682251
14,0,-1.6589738130569458,-1.1206011772155762,-1.6453007459640503,-3.246544122695923,0.02968841791152954,0,0.4985584318637848,1.4142135622320149,0.01811396786288725,3.372845094418153e-05,69907.0546875,1.8996385246454784e-14,22.62741470336914,6.230563242617128e-12,512,0,0.4445248246192932,0.6076262092916179,0.17922146897975721,3.00729698210489e-05,65472.42578125,5.805060297212672e-14,10.973115921020508,1.872210336240624e-12,512,6547.2421875,0.22577214241027832,1.0,1.0,0.11034824699163437,0.48619315028190613,1.2028831243515015,0.4041898548603058,0.7069831490516663,4.999999873689376e-05,0.1850212812423706,0.0,1.0,1.0,512,0.0001,0.39581114053726196,813.64,9.7,1639,0.7390769720077515,467.5208740234375,6.230563242617128e-12,0,0.676519513130188,0.1,22.6643009185791,1.0,0.7390769720077515,full_shared_detggn_blockdiag_bxb,torch.float64,1.069871473191597e-06,5.805060297212672e-14,6.230563242617128e-12,two_independent_raw_bxb_fp64_jacobi_cholesky,1024,0.07707134634256363,-0.010157657787203789,0.023517433553934097,0.0001,409,1679360,1030.3961450648494,1679360,1.0,1e-06,paper_sgd_momentum_1e-6,3.834115505218506,0.10000000149011612,0.9360613822937012,2.143812417984009,1.1751984357833862,-1.645960807800293,0.8831391930580139
14,0,-1.663596510887146,-1.002314567565918,-1.6644610166549683,-2.771211624145508,0.020837347954511642,0,0.4848335087299347,1.4142135214589302,0.017322128998262912,3.632982770795934e-05,50124.265625,2.264620082680274e-14,22.627412796020508,4.271159678762055e-12,512,0,0.3685133457183838,0.6257474075522723,0.20968852032416876,2.7613657948677428e-05,56328.22265625,1.2454900261717364e-14,25.807907104492188,1.253387078984807e-12,512,5632.822265625,0.2081487774848938,1.0,1.0,0.11844509094953537,0.47014284133911133,1.4183247089385986,0.3314775824546814,0.6366243958473206,4.999999873689376e-05,0.16101141273975372,0.0,1.0,1.0,512,0.0001,0.411110520362854,844.21,9.59,1643,0.6672664284706116,161.01239013671875,4.271159678762055e-12,0,0.7493258714675903,0.1,285.3507385253906,1.0,0.6672664284706116,full_shared_detggn_blockdiag_bxb,torch.float64,4.520335892266303e-07,2.264620082680274e-14,4.271159678762055e-12,two_independent_raw_bxb_fp64_jacobi_cholesky,1024,0.054425083100795746,-0.0032948488369584084,0.13008750975131989,0.0001,419,1720320,1055.5669228378683,1720320,1.0,1e-06,paper_sgd_momentum_1e-6,4.942761421203613,0.13721317052841187,1.0017421245574951,2.7085578441619873,1.381809949874878,-1.6521992683410645,0.9199010133743286
14,0,-1.6512523889541626,-0.9221681952476501,-1.6511592864990234,-3.6252481937408447,0.029348092153668404,0,0.6271069049835205,1.4142135623490757,0.025566295682376998,3.438603016547859e-05,65152.9921875,1.2097461537946385e-14,22.62741470336914,3.71630882555801e-12,512,0,0.4629867374897003,0.5184320663536656,0.20877426475904592,2.5386860215803608e-05,64404.8515625,4.374519058893347e-14,13.908124923706055,1.850528245732772e-12,512,6440.48486328125,0.3855351507663727,1.0,1.0,0.12874004244804382,0.6137499213218689,1.4276371002197266,0.42990610003471375,0.8862180709838867,4.999999873689376e-05,0.17186464369297028,0.0,1.0,1.0,512,0.0001,0.40526145696640015,1049.81,11.3,1642,0.911862850189209,510.1871032714844,3.71630882555801e-12,0,0.5483280420303345,0.1,74.91439819335938,1.0,0.9118629097938538,full_shared_detggn_blockdiag_bxb,torch.float64,7.669735282433976e-07,4.374519058893347e-14,3.71630882555801e-12,two_independent_raw_bxb_fp64_jacobi_cholesky,1024,0.056783951818943024,0.002858194522559643,0.037780459970235825,0.0001,429,1761280,1080.6390432398766,1761280,1.0,1e-06,paper_sgd_momentum_1e-6,4.54072904586792,0.10000000149011612,0.5407860279083252,2.3570406436920166,0.8336635231971741,-1.6574007272720337,0.8571951985359192
14,0,-1.658441424369812,-0.9288954138755798,-1.6507444381713867,-2.787628650665283,0.023470833897590637,0,0.5681807398796082,1.4142135622990002,0.02399884368413233,3.1795454560779035e-05,52756.203125,2.885874705129522e-14,22.62741470336914,6.010031077511726e-12,512,0,0.5112206935882568,0.620291181822834,0.19784139565379574,2.8607964850380085e-05,58258.7421875,1.3784207199112532e-14,21.58216667175293,1.3113278005548792e-12,512,5825.8740234375,0.3686407506465912,1.0,1.0,0.12237484008073807,0.5548456907272339,1.2104136943817139,0.4583934247493744,0.85564786195755,4.999999873689376e-05,0.22632287442684174,0.0,1.0,1.0,512,0.0001,0.4459126591682434,1036.27,10.76,1645,0.89349365234375,211.41944885253906,6.010031077511726e-12,0,0.5596010684967041,0.1,311.2218017578125,1.0,0.89349365234375,full_shared_detggn_blockdiag_bxb,torch.float64,3.3103353302976757e-07,2.885874705129522e-14,6.010031077511726e-12,two_independent_raw_bxb_fp64_jacobi_cholesky,1024,0.07407371699810028,-0.017429163679480553,0.0909745991230011,0.0001,439,1802240,1105.7230933308601,1802240,1.0,1e-06,paper_sgd_momentum_1e-6,8.719291687011719,0.11332710832357407,0.25328004360198975,2.091055393218994,-0.003353739622980356,-1.6652545928955078,0.8293689489364624
14,0,-1.6664557456970215,-0.9520858526229858,-1.6667970418930054,-4.084511756896973,0.028597325086593628,0,0.5178748369216919,1.4142135623724814,0.012261313448790957,3.557858144631609e-05,56801.28125,2.48534642141011e-14,22.62741470336914,3.480443885290489e-12,512,0,0.3962986469268799,0.540658012929924,0.1886918536713646,2.7226160455029458e-05,60393.9765625,2.0370153723171177e-14,16.357772827148438,1.3951898793613162e-12,512,6039.3974609375,0.25442197918891907,1.0,1.0,0.12009723484516144,0.5037568211555481,1.4291759729385376,0.35248062014579773,0.6945827007293701,4.999999873689376e-05,0.1811353862285614,0.0,1.0,1.0,512,0.0001,0.43038052320480347,675.34,6.98,1643,0.7277901768684387,88.42152404785156,3.480443885290489e-12,0,0.687011182308197,0.1,118.91094970703125,1.0,0.7277901768684387,full_shared_detggn_blockdiag_bxb,torch.float64,2.0866789895990223e-07,2.48534642141011e-14,3.480443885290489e-12,two_independent_raw_bxb_fp64_jacobi_cholesky,1024,0.05925988033413887,0.0156949982047081,0.05226108431816101,0.0001,449,1843200,1130.7584478179924,1843200,1.0,1e-06,paper_sgd_momentum_1e-6,10.0,0.1607401818037033,0.3921751081943512,2.3066606521606445,0.7868508696556091,-1.6720552444458008,0.710483968257904
14,0,-1.6620776653289795,-1.142646312713623,-1.6671501398086548,-2.0460903644561768,0.01805337332189083,0,0.5220390558242798,1.414213561595836,0.013263063592078921,3.2468415156472474e-05,59571.0078125,2.3780773554579033e-14,22.62741470336914,4.2538808378451885e-12,512,0,0.4492238461971283,0.5856850071138585,0.2001960954548963,2.793964449665509e-05,57801.6875,1.972538558415012e-14,15.329285621643066,1.3886507634943622e-12,512,5780.16845703125,0.36662837862968445,1.0,1.0,0.1192442998290062,0.5082377195358276,1.2611708641052246,0.4029887914657593,0.7698463201522827,5.0000002374872565e-05,0.1984996497631073,0.0,1.0,1.0,512,0.0001,0.43369731307029724,785.71,7.74,1642,0.8039183020591736,146.58352661132812,4.2538808378451885e-12,0,0.6219537258148193,0.1,187.8540496826172,1.0,0.8039183616638184,full_shared_detggn_blockdiag_bxb,torch.float64,2.835119232713623e-07,2.3780773554579033e-14,4.2538808378451885e-12,two_independent_raw_bxb_fp64_jacobi_cholesky,1024,0.08242905139923096,-0.027898814529180527,0.04589589685201645,0.0001,459,1884160,1155.8115354729816,1884160,1.0,1e-06,paper_sgd_momentum_1e-6,6.7628631591796875,0.11265884339809418,0.35313355922698975,2.3217220306396484,-0.13048648834228516,-1.0812901258468628,1.0525412559509277
14,0,-1.681553602218628,-1.1494656801223755,-1.6799228191375732,-4.047021389007568,0.034113138914108276,0,0.4903067350387573,1.4142135622384324,0.023263884056530425,3.430078868404962e-05,68196.1484375,1.8455790161087172e-14,22.62741470336914,4.489230812683289e-12,512,0,0.4028121531009674,0.5375523271498175,0.18072999812956472,2.8179858418297954e-05,70000.5078125,1.6711048336681678e-14,23.517303466796875,1.4324237574688719e-12,512,7000.05078125,0.27382388710975647,1.0,1.0,0.11334777623414993,0.4770251214504242,1.2952539920806885,0.36828693747520447,0.6865489482879639,5.0000002374872565e-05,0.16316364705562592,0.0,1.0,1.0,512,0.0001,0.4329039454460144,972.03,9.11,1644,0.7147164344787598,235.79345703125,4.489230812683289e-12,0,0.6995781660079956,0.1,200.09146118164062,1.0,0.7147164344787598,full_shared_detggn_blockdiag_bxb,torch.float64,5.769978770331363e-07,1.8455790161087172e-14,4.489230812683289e-12,two_independent_raw_bxb_fp64_jacobi_cholesky,1024,0.08277609944343567,-0.05635391175746918,0.10802023112773895,0.0001,469,1925120,1180.862451530993,1925120,1.0,1e-06,paper_sgd_momentum_1e-6,6.941256999969482,0.10000000149011612,0.8373873233795166,2.3528504371643066,1.3342968225479126,-1.6839308738708496,1.029647946357727
14,0,-1.703442096710205,-1.1098706722259521,-1.6965523958206177,-3.0889058113098145,0.030095521360635757,0,0.5530598759651184,1.4142135620221368,0.013347484397029312,3.3823740523075685e-05,69001.7734375,3.7349739839742386e-14,22.62741470336914,5.953847073852766e-12,512,0,0.4258729815483093,0.5749341118864016,0.17911060860482483,2.6045312552014366e-05,69246.2109375,2.744343737428728e-14,14.315364837646484,1.6781920258300431e-12,512,6924.62109375,0.38458263874053955,1.0,1.0,0.14002639055252075,0.5350400805473328,1.346616268157959,0.3973218500614166,0.7907569408416748,4.999999873689376e-05,0.15330730378627777,0.0,1.0,1.0,512,0.0001,0.4521043300628662,678.63,7.75,1643,0.817561686038971,145.20765686035156,5.953847073852766e-12,0,0.611574649810791,0.1,159.11151123046875,1.0,0.817561686038971,full_shared_detggn_blockdiag_bxb,torch.float64,2.715554217047611e-07,3.7349739839742386e-14,5.953847073852766e-12,two_independent_raw_bxb_fp64_jacobi_cholesky,1024,0.06621301919221878,-0.017635125666856766,0.040025319904088974,0.0001,479,1966080,1205.9043672368862,1966080,1.0,1e-06,paper_sgd_momentum_1e-6,5.484633445739746,0.11376897245645523,0.5222939848899841,2.451986074447632,0.44288134574890137,-1.686592698097229,0.9965800642967224
14,0,-1.7135100364685059,-1.0901862382888794,-1.7079737186431885,-3.0182318687438965,0.027127688750624657,0,0.5031124353408813,1.4142135622218974,0.022467193008821107,3.064658449147828e-05,59358.4453125,8.46647699962461e-15,22.62741470336914,2.259053577568806e-12,512,0,0.48096486926078796,0.594519009927833,0.20370331482444937,2.9297489163582213e-05,64102.8046875,4.0058648294007455e-14,12.432226181030273,1.6683709884144434e-12,512,6410.2802734375,0.39117324352264404,1.0,1.0,0.11949698626995087,0.4887152910232544,1.0895514488220215,0.44854721426963806,0.7933151721954346,4.999999873689376e-05,0.17358741164207458,0.0,1.0,1.0,512,0.0001,0.39685800671577454,768.48,8.28,1643,0.820829451084137,361.5787048339844,2.259053577568806e-12,0,0.6091399192810059,0.1,70.4865493774414,1.0,0.8208295106887817,full_shared_detggn_blockdiag_bxb,torch.float64,6.708214641548693e-07,4.0058648294007455e-14,2.259053577568806e-12,two_independent_raw_bxb_fp64_jacobi_cholesky,1024,0.07084941864013672,-0.042971424758434296,0.030187547206878662,0.0001,489,2007040,1230.9600606015883,2007040,1.0,1e-06,paper_sgd_momentum_1e-6,2.663754463195801,0.16717351973056793,1.0616977214813232,2.9388701915740967,1.650793194770813,-1.6869558095932007,1.3111586570739746
14,0,-1.704052209854126,-0.6512903571128845,-1.699068546295166,-3.4779815673828125,0.04189860448241234,0,0.5033947825431824,1.4142135623730216,0.01764495583927977,3.1829629733692855e-05,68399.859375,9.896088928592785e-15,22.62741470336914,2.695280158115105e-12,512,0,0.47720277309417725,0.5628121799330539,0.18015292797606133,3.017351082235109e-05,79793.25,4.317857766254627e-14,16.035709381103516,2.254661432949573e-12,512,7979.32470703125,0.30009719729423523,1.0,1.0,0.1184539869427681,0.48925963044166565,1.123176097869873,0.43560367822647095,0.7571691274642944,4.999999873689376e-05,0.19486384093761444,0.0,1.0,1.0,512,0.0001,0.37837499380111694,730.25,7.45,1644,0.7907643914222717,391.13214111328125,2.695280158115105e-12,0,0.6322996020317078,0.1,86.35258483886719,1.0,0.7907643914222717,full_shared_detggn_blockdiag_bxb,torch.float64,7.818784979463089e-07,4.317857766254627e-14,2.695280158115105e-12,two_independent_raw_bxb_fp64_jacobi_cholesky,1024,0.07128693908452988,-0.0313265286386013,0.05022343248128891,0.0001,499,2048000,1256.0078020719811,2048000,1.0,1e-06,paper_sgd_momentum_1e-6,4.500339031219482,0.10000000149011612,1.447202205657959,3.183461904525757,1.914035677909851,-1.6840957403182983,1.1393358707427979
14,0,-1.6854171752929688,-1.1510895490646362,-1.6781156063079834,-2.244619607925415,0.026200532913208008,0,0.4711843729019165,1.4142135619991085,0.020984077712208473,3.2748452213127166e-05,64711.15625,2.1559457816099195e-14,22.62741470336914,5.966498558850918e-12,512,0,0.4047412872314453,0.5360630685032387,0.18454561996743124,2.813049650285393e-05,74175.78125,2.772518338602785e-14,14.899147033691406,1.7643485332027683e-12,512,7417.578125,0.3453066647052765,1.0,1.0,0.1080537661910057,0.4586274027824402,1.1978827714920044,0.3828650116920471,0.6990208029747009,4.999999873689376e-05,0.1312626600265503,0.0,1.0,1.0,512,0.0001,0.3333711624145508,800.3,8.9,1644,0.7193994522094727,351.445556640625,5.966498558850918e-12,0,0.6950241327285767,0.1,192.62167358398438,1.0,0.7193994522094727,full_shared_detggn_blockdiag_bxb,torch.float64,8.488439675602422e-07,2.772518338602785e-14,5.966498558850918e-12,two_independent_raw_bxb_fp64_jacobi_cholesky,1024,0.05403342843055725,0.004670916125178337,0.043356362730264664,0.0001,509,2088960,1281.0518237026408,2088960,1.0,1e-06,paper_sgd_momentum_1e-6,3.011716365814209,0.14607325196266174,1.3579373359680176,2.8456783294677734,1.8408905267715454,-1.8888254165649414,1.2722814083099365
14,0,-1.6851283311843872,-1.1704550981521606,-1.6836235523223877,-2.9990055561065674,0.01888655498623848,0,0.48802921175956726,1.4142135608879074,0.011706980809093824,3.115330036962405e-05,73956.09375,5.6526729385030306e-14,22.627412796020508,1.1300572271715725e-11,512,0,0.4635407030582428,0.5555958410217418,0.18630766740713833,2.9590079066110775e-05,73538.7578125,2.563701511726835e-14,19.1652889251709,2.1824216361387443e-12,512,7353.87548828125,0.354674756526947,1.0,1.0,0.10748245567083359,0.47604626417160034,1.1395654678344727,0.41774365305900574,0.7493996620178223,4.999999509891495e-05,0.20089854300022125,0.0,1.0,1.0,512,0.0001,0.41023847460746765,1243.73,12.71,1643,0.7832704186439514,223.5537567138672,1.1300572271715725e-11,0,0.6383491158485413,0.1,273.51287841796875,1.0,0.7832704186439514,full_shared_detggn_blockdiag_bxb,torch.float64,4.554790962174593e-07,5.6526729385030306e-14,1.1300572271715725e-11,two_independent_raw_bxb_fp64_jacobi_cholesky,1024,0.06916220486164093,-0.016864661127328873,0.07173989713191986,0.0001,519,2129920,1306.090809961781,2129920,1.0,1e-06,paper_sgd_momentum_1e-6,6.317392349243164,0.1501660943031311,0.5255738496780396,2.166492462158203,0.38400858640670776,-1.6706379652023315,1.1243994235992432
14,0,-1.7032923698425293,-1.2031872272491455,-1.6917314529418945,-2.997990369796753,0.02639620751142502,0,0.51388019323349,1.4142135623545926,0.010334724107061393,3.5033335734624416e-05,81829.59375,2.3898832578914467e-14,22.62741470336914,3.77029616933779e-12,512,0,0.4175676107406616,0.528572617678273,0.16951434939276247,2.8467307856772095e-05,71063.4453125,3.055685559641058e-14,15.939485549926758,1.8130873643376286e-12,512,7106.3447265625,0.2317633479833603,1.0,1.0,0.12300097942352295,0.49894246459007263,1.350023865699768,0.36958047747612,0.6964170932769775,4.999999873689376e-05,0.19435277581214905,0.0,1.0,1.0,512,0.0001,0.44825279712677,957.91,9.01,1643,0.7334160208702087,127.83045959472656,3.77029616933779e-12,0,0.6817412972450256,0.1,116.41744995117188,1.0,0.7334160208702087,full_shared_detggn_blockdiag_bxb,torch.float64,2.970595858187153e-07,3.055685559641058e-14,3.77029616933779e-12,two_independent_raw_bxb_fp64_jacobi_cholesky,1024,0.09083165228366852,0.06322173774242401,0.04962249845266342,0.0001,529,2170880,1331.1373802628368,2170880,1.0,1e-06,paper_sgd_momentum_1e-6,8.06836986541748,0.12836042046546936,0.5334787964820862,2.159841537475586,0.10385200381278992,-1.679029941558838,0.9446826577186584
14,0,-1.6737500429153442,0.3503771722316742,-1.686221957206726,-2.316412925720215,0.025939607992768288,0,0.40216854214668274,1.4142135619115155,0.025732787056617017,2.913802018156275e-05,71203.4765625,9.683810893327958e-15,22.62741470336914,2.07208307529969e-12,512,0,0.44462504982948303,0.5083382751636852,0.17720948332037575,3.221409133402631e-05,69161.4921875,2.632804880834259e-14,13.038358688354492,1.5691502249175521e-12,512,6916.1494140625,0.3266523778438568,1.0,1.0,0.09685264527797699,0.39033207297325134,0.9735546112060547,0.40093496441841125,0.6556890606880188,4.999999873689376e-05,0.1922045648097992,0.0,1.0,1.0,512,0.0001,0.4242357611656189,677.28,6.08,1644,0.6901094913482666,186.15228271484375,2.07208307529969e-12,0,0.7245226502418518,0.1,121.67891693115234,1.0,0.6901095509529114,full_shared_detggn_blockdiag_bxb,torch.float64,4.885874318460992e-07,2.632804880834259e-14,2.07208307529969e-12,two_independent_raw_bxb_fp64_jacobi_cholesky,1024,0.06314396113157272,0.017177606001496315,0.0332028865814209,0.0001,539,2211840,1356.185122561641,2211840,1.0,1e-06,paper_sgd_momentum_1e-6,3.037583351135254,0.10000000149011612,0.6177290678024292,2.04974102973938,1.3058961629867554,-1.6744264364242554,1.2352968454360962
14,3,-1.6813139915466309,-0.014471640810370445,-1.6814204454421997,-2.568693161010742,0.030120307579636574,0,0.5335289239883423,1.4142135612845381,0.015667609730643444,3.551102781784721e-05,83173.15625,2.281560057167946e-14,22.62741470336914,5.480111663995276e-12,512,0,0.3983563184738159,0.5328249906357361,0.16718657110060892,2.6514104320085607e-05,80634.8515625,5.600191573162067e-14,20.01542854309082,2.169271668694207e-12,512,8063.48486328125,0.2846229672431946,1.0,1.0,0.12138909101486206,0.5195361375808716,1.407332181930542,0.36916384100914,0.7260745763778687,5.0000002374872565e-05,0.14968572556972504,0.0,1.0,1.0,512,0.0001,0.3663361072540283,1002.05,9.32,1644,0.751215934753418,252.55035400390625,5.480111663995276e-12,0,0.6655876636505127,0.1,41.386627197265625,1.0,0.7512158751487732,full_shared_detggn_blockdiag_bxb,torch.float64,5.59407794753497e-07,5.600191573162067e-14,5.480111663995276e-12,two_independent_raw_bxb_fp64_jacobi_cholesky,1024,0.0894719660282135,0.021745098754763603,0.07824558019638062,0.0001,549,2252800,1381.2155799288303,2252800,1.0,1e-06,paper_sgd_momentum_1e-6,10.0,0.10000000149011612,0.6784156560897827,2.759546995162964,0.20560434460639954,-1.6749526262283325,1.2798277139663696
14,3,-1.7012704610824585,-1.1177623271942139,-1.6869744062423706,-4.0289154052734375,0.04710305854678154,0,0.4047761857509613,1.4142135623724355,0.01343229785525737,2.9312706828932278e-05,82624.390625,1.6077403799877654e-14,22.62741470336914,4.573876860850099e-12,512,0,0.47623029351234436,0.46021433728265837,0.16845954851414677,3.4487205994082615e-05,82530.578125,4.4970393832771316e-14,21.331340789794922,2.001836290216826e-12,512,8253.0576171875,0.2232622355222702,1.0,1.0,0.1009063869714737,0.39199700951576233,0.9338534474372864,0.41976287961006165,0.644932210445404,4.999999509891495e-05,0.22493207454681396,0.0,1.0,1.0,512,0.0001,0.3767924904823303,938.72,9.19,1642,0.6904448866844177,345.9948425292969,4.573876860850099e-12,0,0.7241708040237427,0.1,38.39854431152344,1.0,0.690444827079773,full_shared_detggn_blockdiag_bxb,torch.float64,9.072387001651805e-07,4.4970393832771316e-14,4.573876860850099e-12,two_independent_raw_bxb_fp64_jacobi_cholesky,1024,0.07353700697422028,0.03812140226364136,0.0888722762465477,0.0001,559,2293760,1406.2678726348095,2293760,1.0,1e-06,paper_sgd_momentum_1e-6,8.788495063781738,0.11034362018108368,0.7357820868492126,2.5011868476867676,1.492962121963501,-2.281540870666504,1.8210011720657349
14,3,-1.668290376663208,-0.6605510115623474,-1.6750082969665527,-2.438192367553711,0.02304733917117119,0,0.5186927318572998,1.4142135612105262,0.017325099270918878,3.5126253351336345e-05,87490.4609375,1.4384005942009187e-14,22.62741470336914,4.291505305741907e-12,512,0,0.38719794154167175,0.38698456189363867,0.15061642608595419,2.6221328880637884e-05,93669.765625,2.1278882723457228e-14,12.705611228942871,2.121725358796273e-12,512,9366.9765625,0.314089298248291,1.0,1.0,0.12654078006744385,0.5030204057693481,1.3929916620254517,0.3611079752445221,0.7138556241989136,5.0000002374872565e-05,0.13972562551498413,0.0,1.0,1.0,512,0.0001,0.3897559642791748,816.05,8.05,1642,0.7383262515068054,425.8559875488281,4.291505305741907e-12,0,0.677207350730896,0.1,400.4015808105469,1.0,0.7383263111114502,full_shared_detggn_blockdiag_bxb,torch.float64,9.765086588231497e-07,2.1278882723457228e-14,4.291505305741907e-12,two_independent_raw_bxb_fp64_jacobi_cholesky,1024,0.05941089615225792,-0.024612873792648315,0.03152979537844658,0.0001,569,2334720,1431.3497614916414,2334720,1.0,1e-06,paper_sgd_momentum_1e-6,3.8984551429748535,0.20834533870220184,1.324397087097168,2.7895469665527344,1.8728619813919067,-1.6602256298065186,1.3203859329223633
14,3,-1.6751561164855957,-1.18192458152771,-1.6786515712738037,-2.2811546325683594,0.016472062095999718,0,0.5792237520217896,1.4142135617050446,0.01729654563737611,3.680275403894484e-05,61948.234375,2.429796341907453e-14,22.627416610717773,5.2958710261508424e-12,512,0,0.37859800457954407,0.4388312378605165,0.17612800476298876,2.4055383619270287e-05,76599.640625,1.9937909870849348e-14,9.84819507598877,1.174575466945723e-12,512,7659.96435546875,0.3201700448989868,1.0,1.0,0.13394339382648468,0.5635240077972412,1.647566318511963,0.3420341908931732,0.7582669854164124,5.0000002374872565e-05,0.1623239368200302,0.0,1.0,1.0,512,0.0001,0.33565694093704224,973.9,9.64,1642,0.7869299054145813,214.5733184814453,5.2958710261508424e-12,0,0.6353806257247925,0.1,160.13470458984375,1.0,0.7869299054145813,full_shared_detggn_blockdiag_bxb,torch.float64,4.33125450172156e-07,2.429796341907453e-14,5.2958710261508424e-12,two_independent_raw_bxb_fp64_jacobi_cholesky,1024,0.05723249912261963,-0.016917036846280098,0.018942764028906822,0.0001,579,2375680,1456.4216186259873,2375680,1.0,1e-06,paper_sgd_momentum_1e-6,5.845656871795654,0.10932940989732742,1.1628940105438232,2.9181222915649414,0.7508599758148193,-0.5383086204528809,1.3225367069244385
14,0,-1.6712613105773926,-1.2239363193511963,-1.6673420667648315,-2.613968849182129,0.019789258018136024,0,0.5217897295951843,1.4142135619480485,0.011962711100359992,3.5940363886766136e-05,105001.9140625,1.1914901600224801e-14,22.62741470336914,5.097967661440725e-12,512,0,0.3708912432193756,0.4395782580906589,0.174700886572337,2.5546623874106444e-05,88973.375,5.624207725762292e-14,16.388219833374023,1.7541689757308993e-12,512,8897.337890625,0.3025957942008972,1.0,1.0,0.11850620806217194,0.5081543326377869,1.4768222570419312,0.34408631920814514,0.7026643753051758,4.999999509891495e-05,0.138437420129776,0.0,1.0,1.0,512,0.0001,0.38201725482940674,925.17,8.88,1644,0.7259104251861572,759.5892944335938,5.097967661440725e-12,0,0.6887902021408081,0.1,27.233131408691406,1.0,0.7259104251861572,full_shared_detggn_blockdiag_bxb,torch.float64,1.8018670289166039e-06,5.624207725762292e-14,5.097967661440725e-12,two_independent_raw_bxb_fp64_jacobi_cholesky,1024,0.08961349725723267,-0.009390458464622498,0.05245581269264221,0.0001,589,2416640,1481.4665961880237,2416640,1.0,1e-06,paper_sgd_momentum_1e-6,8.689638137817383,0.10000000149011612,1.2958877086639404,2.6088454723358154,1.6355520486831665,-1.6552278995513916,0.7979159951210022
14,0,-1.6793994903564453,-1.1640396118164062,-1.6741600036621094,-2.323824167251587,0.01730404794216156,0,0.5415109992027283,1.414213562345875,0.013874988257644064,3.302120239823125e-05,98117.359375,2.066502080903075e-14,22.627412796020508,6.1390317205186385e-12,512,0,0.4482691287994385,0.3888661159051776,0.16043505384733972,2.7335338018019684e-05,94646.0625,2.2695518251678924e-14,16.56688117980957,1.7202562173134662e-12,512,9464.6064453125,0.36691001057624817,1.0,1.0,0.12923966348171234,0.5258623957633972,1.2784970998764038,0.41131293773651123,0.7898347973823547,4.999999873689376e-05,0.1782325953245163,0.0,1.0,1.0,512,0.0001,0.41105878353118896,783.12,7.36,1642,0.8199443817138672,439.04364013671875,6.1390317205186385e-12,0,0.609797477722168,0.1,186.39630126953125,1.0,0.8199443817138672,full_shared_detggn_blockdiag_bxb,torch.float64,8.162983817783243e-07,2.2695518251678924e-14,6.1390317205186385e-12,two_independent_raw_bxb_fp64_jacobi_cholesky,1024,0.08583523333072662,-0.01698434352874756,0.05360577628016472,0.0001,599,2457600,1506.4971060939133,2457600,1.0,1e-06,paper_sgd_momentum_1e-6,6.644322872161865,0.10000000149011612,0.9699363708496094,2.4077088832855225,1.4877541065216064,-1.6502574682235718,1.1569000482559204
14,3,-1.6754151582717896,-1.1755881309509277,-1.661349892616272,-4.534063816070557,0.03847549855709076,0,0.4489852488040924,1.414213558158532,0.019592774750340856,3.217036646674387e-05,100671.40625,3.162450815706671e-14,22.62741470336914,6.52295190657507e-12,512,0,0.3975512683391571,0.4944981717466897,0.14990296843609457,2.8485057555371895e-05,99079.0859375,5.3050775960045247e-14,15.500818252563477,2.310530891395335e-12,512,9907.908203125,0.3566598892211914,1.0,1.0,0.11218547821044922,0.4347437918186188,1.2031352519989014,0.3613424003124237,0.6685014963150024,4.999999509891495e-05,0.16576699912548065,0.0,1.0,1.0,512,0.0001,0.4059464931488037,775.51,7.48,1644,0.6978241801261902,178.2283172607422,6.52295190657507e-12,0,0.7165128588676453,0.1,52.76716613769531,1.0,0.6978241801261902,full_shared_detggn_blockdiag_bxb,torch.float64,4.5750371668873413e-07,5.3050775960045247e-14,6.52295190657507e-12,two_independent_raw_bxb_fp64_jacobi_cholesky,1024,0.08581233769655228,-0.023148607462644577,0.046928778290748596,0.0001,609,2498560,1531.5458497768268,2498560,1.0,1e-06,paper_sgd_momentum_1e-6,3.626206398010254,0.10000000149011612,0.06810222566127777,2.0996925830841064,-0.2520175874233246,-2.10243558883667,1.7526459693908691
14,3,-1.6281248331069946,-1.0200587511062622,-1.6355692148208618,-2.1944243907928467,0.021958909928798676,0,0.5397292375564575,1.4142135620045146,0.015833328957781948,3.487555659376085e-05,94358.8359375,3.6579324326215974e-14,22.627412796020508,7.270834040429829e-12,512,0,0.4100823700428009,0.5368058619849392,0.1593996126686483,2.6498193619772792e-05,91320.96875,4.160475976154131e-14,16.316566467285156,1.926633344943374e-12,512,9132.095703125,0.3146395683288574,1.0,1.0,0.11936317384243011,0.5263649821281433,1.437548041343689,0.3661547005176544,0.7418960928916931,4.999999873689376e-05,0.18465721607208252,0.0,1.0,1.0,512,0.0001,0.4444396495819092,699.72,6.72,1647,0.7737930417060852,187.1025848388672,7.270834040429829e-12,0,0.6461676359176636,0.1,71.03955078125,1.0,0.7737930417060852,full_shared_detggn_blockdiag_bxb,torch.float64,3.906071412984602e-07,4.160475976154131e-14,7.270834040429829e-12,two_independent_raw_bxb_fp64_jacobi_cholesky,1024,0.06792209297418594,-0.04469748213887215,0.051998116075992584,0.0001,619,2539520,1556.63378755562,2539520,1.0,1e-06,paper_sgd_momentum_1e-6,3.777674913406372,0.24626174569129944,-0.279382586479187,1.6556133031845093,-0.2933923006057739,-1.9953678846359253,1.3177671432495117
14,0,-1.653127908706665,-1.083104133605957,-1.6386792659759521,-3.7034947872161865,0.03538899123668671,0,0.5296894311904907,1.414213562339731,0.01799048909466238,3.214210664737038e-05,93617.3671875,3.643969840087262e-14,22.62741470336914,6.8255331654314975e-12,512,0,0.4809548854827881,0.5059410191910955,0.16805305248404054,2.9184842787799425e-05,83345.1796875,5.825525130468788e-14,12.978581428527832,2.6328891076460545e-12,512,8334.5185546875,0.3278730511665344,1.0,1.0,0.11499068886041641,0.5170570015907288,1.1944252252578735,0.4328919053077698,0.7885423898696899,5.0000002374872565e-05,0.20957626402378082,0.0,1.0,1.0,512,0.0001,0.4119918644428253,325.18,3.55,1642,0.8239807486534119,179.99594116210938,6.8255331654314975e-12,0,0.6068103909492493,0.1,66.86434173583984,1.0,0.8239806294441223,full_shared_detggn_blockdiag_bxb,torch.float64,3.3138948651867395e-07,5.825525130468788e-14,6.8255331654314975e-12,two_independent_raw_bxb_fp64_jacobi_cholesky,1024,0.05577278509736061,-0.017531467601656914,0.03289913758635521,0.0001,629,2580480,1581.706908106804,2580480,1.0,1e-06,paper_sgd_momentum_1e-6,3.0313103199005127,0.10000000149011612,-0.563524603843689,1.4314018487930298,-0.9356008768081665,-1.9268019199371338,0.919922411441803
14,0,-1.643413782119751,-1.043412208557129,-1.646459937095642,-2.3165462017059326,0.019162040203809738,0,0.5481594204902649,1.4142135623607675,0.013448235490763896,3.494715201668441e-05,63506.32421875,3.186814889364264e-14,22.62741470336914,5.854256076028684e-12,512,0,0.39681604504585266,0.5185632513055559,0.15083773291984204,2.529846278775949e-05,85905.0625,2.1507564091543892e-14,11.432321548461914,1.981217102723644e-12,512,8590.505859375,0.36120232939720154,1.0,1.0,0.11367970705032349,0.5362421274185181,1.474786639213562,0.3636065721511841,0.7595404982566833,5.0000002374872565e-05,0.15891267359256744,0.0,1.0,1.0,512,0.0001,0.3664745092391968,463.36,4.39,1631,0.7842691540718079,162.5145263671875,5.854256076028684e-12,0,0.6375362873077393,0.1,383.91534423828125,1.0,0.7842690944671631,full_shared_detggn_blockdiag_bxb,torch.float64,3.3027220069925534e-07,3.186814889364264e-14,5.854256076028684e-12,two_independent_raw_bxb_fp64_jacobi_cholesky,1024,0.05097552016377449,-0.0036364998668432236,0.025526944547891617,0.0001,639,2621440,1606.7808442576788,2621440,1.0,1e-06,paper_sgd_momentum_1e-6,7.102664947509766,0.15336088836193085,-0.6023935079574585,1.3457118272781372,-0.7920762896537781,-1.876529335975647,0.5971987247467041
14,0,-1.6243537664413452,-0.5734511017799377,-1.6308722496032715,-2.2863917350769043,0.022505244240164757,0,0.5369071960449219,1.414213562368379,0.016996371088657897,3.7579946365440264e-05,65352.24609375,2.1586627678302864e-14,22.62741470336914,3.96162870690987e-12,512,0,0.36883407831192017,0.5031173991665489,0.15927831322316938,2.581594162620604e-05,78452.40625,3.3945920098042334e-14,11.381823539733887,1.6854229934254374e-12,512,7845.240234375,0.2171209305524826,1.0,1.0,0.1320081353187561,0.5204259753227234,1.6013376712799072,0.3249945342540741,0.6800422072410583,4.999999873689376e-05,0.17440512776374817,0.0,1.0,1.0,512,0.0001,0.37458309531211853,468.34,3.81,1643,0.7143533229827881,137.6865997314453,3.96162870690987e-12,0,0.6999337673187256,0.1,68.77360534667969,1.0,0.7143533229827881,full_shared_detggn_blockdiag_bxb,torch.float64,3.372682897406776e-07,3.3945920098042334e-14,3.96162870690987e-12,two_independent_raw_bxb_fp64_jacobi_cholesky,1024,0.07252290844917297,-0.022213272750377655,0.025301937013864517,0.0001,649,2662400,1631.8418062478304,2662400,1.0,1e-06,paper_sgd_momentum_1e-6,6.194230079650879,0.10000000149011612,-0.3307557702064514,1.1228718757629395,-0.5719514489173889,-1.708452820777893,0.5113409757614136
14,0,-1.6205601692199707,-0.8240389823913574,-1.6259280443191528,-2.0837924480438232,0.020998327061533928,0,0.5053068995475769,1.4142135623449206,0.016744835662154577,3.7194829928921536e-05,77002.4375,1.1521620336572721e-14,22.627412796020508,2.703750326062545e-12,512,0,0.359598308801651,0.48503632203934516,0.17447561202938633,2.646945540618617e-05,78959.3125,9.090936952167025e-14,11.638335227966309,1.6588330653501955e-12,512,7895.93115234375,0.21122467517852783,1.0,1.0,0.12034474313259125,0.4907669126987457,1.513279676437378,0.32430681586265564,0.6502224802970886,4.999999873689376e-05,0.15535779297351837,0.0,1.0,1.0,512,0.0001,0.34950751066207886,499.37,4.65,1642,0.679270327091217,196.14410400390625,2.703750326062545e-12,0,0.736083984375,0.1,16.248640060424805,1.0,0.679270327091217,full_shared_detggn_blockdiag_bxb,torch.float64,5.313735869094671e-07,9.090936952167025e-14,2.703750326062545e-12,two_independent_raw_bxb_fp64_jacobi_cholesky,1024,0.08487481623888016,-0.022487949579954147,0.026455238461494446,0.0001,659,2703360,1656.928914224729,2703360,1.0,1e-06,paper_sgd_momentum_1e-6,5.561366558074951,0.10000000149011612,-0.3152269721031189,0.698529839515686,-0.15641272068023682,-1.6302887201309204,0.2398509830236435
14,3,-1.6268948316574097,-0.13125091791152954,-1.6303786039352417,-3.0244274139404297,0.028215093538165092,0,0.48969849944114685,1.4142135199994168,0.018459372844488127,3.269018998253159e-05,81585.296875,6.707719235478867e-14,22.62741470336914,1.1668171505226805e-11,512,0,0.41798895597457886,0.46916321569298886,0.16735343055169935,2.790316466416698e-05,79956.421875,5.922600513743922e-14,9.03696346282959,2.022856939433378e-12,512,7995.642578125,0.3578127324581146,1.0,1.0,0.10726609081029892,0.47780606150627136,1.273750901222229,0.37511736154556274,0.71797776222229,4.999999873689376e-05,0.18439558148384094,0.0,1.0,1.0,512,0.0001,0.4037851095199585,725.09,6.59,1643,0.7489991784095764,111.2416000366211,1.1668171505226805e-11,0,0.6675574779510498,0.1,44.60649490356445,1.0,0.7489991784095764,full_shared_detggn_blockdiag_bxb,torch.float64,2.47864647917595e-07,6.707719235478867e-14,1.1668171505226805e-11,two_independent_raw_bxb_fp64_jacobi_cholesky,1024,0.06399665027856827,0.002833748236298561,0.015950528904795647,0.0001,669,2744320,1681.9941679178737,2744320,1.0,1e-06,paper_sgd_momentum_1e-6,2.951089859008789,0.10000000149011612,-0.55995774269104,1.7464991807937622,-0.5953437685966492,-1.6265994310379028,0.34828802943229675
14,0,-1.6120519638061523,-0.16539007425308228,-1.6341407299041748,-2.016279935836792,0.02515617571771145,0,0.42555513978004456,1.4142135623730947,0.021198595941123704,3.459555591689423e-05,61342.21484375,2.071626784963437e-14,22.62741470336914,2.9872960778076935e-12,512,0,0.3566650450229645,0.48224356433580445,0.178485998962529,2.8995127649977803e-05,75869.46875,3.7286295980256537e-14,9.077932357788086,1.5524347838114742e-12,512,7586.94677734375,0.23049986362457275,1.0,1.0,0.10099533945322037,0.41339701414108276,1.2929112911224365,0.31974121928215027,0.5857494473457336,4.999999873689376e-05,0.15803639590740204,0.0,1.0,1.0,512,0.0001,0.33095258474349976,785.27,6.66,1643,0.615043044090271,91.49382019042969,2.9872960778076935e-12,0,0.8129512071609497,0.1,46.12248992919922,1.0,0.615043044090271,full_shared_detggn_blockdiag_bxb,torch.float64,3.0233658776523953e-07,3.7286295980256537e-14,2.9872960778076935e-12,two_independent_raw_bxb_fp64_jacobi_cholesky,1024,0.06117330119013786,0.01675090566277504,0.0160954799503088,0.0001,679,2785280,1707.049361595884,2785280,1.0,1e-06,paper_sgd_momentum_1e-6,4.247232913970947,0.10000000149011612,0.6790286302566528,2.2141053676605225,0.985486626625061,-1.103330373764038,0.5525058507919312
14,0,-1.6562453508377075,-0.6358366012573242,-1.6576288938522339,-2.147094964981079,0.014326418749988079,0,0.5417000651359558,1.4142135611634603,0.016144986346172667,3.563555219443515e-05,91515.9921875,3.361252670696435e-14,22.62741470336914,7.295800669647474e-12,512,0,0.3962727189064026,0.4983934941203945,0.1650781412033346,2.6068662918987684e-05,85305.8203125,3.0351238623993503e-14,16.56868553161621,1.6205900931625244e-12,512,8530.58203125,0.29631277918815613,1.0,1.0,0.11040312796831131,0.5303301811218262,1.4712902307510376,0.36045247316360474,0.7337504029273987,4.999999873689376e-05,0.1646391749382019,0.0,1.0,1.0,512,0.0001,0.38394516706466675,851.54,7.47,1644,0.760055661201477,211.4062957763672,7.295800669647474e-12,0,0.6578465700149536,0.1,75.23562622070312,1.0,0.760055661201477,full_shared_detggn_blockdiag_bxb,torch.float64,4.574431216042285e-07,3.361252670696435e-14,7.295800669647474e-12,two_independent_raw_bxb_fp64_jacobi_cholesky,1024,0.06594555079936981,-0.006323467940092087,0.053617462515830994,0.0001,689,2826240,1732.1045249388553,2826240,1.0,1e-06,paper_sgd_momentum_1e-6,5.0435051918029785,0.14188075065612793,0.3271123468875885,1.7403004169464111,0.544072151184082,-1.6441903114318848,0.4803403317928314
14,3,-1.644547700881958,-0.2845737636089325,-1.6582189798355103,-2.1355443000793457,0.021644994616508484,0,0.4911220669746399,1.4142135623239562,0.01920374913893497,3.435417602304369e-05,106142.8359375,2.3562714026645648e-14,22.62741470336914,6.398268887756299e-12,512,0,0.39126503467559814,0.4483859469047671,0.1793794629369686,2.7369138479116373e-05,90001.734375,4.7894693886067475e-14,13.858748435974121,2.190987532424679e-12,512,9000.173828125,0.3034961521625519,1.0,1.0,0.1037621945142746,0.4800357222557068,1.3762606382369995,0.34879711270332336,0.6846405267715454,4.999999873689376e-05,0.17728197574615479,0.0,1.0,1.0,512,0.0001,0.44236621260643005,1116.53,9.59,1639,0.7147923707962036,307.45068359375,6.398268887756299e-12,0,0.6995038390159607,0.1,70.24221801757812,1.0,0.7147923707962036,full_shared_detggn_blockdiag_bxb,torch.float64,7.52186679164879e-07,4.7894693886067475e-14,6.398268887756299e-12,two_independent_raw_bxb_fp64_jacobi_cholesky,1024,0.08281881362199783,0.026401419192552567,0.03751267492771149,0.0001,699,2867200,1757.237344343681,2867200,1.0,1e-06,paper_sgd_momentum_1e-6,4.23707389831543,0.10000000149011612,-0.06387816369533539,1.73862624168396,0.39965057373046875,-1.8805861473083496,0.8194847702980042
14,0,-1.687572717666626,-1.1817642450332642,-1.677188754081726,-4.18292236328125,0.03659328445792198,0,0.4550541639328003,1.4142135623730951,0.012537348026439772,2.9500783057301305e-05,91728.2734375,9.684600954281424e-15,22.62741470336914,2.446268322773821e-12,512,0,0.4984980821609497,0.5215188864725978,0.16126011946744218,3.2317217119270936e-05,86155.8125,6.131724104555149e-14,13.48679256439209,2.4935518399024195e-12,512,8615.58203125,0.30695998668670654,1.0,1.0,0.0976083055138588,0.44446247816085815,0.972077488899231,0.45722946524620056,0.7388298511505127,4.999999873689376e-05,0.19859899580478668,0.0,1.0,1.0,512,0.0001,0.36025139689445496,1156.72,9.99,1643,0.7712576985359192,304.0194091796875,2.4935518399024195e-12,0,0.6482917070388794,0.1,62.207862854003906,1.0,0.771257758140564,full_shared_detggn_blockdiag_bxb,torch.float64,6.388696078829526e-07,6.131724104555149e-14,2.4935518399024195e-12,two_independent_raw_bxb_fp64_jacobi_cholesky,1024,0.07106553018093109,-0.00449371337890625,0.0355260893702507,0.0001,709,2908160,1782.3893224517815,2908160,1.0,1e-06,paper_sgd_momentum_1e-6,5.190454483032227,0.14448708295822144,0.4525800943374634,1.563159704208374,0.9837955236434937,-1.7127116918563843,0.8158900141716003
14,3,-1.6230747699737549,-0.3979049324989319,-1.6386525630950928,-2.0359086990356445,0.02023126743733883,0,0.5106065273284912,1.414213562370391,0.010830909776873484,3.4313641663175076e-05,97335.875,4.223857034772056e-14,22.627412796020508,6.726961256167402e-12,512,0,0.4225727915763855,0.5038376761778066,0.15797153886678175,2.839762055373285e-05,105013.75,5.1360602229079856e-14,11.573220252990723,2.3821244617694017e-12,512,10501.375,0.26484793424606323,1.0,1.0,0.1348823606967926,0.49246904253959656,1.2885607481002808,0.38218533992767334,0.7091424465179443,4.999999873689376e-05,0.18028347194194794,0.0,1.0,1.0,512,0.0001,0.33446580171585083,1033.22,8.64,1643,0.7440284490585327,104.73749542236328,6.726961256167402e-12,0,0.6720172762870789,0.1,51.59210968017578,1.0,0.7440285086631775,full_shared_detggn_blockdiag_bxb,torch.float64,2.3650103742056672e-07,5.1360602229079856e-14,6.726961256167402e-12,two_independent_raw_bxb_fp64_jacobi_cholesky,1024,0.08623608946800232,-0.0032446878030896187,0.026160040870308876,0.0001,719,2949120,1807.461591434665,2949120,1.0,1e-06,paper_sgd_momentum_1e-6,6.800396919250488,0.10000000149011612,-0.6229501366615295,1.7368175983428955,-0.1352618932723999,-2.0600037574768066,0.8029635548591614
14,3,-1.6190664768218994,-0.5956028699874878,-1.6295018196105957,-2.137024164199829,0.016909217461943626,0,0.498439222574234,1.414213529646977,0.01138342518792542,3.7080746551509947e-05,72672.84375,1.7477862428039677e-14,22.62741470336914,3.077413620259916e-12,512,0,0.34086403250694275,0.5072213770014148,0.17283549292587602,2.535814383008983e-05,82620.1796875,6.571047956457827e-14,13.970038414001465,2.418887697183416e-12,512,8262.0185546875,0.25629231333732605,1.0,1.0,0.12026559561491013,0.4837125539779663,1.6082676649093628,0.3007661998271942,0.6415031552314758,5.0000002374872565e-05,0.1603994071483612,0.0,1.0,1.0,512,0.0001,0.34953832626342773,807.51,7.31,1637,0.672099769115448,98.5955810546875,3.077413620259916e-12,0,0.7439371943473816,0.1,45.02116394042969,1.0,0.672099769115448,full_shared_detggn_blockdiag_bxb,torch.float64,2.7283493864160846e-07,6.571047956457827e-14,3.077413620259916e-12,two_independent_raw_bxb_fp64_jacobi_cholesky,1024,0.07816207408905029,0.03507120534777641,0.03811757266521454,0.0001,729,2990080,1832.5356166716665,2990080,1.0,1e-06,paper_sgd_momentum_1e-6,6.019448280334473,0.10000000149011612,-0.14253711700439453,1.742987036705017,0.2263883799314499,-1.6459248065948486,0.5251372456550598
14,3,-1.6169538497924805,-0.3040170669555664,-1.6233888864517212,-2.091794490814209,0.01741323433816433,0,0.5049448609352112,1.4142135610640325,0.01650150691393388,3.725861097336747e-05,66991.71875,1.3922170368026833e-14,22.62741470336914,3.758463400214434e-12,512,0,0.36949482560157776,0.4844795371128702,0.17740530476768834,2.7264095479040407e-05,77645.328125,1.2452669468958445e-14,23.5852108001709,1.5835287538950052e-12,512,7764.5322265625,0.18136295676231384,1.0,1.0,0.1367245465517044,0.48608195781707764,1.5904746055603027,0.3056207001209259,0.6303610801696777,4.999999873689376e-05,0.20765937864780426,0.0,1.0,1.0,512,0.0001,0.3435452878475189,859.78,8.4,1641,0.6776217222213745,255.2196807861328,3.758463400214434e-12,0,0.7378748655319214,0.1,407.72857666015625,1.0,0.6776216626167297,full_shared_detggn_blockdiag_bxb,torch.float64,6.947836936888052e-07,1.3922170368026833e-14,3.758463400214434e-12,two_independent_raw_bxb_fp64_jacobi_cholesky,1024,0.07291677594184875,-0.06044977158308029,0.10864496231079102,0.0001,739,3031040,1857.6033148649149,3031040,1.0,1e-06,paper_sgd_momentum_1e-6,4.849825859069824,0.10000000149011612,0.07335587590932846,1.7490524053573608,0.49790412187576294,-1.6484942436218262,0.6108013391494751
14,0,-1.6545987129211426,-1.0467907190322876,-1.6585973501205444,-2.6081225872039795,0.018245220184326172,0,0.5306560397148132,1.4142135623726266,0.013960321423829997,3.60573067155201e-05,99254.9375,3.6091473943276894e-14,22.62741470336914,7.273467438442266e-12,512,0,0.37946265935897827,0.5094713052250717,0.1716610470994869,2.578393650765065e-05,90603.734375,4.053518364638829e-14,10.729595184326172,2.0862264221023573e-12,512,9060.373046875,0.2877591550350189,1.0,1.0,0.12557494640350342,0.5155839323997498,1.5433114767074585,0.3340764045715332,0.7023692727088928,4.999999509891495e-05,0.17995797097682953,0.0,1.0,1.0,512,0.0001,0.42976486682891846,1030.43,10.21,1644,0.7358508706092834,161.2792510986328,7.273467438442266e-12,0,0.6794854998588562,0.1,82.31892395019531,1.0,0.7358508706092834,full_shared_detggn_blockdiag_bxb,torch.float64,3.723135648669995e-07,4.053518364638829e-14,7.273467438442266e-12,two_independent_raw_bxb_fp64_jacobi_cholesky,1024,0.07531486451625824,0.005584972444921732,0.022485198453068733,0.0001,749,3072000,1882.652561458759,3072000,1.0,1e-06,paper_sgd_momentum_1e-6,5.67325496673584,0.10000000149011612,0.06523758918046951,1.560343861579895,-0.10239709168672562,-1.6532602310180664,0.5556285381317139
14,0,-1.697475552558899,-1.034745454788208,-1.6808276176452637,-2.92693829536438,0.031089389696717262,0,0.5371909141540527,1.414213562247545,0.014276258222529259,3.60489975719247e-05,99261.453125,5.341929878736778e-14,22.62741470336914,8.878508807529145e-12,512,0,0.38658007979393005,0.39880209788276855,0.16900429990346214,2.5942032152670436e-05,89993.15625,4.2211607412117804e-14,11.494780540466309,2.278797011967137e-12,512,8999.3154296875,0.28201964497566223,1.0,1.0,0.11203376203775406,0.525378406047821,1.5108883380889893,0.3477281630039215,0.7169867157936096,4.999999873689376e-05,0.16890613734722137,0.0,1.0,1.0,512,0.0001,0.3874262571334839,985.27,9.39,1643,0.7450844049453735,124.7615737915039,8.878508807529145e-12,0,0.6710649132728577,0.1,88.16262817382812,1.0,0.7450844049453735,full_shared_detggn_blockdiag_bxb,torch.float64,2.8091824333387194e-07,5.341929878736778e-14,8.878508807529145e-12,two_independent_raw_bxb_fp64_jacobi_cholesky,1024,0.0682545155286789,0.006262082606554031,0.02580663561820984,0.0001,759,3112960,1907.7812361936085,3112960,1.0,1e-06,paper_sgd_momentum_1e-6,5.571774005889893,0.12981951236724854,0.2464020550251007,1.7917102575302124,0.03474217653274536,-1.6600873470306396,0.6876448392868042
14,0,-1.6632091999053955,-0.7713204622268677,-1.6612540483474731,-2.234170913696289,0.012526183389127254,0,0.5172362327575684,1.414213556955996,0.00958446786022722,3.669508078019135e-05,89384.6875,3.945021462128912e-14,22.62741470336914,6.684751200601744e-12,512,0,0.3550621569156647,0.4821872546392544,0.1796965770514625,2.518971814424731e-05,84337.765625,2.904502377063181e-14,17.12676429748535,1.7093123548929646e-12,512,8433.7763671875,0.2807135581970215,1.0,1.0,0.10943979769945145,0.5055257081985474,1.6060274839401245,0.3147677779197693,0.6765660643577576,4.999999873689376e-05,0.1642875075340271,0.0,1.0,1.0,512,0.0001,0.3961547613143921,931.61,8.74,1643,0.7047759294509888,116.46759796142578,6.684751200601744e-12,0,0.7094453573226929,0.1,133.1260223388672,1.0,0.7047759294509888,full_shared_detggn_blockdiag_bxb,torch.float64,2.930980826931773e-07,3.945021462128912e-14,6.684751200601744e-12,two_independent_raw_bxb_fp64_jacobi_cholesky,1024,0.0774177759885788,0.01415758766233921,0.057290248572826385,0.0001,769,3153920,1932.8807738036849,3153920,1.0,1e-06,paper_sgd_momentum_1e-6,8.318733215332031,0.16757117211818695,0.20113950967788696,1.7454620599746704,0.6133020520210266,-1.6663005352020264,0.7474445104598999
14,0,-1.6528021097183228,-1.243439793586731,-1.6566046476364136,-1.9974981546401978,0.01097099669277668,0,0.5288058519363403,1.4142135584130529,0.018252620907992352,3.552272391971201e-05,78054.7734375,1.6399684778808124e-14,22.62741470336914,4.441721340667218e-12,512,0,0.38302725553512573,0.4673082381797061,0.17176261611474244,2.5729992557899095e-05,90144.1875,2.8008720235192125e-14,18.57430076599121,1.839036824683597e-12,512,9014.4189453125,0.3151552677154541,1.0,1.0,0.118174247443676,0.5154322981834412,1.523712396621704,0.3382740020751953,0.7125779390335083,5.0000002374872565e-05,0.17966793477535248,0.0,1.0,1.0,512,0.0001,0.3007717728614807,862.44,8.01,1642,0.7443205118179321,292.06878662109375,4.441721340667218e-12,0,0.6717535853385925,0.1,113.58541107177734,1.0,0.7443205714225769,full_shared_detggn_blockdiag_bxb,torch.float64,6.589844474547135e-07,2.8008720235192125e-14,4.441721340667218e-12,two_independent_raw_bxb_fp64_jacobi_cholesky,1024,0.07617592811584473,0.028631217777729034,0.06738372147083282,0.0001,779,3194880,1957.9522616188042,3194880,1.0,1e-06,paper_sgd_momentum_1e-6,6.843625545501709,0.10000000149011612,0.1992376744747162,1.188145637512207,0.41690176725387573,-1.6688377857208252,0.4981430470943451
14,0,-1.6535933017730713,-0.20717056095600128,-1.655901312828064,-3.3063697814941406,0.029248148202896118,0,0.44704893231391907,1.4142135623545062,0.021567834623440932,3.1962601497070864e-05,96293.8125,1.4905621328248815e-14,22.627412796020508,4.106278295980651e-12,512,0,0.417459636926651,0.4430844516365599,0.1654811158015796,2.9847060432075523e-05,90424.09375,4.421597927334245e-14,14.021712303161621,3.026502222732038e-12,512,9042.41015625,0.307940810918808,1.0,1.0,0.10588528215885162,0.4343282878398895,1.141160011291504,0.3806024491786957,0.6696552634239197,4.999999873689376e-05,0.17150603234767914,0.0,1.0,1.0,512,0.0001,0.38503527641296387,1011.04,9.96,1644,0.6993312239646912,308.33013916015625,4.106278295980651e-12,0,0.7149688005447388,0.1,182.88011169433594,1.0,0.6993312239646912,full_shared_detggn_blockdiag_bxb,torch.float64,7.880615271460556e-07,4.421597927334245e-14,4.106278295980651e-12,two_independent_raw_bxb_fp64_jacobi_cholesky,1024,0.08404314517974854,0.009407345205545425,0.038400083780288696,0.0001,789,3235840,1983.030046444852,3235840,1.0,1e-06,paper_sgd_momentum_1e-6,3.3385863304138184,0.10000000149011612,-0.17660480737686157,1.7513893842697144,0.02976207621395588,-1.6691546440124512,0.4162447154521942
14,3,-1.6730321645736694,-0.2986912429332733,-1.6767650842666626,-2.7340493202209473,0.021771926432847977,0,0.4733298420906067,1.4142135616288247,0.014586643019934637,3.305025529698469e-05,117261.546875,3.268707930100203e-14,22.627412796020508,5.542309567002163e-12,512,0,0.40467432141304016,0.5030726833912357,0.16652519600003454,2.825638512149453e-05,91046.640625,5.369996550537529e-14,11.800012588500977,2.0798574892412117e-12,512,9104.6650390625,0.3261960744857788,1.0,1.0,0.10774882137775421,0.46090275049209595,1.244484543800354,0.37035635113716125,0.6888811588287354,4.999999509891495e-05,0.1630873829126358,0.0,1.0,1.0,512,0.0001,0.393734872341156,1025.25,10.19,1642,0.7160758376121521,135.48345947265625,5.542309567002163e-12,0,0.6982500553131104,0.1,50.12701416015625,1.0,0.7160758376121521,full_shared_detggn_blockdiag_bxb,torch.float64,3.3027689028131135e-07,5.369996550537529e-14,5.542309567002163e-12,two_independent_raw_bxb_fp64_jacobi_cholesky,1024,0.07880500704050064,-0.025117717683315277,0.027195367962121964,0.0001,799,3276800,2008.0868580760434,3276800,1.0,1e-06,paper_sgd_momentum_1e-6,4.424203872680664,0.13653475046157837,0.22072669863700867,2.066361427307129,0.5139783620834351,-1.6721254587173462,0.5725024938583374
14,0,-1.6888272762298584,-0.6912111639976501,-1.6852483749389648,-2.402301073074341,0.020667346194386482,0,0.5132641792297363,1.4142135607534168,0.01365611863904554,3.509528687573038e-05,97652.78125,6.054902220383531e-14,22.62741470336914,8.81776430023177e-12,512,0,0.3764452636241913,0.501593236137069,0.15134997019276064,2.5740067940205336e-05,100538.296875,9.522333241963942e-14,12.00539493560791,2.2468087541570364e-12,512,10053.830078125,0.3352883458137512,1.0,1.0,0.11792794615030289,0.4995329678058624,1.471158504486084,0.3395507335662842,0.7031314969062805,4.999999509891495e-05,0.16253095865249634,0.0,1.0,1.0,512,0.0001,0.40385210514068604,787.99,8.1,1643,0.7312436699867249,89.4447021484375,8.81776430023177e-12,0,0.6837666034698486,0.1,19.043636322021484,1.0,0.7312436699867249,full_shared_detggn_blockdiag_bxb,torch.float64,2.0909341458263953e-07,9.522333241963942e-14,8.81776430023177e-12,two_independent_raw_bxb_fp64_jacobi_cholesky,1024,0.058189354836940765,-0.039163313806056976,0.028150295838713646,0.0001,809,3317760,2033.1364907938987,3317760,1.0,1e-06,paper_sgd_momentum_1e-6,5.626004695892334,0.14481444656848907,-0.07027123123407364,1.664817452430725,0.2515455484390259,-1.6779323816299438,0.6380874514579773
14,0,-1.6857402324676514,-0.995556652545929,-1.6870243549346924,-2.9385244846343994,0.018277691677212715,0,0.48066914081573486,1.4142135619968492,0.010481095909276743,3.51753224094864e-05,100259.671875,1.9167344546543882e-14,22.62741470336914,4.0055929784689384e-12,512,0,0.37240567803382874,0.4622897319826746,0.1579529243675835,2.7252614017925225e-05,97022.1875,5.8080185973984e-14,9.230914115905762,2.1215700325369816e-12,512,9702.21875,0.271218866109848,1.0,1.0,0.10611064732074738,0.4688105583190918,1.427281379699707,0.32846400141716003,0.6517441272735596,4.999999873689376e-05,0.1754918247461319,0.0,1.0,1.0,512,0.0001,0.3631035387516022,863.39,8.19,1643,0.6832476258277893,174.89976501464844,4.0055929784689384e-12,0,0.7317991256713867,0.1,46.589168548583984,1.0,0.6832476258277893,full_shared_detggn_blockdiag_bxb,torch.float64,4.683202519117913e-07,5.8080185973984e-14,4.0055929784689384e-12,two_independent_raw_bxb_fp64_jacobi_cholesky,1024,0.07231232523918152,0.022230152040719986,0.016642533242702484,0.0001,819,3358720,2058.209836379625,3358720,1.0,1e-06,paper_sgd_momentum_1e-6,10.0,0.10000000149011612,0.31583455204963684,2.104419469833374,0.9767611622810364,-1.6815226078033447,1.2102540731430054
14,0,-1.6873717308044434,-0.5016173720359802,-1.6874008178710938,-3.914745807647705,0.024626506492495537,0,0.4851716160774231,1.4142135525408588,0.013873452052504308,3.358387039043009e-05,79715.8125,1.3314180772113482e-14,22.62741470336914,2.7288471078945354e-12,512,0,0.4191858768463135,0.5028550701564926,0.16382279486934406,2.9016298867645673e-05,81937.625,2.8026210808342493e-14,15.568535804748535,1.8960878492281922e-12,512,8193.76171875,0.2720312774181366,1.0,1.0,0.1133839562535286,0.47173675894737244,1.3049898147583008,0.36148691177368164,0.681071400642395,4.999999873689376e-05,0.2122357338666916,0.0,1.0,1.0,512,0.0001,0.4206750690937042,1040.65,10.29,1643,0.7223283052444458,189.39434814453125,2.7288471078945354e-12,0,0.6922060251235962,0.1,139.96240234375,1.0,0.7223283052444458,full_shared_detggn_blockdiag_bxb,torch.float64,4.5374071078185807e-07,2.8026210808342493e-14,2.7288471078945354e-12,two_independent_raw_bxb_fp64_jacobi_cholesky,1024,0.06403888016939163,-0.029306763783097267,0.04733970761299133,0.0001,829,3399680,2083.2817214708775,3399680,1.0,1e-06,paper_sgd_momentum_1e-6,5.048725605010986,0.22072061896324158,0.10926349461078644,1.9474631547927856,0.6399620771408081,-1.6836624145507812,0.8978995084762573
14,0,-1.700634479522705,-1.169275164604187,-1.6940646171569824,-2.812779426574707,0.01891101710498333,0,0.5269929766654968,1.4142135618500413,0.012714513251487442,3.4710552426986396e-05,109851.515625,3.4688734612322975e-14,22.627412796020508,7.550254593620152e-12,512,0,0.4079444706439972,0.5029970394812666,0.15579321593330114,2.6869385692407377e-05,90197.2421875,3.268013582822069e-14,10.954896926879883,2.147049140846515e-12,512,9019.7236328125,0.30730336904525757,1.0,1.0,0.11314576864242554,0.5147034525871277,1.4124090671539307,0.3644152879714966,0.7279070019721985,4.999999873689376e-05,0.18335816264152527,0.0,1.0,1.0,512,0.0001,0.44704270362854004,907.22,9.36,1641,0.7591250538825989,201.65216064453125,7.550254593620152e-12,0,0.6586530208587646,0.1,196.32025146484375,1.0,0.7591250538825989,full_shared_detggn_blockdiag_bxb,torch.float64,4.374075217583595e-07,3.4688734612322975e-14,7.550254593620152e-12,two_independent_raw_bxb_fp64_jacobi_cholesky,1024,0.06297700852155685,-0.01967039704322815,0.023439407348632812,0.0001,839,3440640,2108.3484670659527,3440640,1.0,1e-06,paper_sgd_momentum_1e-6,4.7785773277282715,0.14837023615837097,0.03316696733236313,1.7941642999649048,0.048473428934812546,-1.6848355531692505,0.7870578765869141
14,0,-1.683689832687378,-1.183968424797058,-1.686150074005127,-2.307020664215088,0.014228526502847672,0,0.501782238483429,1.4142135607398378,0.014706694594547808,3.399000343051739e-05,113030.1875,1.986071630286439e-14,22.62741470336914,4.952379879095182e-12,512,0,0.395382285118103,0.46934335491280393,0.15502375953808106,2.6782623535837047e-05,98373.8359375,5.092275138142542e-14,14.696255683898926,1.9910290893993797e-12,512,9837.3837890625,0.34457966685295105,1.0,1.0,0.10648287832736969,0.4903537631034851,1.3803740739822388,0.35523250699043274,0.7094810009002686,4.999999873689376e-05,0.1736002415418625,0.0,1.0,1.0,512,0.0001,0.427254855632782,649.62,6.33,1644,0.7381319999694824,270.75640869140625,4.952379879095182e-12,0,0.6773855686187744,0.1,50.21845245361328,1.0,0.7381320595741272,full_shared_detggn_blockdiag_bxb,torch.float64,6.21184483406978e-07,5.092275138142542e-14,4.952379879095182e-12,two_independent_raw_bxb_fp64_jacobi_cholesky,1024,0.07339679449796677,0.002867072820663452,0.04218357056379318,0.0001,849,3481600,2133.3968452038243,3481600,1.0,1e-06,paper_sgd_momentum_1e-6,3.5804760456085205,0.13713562488555908,0.6902790069580078,1.829667329788208,1.0547070503234863,-1.6876602172851562,0.7973787784576416
14,0,-1.6924400329589844,-1.2188423871994019,-1.6926885843276978,-2.279367446899414,0.01417757198214531,0,0.5034177899360657,1.4142135598856562,0.018446028241272675,3.4127820981666446e-05,82996.0,1.4460059735804473e-14,22.62741470336914,3.653053901920437e-12,512,0,0.37399962544441223,0.39582335968376203,0.17073660517165828,2.5354273020639084e-05,92338.90625,4.1327448438114544e-14,11.66067886352539,1.6838906227944862e-12,512,9233.8896484375,0.40012940764427185,1.0,1.0,0.11391084641218185,0.4903608560562134,1.419937252998352,0.3453398048877716,0.7144119739532471,5.0000002374872565e-05,0.1435832530260086,0.0,1.0,1.0,512,0.0001,0.3770241439342499,763.21,8.01,1644,0.7375475168228149,253.3129119873047,3.653053901920437e-12,0,0.6779224276542664,0.1,64.87686157226562,1.0,0.7375475168228149,full_shared_detggn_blockdiag_bxb,torch.float64,5.820862725158804e-07,4.1327448438114544e-14,3.653053901920437e-12,two_independent_raw_bxb_fp64_jacobi_cholesky,1024,0.05584274232387543,-0.013250183314085007,0.026556922122836113,0.0001,859,3522560,2158.4663222390227,3522560,1.0,1e-06,paper_sgd_momentum_1e-6,3.7606101036071777,0.12103110551834106,0.4627003073692322,1.7904744148254395,0.5460562109947205,-1.727169394493103,0.36597394943237305
14,0,-1.7083370685577393,-0.8319119215011597,-1.706225037574768,-2.155228853225708,0.01614805869758129,0,0.4765794277191162,1.414213561791066,0.02247989249147442,3.562538040569052e-05,114989.96875,1.4992978968593435e-14,22.627412796020508,4.7099880151985134e-12,512,0,0.34537434577941895,0.4629045372720959,0.1710104465640553,2.5817507776082493e-05,89141.796875,3.284379077890364e-14,9.51333999633789,1.5600608996216748e-12,512,8914.1796875,0.30675941705703735,1.0,1.0,0.11341685801744461,0.4628871977329254,1.4983336925506592,0.30893465876579285,0.6408504247665405,5.0000002374872565e-05,0.1544111967086792,0.0,1.0,1.0,512,0.0001,0.4457894563674927,909.04,9.89,1644,0.6688762903213501,413.6497802734375,4.7099880151985134e-12,0,0.7475224137306213,0.1,85.09078979492188,1.0,0.6688762903213501,full_shared_detggn_blockdiag_bxb,torch.float64,1.1557162906683516e-06,3.284379077890364e-14,4.7099880151985134e-12,two_independent_raw_bxb_fp64_jacobi_cholesky,1024,0.09661999344825745,-0.003495094832032919,0.017676491290330887,0.0001,869,3563520,2183.5130706545897,3563520,1.0,1e-06,paper_sgd_momentum_1e-6,3.8610293865203857,0.10000000149011612,0.17351728677749634,1.3830403089523315,0.4637068510055542,-1.700740933418274,0.5360989570617676
14,0,-1.6946789026260376,-1.3071436882019043,-1.6942393779754639,-2.6327874660491943,0.013840406201779842,0,0.5326067209243774,1.414213559217619,0.012185241483835247,3.462168024270795e-05,99028.71875,2.9877770157144486e-14,22.627416610717773,8.109404025293534e-12,512,0,0.4029446542263031,0.4757272572260766,0.16362480526396092,2.6193099984084256e-05,104044.953125,4.936418320868957e-14,16.749473571777344,2.1950830653730504e-12,512,10404.494140625,0.3392297327518463,1.0,1.0,0.13079488277435303,0.5162970423698425,1.4103397130966187,0.3660799264907837,0.739041268825531,4.999999509891495e-05,0.16837425529956818,0.0,1.0,1.0,512,0.0001,0.31984031200408936,870.5,9.52,1642,0.7691808342933655,328.2474060058594,8.109404025293534e-12,0,0.6500421762466431,0.1,55.630714416503906,1.0,0.7691808342933655,full_shared_detggn_blockdiag_bxb,torch.float64,6.935125611562398e-07,4.936418320868957e-14,8.109404025293534e-12,two_independent_raw_bxb_fp64_jacobi_cholesky,1024,0.06769809126853943,-0.032139528542757034,0.054793912917375565,0.0001,879,3604480,2208.587475999724,3604480,1.0,1e-06,paper_sgd_momentum_1e-6,6.420863151550293,0.10484142601490021,0.5774797201156616,1.7315089702606201,0.8683861494064331,-1.70523202419281,0.748445987701416
14,0,-1.7123098373413086,-1.313671588897705,-1.712969422340393,-2.806723117828369,0.012726318091154099,0,0.4586176872253418,1.4142135622262872,0.012008132208336882,3.525416468619369e-05,90359.890625,9.10339954056914e-15,22.62741470336914,3.4144379952867578e-12,512,0,0.34926140308380127,0.44034938147655683,0.162201016076912,2.684789251361508e-05,91855.8046875,3.1449958146491043e-14,11.609862327575684,1.7701801519566018e-12,512,9185.5810546875,0.2833252251148224,1.0,1.0,0.1184721291065216,0.44305139780044556,1.415476679801941,0.31300508975982666,0.6205089092254639,4.999999873689376e-05,0.15495598316192627,0.0,1.0,1.0,512,0.0001,0.37008902430534363,836.33,9.44,1641,0.650444746017456,486.375244140625,3.4144379952867578e-12,0,0.768704891204834,0.1,91.32279968261719,1.0,0.6504446864128113,full_shared_detggn_blockdiag_bxb,torch.float64,1.4370129974849988e-06,3.1449958146491043e-14,3.4144379952867578e-12,two_independent_raw_bxb_fp64_jacobi_cholesky,1024,0.11412116885185242,0.018038814887404442,0.026325955986976624,0.0001,889,3645440,2233.649839641992,3645440,1.0,1e-06,paper_sgd_momentum_1e-6,5.186839580535889,0.10910975933074951,0.5462225079536438,2.043320655822754,0.9108395576477051,-1.710706353187561,0.6856717467308044
14,0,-1.6995189189910889,-0.8378422856330872,-1.700799822807312,-2.217348575592041,0.01917921006679535,0,0.46571001410484314,1.4142135623367607,0.009920846438114627,3.3391090255463496e-05,91718.890625,3.5169769947022885e-14,22.627412796020508,6.487301063671347e-12,512,0,0.39470672607421875,0.40746585527263446,0.15472409902457163,2.8300202757236548e-05,96253.8359375,6.469231218866974e-14,23.054689407348633,1.8801317299890698e-12,512,9625.384765625,0.30907386541366577,1.0,1.0,0.10192719101905823,0.45441901683807373,1.2653231620788574,0.3591327667236328,0.6701493859291077,4.999999873689376e-05,0.16375906765460968,0.0,1.0,1.0,512,0.0001,0.3486482799053192,1025.97,10.85,1643,0.6973567008972168,142.07742309570312,6.487301063671347e-12,0,0.7169931530952454,0.1,16.63565444946289,1.0,0.6973567008972168,full_shared_detggn_blockdiag_bxb,torch.float64,3.651952340533171e-07,6.469231218866974e-14,6.487301063671347e-12,two_independent_raw_bxb_fp64_jacobi_cholesky,1024,0.07437874376773834,0.004734223708510399,0.10381224751472473,0.0001,899,3686400,2258.694576632697,3686400,1.0,1e-06,paper_sgd_momentum_1e-6,10.0,0.1033518984913826,0.051332563161849976,1.7751294374465942,0.4316115081310272,-1.851281762123108,0.7414615154266357
14,0,-1.7172832489013672,-0.8142669200897217,-1.7209579944610596,-2.2450387477874756,0.011174855753779411,0,0.5554611682891846,1.4142135205702315,0.01180415695307682,3.619803464971483e-05,92107.6328125,1.5001567625290364e-14,22.62741470336914,4.00487539598584e-12,512,0,0.37868431210517883,0.5037876737840529,0.15656458611370136,2.467792364768684e-05,84445.671875,2.8486341955328595e-14,21.97207260131836,1.527134159822094e-12,512,8444.5673828125,0.3250347673892975,1.0,1.0,0.1269684135913849,0.5407551527023315,1.5778529644012451,0.3427157998085022,0.7393299341201782,4.999999873689376e-05,0.16108284890651703,0.0,1.0,1.0,512,0.0001,0.41215574741363525,1065.48,11.21,1643,0.7672531604766846,282.5299072265625,4.00487539598584e-12,0,0.6516754031181335,0.1,96.36300659179688,1.0,0.7672531604766846,full_shared_detggn_blockdiag_bxb,torch.float64,5.999251015964546e-07,2.8486341955328595e-14,4.00487539598584e-12,two_independent_raw_bxb_fp64_jacobi_cholesky,1024,0.06961929798126221,0.03113878145813942,0.09429140388965607,0.0001,909,3727360,2283.729665619787,3727360,1.0,1e-06,paper_sgd_momentum_1e-6,6.108453273773193,0.10000000149011612,0.09516435861587524,2.039973735809326,0.5949074625968933,-1.717167854309082,0.6501602530479431
14,0,-1.715372085571289,-0.5730426907539368,-1.721460223197937,-2.1720523834228516,0.014408152550458908,0,0.48592671751976013,1.414213562366137,0.015162193594553444,3.533181006787345e-05,82594.484375,1.1079911953353708e-14,22.627412796020508,3.1367798188029125e-12,512,0,0.361158549785614,0.4186970180018458,0.16663814569088725,2.6259896912961267e-05,98001.5625,8.753437763273012e-14,9.858161926269531,2.20945997179526e-12,512,9800.1552734375,0.30290722846984863,1.0,1.0,0.11051045358181,0.47319361567497253,1.5092459917068481,0.3135298192501068,0.6546231508255005,4.999999509891495e-05,0.17926113307476044,0.0,1.0,1.0,512,0.0001,0.3412959575653076,1256.84,11.89,1646,0.6876617074012756,310.8283996582031,3.1367798188029125e-12,0,0.7271016836166382,0.1,20.686521530151367,1.0,0.6876617074012756,full_shared_detggn_blockdiag_bxb,torch.float64,8.216388209802972e-07,8.753437763273012e-14,3.1367798188029125e-12,two_independent_raw_bxb_fp64_jacobi_cholesky,1024,0.07589405030012131,-0.03799276798963547,0.018981125205755234,0.0001,919,3768320,2308.776677649934,3768320,1.0,1e-06,paper_sgd_momentum_1e-6,2.652359962463379,0.10000000149011612,0.3410593271255493,1.7294586896896362,0.45801475644111633,-1.722051978111267,0.33400407433509827
14,3,-1.7288644313812256,-1.1458173990249634,-1.7243589162826538,-2.2485153675079346,0.016062093898653984,0,0.5183286070823669,1.4142135613434157,0.01589100779884773,3.611162901506759e-05,81691.59375,1.2039605133667301e-14,22.62741470336914,3.632602829212549e-12,512,0,0.3716364800930023,0.4815714319543616,0.1535817997017158,2.5891680706990883e-05,95392.90625,3.0158641848395215e-14,24.2415828704834,2.1445135813058944e-12,512,9539.291015625,0.281056672334671,1.0,1.0,0.12720724940299988,0.5024767518043518,1.515870451927185,0.3314773738384247,0.6860319972038269,4.999999873689376e-05,0.16803701221942902,0.0,1.0,1.0,512,0.0001,0.4382243752479553,1006.88,9.74,1645,0.7176754474639893,389.76995849609375,3.632602829212549e-12,0,0.6966937780380249,0.1,117.6601333618164,1.0,0.7176754474639893,full_shared_detggn_blockdiag_bxb,torch.float64,9.459369607611734e-07,3.0158641848395215e-14,3.632602829212549e-12,two_independent_raw_bxb_fp64_jacobi_cholesky,1024,0.06465740501880646,0.0012216903269290924,0.11477622389793396,0.0001,929,3809280,2333.83901005378,3809280,1.0,1e-06,paper_sgd_momentum_1e-6,5.158016681671143,0.15311391651630402,-0.0026361336931586266,1.690285325050354,0.44829198718070984,-1.818026065826416,0.7925174236297607
14,3,-1.7112503051757812,-0.5119243264198303,-1.7234539985656738,-2.1804983615875244,0.017064472660422325,0,0.4807964265346527,1.4142135623116818,0.012021248083183722,3.3868258469738066e-05,91153.359375,8.252071944525173e-15,22.627416610717773,2.5093707100321335e-12,512,0,0.4048486649990082,0.4491708976883144,0.1589127036060925,2.8518346880446188e-05,91167.75,5.3167018925628645e-14,12.740405082702637,2.1642506719129965e-12,512,9116.7744140625,0.27935758233070374,1.0,1.0,0.12296112626791,0.4648072123527527,1.3103896379470825,0.3547091782093048,0.6712809801101685,4.999999509891495e-05,0.1951507329940796,0.0,1.0,1.0,512,0.0001,0.37850967049598694,1186.94,10.95,1644,0.7098037600517273,323.349365234375,2.5093707100321335e-12,0,0.7044199705123901,0.1,49.87181091308594,1.0,0.7098038196563721,full_shared_detggn_blockdiag_bxb,torch.float64,8.022418569453293e-07,5.3167018925628645e-14,2.5093707100321335e-12,two_independent_raw_bxb_fp64_jacobi_cholesky,1024,0.08829067647457123,-0.005446482449769974,0.03170272335410118,0.0001,939,3850240,2358.869645546656,3850240,1.0,1e-06,paper_sgd_momentum_1e-6,6.979061126708984,0.14655913412570953,0.046735089272260666,1.7368160486221313,0.31035876274108887,-1.7307034730911255,0.4382176399230957
14,0,-1.7315609455108643,-1.1971216201782227,-1.7221659421920776,-3.4557571411132812,0.022343697026371956,0,0.5144015550613403,1.414213558116133,0.007049870257967978,3.6741064832312986e-05,114629.2421875,2.6406716335697265e-14,22.627416610717773,6.430258318830516e-12,512,0,0.3598466217517853,0.4634680448903243,0.14429811642082907,2.5702000129967928e-05,109111.046875,5.431325428980344e-14,13.777166366577148,2.2085094704381037e-12,512,10911.103515625,0.2591821849346161,1.0,1.0,0.11507187783718109,0.5013655424118042,1.562638282775879,0.3208455443382263,0.6710152626037598,4.999999873689376e-05,0.16293467581272125,0.0,1.0,1.0,512,0.0001,0.38727378845214844,1008.12,9.22,1644,0.7000362873077393,297.2068786621094,6.430258318830516e-12,0,0.714248776435852,0.1,42.61579895019531,1.0,0.7000362277030945,full_shared_detggn_blockdiag_bxb,torch.float64,7.581023169223045e-07,5.431325428980344e-14,6.430258318830516e-12,two_independent_raw_bxb_fp64_jacobi_cholesky,1024,0.08786319941282272,-0.023192090913653374,0.037072326987981796,0.0001,949,3891200,2383.918781828601,3891200,1.0,1e-06,paper_sgd_momentum_1e-6,10.0,0.10000000149011612,-0.20286467671394348,1.1328754425048828,0.10542400926351547,-2.0879604816436768,0.5915716290473938
14,0,-1.7481048107147217,-0.9562394618988037,-1.74771249294281,-3.1147079467773438,0.023923654109239578,0,0.49650558829307556,1.4142135605872845,0.012124300183209015,3.460699736024253e-05,78446.9921875,1.2822605993849187e-14,22.62741470336914,3.3207085756179765e-12,512,0,0.39038360118865967,0.48725758326334767,0.15835900533034514,2.7210173357161693e-05,85200.5390625,3.9728856138331514e-14,14.24797248840332,2.297985203868256e-12,512,8520.0537109375,0.29838818311691284,1.0,1.0,0.11248034983873367,0.48359692096710205,1.3841818571090698,0.34937384724617004,0.6867312788963318,4.999999873689376e-05,0.1741759479045868,0.0,1.0,1.0,512,0.0001,0.39401036500930786,1194.07,11.65,1642,0.717348575592041,313.1912841796875,3.3207085756179765e-12,0,0.6970112323760986,0.1,101.67152404785156,1.0,0.717348575592041,full_shared_detggn_blockdiag_bxb,torch.float64,7.607802103848371e-07,3.9728856138331514e-14,3.3207085756179765e-12,two_independent_raw_bxb_fp64_jacobi_cholesky,1024,0.05119860917329788,-0.008242167532444,0.0396493598818779,0.0001,959,3932160,2408.979918114841,3932160,1.0,1e-06,paper_sgd_momentum_1e-6,4.365678310394287,0.19349446892738342,0.1562332808971405,1.8887320756912231,-0.015590406954288483,-1.739815354347229,0.6200546026229858
14,0,-1.7310748100280762,-1.0783313512802124,-1.7370268106460571,-2.111381769180298,0.01599782705307007,0,0.496613472700119,1.414213562319193,0.012066646124251314,3.292588735348545e-05,93880.359375,1.186445670833133e-14,22.62741470336914,3.310237058386113e-12,512,0,0.41258907318115234,0.44071222238738705,0.15450035779692647,2.735499947448261e-05,96463.953125,3.7350278584272506e-14,9.894207000732422,2.0781816105900626e-12,512,9646.396484375,0.37060025334358215,1.0,1.0,0.11368115991353989,0.48342686891555786,1.2646385431289673,0.3822648525238037,0.7291762232780457,4.999999873689376e-05,0.15525248646736145,0.0,1.0,1.0,512,0.0001,0.3800910711288452,923.4,9.53,1642,0.7541383504867554,341.992431640625,3.310237058386113e-12,0,0.6630083322525024,0.1,121.79290008544922,1.0,0.7541383504867554,full_shared_detggn_blockdiag_bxb,torch.float64,7.5166519764025e-07,3.7350278584272506e-14,3.310237058386113e-12,two_independent_raw_bxb_fp64_jacobi_cholesky,1024,0.09111399203538895,-0.016927776858210564,0.01912018470466137,0.0001,969,3973120,2434.079676422756,3973120,1.0,1e-06,paper_sgd_momentum_1e-6,4.3545098304748535,0.10000000149011612,-0.29222583770751953,1.2670027017593384,-0.36288443207740784,-2.053122043609619,0.6343756318092346
14,0,-1.7217975854873657,-0.7777785658836365,-1.730751633644104,-3.814380645751953,0.03372202813625336,0,0.4697993993759155,1.414213558814374,0.018195892956435766,3.394582017790526e-05,92057.5234375,2.0908578029655304e-14,22.62741470336914,4.952440154447761e-12,512,0,0.41414380073547363,0.45702534986023485,0.1663633917518925,2.9924367481726222e-05,96313.921875,8.563618491243066e-14,13.239337921142578,2.6391654212825293e-12,512,9631.392578125,0.22258824110031128,1.0,1.0,0.11926496028900146,0.45440879464149475,1.238993763923645,0.3667563199996948,0.6539213061332703,4.999999873689376e-05,0.1923665702342987,0.0,1.0,1.0,512,0.0001,0.38613441586494446,799.35,7.5,1644,0.6919841766357422,190.59255981445312,4.952440154447761e-12,0,0.7225598692893982,0.1,27.707599639892578,1.0,0.6919841766357422,full_shared_detggn_blockdiag_bxb,torch.float64,4.975349270353036e-07,8.563618491243066e-14,4.952440154447761e-12,two_independent_raw_bxb_fp64_jacobi_cholesky,1024,0.05763182416558266,-0.018890466541051865,0.034234385937452316,0.0001,979,4014080,2459.1517265546136,4014080,1.0,1e-06,paper_sgd_momentum_1e-6,2.928770065307617,0.10000000149011612,-0.2519444227218628,1.7524678707122803,-0.12204557657241821,-1.9787510633468628,0.6660143733024597
14,0,-1.7272034883499146,-1.2267842292785645,-1.7295935153961182,-2.4654433727264404,0.015409776009619236,0,0.49305465817451477,1.4142135623720713,0.014355493601270052,3.238719727960415e-05,106710.234375,1.320239015502874e-14,22.62741470336914,3.4428728388371826e-12,512,0,0.424498975276947,0.44248613100882106,0.1481605175782716,2.7883990696864203e-05,103055.265625,3.1599432329692854e-14,25.08458137512207,1.9301728513897592e-12,512,10305.5263671875,0.3729178309440613,1.0,1.0,0.113277867436409,0.4798656404018402,1.2402265071868896,0.38691774010658264,0.7321752309799194,4.999999873689376e-05,0.1746254712343216,0.0,1.0,1.0,512,0.0001,0.36096349358558655,629.56,6.01,1640,0.7611876130104065,356.16082763671875,3.4428728388371826e-12,0,0.6568682789802551,0.1,72.90406036376953,1.0,0.7611876130104065,full_shared_detggn_blockdiag_bxb,torch.float64,7.683742069275468e-07,3.1599432329692854e-14,3.4428728388371826e-12,two_independent_raw_bxb_fp64_jacobi_cholesky,1024,0.0624578557908535,-0.028115492314100266,0.1228976920247078,0.0001,989,4055040,2484.21885139402,4055040,1.0,1e-06,paper_sgd_momentum_1e-6,5.532268524169922,0.10000000149011612,-0.08297304809093475,1.7941185235977173,-0.06168211251497269,-1.801611304283142,0.8056955933570862
14,0,-1.7255034446716309,-0.3681272864341736,-1.7376444339752197,-2.237440347671509,0.021153030917048454,0,0.4821394383907318,1.4142135609317505,0.013451800669606663,3.292737528681755e-05,96070.96875,2.7232220169566597e-14,22.62741470336914,4.610609847927512e-12,512,0,0.4443281888961792,0.4643397081993991,0.14343049295806215,3.0345081540872343e-05,95628.875,3.0700976325548556e-14,14.968021392822266,2.164593426490457e-12,512,9562.888671875,0.2476840317249298,1.0,1.0,0.11493028700351715,0.46824079751968384,1.197992205619812,0.3908546268939972,0.6914756894111633,4.999999873689376e-05,0.2113295942544937,0.0,1.0,1.0,512,0.0001,0.364219069480896,610.01,5.47,1643,0.732125461101532,109.24087524414062,4.610609847927512e-12,0,0.6829429864883423,0.1,119.76565551757812,1.0,0.7321255207061768,full_shared_detggn_blockdiag_bxb,torch.float64,2.547558040078002e-07,3.0700976325548556e-14,4.610609847927512e-12,two_independent_raw_bxb_fp64_jacobi_cholesky,1024,0.07335378229618073,0.012565093114972115,0.04375813528895378,0.0001,999,4096000,2509.4088555607013,4096000,1.0,1e-06,paper_sgd_momentum_1e-6,3.848358631134033,0.11359994858503342,-0.28960227966308594,1.9950014352798462,0.03270901367068291,-1.9740427732467651,0.728797197341919
14,0,-1.7225902080535889,-0.1203966736793518,-1.7218611240386963,-4.020224571228027,0.04411029815673828,0,0.5245838761329651,1.4142135622416179,0.011329762824068675,3.498502337606624e-05,102292.265625,1.810847304713066e-14,22.62741470336914,4.451863950204412e-12,512,0,0.432006299495697,0.4609765060908661,0.1460138899453377,2.881093132600654e-05,117231.875,9.885927508382839e-14,23.781925201416016,3.2515268962478577e-12,512,11723.1875,0.22123019397258759,1.0,1.0,0.11717014759778976,0.5113309621810913,1.3008347749710083,0.39307910203933716,0.7185001969337463,4.999999873689376e-05,0.17921565473079681,0.0,1.0,1.0,512,0.0001,0.3810576796531677,656.21,7.67,1641,0.7497263550758362,255.65325927734375,4.451863950204412e-12,0,0.6669099926948547,0.1,31.042808532714844,1.0,0.7497263550758362,full_shared_detggn_blockdiag_bxb,torch.float64,5.685331530003168e-07,9.885927508382839e-14,4.451863950204412e-12,two_independent_raw_bxb_fp64_jacobi_cholesky,1024,0.08754941821098328,-0.009702004492282867,0.11046482622623444,0.0001,1009,4136960,2534.4782120208256,4136960,1.0,1e-06,paper_sgd_momentum_1e-6,10.0,0.17013904452323914,-0.17838247120380402,1.7670954465866089,0.22287996113300323,-1.9150006771087646,0.8509229421615601
14,3,-1.7279164791107178,-1.1179258823394775,-1.7259337902069092,-2.376110792160034,0.020411353558301926,0,0.5136216282844543,1.4142135619887364,0.015288697813426406,3.406887117307633e-05,94824.75,3.3308281004716624e-14,22.62741470336914,6.309932645930439e-12,512,0,0.42515143752098083,0.4825367350527499,0.1492672622390854,2.8200583983561955e-05,109831.765625,3.8869333575868975e-14,12.674006462097168,2.2722111317247404e-12,512,10983.1767578125,0.28312891721725464,1.0,1.0,0.12023012340068817,0.499351441860199,1.329514741897583,0.3755892515182495,0.7169875502586365,4.999999873689376e-05,0.19921459257602692,0.0,1.0,1.0,512,0.0001,0.31828686594963074,480.38,6.0,1643,0.7537990212440491,171.39453125,6.309932645930439e-12,0,0.6633067727088928,0.1,128.39022827148438,1.0,0.7537990212440491,full_shared_detggn_blockdiag_bxb,torch.float64,3.770472858377616e-07,3.8869333575868975e-14,6.309932645930439e-12,two_independent_raw_bxb_fp64_jacobi_cholesky,1024,0.05181398242712021,-0.005465111695230007,0.03137313202023506,0.0001,1019,4177920,2559.5467393659055,4177920,1.0,1e-06,paper_sgd_momentum_1e-6,4.067413806915283,0.10000000149011612,0.00643576867878437,1.4543569087982178,0.47242721915245056,-1.8714848756790161,0.8776128888130188
14,3,-1.7444536685943604,-0.7268859148025513,-1.7396585941314697,-3.28110933303833,0.016678337007761,0,0.4364115297794342,1.4142135607192723,0.010773412737116853,3.2805357477627695e-05,113731.171875,6.305142541093145e-14,22.62741470336914,9.10089493564785e-12,512,0,0.3927619755268097,0.4618013152126004,0.15749082832124944,2.9524191631935537e-05,113123.1171875,7.788295995442501e-14,13.052228927612305,2.6566560138370274e-12,512,11312.3115234375,0.28502899408340454,1.0,1.0,0.10147809982299805,0.42444929480552673,1.1773039102554321,0.36052653193473816,0.6386297345161438,4.999999873689376e-05,0.15582865476608276,0.0,1.0,1.0,512,0.0001,0.39969402551651,473.46,6.02,1643,0.6651528477668762,79.64668273925781,9.10089493564785e-12,0,0.7517070174217224,0.1,56.882911682128906,1.0,0.6651527881622314,full_shared_detggn_blockdiag_bxb,torch.float64,2.2502712226923904e-07,7.788295995442501e-14,9.10089493564785e-12,two_independent_raw_bxb_fp64_jacobi_cholesky,1024,0.054675888270139694,0.01299003604799509,0.033273570239543915,0.0001,1029,4218880,2584.5987962838262,4218880,1.0,1e-06,paper_sgd_momentum_1e-6,7.900093078613281,0.10000000149011612,-0.06002480909228325,1.7688642740249634,0.4055175185203552,-1.8869082927703857,0.8686656951904297
14,0,-1.7503968477249146,-0.879406750202179,-1.7389436960220337,-4.2019944190979,0.038325585424900055,0,0.5135721564292908,1.4142135623269212,0.013501777059718374,2.9594069928862154e-05,118784.421875,2.7629585617168545e-14,22.62741470336914,6.938872313474032e-12,512,0,0.5209056735038757,0.4585643237700494,0.1392918156273334,3.0016655728104524e-05,131000.421875,4.4820084930181344e-14,16.292165756225586,3.277849190753614e-12,512,13100.0419921875,0.4070579409599304,1.0,1.0,0.10298139601945877,0.5031412839889526,1.0447790622711182,0.48157674074172974,0.8383684754371643,4.999999873689376e-05,0.19856128096580505,0.0,1.0,1.0,512,0.0001,0.4272490441799164,582.42,5.95,1632,0.8676943778991699,387.6206970214844,6.938872313474032e-12,0,0.5762397646903992,0.1,257.9154357910156,1.0,0.8676943778991699,full_shared_detggn_blockdiag_bxb,torch.float64,6.435516866076796e-07,4.4820084930181344e-14,6.938872313474032e-12,two_independent_raw_bxb_fp64_jacobi_cholesky,1024,0.06881359219551086,-0.03166408836841583,0.05184271186590195,0.0001,1039,4259840,2609.7367004086263,4259840,1.0,1e-06,paper_sgd_momentum_1e-6,4.255505084991455,0.11353231221437454,-0.33205413818359375,1.7723138332366943,-0.2505999505519867,-1.79379141330719,0.7033827900886536
14,3,-1.760352373123169,-0.0995417982339859,-1.7634915113449097,-3.125136375427246,0.060351405292749405,0,0.5553650856018066,1.414213561160699,0.017346777038695835,3.246456981287338e-05,126486.296875,6.001097389752655e-14,22.62741470336914,1.3472719538871745e-11,512,0,0.5061582326889038,0.43862609357068694,0.13274075723597023,2.958812183351256e-05,132258.640625,5.700839123936827e-14,19.637590408325195,4.083222883976926e-12,512,13225.8623046875,0.2970097064971924,1.0,1.0,0.11927617341279984,0.542405366897583,1.1342041492462158,0.4782254993915558,0.8305923342704773,4.999999873689376e-05,0.1658208668231964,0.0,1.0,1.0,512,0.0001,0.413738876581192,186.99,2.59,1643,0.8553402423858643,292.957763671875,1.3472719538871745e-11,0,0.5845627188682556,0.1,202.93365478515625,1.0,0.8553402423858643,full_shared_detggn_blockdiag_bxb,torch.float64,5.005381922273955e-07,6.001097389752655e-14,1.3472719538871745e-11,two_independent_raw_bxb_fp64_jacobi_cholesky,1024,0.0975402295589447,-0.05415857583284378,0.0753193348646164,0.0001,1049,4300800,2634.8148715328425,4300800,1.0,1e-06,paper_sgd_momentum_1e-6,6.829347610473633,0.11114031076431274,-0.5256348252296448,1.775844931602478,-0.5379760265350342,-1.8681488037109375,0.5508421659469604
14,0,-1.7632880210876465,-0.9201375246047974,-1.756234884262085,-2.7685980796813965,0.03158390149474144,0,0.49726107716560364,1.4142135623730943,0.013240171083193683,2.9013548555667512e-05,118562.2734375,5.4845707075092425e-14,22.62741470336914,1.159406837838841e-11,512,0,0.507134199142456,0.42479492361929166,0.13305047215433097,2.9589613404823467e-05,140588.78125,7.363081988902492e-14,18.779857635498047,3.498859664489191e-12,512,14058.8759765625,0.45583534240722656,1.0,1.0,0.08720125257968903,0.4895554482936859,1.0412298440933228,0.47017040848731995,0.8310404419898987,5.0000002374872565e-05,0.19006548821926117,0.0,1.0,1.0,512,0.0001,0.3434445858001709,169.15,2.4,1645,0.8569463491439819,246.5084686279297,1.159406837838841e-11,0,0.5834671258926392,0.1,79.99014282226562,1.0,0.8569463491439819,full_shared_detggn_blockdiag_bxb,torch.float64,4.195991607502947e-07,7.363081988902492e-14,1.159406837838841e-11,two_independent_raw_bxb_fp64_jacobi_cholesky,1024,0.08200707286596298,-0.016182463616132736,0.06888340413570404,0.0001,1059,4341760,2659.8547300458886,4341760,1.0,1e-06,paper_sgd_momentum_1e-6,3.600320339202881,0.10000000149011612,-0.6068189144134521,0.9372581839561462,-0.7145209908485413,-1.7479913234710693,0.5038420557975769
14,3,-1.7603809833526611,-0.759181022644043,-1.7706856727600098,-3.6211278438568115,0.052736878395080566,0,0.5457268357276917,1.4142135622070362,0.011545605581845364,3.09998904413078e-05,114474.5859375,8.718578606096156e-14,22.62741470336914,1.0022384030485722e-11,512,0,0.5087850093841553,0.425942540600101,0.12922624253001358,2.890141877287533e-05,140200.3125,8.598830475091265e-14,15.09196949005127,4.170917732960145e-12,512,14020.03125,0.39272403717041016,1.0,1.0,0.12543919682502747,0.5311146974563599,1.1151849031448364,0.4762570559978485,0.8526366353034973,4.999999873689376e-05,0.17900104820728302,0.0,1.0,1.0,512,0.0001,0.3572373390197754,160.51,1.49,1644,0.8802077174186707,77.57362365722656,1.0022384030485722e-11,0,0.5680477619171143,0.1,95.66226196289062,1.0,0.8802076578140259,full_shared_detggn_blockdiag_bxb,torch.float64,1.2515660330336686e-07,8.718578606096156e-14,1.0022384030485722e-11,two_independent_raw_bxb_fp64_jacobi_cholesky,1024,0.07191731035709381,-0.027547305449843407,0.04448584467172623,0.0001,1069,4382720,2684.889081931673,4382720,1.0,1e-06,paper_sgd_momentum_1e-6,4.986364364624023,0.10000000149011612,-0.8355163335800171,0.8213719725608826,-0.8347010612487793,-1.7736263275146484,0.3525305390357971
14,3,-1.6902416944503784,-0.9746828675270081,-1.7003759145736694,-2.858656167984009,0.02895432896912098,0,0.5593451857566833,1.4142135623696868,0.016683754495054798,3.580148768378422e-05,102843.5859375,7.926722743065194e-14,22.62741470336914,1.3516454772713862e-11,512,0,0.3922139108181,0.4007758200697786,0.12587685299772786,2.5104071028181352e-05,160570.5,1.2323105606142102e-13,11.566410064697266,3.532078194465694e-12,512,16057.05078125,0.32713794708251953,1.0,1.0,0.1379745453596115,0.5420609712600708,1.496942400932312,0.3621121048927307,0.7539842128753662,4.999999873689376e-05,0.15068697929382324,0.0,1.0,1.0,512,0.0001,0.36383256316185,239.68,2.29,1644,0.7811758518218994,119.48866271972656,1.3516454772713862e-11,0,0.6400607228279114,0.1,35.95320129394531,1.0,0.7811759114265442,full_shared_detggn_blockdiag_bxb,torch.float64,2.4475917825839133e-07,1.2323105606142102e-13,1.3516454772713862e-11,two_independent_raw_bxb_fp64_jacobi_cholesky,1024,0.061005935072898865,-0.03205610811710358,0.026129266247153282,0.0001,1079,4423680,2709.966472788714,4423680,1.0,1e-06,paper_sgd_momentum_1e-6,4.978692054748535,0.10000000149011612,-1.391669511795044,0.31525087356567383,-1.4817832708358765,-2.362178325653076,0.16151940822601318
14,3,-1.7055238485336304,-0.980750560760498,-1.6968687772750854,-2.7929043769836426,0.027773583307862282,0,0.4637252688407898,1.414213559809345,0.012032041265840461,3.3532294764881954e-05,119622.9609375,4.6176309034371844e-14,22.62741470336914,7.756475527766298e-12,512,0,0.4048647880554199,0.4041604095956613,0.12596424467912867,2.927605419245083e-05,149439.53125,3.233174861078461e-14,22.98011589050293,3.2883512668461787e-12,512,14943.953125,0.2640833556652069,1.0,1.0,0.10847826302051544,0.4508587419986725,1.2092150449752808,0.3728524148464203,0.6644198298454285,4.999999873689376e-05,0.1577865034341812,0.0,1.0,1.0,512,0.0001,0.3761783838272095,178.93,2.16,1643,0.6914606690406799,162.0471954345703,7.756475527766298e-12,0,0.7231069207191467,0.1,238.78988647460938,1.0,0.6914606690406799,full_shared_detggn_blockdiag_bxb,torch.float64,4.2365914509900904e-07,4.6176309034371844e-14,7.756475527766298e-12,two_independent_raw_bxb_fp64_jacobi_cholesky,1024,0.07690376043319702,0.011780284345149994,0.10314172506332397,0.0001,1089,4464640,2735.014778328594,4464640,1.0,1e-06,paper_sgd_momentum_1e-6,5.669068813323975,0.10000000149011612,-0.7128665447235107,0.6132565140724182,-0.7940062880516052,-1.6992051601409912,0.271138459444046
14,3,-1.687252163887024,-0.8209521174430847,-1.6749125719070435,-3.0717194080352783,0.03305523842573166,0,0.5069377422332764,1.414213562370585,0.015253125295462286,3.4275864891242236e-05,124896.921875,4.101211216253716e-14,22.62741470336914,8.041267678099337e-12,512,0,0.411219984292984,0.37952149578967453,0.12317405714592852,2.7804047931567766e-05,163654.8125,3.8186412283496284e-14,14.652670860290527,3.189892971609409e-12,512,16365.478515625,0.2896620035171509,1.0,1.0,0.11008047312498093,0.494841605424881,1.353293776512146,0.36565718054771423,0.7066406011581421,5.0000002374872565e-05,0.1881401389837265,0.0,1.0,1.0,512,0.0001,0.29588449001312256,230.94,2.8,1583,0.739496648311615,158.90968322753906,8.041267678099337e-12,0,0.6761355996131897,0.1,277.2936096191406,1.0,0.739496648311615,full_shared_detggn_blockdiag_bxb,torch.float64,3.6323527297099645e-07,4.101211216253716e-14,8.041267678099337e-12,two_independent_raw_bxb_fp64_jacobi_cholesky,1024,0.07984939217567444,-0.03441059589385986,0.04193374514579773,0.0001,1099,4505600,2760.1576186898164,4505600,1.0,1e-06,paper_sgd_momentum_1e-6,3.804180383682251,0.10387174040079117,-0.6154860258102417,1.311055302619934,-0.6352261304855347,-1.9124298095703125,0.6226242780685425
14,3,-1.6895934343338013,-1.124953269958496,-1.6850780248641968,-3.531984567642212,0.02567208558320999,0,0.5392206311225891,1.4142135623694196,0.013906432021249042,3.5445384128252044e-05,106198.3671875,2.0628823074756782e-14,22.62741470336914,7.35154272045191e-12,512,0,0.378094881772995,0.4065197515036692,0.13899150771123747,2.4853867216734216e-05,149211.46875,6.624092227848243e-14,11.490068435668945,3.218993075101421e-12,512,14921.1455078125,0.35524529218673706,1.0,1.0,0.12407141178846359,0.5247524976730347,1.5126640796661377,0.3469061553478241,0.7352288365364075,4.999999873689376e-05,0.15037238597869873,0.0,1.0,1.0,512,0.0001,0.30545666813850403,331.53,3.92,1641,0.7606359124183655,524.8867797851562,7.35154272045191e-12,0,0.6573446989059448,0.1,77.13399505615234,1.0,0.7606359124183655,full_shared_detggn_blockdiag_bxb,torch.float64,1.1340233641021769e-06,6.624092227848243e-14,7.35154272045191e-12,two_independent_raw_bxb_fp64_jacobi_cholesky,1024,0.07119809091091156,-0.01066097617149353,0.025785483419895172,0.0001,1109,4546560,2785.2273375676014,4546560,1.0,1e-06,paper_sgd_momentum_1e-6,3.9627628326416016,0.10000000149011612,-0.2526276111602783,1.062081217765808,0.045150429010391235,-1.797816276550293,0.6314202547073364
14,3,-1.697954773902893,-1.0452399253845215,-1.7007147073745728,-2.941977024078369,0.02521231770515442,0,0.528153657913208,1.4142135623730951,0.007549553536730674,3.232440576539375e-05,87119.984375,2.6573218668168533e-14,22.62741470336914,5.6001129878893385e-12,512,0,0.46410736441612244,0.2989216986775486,0.1302437497242625,2.8404603654053062e-05,140363.359375,6.051275526843197e-14,11.17313003540039,2.9822456437396556e-12,512,14036.3359375,0.3530483543872833,1.0,1.0,0.10610327124595642,0.5173860788345337,1.224655032157898,0.4224749505519867,0.7869256138801575,4.999999873689376e-05,0.19212126731872559,0.0,1.0,1.0,512,0.0001,0.24505512416362762,398.62,4.27,1642,0.816957950592041,209.5546875,5.6001129878893385e-12,0,0.612026572227478,0.1,79.54898834228516,1.0,0.8169580101966858,full_shared_detggn_blockdiag_bxb,torch.float64,3.924713212200004e-07,6.051275526843197e-14,5.6001129878893385e-12,two_independent_raw_bxb_fp64_jacobi_cholesky,1024,0.07479265332221985,-0.03787122666835785,0.024382581934332848,0.0001,1119,4587520,2810.288492064923,4587520,1.0,1e-06,paper_sgd_momentum_1e-6,10.0,0.11948958784341812,-0.2702986001968384,1.040082335472107,0.06006520986557007,-2.454979181289673,0.7162814140319824
14,0,-1.6978309154510498,-1.2201241254806519,-1.7023016214370728,-2.090130567550659,0.014960069209337234,0,0.5066872835159302,1.414213562372432,0.008441309573006177,3.283021942479536e-05,105101.96875,2.0414820555346217e-14,22.62741470336914,5.9865404189709615e-12,512,0,0.3971233665943146,0.4191365704548727,0.12689905066657042,2.5731151254149154e-05,146514.484375,4.357389655298395e-14,12.606928825378418,2.6118684341072644e-12,512,14651.4482421875,0.4498818516731262,1.0,1.0,0.11275331676006317,0.4939824938774109,1.3263530731201172,0.37243664264678955,0.7508500814437866,4.999999509891495e-05,0.13783302903175354,0.0,1.0,1.0,512,0.0001,0.27380287647247314,383.44,3.58,1642,0.77167809009552,412.84869384765625,5.9865404189709615e-12,0,0.6479385495185852,0.1,125.02117156982422,1.0,0.77167809009552,full_shared_detggn_blockdiag_bxb,torch.float64,8.666195867590432e-07,4.357389655298395e-14,5.9865404189709615e-12,two_independent_raw_bxb_fp64_jacobi_cholesky,1024,0.06119314581155777,-0.0338798351585865,0.03104192391037941,0.0001,1129,4628480,2835.362698309589,4628480,1.0,1e-06,paper_sgd_momentum_1e-6,10.0,0.10000000149011612,0.2826833128929138,1.7966147661209106,0.5703738927841187,-1.6980650424957275,0.5994113683700562
14,0,-1.6776089668273926,-1.1194308996200562,-1.6768735647201538,-3.5458736419677734,0.024410031735897064,0,0.47588297724723816,1.4142135623729675,0.017480379036191034,3.638053385657258e-05,67793.3984375,1.7891134161865982e-14,22.62741470336914,2.8056799790479107e-12,512,0,0.3348787724971771,0.4147850977272571,0.14286789480330442,2.5600975277484395e-05,122763.046875,7.277504465224652e-14,13.170814514160156,2.760616468287987e-12,512,12276.3046875,0.2797183692455292,1.0,1.0,0.11133594810962677,0.4626758396625519,1.5406148433685303,0.30031895637512207,0.6272271871566772,4.999999873689376e-05,0.14816316962242126,0.0,1.0,1.0,512,0.0001,0.2665203809738159,598.98,5.9,1639,0.6540351510047913,73.08248901367188,2.8056799790479107e-12,0,0.7644848823547363,0.1,69.26675415039062,1.0,0.6540351510047913,full_shared_detggn_blockdiag_bxb,torch.float64,2.1356059676236328e-07,7.277504465224652e-14,2.8056799790479107e-12,two_independent_raw_bxb_fp64_jacobi_cholesky,1024,0.05867382138967514,0.001348615624010563,0.03388093411922455,0.0001,1139,4669440,2860.435845130589,4669440,1.0,1e-06,paper_sgd_momentum_1e-6,3.8232293128967285,0.10000000149011612,-0.06267860531806946,1.0023980140686035,0.16838876903057098,-1.7691556215286255,0.38554927706718445
14,3,-1.6687138080596924,-0.6755203604698181,-1.6838452816009521,-2.2119884490966797,0.023572061210870743,0,0.4879835247993469,1.4142135622897982,0.013308865413499436,3.518956509651616e-05,81839.84375,2.0578721212313433e-14,22.627416610717773,6.1009027934507494e-12,512,0,0.3851635754108429,0.41310328461579304,0.13523104772458883,2.7774991394835524e-05,129711.3046875,4.219021907101506e-14,22.54971694946289,2.9802539221714266e-12,512,12971.130859375,0.2507925033569336,1.0,1.0,0.1235320121049881,0.4720887541770935,1.380753993988037,0.34190648794174194,0.6588189601898193,4.999999509891495e-05,0.17734411358833313,0.0,1.0,1.0,512,0.0001,0.2949059009552002,542.06,5.28,1640,0.6933639049530029,350.1509094238281,6.1009027934507494e-12,0,0.7211220264434814,0.1,115.14433288574219,1.0,0.6933639049530029,full_shared_detggn_blockdiag_bxb,torch.float64,9.104219884648046e-07,4.219021907101506e-14,6.1009027934507494e-12,two_independent_raw_bxb_fp64_jacobi_cholesky,1024,0.05159774422645569,0.004014503210783005,0.09931440651416779,0.0001,1149,4710400,2885.519146995619,4710400,1.0,1e-06,paper_sgd_momentum_1e-6,6.302618026733398,0.13636745512485504,-1.096261739730835,0.6973066329956055,-1.2839041948318481,-2.2324635982513428,0.7194745540618896
14,3,-1.6636326313018799,1.071013331413269,-1.6738828420639038,-2.3473005294799805,0.04381575435400009,0,0.4702759385108948,1.4142135623128622,0.01617334217974348,3.4032102121273056e-05,140458.546875,5.710480645076798e-14,22.62741470336914,1.6023503532154746e-11,512,0,0.42010703682899475,0.38594896735649614,0.12299099336970391,3.0401568437810056e-05,161720.0625,1.214647018961776e-13,14.43398666381836,3.798442359315629e-12,512,16172.0068359375,0.2017924189567566,1.0,1.0,0.12145871669054031,0.45432063937187195,1.2707048654556274,0.35753434896469116,0.6434072256088257,5.0000002374872565e-05,0.2205880582332611,0.0,1.0,1.0,512,0.0001,0.3213471472263336,433.6,4.01,1641,0.6909298896789551,299.2987060546875,1.6023503532154746e-11,0,0.7236624360084534,0.1,32.22411346435547,1.0,0.6909298896789551,full_shared_detggn_blockdiag_bxb,torch.float64,7.836947588657495e-07,1.214647018961776e-13,1.6023503532154746e-11,two_independent_raw_bxb_fp64_jacobi_cholesky,1024,0.10067422688007355,-0.02638702094554901,0.040691398084163666,0.0001,1159,4751360,2910.5804317728616,4751360,1.0,1e-06,paper_sgd_momentum_1e-6,9.636323928833008,0.10000000149011612,-0.8528468012809753,1.8264676332473755,-1.016353726387024,-1.864753007888794,0.4597926139831543
14,3,-1.69395911693573,-1.1460870504379272,-1.6867060661315918,-2.3333277702331543,0.01982775889337063,0,0.559136152267456,1.414213553308293,0.009967419770464206,3.237336568417959e-05,122951.2265625,5.5490130198109215e-14,22.62741470336914,1.5019412677525684e-11,512,0,0.4928222596645355,0.36923517710673026,0.12319388977372381,2.8533864679047838e-05,177329.015625,5.008389486680564e-14,19.968875885009766,4.102554750644176e-12,512,17732.90234375,0.3452191650867462,1.0,1.0,0.11398757994174957,0.5473938584327698,1.2513948678970337,0.43742698431015015,0.825370192527771,4.999999509891495e-05,0.22700533270835876,0.0,1.0,1.0,512,0.0001,0.27050724625587463,247.68,2.98,1642,0.8635743856430054,368.1107177734375,1.5019412677525684e-11,0,0.5789889693260193,0.1,196.04043579101562,1.0,0.8635742664337158,full_shared_detggn_blockdiag_bxb,torch.float64,6.170054689391691e-07,5.5490130198109215e-14,1.5019412677525684e-11,two_independent_raw_bxb_fp64_jacobi_cholesky,1024,0.0695381611585617,-0.007913440465927124,0.07788202166557312,0.0001,1169,4792320,2935.6473283926025,4792320,1.0,1e-06,paper_sgd_momentum_1e-6,5.751199245452881,0.10000000149011612,-1.1065007448196411,0.5661269426345825,-1.1770633459091187,-1.8535614013671875,0.2772422730922699
14,3,-1.6586570739746094,-0.8137478828430176,-1.6542339324951172,-2.2723209857940674,0.017985709011554718,0,0.5864494442939758,1.4142135616099214,0.015500670637639711,3.4463464544387534e-05,158195.625,1.760293068126297e-13,22.62741470336914,3.665399011885541e-11,512,0,0.4175070822238922,0.40400526653145546,0.12417317064318256,2.4535345801268704e-05,172010.65625,4.585321183669501e-14,12.345691680908203,3.972971414852194e-12,512,17201.064453125,0.42000308632850647,1.0,1.0,0.11220576614141464,0.5756152272224426,1.5055361986160278,0.38233238458633423,0.826549232006073,5.0000002374872565e-05,0.1677323430776596,0.0,1.0,1.0,512,0.0001,0.40714991092681885,178.57,1.93,1641,0.8508278131484985,236.2138214111328,3.665399011885541e-11,0,0.5876629948616028,0.1,368.074462890625,1.0,0.8508278131484985,full_shared_detggn_blockdiag_bxb,torch.float64,4.078795825535053e-07,1.760293068126297e-13,3.665399011885541e-11,two_independent_raw_bxb_fp64_jacobi_cholesky,1024,0.060809507966041565,0.0034786369651556015,0.029768768697977066,0.0001,1179,4833280,2960.693128660787,4833280,1.0,1e-06,paper_sgd_momentum_1e-6,2.4718704223632812,0.10000000149011612,-1.167280673980713,0.03434617072343826,-1.3038469552993774,-2.1011242866516113,0.20916013419628143
14,3,-1.635202407836914,-1.1037570238113403,-1.6299749612808228,-2.313415288925171,0.015896225348114967,0,0.5126561522483826,1.4142135623730592,0.016550589161175404,3.3710319257806987e-05,91928.75,6.999785912914538e-14,22.62741470336914,1.1165791730170908e-11,512,0,0.4019092619419098,0.3802845359611938,0.11718694814679746,2.6428024284541607e-05,187500.3125,1.0792515153599078e-13,14.966915130615234,4.144721318502522e-12,512,18750.03125,0.37331685423851013,1.0,1.0,0.11597619205713272,0.4993654191493988,1.3521007299423218,0.3693256080150604,0.7345777750015259,5.0000002374872565e-05,0.15852327644824982,0.0,1.0,1.0,512,0.0001,0.32210519909858704,172.13,2.21,1646,0.7603846192359924,132.3118438720703,1.1165791730170908e-11,0,0.6575619578361511,0.1,77.02705383300781,1.0,0.7603846192359924,full_shared_detggn_blockdiag_bxb,torch.float64,2.8605012403204455e-07,1.0792515153599078e-13,1.1165791730170908e-11,two_independent_raw_bxb_fp64_jacobi_cholesky,1024,0.06611941754817963,0.013281012885272503,0.04375167191028595,0.0001,1189,4874240,2985.6904935128987,4874240,1.0,1e-06,paper_sgd_momentum_1e-6,3.8657596111297607,0.10000000149011612,-1.2811009883880615,-0.4227393567562103,-1.3538222312927246,-1.873212456703186,0.13094626367092133
14,3,-1.4886542558670044,-0.45659101009368896,-1.5192174911499023,-2.1666266918182373,0.04138179495930672,0,0.5233368873596191,1.4142135623681757,0.014509341877771382,3.197714249836281e-05,123131.890625,6.807047497479856e-14,22.62741470336914,1.3265989736279337e-11,512,0,0.46045389771461487,0.39628362802791955,0.1176861151209905,2.8134842068539e-05,176494.515625,7.596370101577165e-14,18.93955421447754,4.785978821025686e-12,512,17649.453125,0.3811904191970825,1.0,1.0,0.11262910813093185,0.5110735893249512,1.202833890914917,0.42489126324653625,0.7908486723899841,4.999999873689376e-05,0.17744068801403046,0.0,1.0,1.0,512,0.0001,0.4161730706691742,160.29,1.85,1646,0.81829833984375,211.212890625,1.3265989736279337e-11,0,0.6110240817070007,0.1,91.47498321533203,1.0,0.81829833984375,full_shared_detggn_blockdiag_bxb,torch.float64,3.9428209674952086e-07,7.596370101577165e-14,1.3265989736279337e-11,two_independent_raw_bxb_fp64_jacobi_cholesky,1024,0.05313945561647415,0.0052110254764556885,0.07005990296602249,0.0001,1199,4915200,3010.7205324848182,4915200,1.0,1e-06,paper_sgd_momentum_1e-6,3.8883910179138184,0.10000000149011612,-2.1708037853240967,-0.8093678951263428,-2.2204396724700928,-2.7964982986450195,0.12936614453792572
14,3,-1.7336459159851074,-1.074957013130188,-1.6968997716903687,-3.61293888092041,0.05415058881044388,0,0.5822944045066833,1.414213562373092,0.011532485782959331,3.288190782768652e-05,141620.3125,1.1401792730652495e-13,22.627416610717773,2.2617396277998144e-11,512,0,0.5242993831634521,0.41628070780844484,0.11874656315260126,2.960695383080747e-05,169009.046875,1.151924833234421e-13,17.685029983520508,5.7479062963657264e-12,512,16900.90234375,0.2784746289253235,1.0,1.0,0.1130768284201622,0.5712095499038696,1.1818695068359375,0.48331016302108765,0.8543440699577332,4.999999873689376e-05,0.20322677493095398,0.0,1.0,1.0,512,0.0001,0.435330331325531,157.78,1.47,1646,0.8854328393936157,245.56008911132812,2.2617396277998144e-11,0,0.5646955966949463,0.1,87.66523742675781,1.0,0.885432779788971,full_shared_detggn_blockdiag_bxb,torch.float64,3.9152234876382863e-07,1.151924833234421e-13,2.2617396277998144e-11,two_independent_raw_bxb_fp64_jacobi_cholesky,1024,0.09435760974884033,0.05664197355508804,0.06108599156141281,0.0001,1209,4956160,3035.748955212999,4956160,1.0,1e-06,paper_sgd_momentum_1e-6,7.75191593170166,0.1225224956870079,-0.49333277344703674,0.6967784762382507,-0.5752951502799988,-1.614728569984436,0.4302138388156891
14,0,-1.691796064376831,-0.5973874926567078,-1.6518449783325195,-3.212207317352295,0.06499588489532471,0,0.5293914079666138,1.4142135619808454,0.01128503538463567,3.1120282073970884e-05,180314.875,6.514043378439488e-14,22.627416610717773,1.8605329698082795e-11,512,0,0.5081074237823486,0.3849403971552585,0.11758010720464164,2.986910294566769e-05,182923.328125,1.7077833536861436e-13,20.492929458618164,6.275941040617544e-12,512,18292.33203125,0.34391656517982483,1.0,1.0,0.11537770926952362,0.5166654586791992,1.0892422199249268,0.4743347764015198,0.8227729797363281,5.0000002374872565e-05,0.18215298652648926,0.0,1.0,1.0,512,0.0001,0.396722674369812,281.34,3.11,1642,0.8505569696426392,471.9153137207031,1.8605329698082795e-11,0,0.5878501534461975,0.1,61.86688995361328,1.0,0.8505569100379944,full_shared_detggn_blockdiag_bxb,torch.float64,8.153936619237356e-07,1.7077833536861436e-13,1.8605329698082795e-11,two_independent_raw_bxb_fp64_jacobi_cholesky,1024,0.12040539085865021,0.019058894366025925,0.08202347159385681,0.0001,1219,4997120,3060.833809352014,4997120,1.0,1e-06,paper_sgd_momentum_1e-6,3.95741605758667,0.10000000149011612,0.02605362981557846,1.4592828750610352,0.12932121753692627,-1.6149855852127075,0.41256585717201233
14,3,-1.6441367864608765,-1.0337727069854736,-1.6411046981811523,-2.902726888656616,0.038016099482774734,0,0.5673782229423523,1.4142135623730772,0.013461664109329917,3.2651798392180353e-05,129685.75,3.657036145321545e-14,22.62741470336914,9.02633623879162e-12,512,0,0.4442181885242462,0.2838833307985046,0.11507013857869543,2.556411527621094e-05,175325.1875,5.756999127298673e-14,17.244632720947266,3.929800206388475e-12,512,17532.515625,0.4674268662929535,1.0,1.0,0.10256039351224899,0.5580317378044128,1.3286004066467285,0.42001470923423767,0.8505480885505676,4.999999509891495e-05,0.14462865889072418,0.0,1.0,1.0,512,0.0001,0.33840474486351013,234.98,3.1,1643,0.86883145570755,374.14306640625,9.02633623879162e-12,0,0.5754855871200562,0.1,162.35379028320312,1.0,0.86883145570755,full_shared_detggn_blockdiag_bxb,torch.float64,6.195502919581486e-07,5.756999127298673e-14,9.02633623879162e-12,two_independent_raw_bxb_fp64_jacobi_cholesky,1024,0.0704820528626442,0.004631126299500465,0.05808151885867119,0.0001,1229,5038080,3085.869685220998,5038080,1.0,1e-06,paper_sgd_momentum_1e-6,6.039677619934082,0.14246445894241333,0.04133748263120651,1.328431248664856,0.2243421971797943,-1.6956356763839722,0.4407666027545929
14,0,-1.5827423334121704,-0.7878625392913818,-1.597942590713501,-2.5059444904327393,0.031497929245233536,0,0.517497718334198,1.414213562373093,0.015425332160943517,3.112497506663203e-05,126616.90625,5.5384928016729016e-14,22.627412796020508,1.1614469992336927e-11,512,0,0.4698463976383209,0.39203118269823545,0.1153012762594389,2.8258979000383988e-05,177692.0,8.77018213885558e-14,23.452091217041016,4.5073352627805816e-12,512,17769.19921875,0.4164954125881195,1.0,1.0,0.11137183010578156,0.5053713917732239,1.1429898738861084,0.4421486258506775,0.8083518743515015,4.999999509891495e-05,0.15893466770648956,0.0,1.0,1.0,512,0.0001,0.3119116425514221,313.78,3.3,1644,0.8313222527503967,175.21621704101562,1.1614469992336927e-11,0,0.6014514565467834,0.1,219.0159149169922,1.0,0.8313222527503967,full_shared_detggn_blockdiag_bxb,torch.float64,3.169169247030368e-07,8.77018213885558e-14,1.1614469992336927e-11,two_independent_raw_bxb_fp64_jacobi_cholesky,1024,0.08319346606731415,0.029863698408007622,0.10742199420928955,0.0001,1239,5079040,3110.905823947862,5079040,1.0,1e-06,paper_sgd_momentum_1e-6,6.070122718811035,0.10000000149011612,-1.152726650238037,0.20892547070980072,-0.8588583469390869,-2.6185362339019775,0.3805728554725647
14,3,-1.543713092803955,0.5060622096061707,-1.5480834245681763,-2.211991786956787,0.02963235229253769,0,0.5632734298706055,1.4142135623730951,0.012141848672206667,3.458408536971547e-05,109135.0,5.401827232388768e-14,22.62741470336914,9.15182016518926e-12,512,0,0.46107950806617737,0.40626073453302164,0.12914820632718327,2.8309541448834352e-05,179576.65625,1.1423485206393271e-13,20.537458419799805,4.550274053486388e-12,512,17957.666015625,0.2566291093826294,1.0,1.0,0.13953536748886108,0.5457168221473694,1.358030080795288,0.40184441208839417,0.7697960734367371,4.999999509891495e-05,0.22608715295791626,0.0,1.0,1.0,512,0.0001,0.3063143491744995,279.55,2.39,1644,0.8143534064292908,130.2142333984375,9.15182016518926e-12,0,0.6139839887619019,0.1,68.33531188964844,1.0,0.8143534660339355,full_shared_detggn_blockdiag_bxb,torch.float64,2.454383718486497e-07,1.1423485206393271e-13,9.15182016518926e-12,two_independent_raw_bxb_fp64_jacobi_cholesky,1024,0.07326487451791763,-0.02258063666522503,0.08238032460212708,0.0001,1249,5120000,3135.9298700736836,5120000,1.0,1e-06,paper_sgd_momentum_1e-6,3.516601085662842,0.10000000149011612,-1.3233027458190918,1.8645821809768677,-1.408972978591919,-1.9656530618667603,0.17388437688350677
14,0,-1.4950814247131348,-1.110068440437317,-1.502152919769287,-1.858465313911438,0.013585197739303112,0,0.5345408320426941,1.4142135623730951,0.008542750603150802,3.504695632727817e-05,91545.09375,4.5372088096672294e-14,22.62741470336914,8.934467264639036e-12,512,0,0.3738970160484314,0.4159443853662383,0.12345257207671202,2.4514407414244488e-05,162636.265625,1.0525997976283233e-13,12.460904121398926,3.243347871842949e-12,512,16263.626953125,0.3903569281101227,1.0,1.0,0.12163342535495758,0.5205182433128357,1.5145593881607056,0.34367635846138,0.7383012175559998,4.999999873689376e-05,0.14726009964942932,0.0,1.0,1.0,512,0.0001,0.29290980100631714,270.21,2.68,1643,0.7626066207885742,175.284423828125,8.934467264639036e-12,0,0.655646026134491,0.1,43.600303649902344,1.0,0.7626066207885742,full_shared_detggn_blockdiag_bxb,torch.float64,3.7674905684070836e-07,1.0525997976283233e-13,8.934467264639036e-12,two_independent_raw_bxb_fp64_jacobi_cholesky,1024,0.08118290454149246,0.02522793412208557,0.030326973646879196,0.0001,1259,5160960,3160.9847777639516,5160960,1.0,1e-06,paper_sgd_momentum_1e-6,5.825073719024658,0.13624955713748932,-1.5706698894500732,-0.6537644267082214,-1.5755853652954102,-2.197437286376953,0.07912063598632812
14,0,-1.55128812789917,-0.9308213591575623,-1.5474151372909546,-2.6849524974823,0.024126237258315086,0,0.5092368125915527,1.4142135623730951,0.01493393561509021,3.5034176107728854e-05,123431.859375,4.104329973915406e-14,22.627412796020508,1.3987646350729769e-11,512,0,0.37212392687797546,0.42759783500347,0.12127619649277772,2.5601164452382363e-05,168386.15625,1.0042489977091615e-13,14.61772632598877,3.5461467435609647e-12,512,16838.6171875,0.34406065940856934,1.0,1.0,0.1117464005947113,0.4968247711658478,1.4514057636260986,0.34230589866638184,0.7031405568122864,4.999999873689376e-05,0.14595508575439453,0.0,1.0,1.0,512,0.0001,0.3273422122001648,192.81,2.08,1645,0.7267714142799377,470.89202880859375,1.3987646350729769e-11,0,0.6879741549491882,0.1,82.58540344238281,1.0,0.7267714738845825,full_shared_detggn_blockdiag_bxb,torch.float64,1.114385895562009e-06,1.0042489977091615e-13,1.3987646350729769e-11,two_independent_raw_bxb_fp64_jacobi_cholesky,1024,0.09097228944301605,0.006763700395822525,0.04173396900296211,0.0001,1269,5201920,3186.041110033635,5201920,1.0,1e-06,paper_sgd_momentum_1e-6,3.3120644092559814,0.10000000149011612,-0.6490718126296997,0.20169825851917267,-0.596825122833252,-1.5773463249206543,0.15252286195755005
14,3,-1.5292574167251587,-0.9082677960395813,-1.5269984006881714,-2.122607469558716,0.021844089031219482,0,0.516485333442688,1.4142135623730883,0.014074737347216502,3.1841311283642426e-05,167332.71875,6.2615581568463e-14,22.62741470336914,1.786694122340893e-11,512,0,0.47775885462760925,0.3931019088068867,0.11926887801676389,2.9453824026859365e-05,180607.28125,1.1219240935119747e-13,14.707865715026855,4.806149475399685e-12,512,18060.7265625,0.32979923486709595,1.0,1.0,0.11603042483329773,0.5032832026481628,1.1756517887115479,0.4280886650085449,0.7741533517837524,4.999999873689376e-05,0.212117001414299,0.0,1.0,1.0,512,0.0001,0.3286535143852234,274.44,2.89,1643,0.8110302090644836,424.27667236328125,1.786694122340893e-11,0,0.6164998412132263,0.1,59.86442184448242,1.0,0.8110302090644836,full_shared_detggn_blockdiag_bxb,torch.float64,8.062784786488919e-07,1.1219240935119747e-13,1.786694122340893e-11,two_independent_raw_bxb_fp64_jacobi_cholesky,1024,0.09012917429208755,-0.00023765861988067627,0.04225025326013565,0.0001,1279,5242880,3211.0907884547487,5242880,1.0,1e-06,paper_sgd_momentum_1e-6,4.877872467041016,0.10000000149011612,-0.8415459990501404,0.06140481308102608,-0.8360475897789001,-1.6265047788619995,0.1284194439649582
14,3,-1.5501067638397217,-0.9765750765800476,-1.5434858798980713,-2.577392578125,0.02231154777109623,0,0.516367495059967,1.4142135623730885,0.01602562347750707,3.592906432459131e-05,153273.5,6.235142780162612e-14,22.62741470336914,1.5956330316978138e-11,512,0,0.36647072434425354,0.39858984818558246,0.12088895496736005,2.549918463046197e-05,157346.59375,1.2923983536545432e-13,15.484314918518066,3.3565288673971275e-12,512,15734.658203125,0.3050191402435303,1.0,1.0,0.11677262932062149,0.5029906034469604,1.5247199535369873,0.32989048957824707,0.6908451318740845,5.0000002374872565e-05,0.1596027910709381,0.0,1.0,1.0,512,0.0001,0.365855872631073,274.15,2.75,1624,0.7185930609703064,246.89987182617188,1.5956330316978138e-11,0,0.6958041191101074,0.1,37.70289611816406,1.0,0.7185930609703064,full_shared_detggn_blockdiag_bxb,torch.float64,5.976747274871741e-07,1.2923983536545432e-13,1.5956330316978138e-11,two_independent_raw_bxb_fp64_jacobi_cholesky,1024,0.05601414665579796,0.0008082306012511253,0.04682891070842743,0.0001,1289,5283840,3236.2450157888234,5283840,1.0,1e-06,paper_sgd_momentum_1e-6,3.6095871925354004,0.13172347843647003,-0.35711562633514404,0.631769061088562,-0.27154242992401123,-1.5401413440704346,0.23798026144504547
