Setting seed: 1
Logging to logs/shared.adv.karzmarz_False.resnet.dropout_0.0.damping_0.5.lr_0.5/starpilot-easy-0-10.20260721-051112_1
creating environment
Running on device: cuda:0
training...

Number of parameters: 938979.0

------------------------------------
| action_max            | 14       |
| action_min            | 0        |
| adv_avg               | -0.602   |
| adv_max               | 2.69     |
| adv_med               | -0.721   |
| adv_min               | -3.59    |
| adv_var               | 0.395    |
| clipfrac              | 0        |
| curr_lr               | 0.5      |
| entropy               | 2.66     |
| eplenmean             | 80.2     |
| eprewmean             | 1.55     |
| fps                   | 2.44e+03 |
| grad_norm             | 1.81     |
| kl                    | 0.00523  |
| loss_pi               | 0.0697   |
| loss_v                | 0.206    |
| lr                    | 0.5      |
| misc/nupdates         | 9        |
| misc/serial_timesteps | 4.1e+04  |
| misc/time_elapsed     | 17.4     |
| misc/total_timesteps  | 4.1e+04  |
| ratio_max             | 1.94     |
| ratio_min             | 0.612    |
| ret_avg               | 0.111    |
| ret_max               | 5.97     |
| ret_med               | -0.495   |
| ret_min               | -0.95    |
| ret_var               | 1.56     |
------------------------------------
------------------------------------
| action_max            | 14       |
| action_min            | 0        |
| adv_avg               | -0.562   |
| adv_max               | 2.16     |
| adv_med               | -0.763   |
| adv_min               | -3.21    |
| adv_var               | 0.475    |
| clipfrac              | 0        |
| curr_lr               | 0.5      |
| entropy               | 2.56     |
| eplenmean             | 88.1     |
| eprewmean             | 2.29     |
| fps                   | 2.48e+03 |
| grad_norm             | 1.86     |
| kl                    | 0.0171   |
| loss_pi               | 0.0535   |
| loss_v                | 0.234    |
| lr                    | 0.5      |
| misc/nupdates         | 19       |
| misc/serial_timesteps | 8.19e+04 |
| misc/time_elapsed     | 34.1     |
| misc/total_timesteps  | 8.19e+04 |
| ratio_max             | 3.85     |
| ratio_min             | 0.537    |
| ret_avg               | 0.356    |
| ret_max               | 5.97     |
| ret_med               | -0.0439  |
| ret_min               | -0.886   |
| ret_var               | 1.4      |
------------------------------------
------------------------------------
| action_max            | 14       |
| action_min            | 0        |
| adv_avg               | -0.749   |
| adv_max               | 2.24     |
| adv_med               | -0.802   |
| adv_min               | -4       |
| adv_var               | 0.514    |
| clipfrac              | 0        |
| curr_lr               | 0.5      |
| entropy               | 2.51     |
| eplenmean             | 97       |
| eprewmean             | 3.97     |
| fps                   | 2.41e+03 |
| grad_norm             | 1.76     |
| kl                    | 0.0288   |
| loss_pi               | -0.0502  |
| loss_v                | 0.248    |
| lr                    | 0.5      |
| misc/nupdates         | 29       |
| misc/serial_timesteps | 1.23e+05 |
| misc/time_elapsed     | 50.7     |
| misc/total_timesteps  | 1.23e+05 |
| ratio_max             | 1.9      |
| ratio_min             | 0.245    |
| ret_avg               | 1.02     |
| ret_max               | 6.77     |
| ret_med               | 0.664    |
| ret_min               | -0.939   |
| ret_var               | 2.4      |
------------------------------------
------------------------------------
| action_max            | 14       |
| action_min            | 0        |
| adv_avg               | -0.735   |
| adv_max               | 2.26     |
| adv_med               | -0.741   |
| adv_min               | -4.81    |
| adv_var               | 0.505    |
| clipfrac              | 0        |
| curr_lr               | 0.148    |
| entropy               | 2.27     |
| eplenmean             | 102      |
| eprewmean             | 5.32     |
| fps                   | 2.46e+03 |
| grad_norm             | 0.727    |
| kl                    | 0.042    |
| loss_pi               | -0.0171  |
| loss_v                | 0.0756   |
| lr                    | 0.0988   |
| misc/nupdates         | 39       |
| misc/serial_timesteps | 1.64e+05 |
| misc/time_elapsed     | 67.6     |
| misc/total_timesteps  | 1.64e+05 |
| ratio_max             | 4.06     |
| ratio_min             | 0.192    |
| ret_avg               | 0.925    |
| ret_max               | 4.89     |
| ret_med               | 0.741    |
| ret_min               | -1.11    |
| ret_var               | 1.74     |
------------------------------------
------------------------------------
| action_max            | 14       |
| action_min            | 0        |
| adv_avg               | -0.968   |
| adv_max               | 0.426    |
| adv_med               | -0.937   |
| adv_min               | -4.36    |
| adv_var               | 0.201    |
| clipfrac              | 0        |
| curr_lr               | 0.0439   |
| entropy               | 1.99     |
| eplenmean             | 111      |
| eprewmean             | 7.14     |
| fps                   | 2.44e+03 |
| grad_norm             | 0.576    |
| kl                    | 0.00983  |
| loss_pi               | -0.0567  |
| loss_v                | 0.0543   |
| lr                    | 0.0439   |
| misc/nupdates         | 49       |
| misc/serial_timesteps | 2.05e+05 |
| misc/time_elapsed     | 84.3     |
| misc/total_timesteps  | 2.05e+05 |
| ratio_max             | 1.88     |
| ratio_min             | 0.495    |
| ret_avg               | 0.969    |
| ret_max               | 4.32     |
| ret_med               | 0.735    |
| ret_min               | -1.07    |
| ret_var               | 1.74     |
------------------------------------
------------------------------------
| action_max            | 14       |
| action_min            | 0        |
| adv_avg               | -0.976   |
| adv_max               | 0.807    |
| adv_med               | -0.979   |
| adv_min               | -3.31    |
| adv_var               | 0.157    |
| clipfrac              | 0        |
| curr_lr               | 0.0439   |
| entropy               | 1.94     |
| eplenmean             | 124      |
| eprewmean             | 7.91     |
| fps                   | 2.51e+03 |
| grad_norm             | 0.689    |
| kl                    | 0.013    |
| loss_pi               | 0.0136   |
| loss_v                | 0.0464   |
| lr                    | 0.0439   |
| misc/nupdates         | 59       |
| misc/serial_timesteps | 2.46e+05 |
| misc/time_elapsed     | 101      |
| misc/total_timesteps  | 2.46e+05 |
| ratio_max             | 1.79     |
| ratio_min             | 0.593    |
| ret_avg               | 0.687    |
| ret_max               | 4.25     |
| ret_med               | 0.408    |
| ret_min               | -1.06    |
| ret_var               | 1.33     |
------------------------------------
------------------------------------
| action_max            | 14       |
| action_min            | 0        |
| adv_avg               | -0.951   |
| adv_max               | 0.345    |
| adv_med               | -0.932   |
| adv_min               | -3.39    |
| adv_var               | 0.173    |
| clipfrac              | 0        |
| curr_lr               | 0.0439   |
| entropy               | 1.8      |
| eplenmean             | 131      |
| eprewmean             | 8.88     |
| fps                   | 2.46e+03 |
| grad_norm             | 0.564    |
| kl                    | 0.0124   |
| loss_pi               | -0.0271  |
| loss_v                | 0.0429   |
| lr                    | 0.0439   |
| misc/nupdates         | 69       |
| misc/serial_timesteps | 2.87e+05 |
| misc/time_elapsed     | 118      |
| misc/total_timesteps  | 2.87e+05 |
| ratio_max             | 1.51     |
| ratio_min             | 0.536    |
| ret_avg               | 1.09     |
| ret_max               | 4.79     |
| ret_med               | 0.817    |
| ret_min               | -1.12    |
| ret_var               | 2.24     |
------------------------------------
------------------------------------
| action_max            | 14       |
| action_min            | 0        |
| adv_avg               | -0.949   |
| adv_max               | 0.756    |
| adv_med               | -0.97    |
| adv_min               | -3.18    |
| adv_var               | 0.134    |
| clipfrac              | 0        |
| curr_lr               | 0.0439   |
| entropy               | 1.64     |
| eplenmean             | 128      |
| eprewmean             | 8.94     |
| fps                   | 2.38e+03 |
| grad_norm             | 0.589    |
| kl                    | 0.0157   |
| loss_pi               | -0.00234 |
| loss_v                | 0.0308   |
| lr                    | 0.0439   |
| misc/nupdates         | 79       |
| misc/serial_timesteps | 3.28e+05 |
| misc/time_elapsed     | 135      |
| misc/total_timesteps  | 3.28e+05 |
| ratio_max             | 3.65     |
| ratio_min             | 0.541    |
| ret_avg               | 1        |
| ret_max               | 4.06     |
| ret_med               | 0.831    |
| ret_min               | -1.18    |
| ret_var               | 1.81     |
------------------------------------
------------------------------------
| action_max            | 14       |
| action_min            | 0        |
| adv_avg               | -1.04    |
| adv_max               | 0.339    |
| adv_med               | -1.03    |
| adv_min               | -2.49    |
| adv_var               | 0.11     |
| clipfrac              | 0        |
| curr_lr               | 0.0439   |
| entropy               | 1.71     |
| eplenmean             | 135      |
| eprewmean             | 10.3     |
| fps                   | 2.39e+03 |
| grad_norm             | 0.548    |
| kl                    | 0.0222   |
| loss_pi               | -0.0259  |
| loss_v                | 0.0256   |
| lr                    | 0.0439   |
| misc/nupdates         | 89       |
| misc/serial_timesteps | 3.69e+05 |
| misc/time_elapsed     | 152      |
| misc/total_timesteps  | 3.69e+05 |
| ratio_max             | 2.1      |
| ratio_min             | 0.366    |
| ret_avg               | 0.712    |
| ret_max               | 4.17     |
| ret_med               | 0.525    |
| ret_min               | -1.15    |
| ret_var               | 1.36     |
------------------------------------
------------------------------------
| action_max            | 14       |
| action_min            | 0        |
| adv_avg               | -1.06    |
| adv_max               | 0.459    |
| adv_med               | -1.04    |
| adv_min               | -5.14    |
| adv_var               | 0.133    |
| clipfrac              | 0        |
| curr_lr               | 0.0439   |
| entropy               | 1.61     |
| eplenmean             | 137      |
| eprewmean             | 10.1     |
| fps                   | 2.43e+03 |
| grad_norm             | 0.556    |
| kl                    | 0.0163   |
| loss_pi               | 0.000184 |
| loss_v                | 0.0394   |
| lr                    | 0.0439   |
| misc/nupdates         | 99       |
| misc/serial_timesteps | 4.1e+05  |
| misc/time_elapsed     | 169      |
| misc/total_timesteps  | 4.1e+05  |
| ratio_max             | 1.8      |
| ratio_min             | 0.358    |
| ret_avg               | 0.764    |
| ret_max               | 3.76     |
| ret_med               | 0.617    |
| ret_min               | -1.08    |
| ret_var               | 1.44     |
------------------------------------
------------------------------------
| action_max            | 14       |
| action_min            | 0        |
| adv_avg               | -1.04    |
| adv_max               | 0.267    |
| adv_med               | -1.03    |
| adv_min               | -2.78    |
| adv_var               | 0.0908   |
| clipfrac              | 0        |
| curr_lr               | 0.0439   |
| entropy               | 1.65     |
| eplenmean             | 142      |
| eprewmean             | 10.7     |
| fps                   | 2.4e+03  |
| grad_norm             | 0.812    |
| kl                    | 0.0189   |
| loss_pi               | -0.0295  |
| loss_v                | 0.023    |
| lr                    | 0.0439   |
| misc/nupdates         | 109      |
| misc/serial_timesteps | 4.51e+05 |
| misc/time_elapsed     | 186      |
| misc/total_timesteps  | 4.51e+05 |
| ratio_max             | 1.72     |
| ratio_min             | 0.475    |
| ret_avg               | 0.472    |
| ret_max               | 3.73     |
| ret_med               | 0.407    |
| ret_min               | -1.42    |
| ret_var               | 0.943    |
------------------------------------
------------------------------------
| action_max            | 14       |
| action_min            | 0        |
| adv_avg               | -1.1     |
| adv_max               | -0.0152  |
| adv_med               | -1.09    |
| adv_min               | -4.38    |
| adv_var               | 0.0907   |
| clipfrac              | 0        |
| curr_lr               | 0.0439   |
| entropy               | 1.62     |
| eplenmean             | 144      |
| eprewmean             | 10.6     |
| fps                   | 2.4e+03  |
| grad_norm             | 0.568    |
| kl                    | 0.0207   |
| loss_pi               | -0.0273  |
| loss_v                | 0.0145   |
| lr                    | 0.0439   |
| misc/nupdates         | 119      |
| misc/serial_timesteps | 4.92e+05 |
| misc/time_elapsed     | 203      |
| misc/total_timesteps  | 4.92e+05 |
| ratio_max             | 2.08     |
| ratio_min             | 0.518    |
| ret_avg               | 0.406    |
| ret_max               | 2.84     |
| ret_med               | 0.241    |
| ret_min               | -1.15    |
| ret_var               | 1.03     |
------------------------------------
------------------------------------
| action_max            | 14       |
| action_min            | 0        |
| adv_avg               | -1.13    |
| adv_max               | 0.0608   |
| adv_med               | -1.11    |
| adv_min               | -4.42    |
| adv_var               | 0.112    |
| clipfrac              | 0        |
| curr_lr               | 0.0439   |
| entropy               | 1.46     |
| eplenmean             | 149      |
| eprewmean             | 11       |
| fps                   | 2.48e+03 |
| grad_norm             | 0.438    |
| kl                    | 0.0227   |
| loss_pi               | -0.0552  |
| loss_v                | 0.0196   |
| lr                    | 0.0439   |
| misc/nupdates         | 129      |
| misc/serial_timesteps | 5.32e+05 |
| misc/time_elapsed     | 220      |
| misc/total_timesteps  | 5.32e+05 |
| ratio_max             | 3.2      |
| ratio_min             | 0.312    |
| ret_avg               | 0.704    |
| ret_max               | 3.2      |
| ret_med               | 0.614    |
| ret_min               | -1.14    |
| ret_var               | 1.25     |
------------------------------------
------------------------------------
| action_max            | 14       |
| action_min            | 0        |
| adv_avg               | -1.17    |
| adv_max               | 0.572    |
| adv_med               | -1.18    |
| adv_min               | -2.39    |
| adv_var               | 0.0934   |
| clipfrac              | 0        |
| curr_lr               | 0.0439   |
| entropy               | 1.38     |
| eplenmean             | 156      |
| eprewmean             | 11.4     |
| fps                   | 2.42e+03 |
| grad_norm             | 0.72     |
| kl                    | 0.0244   |
| loss_pi               | -0.0503  |
| loss_v                | 0.0153   |
| lr                    | 0.0439   |
| misc/nupdates         | 139      |
| misc/serial_timesteps | 5.73e+05 |
| misc/time_elapsed     | 237      |
| misc/total_timesteps  | 5.73e+05 |
| ratio_max             | 2.01     |
| ratio_min             | 0.427    |
| ret_avg               | 0.733    |
| ret_max               | 3.02     |
| ret_med               | 0.649    |
| ret_min               | -1.23    |
| ret_var               | 1.23     |
------------------------------------
------------------------------------
| action_max            | 14       |
| action_min            | 0        |
| adv_avg               | -1.17    |
| adv_max               | 0.122    |
| adv_med               | -1.18    |
| adv_min               | -2.91    |
| adv_var               | 0.0761   |
| clipfrac              | 0        |
| curr_lr               | 0.0439   |
| entropy               | 1.28     |
| eplenmean             | 154      |
| eprewmean             | 11.9     |
| fps                   | 2.43e+03 |
| grad_norm             | 0.553    |
| kl                    | 0.018    |
| loss_pi               | -0.0394  |
| loss_v                | 0.0146   |
| lr                    | 0.0439   |
| misc/nupdates         | 149      |
| misc/serial_timesteps | 6.14e+05 |
| misc/time_elapsed     | 253      |
| misc/total_timesteps  | 6.14e+05 |
| ratio_max             | 2.13     |
| ratio_min             | 0.266    |
| ret_avg               | 0.657    |
| ret_max               | 3.3      |
| ret_med               | 0.551    |
| ret_min               | -1.4     |
| ret_var               | 1.38     |
------------------------------------
------------------------------------
| action_max            | 14       |
| action_min            | 0        |
| adv_avg               | -1.13    |
| adv_max               | 0.00441  |
| adv_med               | -1.15    |
| adv_min               | -2.82    |
| adv_var               | 0.0819   |
| clipfrac              | 0        |
| curr_lr               | 0.0439   |
| entropy               | 1.3      |
| eplenmean             | 154      |
| eprewmean             | 12.4     |
| fps                   | 2.46e+03 |
| grad_norm             | 0.661    |
| kl                    | 0.0221   |
| loss_pi               | -0.047   |
| loss_v                | 0.0151   |
| lr                    | 0.0439   |
| misc/nupdates         | 159      |
| misc/serial_timesteps | 6.55e+05 |
| misc/time_elapsed     | 270      |
| misc/total_timesteps  | 6.55e+05 |
| ratio_max             | 6.19     |
| ratio_min             | 0.254    |
| ret_avg               | 0.616    |
| ret_max               | 3.51     |
| ret_med               | 0.501    |
| ret_min               | -1.25    |
| ret_var               | 1.23     |
------------------------------------
------------------------------------
| action_max            | 14       |
| action_min            | 0        |
| adv_avg               | -1.27    |
| adv_max               | -0.2     |
| adv_med               | -1.24    |
| adv_min               | -3.11    |
| adv_var               | 0.0937   |
| clipfrac              | 0        |
| curr_lr               | 0.0439   |
| entropy               | 1.21     |
| eplenmean             | 157      |
| eprewmean             | 12.2     |
| fps                   | 2.48e+03 |
| grad_norm             | 0.814    |
| kl                    | 0.0218   |
| loss_pi               | -0.0348  |
| loss_v                | 0.0188   |
| lr                    | 0.0439   |
| misc/nupdates         | 169      |
| misc/serial_timesteps | 6.96e+05 |
| misc/time_elapsed     | 287      |
| misc/total_timesteps  | 6.96e+05 |
| ratio_max             | 2.84     |
| ratio_min             | 0.377    |
| ret_avg               | 0.853    |
| ret_max               | 3.89     |
| ret_med               | 0.639    |
| ret_min               | -1.26    |
| ret_var               | 1.63     |
------------------------------------
------------------------------------
| action_max            | 14       |
| action_min            | 0        |
| adv_avg               | -1.25    |
| adv_max               | -0.228   |
| adv_med               | -1.22    |
| adv_min               | -3.27    |
| adv_var               | 0.0727   |
| clipfrac              | 0        |
| curr_lr               | 0.0439   |
| entropy               | 1.07     |
| eplenmean             | 164      |
| eprewmean             | 13.4     |
| fps                   | 2.39e+03 |
| grad_norm             | 1.04     |
| kl                    | 0.0211   |
| loss_pi               | -0.0512  |
| loss_v                | 0.0201   |
| lr                    | 0.0439   |
| misc/nupdates         | 179      |
| misc/serial_timesteps | 7.37e+05 |
| misc/time_elapsed     | 304      |
| misc/total_timesteps  | 7.37e+05 |
| ratio_max             | 2.81     |
| ratio_min             | 0.423    |
| ret_avg               | 0.787    |
| ret_max               | 4.23     |
| ret_med               | 0.777    |
| ret_min               | -1.22    |
| ret_var               | 1.52     |
------------------------------------
------------------------------------
| action_max            | 14       |
| action_min            | 0        |
| adv_avg               | -1.27    |
| adv_max               | -0.0269  |
| adv_med               | -1.23    |
| adv_min               | -5.38    |
| adv_var               | 0.119    |
| clipfrac              | 0        |
| curr_lr               | 0.0439   |
| entropy               | 1.07     |
| eplenmean             | 166      |
| eprewmean             | 13.5     |
| fps                   | 2.43e+03 |
| grad_norm             | 1.01     |
| kl                    | 0.0152   |
| loss_pi               | -0.0614  |
| loss_v                | 0.0212   |
| lr                    | 0.0439   |
| misc/nupdates         | 189      |
| misc/serial_timesteps | 7.78e+05 |
| misc/time_elapsed     | 321      |
| misc/total_timesteps  | 7.78e+05 |
| ratio_max             | 1.64     |
| ratio_min             | 0.111    |
| ret_avg               | 0.747    |
| ret_max               | 3.92     |
| ret_med               | 0.647    |
| ret_min               | -1.24    |
| ret_var               | 1.73     |
------------------------------------
------------------------------------
| action_max            | 14       |
| action_min            | 0        |
| adv_avg               | -1.26    |
| adv_max               | 0.308    |
| adv_med               | -1.23    |
| adv_min               | -3.73    |
| adv_var               | 0.0836   |
| clipfrac              | 0        |
| curr_lr               | 0.0293   |
| entropy               | 1.1      |
| eplenmean             | 163      |
| eprewmean             | 12.1     |
| fps                   | 2.4e+03  |
| grad_norm             | 0.726    |
| kl                    | 0.016    |
| loss_pi               | -0.0608  |
| loss_v                | 0.0157   |
| lr                    | 0.0293   |
| misc/nupdates         | 199      |
| misc/serial_timesteps | 8.19e+05 |
| misc/time_elapsed     | 337      |
| misc/total_timesteps  | 8.19e+05 |
| ratio_max             | 2.25     |
| ratio_min             | 0.51     |
| ret_avg               | 0.382    |
| ret_max               | 2.45     |
| ret_med               | 0.369    |
| ret_min               | -1.28    |
| ret_var               | 1.07     |
------------------------------------
------------------------------------
| action_max            | 14       |
| action_min            | 0        |
| adv_avg               | -1.28    |
| adv_max               | -0.12    |
| adv_med               | -1.25    |
| adv_min               | -4.07    |
| adv_var               | 0.0665   |
| clipfrac              | 0        |
| curr_lr               | 0.0293   |
| entropy               | 1.09     |
| eplenmean             | 171      |
| eprewmean             | 12.7     |
| fps                   | 2.43e+03 |
| grad_norm             | 0.636    |
| kl                    | 0.022    |
| loss_pi               | -0.0332  |
| loss_v                | 0.0123   |
| lr                    | 0.0293   |
| misc/nupdates         | 209      |
| misc/serial_timesteps | 8.6e+05  |
| misc/time_elapsed     | 354      |
| misc/total_timesteps  | 8.6e+05  |
| ratio_max             | 3.07     |
| ratio_min             | 0.256    |
| ret_avg               | 0.358    |
| ret_max               | 2.8      |
| ret_med               | 0.384    |
| ret_min               | -1.31    |
| ret_var               | 1.03     |
------------------------------------
------------------------------------
| action_max            | 14       |
| action_min            | 0        |
| adv_avg               | -1.25    |
| adv_max               | -0.159   |
| adv_med               | -1.24    |
| adv_min               | -2.77    |
| adv_var               | 0.0535   |
| clipfrac              | 0        |
| curr_lr               | 0.0293   |
| entropy               | 0.869    |
| eplenmean             | 170      |
| eprewmean             | 13.5     |
| fps                   | 2.44e+03 |
| grad_norm             | 0.815    |
| kl                    | 0.0104   |
| loss_pi               | -0.0444  |
| loss_v                | 0.0116   |
| lr                    | 0.0293   |
| misc/nupdates         | 219      |
| misc/serial_timesteps | 9.01e+05 |
| misc/time_elapsed     | 371      |
| misc/total_timesteps  | 9.01e+05 |
| ratio_max             | 1.7      |
| ratio_min             | 0.32     |
| ret_avg               | 0.788    |
| ret_max               | 3.79     |
| ret_med               | 0.626    |
| ret_min               | -1.25    |
| ret_var               | 1.5      |
------------------------------------
------------------------------------
| action_max            | 14       |
| action_min            | 0        |
| adv_avg               | -1.25    |
| adv_max               | -0.0982  |
| adv_med               | -1.25    |
| adv_min               | -2.74    |
| adv_var               | 0.0678   |
| clipfrac              | 0        |
| curr_lr               | 0.0293   |
| entropy               | 1.04     |
| eplenmean             | 179      |
| eprewmean             | 14.8     |
| fps                   | 2.41e+03 |
| grad_norm             | 0.521    |
| kl                    | 0.0154   |
| loss_pi               | -0.0438  |
| loss_v                | 0.0123   |
| lr                    | 0.0293   |
| misc/nupdates         | 229      |
| misc/serial_timesteps | 9.42e+05 |
| misc/time_elapsed     | 389      |
| misc/total_timesteps  | 9.42e+05 |
| ratio_max             | 1.9      |
| ratio_min             | 0.206    |
| ret_avg               | 0.541    |
| ret_max               | 3.47     |
| ret_med               | 0.424    |
| ret_min               | -1.37    |
| ret_var               | 1.23     |
------------------------------------
------------------------------------
| action_max            | 14       |
| action_min            | 0        |
| adv_avg               | -1.26    |
| adv_max               | -0.0165  |
| adv_med               | -1.26    |
| adv_min               | -2.6     |
| adv_var               | 0.0648   |
| clipfrac              | 0        |
| curr_lr               | 0.0293   |
| entropy               | 0.999    |
| eplenmean             | 177      |
| eprewmean             | 13.7     |
| fps                   | 2.42e+03 |
| grad_norm             | 0.54     |
| kl                    | 0.0191   |
| loss_pi               | -0.045   |
| loss_v                | 0.00883  |
| lr                    | 0.0293   |
| misc/nupdates         | 239      |
| misc/serial_timesteps | 9.83e+05 |
| misc/time_elapsed     | 406      |
| misc/total_timesteps  | 9.83e+05 |
| ratio_max             | 1.91     |
| ratio_min             | 0.39     |
| ret_avg               | 0.518    |
| ret_max               | 3.83     |
| ret_med               | 0.356    |
| ret_min               | -1.29    |
| ret_var               | 1.27     |
------------------------------------
------------------------------------
| action_max            | 14       |
| action_min            | 0        |
| adv_avg               | -1.28    |
| adv_max               | -0.102   |
| adv_med               | -1.26    |
| adv_min               | -2.71    |
| adv_var               | 0.0707   |
| clipfrac              | 0        |
| curr_lr               | 0.0293   |
| entropy               | 0.904    |
| eplenmean             | 177      |
| eprewmean             | 13.8     |
| fps                   | 2.41e+03 |
| grad_norm             | 0.965    |
| kl                    | 0.00869  |
| loss_pi               | -0.0602  |
| loss_v                | 0.0159   |
| lr                    | 0.0293   |
| misc/nupdates         | 249      |
| misc/serial_timesteps | 1.02e+06 |
| misc/time_elapsed     | 423      |
| misc/total_timesteps  | 1.02e+06 |
| ratio_max             | 1.55     |
| ratio_min             | 0.554    |
| ret_avg               | 0.512    |
| ret_max               | 3.94     |
| ret_med               | 0.463    |
| ret_min               | -1.28    |
| ret_var               | 1.3      |
------------------------------------
------------------------------------
| action_max            | 14       |
| action_min            | 0        |
| adv_avg               | -1.3     |
| adv_max               | -0.337   |
| adv_med               | -1.28    |
| adv_min               | -3.05    |
| adv_var               | 0.0641   |
| clipfrac              | 0        |
| curr_lr               | 0.0293   |
| entropy               | 0.938    |
| eplenmean             | 183      |
| eprewmean             | 14.3     |
| fps                   | 2.4e+03  |
| grad_norm             | 0.847    |
| kl                    | 0.0168   |
| loss_pi               | -0.0219  |
| loss_v                | 0.0139   |
| lr                    | 0.0293   |
| misc/nupdates         | 259      |
| misc/serial_timesteps | 1.06e+06 |
| misc/time_elapsed     | 440      |
| misc/total_timesteps  | 1.06e+06 |
| ratio_max             | 3.15     |
| ratio_min             | 0.256    |
| ret_avg               | 0.533    |
| ret_max               | 4.01     |
| ret_med               | 0.472    |
| ret_min               | -1.27    |
| ret_var               | 1.3      |
------------------------------------
------------------------------------
| action_max            | 14       |
| action_min            | 0        |
| adv_avg               | -1.31    |
| adv_max               | -0.238   |
| adv_med               | -1.28    |
| adv_min               | -3.79    |
| adv_var               | 0.0904   |
| clipfrac              | 0        |
| curr_lr               | 0.0293   |
| entropy               | 0.951    |
| eplenmean             | 193      |
| eprewmean             | 14.7     |
| fps                   | 2.41e+03 |
| grad_norm             | 0.947    |
| kl                    | 0.0183   |
| loss_pi               | -0.0717  |
| loss_v                | 0.0146   |
| lr                    | 0.0293   |
| misc/nupdates         | 269      |
| misc/serial_timesteps | 1.11e+06 |
| misc/time_elapsed     | 457      |
| misc/total_timesteps  | 1.11e+06 |
| ratio_max             | 2.74     |
| ratio_min             | 0.282    |
| ret_avg               | 0.614    |
| ret_max               | 3.89     |
| ret_med               | 0.368    |
| ret_min               | -1.27    |
| ret_var               | 1.88     |
------------------------------------
------------------------------------
| action_max            | 14       |
| action_min            | 0        |
| adv_avg               | -1.31    |
| adv_max               | -0.448   |
| adv_med               | -1.28    |
| adv_min               | -3.47    |
| adv_var               | 0.0558   |
| clipfrac              | 0        |
| curr_lr               | 0.0293   |
| entropy               | 0.823    |
| eplenmean             | 177      |
| eprewmean             | 13.9     |
| fps                   | 2.5e+03  |
| grad_norm             | 0.773    |
| kl                    | 0.0145   |
| loss_pi               | -0.0546  |
| loss_v                | 0.0117   |
| lr                    | 0.0293   |
| misc/nupdates         | 279      |
| misc/serial_timesteps | 1.15e+06 |
| misc/time_elapsed     | 474      |
| misc/total_timesteps  | 1.15e+06 |
| ratio_max             | 1.9      |
| ratio_min             | 0.449    |
| ret_avg               | 0.487    |
| ret_max               | 3.67     |
| ret_med               | 0.479    |
| ret_min               | -1.29    |
| ret_var               | 1.26     |
------------------------------------
------------------------------------
| action_max            | 14       |
| action_min            | 0        |
| adv_avg               | -1.31    |
| adv_max               | -0.441   |
| adv_med               | -1.26    |
| adv_min               | -3.58    |
| adv_var               | 0.0862   |
| clipfrac              | 0        |
| curr_lr               | 0.0293   |
| entropy               | 0.813    |
| eplenmean             | 200      |
| eprewmean             | 15.8     |
| fps                   | 2.5e+03  |
| grad_norm             | 0.915    |
| kl                    | 0.0177   |
| loss_pi               | -0.105   |
| loss_v                | 0.0156   |
| lr                    | 0.0293   |
| misc/nupdates         | 289      |
| misc/serial_timesteps | 1.19e+06 |
| misc/time_elapsed     | 490      |
| misc/total_timesteps  | 1.19e+06 |
| ratio_max             | 1.77     |
| ratio_min             | 0.226    |
| ret_avg               | 0.343    |
| ret_max               | 3.4      |
| ret_med               | 0.22     |
| ret_min               | -1.29    |
| ret_var               | 0.963    |
------------------------------------
------------------------------------
| action_max            | 14       |
| action_min            | 0        |
| adv_avg               | -1.34    |
| adv_max               | -0.522   |
| adv_med               | -1.32    |
| adv_min               | -3.46    |
| adv_var               | 0.057    |
| clipfrac              | 0        |
| curr_lr               | 0.0293   |
| entropy               | 0.806    |
| eplenmean             | 181      |
| eprewmean             | 14.8     |
| fps                   | 2.46e+03 |
| grad_norm             | 1.09     |
| kl                    | 0.00939  |
| loss_pi               | -0.0102  |
| loss_v                | 0.0126   |
| lr                    | 0.0293   |
| misc/nupdates         | 299      |
| misc/serial_timesteps | 1.23e+06 |
| misc/time_elapsed     | 507      |
| misc/total_timesteps  | 1.23e+06 |
| ratio_max             | 1.79     |
| ratio_min             | 0.546    |
| ret_avg               | 0.449    |
| ret_max               | 4.15     |
| ret_med               | 0.243    |
| ret_min               | -1.29    |
| ret_var               | 1.31     |
------------------------------------
------------------------------------
| action_max            | 14       |
| action_min            | 0        |
| adv_avg               | -1.35    |
| adv_max               | -0.175   |
| adv_med               | -1.33    |
| adv_min               | -2.69    |
| adv_var               | 0.0784   |
| clipfrac              | 0        |
| curr_lr               | 0.0293   |
| entropy               | 0.788    |
| eplenmean             | 198      |
| eprewmean             | 15.4     |
| fps                   | 2.39e+03 |
| grad_norm             | 1.21     |
| kl                    | 0.00761  |
| loss_pi               | -0.0487  |
| loss_v                | 0.0174   |
| lr                    | 0.0293   |
| misc/nupdates         | 309      |
| misc/serial_timesteps | 1.27e+06 |
| misc/time_elapsed     | 524      |
| misc/total_timesteps  | 1.27e+06 |
| ratio_max             | 1.8      |
| ratio_min             | 0.662    |
| ret_avg               | 0.758    |
| ret_max               | 4.57     |
| ret_med               | 0.406    |
| ret_min               | -1.29    |
| ret_var               | 2.26     |
------------------------------------
------------------------------------
| action_max            | 14       |
| action_min            | 0        |
| adv_avg               | -1.32    |
| adv_max               | -0.267   |
| adv_med               | -1.3     |
| adv_min               | -3.43    |
| adv_var               | 0.072    |
| clipfrac              | 0        |
| curr_lr               | 0.0293   |
| entropy               | 0.759    |
| eplenmean             | 197      |
| eprewmean             | 16       |
| fps                   | 2.47e+03 |
| grad_norm             | 0.683    |
| kl                    | 0.0135   |
| loss_pi               | -0.0762  |
| loss_v                | 0.00991  |
| lr                    | 0.0293   |
| misc/nupdates         | 319      |
| misc/serial_timesteps | 1.31e+06 |
| misc/time_elapsed     | 541      |
| misc/total_timesteps  | 1.31e+06 |
| ratio_max             | 3.32     |
| ratio_min             | 0.269    |
| ret_avg               | 0.524    |
| ret_max               | 3.53     |
| ret_med               | 0.485    |
| ret_min               | -1.37    |
| ret_var               | 1.22     |
------------------------------------
------------------------------------
| action_max            | 14       |
| action_min            | 0        |
| adv_avg               | -1.3     |
| adv_max               | 0.434    |
| adv_med               | -1.31    |
| adv_min               | -2.73    |
| adv_var               | 0.058    |
| clipfrac              | 0        |
| curr_lr               | 0.0293   |
| entropy               | 0.764    |
| eplenmean             | 178      |
| eprewmean             | 14.1     |
| fps                   | 2.42e+03 |
| grad_norm             | 0.73     |
| kl                    | 0.0127   |
| loss_pi               | -0.016   |
| loss_v                | 0.00948  |
| lr                    | 0.0293   |
| misc/nupdates         | 329      |
| misc/serial_timesteps | 1.35e+06 |
| misc/time_elapsed     | 557      |
| misc/total_timesteps  | 1.35e+06 |
| ratio_max             | 1.86     |
| ratio_min             | 0.476    |
| ret_avg               | 0.404    |
| ret_max               | 3.02     |
| ret_med               | 0.333    |
| ret_min               | -1.31    |
| ret_var               | 0.967    |
------------------------------------
------------------------------------
| action_max            | 14       |
| action_min            | 0        |
| adv_avg               | -1.31    |
| adv_max               | -0.444   |
| adv_med               | -1.29    |
| adv_min               | -3.09    |
| adv_var               | 0.0572   |
| clipfrac              | 0        |
| curr_lr               | 0.0293   |
| entropy               | 0.885    |
| eplenmean             | 195      |
| eprewmean             | 15.2     |
| fps                   | 2.5e+03  |
| grad_norm             | 0.776    |
| kl                    | 0.0275   |
| loss_pi               | -0.0777  |
| loss_v                | 0.0129   |
| lr                    | 0.0293   |
| misc/nupdates         | 339      |
| misc/serial_timesteps | 1.39e+06 |
| misc/time_elapsed     | 574      |
| misc/total_timesteps  | 1.39e+06 |
| ratio_max             | 2.87     |
| ratio_min             | 0.119    |
| ret_avg               | 0.257    |
| ret_max               | 3.08     |
| ret_med               | 0.0916   |
| ret_min               | -1.3     |
| ret_var               | 1.13     |
------------------------------------
------------------------------------
| action_max            | 14       |
| action_min            | 0        |
| adv_avg               | -1.33    |
| adv_max               | -0.0119  |
| adv_med               | -1.29    |
| adv_min               | -3.13    |
| adv_var               | 0.077    |
| clipfrac              | 0        |
| curr_lr               | 0.0293   |
| entropy               | 0.702    |
| eplenmean             | 190      |
| eprewmean             | 15.2     |
| fps                   | 2.42e+03 |
| grad_norm             | 1.04     |
| kl                    | 0.0147   |
| loss_pi               | -0.118   |
| loss_v                | 0.0126   |
| lr                    | 0.0293   |
| misc/nupdates         | 349      |
| misc/serial_timesteps | 1.43e+06 |
| misc/time_elapsed     | 591      |
| misc/total_timesteps  | 1.43e+06 |
| ratio_max             | 2.99     |
| ratio_min             | 0.358    |
| ret_avg               | 0.577    |
| ret_max               | 3.21     |
| ret_med               | 0.499    |
| ret_min               | -1.31    |
| ret_var               | 1.21     |
------------------------------------
------------------------------------
| action_max            | 14       |
| action_min            | 0        |
| adv_avg               | -1.29    |
| adv_max               | -0.4     |
| adv_med               | -1.28    |
| adv_min               | -2.6     |
| adv_var               | 0.0626   |
| clipfrac              | 0        |
| curr_lr               | 0.0293   |
| entropy               | 0.851    |
| eplenmean             | 192      |
| eprewmean             | 15.9     |
| fps                   | 2.49e+03 |
| grad_norm             | 0.999    |
| kl                    | 0.0168   |
| loss_pi               | -0.119   |
| loss_v                | 0.0152   |
| lr                    | 0.0293   |
| misc/nupdates         | 359      |
| misc/serial_timesteps | 1.47e+06 |
| misc/time_elapsed     | 608      |
| misc/total_timesteps  | 1.47e+06 |
| ratio_max             | 2.09     |
| ratio_min             | 0.315    |
| ret_avg               | 0.157    |
| ret_max               | 2.75     |
| ret_med               | 0.0308   |
| ret_min               | -1.36    |
| ret_var               | 0.789    |
------------------------------------
------------------------------------
| action_max            | 14       |
| action_min            | 0        |
| adv_avg               | -1.31    |
| adv_max               | -0.585   |
| adv_med               | -1.28    |
| adv_min               | -2.99    |
| adv_var               | 0.0532   |
| clipfrac              | 0        |
| curr_lr               | 0.0293   |
| entropy               | 0.802    |
| eplenmean             | 203      |
| eprewmean             | 15.9     |
| fps                   | 2.39e+03 |
| grad_norm             | 1.18     |
| kl                    | 0.013    |
| loss_pi               | -0.0437  |
| loss_v                | 0.0156   |
| lr                    | 0.0293   |
| misc/nupdates         | 369      |
| misc/serial_timesteps | 1.52e+06 |
| misc/time_elapsed     | 625      |
| misc/total_timesteps  | 1.52e+06 |
| ratio_max             | 1.98     |
| ratio_min             | 0.395    |
| ret_avg               | 0.311    |
| ret_max               | 3.14     |
| ret_med               | 0.215    |
| ret_min               | -1.32    |
| ret_var               | 0.955    |
------------------------------------
------------------------------------
| action_max            | 14       |
| action_min            | 0        |
| adv_avg               | -1.37    |
| adv_max               | -0.514   |
| adv_med               | -1.33    |
| adv_min               | -4.81    |
| adv_var               | 0.1      |
| clipfrac              | 0        |
| curr_lr               | 0.0293   |
| entropy               | 0.783    |
| eplenmean             | 197      |
| eprewmean             | 15.5     |
| fps                   | 2.41e+03 |
| grad_norm             | 1.08     |
| kl                    | 0.0152   |
| loss_pi               | -0.0692  |
| loss_v                | 0.0193   |
| lr                    | 0.0293   |
| misc/nupdates         | 379      |
| misc/serial_timesteps | 1.56e+06 |
| misc/time_elapsed     | 642      |
| misc/total_timesteps  | 1.56e+06 |
| ratio_max             | 2.43     |
| ratio_min             | 0.281    |
| ret_avg               | 0.674    |
| ret_max               | 3.25     |
| ret_med               | 0.659    |
| ret_min               | -1.36    |
| ret_var               | 1.25     |
------------------------------------
------------------------------------
| action_max            | 14       |
| action_min            | 0        |
| adv_avg               | -1.32    |
| adv_max               | -0.377   |
| adv_med               | -1.31    |
| adv_min               | -2.69    |
| adv_var               | 0.0461   |
| clipfrac              | 0        |
| curr_lr               | 0.0293   |
| entropy               | 0.776    |
| eplenmean             | 188      |
| eprewmean             | 15.2     |
| fps                   | 2.48e+03 |
| grad_norm             | 0.708    |
| kl                    | 0.0145   |
| loss_pi               | -0.0667  |
| loss_v                | 0.0106   |
| lr                    | 0.0293   |
| misc/nupdates         | 389      |
| misc/serial_timesteps | 1.6e+06  |
| misc/time_elapsed     | 659      |
| misc/total_timesteps  | 1.6e+06  |
| ratio_max             | 1.72     |
| ratio_min             | 0.374    |
| ret_avg               | 0.505    |
| ret_max               | 2.92     |
| ret_med               | 0.495    |
| ret_min               | -1.33    |
| ret_var               | 1.06     |
------------------------------------
------------------------------------
| action_max            | 14       |
| action_min            | 0        |
| adv_avg               | -1.35    |
| adv_max               | -0.198   |
| adv_med               | -1.33    |
| adv_min               | -2.69    |
| adv_var               | 0.0557   |
| clipfrac              | 0        |
| curr_lr               | 0.0293   |
| entropy               | 0.835    |
| eplenmean             | 205      |
| eprewmean             | 16.3     |
| fps                   | 2.41e+03 |
| grad_norm             | 0.741    |
| kl                    | 0.0183   |
| loss_pi               | -0.0619  |
| loss_v                | 0.0112   |
| lr                    | 0.0293   |
| misc/nupdates         | 399      |
| misc/serial_timesteps | 1.64e+06 |
| misc/time_elapsed     | 675      |
| misc/total_timesteps  | 1.64e+06 |
| ratio_max             | 2.51     |
| ratio_min             | 0.449    |
| ret_avg               | 0.358    |
| ret_max               | 2.78     |
| ret_med               | 0.101    |
| ret_min               | -1.34    |
| ret_var               | 1.21     |
------------------------------------
------------------------------------
| action_max            | 14       |
| action_min            | 0        |
| adv_avg               | -1.38    |
| adv_max               | -0.503   |
| adv_med               | -1.35    |
| adv_min               | -2.89    |
| adv_var               | 0.0648   |
| clipfrac              | 0        |
| curr_lr               | 0.0293   |
| entropy               | 0.676    |
| eplenmean             | 190      |
| eprewmean             | 15.5     |
| fps                   | 2.5e+03  |
| grad_norm             | 0.609    |
| kl                    | 0.0147   |
| loss_pi               | -0.0656  |
| loss_v                | 0.00793  |
| lr                    | 0.0293   |
| misc/nupdates         | 409      |
| misc/serial_timesteps | 1.68e+06 |
| misc/time_elapsed     | 692      |
| misc/total_timesteps  | 1.68e+06 |
| ratio_max             | 1.71     |
| ratio_min             | 0.503    |
| ret_avg               | 0.593    |
| ret_max               | 3.07     |
| ret_med               | 0.574    |
| ret_min               | -1.34    |
| ret_var               | 1.24     |
------------------------------------
------------------------------------
| action_max            | 14       |
| action_min            | 0        |
| adv_avg               | -1.41    |
| adv_max               | -0.345   |
| adv_med               | -1.37    |
| adv_min               | -3.48    |
| adv_var               | 0.0735   |
| clipfrac              | 0        |
| curr_lr               | 0.0293   |
| entropy               | 0.817    |
| eplenmean             | 204      |
| eprewmean             | 16.2     |
| fps                   | 2.39e+03 |
| grad_norm             | 0.701    |
| kl                    | 0.0178   |
| loss_pi               | -0.0881  |
| loss_v                | 0.0128   |
| lr                    | 0.0293   |
| misc/nupdates         | 419      |
| misc/serial_timesteps | 1.72e+06 |
| misc/time_elapsed     | 709      |
| misc/total_timesteps  | 1.72e+06 |
| ratio_max             | 2.75     |
| ratio_min             | 0.359    |
| ret_avg               | 0.345    |
| ret_max               | 3.14     |
| ret_med               | 0.295    |
| ret_min               | -1.35    |
| ret_var               | 1.15     |
------------------------------------
------------------------------------
| action_max            | 14       |
| action_min            | 0        |
| adv_avg               | -1.37    |
| adv_max               | -0.541   |
| adv_med               | -1.34    |
| adv_min               | -2.95    |
| adv_var               | 0.0668   |
| clipfrac              | 0        |
| curr_lr               | 0.0293   |
| entropy               | 0.708    |
| eplenmean             | 212      |
| eprewmean             | 16.4     |
| fps                   | 2.47e+03 |
| grad_norm             | 0.613    |
| kl                    | 0.0153   |
| loss_pi               | -0.0988  |
| loss_v                | 0.00981  |
| lr                    | 0.0293   |
| misc/nupdates         | 429      |
| misc/serial_timesteps | 1.76e+06 |
| misc/time_elapsed     | 726      |
| misc/total_timesteps  | 1.76e+06 |
| ratio_max             | 2.93     |
| ratio_min             | 0.213    |
| ret_avg               | 0.4      |
| ret_max               | 3.12     |
| ret_med               | 0.421    |
| ret_min               | -1.35    |
| ret_var               | 0.885    |
------------------------------------
------------------------------------
| action_max            | 14       |
| action_min            | 0        |
| adv_avg               | -1.36    |
| adv_max               | -0.598   |
| adv_med               | -1.34    |
| adv_min               | -2.73    |
| adv_var               | 0.0518   |
| clipfrac              | 0        |
| curr_lr               | 0.0293   |
| entropy               | 0.722    |
| eplenmean             | 233      |
| eprewmean             | 17.4     |
| fps                   | 2.41e+03 |
| grad_norm             | 0.918    |
| kl                    | 0.0111   |
| loss_pi               | -0.0637  |
| loss_v                | 0.0117   |
| lr                    | 0.0293   |
| misc/nupdates         | 439      |
| misc/serial_timesteps | 1.8e+06  |
| misc/time_elapsed     | 743      |
| misc/total_timesteps  | 1.8e+06  |
| ratio_max             | 1.72     |
| ratio_min             | 0.471    |
| ret_avg               | 0.322    |
| ret_max               | 3.39     |
| ret_med               | 0.0756   |
| ret_min               | -1.36    |
| ret_var               | 0.952    |
------------------------------------
------------------------------------
| action_max            | 14       |
| action_min            | 0        |
| adv_avg               | -1.35    |
| adv_max               | -0.227   |
| adv_med               | -1.33    |
| adv_min               | -3.04    |
| adv_var               | 0.0583   |
| clipfrac              | 0        |
| curr_lr               | 0.0293   |
| entropy               | 0.609    |
| eplenmean             | 221      |
| eprewmean             | 16.8     |
| fps                   | 2.4e+03  |
| grad_norm             | 1.12     |
| kl                    | 0.0141   |
| loss_pi               | -0.0507  |
| loss_v                | 0.0132   |
| lr                    | 0.0293   |
| misc/nupdates         | 449      |
| misc/serial_timesteps | 1.84e+06 |
| misc/time_elapsed     | 759      |
| misc/total_timesteps  | 1.84e+06 |
| ratio_max             | 2.8      |
| ratio_min             | 0.217    |
| ret_avg               | 0.508    |
| ret_max               | 3.18     |
| ret_med               | 0.443    |
| ret_min               | -1.37    |
| ret_var               | 1.06     |
------------------------------------
------------------------------------
| action_max            | 14       |
| action_min            | 0        |
| adv_avg               | -1.4     |
| adv_max               | -0.301   |
| adv_med               | -1.36    |
| adv_min               | -3.58    |
| adv_var               | 0.0902   |
| clipfrac              | 0        |
| curr_lr               | 0.0293   |
| entropy               | 0.682    |
| eplenmean             | 230      |
| eprewmean             | 17.3     |
| fps                   | 2.46e+03 |
| grad_norm             | 0.919    |
| kl                    | 0.015    |
| loss_pi               | -0.0837  |
| loss_v                | 0.0141   |
| lr                    | 0.0293   |
| misc/nupdates         | 459      |
| misc/serial_timesteps | 1.88e+06 |
| misc/time_elapsed     | 776      |
| misc/total_timesteps  | 1.88e+06 |
| ratio_max             | 3.21     |
| ratio_min             | 0.375    |
| ret_avg               | 0.756    |
| ret_max               | 3.59     |
| ret_med               | 0.623    |
| ret_min               | -1.37    |
| ret_var               | 1.46     |
------------------------------------
------------------------------------
| action_max            | 14       |
| action_min            | 0        |
| adv_avg               | -1.39    |
| adv_max               | -0.498   |
| adv_med               | -1.37    |
| adv_min               | -3.03    |
| adv_var               | 0.0562   |
| clipfrac              | 0        |
| curr_lr               | 0.0293   |
| entropy               | 0.636    |
| eplenmean             | 225      |
| eprewmean             | 16.8     |
| fps                   | 2.43e+03 |
| grad_norm             | 1.03     |
| kl                    | 0.0083   |
| loss_pi               | -0.0762  |
| loss_v                | 0.0127   |
| lr                    | 0.0293   |
| misc/nupdates         | 469      |
| misc/serial_timesteps | 1.93e+06 |
| misc/time_elapsed     | 793      |
| misc/total_timesteps  | 1.93e+06 |
| ratio_max             | 1.85     |
| ratio_min             | 0.379    |
| ret_avg               | 0.594    |
| ret_max               | 3.34     |
| ret_med               | 0.449    |
| ret_min               | -1.37    |
| ret_var               | 1.24     |
------------------------------------
------------------------------------
| action_max            | 14       |
| action_min            | 0        |
| adv_avg               | -1.39    |
| adv_max               | -0.467   |
| adv_med               | -1.36    |
| adv_min               | -2.69    |
| adv_var               | 0.056    |
| clipfrac              | 0        |
| curr_lr               | 0.0293   |
| entropy               | 0.776    |
| eplenmean             | 206      |
| eprewmean             | 15.3     |
| fps                   | 2.48e+03 |
| grad_norm             | 0.815    |
| kl                    | 0.0223   |
| loss_pi               | -0.092   |
| loss_v                | 0.0112   |
| lr                    | 0.0293   |
| misc/nupdates         | 479      |
| misc/serial_timesteps | 1.97e+06 |
| misc/time_elapsed     | 810      |
| misc/total_timesteps  | 1.97e+06 |
| ratio_max             | 2.84     |
| ratio_min             | 0.1      |
| ret_avg               | -0.109   |
| ret_max               | 2.44     |
| ret_med               | -0.249   |
| ret_min               | -1.38    |
| ret_var               | 0.684    |
------------------------------------
------------------------------------
| action_max            | 14       |
| action_min            | 0        |
| adv_avg               | -1.38    |
| adv_max               | -0.51    |
| adv_med               | -1.35    |
| adv_min               | -2.55    |
| adv_var               | 0.045    |
| clipfrac              | 0        |
| curr_lr               | 0.0293   |
| entropy               | 0.699    |
| eplenmean             | 205      |
| eprewmean             | 14.7     |
| fps                   | 2.38e+03 |
| grad_norm             | 0.753    |
| kl                    | 0.0224   |
| loss_pi               | -0.0557  |
| loss_v                | 0.00893  |
| lr                    | 0.0293   |
| misc/nupdates         | 489      |
| misc/serial_timesteps | 2.01e+06 |
| misc/time_elapsed     | 827      |
| misc/total_timesteps  | 2.01e+06 |
| ratio_max             | 2.45     |
| ratio_min             | 0.359    |
| ret_avg               | 0.16     |
| ret_max               | 2.92     |
| ret_med               | 0.155    |
| ret_min               | -1.38    |
| ret_var               | 0.967    |
------------------------------------
------------------------------------
| action_max            | 14       |
| action_min            | 0        |
| adv_avg               | -1.39    |
| adv_max               | -0.349   |
| adv_med               | -1.37    |
| adv_min               | -2.71    |
| adv_var               | 0.0534   |
| clipfrac              | 0        |
| curr_lr               | 0.0293   |
| entropy               | 0.7      |
| eplenmean             | 206      |
| eprewmean             | 16.2     |
| fps                   | 2.49e+03 |
| grad_norm             | 0.776    |
| kl                    | 0.014    |
| loss_pi               | -0.0475  |
| loss_v                | 0.0109   |
| lr                    | 0.0293   |
| misc/nupdates         | 499      |
| misc/serial_timesteps | 2.05e+06 |
| misc/time_elapsed     | 844      |
| misc/total_timesteps  | 2.05e+06 |
| ratio_max             | 2.23     |
| ratio_min             | 0.1      |
| ret_avg               | 0.2      |
| ret_max               | 3.22     |
| ret_med               | 0.00618  |
| ret_min               | -1.39    |
| ret_var               | 1.15     |
------------------------------------
------------------------------------
| action_max            | 14       |
| action_min            | 0        |
| adv_avg               | -1.41    |
| adv_max               | -0.435   |
| adv_med               | -1.38    |
| adv_min               | -2.73    |
| adv_var               | 0.0576   |
| clipfrac              | 0        |
| curr_lr               | 0.0293   |
| entropy               | 0.723    |
| eplenmean             | 211      |
| eprewmean             | 16.9     |
| fps                   | 2.42e+03 |
| grad_norm             | 0.917    |
| kl                    | 0.0123   |
| loss_pi               | -0.0733  |
| loss_v                | 0.0101   |
| lr                    | 0.0293   |
| misc/nupdates         | 509      |
| misc/serial_timesteps | 2.09e+06 |
| misc/time_elapsed     | 860      |
| misc/total_timesteps  | 2.09e+06 |
| ratio_max             | 1.67     |
| ratio_min             | 0.216    |
| ret_avg               | 0.474    |
| ret_max               | 3.63     |
| ret_med               | 0.384    |
| ret_min               | -1.39    |
| ret_var               | 1.43     |
------------------------------------
------------------------------------
| action_max            | 14       |
| action_min            | 0        |
| adv_avg               | -1.39    |
| adv_max               | -0.281   |
| adv_med               | -1.36    |
| adv_min               | -2.86    |
| adv_var               | 0.0761   |
| clipfrac              | 0        |
| curr_lr               | 0.0293   |
| entropy               | 0.666    |
| eplenmean             | 207      |
| eprewmean             | 16.9     |
| fps                   | 2.42e+03 |
| grad_norm             | 0.987    |
| kl                    | 0.00526  |
| loss_pi               | -0.0886  |
| loss_v                | 0.0169   |
| lr                    | 0.0293   |
| misc/nupdates         | 519      |
| misc/serial_timesteps | 2.13e+06 |
| misc/time_elapsed     | 877      |
| misc/total_timesteps  | 2.13e+06 |
| ratio_max             | 1.53     |
| ratio_min             | 0.657    |
| ret_avg               | 0.691    |
| ret_max               | 3.52     |
| ret_med               | 0.389    |
| ret_min               | -1.39    |
| ret_var               | 1.65     |
------------------------------------
------------------------------------
| action_max            | 14       |
| action_min            | 0        |
| adv_avg               | -1.39    |
| adv_max               | -0.337   |
| adv_med               | -1.35    |
| adv_min               | -3.63    |
| adv_var               | 0.0709   |
| clipfrac              | 0        |
| curr_lr               | 0.0293   |
| entropy               | 0.521    |
| eplenmean             | 216      |
| eprewmean             | 16.4     |
| fps                   | 2.38e+03 |
| grad_norm             | 1.11     |
| kl                    | 0.0234   |
| loss_pi               | -0.101   |
| loss_v                | 0.0143   |
| lr                    | 0.0293   |
| misc/nupdates         | 529      |
| misc/serial_timesteps | 2.17e+06 |
| misc/time_elapsed     | 895      |
| misc/total_timesteps  | 2.17e+06 |
| ratio_max             | 1.85     |
| ratio_min             | 0.115    |
| ret_avg               | 0.338    |
| ret_max               | 3.28     |
| ret_med               | 0.334    |
| ret_min               | -1.43    |
| ret_var               | 0.908    |
------------------------------------
------------------------------------
| action_max            | 14       |
| action_min            | 0        |
| adv_avg               | -1.33    |
| adv_max               | -0.321   |
| adv_med               | -1.32    |
| adv_min               | -2.58    |
| adv_var               | 0.064    |
| clipfrac              | 0        |
| curr_lr               | 0.0293   |
| entropy               | 0.641    |
| eplenmean             | 210      |
| eprewmean             | 15.9     |
| fps                   | 2.4e+03  |
| grad_norm             | 0.8      |
| kl                    | 0.0141   |
| loss_pi               | -0.0698  |
| loss_v                | 0.0131   |
| lr                    | 0.0293   |
| misc/nupdates         | 539      |
| misc/serial_timesteps | 2.21e+06 |
| misc/time_elapsed     | 912      |
| misc/total_timesteps  | 2.21e+06 |
| ratio_max             | 3.26     |
| ratio_min             | 0.368    |
| ret_avg               | 0.4      |
| ret_max               | 3.03     |
| ret_med               | 0.291    |
| ret_min               | -1.4     |
| ret_var               | 0.942    |
------------------------------------
------------------------------------
| action_max            | 14       |
| action_min            | 0        |
| adv_avg               | -1.4     |
| adv_max               | -0.456   |
| adv_med               | -1.38    |
| adv_min               | -2.63    |
| adv_var               | 0.043    |
| clipfrac              | 0        |
| curr_lr               | 0.0293   |
| entropy               | 0.725    |
| eplenmean             | 219      |
| eprewmean             | 18.5     |
| fps                   | 2.44e+03 |
| grad_norm             | 0.975    |
| kl                    | 0.0116   |
| loss_pi               | -0.0894  |
| loss_v                | 0.00903  |
| lr                    | 0.0293   |
| misc/nupdates         | 549      |
| misc/serial_timesteps | 2.25e+06 |
| misc/time_elapsed     | 929      |
| misc/total_timesteps  | 2.25e+06 |
| ratio_max             | 2.5      |
| ratio_min             | 0.302    |
| ret_avg               | 0.325    |
| ret_max               | 2.8      |
| ret_med               | 0.26     |
| ret_min               | -1.4     |
| ret_var               | 1.06     |
------------------------------------
------------------------------------
| action_max            | 14       |
| action_min            | 0        |
| adv_avg               | -1.39    |
| adv_max               | -0.396   |
| adv_med               | -1.36    |
| adv_min               | -2.95    |
| adv_var               | 0.0654   |
| clipfrac              | 0        |
| curr_lr               | 0.0293   |
| entropy               | 0.677    |
| eplenmean             | 228      |
| eprewmean             | 18.3     |
| fps                   | 2.47e+03 |
| grad_norm             | 0.864    |
| kl                    | 0.0164   |
| loss_pi               | -0.0931  |
| loss_v                | 0.0133   |
| lr                    | 0.0293   |
| misc/nupdates         | 559      |
| misc/serial_timesteps | 2.29e+06 |
| misc/time_elapsed     | 945      |
| misc/total_timesteps  | 2.29e+06 |
| ratio_max             | 2.24     |
| ratio_min             | 0.446    |
| ret_avg               | 0.36     |
| ret_max               | 3.54     |
| ret_med               | 0.132    |
| ret_min               | -1.41    |
| ret_var               | 1.14     |
------------------------------------
------------------------------------
| action_max            | 14       |
| action_min            | 0        |
| adv_avg               | -1.41    |
| adv_max               | -0.291   |
| adv_med               | -1.4     |
| adv_min               | -2.44    |
| adv_var               | 0.0539   |
| clipfrac              | 0        |
| curr_lr               | 0.0293   |
| entropy               | 0.583    |
| eplenmean             | 219      |
| eprewmean             | 17.2     |
| fps                   | 2.44e+03 |
| grad_norm             | 0.636    |
| kl                    | 0.0195   |
| loss_pi               | -0.0508  |
| loss_v                | 0.00944  |
| lr                    | 0.0293   |
| misc/nupdates         | 569      |
| misc/serial_timesteps | 2.33e+06 |
| misc/time_elapsed     | 962      |
| misc/total_timesteps  | 2.33e+06 |
| ratio_max             | 2.27     |
| ratio_min             | 0.203    |
| ret_avg               | 0.471    |
| ret_max               | 4.33     |
| ret_med               | 0.384    |
| ret_min               | -1.41    |
| ret_var               | 1.19     |
------------------------------------
------------------------------------
| action_max            | 14       |
| action_min            | 0        |
| adv_avg               | -1.39    |
| adv_max               | -0.446   |
| adv_med               | -1.39    |
| adv_min               | -2.93    |
| adv_var               | 0.0513   |
| clipfrac              | 0        |
| curr_lr               | 0.0293   |
| entropy               | 0.634    |
| eplenmean             | 226      |
| eprewmean             | 17.9     |
| fps                   | 2.47e+03 |
| grad_norm             | 0.902    |
| kl                    | 0.0147   |
| loss_pi               | -0.0567  |
| loss_v                | 0.0108   |
| lr                    | 0.0293   |
| misc/nupdates         | 579      |
| misc/serial_timesteps | 2.38e+06 |
| misc/time_elapsed     | 979      |
| misc/total_timesteps  | 2.38e+06 |
| ratio_max             | 2.88     |
| ratio_min             | 0.334    |
| ret_avg               | 0.29     |
| ret_max               | 3.6      |
| ret_med               | 0.146    |
| ret_min               | -1.41    |
| ret_var               | 1.12     |
------------------------------------
------------------------------------
| action_max            | 14       |
| action_min            | 0        |
| adv_avg               | -1.39    |
| adv_max               | -0.32    |
| adv_med               | -1.38    |
| adv_min               | -2.95    |
| adv_var               | 0.0548   |
| clipfrac              | 0        |
| curr_lr               | 0.0293   |
| entropy               | 0.656    |
| eplenmean             | 228      |
| eprewmean             | 18.5     |
| fps                   | 2.47e+03 |
| grad_norm             | 0.916    |
| kl                    | 0.0164   |
| loss_pi               | -0.0881  |
| loss_v                | 0.00863  |
| lr                    | 0.0293   |
| misc/nupdates         | 589      |
| misc/serial_timesteps | 2.42e+06 |
| misc/time_elapsed     | 996      |
| misc/total_timesteps  | 2.42e+06 |
| ratio_max             | 3.82     |
| ratio_min             | 0.345    |
| ret_avg               | 0.336    |
| ret_max               | 2.83     |
| ret_med               | 0.282    |
| ret_min               | -1.41    |
| ret_var               | 0.898    |
------------------------------------
------------------------------------
| action_max            | 14       |
| action_min            | 0        |
| adv_avg               | -1.4     |
| adv_max               | -0.316   |
| adv_med               | -1.35    |
| adv_min               | -4.09    |
| adv_var               | 0.0876   |
| clipfrac              | 0        |
| curr_lr               | 0.0293   |
| entropy               | 0.577    |
| eplenmean             | 241      |
| eprewmean             | 20.4     |
| fps                   | 2.48e+03 |
| grad_norm             | 0.842    |
| kl                    | 0.00877  |
| loss_pi               | -0.0966  |
| loss_v                | 0.021    |
| lr                    | 0.0293   |
| misc/nupdates         | 599      |
| misc/serial_timesteps | 2.46e+06 |
| misc/time_elapsed     | 1.01e+03 |
| misc/total_timesteps  | 2.46e+06 |
| ratio_max             | 1.65     |
| ratio_min             | 0.44     |
| ret_avg               | 0.611    |
| ret_max               | 3.42     |
| ret_med               | 0.554    |
| ret_min               | -1.41    |
| ret_var               | 1.42     |
------------------------------------
------------------------------------
| action_max            | 14       |
| action_min            | 0        |
| adv_avg               | -1.41    |
| adv_max               | -0.618   |
| adv_med               | -1.36    |
| adv_min               | -2.95    |
| adv_var               | 0.0564   |
| clipfrac              | 0        |
| curr_lr               | 0.0439   |
| entropy               | 0.579    |
| eplenmean             | 230      |
| eprewmean             | 19.1     |
| fps                   | 2.47e+03 |
| grad_norm             | 1.51     |
| kl                    | 0.00673  |
| loss_pi               | -0.126   |
| loss_v                | 0.0153   |
| lr                    | 0.0439   |
| misc/nupdates         | 609      |
| misc/serial_timesteps | 2.5e+06  |
| misc/time_elapsed     | 1.03e+03 |
| misc/total_timesteps  | 2.5e+06  |
| ratio_max             | 1.59     |
| ratio_min             | 0.435    |
| ret_avg               | 0.285    |
| ret_max               | 2.7      |
| ret_med               | 0.419    |
| ret_min               | -1.42    |
| ret_var               | 0.771    |
------------------------------------
------------------------------------
| action_max            | 14       |
| action_min            | 0        |
| adv_avg               | -1.39    |
| adv_max               | -0.336   |
| adv_med               | -1.36    |
| adv_min               | -2.81    |
| adv_var               | 0.0653   |
| clipfrac              | 0        |
| curr_lr               | 0.0439   |
| entropy               | 0.805    |
| eplenmean             | 219      |
| eprewmean             | 19.2     |
| fps                   | 2.48e+03 |
| grad_norm             | 0.601    |
| kl                    | 0.0477   |
| loss_pi               | -0.0843  |
| loss_v                | 0.0115   |
| lr                    | 0.0293   |
| misc/nupdates         | 619      |
| misc/serial_timesteps | 2.54e+06 |
| misc/time_elapsed     | 1.05e+03 |
| misc/total_timesteps  | 2.54e+06 |
| ratio_max             | 3.22     |
| ratio_min             | 0.159    |
| ret_avg               | 0.148    |
| ret_max               | 2.95     |
| ret_med               | 0.169    |
| ret_min               | -1.42    |
| ret_var               | 0.856    |
------------------------------------
------------------------------------
| action_max            | 14       |
| action_min            | 0        |
| adv_avg               | -1.46    |
| adv_max               | -0.0676  |
| adv_med               | -1.42    |
| adv_min               | -3.72    |
| adv_var               | 0.0902   |
| clipfrac              | 0        |
| curr_lr               | 0.0293   |
| entropy               | 0.6      |
| eplenmean             | 225      |
| eprewmean             | 18.2     |
| fps                   | 2.39e+03 |
| grad_norm             | 0.869    |
| kl                    | 0.0153   |
| loss_pi               | -0.0929  |
| loss_v                | 0.0133   |
| lr                    | 0.0293   |
| misc/nupdates         | 629      |
| misc/serial_timesteps | 2.58e+06 |
| misc/time_elapsed     | 1.06e+03 |
| misc/total_timesteps  | 2.58e+06 |
| ratio_max             | 3.34     |
| ratio_min             | 0.267    |
| ret_avg               | 0.621    |
| ret_max               | 4.04     |
| ret_med               | 0.581    |
| ret_min               | -1.42    |
| ret_var               | 1.37     |
------------------------------------
------------------------------------
| action_max            | 14       |
| action_min            | 0        |
| adv_avg               | -1.42    |
| adv_max               | -0.637   |
| adv_med               | -1.39    |
| adv_min               | -3.75    |
| adv_var               | 0.062    |
| clipfrac              | 0        |
| curr_lr               | 0.0293   |
| entropy               | 0.736    |
| eplenmean             | 253      |
| eprewmean             | 20.4     |
| fps                   | 2.4e+03  |
| grad_norm             | 1.02     |
| kl                    | 0.0075   |
| loss_pi               | -0.0877  |
| loss_v                | 0.0121   |
| lr                    | 0.0293   |
| misc/nupdates         | 639      |
| misc/serial_timesteps | 2.62e+06 |
| misc/time_elapsed     | 1.08e+03 |
| misc/total_timesteps  | 2.62e+06 |
| ratio_max             | 1.92     |
| ratio_min             | 0.63     |
| ret_avg               | 0.468    |
| ret_max               | 3.8      |
| ret_med               | 0.416    |
| ret_min               | -1.43    |
| ret_var               | 1.17     |
------------------------------------
------------------------------------
| action_max            | 14       |
| action_min            | 0        |
| adv_avg               | -1.42    |
| adv_max               | -0.565   |
| adv_med               | -1.4     |
| adv_min               | -3.23    |
| adv_var               | 0.0521   |
| clipfrac              | 0        |
| curr_lr               | 0.0293   |
| entropy               | 0.726    |
| eplenmean             | 231      |
| eprewmean             | 19.6     |
| fps                   | 2.43e+03 |
| grad_norm             | 0.47     |
| kl                    | 0.014    |
| loss_pi               | -0.0337  |
| loss_v                | 0.006    |
| lr                    | 0.0293   |
| misc/nupdates         | 649      |
| misc/serial_timesteps | 2.66e+06 |
| misc/time_elapsed     | 1.1e+03  |
| misc/total_timesteps  | 2.66e+06 |
| ratio_max             | 1.94     |
| ratio_min             | 0.475    |
| ret_avg               | 0.43     |
| ret_max               | 3.93     |
| ret_med               | 0.233    |
| ret_min               | -1.43    |
| ret_var               | 1.55     |
------------------------------------
------------------------------------
| action_max            | 14       |
| action_min            | 0        |
| adv_avg               | -1.44    |
| adv_max               | -0.658   |
| adv_med               | -1.4     |
| adv_min               | -3.15    |
| adv_var               | 0.0769   |
| clipfrac              | 0        |
| curr_lr               | 0.0293   |
| entropy               | 0.684    |
| eplenmean             | 224      |
| eprewmean             | 18.7     |
| fps                   | 2.41e+03 |
| grad_norm             | 0.619    |
| kl                    | 0.0172   |
| loss_pi               | -0.0628  |
| loss_v                | 0.0109   |
| lr                    | 0.0293   |
| misc/nupdates         | 659      |
| misc/serial_timesteps | 2.7e+06  |
| misc/time_elapsed     | 1.11e+03 |
| misc/total_timesteps  | 2.7e+06  |
| ratio_max             | 1.99     |
| ratio_min             | 0.136    |
| ret_avg               | 0.528    |
| ret_max               | 3.77     |
| ret_med               | 0.348    |
| ret_min               | -1.43    |
| ret_var               | 1.36     |
------------------------------------
------------------------------------
| action_max            | 14       |
| action_min            | 0        |
| adv_avg               | -1.42    |
| adv_max               | 0.0481   |
| adv_med               | -1.41    |
| adv_min               | -2.95    |
| adv_var               | 0.0523   |
| clipfrac              | 0        |
| curr_lr               | 0.0293   |
| entropy               | 0.687    |
| eplenmean             | 243      |
| eprewmean             | 21       |
| fps                   | 2.42e+03 |
| grad_norm             | 0.867    |
| kl                    | 0.0103   |
| loss_pi               | -0.0612  |
| loss_v                | 0.00926  |
| lr                    | 0.0293   |
| misc/nupdates         | 669      |
| misc/serial_timesteps | 2.74e+06 |
| misc/time_elapsed     | 1.13e+03 |
| misc/total_timesteps  | 2.74e+06 |
| ratio_max             | 3.71     |
| ratio_min             | 0.565    |
| ret_avg               | 0.559    |
| ret_max               | 3.64     |
| ret_med               | 0.552    |
| ret_min               | -1.46    |
| ret_var               | 1.64     |
------------------------------------
------------------------------------
| action_max            | 14       |
| action_min            | 0        |
| adv_avg               | -1.43    |
| adv_max               | -0.412   |
| adv_med               | -1.4     |
| adv_min               | -3.89    |
| adv_var               | 0.0564   |
| clipfrac              | 0        |
| curr_lr               | 0.0293   |
| entropy               | 0.632    |
| eplenmean             | 238      |
| eprewmean             | 20.7     |
| fps                   | 2.47e+03 |
| grad_norm             | 0.566    |
| kl                    | 0.0197   |
| loss_pi               | -0.0844  |
| loss_v                | 0.00905  |
| lr                    | 0.0293   |
| misc/nupdates         | 679      |
| misc/serial_timesteps | 2.79e+06 |
| misc/time_elapsed     | 1.15e+03 |
| misc/total_timesteps  | 2.79e+06 |
| ratio_max             | 2.14     |
| ratio_min             | 0.1      |
| ret_avg               | 0.33     |
| ret_max               | 3.87     |
| ret_med               | 0.244    |
| ret_min               | -1.44    |
| ret_var               | 1.29     |
------------------------------------
------------------------------------
| action_max            | 14       |
| action_min            | 0        |
| adv_avg               | -1.4     |
| adv_max               | -0.54    |
| adv_med               | -1.39    |
| adv_min               | -2.93    |
| adv_var               | 0.0417   |
| clipfrac              | 0        |
| curr_lr               | 0.0293   |
| entropy               | 0.696    |
| eplenmean             | 239      |
| eprewmean             | 20.5     |
| fps                   | 2.41e+03 |
| grad_norm             | 0.812    |
| kl                    | 0.0137   |
| loss_pi               | 0.000405 |
| loss_v                | 0.00988  |
| lr                    | 0.0293   |
| misc/nupdates         | 689      |
| misc/serial_timesteps | 2.83e+06 |
| misc/time_elapsed     | 1.16e+03 |
| misc/total_timesteps  | 2.83e+06 |
| ratio_max             | 2.23     |
| ratio_min             | 0.311    |
| ret_avg               | 0.504    |
| ret_max               | 3.64     |
| ret_med               | 0.347    |
| ret_min               | -1.47    |
| ret_var               | 1.47     |
------------------------------------
------------------------------------
| action_max            | 14       |
| action_min            | 0        |
| adv_avg               | -1.44    |
| adv_max               | -0.714   |
| adv_med               | -1.42    |
| adv_min               | -2.92    |
| adv_var               | 0.0399   |
| clipfrac              | 0        |
| curr_lr               | 0.0293   |
| entropy               | 0.635    |
| eplenmean             | 243      |
| eprewmean             | 20       |
| fps                   | 2.42e+03 |
| grad_norm             | 1.12     |
| kl                    | 0.0179   |
| loss_pi               | -0.132   |
| loss_v                | 0.00812  |
| lr                    | 0.0293   |
| misc/nupdates         | 699      |
| misc/serial_timesteps | 2.87e+06 |
| misc/time_elapsed     | 1.18e+03 |
| misc/total_timesteps  | 2.87e+06 |
| ratio_max             | 2.86     |
| ratio_min             | 0.158    |
| ret_avg               | 0.501    |
| ret_max               | 3.65     |
| ret_med               | 0.399    |
| ret_min               | -1.45    |
| ret_var               | 1.44     |
------------------------------------
------------------------------------
| action_max            | 14       |
| action_min            | 0        |
| adv_avg               | -1.44    |
| adv_max               | -0.431   |
| adv_med               | -1.41    |
| adv_min               | -3.29    |
| adv_var               | 0.055    |
| clipfrac              | 0        |
| curr_lr               | 0.0195   |
| entropy               | 0.572    |
| eplenmean             | 238      |
| eprewmean             | 20.8     |
| fps                   | 2.47e+03 |
| grad_norm             | 0.681    |
| kl                    | 0.0079   |
| loss_pi               | -0.0635  |
| loss_v                | 0.00983  |
| lr                    | 0.0195   |
| misc/nupdates         | 709      |
| misc/serial_timesteps | 2.91e+06 |
| misc/time_elapsed     | 1.2e+03  |
| misc/total_timesteps  | 2.91e+06 |
| ratio_max             | 1.61     |
| ratio_min             | 0.51     |
| ret_avg               | 0.483    |
| ret_max               | 3.81     |
| ret_med               | 0.502    |
| ret_min               | -1.43    |
| ret_var               | 1.45     |
------------------------------------
------------------------------------
| action_max            | 14       |
| action_min            | 0        |
| adv_avg               | -1.46    |
| adv_max               | -0.156   |
| adv_med               | -1.43    |
| adv_min               | -3.31    |
| adv_var               | 0.0559   |
| clipfrac              | 0        |
| curr_lr               | 0.0195   |
| entropy               | 0.696    |
| eplenmean             | 239      |
| eprewmean             | 19.8     |
| fps                   | 2.38e+03 |
| grad_norm             | 0.461    |
| kl                    | 0.0162   |
| loss_pi               | -0.0781  |
| loss_v                | 0.00811  |
| lr                    | 0.0195   |
| misc/nupdates         | 719      |
| misc/serial_timesteps | 2.95e+06 |
| misc/time_elapsed     | 1.21e+03 |
| misc/total_timesteps  | 2.95e+06 |
| ratio_max             | 1.77     |
| ratio_min             | 0.512    |
| ret_avg               | 0.383    |
| ret_max               | 4.1      |
| ret_med               | 0.198    |
| ret_min               | -1.43    |
| ret_var               | 1.34     |
------------------------------------
------------------------------------
| action_max            | 14       |
| action_min            | 0        |
| adv_avg               | -1.44    |
| adv_max               | -0.546   |
| adv_med               | -1.41    |
| adv_min               | -3.31    |
| adv_var               | 0.0501   |
| clipfrac              | 0        |
| curr_lr               | 0.0195   |
| entropy               | 0.522    |
| eplenmean             | 245      |
| eprewmean             | 20.4     |
| fps                   | 2.45e+03 |
| grad_norm             | 0.922    |
| kl                    | 0.01     |
| loss_pi               | -0.109   |
| loss_v                | 0.00899  |
| lr                    | 0.0195   |
| misc/nupdates         | 729      |
| misc/serial_timesteps | 2.99e+06 |
| misc/time_elapsed     | 1.23e+03 |
| misc/total_timesteps  | 2.99e+06 |
| ratio_max             | 2.12     |
| ratio_min             | 0.337    |
| ret_avg               | 0.624    |
| ret_max               | 4.11     |
| ret_med               | 0.443    |
| ret_min               | -1.43    |
| ret_var               | 1.58     |
------------------------------------
------------------------------------
| action_max            | 14       |
| action_min            | 0        |
| adv_avg               | -1.5     |
| adv_max               | -0.753   |
| adv_med               | -1.47    |
| adv_min               | -2.95    |
| adv_var               | 0.0494   |
| clipfrac              | 0        |
| curr_lr               | 0.0439   |
| entropy               | 0.586    |
| eplenmean             | 231      |
| eprewmean             | 19.5     |
| fps                   | 2.49e+03 |
| grad_norm             | 1.76     |
| kl                    | 0.0117   |
| loss_pi               | -0.109   |
| loss_v                | 0.0171   |
| lr                    | 0.0439   |
| misc/nupdates         | 739      |
| misc/serial_timesteps | 3.03e+06 |
| misc/time_elapsed     | 1.25e+03 |
| misc/total_timesteps  | 3.03e+06 |
| ratio_max             | 2.09     |
| ratio_min             | 0.342    |
| ret_avg               | 0.847    |
| ret_max               | 4.89     |
| ret_med               | 0.856    |
| ret_min               | -1.42    |
| ret_var               | 1.91     |
------------------------------------
------------------------------------
| action_max            | 14       |
| action_min            | 0        |
| adv_avg               | -1.53    |
| adv_max               | -0.594   |
| adv_med               | -1.51    |
| adv_min               | -3.06    |
| adv_var               | 0.0701   |
| clipfrac              | 0        |
| curr_lr               | 0.0658   |
| entropy               | 0.656    |
| eplenmean             | 235      |
| eprewmean             | 19.8     |
| fps                   | 2.45e+03 |
| grad_norm             | 2.22     |
| kl                    | 0.00555  |
| loss_pi               | -0.0507  |
| loss_v                | 0.0293   |
| lr                    | 0.0658   |
| misc/nupdates         | 749      |
| misc/serial_timesteps | 3.07e+06 |
| misc/time_elapsed     | 1.26e+03 |
| misc/total_timesteps  | 3.07e+06 |
| ratio_max             | 1.53     |
| ratio_min             | 0.484    |
| ret_avg               | 1.48     |
| ret_max               | 5.6      |
| ret_med               | 1.26     |
| ret_min               | -1.41    |
| ret_var               | 2.92     |
------------------------------------
------------------------------------
| action_max            | 14       |
| action_min            | 0        |
| adv_avg               | -1.59    |
| adv_max               | 0.422    |
| adv_med               | -1.59    |
| adv_min               | -3.1     |
| adv_var               | 0.113    |
| clipfrac              | 0        |
| curr_lr               | 0.0988   |
| entropy               | 0.846    |
| eplenmean             | 227      |
| eprewmean             | 18.9     |
| fps                   | 2.37e+03 |
| grad_norm             | 4.39     |
| kl                    | 0.0056   |
| loss_pi               | 0.00165  |
| loss_v                | 0.0851   |
| lr                    | 0.0988   |
| misc/nupdates         | 759      |
| misc/serial_timesteps | 3.11e+06 |
| misc/time_elapsed     | 1.28e+03 |
| misc/total_timesteps  | 3.11e+06 |
| ratio_max             | 1.8      |
| ratio_min             | 0.62     |
| ret_avg               | 1.95     |
| ret_max               | 6.28     |
| ret_med               | 1.78     |
| ret_min               | -1.4     |
| ret_var               | 4.38     |
------------------------------------
------------------------------------
| action_max            | 14       |
| action_min            | 0        |
| adv_avg               | -1.5     |
| adv_max               | -0.362   |
| adv_med               | -1.47    |
| adv_min               | -3.8     |
| adv_var               | 0.102    |
| clipfrac              | 0        |
| curr_lr               | 0.0293   |
| entropy               | 0.868    |
| eplenmean             | 193      |
| eprewmean             | 15.2     |
| fps                   | 2.39e+03 |
| grad_norm             | 0.4      |
| kl                    | 0.0313   |
| loss_pi               | -0.0508  |
| loss_v                | 0.0122   |
| lr                    | 0.0293   |
| misc/nupdates         | 769      |
| misc/serial_timesteps | 3.15e+06 |
| misc/time_elapsed     | 1.3e+03  |
| misc/total_timesteps  | 3.15e+06 |
| ratio_max             | 2.79     |
| ratio_min             | 0.1      |
| ret_avg               | 0.503    |
| ret_max               | 4.69     |
| ret_med               | 0.217    |
| ret_min               | -1.47    |
| ret_var               | 2.21     |
------------------------------------
------------------------------------
| action_max            | 14       |
| action_min            | 0        |
| adv_avg               | -1.47    |
| adv_max               | -0.572   |
| adv_med               | -1.41    |
| adv_min               | -3.46    |
| adv_var               | 0.0921   |
| clipfrac              | 0        |
| curr_lr               | 0.0195   |
| entropy               | 1.06     |
| eplenmean             | 169      |
| eprewmean             | 12.5     |
| fps                   | 2.41e+03 |
| grad_norm             | 0.52     |
| kl                    | 0.0255   |
| loss_pi               | -0.0583  |
| loss_v                | 0.0229   |
| lr                    | 0.0195   |
| misc/nupdates         | 779      |
| misc/serial_timesteps | 3.19e+06 |
| misc/time_elapsed     | 1.31e+03 |
| misc/total_timesteps  | 3.19e+06 |
| ratio_max             | 2.41     |
| ratio_min             | 0.257    |
| ret_avg               | 0.133    |
| ret_max               | 3.06     |
| ret_med               | 0.0252   |
| ret_min               | -1.44    |
| ret_var               | 0.954    |
------------------------------------
------------------------------------
| action_max            | 14       |
| action_min            | 0        |
| adv_avg               | -1.4     |
| adv_max               | -0.849   |
| adv_med               | -1.37    |
| adv_min               | -3.39    |
| adv_var               | 0.0466   |
| clipfrac              | 0        |
| curr_lr               | 0.0195   |
| entropy               | 0.819    |
| eplenmean             | 183      |
| eprewmean             | 12.6     |
| fps                   | 2.41e+03 |
| grad_norm             | 0.558    |
| kl                    | 0.0115   |
| loss_pi               | -0.0464  |
| loss_v                | 0.00948  |
| lr                    | 0.0195   |
| misc/nupdates         | 789      |
| misc/serial_timesteps | 3.24e+06 |
| misc/time_elapsed     | 1.33e+03 |
| misc/total_timesteps  | 3.24e+06 |
| ratio_max             | 2.91     |
| ratio_min             | 0.443    |
| ret_avg               | -0.156   |
| ret_max               | 1.74     |
| ret_med               | -0.198   |
| ret_min               | -1.43    |
| ret_var               | 0.633    |
------------------------------------
------------------------------------
| action_max            | 14       |
| action_min            | 0        |
| adv_avg               | -1.38    |
| adv_max               | -0.644   |
| adv_med               | -1.37    |
| adv_min               | -2.59    |
| adv_var               | 0.0401   |
| clipfrac              | 0        |
| curr_lr               | 0.0195   |
| entropy               | 0.806    |
| eplenmean             | 212      |
| eprewmean             | 15.4     |
| fps                   | 2.48e+03 |
| grad_norm             | 0.401    |
| kl                    | 0.019    |
| loss_pi               | -0.0523  |
| loss_v                | 0.00742  |
| lr                    | 0.0195   |
| misc/nupdates         | 799      |
| misc/serial_timesteps | 3.28e+06 |
| misc/time_elapsed     | 1.35e+03 |
| misc/total_timesteps  | 3.28e+06 |
| ratio_max             | 1.81     |
| ratio_min             | 0.304    |
| ret_avg               | -0.0859  |
| ret_max               | 2.38     |
| ret_med               | -0.291   |
| ret_min               | -1.39    |
| ret_var               | 0.742    |
------------------------------------
------------------------------------
| action_max            | 14       |
| action_min            | 0        |
| adv_avg               | -1.39    |
| adv_max               | -0.425   |
| adv_med               | -1.37    |
| adv_min               | -3.43    |
| adv_var               | 0.0506   |
| clipfrac              | 0        |
| curr_lr               | 0.0195   |
| entropy               | 0.722    |
| eplenmean             | 200      |
| eprewmean             | 14.2     |
| fps                   | 2.48e+03 |
| grad_norm             | 0.589    |
| kl                    | 0.0104   |
| loss_pi               | -0.0243  |
| loss_v                | 0.00786  |
| lr                    | 0.0195   |
| misc/nupdates         | 809      |
| misc/serial_timesteps | 3.32e+06 |
| misc/time_elapsed     | 1.36e+03 |
| misc/total_timesteps  | 3.32e+06 |
| ratio_max             | 1.96     |
| ratio_min             | 0.367    |
| ret_avg               | -0.0808  |
| ret_max               | 2.41     |
| ret_med               | -0.316   |
| ret_min               | -1.38    |
| ret_var               | 0.707    |
------------------------------------
------------------------------------
| action_max            | 14       |
| action_min            | 0        |
| adv_avg               | -1.4     |
| adv_max               | -0.577   |
| adv_med               | -1.38    |
| adv_min               | -3.84    |
| adv_var               | 0.0791   |
| clipfrac              | 0        |
| curr_lr               | 0.0195   |
| entropy               | 0.757    |
| eplenmean             | 198      |
| eprewmean             | 14.8     |
| fps                   | 2.49e+03 |
| grad_norm             | 0.547    |
| kl                    | 0.00964  |
| loss_pi               | -0.0514  |
| loss_v                | 0.0127   |
| lr                    | 0.0195   |
| misc/nupdates         | 819      |
| misc/serial_timesteps | 3.36e+06 |
| misc/time_elapsed     | 1.38e+03 |
| misc/total_timesteps  | 3.36e+06 |
| ratio_max             | 1.63     |
| ratio_min             | 0.19     |
| ret_avg               | 0.127    |
| ret_max               | 3        |
| ret_med               | 0.00984  |
| ret_min               | -1.39    |
| ret_var               | 0.823    |
------------------------------------
------------------------------------
| action_max            | 14       |
| action_min            | 0        |
| adv_avg               | -1.41    |
| adv_max               | -0.619   |
| adv_med               | -1.37    |
| adv_min               | -3.59    |
| adv_var               | 0.0643   |
| clipfrac              | 0        |
| curr_lr               | 0.0195   |
| entropy               | 0.673    |
| eplenmean             | 248      |
| eprewmean             | 18.5     |
| fps                   | 2.48e+03 |
| grad_norm             | 0.847    |
| kl                    | 0.00431  |
| loss_pi               | -0.0907  |
| loss_v                | 0.0117   |
| lr                    | 0.0293   |
| misc/nupdates         | 829      |
| misc/serial_timesteps | 3.4e+06  |
| misc/time_elapsed     | 1.4e+03  |
| misc/total_timesteps  | 3.4e+06  |
| ratio_max             | 1.59     |
| ratio_min             | 0.595    |
| ret_avg               | 0.0613   |
| ret_max               | 2.59     |
| ret_med               | -0.188   |
| ret_min               | -1.39    |
| ret_var               | 0.909    |
------------------------------------
------------------------------------
| action_max            | 14       |
| action_min            | 0        |
| adv_avg               | -1.41    |
| adv_max               | -0.169   |
| adv_med               | -1.39    |
| adv_min               | -2.95    |
| adv_var               | 0.07     |
| clipfrac              | 0        |
| curr_lr               | 0.0293   |
| entropy               | 0.679    |
| eplenmean             | 242      |
| eprewmean             | 19.5     |
| fps                   | 2.41e+03 |
| grad_norm             | 0.67     |
| kl                    | 0.0214   |
| loss_pi               | -0.0717  |
| loss_v                | 0.0114   |
| lr                    | 0.0293   |
| misc/nupdates         | 839      |
| misc/serial_timesteps | 3.44e+06 |
| misc/time_elapsed     | 1.41e+03 |
| misc/total_timesteps  | 3.44e+06 |
| ratio_max             | 3.44     |
| ratio_min             | 0.259    |
| ret_avg               | 0.381    |
| ret_max               | 2.75     |
| ret_med               | 0.203    |
| ret_min               | -1.39    |
| ret_var               | 0.937    |
------------------------------------
------------------------------------
| action_max            | 14       |
| action_min            | 0        |
| adv_avg               | -1.4     |
| adv_max               | -0.476   |
| adv_med               | -1.37    |
| adv_min               | -2.89    |
| adv_var               | 0.0568   |
| clipfrac              | 0        |
| curr_lr               | 0.0293   |
| entropy               | 0.641    |
| eplenmean             | 230      |
| eprewmean             | 18.8     |
| fps                   | 2.5e+03  |
| grad_norm             | 0.697    |
| kl                    | 0.022    |
| loss_pi               | -0.0722  |
| loss_v                | 0.00944  |
| lr                    | 0.0293   |
| misc/nupdates         | 849      |
| misc/serial_timesteps | 3.48e+06 |
| misc/time_elapsed     | 1.43e+03 |
| misc/total_timesteps  | 3.48e+06 |
| ratio_max             | 1.92     |
| ratio_min             | 0.1      |
| ret_avg               | 0.371    |
| ret_max               | 2.92     |
| ret_med               | 0.287    |
| ret_min               | -1.5     |
| ret_var               | 1.13     |
------------------------------------
------------------------------------
| action_max            | 14       |
| action_min            | 0        |
| adv_avg               | -1.43    |
| adv_max               | -0.467   |
| adv_med               | -1.42    |
| adv_min               | -3.15    |
| adv_var               | 0.0482   |
| clipfrac              | 0        |
| curr_lr               | 0.0195   |
| entropy               | 0.567    |
| eplenmean             | 234      |
| eprewmean             | 18.9     |
| fps                   | 2.5e+03  |
| grad_norm             | 0.609    |
| kl                    | 0.0115   |
| loss_pi               | -0.0748  |
| loss_v                | 0.0133   |
| lr                    | 0.0195   |
| misc/nupdates         | 859      |
| misc/serial_timesteps | 3.52e+06 |
| misc/time_elapsed     | 1.45e+03 |
| misc/total_timesteps  | 3.52e+06 |
| ratio_max             | 1.74     |
| ratio_min             | 0.213    |
| ret_avg               | 0.336    |
| ret_max               | 3.07     |
| ret_med               | 0.14     |
| ret_min               | -1.41    |
| ret_var               | 1.29     |
------------------------------------
------------------------------------
| action_max            | 14       |
| action_min            | 0        |
| adv_avg               | -1.4     |
| adv_max               | -0.532   |
| adv_med               | -1.38    |
| adv_min               | -3.68    |
| adv_var               | 0.0522   |
| clipfrac              | 0        |
| curr_lr               | 0.0195   |
| entropy               | 0.664    |
| eplenmean             | 251      |
| eprewmean             | 19.9     |
| fps                   | 2.48e+03 |
| grad_norm             | 0.653    |
| kl                    | 0.0116   |
| loss_pi               | -0.0602  |
| loss_v                | 0.0223   |
| lr                    | 0.0195   |
| misc/nupdates         | 869      |
| misc/serial_timesteps | 3.56e+06 |
| misc/time_elapsed     | 1.46e+03 |
| misc/total_timesteps  | 3.56e+06 |
| ratio_max             | 1.6      |
| ratio_min             | 0.286    |
| ret_avg               | 0.367    |
| ret_max               | 3.11     |
| ret_med               | 0.231    |
| ret_min               | -1.55    |
| ret_var               | 1.36     |
------------------------------------
------------------------------------
| action_max            | 14       |
| action_min            | 0        |
| adv_avg               | -1.42    |
| adv_max               | -0.0557  |
| adv_med               | -1.4     |
| adv_min               | -2.61    |
| adv_var               | 0.0487   |
| clipfrac              | 0        |
| curr_lr               | 0.0195   |
| entropy               | 0.629    |
| eplenmean             | 268      |
| eprewmean             | 20.3     |
| fps                   | 2.49e+03 |
| grad_norm             | 0.422    |
| kl                    | 0.0216   |
| loss_pi               | -0.0706  |
| loss_v                | 0.00688  |
| lr                    | 0.0195   |
| misc/nupdates         | 879      |
| misc/serial_timesteps | 3.6e+06  |
| misc/time_elapsed     | 1.48e+03 |
| misc/total_timesteps  | 3.6e+06  |
| ratio_max             | 3.15     |
| ratio_min             | 0.412    |
| ret_avg               | 0.593    |
| ret_max               | 3.53     |
| ret_med               | 0.274    |
| ret_min               | -1.45    |
| ret_var               | 1.85     |
------------------------------------
------------------------------------
| action_max            | 14       |
| action_min            | 0        |
| adv_avg               | -1.41    |
| adv_max               | -0.602   |
| adv_med               | -1.39    |
| adv_min               | -3.03    |
| adv_var               | 0.0518   |
| clipfrac              | 0        |
| curr_lr               | 0.0195   |
| entropy               | 0.64     |
| eplenmean             | 254      |
| eprewmean             | 19.8     |
| fps                   | 2.42e+03 |
| grad_norm             | 0.53     |
| kl                    | 0.0111   |
| loss_pi               | -0.0802  |
| loss_v                | 0.00792  |
| lr                    | 0.0195   |
| misc/nupdates         | 889      |
| misc/serial_timesteps | 3.65e+06 |
| misc/time_elapsed     | 1.5e+03  |
| misc/total_timesteps  | 3.65e+06 |
| ratio_max             | 1.76     |
| ratio_min             | 0.534    |
| ret_avg               | 0.378    |
| ret_max               | 3.41     |
| ret_med               | 0.132    |
| ret_min               | -1.4     |
| ret_var               | 1.23     |
------------------------------------
------------------------------------
| action_max            | 14       |
| action_min            | 0        |
| adv_avg               | -1.44    |
| adv_max               | -0.695   |
| adv_med               | -1.41    |
| adv_min               | -2.97    |
| adv_var               | 0.0508   |
| clipfrac              | 0        |
| curr_lr               | 0.0195   |
| entropy               | 0.662    |
| eplenmean             | 247      |
| eprewmean             | 18.4     |
| fps                   | 2.42e+03 |
| grad_norm             | 0.428    |
| kl                    | 0.0124   |
| loss_pi               | -0.107   |
| loss_v                | 0.00611  |
| lr                    | 0.0195   |
| misc/nupdates         | 899      |
| misc/serial_timesteps | 3.69e+06 |
| misc/time_elapsed     | 1.52e+03 |
| misc/total_timesteps  | 3.69e+06 |
| ratio_max             | 2.38     |
| ratio_min             | 0.422    |
| ret_avg               | 0.149    |
| ret_max               | 3.49     |
| ret_med               | -0.0909  |
| ret_min               | -1.46    |
| ret_var               | 1.07     |
------------------------------------
------------------------------------
| action_max            | 14       |
| action_min            | 0        |
| adv_avg               | -1.41    |
| adv_max               | -0.0968  |
| adv_med               | -1.39    |
| adv_min               | -3.22    |
| adv_var               | 0.0531   |
| clipfrac              | 0        |
| curr_lr               | 0.0195   |
| entropy               | 0.534    |
| eplenmean             | 265      |
| eprewmean             | 22.4     |
| fps                   | 2.5e+03  |
| grad_norm             | 0.418    |
| kl                    | 0.0188   |
| loss_pi               | -0.0339  |
| loss_v                | 0.00751  |
| lr                    | 0.0195   |
| misc/nupdates         | 909      |
| misc/serial_timesteps | 3.73e+06 |
| misc/time_elapsed     | 1.53e+03 |
| misc/total_timesteps  | 3.73e+06 |
| ratio_max             | 1.64     |
| ratio_min             | 0.224    |
| ret_avg               | 0.598    |
| ret_max               | 3.81     |
| ret_med               | 0.374    |
| ret_min               | -1.4     |
| ret_var               | 1.54     |
------------------------------------
------------------------------------
| action_max            | 14       |
| action_min            | 0        |
| adv_avg               | -1.44    |
| adv_max               | 0.195    |
| adv_med               | -1.42    |
| adv_min               | -2.62    |
| adv_var               | 0.0512   |
| clipfrac              | 0        |
| curr_lr               | 0.0195   |
| entropy               | 0.604    |
| eplenmean             | 248      |
| eprewmean             | 19.1     |
| fps                   | 2.42e+03 |
| grad_norm             | 0.699    |
| kl                    | 0.0123   |
| loss_pi               | -0.0567  |
| loss_v                | 0.0104   |
| lr                    | 0.0195   |
| misc/nupdates         | 919      |
| misc/serial_timesteps | 3.77e+06 |
| misc/time_elapsed     | 1.55e+03 |
| misc/total_timesteps  | 3.77e+06 |
| ratio_max             | 2.71     |
| ratio_min             | 0.529    |
| ret_avg               | 0.125    |
| ret_max               | 3.12     |
| ret_med               | 0.0243   |
| ret_min               | -1.41    |
| ret_var               | 1.04     |
------------------------------------
------------------------------------
| action_max            | 14       |
| action_min            | 0        |
| adv_avg               | -1.38    |
| adv_max               | -0.346   |
| adv_med               | -1.37    |
| adv_min               | -3.75    |
| adv_var               | 0.0622   |
| clipfrac              | 0        |
| curr_lr               | 0.0195   |
| entropy               | 0.606    |
| eplenmean             | 270      |
| eprewmean             | 22.5     |
| fps                   | 2.4e+03  |
| grad_norm             | 0.527    |
| kl                    | 0.0168   |
| loss_pi               | -0.00328 |
| loss_v                | 0.00887  |
| lr                    | 0.0195   |
| misc/nupdates         | 929      |
| misc/serial_timesteps | 3.81e+06 |
| misc/time_elapsed     | 1.57e+03 |
| misc/total_timesteps  | 3.81e+06 |
| ratio_max             | 3.88     |
| ratio_min             | 0.304    |
| ret_avg               | 0.483    |
| ret_max               | 3.81     |
| ret_med               | 0.161    |
| ret_min               | -1.52    |
| ret_var               | 1.39     |
------------------------------------
------------------------------------
| action_max            | 14       |
| action_min            | 0        |
| adv_avg               | -1.4     |
| adv_max               | -0.336   |
| adv_med               | -1.39    |
| adv_min               | -3.6     |
| adv_var               | 0.0546   |
| clipfrac              | 0        |
| curr_lr               | 0.0195   |
| entropy               | 0.598    |
| eplenmean             | 268      |
| eprewmean             | 21.3     |
| fps                   | 2.44e+03 |
| grad_norm             | 0.765    |
| kl                    | 0.00796  |
| loss_pi               | -0.0897  |
| loss_v                | 0.00773  |
| lr                    | 0.0195   |
| misc/nupdates         | 939      |
| misc/serial_timesteps | 3.85e+06 |
| misc/time_elapsed     | 1.58e+03 |
| misc/total_timesteps  | 3.85e+06 |
| ratio_max             | 1.73     |
| ratio_min             | 0.5      |
| ret_avg               | 0.248    |
| ret_max               | 3.05     |
| ret_med               | 0.129    |
| ret_min               | -1.4     |
| ret_var               | 0.858    |
------------------------------------
------------------------------------
| action_max            | 14       |
| action_min            | 0        |
| adv_avg               | -1.41    |
| adv_max               | -0.237   |
| adv_med               | -1.39    |
| adv_min               | -3.02    |
| adv_var               | 0.0371   |
| clipfrac              | 0        |
| curr_lr               | 0.0195   |
| entropy               | 0.551    |
| eplenmean             | 279      |
| eprewmean             | 22.6     |
| fps                   | 2.48e+03 |
| grad_norm             | 0.563    |
| kl                    | 0.0115   |
| loss_pi               | -0.0894  |
| loss_v                | 0.00591  |
| lr                    | 0.0195   |
| misc/nupdates         | 949      |
| misc/serial_timesteps | 3.89e+06 |
| misc/time_elapsed     | 1.6e+03  |
| misc/total_timesteps  | 3.89e+06 |
| ratio_max             | 1.49     |
| ratio_min             | 0.234    |
| ret_avg               | 0.302    |
| ret_max               | 3.58     |
| ret_med               | -0.00279 |
| ret_min               | -1.45    |
| ret_var               | 1.34     |
------------------------------------
------------------------------------
| action_max            | 14       |
| action_min            | 0        |
| adv_avg               | -1.42    |
| adv_max               | -0.628   |
| adv_med               | -1.38    |
| adv_min               | -3.03    |
| adv_var               | 0.0575   |
| clipfrac              | 0        |
| curr_lr               | 0.0195   |
| entropy               | 0.528    |
| eplenmean             | 308      |
| eprewmean             | 25.1     |
| fps                   | 2.47e+03 |
| grad_norm             | 0.948    |
| kl                    | 0.00629  |
| loss_pi               | -0.068   |
| loss_v                | 0.0154   |
| lr                    | 0.0195   |
| misc/nupdates         | 959      |
| misc/serial_timesteps | 3.93e+06 |
| misc/time_elapsed     | 1.62e+03 |
| misc/total_timesteps  | 3.93e+06 |
| ratio_max             | 1.79     |
| ratio_min             | 0.247    |
| ret_avg               | 0.64     |
| ret_max               | 3.84     |
| ret_med               | 0.359    |
| ret_min               | -1.4     |
| ret_var               | 1.18     |
------------------------------------
------------------------------------
| action_max            | 14       |
| action_min            | 0        |
| adv_avg               | -1.41    |
| adv_max               | -0.652   |
| adv_med               | -1.38    |
| adv_min               | -5.48    |
| adv_var               | 0.081    |
| clipfrac              | 0        |
| curr_lr               | 0.0195   |
| entropy               | 0.477    |
| eplenmean             | 262      |
| eprewmean             | 21.4     |
| fps                   | 2.46e+03 |
| grad_norm             | 0.781    |
| kl                    | 0.00882  |
| loss_pi               | -0.0408  |
| loss_v                | 0.00838  |
| lr                    | 0.0195   |
| misc/nupdates         | 969      |
| misc/serial_timesteps | 3.97e+06 |
| misc/time_elapsed     | 1.63e+03 |
| misc/total_timesteps  | 3.97e+06 |
| ratio_max             | 1.87     |
| ratio_min             | 0.417    |
| ret_avg               | 0.455    |
| ret_max               | 3.6      |
| ret_med               | 0.17     |
| ret_min               | -1.43    |
| ret_var               | 1.58     |
------------------------------------
------------------------------------
| action_max            | 14       |
| action_min            | 0        |
| adv_avg               | -1.41    |
| adv_max               | -0.568   |
| adv_med               | -1.38    |
| adv_min               | -3.87    |
| adv_var               | 0.0591   |
| clipfrac              | 0        |
| curr_lr               | 0.0195   |
| entropy               | 0.45     |
| eplenmean             | 284      |
| eprewmean             | 24.2     |
| fps                   | 2.43e+03 |
| grad_norm             | 0.503    |
| kl                    | 0.00893  |
| loss_pi               | -0.0655  |
| loss_v                | 0.00636  |
| lr                    | 0.0195   |
| misc/nupdates         | 979      |
| misc/serial_timesteps | 4.01e+06 |
| misc/time_elapsed     | 1.65e+03 |
| misc/total_timesteps  | 4.01e+06 |
| ratio_max             | 1.94     |
| ratio_min             | 0.383    |
| ret_avg               | 1.07     |
| ret_max               | 3.83     |
| ret_med               | 0.902    |
| ret_min               | -1.4     |
| ret_var               | 1.46     |
------------------------------------
------------------------------------
| action_max            | 14       |
| action_min            | 0        |
| adv_avg               | -1.4     |
| adv_max               | -0.584   |
| adv_med               | -1.38    |
| adv_min               | -2.84    |
| adv_var               | 0.0568   |
| clipfrac              | 0        |
| curr_lr               | 0.0195   |
| entropy               | 0.48     |
| eplenmean             | 267      |
| eprewmean             | 21.5     |
| fps                   | 2.47e+03 |
| grad_norm             | 0.64     |
| kl                    | 0.0115   |
| loss_pi               | -0.106   |
| loss_v                | 0.00873  |
| lr                    | 0.0195   |
| misc/nupdates         | 989      |
| misc/serial_timesteps | 4.06e+06 |
| misc/time_elapsed     | 1.67e+03 |
| misc/total_timesteps  | 4.06e+06 |
| ratio_max             | 2.42     |
| ratio_min             | 0.391    |
| ret_avg               | 0.647    |
| ret_max               | 3.8      |
| ret_med               | 0.396    |
| ret_min               | -1.4     |
| ret_var               | 1.19     |
------------------------------------
------------------------------------
| action_max            | 14       |
| action_min            | 0        |
| adv_avg               | -1.41    |
| adv_max               | -0.329   |
| adv_med               | -1.38    |
| adv_min               | -2.98    |
| adv_var               | 0.0537   |
| clipfrac              | 0        |
| curr_lr               | 0.0195   |
| entropy               | 0.501    |
| eplenmean             | 265      |
| eprewmean             | 21.9     |
| fps                   | 2.45e+03 |
| grad_norm             | 0.425    |
| kl                    | 0.0121   |
| loss_pi               | -0.0845  |
| loss_v                | 0.0109   |
| lr                    | 0.0195   |
| misc/nupdates         | 999      |
| misc/serial_timesteps | 4.1e+06  |
| misc/time_elapsed     | 1.68e+03 |
| misc/total_timesteps  | 4.1e+06  |
| ratio_max             | 2.41     |
| ratio_min             | 0.456    |
| ret_avg               | 0.629    |
| ret_max               | 3.55     |
| ret_med               | 0.337    |
| ret_min               | -1.4     |
| ret_var               | 1.23     |
------------------------------------
------------------------------------
| action_max            | 14       |
| action_min            | 0        |
| adv_avg               | -1.43    |
| adv_max               | -0.429   |
| adv_med               | -1.4     |
| adv_min               | -2.7     |
| adv_var               | 0.0594   |
| clipfrac              | 0        |
| curr_lr               | 0.0195   |
| entropy               | 0.541    |
| eplenmean             | 256      |
| eprewmean             | 21.4     |
| fps                   | 2.43e+03 |
| grad_norm             | 0.711    |
| kl                    | 0.00776  |
| loss_pi               | -0.0844  |
| loss_v                | 0.0079   |
| lr                    | 0.0195   |
| misc/nupdates         | 1.01e+03 |
| misc/serial_timesteps | 4.14e+06 |
| misc/time_elapsed     | 1.7e+03  |
| misc/total_timesteps  | 4.14e+06 |
| ratio_max             | 1.86     |
| ratio_min             | 0.478    |
| ret_avg               | 0.625    |
| ret_max               | 3.91     |
| ret_med               | 0.422    |
| ret_min               | -1.4     |
| ret_var               | 1.46     |
------------------------------------
------------------------------------
| action_max            | 14       |
| action_min            | 0        |
| adv_avg               | -1.36    |
| adv_max               | -0.394   |
| adv_med               | -1.36    |
| adv_min               | -2.87    |
| adv_var               | 0.0595   |
| clipfrac              | 0        |
| curr_lr               | 0.0195   |
| entropy               | 0.539    |
| eplenmean             | 297      |
| eprewmean             | 25.1     |
| fps                   | 2.5e+03  |
| grad_norm             | 0.502    |
| kl                    | 0.0112   |
| loss_pi               | -0.0163  |
| loss_v                | 0.00842  |
| lr                    | 0.0195   |
| misc/nupdates         | 1.02e+03 |
| misc/serial_timesteps | 4.18e+06 |
| misc/time_elapsed     | 1.72e+03 |
| misc/total_timesteps  | 4.18e+06 |
| ratio_max             | 1.82     |
| ratio_min             | 0.354    |
| ret_avg               | 0.548    |
| ret_max               | 3.56     |
| ret_med               | 0.376    |
| ret_min               | -1.4     |
| ret_var               | 0.906    |
------------------------------------
------------------------------------
| action_max            | 14       |
| action_min            | 0        |
| adv_avg               | -1.43    |
| adv_max               | -0.156   |
| adv_med               | -1.4     |
| adv_min               | -3.48    |
| adv_var               | 0.0617   |
| clipfrac              | 0        |
| curr_lr               | 0.0195   |
| entropy               | 0.511    |
| eplenmean             | 280      |
| eprewmean             | 24       |
| fps                   | 2.41e+03 |
| grad_norm             | 0.669    |
| kl                    | 0.00795  |
| loss_pi               | -0.0213  |
| loss_v                | 0.00831  |
| lr                    | 0.0195   |
| misc/nupdates         | 1.03e+03 |
| misc/serial_timesteps | 4.22e+06 |
| misc/time_elapsed     | 1.73e+03 |
| misc/total_timesteps  | 4.22e+06 |
| ratio_max             | 1.67     |
| ratio_min             | 0.559    |
| ret_avg               | 0.887    |
| ret_max               | 4.19     |
| ret_med               | 0.658    |
| ret_min               | -1.4     |
| ret_var               | 1.7      |
------------------------------------
------------------------------------
| action_max            | 14       |
| action_min            | 0        |
| adv_avg               | -1.45    |
| adv_max               | -0.524   |
| adv_med               | -1.43    |
| adv_min               | -3.74    |
| adv_var               | 0.0605   |
| clipfrac              | 0        |
| curr_lr               | 0.0195   |
| entropy               | 0.532    |
| eplenmean             | 263      |
| eprewmean             | 22.5     |
| fps                   | 2.41e+03 |
| grad_norm             | 0.845    |
| kl                    | 0.00647  |
| loss_pi               | -0.0837  |
| loss_v                | 0.00844  |
| lr                    | 0.0195   |
| misc/nupdates         | 1.04e+03 |
| misc/serial_timesteps | 4.26e+06 |
| misc/time_elapsed     | 1.75e+03 |
| misc/total_timesteps  | 4.26e+06 |
| ratio_max             | 2.35     |
| ratio_min             | 0.247    |
| ret_avg               | 0.833    |
| ret_max               | 4.34     |
| ret_med               | 0.549    |
| ret_min               | -1.47    |
| ret_var               | 2.12     |
------------------------------------
------------------------------------
| action_max            | 14       |
| action_min            | 0        |
| adv_avg               | -1.39    |
| adv_max               | -0.346   |
| adv_med               | -1.39    |
| adv_min               | -2.59    |
| adv_var               | 0.0445   |
| clipfrac              | 0        |
| curr_lr               | 0.0293   |
| entropy               | 0.567    |
| eplenmean             | 293      |
| eprewmean             | 23.9     |
| fps                   | 2.44e+03 |
| grad_norm             | 1.46     |
| kl                    | 0.0152   |
| loss_pi               | -0.0345  |
| loss_v                | 0.0153   |
| lr                    | 0.0293   |
| misc/nupdates         | 1.05e+03 |
| misc/serial_timesteps | 4.3e+06  |
| misc/time_elapsed     | 1.77e+03 |
| misc/total_timesteps  | 4.3e+06  |
| ratio_max             | 3.84     |
| ratio_min             | 0.187    |
| ret_avg               | 0.504    |
| ret_max               | 3.45     |
| ret_med               | 0.233    |
| ret_min               | -1.4     |
| ret_var               | 1.37     |
------------------------------------
------------------------------------
| action_max            | 14       |
| action_min            | 0        |
| adv_avg               | -1.41    |
| adv_max               | -0.593   |
| adv_med               | -1.39    |
| adv_min               | -3.36    |
| adv_var               | 0.0585   |
| clipfrac              | 0        |
| curr_lr               | 0.0293   |
| entropy               | 0.522    |
| eplenmean             | 263      |
| eprewmean             | 21.3     |
| fps                   | 2.47e+03 |
| grad_norm             | 0.992    |
| kl                    | 0.0117   |
| loss_pi               | -0.0669  |
| loss_v                | 0.0115   |
| lr                    | 0.0293   |
| misc/nupdates         | 1.06e+03 |
| misc/serial_timesteps | 4.34e+06 |
| misc/time_elapsed     | 1.78e+03 |
| misc/total_timesteps  | 4.34e+06 |
| ratio_max             | 1.41     |
| ratio_min             | 0.306    |
| ret_avg               | 0.615    |
| ret_max               | 3.52     |
| ret_med               | 0.652    |
| ret_min               | -1.41    |
| ret_var               | 1.46     |
------------------------------------
------------------------------------
| action_max            | 14       |
| action_min            | 0        |
| adv_avg               | -1.41    |
| adv_max               | -0.457   |
| adv_med               | -1.39    |
| adv_min               | -3.68    |
| adv_var               | 0.061    |
| clipfrac              | 0        |
| curr_lr               | 0.0293   |
| entropy               | 0.609    |
| eplenmean             | 266      |
| eprewmean             | 22.5     |
| fps                   | 2.4e+03  |
| grad_norm             | 0.84     |
| kl                    | 0.0156   |
| loss_pi               | -0.0495  |
| loss_v                | 0.0153   |
| lr                    | 0.0293   |
| misc/nupdates         | 1.07e+03 |
| misc/serial_timesteps | 4.38e+06 |
| misc/time_elapsed     | 1.8e+03  |
| misc/total_timesteps  | 4.38e+06 |
| ratio_max             | 2.56     |
| ratio_min             | 0.456    |
| ret_avg               | 0.294    |
| ret_max               | 3.56     |
| ret_med               | 0.19     |
| ret_min               | -1.4     |
| ret_var               | 0.778    |
------------------------------------
------------------------------------
| action_max            | 14       |
| action_min            | 0        |
| adv_avg               | -1.39    |
| adv_max               | -0.253   |
| adv_med               | -1.37    |
| adv_min               | -3.58    |
| adv_var               | 0.0545   |
| clipfrac              | 0        |
| curr_lr               | 0.0293   |
| entropy               | 0.47     |
| eplenmean             | 293      |
| eprewmean             | 24.1     |
| fps                   | 2.39e+03 |
| grad_norm             | 0.857    |
| kl                    | 0.0195   |
| loss_pi               | -0.0791  |
| loss_v                | 0.00854  |
| lr                    | 0.0293   |
| misc/nupdates         | 1.08e+03 |
| misc/serial_timesteps | 4.42e+06 |
| misc/time_elapsed     | 1.82e+03 |
| misc/total_timesteps  | 4.42e+06 |
| ratio_max             | 1.87     |
| ratio_min             | 0.184    |
| ret_avg               | 0.391    |
| ret_max               | 3.45     |
| ret_med               | 0.0861   |
| ret_min               | -1.4     |
| ret_var               | 1.33     |
------------------------------------
------------------------------------
| action_max            | 14       |
| action_min            | 0        |
| adv_avg               | -1.39    |
| adv_max               | -0.0708  |
| adv_med               | -1.38    |
| adv_min               | -3.34    |
| adv_var               | 0.0452   |
| clipfrac              | 0        |
| curr_lr               | 0.0293   |
| entropy               | 0.606    |
| eplenmean             | 296      |
| eprewmean             | 25.5     |
| fps                   | 2.4e+03  |
| grad_norm             | 1.11     |
| kl                    | 0.00777  |
| loss_pi               | -0.0771  |
| loss_v                | 0.00815  |
| lr                    | 0.0293   |
| misc/nupdates         | 1.09e+03 |
| misc/serial_timesteps | 4.46e+06 |
| misc/time_elapsed     | 1.83e+03 |
| misc/total_timesteps  | 4.46e+06 |
| ratio_max             | 2.8      |
| ratio_min             | 0.46     |
| ret_avg               | 0.725    |
| ret_max               | 3.65     |
| ret_med               | 0.271    |
| ret_min               | -1.4     |
| ret_var               | 1.82     |
------------------------------------
------------------------------------
| action_max            | 14       |
| action_min            | 0        |
| adv_avg               | -1.39    |
| adv_max               | -0.0412  |
| adv_med               | -1.37    |
| adv_min               | -2.75    |
| adv_var               | 0.0529   |
| clipfrac              | 0        |
| curr_lr               | 0.0293   |
| entropy               | 0.582    |
| eplenmean             | 243      |
| eprewmean             | 21       |
| fps                   | 2.41e+03 |
| grad_norm             | 0.926    |
| kl                    | 0.0169   |
| loss_pi               | -0.0634  |
| loss_v                | 0.0116   |
| lr                    | 0.0293   |
| misc/nupdates         | 1.1e+03  |
| misc/serial_timesteps | 4.51e+06 |
| misc/time_elapsed     | 1.85e+03 |
| misc/total_timesteps  | 4.51e+06 |
| ratio_max             | 2.68     |
| ratio_min             | 0.229    |
| ret_avg               | 0.515    |
| ret_max               | 3.23     |
| ret_med               | 0.359    |
| ret_min               | -1.4     |
| ret_var               | 1.16     |
------------------------------------
------------------------------------
| action_max            | 14       |
| action_min            | 0        |
| adv_avg               | -1.42    |
| adv_max               | -0.367   |
| adv_med               | -1.38    |
| adv_min               | -5.01    |
| adv_var               | 0.0791   |
| clipfrac              | 0        |
| curr_lr               | 0.0293   |
| entropy               | 0.636    |
| eplenmean             | 283      |
| eprewmean             | 23.5     |
| fps                   | 2.5e+03  |
| grad_norm             | 0.681    |
| kl                    | 0.0234   |
| loss_pi               | -0.066   |
| loss_v                | 0.00766  |
| lr                    | 0.0293   |
| misc/nupdates         | 1.11e+03 |
| misc/serial_timesteps | 4.55e+06 |
| misc/time_elapsed     | 1.87e+03 |
| misc/total_timesteps  | 4.55e+06 |
| ratio_max             | 2.13     |
| ratio_min             | 0.24     |
| ret_avg               | 0.451    |
| ret_max               | 3.45     |
| ret_med               | 0.275    |
| ret_min               | -1.41    |
| ret_var               | 1.22     |
------------------------------------
------------------------------------
| action_max            | 14       |
| action_min            | 0        |
| adv_avg               | -1.39    |
| adv_max               | -0.116   |
| adv_med               | -1.36    |
| adv_min               | -3.38    |
| adv_var               | 0.0597   |
| clipfrac              | 0        |
| curr_lr               | 0.0293   |
| entropy               | 0.575    |
| eplenmean             | 264      |
| eprewmean             | 22.1     |
| fps                   | 2.4e+03  |
| grad_norm             | 0.829    |
| kl                    | 0.013    |
| loss_pi               | -0.106   |
| loss_v                | 0.0111   |
| lr                    | 0.0293   |
| misc/nupdates         | 1.12e+03 |
| misc/serial_timesteps | 4.59e+06 |
| misc/time_elapsed     | 1.88e+03 |
| misc/total_timesteps  | 4.59e+06 |
| ratio_max             | 1.88     |
| ratio_min             | 0.298    |
| ret_avg               | 0.426    |
| ret_max               | 2.89     |
| ret_med               | 0.259    |
| ret_min               | -1.41    |
| ret_var               | 0.803    |
------------------------------------
------------------------------------
| action_max            | 14       |
| action_min            | 0        |
| adv_avg               | -1.41    |
| adv_max               | -0.0622  |
| adv_med               | -1.39    |
| adv_min               | -2.9     |
| adv_var               | 0.0551   |
| clipfrac              | 0        |
| curr_lr               | 0.0293   |
| entropy               | 0.626    |
| eplenmean             | 262      |
| eprewmean             | 21.8     |
| fps                   | 2.5e+03  |
| grad_norm             | 0.742    |
| kl                    | 0.0126   |
| loss_pi               | -0.104   |
| loss_v                | 0.00864  |
| lr                    | 0.0293   |
| misc/nupdates         | 1.13e+03 |
| misc/serial_timesteps | 4.63e+06 |
| misc/time_elapsed     | 1.9e+03  |
| misc/total_timesteps  | 4.63e+06 |
| ratio_max             | 1.66     |
| ratio_min             | 0.355    |
| ret_avg               | 0.141    |
| ret_max               | 2.58     |
| ret_med               | 0.139    |
| ret_min               | -1.44    |
| ret_var               | 0.742    |
------------------------------------
------------------------------------
| action_max            | 14       |
| action_min            | 0        |
| adv_avg               | -1.4     |
| adv_max               | -0.525   |
| adv_med               | -1.38    |
| adv_min               | -3.23    |
| adv_var               | 0.0503   |
| clipfrac              | 0        |
| curr_lr               | 0.0293   |
| entropy               | 0.572    |
| eplenmean             | 260      |
| eprewmean             | 22.5     |
| fps                   | 2.35e+03 |
| grad_norm             | 0.714    |
| kl                    | 0.0194   |
| loss_pi               | -0.0976  |
| loss_v                | 0.00723  |
| lr                    | 0.0293   |
| misc/nupdates         | 1.14e+03 |
| misc/serial_timesteps | 4.67e+06 |
| misc/time_elapsed     | 1.92e+03 |
| misc/total_timesteps  | 4.67e+06 |
| ratio_max             | 2.88     |
| ratio_min             | 0.168    |
| ret_avg               | 0.519    |
| ret_max               | 3.21     |
| ret_med               | 0.357    |
| ret_min               | -1.41    |
| ret_var               | 1.14     |
------------------------------------
------------------------------------
| action_max            | 14       |
| action_min            | 0        |
| adv_avg               | -1.4     |
| adv_max               | -0.362   |
| adv_med               | -1.37    |
| adv_min               | -4.1     |
| adv_var               | 0.0676   |
| clipfrac              | 0        |
| curr_lr               | 0.0293   |
| entropy               | 0.491    |
| eplenmean             | 276      |
| eprewmean             | 22.9     |
| fps                   | 2.37e+03 |
| grad_norm             | 1.12     |
| kl                    | 0.0253   |
| loss_pi               | -0.0827  |
| loss_v                | 0.0122   |
| lr                    | 0.0293   |
| misc/nupdates         | 1.15e+03 |
| misc/serial_timesteps | 4.71e+06 |
| misc/time_elapsed     | 1.94e+03 |
| misc/total_timesteps  | 4.71e+06 |
| ratio_max             | 3.12     |
| ratio_min             | 0.1      |
| ret_avg               | 0.657    |
| ret_max               | 3.41     |
| ret_med               | 0.532    |
| ret_min               | -1.42    |
| ret_var               | 0.938    |
------------------------------------
------------------------------------
| action_max            | 14       |
| action_min            | 0        |
| adv_avg               | -1.43    |
| adv_max               | -0.0386  |
| adv_med               | -1.39    |
| adv_min               | -3.34    |
| adv_var               | 0.0669   |
| clipfrac              | 0        |
| curr_lr               | 0.0293   |
| entropy               | 0.671    |
| eplenmean             | 261      |
| eprewmean             | 21.8     |
| fps                   | 2.4e+03  |
| grad_norm             | 0.643    |
| kl                    | 0.023    |
| loss_pi               | -0.11    |
| loss_v                | 0.00911  |
| lr                    | 0.0293   |
| misc/nupdates         | 1.16e+03 |
| misc/serial_timesteps | 4.75e+06 |
| misc/time_elapsed     | 1.95e+03 |
| misc/total_timesteps  | 4.75e+06 |
| ratio_max             | 2.73     |
| ratio_min             | 0.266    |
| ret_avg               | 0.354    |
| ret_max               | 3.17     |
| ret_med               | 0.168    |
| ret_min               | -1.42    |
| ret_var               | 1.03     |
------------------------------------
------------------------------------
| action_max            | 14       |
| action_min            | 0        |
| adv_avg               | -1.39    |
| adv_max               | -0.393   |
| adv_med               | -1.37    |
| adv_min               | -3.76    |
| adv_var               | 0.0599   |
| clipfrac              | 0        |
| curr_lr               | 0.0293   |
| entropy               | 0.611    |
| eplenmean             | 281      |
| eprewmean             | 24.9     |
| fps                   | 2.49e+03 |
| grad_norm             | 0.726    |
| kl                    | 0.0105   |
| loss_pi               | -0.0487  |
| loss_v                | 0.0096   |
| lr                    | 0.0293   |
| misc/nupdates         | 1.17e+03 |
| misc/serial_timesteps | 4.79e+06 |
| misc/time_elapsed     | 1.97e+03 |
| misc/total_timesteps  | 4.79e+06 |
| ratio_max             | 1.67     |
| ratio_min             | 0.294    |
| ret_avg               | 0.411    |
| ret_max               | 3.44     |
| ret_med               | 0.354    |
| ret_min               | -1.43    |
| ret_var               | 0.904    |
------------------------------------
------------------------------------
| action_max            | 14       |
| action_min            | 0        |
| adv_avg               | -1.42    |
| adv_max               | 0.284    |
| adv_med               | -1.4     |
| adv_min               | -4.15    |
| adv_var               | 0.0991   |
| clipfrac              | 0        |
| curr_lr               | 0.0293   |
| entropy               | 0.467    |
| eplenmean             | 256      |
| eprewmean             | 21       |
| fps                   | 2.36e+03 |
| grad_norm             | 0.906    |
| kl                    | 0.0113   |
| loss_pi               | -0.0333  |
| loss_v                | 0.0222   |
| lr                    | 0.0293   |
| misc/nupdates         | 1.18e+03 |
| misc/serial_timesteps | 4.83e+06 |
| misc/time_elapsed     | 1.99e+03 |
| misc/total_timesteps  | 4.83e+06 |
| ratio_max             | 2.25     |
| ratio_min             | 0.253    |
| ret_avg               | 0.855    |
| ret_max               | 3.08     |
| ret_med               | 1        |
| ret_min               | -1.42    |
| ret_var               | 1.27     |
------------------------------------
------------------------------------
| action_max            | 14       |
| action_min            | 0        |
| adv_avg               | -1.47    |
| adv_max               | -0.583   |
| adv_med               | -1.43    |
| adv_min               | -4.03    |
| adv_var               | 0.0623   |
| clipfrac              | 0        |
| curr_lr               | 0.0293   |
| entropy               | 0.608    |
| eplenmean             | 291      |
| eprewmean             | 25.3     |
| fps                   | 2.48e+03 |
| grad_norm             | 0.817    |
| kl                    | 0.0324   |
| loss_pi               | -0.0706  |
| loss_v                | 0.0193   |
| lr                    | 0.0293   |
| misc/nupdates         | 1.19e+03 |
| misc/serial_timesteps | 4.87e+06 |
| misc/time_elapsed     | 2e+03    |
| misc/total_timesteps  | 4.87e+06 |
| ratio_max             | 5.88     |
| ratio_min             | 0.142    |
| ret_avg               | 0.218    |
| ret_max               | 3.61     |
| ret_med               | 0.196    |
| ret_min               | -1.43    |
| ret_var               | 0.908    |
------------------------------------
------------------------------------
| action_max            | 14       |
| action_min            | 0        |
| adv_avg               | -1.46    |
| adv_max               | -0.539   |
| adv_med               | -1.41    |
| adv_min               | -3.29    |
| adv_var               | 0.0775   |
| clipfrac              | 0        |
| curr_lr               | 0.0195   |
| entropy               | 0.606    |
| eplenmean             | 263      |
| eprewmean             | 21.5     |
| fps                   | 2.48e+03 |
| grad_norm             | 0.378    |
| kl                    | 0.0141   |
| loss_pi               | -0.0948  |
| loss_v                | 0.00793  |
| lr                    | 0.0195   |
| misc/nupdates         | 1.2e+03  |
| misc/serial_timesteps | 4.92e+06 |
| misc/time_elapsed     | 2.02e+03 |
| misc/total_timesteps  | 4.92e+06 |
| ratio_max             | 1.85     |
| ratio_min             | 0.326    |
| ret_avg               | 0.512    |
| ret_max               | 3.36     |
| ret_med               | 0.277    |
| ret_min               | -1.43    |
| ret_var               | 1.19     |
------------------------------------
------------------------------------
| action_max            | 14       |
| action_min            | 0        |
| adv_avg               | -1.44    |
| adv_max               | -0.666   |
| adv_med               | -1.41    |
| adv_min               | -3.27    |
| adv_var               | 0.0599   |
| clipfrac              | 0        |
| curr_lr               | 0.0195   |
| entropy               | 0.471    |
| eplenmean             | 280      |
| eprewmean             | 23.7     |
| fps                   | 2.42e+03 |
| grad_norm             | 0.755    |
| kl                    | 0.0109   |
| loss_pi               | -0.0894  |
| loss_v                | 0.0112   |
| lr                    | 0.0195   |
| misc/nupdates         | 1.21e+03 |
| misc/serial_timesteps | 4.96e+06 |
| misc/time_elapsed     | 2.04e+03 |
| misc/total_timesteps  | 4.96e+06 |
| ratio_max             | 1.59     |
| ratio_min             | 0.522    |
| ret_avg               | 0.492    |
| ret_max               | 3.82     |
| ret_med               | 0.385    |
| ret_min               | -1.43    |
| ret_var               | 0.826    |
------------------------------------
------------------------------------
| action_max            | 14       |
| action_min            | 0        |
| adv_avg               | -1.43    |
| adv_max               | 0.621    |
| adv_med               | -1.41    |
| adv_min               | -2.85    |
| adv_var               | 0.0719   |
| clipfrac              | 0        |
| curr_lr               | 0.0195   |
| entropy               | 0.585    |
| eplenmean             | 283      |
| eprewmean             | 24.6     |
| fps                   | 2.49e+03 |
| grad_norm             | 0.616    |
| kl                    | 0.0133   |
| loss_pi               | -0.113   |
| loss_v                | 0.00911  |
| lr                    | 0.0195   |
| misc/nupdates         | 1.22e+03 |
| misc/serial_timesteps | 5e+06    |
| misc/time_elapsed     | 2.05e+03 |
| misc/total_timesteps  | 5e+06    |
| ratio_max             | 2.34     |
| ratio_min             | 0.333    |
| ret_avg               | 0.84     |
| ret_max               | 4.55     |
| ret_med               | 0.413    |
| ret_min               | -1.43    |
| ret_var               | 1.82     |
------------------------------------
------------------------------------
| action_max            | 14       |
| action_min            | 0        |
| adv_avg               | -1.45    |
| adv_max               | -0.119   |
| adv_med               | -1.43    |
| adv_min               | -4.5     |
| adv_var               | 0.0792   |
| clipfrac              | 0        |
| curr_lr               | 0.0293   |
| entropy               | 0.569    |
| eplenmean             | 289      |
| eprewmean             | 26.4     |
| fps                   | 2.4e+03  |
| grad_norm             | 0.795    |
| kl                    | 0.0135   |
| loss_pi               | -0.0513  |
| loss_v                | 0.0133   |
| lr                    | 0.0293   |
| misc/nupdates         | 1.23e+03 |
| misc/serial_timesteps | 5.04e+06 |
| misc/time_elapsed     | 2.07e+03 |
| misc/total_timesteps  | 5.04e+06 |
| ratio_max             | 1.93     |
| ratio_min             | 0.37     |
| ret_avg               | 0.78     |
| ret_max               | 4.68     |
| ret_med               | 0.433    |
| ret_min               | -1.43    |
| ret_var               | 1.75     |
------------------------------------
------------------------------------
| action_max            | 14       |
| action_min            | 0        |
| adv_avg               | -1.46    |
| adv_max               | -0.277   |
| adv_med               | -1.42    |
| adv_min               | -3.27    |
| adv_var               | 0.0624   |
| clipfrac              | 0        |
| curr_lr               | 0.0293   |
| entropy               | 0.556    |
| eplenmean             | 267      |
| eprewmean             | 23       |
| fps                   | 2.42e+03 |
| grad_norm             | 0.636    |
| kl                    | 0.021    |
| loss_pi               | -0.0944  |
| loss_v                | 0.00754  |
| lr                    | 0.0293   |
| misc/nupdates         | 1.24e+03 |
| misc/serial_timesteps | 5.08e+06 |
| misc/time_elapsed     | 2.09e+03 |
| misc/total_timesteps  | 5.08e+06 |
| ratio_max             | 2.02     |
| ratio_min             | 0.198    |
| ret_avg               | 0.414    |
| ret_max               | 3.89     |
| ret_med               | 0.306    |
| ret_min               | -1.46    |
| ret_var               | 1.23     |
------------------------------------
------------------------------------
| action_max            | 14       |
| action_min            | 0        |
| adv_avg               | -1.43    |
| adv_max               | -0.642   |
| adv_med               | -1.41    |
| adv_min               | -3.11    |
| adv_var               | 0.059    |
| clipfrac              | 0        |
| curr_lr               | 0.0293   |
| entropy               | 0.595    |
| eplenmean             | 268      |
| eprewmean             | 22       |
| fps                   | 2.37e+03 |
| grad_norm             | 0.833    |
| kl                    | 0.00931  |
| loss_pi               | -0.0383  |
| loss_v                | 0.00881  |
| lr                    | 0.0293   |
| misc/nupdates         | 1.25e+03 |
| misc/serial_timesteps | 5.12e+06 |
| misc/time_elapsed     | 2.1e+03  |
| misc/total_timesteps  | 5.12e+06 |
| ratio_max             | 2.5      |
| ratio_min             | 0.453    |
| ret_avg               | 0.445    |
| ret_max               | 2.46     |
| ret_med               | 0.469    |
| ret_min               | -1.42    |
| ret_var               | 1.1      |
------------------------------------
------------------------------------
| action_max            | 14       |
| action_min            | 0        |
| adv_avg               | -1.43    |
| adv_max               | -0.437   |
| adv_med               | -1.4     |
| adv_min               | -4.3     |
| adv_var               | 0.0703   |
| clipfrac              | 0        |
| curr_lr               | 0.0439   |
| entropy               | 0.487    |
| eplenmean             | 297      |
| eprewmean             | 24.7     |
| fps                   | 2.45e+03 |
| grad_norm             | 1.26     |
| kl                    | 0.0125   |
| loss_pi               | -0.0944  |
| loss_v                | 0.0147   |
| lr                    | 0.0439   |
| misc/nupdates         | 1.26e+03 |
| misc/serial_timesteps | 5.16e+06 |
| misc/time_elapsed     | 2.12e+03 |
| misc/total_timesteps  | 5.16e+06 |
| ratio_max             | 1.48     |
| ratio_min             | 0.221    |
| ret_avg               | 0.587    |
| ret_max               | 2.5      |
| ret_med               | 0.73     |
| ret_min               | -1.42    |
| ret_var               | 1.05     |
------------------------------------
------------------------------------
| action_max            | 14       |
| action_min            | 0        |
| adv_avg               | -1.39    |
| adv_max               | -0.699   |
| adv_med               | -1.38    |
| adv_min               | -2.37    |
| adv_var               | 0.032    |
| clipfrac              | 0        |
| curr_lr               | 0.0293   |
| entropy               | 0.613    |
| eplenmean             | 231      |
| eprewmean             | 19.8     |
| fps                   | 2.49e+03 |
| grad_norm             | 0.82     |
| kl                    | 0.0163   |
| loss_pi               | -0.109   |
| loss_v                | 0.00756  |
| lr                    | 0.0293   |
| misc/nupdates         | 1.27e+03 |
| misc/serial_timesteps | 5.2e+06  |
| misc/time_elapsed     | 2.14e+03 |
| misc/total_timesteps  | 5.2e+06  |
| ratio_max             | 2.82     |
| ratio_min             | 0.268    |
| ret_avg               | 0.45     |
| ret_max               | 3.68     |
| ret_med               | 0.349    |
| ret_min               | -1.42    |
| ret_var               | 1.21     |
------------------------------------
------------------------------------
| action_max            | 14       |
| action_min            | 0        |
| adv_avg               | -1.43    |
| adv_max               | -0.459   |
| adv_med               | -1.42    |
| adv_min               | -2.87    |
| adv_var               | 0.0501   |
| clipfrac              | 0        |
| curr_lr               | 0.0293   |
| entropy               | 0.593    |
| eplenmean             | 239      |
| eprewmean             | 20.5     |
| fps                   | 2.49e+03 |
| grad_norm             | 0.684    |
| kl                    | 0.0234   |
| loss_pi               | -0.0756  |
| loss_v                | 0.00831  |
| lr                    | 0.0293   |
| misc/nupdates         | 1.28e+03 |
| misc/serial_timesteps | 5.24e+06 |
| misc/time_elapsed     | 2.15e+03 |
| misc/total_timesteps  | 5.24e+06 |
| ratio_max             | 2.32     |
| ratio_min             | 0.239    |
| ret_avg               | 0.356    |
| ret_max               | 3.78     |
| ret_med               | 0.257    |
| ret_min               | -1.42    |
| ret_var               | 1.35     |
------------------------------------
------------------------------------
| action_max            | 14       |
| action_min            | 0        |
| adv_avg               | -1.41    |
| adv_max               | -0.616   |
| adv_med               | -1.39    |
| adv_min               | -2.56    |
| adv_var               | 0.0305   |
| clipfrac              | 0        |
| curr_lr               | 0.0293   |
| entropy               | 0.552    |
| eplenmean             | 288      |
| eprewmean             | 25.3     |
| fps                   | 2.23e+03 |
| grad_norm             | 0.857    |
| kl                    | 0.0121   |
| loss_pi               | -0.0716  |
| loss_v                | 0.00654  |
| lr                    | 0.0293   |
| misc/nupdates         | 1.29e+03 |
| misc/serial_timesteps | 5.28e+06 |
| misc/time_elapsed     | 2.17e+03 |
| misc/total_timesteps  | 5.28e+06 |
| ratio_max             | 1.87     |
| ratio_min             | 0.478    |
| ret_avg               | 0.472    |
| ret_max               | 3.71     |
| ret_med               | 0.282    |
| ret_min               | -1.42    |
| ret_var               | 1.26     |
------------------------------------
------------------------------------
| action_max            | 14       |
| action_min            | 0        |
| adv_avg               | -1.44    |
| adv_max               | -0.573   |
| adv_med               | -1.4     |
| adv_min               | -4.08    |
| adv_var               | 0.053    |
| clipfrac              | 0        |
| curr_lr               | 0.0293   |
| entropy               | 0.624    |
| eplenmean             | 281      |
| eprewmean             | 23.1     |
| fps                   | 2.41e+03 |
| grad_norm             | 0.903    |
| kl                    | 0.0242   |
| loss_pi               | -0.0863  |
| loss_v                | 0.01     |
| lr                    | 0.0293   |
| misc/nupdates         | 1.3e+03  |
| misc/serial_timesteps | 5.32e+06 |
| misc/time_elapsed     | 2.19e+03 |
| misc/total_timesteps  | 5.32e+06 |
| ratio_max             | 3.37     |
| ratio_min             | 0.269    |
| ret_avg               | 0.0553   |
| ret_max               | 3.66     |
| ret_med               | -0.0507  |
| ret_min               | -1.45    |
| ret_var               | 0.833    |
------------------------------------
------------------------------------
| action_max            | 14       |
| action_min            | 0        |
| adv_avg               | -1.4     |
| adv_max               | -0.462   |
| adv_med               | -1.4     |
| adv_min               | -2.47    |
| adv_var               | 0.0331   |
| clipfrac              | 0        |
| curr_lr               | 0.0293   |
| entropy               | 0.538    |
| eplenmean             | 289      |
| eprewmean             | 25.1     |
| fps                   | 2.33e+03 |
| grad_norm             | 0.651    |
| kl                    | 0.0147   |
| loss_pi               | -0.0215  |
| loss_v                | 0.00922  |
| lr                    | 0.0293   |
| misc/nupdates         | 1.31e+03 |
| misc/serial_timesteps | 5.37e+06 |
| misc/time_elapsed     | 2.21e+03 |
| misc/total_timesteps  | 5.37e+06 |
| ratio_max             | 1.9      |
| ratio_min             | 0.258    |
| ret_avg               | 0.625    |
| ret_max               | 4.16     |
| ret_med               | 0.235    |
| ret_min               | -1.42    |
| ret_var               | 1.9      |
------------------------------------
------------------------------------
| action_max            | 14       |
| action_min            | 0        |
| adv_avg               | -1.41    |
| adv_max               | -0.288   |
| adv_med               | -1.4     |
| adv_min               | -2.51    |
| adv_var               | 0.0329   |
| clipfrac              | 0        |
| curr_lr               | 0.0195   |
| entropy               | 0.531    |
| eplenmean             | 272      |
| eprewmean             | 20.8     |
| fps                   | 2.39e+03 |
| grad_norm             | 0.397    |
| kl                    | 0.0149   |
| loss_pi               | -0.0408  |
| loss_v                | 0.00562  |
| lr                    | 0.0195   |
| misc/nupdates         | 1.32e+03 |
| misc/serial_timesteps | 5.41e+06 |
| misc/time_elapsed     | 2.22e+03 |
| misc/total_timesteps  | 5.41e+06 |
| ratio_max             | 3.12     |
| ratio_min             | 0.414    |
| ret_avg               | 0.499    |
| ret_max               | 4.11     |
| ret_med               | 0.24     |
| ret_min               | -1.42    |
| ret_var               | 1.31     |
------------------------------------
------------------------------------
| action_max            | 14       |
| action_min            | 0        |
| adv_avg               | -1.45    |
| adv_max               | -0.394   |
| adv_med               | -1.42    |
| adv_min               | -4.66    |
| adv_var               | 0.0632   |
| clipfrac              | 0        |
| curr_lr               | 0.0195   |
| entropy               | 0.5      |
| eplenmean             | 299      |
| eprewmean             | 26.5     |
| fps                   | 2.42e+03 |
| grad_norm             | 0.494    |
| kl                    | 0.0138   |
| loss_pi               | -0.11    |
| loss_v                | 0.0119   |
| lr                    | 0.0195   |
| misc/nupdates         | 1.33e+03 |
| misc/serial_timesteps | 5.45e+06 |
| misc/time_elapsed     | 2.24e+03 |
| misc/total_timesteps  | 5.45e+06 |
| ratio_max             | 1.49     |
| ratio_min             | 0.1      |
| ret_avg               | 0.609    |
| ret_max               | 4.49     |
| ret_med               | 0.348    |
| ret_min               | -1.42    |
| ret_var               | 1.57     |
------------------------------------
------------------------------------
| action_max            | 14       |
| action_min            | 0        |
| adv_avg               | -1.4     |
| adv_max               | -0.506   |
| adv_med               | -1.39    |
| adv_min               | -2.83    |
| adv_var               | 0.0366   |
| clipfrac              | 0        |
| curr_lr               | 0.0293   |
| entropy               | 0.468    |
| eplenmean             | 298      |
| eprewmean             | 25       |
| fps                   | 2.4e+03  |
| grad_norm             | 1.18     |
| kl                    | 0.00658  |
| loss_pi               | -0.0933  |
| loss_v                | 0.00874  |
| lr                    | 0.0293   |
| misc/nupdates         | 1.34e+03 |
| misc/serial_timesteps | 5.49e+06 |
| misc/time_elapsed     | 2.26e+03 |
| misc/total_timesteps  | 5.49e+06 |
| ratio_max             | 1.85     |
| ratio_min             | 0.463    |
| ret_avg               | 0.844    |
| ret_max               | 4.62     |
| ret_med               | 0.411    |
| ret_min               | -1.42    |
| ret_var               | 2.09     |
------------------------------------
------------------------------------
| action_max            | 14       |
| action_min            | 0        |
| adv_avg               | -1.4     |
| adv_max               | -0.507   |
| adv_med               | -1.38    |
| adv_min               | -2.76    |
| adv_var               | 0.044    |
| clipfrac              | 0        |
| curr_lr               | 0.0439   |
| entropy               | 0.732    |
| eplenmean             | 315      |
| eprewmean             | 27.2     |
| fps                   | 2.35e+03 |
| grad_norm             | 0.723    |
| kl                    | 0.0419   |
| loss_pi               | -0.0456  |
| loss_v                | 0.00873  |
| lr                    | 0.0293   |
| misc/nupdates         | 1.35e+03 |
| misc/serial_timesteps | 5.53e+06 |
| misc/time_elapsed     | 2.28e+03 |
| misc/total_timesteps  | 5.53e+06 |
| ratio_max             | 5.74     |
| ratio_min             | 0.1      |
| ret_avg               | 0.483    |
| ret_max               | 3.72     |
| ret_med               | 0.197    |
| ret_min               | -1.42    |
| ret_var               | 1.27     |
------------------------------------
------------------------------------
| action_max            | 14       |
| action_min            | 0        |
| adv_avg               | -1.41    |
| adv_max               | -0.336   |
| adv_med               | -1.4     |
| adv_min               | -2.98    |
| adv_var               | 0.0598   |
| clipfrac              | 0        |
| curr_lr               | 0.0293   |
| entropy               | 0.57     |
| eplenmean             | 269      |
| eprewmean             | 23.2     |
| fps                   | 2.41e+03 |
| grad_norm             | 0.949    |
| kl                    | 0.00983  |
| loss_pi               | -0.0681  |
| loss_v                | 0.00958  |
| lr                    | 0.0293   |
| misc/nupdates         | 1.36e+03 |
| misc/serial_timesteps | 5.57e+06 |
| misc/time_elapsed     | 2.29e+03 |
| misc/total_timesteps  | 5.57e+06 |
| ratio_max             | 2.03     |
| ratio_min             | 0.494    |
| ret_avg               | 0.496    |
| ret_max               | 3.81     |
| ret_med               | 0.295    |
| ret_min               | -1.42    |
| ret_var               | 1.06     |
------------------------------------
------------------------------------
| action_max            | 14       |
| action_min            | 0        |
| adv_avg               | -1.4     |
| adv_max               | -0.536   |
| adv_med               | -1.37    |
| adv_min               | -2.91    |
| adv_var               | 0.0425   |
| clipfrac              | 0        |
| curr_lr               | 0.0293   |
| entropy               | 0.474    |
| eplenmean             | 283      |
| eprewmean             | 24.6     |
| fps                   | 2.33e+03 |
| grad_norm             | 1.78     |
| kl                    | 0.00531  |
| loss_pi               | -0.127   |
| loss_v                | 0.0112   |
| lr                    | 0.0293   |
| misc/nupdates         | 1.37e+03 |
| misc/serial_timesteps | 5.61e+06 |
| misc/time_elapsed     | 2.31e+03 |
| misc/total_timesteps  | 5.61e+06 |
| ratio_max             | 2.84     |
| ratio_min             | 0.577    |
| ret_avg               | 0.898    |
| ret_max               | 3.89     |
| ret_med               | 0.598    |
| ret_min               | -1.42    |
| ret_var               | 2.09     |
------------------------------------
------------------------------------
| action_max            | 14       |
| action_min            | 0        |
| adv_avg               | -1.4     |
| adv_max               | -0.653   |
| adv_med               | -1.38    |
| adv_min               | -2.6     |
| adv_var               | 0.0347   |
| clipfrac              | 0        |
| curr_lr               | 0.0293   |
| entropy               | 0.563    |
| eplenmean             | 288      |
| eprewmean             | 25.8     |
| fps                   | 2.36e+03 |
| grad_norm             | 0.671    |
| kl                    | 0.0148   |
| loss_pi               | -0.0955  |
| loss_v                | 0.0073   |
| lr                    | 0.0293   |
| misc/nupdates         | 1.38e+03 |
| misc/serial_timesteps | 5.65e+06 |
| misc/time_elapsed     | 2.33e+03 |
| misc/total_timesteps  | 5.65e+06 |
| ratio_max             | 1.95     |
| ratio_min             | 0.278    |
| ret_avg               | 0.362    |
| ret_max               | 3.32     |
| ret_med               | 0.174    |
| ret_min               | -1.42    |
| ret_var               | 0.94     |
------------------------------------
------------------------------------
| action_max            | 14       |
| action_min            | 0        |
| adv_avg               | -1.39    |
| adv_max               | -0.384   |
| adv_med               | -1.37    |
| adv_min               | -2.63    |
| adv_var               | 0.04     |
| clipfrac              | 0        |
| curr_lr               | 0.0293   |
| entropy               | 0.634    |
| eplenmean             | 283      |
| eprewmean             | 23.5     |
| fps                   | 2.38e+03 |
| grad_norm             | 0.585    |
| kl                    | 0.0313   |
| loss_pi               | -0.074   |
| loss_v                | 0.00715  |
| lr                    | 0.0293   |
| misc/nupdates         | 1.39e+03 |
| misc/serial_timesteps | 5.69e+06 |
| misc/time_elapsed     | 2.34e+03 |
| misc/total_timesteps  | 5.69e+06 |
| ratio_max             | 3.41     |
| ratio_min             | 0.1      |
| ret_avg               | 0.286    |
| ret_max               | 2.25     |
| ret_med               | 0.311    |
| ret_min               | -1.42    |
| ret_var               | 0.665    |
------------------------------------
------------------------------------
| action_max            | 14       |
| action_min            | 0        |
| adv_avg               | -1.42    |
| adv_max               | -0.762   |
| adv_med               | -1.4     |
| adv_min               | -2.9     |
| adv_var               | 0.03     |
| clipfrac              | 0        |
| curr_lr               | 0.0293   |
| entropy               | 0.477    |
| eplenmean             | 269      |
| eprewmean             | 23.8     |
| fps                   | 2.35e+03 |
| grad_norm             | 0.757    |
| kl                    | 0.0137   |
| loss_pi               | -0.136   |
| loss_v                | 0.00504  |
| lr                    | 0.0293   |
| misc/nupdates         | 1.4e+03  |
| misc/serial_timesteps | 5.73e+06 |
| misc/time_elapsed     | 2.36e+03 |
| misc/total_timesteps  | 5.73e+06 |
| ratio_max             | 1.62     |
| ratio_min             | 0.296    |
| ret_avg               | 0.357    |
| ret_max               | 3.44     |
| ret_med               | 0.285    |
| ret_min               | -1.42    |
| ret_var               | 1.05     |
------------------------------------
------------------------------------
| action_max            | 14       |
| action_min            | 0        |
| adv_avg               | -1.39    |
| adv_max               | -0.448   |
| adv_med               | -1.39    |
| adv_min               | -3.63    |
| adv_var               | 0.0401   |
| clipfrac              | 0        |
| curr_lr               | 0.0293   |
| entropy               | 0.59     |
| eplenmean             | 289      |
| eprewmean             | 25.9     |
| fps                   | 2.37e+03 |
| grad_norm             | 0.827    |
| kl                    | 0.0188   |
| loss_pi               | -0.0687  |
| loss_v                | 0.00751  |
| lr                    | 0.0293   |
| misc/nupdates         | 1.41e+03 |
| misc/serial_timesteps | 5.78e+06 |
| misc/time_elapsed     | 2.38e+03 |
| misc/total_timesteps  | 5.78e+06 |
| ratio_max             | 1.73     |
| ratio_min             | 0.111    |
| ret_avg               | 0.662    |
| ret_max               | 3.18     |
| ret_med               | 0.613    |
| ret_min               | -1.49    |
| ret_var               | 1.16     |
------------------------------------
------------------------------------
| action_max            | 14       |
| action_min            | 0        |
| adv_avg               | -1.42    |
| adv_max               | -0.459   |
| adv_med               | -1.4     |
| adv_min               | -2.98    |
| adv_var               | 0.0475   |
| clipfrac              | 0        |
| curr_lr               | 0.0293   |
| entropy               | 0.656    |
| eplenmean             | 286      |
| eprewmean             | 24       |
| fps                   | 2.41e+03 |
| grad_norm             | 0.561    |
| kl                    | 0.0273   |
| loss_pi               | -0.0363  |
| loss_v                | 0.00693  |
| lr                    | 0.0293   |
| misc/nupdates         | 1.42e+03 |
| misc/serial_timesteps | 5.82e+06 |
| misc/time_elapsed     | 2.4e+03  |
| misc/total_timesteps  | 5.82e+06 |
| ratio_max             | 4.36     |
| ratio_min             | 0.341    |
| ret_avg               | 0.427    |
| ret_max               | 3.67     |
| ret_med               | 0.244    |
| ret_min               | -1.43    |
| ret_var               | 1.17     |
------------------------------------
------------------------------------
| action_max            | 14       |
| action_min            | 0        |
| adv_avg               | -1.44    |
| adv_max               | 0.205    |
| adv_med               | -1.42    |
| adv_min               | -3.78    |
| adv_var               | 0.0685   |
| clipfrac              | 0        |
| curr_lr               | 0.0195   |
| entropy               | 0.597    |
| eplenmean             | 241      |
| eprewmean             | 20.9     |
| fps                   | 2.32e+03 |
| grad_norm             | 0.484    |
| kl                    | 0.0147   |
| loss_pi               | -0.0878  |
| loss_v                | 0.00929  |
| lr                    | 0.0195   |
| misc/nupdates         | 1.43e+03 |
| misc/serial_timesteps | 5.86e+06 |
| misc/time_elapsed     | 2.41e+03 |
| misc/total_timesteps  | 5.86e+06 |
| ratio_max             | 2.11     |
| ratio_min             | 0.346    |
| ret_avg               | 0.45     |
| ret_max               | 3.43     |
| ret_med               | 0.307    |
| ret_min               | -1.43    |
| ret_var               | 1.27     |
------------------------------------
------------------------------------
| action_max            | 14       |
| action_min            | 0        |
| adv_avg               | -1.44    |
| adv_max               | -0.388   |
| adv_med               | -1.42    |
| adv_min               | -2.86    |
| adv_var               | 0.0475   |
| clipfrac              | 0        |
| curr_lr               | 0.0195   |
| entropy               | 0.635    |
| eplenmean             | 304      |
| eprewmean             | 27.6     |
| fps                   | 2.3e+03  |
| grad_norm             | 0.365    |
| kl                    | 0.0136   |
| loss_pi               | -0.0925  |
| loss_v                | 0.00461  |
| lr                    | 0.0195   |
| misc/nupdates         | 1.44e+03 |
| misc/serial_timesteps | 5.9e+06  |
| misc/time_elapsed     | 2.43e+03 |
| misc/total_timesteps  | 5.9e+06  |
| ratio_max             | 1.77     |
| ratio_min             | 0.42     |
| ret_avg               | 0.334    |
| ret_max               | 3.8      |
| ret_med               | 0.203    |
| ret_min               | -1.43    |
| ret_var               | 1.2      |
------------------------------------
------------------------------------
| action_max            | 14       |
| action_min            | 0        |
| adv_avg               | -1.42    |
| adv_max               | -0.388   |
| adv_med               | -1.4     |
| adv_min               | -3.19    |
| adv_var               | 0.0506   |
| clipfrac              | 0        |
| curr_lr               | 0.0293   |
| entropy               | 0.388    |
| eplenmean             | 316      |
| eprewmean             | 29.3     |
| fps                   | 2.35e+03 |
| grad_norm             | 1.61     |
| kl                    | 0.0083   |
| loss_pi               | -0.0781  |
| loss_v                | 0.0121   |
| lr                    | 0.0293   |
| misc/nupdates         | 1.45e+03 |
| misc/serial_timesteps | 5.94e+06 |
| misc/time_elapsed     | 2.45e+03 |
| misc/total_timesteps  | 5.94e+06 |
| ratio_max             | 1.59     |
| ratio_min             | 0.488    |
| ret_avg               | 1.41     |
| ret_max               | 4.95     |
| ret_med               | 1.15     |
| ret_min               | -1.42    |
| ret_var               | 2.69     |
------------------------------------
------------------------------------
| action_max            | 14       |
| action_min            | 0        |
| adv_avg               | -1.41    |
| adv_max               | -0.513   |
| adv_med               | -1.4     |
| adv_min               | -2.62    |
| adv_var               | 0.0335   |
| clipfrac              | 0        |
| curr_lr               | 0.0293   |
| entropy               | 0.517    |
| eplenmean             | 306      |
| eprewmean             | 26.7     |
| fps                   | 2.36e+03 |
| grad_norm             | 0.825    |
| kl                    | 0.0127   |
| loss_pi               | -0.144   |
| loss_v                | 0.00594  |
| lr                    | 0.0293   |
| misc/nupdates         | 1.46e+03 |
| misc/serial_timesteps | 5.98e+06 |
| misc/time_elapsed     | 2.47e+03 |
| misc/total_timesteps  | 5.98e+06 |
| ratio_max             | 1.61     |
| ratio_min             | 0.349    |
| ret_avg               | 0.664    |
| ret_max               | 4.37     |
| ret_med               | 0.412    |
| ret_min               | -1.42    |
| ret_var               | 1.87     |
------------------------------------
