Setting seed: 3
Logging to logs/shared.ppo.karzmarz_False.resnet.dropout_0.0.damping_0.1.lr_0.001/miner-easy-0-10.20260720-230735_3
creating environment
Running on device: cuda:0
training...

Number of parameters: 938979.0

------------------------------------
| action_max            | 14       |
| action_min            | 0        |
| adv_avg               | -0.562   |
| adv_max               | 3.04     |
| adv_med               | -0.577   |
| adv_min               | -7.96    |
| adv_var               | 0.34     |
| clipfrac              | 0.199    |
| curr_lr               | 0.001    |
| entropy               | 2.61     |
| eplenmean             | 379      |
| eprewmean             | 1.12     |
| fps                   | 5.99e+03 |
| grad_norm             | 1.84     |
| kl                    | 0.0208   |
| loss_pi               | -0.0211  |
| loss_v                | 0.23     |
| lr                    | 0.001    |
| misc/nupdates         | 9        |
| misc/serial_timesteps | 4.1e+04  |
| misc/time_elapsed     | 7.3      |
| misc/total_timesteps  | 4.1e+04  |
| ratio_max             | 2.15     |
| ratio_min             | 0.514    |
| ret_avg               | 0.348    |
| ret_max               | 5.67     |
| ret_med               | 0.0853   |
| ret_min               | -0.57    |
| ret_var               | 1.18     |
------------------------------------
------------------------------------
| action_max            | 14       |
| action_min            | 0        |
| adv_avg               | -0.757   |
| adv_max               | 1.63     |
| adv_med               | -0.733   |
| adv_min               | -5.15    |
| adv_var               | 0.147    |
| clipfrac              | 0.203    |
| curr_lr               | 0.001    |
| entropy               | 2.5      |
| eplenmean             | 472      |
| eprewmean             | 1.12     |
| fps                   | 6.01e+03 |
| grad_norm             | 1.76     |
| kl                    | 0.0291   |
| loss_pi               | -0.0142  |
| loss_v                | 0.0856   |
| lr                    | 0.001    |
| misc/nupdates         | 19       |
| misc/serial_timesteps | 8.19e+04 |
| misc/time_elapsed     | 14.2     |
| misc/total_timesteps  | 8.19e+04 |
| ratio_max             | 6.96     |
| ratio_min             | 0.186    |
| ret_avg               | 0.735    |
| ret_max               | 5.93     |
| ret_med               | 0.179    |
| ret_min               | -0.714   |
| ret_var               | 2.28     |
------------------------------------
------------------------------------
| action_max            | 14       |
| action_min            | 0        |
| adv_avg               | -0.862   |
| adv_max               | 1.77     |
| adv_med               | -0.871   |
| adv_min               | -3.92    |
| adv_var               | 0.146    |
| clipfrac              | 0.305    |
| curr_lr               | 0.001    |
| entropy               | 2.54     |
| eplenmean             | 630      |
| eprewmean             | 1.4      |
| fps                   | 6.22e+03 |
| grad_norm             | 3.83     |
| kl                    | 0.0265   |
| loss_pi               | -0.0154  |
| loss_v                | 0.0887   |
| lr                    | 0.001    |
| misc/nupdates         | 29       |
| misc/serial_timesteps | 1.23e+05 |
| misc/time_elapsed     | 20.7     |
| misc/total_timesteps  | 1.23e+05 |
| ratio_max             | 2.41     |
| ratio_min             | 0.557    |
| ret_avg               | 0.677    |
| ret_max               | 3.88     |
| ret_med               | 0.362    |
| ret_min               | -0.843   |
| ret_var               | 1.17     |
------------------------------------
------------------------------------
| action_max            | 14       |
| action_min            | 0        |
| adv_avg               | -0.936   |
| adv_max               | 1.1      |
| adv_med               | -0.937   |
| adv_min               | -4.01    |
| adv_var               | 0.0553   |
| clipfrac              | 0.338    |
| curr_lr               | 0.001    |
| entropy               | 2.46     |
| eplenmean             | 553      |
| eprewmean             | 1.4      |
| fps                   | 6e+03    |
| grad_norm             | 0.924    |
| kl                    | 0.0236   |
| loss_pi               | -0.0205  |
| loss_v                | 0.0239   |
| lr                    | 0.001    |
| misc/nupdates         | 39       |
| misc/serial_timesteps | 1.64e+05 |
| misc/time_elapsed     | 27.5     |
| misc/total_timesteps  | 1.64e+05 |
| ratio_max             | 2.34     |
| ratio_min             | 0.575    |
| ret_avg               | 0.235    |
| ret_max               | 3.21     |
| ret_med               | 0.00906  |
| ret_min               | -0.923   |
| ret_var               | 0.526    |
------------------------------------
------------------------------------
| action_max            | 14       |
| action_min            | 0        |
| adv_avg               | -0.752   |
| adv_max               | 0.601    |
| adv_med               | -0.725   |
| adv_min               | -4.33    |
| adv_var               | 0.0604   |
| clipfrac              | 0.221    |
| curr_lr               | 0.001    |
| entropy               | 2.43     |
| eplenmean             | 630      |
| eprewmean             | 1.83     |
| fps                   | 6.23e+03 |
| grad_norm             | 3.12     |
| kl                    | 0.0313   |
| loss_pi               | -0.0329  |
| loss_v                | 0.0417   |
| lr                    | 0.001    |
| misc/nupdates         | 49       |
| misc/serial_timesteps | 2.05e+05 |
| misc/time_elapsed     | 34.3     |
| misc/total_timesteps  | 2.05e+05 |
| ratio_max             | 2.47     |
| ratio_min             | 0.562    |
| ret_avg               | 0.659    |
| ret_max               | 7.09     |
| ret_med               | -0.158   |
| ret_min               | -0.714   |
| ret_var               | 3.51     |
------------------------------------
------------------------------------
| action_max            | 14       |
| action_min            | 0        |
| adv_avg               | -0.726   |
| adv_max               | 8.68     |
| adv_med               | -0.764   |
| adv_min               | -2.49    |
| adv_var               | 0.256    |
| clipfrac              | 0.242    |
| curr_lr               | 0.001    |
| entropy               | 2.42     |
| eplenmean             | 664      |
| eprewmean             | 1.62     |
| fps                   | 5.95e+03 |
| grad_norm             | 2.87     |
| kl                    | 0.0169   |
| loss_pi               | -0.00418 |
| loss_v                | 0.171    |
| lr                    | 0.001    |
| misc/nupdates         | 59       |
| misc/serial_timesteps | 2.46e+05 |
| misc/time_elapsed     | 41.1     |
| misc/total_timesteps  | 2.46e+05 |
| ratio_max             | 1.83     |
| ratio_min             | 0.334    |
| ret_avg               | 0.0619   |
| ret_max               | 11.1     |
| ret_med               | -0.306   |
| ret_min               | -0.754   |
| ret_var               | 1.06     |
------------------------------------
------------------------------------
| action_max            | 14       |
| action_min            | 0        |
| adv_avg               | -0.826   |
| adv_max               | 0.087    |
| adv_med               | -0.81    |
| adv_min               | -2.91    |
| adv_var               | 0.0185   |
| clipfrac              | 0.211    |
| curr_lr               | 0.001    |
| entropy               | 2.36     |
| eplenmean             | 676      |
| eprewmean             | 1.34     |
| fps                   | 5.92e+03 |
| grad_norm             | 0.456    |
| kl                    | 0.0206   |
| loss_pi               | -0.00865 |
| loss_v                | 0.0107   |
| lr                    | 0.001    |
| misc/nupdates         | 69       |
| misc/serial_timesteps | 2.87e+05 |
| misc/time_elapsed     | 47.8     |
| misc/total_timesteps  | 2.87e+05 |
| ratio_max             | 2.57     |
| ratio_min             | 0.49     |
| ret_avg               | 0.0193   |
| ret_max               | 1.77     |
| ret_med               | -0.191   |
| ret_min               | -0.797   |
| ret_var               | 0.377    |
------------------------------------
------------------------------------
| action_max            | 14       |
| action_min            | 0        |
| adv_avg               | -0.812   |
| adv_max               | 0.414    |
| adv_med               | -0.811   |
| adv_min               | -1.47    |
| adv_var               | 0.0116   |
| clipfrac              | 0.246    |
| curr_lr               | 0.001    |
| entropy               | 2.39     |
| eplenmean             | 738      |
| eprewmean             | 1.29     |
| fps                   | 5.95e+03 |
| grad_norm             | 0.582    |
| kl                    | 0.0175   |
| loss_pi               | -0.0152  |
| loss_v                | 0.00916  |
| lr                    | 0.001    |
| misc/nupdates         | 79       |
| misc/serial_timesteps | 3.28e+05 |
| misc/time_elapsed     | 54.7     |
| misc/total_timesteps  | 3.28e+05 |
| ratio_max             | 1.62     |
| ratio_min             | 0.33     |
| ret_avg               | -0.167   |
| ret_max               | 3.09     |
| ret_med               | -0.561   |
| ret_min               | -0.806   |
| ret_var               | 0.596    |
------------------------------------
------------------------------------
| action_max            | 14       |
| action_min            | 0        |
| adv_avg               | -0.827   |
| adv_max               | 0.431    |
| adv_med               | -0.82    |
| adv_min               | -1.98    |
| adv_var               | 0.0139   |
| clipfrac              | 0.178    |
| curr_lr               | 0.001    |
| entropy               | 2.22     |
| eplenmean             | 789      |
| eprewmean             | 1.36     |
| fps                   | 5.93e+03 |
| grad_norm             | 0.687    |
| kl                    | 0.0168   |
| loss_pi               | -0.0139  |
| loss_v                | 0.00906  |
| lr                    | 0.001    |
| misc/nupdates         | 89       |
| misc/serial_timesteps | 3.69e+05 |
| misc/time_elapsed     | 61.6     |
| misc/total_timesteps  | 3.69e+05 |
| ratio_max             | 1.99     |
| ratio_min             | 0.623    |
| ret_avg               | -0.239   |
| ret_max               | 1.04     |
| ret_med               | -0.551   |
| ret_min               | -0.911   |
| ret_var               | 0.305    |
------------------------------------
------------------------------------
| action_max            | 14       |
| action_min            | 0        |
| adv_avg               | -0.828   |
| adv_max               | 0.619    |
| adv_med               | -0.816   |
| adv_min               | -1.5     |
| adv_var               | 0.00952  |
| clipfrac              | 0.213    |
| curr_lr               | 0.001    |
| entropy               | 2.18     |
| eplenmean             | 818      |
| eprewmean             | 1.33     |
| fps                   | 6.25e+03 |
| grad_norm             | 0.325    |
| kl                    | 0.0208   |
| loss_pi               | -0.0176  |
| loss_v                | 0.00687  |
| lr                    | 0.001    |
| misc/nupdates         | 99       |
| misc/serial_timesteps | 4.1e+05  |
| misc/time_elapsed     | 68.3     |
| misc/total_timesteps  | 4.1e+05  |
| ratio_max             | 2.25     |
| ratio_min             | 0.432    |
| ret_avg               | -0.34    |
| ret_max               | 1.06     |
| ret_med               | -0.298   |
| ret_min               | -0.835   |
| ret_var               | 0.138    |
------------------------------------
------------------------------------
| action_max            | 14       |
| action_min            | 0        |
| adv_avg               | -0.819   |
| adv_max               | 0.469    |
| adv_med               | -0.823   |
| adv_min               | -1.27    |
| adv_var               | 0.00544  |
| clipfrac              | 0.221    |
| curr_lr               | 0.001    |
| entropy               | 2.15     |
| eplenmean             | 845      |
| eprewmean             | 1.31     |
| fps                   | 6.14e+03 |
| grad_norm             | 0.464    |
| kl                    | 0.0174   |
| loss_pi               | -0.0143  |
| loss_v                | 0.0104   |
| lr                    | 0.001    |
| misc/nupdates         | 109      |
| misc/serial_timesteps | 4.51e+05 |
| misc/time_elapsed     | 75       |
| misc/total_timesteps  | 4.51e+05 |
| ratio_max             | 1.69     |
| ratio_min             | 0.484    |
| ret_avg               | -0.438   |
| ret_max               | 2.03     |
| ret_med               | -0.477   |
| ret_min               | -0.917   |
| ret_var               | 0.085    |
------------------------------------
------------------------------------
| action_max            | 14       |
| action_min            | 0        |
| adv_avg               | -0.825   |
| adv_max               | 0.525    |
| adv_med               | -0.812   |
| adv_min               | -1.69    |
| adv_var               | 0.0102   |
| clipfrac              | 0.229    |
| curr_lr               | 0.001    |
| entropy               | 2.19     |
| eplenmean             | 770      |
| eprewmean             | 1.46     |
| fps                   | 6.24e+03 |
| grad_norm             | 0.61     |
| kl                    | 0.0172   |
| loss_pi               | -0.00962 |
| loss_v                | 0.00874  |
| lr                    | 0.001    |
| misc/nupdates         | 119      |
| misc/serial_timesteps | 4.92e+05 |
| misc/time_elapsed     | 81.7     |
| misc/total_timesteps  | 4.92e+05 |
| ratio_max             | 2.58     |
| ratio_min             | 0.587    |
| ret_avg               | -0.339   |
| ret_max               | 2.16     |
| ret_med               | -0.612   |
| ret_min               | -1.21    |
| ret_var               | 0.457    |
------------------------------------
------------------------------------
| action_max            | 14       |
| action_min            | 0        |
| adv_avg               | -0.707   |
| adv_max               | 13.7     |
| adv_med               | -0.792   |
| adv_min               | -1.42    |
| adv_var               | 0.52     |
| clipfrac              | 0.225    |
| curr_lr               | 0.001    |
| entropy               | 2.39     |
| eplenmean             | 748      |
| eprewmean             | 1.75     |
| fps                   | 5.96e+03 |
| grad_norm             | 1.99     |
| kl                    | 0.0466   |
| loss_pi               | 0.0199   |
| loss_v                | 0.0723   |
| lr                    | 0.001    |
| misc/nupdates         | 129      |
| misc/serial_timesteps | 5.32e+05 |
| misc/time_elapsed     | 88.4     |
| misc/total_timesteps  | 5.32e+05 |
| ratio_max             | 3.66     |
| ratio_min             | 0.105    |
| ret_avg               | -0.289   |
| ret_max               | 13.6     |
| ret_med               | -0.643   |
| ret_min               | -0.841   |
| ret_var               | 0.883    |
------------------------------------
------------------------------------
| action_max            | 14       |
| action_min            | 0        |
| adv_avg               | -0.69    |
| adv_max               | 13.6     |
| adv_med               | -0.772   |
| adv_min               | -1.21    |
| adv_var               | 0.509    |
| clipfrac              | 0.264    |
| curr_lr               | 0.001    |
| entropy               | 2.45     |
| eplenmean             | 714      |
| eprewmean             | 1.81     |
| fps                   | 5.89e+03 |
| grad_norm             | 1.98     |
| kl                    | 0.0368   |
| loss_pi               | 0.00861  |
| loss_v                | 0.126    |
| lr                    | 0.001    |
| misc/nupdates         | 139      |
| misc/serial_timesteps | 5.73e+05 |
| misc/time_elapsed     | 95.3     |
| misc/total_timesteps  | 5.73e+05 |
| ratio_max             | 3.52     |
| ratio_min             | 0.186    |
| ret_avg               | -0.461   |
| ret_max               | 13.9     |
| ret_med               | -0.657   |
| ret_min               | -0.947   |
| ret_var               | 0.758    |
------------------------------------
------------------------------------
| action_max            | 14       |
| action_min            | 0        |
| adv_avg               | -0.741   |
| adv_max               | 0.652    |
| adv_med               | -0.745   |
| adv_min               | -2.66    |
| adv_var               | 0.0399   |
| clipfrac              | 0.0996   |
| curr_lr               | 0.001    |
| entropy               | 2.4      |
| eplenmean             | 714      |
| eprewmean             | 1.99     |
| fps                   | 6.04e+03 |
| grad_norm             | 2.19     |
| kl                    | 0.0114   |
| loss_pi               | -0.00322 |
| loss_v                | 0.0204   |
| lr                    | 0.001    |
| misc/nupdates         | 149      |
| misc/serial_timesteps | 6.14e+05 |
| misc/time_elapsed     | 102      |
| misc/total_timesteps  | 6.14e+05 |
| ratio_max             | 1.75     |
| ratio_min             | 0.241    |
| ret_avg               | 1.2      |
| ret_max               | 7.51     |
| ret_med               | 0.273    |
| ret_min               | -0.793   |
| ret_var               | 5.24     |
------------------------------------
------------------------------------
| action_max            | 14       |
| action_min            | 0        |
| adv_avg               | -0.682   |
| adv_max               | 11.1     |
| adv_med               | -0.731   |
| adv_min               | -1.96    |
| adv_var               | 0.367    |
| clipfrac              | 0.219    |
| curr_lr               | 0.001    |
| entropy               | 2.48     |
| eplenmean             | 598      |
| eprewmean             | 2.21     |
| fps                   | 5.95e+03 |
| grad_norm             | 3.62     |
| kl                    | 0.0236   |
| loss_pi               | -0.019   |
| loss_v                | 0.0681   |
| lr                    | 0.001    |
| misc/nupdates         | 159      |
| misc/serial_timesteps | 6.55e+05 |
| misc/time_elapsed     | 109      |
| misc/total_timesteps  | 6.55e+05 |
| ratio_max             | 2.75     |
| ratio_min             | 0.431    |
| ret_avg               | 0.311    |
| ret_max               | 12.6     |
| ret_med               | -0.0866  |
| ret_min               | -0.829   |
| ret_var               | 2.09     |
------------------------------------
------------------------------------
| action_max            | 14       |
| action_min            | 0        |
| adv_avg               | -0.687   |
| adv_max               | 1        |
| adv_med               | -0.723   |
| adv_min               | -4.43    |
| adv_var               | 0.0449   |
| clipfrac              | 0.174    |
| curr_lr               | 0.001    |
| entropy               | 2.4      |
| eplenmean             | 623      |
| eprewmean             | 2.08     |
| fps                   | 6.27e+03 |
| grad_norm             | 0.468    |
| kl                    | 0.0161   |
| loss_pi               | -0.0212  |
| loss_v                | 0.0137   |
| lr                    | 0.001    |
| misc/nupdates         | 169      |
| misc/serial_timesteps | 6.96e+05 |
| misc/time_elapsed     | 116      |
| misc/total_timesteps  | 6.96e+05 |
| ratio_max             | 1.84     |
| ratio_min             | 0.556    |
| ret_avg               | -0.0833  |
| ret_max               | 3.18     |
| ret_med               | -0.319   |
| ret_min               | -0.721   |
| ret_var               | 0.55     |
------------------------------------
------------------------------------
| action_max            | 14       |
| action_min            | 0        |
| adv_avg               | -0.72    |
| adv_max               | 0.789    |
| adv_med               | -0.722   |
| adv_min               | -2.11    |
| adv_var               | 0.0171   |
| clipfrac              | 0.227    |
| curr_lr               | 0.001    |
| entropy               | 2.35     |
| eplenmean             | 638      |
| eprewmean             | 1.95     |
| fps                   | 6.04e+03 |
| grad_norm             | 0.438    |
| kl                    | 0.0146   |
| loss_pi               | -0.0233  |
| loss_v                | 0.0123   |
| lr                    | 0.001    |
| misc/nupdates         | 179      |
| misc/serial_timesteps | 7.37e+05 |
| misc/time_elapsed     | 122      |
| misc/total_timesteps  | 7.37e+05 |
| ratio_max             | 2.41     |
| ratio_min             | 0.298    |
| ret_avg               | -0.325   |
| ret_max               | 2.43     |
| ret_med               | -0.57    |
| ret_min               | -0.843   |
| ret_var               | 0.412    |
------------------------------------
------------------------------------
| action_max            | 14       |
| action_min            | 0        |
| adv_avg               | -0.724   |
| adv_max               | 0.675    |
| adv_med               | -0.713   |
| adv_min               | -3.89    |
| adv_var               | 0.0291   |
| clipfrac              | 0.178    |
| curr_lr               | 0.001    |
| entropy               | 2.17     |
| eplenmean             | 638      |
| eprewmean             | 1.98     |
| fps                   | 6.04e+03 |
| grad_norm             | 0.25     |
| kl                    | 0.0152   |
| loss_pi               | -0.022   |
| loss_v                | 0.00992  |
| lr                    | 0.001    |
| misc/nupdates         | 189      |
| misc/serial_timesteps | 7.78e+05 |
| misc/time_elapsed     | 129      |
| misc/total_timesteps  | 7.78e+05 |
| ratio_max             | 1.61     |
| ratio_min             | 0.51     |
| ret_avg               | -0.296   |
| ret_max               | 2.25     |
| ret_med               | -0.508   |
| ret_min               | -0.747   |
| ret_var               | 0.34     |
------------------------------------
------------------------------------
| action_max            | 14       |
| action_min            | 0        |
| adv_avg               | -0.641   |
| adv_max               | 10.7     |
| adv_med               | -0.715   |
| adv_min               | -1.64    |
| adv_var               | 0.474    |
| clipfrac              | 0.145    |
| curr_lr               | 0.001    |
| entropy               | 2.3      |
| eplenmean             | 650      |
| eprewmean             | 2.15     |
| fps                   | 5.99e+03 |
| grad_norm             | 2.46     |
| kl                    | 0.0124   |
| loss_pi               | -0.0154  |
| loss_v                | 0.0352   |
| lr                    | 0.001    |
| misc/nupdates         | 199      |
| misc/serial_timesteps | 8.19e+05 |
| misc/time_elapsed     | 136      |
| misc/total_timesteps  | 8.19e+05 |
| ratio_max             | 1.75     |
| ratio_min             | 0.509    |
| ret_avg               | 0.302    |
| ret_max               | 13.5     |
| ret_med               | -0.208   |
| ret_min               | -0.712   |
| ret_var               | 2.29     |
------------------------------------
------------------------------------
| action_max            | 14       |
| action_min            | 0        |
| adv_avg               | -0.691   |
| adv_max               | 0.598    |
| adv_med               | -0.698   |
| adv_min               | -2.34    |
| adv_var               | 0.023    |
| clipfrac              | 0.277    |
| curr_lr               | 0.001    |
| entropy               | 2.08     |
| eplenmean             | 701      |
| eprewmean             | 2.03     |
| fps                   | 6.24e+03 |
| grad_norm             | 0.474    |
| kl                    | 0.0211   |
| loss_pi               | -0.0158  |
| loss_v                | 0.00933  |
| lr                    | 0.001    |
| misc/nupdates         | 209      |
| misc/serial_timesteps | 8.6e+05  |
| misc/time_elapsed     | 143      |
| misc/total_timesteps  | 8.6e+05  |
| ratio_max             | 3.45     |
| ratio_min             | 0.568    |
| ret_avg               | 0.255    |
| ret_max               | 6.68     |
| ret_med               | -0.218   |
| ret_min               | -0.759   |
| ret_var               | 2.86     |
------------------------------------
------------------------------------
| action_max            | 14       |
| action_min            | 0        |
| adv_avg               | -0.707   |
| adv_max               | 0.577    |
| adv_med               | -0.7     |
| adv_min               | -1.98    |
| adv_var               | 0.0229   |
| clipfrac              | 0.219    |
| curr_lr               | 0.001    |
| entropy               | 1.91     |
| eplenmean             | 695      |
| eprewmean             | 1.92     |
| fps                   | 5.92e+03 |
| grad_norm             | 0.432    |
| kl                    | 0.0172   |
| loss_pi               | -0.0166  |
| loss_v                | 0.0153   |
| lr                    | 0.001    |
| misc/nupdates         | 219      |
| misc/serial_timesteps | 9.01e+05 |
| misc/time_elapsed     | 150      |
| misc/total_timesteps  | 9.01e+05 |
| ratio_max             | 2.3      |
| ratio_min             | 0.508    |
| ret_avg               | -0.0346  |
| ret_max               | 2.65     |
| ret_med               | -0.333   |
| ret_min               | -0.787   |
| ret_var               | 0.576    |
------------------------------------
------------------------------------
| action_max            | 14       |
| action_min            | 0        |
| adv_avg               | -0.705   |
| adv_max               | 1.23     |
| adv_med               | -0.697   |
| adv_min               | -2.31    |
| adv_var               | 0.0278   |
| clipfrac              | 0.0996   |
| curr_lr               | 0.001    |
| entropy               | 2.12     |
| eplenmean             | 656      |
| eprewmean             | 1.63     |
| fps                   | 6.03e+03 |
| grad_norm             | 0.321    |
| kl                    | 0.00807  |
| loss_pi               | -0.0189  |
| loss_v                | 0.0125   |
| lr                    | 0.001    |
| misc/nupdates         | 229      |
| misc/serial_timesteps | 9.42e+05 |
| misc/time_elapsed     | 156      |
| misc/total_timesteps  | 9.42e+05 |
| ratio_max             | 1.43     |
| ratio_min             | 0.595    |
| ret_avg               | -0.237   |
| ret_max               | 2.56     |
| ret_med               | -0.53    |
| ret_min               | -0.904   |
| ret_var               | 0.483    |
------------------------------------
------------------------------------
| action_max            | 14       |
| action_min            | 0        |
| adv_avg               | -0.697   |
| adv_max               | 0.888    |
| adv_med               | -0.693   |
| adv_min               | -5.02    |
| adv_var               | 0.0977   |
| clipfrac              | 0.117    |
| curr_lr               | 0.001    |
| entropy               | 1.89     |
| eplenmean             | 633      |
| eprewmean             | 2.07     |
| fps                   | 6.16e+03 |
| grad_norm             | 0.802    |
| kl                    | 0.0163   |
| loss_pi               | -0.0224  |
| loss_v                | 0.0537   |
| lr                    | 0.001    |
| misc/nupdates         | 239      |
| misc/serial_timesteps | 9.83e+05 |
| misc/time_elapsed     | 163      |
| misc/total_timesteps  | 9.83e+05 |
| ratio_max             | 1.62     |
| ratio_min             | 0.422    |
| ret_avg               | 0.045    |
| ret_max               | 3.49     |
| ret_med               | -0.511   |
| ret_min               | -0.691   |
| ret_var               | 0.936    |
------------------------------------
------------------------------------
| action_max            | 14       |
| action_min            | 0        |
| adv_avg               | -0.643   |
| adv_max               | 12.3     |
| adv_med               | -0.69    |
| adv_min               | -3.29    |
| adv_var               | 0.512    |
| clipfrac              | 0.279    |
| curr_lr               | 0.001    |
| entropy               | 2.14     |
| eplenmean             | 607      |
| eprewmean             | 2.38     |
| fps                   | 5.92e+03 |
| grad_norm             | 0.474    |
| kl                    | 0.0215   |
| loss_pi               | -0.0118  |
| loss_v                | 0.079    |
| lr                    | 0.001    |
| misc/nupdates         | 249      |
| misc/serial_timesteps | 1.02e+06 |
| misc/time_elapsed     | 170      |
| misc/total_timesteps  | 1.02e+06 |
| ratio_max             | 1.97     |
| ratio_min             | 0.337    |
| ret_avg               | -0.218   |
| ret_max               | 12.8     |
| ret_med               | -0.575   |
| ret_min               | -0.915   |
| ret_var               | 0.976    |
------------------------------------
------------------------------------
| action_max            | 14       |
| action_min            | 0        |
| adv_avg               | -0.695   |
| adv_max               | 0.84     |
| adv_med               | -0.687   |
| adv_min               | -2.69    |
| adv_var               | 0.0287   |
| clipfrac              | 0.199    |
| curr_lr               | 0.001    |
| entropy               | 1.95     |
| eplenmean             | 693      |
| eprewmean             | 2.11     |
| fps                   | 5.34e+03 |
| grad_norm             | 0.351    |
| kl                    | 0.0137   |
| loss_pi               | -0.0259  |
| loss_v                | 0.0158   |
| lr                    | 0.001    |
| misc/nupdates         | 259      |
| misc/serial_timesteps | 1.06e+06 |
| misc/time_elapsed     | 177      |
| misc/total_timesteps  | 1.06e+06 |
| ratio_max             | 1.65     |
| ratio_min             | 0.532    |
| ret_avg               | -0.262   |
| ret_max               | 2.6      |
| ret_med               | -0.522   |
| ret_min               | -0.794   |
| ret_var               | 0.286    |
------------------------------------
------------------------------------
| action_max            | 14       |
| action_min            | 0        |
| adv_avg               | -0.628   |
| adv_max               | 12.1     |
| adv_med               | -0.689   |
| adv_min               | -1.41    |
| adv_var               | 0.406    |
| clipfrac              | 0.189    |
| curr_lr               | 0.001    |
| entropy               | 2.32     |
| eplenmean             | 679      |
| eprewmean             | 2.06     |
| fps                   | 5.99e+03 |
| grad_norm             | 0.911    |
| kl                    | 0.0173   |
| loss_pi               | -0.0185  |
| loss_v                | 0.166    |
| lr                    | 0.001    |
| misc/nupdates         | 269      |
| misc/serial_timesteps | 1.11e+06 |
| misc/time_elapsed     | 184      |
| misc/total_timesteps  | 1.11e+06 |
| ratio_max             | 2.64     |
| ratio_min             | 0.515    |
| ret_avg               | -0.0673  |
| ret_max               | 13.1     |
| ret_med               | -0.321   |
| ret_min               | -0.742   |
| ret_var               | 0.799    |
------------------------------------
------------------------------------
| action_max            | 14       |
| action_min            | 0        |
| adv_avg               | -0.643   |
| adv_max               | 4.29     |
| adv_med               | -0.676   |
| adv_min               | -4.14    |
| adv_var               | 0.172    |
| clipfrac              | 0.229    |
| curr_lr               | 0.001    |
| entropy               | 2.35     |
| eplenmean             | 674      |
| eprewmean             | 2.67     |
| fps                   | 6e+03    |
| grad_norm             | 0.88     |
| kl                    | 0.0174   |
| loss_pi               | -0.0263  |
| loss_v                | 0.0501   |
| lr                    | 0.001    |
| misc/nupdates         | 279      |
| misc/serial_timesteps | 1.15e+06 |
| misc/time_elapsed     | 191      |
| misc/total_timesteps  | 1.15e+06 |
| ratio_max             | 1.93     |
| ratio_min             | 0.578    |
| ret_avg               | 0.986    |
| ret_max               | 12.6     |
| ret_med               | -0.0855  |
| ret_min               | -0.67    |
| ret_var               | 6.52     |
------------------------------------
------------------------------------
| action_max            | 14       |
| action_min            | 0        |
| adv_avg               | -0.622   |
| adv_max               | 8.64     |
| adv_med               | -0.674   |
| adv_min               | -1.5     |
| adv_var               | 0.295    |
| clipfrac              | 0.322    |
| curr_lr               | 0.001    |
| entropy               | 2.22     |
| eplenmean             | 689      |
| eprewmean             | 2.69     |
| fps                   | 6.01e+03 |
| grad_norm             | 1.29     |
| kl                    | 0.0228   |
| loss_pi               | 0.0048   |
| loss_v                | 0.0364   |
| lr                    | 0.001    |
| misc/nupdates         | 289      |
| misc/serial_timesteps | 1.19e+06 |
| misc/time_elapsed     | 197      |
| misc/total_timesteps  | 1.19e+06 |
| ratio_max             | 2.05     |
| ratio_min             | 0.556    |
| ret_avg               | -0.0411  |
| ret_max               | 12.5     |
| ret_med               | -0.279   |
| ret_min               | -0.872   |
| ret_var               | 0.871    |
------------------------------------
------------------------------------
| action_max            | 14       |
| action_min            | 0        |
| adv_avg               | -0.683   |
| adv_max               | -0.0525  |
| adv_med               | -0.663   |
| adv_min               | -2.31    |
| adv_var               | 0.0135   |
| clipfrac              | 0.166    |
| curr_lr               | 0.001    |
| entropy               | 2.09     |
| eplenmean             | 754      |
| eprewmean             | 2.9      |
| fps                   | 6.22e+03 |
| grad_norm             | 0.338    |
| kl                    | 0.0163   |
| loss_pi               | -0.0243  |
| loss_v                | 0.00557  |
| lr                    | 0.001    |
| misc/nupdates         | 299      |
| misc/serial_timesteps | 1.23e+06 |
| misc/time_elapsed     | 204      |
| misc/total_timesteps  | 1.23e+06 |
| ratio_max             | 2.14     |
| ratio_min             | 0.495    |
| ret_avg               | 0.0324   |
| ret_max               | 2.51     |
| ret_med               | 0.0221   |
| ret_min               | -0.909   |
| ret_var               | 0.52     |
------------------------------------
------------------------------------
| action_max            | 14       |
| action_min            | 0        |
| adv_avg               | -0.668   |
| adv_max               | 1.01     |
| adv_med               | -0.666   |
| adv_min               | -2.66    |
| adv_var               | 0.0426   |
| clipfrac              | 0.121    |
| curr_lr               | 0.001    |
| entropy               | 2.14     |
| eplenmean             | 690      |
| eprewmean             | 2.16     |
| fps                   | 6.2e+03  |
| grad_norm             | 0.653    |
| kl                    | 0.0106   |
| loss_pi               | -0.0131  |
| loss_v                | 0.00942  |
| lr                    | 0.001    |
| misc/nupdates         | 309      |
| misc/serial_timesteps | 1.27e+06 |
| misc/time_elapsed     | 211      |
| misc/total_timesteps  | 1.27e+06 |
| ratio_max             | 2.14     |
| ratio_min             | 0.475    |
| ret_avg               | 0.274    |
| ret_max               | 3.93     |
| ret_med               | -0.0836  |
| ret_min               | -0.662   |
| ret_var               | 1.07     |
------------------------------------
------------------------------------
| action_max            | 14       |
| action_min            | 0        |
| adv_avg               | -0.629   |
| adv_max               | 6.04     |
| adv_med               | -0.678   |
| adv_min               | -4.29    |
| adv_var               | 0.257    |
| clipfrac              | 0.143    |
| curr_lr               | 0.001    |
| entropy               | 2.29     |
| eplenmean             | 644      |
| eprewmean             | 2.05     |
| fps                   | 6.04e+03 |
| grad_norm             | 0.848    |
| kl                    | 0.0107   |
| loss_pi               | -0.017   |
| loss_v                | 0.0249   |
| lr                    | 0.001    |
| misc/nupdates         | 319      |
| misc/serial_timesteps | 1.31e+06 |
| misc/time_elapsed     | 217      |
| misc/total_timesteps  | 1.31e+06 |
| ratio_max             | 1.79     |
| ratio_min             | 0.67     |
| ret_avg               | 0.267    |
| ret_max               | 11.7     |
| ret_med               | -0.0199  |
| ret_min               | -0.664   |
| ret_var               | 1.32     |
------------------------------------
------------------------------------
| action_max            | 14       |
| action_min            | 0        |
| adv_avg               | -0.625   |
| adv_max               | 5.62     |
| adv_med               | -0.668   |
| adv_min               | -1.41    |
| adv_var               | 0.136    |
| clipfrac              | 0.143    |
| curr_lr               | 0.001    |
| entropy               | 2.15     |
| eplenmean             | 677      |
| eprewmean             | 2.33     |
| fps                   | 6.06e+03 |
| grad_norm             | 2.07     |
| kl                    | 0.0112   |
| loss_pi               | -0.00321 |
| loss_v                | 0.0362   |
| lr                    | 0.001    |
| misc/nupdates         | 329      |
| misc/serial_timesteps | 1.35e+06 |
| misc/time_elapsed     | 224      |
| misc/total_timesteps  | 1.35e+06 |
| ratio_max             | 2.18     |
| ratio_min             | 0.535    |
| ret_avg               | -0.00814 |
| ret_max               | 11.7     |
| ret_med               | -0.297   |
| ret_min               | -0.826   |
| ret_var               | 1.4      |
------------------------------------
------------------------------------
| action_max            | 14       |
| action_min            | 0        |
| adv_avg               | -0.709   |
| adv_max               | 0.596    |
| adv_med               | -0.667   |
| adv_min               | -3.45    |
| adv_var               | 0.0445   |
| clipfrac              | 0.252    |
| curr_lr               | 0.001    |
| entropy               | 1.9      |
| eplenmean             | 603      |
| eprewmean             | 2.37     |
| fps                   | 6.1e+03  |
| grad_norm             | 0.348    |
| kl                    | 0.0178   |
| loss_pi               | -0.0176  |
| loss_v                | 0.0192   |
| lr                    | 0.001    |
| misc/nupdates         | 339      |
| misc/serial_timesteps | 1.39e+06 |
| misc/time_elapsed     | 231      |
| misc/total_timesteps  | 1.39e+06 |
| ratio_max             | 1.43     |
| ratio_min             | 0.295    |
| ret_avg               | -0.0679  |
| ret_max               | 2.06     |
| ret_med               | -0.38    |
| ret_min               | -1.02    |
| ret_var               | 0.558    |
------------------------------------
------------------------------------
| action_max            | 14       |
| action_min            | 0        |
| adv_avg               | -0.565   |
| adv_max               | 8.06     |
| adv_med               | -0.657   |
| adv_min               | -1.88    |
| adv_var               | 0.393    |
| clipfrac              | 0.242    |
| curr_lr               | 0.001    |
| entropy               | 2.02     |
| eplenmean             | 694      |
| eprewmean             | 2.39     |
| fps                   | 6.1e+03  |
| grad_norm             | 0.785    |
| kl                    | 0.0172   |
| loss_pi               | -0.019   |
| loss_v                | 0.068    |
| lr                    | 0.001    |
| misc/nupdates         | 349      |
| misc/serial_timesteps | 1.43e+06 |
| misc/time_elapsed     | 238      |
| misc/total_timesteps  | 1.43e+06 |
| ratio_max             | 2.21     |
| ratio_min             | 0.49     |
| ret_avg               | 0.126    |
| ret_max               | 11.6     |
| ret_med               | -0.253   |
| ret_min               | -0.776   |
| ret_var               | 2.12     |
------------------------------------
------------------------------------
| action_max            | 14       |
| action_min            | 0        |
| adv_avg               | -0.673   |
| adv_max               | 0.35     |
| adv_med               | -0.667   |
| adv_min               | -1.68    |
| adv_var               | 0.00533  |
| clipfrac              | 0.178    |
| curr_lr               | 0.001    |
| entropy               | 2.1      |
| eplenmean             | 772      |
| eprewmean             | 2.43     |
| fps                   | 6.04e+03 |
| grad_norm             | 0.25     |
| kl                    | 0.0198   |
| loss_pi               | -0.02    |
| loss_v                | 0.00172  |
| lr                    | 0.001    |
| misc/nupdates         | 359      |
| misc/serial_timesteps | 1.47e+06 |
| misc/time_elapsed     | 244      |
| misc/total_timesteps  | 1.47e+06 |
| ratio_max             | 2.57     |
| ratio_min             | 0.554    |
| ret_avg               | -0.121   |
| ret_max               | 1.96     |
| ret_med               | -0.103   |
| ret_min               | -0.655   |
| ret_var               | 0.155    |
------------------------------------
------------------------------------
| action_max            | 14       |
| action_min            | 0        |
| adv_avg               | -0.65    |
| adv_max               | 1.11     |
| adv_med               | -0.653   |
| adv_min               | -1.35    |
| adv_var               | 0.00968  |
| clipfrac              | 0.188    |
| curr_lr               | 0.001    |
| entropy               | 1.52     |
| eplenmean             | 678      |
| eprewmean             | 2.21     |
| fps                   | 5.98e+03 |
| grad_norm             | 0.618    |
| kl                    | 0.0155   |
| loss_pi               | -0.00963 |
| loss_v                | 0.0034   |
| lr                    | 0.001    |
| misc/nupdates         | 369      |
| misc/serial_timesteps | 1.52e+06 |
| misc/time_elapsed     | 251      |
| misc/total_timesteps  | 1.52e+06 |
| ratio_max             | 1.79     |
| ratio_min             | 0.421    |
| ret_avg               | -0.274   |
| ret_max               | 6.19     |
| ret_med               | -0.475   |
| ret_min               | -0.671   |
| ret_var               | 0.743    |
------------------------------------
------------------------------------
| action_max            | 14       |
| action_min            | 0        |
| adv_avg               | -0.683   |
| adv_max               | 1.68     |
| adv_med               | -0.63    |
| adv_min               | -7.81    |
| adv_var               | 0.145    |
| clipfrac              | 0.119    |
| curr_lr               | 0.001    |
| entropy               | 1.93     |
| eplenmean             | 521      |
| eprewmean             | 3.05     |
| fps                   | 6.26e+03 |
| grad_norm             | 1.29     |
| kl                    | 0.0126   |
| loss_pi               | -0.0128  |
| loss_v                | 0.047    |
| lr                    | 0.001    |
| misc/nupdates         | 379      |
| misc/serial_timesteps | 1.56e+06 |
| misc/time_elapsed     | 258      |
| misc/total_timesteps  | 1.56e+06 |
| ratio_max             | 1.94     |
| ratio_min             | 0.316    |
| ret_avg               | 0.0903   |
| ret_max               | 11       |
| ret_med               | -0.417   |
| ret_min               | -0.641   |
| ret_var               | 2.13     |
------------------------------------
------------------------------------
| action_max            | 14       |
| action_min            | 0        |
| adv_avg               | -0.599   |
| adv_max               | 0.508    |
| adv_med               | -0.599   |
| adv_min               | -1.52    |
| adv_var               | 0.00432  |
| clipfrac              | 0.168    |
| curr_lr               | 0.001    |
| entropy               | 1.78     |
| eplenmean             | 625      |
| eprewmean             | 2.73     |
| fps                   | 6.02e+03 |
| grad_norm             | 0.306    |
| kl                    | 0.0161   |
| loss_pi               | -0.00495 |
| loss_v                | 0.00143  |
| lr                    | 0.001    |
| misc/nupdates         | 389      |
| misc/serial_timesteps | 1.6e+06  |
| misc/time_elapsed     | 265      |
| misc/total_timesteps  | 1.6e+06  |
| ratio_max             | 1.81     |
| ratio_min             | 0.553    |
| ret_avg               | -0.453   |
| ret_max               | 1.89     |
| ret_med               | -0.553   |
| ret_min               | -0.689   |
| ret_var               | 0.0488   |
------------------------------------
------------------------------------
| action_max            | 14       |
| action_min            | 0        |
| adv_avg               | -0.627   |
| adv_max               | 0.469    |
| adv_med               | -0.594   |
| adv_min               | -5.28    |
| adv_var               | 0.0688   |
| clipfrac              | 0.258    |
| curr_lr               | 0.001    |
| entropy               | 2.05     |
| eplenmean             | 732      |
| eprewmean             | 2.23     |
| fps                   | 6.06e+03 |
| grad_norm             | 0.855    |
| kl                    | 0.0238   |
| loss_pi               | -0.0214  |
| loss_v                | 0.0835   |
| lr                    | 0.001    |
| misc/nupdates         | 399      |
| misc/serial_timesteps | 1.64e+06 |
| misc/time_elapsed     | 272      |
| misc/total_timesteps  | 1.64e+06 |
| ratio_max             | 3.35     |
| ratio_min             | 0.362    |
| ret_avg               | -0.163   |
| ret_max               | 3.99     |
| ret_med               | -0.506   |
| ret_min               | -0.749   |
| ret_var               | 0.937    |
------------------------------------
------------------------------------
| action_max            | 14       |
| action_min            | 0        |
| adv_avg               | -0.544   |
| adv_max               | 2.17     |
| adv_med               | -0.583   |
| adv_min               | -1.75    |
| adv_var               | 0.0744   |
| clipfrac              | 0.127    |
| curr_lr               | 0.001    |
| entropy               | 1.77     |
| eplenmean             | 659      |
| eprewmean             | 3.01     |
| fps                   | 5.95e+03 |
| grad_norm             | 2.11     |
| kl                    | 0.0108   |
| loss_pi               | -0.0254  |
| loss_v                | 0.0309   |
| lr                    | 0.001    |
| misc/nupdates         | 409      |
| misc/serial_timesteps | 1.68e+06 |
| misc/time_elapsed     | 279      |
| misc/total_timesteps  | 1.68e+06 |
| ratio_max             | 1.76     |
| ratio_min             | 0.69     |
| ret_avg               | 0.435    |
| ret_max               | 10.1     |
| ret_med               | -0.157   |
| ret_min               | -0.668   |
| ret_var               | 4.2      |
------------------------------------
------------------------------------
| action_max            | 14       |
| action_min            | 0        |
| adv_avg               | -0.571   |
| adv_max               | 0.184    |
| adv_med               | -0.576   |
| adv_min               | -1.04    |
| adv_var               | 0.00825  |
| clipfrac              | 0.15     |
| curr_lr               | 0.001    |
| entropy               | 1.78     |
| eplenmean             | 592      |
| eprewmean             | 2.89     |
| fps                   | 6e+03    |
| grad_norm             | 0.435    |
| kl                    | 0.0119   |
| loss_pi               | -0.0269  |
| loss_v                | 0.00376  |
| lr                    | 0.001    |
| misc/nupdates         | 419      |
| misc/serial_timesteps | 1.72e+06 |
| misc/time_elapsed     | 285      |
| misc/total_timesteps  | 1.72e+06 |
| ratio_max             | 1.82     |
| ratio_min             | 0.562    |
| ret_avg               | 0.0123   |
| ret_max               | 7.33     |
| ret_med               | -0.258   |
| ret_min               | -0.718   |
| ret_var               | 0.883    |
------------------------------------
------------------------------------
| action_max            | 14       |
| action_min            | 0        |
| adv_avg               | -0.564   |
| adv_max               | 1.08     |
| adv_med               | -0.56    |
| adv_min               | -2.1     |
| adv_var               | 0.0204   |
| clipfrac              | 0.172    |
| curr_lr               | 0.001    |
| entropy               | 2.14     |
| eplenmean             | 625      |
| eprewmean             | 3.37     |
| fps                   | 6.09e+03 |
| grad_norm             | 0.701    |
| kl                    | 0.0133   |
| loss_pi               | -0.0274  |
| loss_v                | 0.00708  |
| lr                    | 0.001    |
| misc/nupdates         | 429      |
| misc/serial_timesteps | 1.76e+06 |
| misc/time_elapsed     | 292      |
| misc/total_timesteps  | 1.76e+06 |
| ratio_max             | 1.91     |
| ratio_min             | 0.32     |
| ret_avg               | 0.593    |
| ret_max               | 10.4     |
| ret_med               | -0.267   |
| ret_min               | -0.632   |
| ret_var               | 6.56     |
------------------------------------
------------------------------------
| action_max            | 14       |
| action_min            | 0        |
| adv_avg               | -0.594   |
| adv_max               | 5.14     |
| adv_med               | -0.546   |
| adv_min               | -4.81    |
| adv_var               | 0.1      |
| clipfrac              | 0.131    |
| curr_lr               | 0.001    |
| entropy               | 1.59     |
| eplenmean             | 598      |
| eprewmean             | 3.67     |
| fps                   | 5.98e+03 |
| grad_norm             | 0.895    |
| kl                    | 0.0107   |
| loss_pi               | 0.00102  |
| loss_v                | 0.0302   |
| lr                    | 0.001    |
| misc/nupdates         | 439      |
| misc/serial_timesteps | 1.8e+06  |
| misc/time_elapsed     | 299      |
| misc/total_timesteps  | 1.8e+06  |
| ratio_max             | 1.77     |
| ratio_min             | 0.558    |
| ret_avg               | 0.211    |
| ret_max               | 9.31     |
| ret_med               | -0.143   |
| ret_min               | -0.611   |
| ret_var               | 1.75     |
------------------------------------
------------------------------------
| action_max            | 14       |
| action_min            | 0        |
| adv_avg               | -0.564   |
| adv_max               | 0.358    |
| adv_med               | -0.546   |
| adv_min               | -2.32    |
| adv_var               | 0.0209   |
| clipfrac              | 0.225    |
| curr_lr               | 0.001    |
| entropy               | 1.8      |
| eplenmean             | 625      |
| eprewmean             | 3.31     |
| fps                   | 6.16e+03 |
| grad_norm             | 0.418    |
| kl                    | 0.0178   |
| loss_pi               | -0.0295  |
| loss_v                | 0.0124   |
| lr                    | 0.001    |
| misc/nupdates         | 449      |
| misc/serial_timesteps | 1.84e+06 |
| misc/time_elapsed     | 306      |
| misc/total_timesteps  | 1.84e+06 |
| ratio_max             | 3.3      |
| ratio_min             | 0.548    |
| ret_avg               | 0.0217   |
| ret_max               | 1.69     |
| ret_med               | -0.21    |
| ret_min               | -0.556   |
| ret_var               | 0.361    |
------------------------------------
------------------------------------
| action_max            | 14       |
| action_min            | 0        |
| adv_avg               | -0.501   |
| adv_max               | 8.34     |
| adv_med               | -0.544   |
| adv_min               | -1.21    |
| adv_var               | 0.199    |
| clipfrac              | 0.162    |
| curr_lr               | 0.001    |
| entropy               | 2.22     |
| eplenmean             | 629      |
| eprewmean             | 3.52     |
| fps                   | 6.02e+03 |
| grad_norm             | 0.353    |
| kl                    | 0.0134   |
| loss_pi               | 0.0022   |
| loss_v                | 0.0178   |
| lr                    | 0.001    |
| misc/nupdates         | 459      |
| misc/serial_timesteps | 1.88e+06 |
| misc/time_elapsed     | 313      |
| misc/total_timesteps  | 1.88e+06 |
| ratio_max             | 2.28     |
| ratio_min             | 0.47     |
| ret_avg               | 0.0103   |
| ret_max               | 8.76     |
| ret_med               | -0.161   |
| ret_min               | -0.608   |
| ret_var               | 1.08     |
------------------------------------
------------------------------------
| action_max            | 14       |
| action_min            | 0        |
| adv_avg               | -0.466   |
| adv_max               | 8.34     |
| adv_med               | -0.542   |
| adv_min               | -1.91    |
| adv_var               | 0.378    |
| clipfrac              | 0.211    |
| curr_lr               | 0.001    |
| entropy               | 1.75     |
| eplenmean             | 648      |
| eprewmean             | 3.08     |
| fps                   | 6.15e+03 |
| grad_norm             | 0.459    |
| kl                    | 0.0227   |
| loss_pi               | 0.00406  |
| loss_v                | 0.0287   |
| lr                    | 0.001    |
| misc/nupdates         | 469      |
| misc/serial_timesteps | 1.93e+06 |
| misc/time_elapsed     | 319      |
| misc/total_timesteps  | 1.93e+06 |
| ratio_max             | 2.76     |
| ratio_min             | 0.181    |
| ret_avg               | 0.00463  |
| ret_max               | 8.69     |
| ret_med               | -0.202   |
| ret_min               | -0.64    |
| ret_var               | 0.628    |
------------------------------------
------------------------------------
| action_max            | 14       |
| action_min            | 0        |
| adv_avg               | -0.598   |
| adv_max               | -0.188   |
| adv_med               | -0.537   |
| adv_min               | -4.03    |
| adv_var               | 0.0811   |
| clipfrac              | 0.193    |
| curr_lr               | 0.001    |
| entropy               | 1.55     |
| eplenmean             | 639      |
| eprewmean             | 3.23     |
| fps                   | 5.99e+03 |
| grad_norm             | 0.396    |
| kl                    | 0.0541   |
| loss_pi               | -0.0255  |
| loss_v                | 0.0773   |
| lr                    | 0.001    |
| misc/nupdates         | 479      |
| misc/serial_timesteps | 1.97e+06 |
| misc/time_elapsed     | 326      |
| misc/total_timesteps  | 1.97e+06 |
| ratio_max             | 8.81     |
| ratio_min             | 0.39     |
| ret_avg               | 0.253    |
| ret_max               | 3.89     |
| ret_med               | -0.309   |
| ret_min               | -0.702   |
| ret_var               | 1.52     |
------------------------------------
------------------------------------
| action_max            | 14       |
| action_min            | 0        |
| adv_avg               | -0.554   |
| adv_max               | 0.375    |
| adv_med               | -0.535   |
| adv_min               | -1.43    |
| adv_var               | 0.00893  |
| clipfrac              | 0.135    |
| curr_lr               | 0.001    |
| entropy               | 1.64     |
| eplenmean             | 667      |
| eprewmean             | 2.56     |
| fps                   | 6.01e+03 |
| grad_norm             | 0.58     |
| kl                    | 0.0116   |
| loss_pi               | -0.0246  |
| loss_v                | 0.00435  |
| lr                    | 0.001    |
| misc/nupdates         | 489      |
| misc/serial_timesteps | 2.01e+06 |
| misc/time_elapsed     | 333      |
| misc/total_timesteps  | 2.01e+06 |
| ratio_max             | 1.82     |
| ratio_min             | 0.473    |
| ret_avg               | 0.233    |
| ret_max               | 6.71     |
| ret_med               | -0.254   |
| ret_min               | -0.62    |
| ret_var               | 3.06     |
------------------------------------
------------------------------------
| action_max            | 14       |
| action_min            | 0        |
| adv_avg               | -0.537   |
| adv_max               | 0.152    |
| adv_med               | -0.534   |
| adv_min               | -1.2     |
| adv_var               | 0.00515  |
| clipfrac              | 0.254    |
| curr_lr               | 0.001    |
| entropy               | 2.11     |
| eplenmean             | 621      |
| eprewmean             | 3.32     |
| fps                   | 5.99e+03 |
| grad_norm             | 0.362    |
| kl                    | 0.0231   |
| loss_pi               | -0.0356  |
| loss_v                | 0.00388  |
| lr                    | 0.001    |
| misc/nupdates         | 499      |
| misc/serial_timesteps | 2.05e+06 |
| misc/time_elapsed     | 340      |
| misc/total_timesteps  | 2.05e+06 |
| ratio_max             | 2.21     |
| ratio_min             | 0.178    |
| ret_avg               | -0.17    |
| ret_max               | 2.26     |
| ret_med               | -0.229   |
| ret_min               | -0.645   |
| ret_var               | 0.153    |
------------------------------------
------------------------------------
| action_max            | 14       |
| action_min            | 0        |
| adv_avg               | -0.55    |
| adv_max               | -0.0383  |
| adv_med               | -0.536   |
| adv_min               | -2.04    |
| adv_var               | 0.0106   |
| clipfrac              | 0.271    |
| curr_lr               | 0.001    |
| entropy               | 2.02     |
| eplenmean             | 571      |
| eprewmean             | 3.47     |
| fps                   | 5.92e+03 |
| grad_norm             | 0.232    |
| kl                    | 0.0232   |
| loss_pi               | -0.0264  |
| loss_v                | 0.00483  |
| lr                    | 0.001    |
| misc/nupdates         | 509      |
| misc/serial_timesteps | 2.09e+06 |
| misc/time_elapsed     | 346      |
| misc/total_timesteps  | 2.09e+06 |
| ratio_max             | 2.17     |
| ratio_min             | 0.248    |
| ret_avg               | 0.0416   |
| ret_max               | 3.26     |
| ret_med               | -0.367   |
| ret_min               | -0.527   |
| ret_var               | 0.433    |
------------------------------------
------------------------------------
| action_max            | 14       |
| action_min            | 0        |
| adv_avg               | -0.539   |
| adv_max               | 4.76     |
| adv_med               | -0.535   |
| adv_min               | -8.39    |
| adv_var               | 0.247    |
| clipfrac              | 0.205    |
| curr_lr               | 0.001    |
| entropy               | 1.87     |
| eplenmean             | 563      |
| eprewmean             | 2.94     |
| fps                   | 5.99e+03 |
| grad_norm             | 0.384    |
| kl                    | 0.0157   |
| loss_pi               | -0.0297  |
| loss_v                | 0.0354   |
| lr                    | 0.001    |
| misc/nupdates         | 519      |
| misc/serial_timesteps | 2.13e+06 |
| misc/time_elapsed     | 353      |
| misc/total_timesteps  | 2.13e+06 |
| ratio_max             | 2.31     |
| ratio_min             | 0.613    |
| ret_avg               | 0.532    |
| ret_max               | 8.63     |
| ret_med               | 0.286    |
| ret_min               | -0.529   |
| ret_var               | 2.07     |
------------------------------------
------------------------------------
| action_max            | 14       |
| action_min            | 0        |
| adv_avg               | -0.498   |
| adv_max               | 5.33     |
| adv_med               | -0.535   |
| adv_min               | -5.35    |
| adv_var               | 0.312    |
| clipfrac              | 0.162    |
| curr_lr               | 0.001    |
| entropy               | 1.97     |
| eplenmean             | 639      |
| eprewmean             | 3.47     |
| fps                   | 6.01e+03 |
| grad_norm             | 0.605    |
| kl                    | 0.0158   |
| loss_pi               | -0.0164  |
| loss_v                | 0.0497   |
| lr                    | 0.001    |
| misc/nupdates         | 529      |
| misc/serial_timesteps | 2.17e+06 |
| misc/time_elapsed     | 360      |
| misc/total_timesteps  | 2.17e+06 |
| ratio_max             | 2.47     |
| ratio_min             | 0.51     |
| ret_avg               | 0.479    |
| ret_max               | 9.66     |
| ret_med               | 0.0189   |
| ret_min               | -0.584   |
| ret_var               | 1.91     |
------------------------------------
------------------------------------
| action_max            | 14       |
| action_min            | 0        |
| adv_avg               | -0.546   |
| adv_max               | 1.3      |
| adv_med               | -0.539   |
| adv_min               | -1.51    |
| adv_var               | 0.0128   |
| clipfrac              | 0.23     |
| curr_lr               | 0.001    |
| entropy               | 1.66     |
| eplenmean             | 660      |
| eprewmean             | 3.65     |
| fps                   | 5.99e+03 |
| grad_norm             | 0.341    |
| kl                    | 0.021    |
| loss_pi               | -0.0385  |
| loss_v                | 0.00564  |
| lr                    | 0.001    |
| misc/nupdates         | 539      |
| misc/serial_timesteps | 2.21e+06 |
| misc/time_elapsed     | 367      |
| misc/total_timesteps  | 2.21e+06 |
| ratio_max             | 1.98     |
| ratio_min             | 0.519    |
| ret_avg               | 0.162    |
| ret_max               | 9.82     |
| ret_med               | 0.0296   |
| ret_min               | -0.535   |
| ret_var               | 1.59     |
------------------------------------
------------------------------------
| action_max            | 14       |
| action_min            | 0        |
| adv_avg               | -0.629   |
| adv_max               | 0.12     |
| adv_med               | -0.543   |
| adv_min               | -7.51    |
| adv_var               | 0.162    |
| clipfrac              | 0.082    |
| curr_lr               | 0.001    |
| entropy               | 1.17     |
| eplenmean             | 762      |
| eprewmean             | 2.63     |
| fps                   | 5.91e+03 |
| grad_norm             | 1.79     |
| kl                    | 0.00708  |
| loss_pi               | -0.009   |
| loss_v                | 0.0452   |
| lr                    | 0.001    |
| misc/nupdates         | 549      |
| misc/serial_timesteps | 2.25e+06 |
| misc/time_elapsed     | 374      |
| misc/total_timesteps  | 2.25e+06 |
| ratio_max             | 2.09     |
| ratio_min             | 0.526    |
| ret_avg               | 0.972    |
| ret_max               | 6.82     |
| ret_med               | -0.161   |
| ret_min               | -0.534   |
| ret_var               | 5.01     |
------------------------------------
------------------------------------
| action_max            | 14       |
| action_min            | 0        |
| adv_avg               | -0.524   |
| adv_max               | 0.95     |
| adv_med               | -0.536   |
| adv_min               | -1.42    |
| adv_var               | 0.0256   |
| clipfrac              | 0.219    |
| curr_lr               | 0.001    |
| entropy               | 1.57     |
| eplenmean             | 811      |
| eprewmean             | 2.05     |
| fps                   | 6.05e+03 |
| grad_norm             | 0.32     |
| kl                    | 0.0159   |
| loss_pi               | -0.042   |
| loss_v                | 0.00833  |
| lr                    | 0.001    |
| misc/nupdates         | 559      |
| misc/serial_timesteps | 2.29e+06 |
| misc/time_elapsed     | 380      |
| misc/total_timesteps  | 2.29e+06 |
| ratio_max             | 2.12     |
| ratio_min             | 0.512    |
| ret_avg               | -0.00645 |
| ret_max               | 2.71     |
| ret_med               | -0.224   |
| ret_min               | -0.535   |
| ret_var               | 0.41     |
------------------------------------
------------------------------------
| action_max            | 14       |
| action_min            | 0        |
| adv_avg               | -0.532   |
| adv_max               | 3.52     |
| adv_med               | -0.547   |
| adv_min               | -2.69    |
| adv_var               | 0.0941   |
| clipfrac              | 0.189    |
| curr_lr               | 0.001    |
| entropy               | 1.91     |
| eplenmean             | 770      |
| eprewmean             | 2.7      |
| fps                   | 6.2e+03  |
| grad_norm             | 1.09     |
| kl                    | 0.0129   |
| loss_pi               | -0.0333  |
| loss_v                | 0.0337   |
| lr                    | 0.001    |
| misc/nupdates         | 569      |
| misc/serial_timesteps | 2.33e+06 |
| misc/time_elapsed     | 387      |
| misc/total_timesteps  | 2.33e+06 |
| ratio_max             | 1.81     |
| ratio_min             | 0.463    |
| ret_avg               | 0.26     |
| ret_max               | 7.56     |
| ret_med               | -0.0951  |
| ret_min               | -0.538   |
| ret_var               | 0.822    |
------------------------------------
------------------------------------
| action_max            | 14       |
| action_min            | 0        |
| adv_avg               | -0.543   |
| adv_max               | 0.51     |
| adv_med               | -0.547   |
| adv_min               | -1.75    |
| adv_var               | 0.0129   |
| clipfrac              | 0.307    |
| curr_lr               | 0.001    |
| entropy               | 2.03     |
| eplenmean             | 782      |
| eprewmean             | 2.65     |
| fps                   | 6.15e+03 |
| grad_norm             | 0.293    |
| kl                    | 0.0263   |
| loss_pi               | -0.0368  |
| loss_v                | 0.00445  |
| lr                    | 0.001    |
| misc/nupdates         | 579      |
| misc/serial_timesteps | 2.38e+06 |
| misc/time_elapsed     | 394      |
| misc/total_timesteps  | 2.38e+06 |
| ratio_max             | 3.15     |
| ratio_min             | 0.31     |
| ret_avg               | -0.0605  |
| ret_max               | 2.21     |
| ret_med               | -0.168   |
| ret_min               | -0.542   |
| ret_var               | 0.111    |
------------------------------------
------------------------------------
| action_max            | 14       |
| action_min            | 0        |
| adv_avg               | -0.559   |
| adv_max               | 1.89     |
| adv_med               | -0.552   |
| adv_min               | -2.79    |
| adv_var               | 0.0437   |
| clipfrac              | 0.213    |
| curr_lr               | 0.001    |
| entropy               | 1.88     |
| eplenmean             | 785      |
| eprewmean             | 2.53     |
| fps                   | 6.14e+03 |
| grad_norm             | 0.401    |
| kl                    | 0.0175   |
| loss_pi               | -0.0192  |
| loss_v                | 0.0338   |
| lr                    | 0.001    |
| misc/nupdates         | 589      |
| misc/serial_timesteps | 2.42e+06 |
| misc/time_elapsed     | 400      |
| misc/total_timesteps  | 2.42e+06 |
| ratio_max             | 2.96     |
| ratio_min             | 0.466    |
| ret_avg               | 0.0572   |
| ret_max               | 2.62     |
| ret_med               | -0.0248  |
| ret_min               | -0.546   |
| ret_var               | 0.2      |
------------------------------------
------------------------------------
| action_max            | 14       |
| action_min            | 0        |
| adv_avg               | -0.573   |
| adv_max               | 0.397    |
| adv_med               | -0.554   |
| adv_min               | -1.61    |
| adv_var               | 0.0108   |
| clipfrac              | 0.242    |
| curr_lr               | 0.001    |
| entropy               | 1.67     |
| eplenmean             | 731      |
| eprewmean             | 2.72     |
| fps                   | 6.18e+03 |
| grad_norm             | 0.256    |
| kl                    | 0.0187   |
| loss_pi               | -0.0327  |
| loss_v                | 0.00559  |
| lr                    | 0.001    |
| misc/nupdates         | 599      |
| misc/serial_timesteps | 2.46e+06 |
| misc/time_elapsed     | 407      |
| misc/total_timesteps  | 2.46e+06 |
| ratio_max             | 1.8      |
| ratio_min             | 0.449    |
| ret_avg               | 0.0985   |
| ret_max               | 1.85     |
| ret_med               | -0.0692  |
| ret_min               | -0.645   |
| ret_var               | 0.353    |
------------------------------------
------------------------------------
| action_max            | 14       |
| action_min            | 0        |
| adv_avg               | -0.576   |
| adv_max               | 0.482    |
| adv_med               | -0.559   |
| adv_min               | -1.69    |
| adv_var               | 0.0176   |
| clipfrac              | 0.189    |
| curr_lr               | 0.001    |
| entropy               | 1.25     |
| eplenmean             | 754      |
| eprewmean             | 3.21     |
| fps                   | 6.19e+03 |
| grad_norm             | 0.401    |
| kl                    | 0.0228   |
| loss_pi               | -0.0353  |
| loss_v                | 0.0068   |
| lr                    | 0.001    |
| misc/nupdates         | 609      |
| misc/serial_timesteps | 2.5e+06  |
| misc/time_elapsed     | 414      |
| misc/total_timesteps  | 2.5e+06  |
| ratio_max             | 2.95     |
| ratio_min             | 0.504    |
| ret_avg               | 0.171    |
| ret_max               | 2.85     |
| ret_med               | -0.233   |
| ret_min               | -0.555   |
| ret_var               | 0.661    |
------------------------------------
------------------------------------
| action_max            | 14       |
| action_min            | 0        |
| adv_avg               | -0.508   |
| adv_max               | 4.11     |
| adv_med               | -0.557   |
| adv_min               | -1.93    |
| adv_var               | 0.171    |
| clipfrac              | 0.26     |
| curr_lr               | 0.001    |
| entropy               | 1.8      |
| eplenmean             | 729      |
| eprewmean             | 3.68     |
| fps                   | 6.18e+03 |
| grad_norm             | 0.619    |
| kl                    | 0.0219   |
| loss_pi               | -0.0294  |
| loss_v                | 0.0221   |
| lr                    | 0.001    |
| misc/nupdates         | 619      |
| misc/serial_timesteps | 2.54e+06 |
| misc/time_elapsed     | 420      |
| misc/total_timesteps  | 2.54e+06 |
| ratio_max             | 3.79     |
| ratio_min             | 0.531    |
| ret_avg               | 0.147    |
| ret_max               | 7.7      |
| ret_med               | -0.378   |
| ret_min               | -0.557   |
| ret_var               | 1.39     |
------------------------------------
------------------------------------
| action_max            | 14       |
| action_min            | 0        |
| adv_avg               | -0.55    |
| adv_max               | 3.06     |
| adv_med               | -0.562   |
| adv_min               | -3.47    |
| adv_var               | 0.143    |
| clipfrac              | 0.182    |
| curr_lr               | 0.001    |
| entropy               | 1.36     |
| eplenmean             | 764      |
| eprewmean             | 3.37     |
| fps                   | 6.02e+03 |
| grad_norm             | 0.582    |
| kl                    | 0.02     |
| loss_pi               | -0.0235  |
| loss_v                | 0.016    |
| lr                    | 0.001    |
| misc/nupdates         | 629      |
| misc/serial_timesteps | 2.58e+06 |
| misc/time_elapsed     | 427      |
| misc/total_timesteps  | 2.58e+06 |
| ratio_max             | 3.09     |
| ratio_min             | 0.501    |
| ret_avg               | 0.558    |
| ret_max               | 7.61     |
| ret_med               | -0.394   |
| ret_min               | -0.559   |
| ret_var               | 2.63     |
------------------------------------
------------------------------------
| action_max            | 14       |
| action_min            | 0        |
| adv_avg               | -0.581   |
| adv_max               | 0.56     |
| adv_med               | -0.572   |
| adv_min               | -1.89    |
| adv_var               | 0.0147   |
| clipfrac              | 0.232    |
| curr_lr               | 0.001    |
| entropy               | 1.72     |
| eplenmean             | 786      |
| eprewmean             | 3.28     |
| fps                   | 5.98e+03 |
| grad_norm             | 0.53     |
| kl                    | 0.0234   |
| loss_pi               | -0.034   |
| loss_v                | 0.00493  |
| lr                    | 0.001    |
| misc/nupdates         | 639      |
| misc/serial_timesteps | 2.62e+06 |
| misc/time_elapsed     | 434      |
| misc/total_timesteps  | 2.62e+06 |
| ratio_max             | 1.94     |
| ratio_min             | 0.455    |
| ret_avg               | 0.726    |
| ret_max               | 5.09     |
| ret_med               | 0.103    |
| ret_min               | -0.602   |
| ret_var               | 2.33     |
------------------------------------
------------------------------------
| action_max            | 14       |
| action_min            | 0        |
| adv_avg               | -0.599   |
| adv_max               | 7.05     |
| adv_med               | -0.572   |
| adv_min               | -4.1     |
| adv_var               | 0.263    |
| clipfrac              | 0.215    |
| curr_lr               | 0.001    |
| entropy               | 1.66     |
| eplenmean             | 725      |
| eprewmean             | 3.22     |
| fps                   | 6.18e+03 |
| grad_norm             | 0.519    |
| kl                    | 0.019    |
| loss_pi               | -0.0256  |
| loss_v                | 0.104    |
| lr                    | 0.001    |
| misc/nupdates         | 649      |
| misc/serial_timesteps | 2.66e+06 |
| misc/time_elapsed     | 441      |
| misc/total_timesteps  | 2.66e+06 |
| ratio_max             | 2.52     |
| ratio_min             | 0.356    |
| ret_avg               | 0.583    |
| ret_max               | 8.23     |
| ret_med               | -0.0754  |
| ret_min               | -0.568   |
| ret_var               | 2.29     |
------------------------------------
------------------------------------
| action_max            | 14       |
| action_min            | 0        |
| adv_avg               | -0.577   |
| adv_max               | 0.52     |
| adv_med               | -0.567   |
| adv_min               | -1.64    |
| adv_var               | 0.019    |
| clipfrac              | 0.162    |
| curr_lr               | 0.001    |
| entropy               | 1.38     |
| eplenmean             | 601      |
| eprewmean             | 3.01     |
| fps                   | 6.29e+03 |
| grad_norm             | 0.501    |
| kl                    | 0.0251   |
| loss_pi               | -0.0392  |
| loss_v                | 0.0089   |
| lr                    | 0.001    |
| misc/nupdates         | 659      |
| misc/serial_timesteps | 2.7e+06  |
| misc/time_elapsed     | 448      |
| misc/total_timesteps  | 2.7e+06  |
| ratio_max             | 2.18     |
| ratio_min             | 0.399    |
| ret_avg               | 0.126    |
| ret_max               | 8.29     |
| ret_med               | -0.301   |
| ret_min               | -0.565   |
| ret_var               | 1.45     |
------------------------------------
------------------------------------
| action_max            | 14       |
| action_min            | 0        |
| adv_avg               | -0.563   |
| adv_max               | 5.43     |
| adv_med               | -0.568   |
| adv_min               | -1.47    |
| adv_var               | 0.0219   |
| clipfrac              | 0.162    |
| curr_lr               | 0.001    |
| entropy               | 1.3      |
| eplenmean             | 639      |
| eprewmean             | 3.06     |
| fps                   | 6e+03    |
| grad_norm             | 0.329    |
| kl                    | 0.0153   |
| loss_pi               | -0.0259  |
| loss_v                | 0.0569   |
| lr                    | 0.001    |
| misc/nupdates         | 669      |
| misc/serial_timesteps | 2.74e+06 |
| misc/time_elapsed     | 454      |
| misc/total_timesteps  | 2.74e+06 |
| ratio_max             | 3.64     |
| ratio_min             | 0.282    |
| ret_avg               | -0.125   |
| ret_max               | 7.67     |
| ret_med               | -0.453   |
| ret_min               | -0.566   |
| ret_var               | 1.14     |
------------------------------------
------------------------------------
| action_max            | 14       |
| action_min            | 0        |
| adv_avg               | -0.571   |
| adv_max               | 0.179    |
| adv_med               | -0.567   |
| adv_min               | -2.76    |
| adv_var               | 0.0121   |
| clipfrac              | 0.189    |
| curr_lr               | 0.001    |
| entropy               | 1.63     |
| eplenmean             | 660      |
| eprewmean             | 3.91     |
| fps                   | 6.35e+03 |
| grad_norm             | 0.279    |
| kl                    | 0.0151   |
| loss_pi               | -0.0228  |
| loss_v                | 0.0035   |
| lr                    | 0.001    |
| misc/nupdates         | 679      |
| misc/serial_timesteps | 2.79e+06 |
| misc/time_elapsed     | 461      |
| misc/total_timesteps  | 2.79e+06 |
| ratio_max             | 1.65     |
| ratio_min             | 0.296    |
| ret_avg               | -0.305   |
| ret_max               | 1.81     |
| ret_med               | -0.437   |
| ret_min               | -0.566   |
| ret_var               | 0.1      |
------------------------------------
------------------------------------
| action_max            | 14       |
| action_min            | 0        |
| adv_avg               | -0.562   |
| adv_max               | 3.05     |
| adv_med               | -0.563   |
| adv_min               | -2.02    |
| adv_var               | 0.0539   |
| clipfrac              | 0.248    |
| curr_lr               | 0.001    |
| entropy               | 1.31     |
| eplenmean             | 697      |
| eprewmean             | 4.11     |
| fps                   | 5.94e+03 |
| grad_norm             | 0.635    |
| kl                    | 0.0209   |
| loss_pi               | -0.0186  |
| loss_v                | 0.0206   |
| lr                    | 0.001    |
| misc/nupdates         | 689      |
| misc/serial_timesteps | 2.83e+06 |
| misc/time_elapsed     | 468      |
| misc/total_timesteps  | 2.83e+06 |
| ratio_max             | 1.82     |
| ratio_min             | 0.23     |
| ret_avg               | 0.139    |
| ret_max               | 9.23     |
| ret_med               | -0.484   |
| ret_min               | -0.59    |
| ret_var               | 2.11     |
------------------------------------
------------------------------------
| action_max            | 14       |
| action_min            | 0        |
| adv_avg               | -0.553   |
| adv_max               | 5.55     |
| adv_med               | -0.556   |
| adv_min               | -4.79    |
| adv_var               | 0.372    |
| clipfrac              | 0.268    |
| curr_lr               | 0.001    |
| entropy               | 1.73     |
| eplenmean             | 634      |
| eprewmean             | 5.11     |
| fps                   | 5.92e+03 |
| grad_norm             | 0.972    |
| kl                    | 0.023    |
| loss_pi               | -0.0149  |
| loss_v                | 0.0595   |
| lr                    | 0.001    |
| misc/nupdates         | 699      |
| misc/serial_timesteps | 2.87e+06 |
| misc/time_elapsed     | 475      |
| misc/total_timesteps  | 2.87e+06 |
| ratio_max             | 1.97     |
| ratio_min             | 0.463    |
| ret_avg               | 1.62     |
| ret_max               | 9.88     |
| ret_med               | 0.357    |
| ret_min               | -0.556   |
| ret_var               | 7.87     |
------------------------------------
------------------------------------
| action_max            | 14       |
| action_min            | 0        |
| adv_avg               | -0.577   |
| adv_max               | 5.67     |
| adv_med               | -0.551   |
| adv_min               | -2.29    |
| adv_var               | 0.127    |
| clipfrac              | 0.143    |
| curr_lr               | 0.001    |
| entropy               | 1.24     |
| eplenmean             | 573      |
| eprewmean             | 4.54     |
| fps                   | 5.9e+03  |
| grad_norm             | 0.509    |
| kl                    | 0.0101   |
| loss_pi               | -0.00039 |
| loss_v                | 0.0248   |
| lr                    | 0.001    |
| misc/nupdates         | 709      |
| misc/serial_timesteps | 2.91e+06 |
| misc/time_elapsed     | 482      |
| misc/total_timesteps  | 2.91e+06 |
| ratio_max             | 2.23     |
| ratio_min             | 0.351    |
| ret_avg               | 0.8      |
| ret_max               | 6.96     |
| ret_med               | -0.228   |
| ret_min               | -0.647   |
| ret_var               | 3.88     |
------------------------------------
------------------------------------
| action_max            | 14       |
| action_min            | 0        |
| adv_avg               | -0.607   |
| adv_max               | 0.188    |
| adv_med               | -0.553   |
| adv_min               | -4.5     |
| adv_var               | 0.0713   |
| clipfrac              | 0.141    |
| curr_lr               | 0.001    |
| entropy               | 1.35     |
| eplenmean             | 711      |
| eprewmean             | 2.73     |
| fps                   | 6.17e+03 |
| grad_norm             | 0.839    |
| kl                    | 0.012    |
| loss_pi               | -0.0299  |
| loss_v                | 0.0262   |
| lr                    | 0.001    |
| misc/nupdates         | 719      |
| misc/serial_timesteps | 2.95e+06 |
| misc/time_elapsed     | 488      |
| misc/total_timesteps  | 2.95e+06 |
| ratio_max             | 1.96     |
| ratio_min             | 0.484    |
| ret_avg               | 0.507    |
| ret_max               | 3.45     |
| ret_med               | -0.0388  |
| ret_min               | -0.61    |
| ret_var               | 1.47     |
------------------------------------
------------------------------------
| action_max            | 14       |
| action_min            | 0        |
| adv_avg               | -0.573   |
| adv_max               | 1.62     |
| adv_med               | -0.557   |
| adv_min               | -4.56    |
| adv_var               | 0.0867   |
| clipfrac              | 0.166    |
| curr_lr               | 0.001    |
| entropy               | 1.34     |
| eplenmean             | 678      |
| eprewmean             | 2.24     |
| fps                   | 6.08e+03 |
| grad_norm             | 0.532    |
| kl                    | 0.0121   |
| loss_pi               | -0.0038  |
| loss_v                | 0.0117   |
| lr                    | 0.001    |
| misc/nupdates         | 729      |
| misc/serial_timesteps | 2.99e+06 |
| misc/time_elapsed     | 495      |
| misc/total_timesteps  | 2.99e+06 |
| ratio_max             | 1.91     |
| ratio_min             | 0.51     |
| ret_avg               | 0.378    |
| ret_max               | 6.08     |
| ret_med               | 0.0628   |
| ret_min               | -0.562   |
| ret_var               | 1.54     |
------------------------------------
------------------------------------
| action_max            | 14       |
| action_min            | 0        |
| adv_avg               | -0.551   |
| adv_max               | 5.87     |
| adv_med               | -0.557   |
| adv_min               | -8.37    |
| adv_var               | 0.177    |
| clipfrac              | 0.127    |
| curr_lr               | 0.001    |
| entropy               | 1.06     |
| eplenmean             | 673      |
| eprewmean             | 3.43     |
| fps                   | 6.21e+03 |
| grad_norm             | 0.445    |
| kl                    | 0.021    |
| loss_pi               | -0.017   |
| loss_v                | 0.0142   |
| lr                    | 0.001    |
| misc/nupdates         | 739      |
| misc/serial_timesteps | 3.03e+06 |
| misc/time_elapsed     | 502      |
| misc/total_timesteps  | 3.03e+06 |
| ratio_max             | 1.83     |
| ratio_min             | 0.231    |
| ret_avg               | 0.25     |
| ret_max               | 6.74     |
| ret_med               | -0.398   |
| ret_min               | -0.556   |
| ret_var               | 1.01     |
------------------------------------
------------------------------------
| action_max            | 14       |
| action_min            | 0        |
| adv_avg               | -0.55    |
| adv_max               | 3.43     |
| adv_med               | -0.559   |
| adv_min               | -3.94    |
| adv_var               | 0.106    |
| clipfrac              | 0.195    |
| curr_lr               | 0.001    |
| entropy               | 1.79     |
| eplenmean             | 622      |
| eprewmean             | 3.96     |
| fps                   | 5.96e+03 |
| grad_norm             | 0.38     |
| kl                    | 0.0203   |
| loss_pi               | -0.0393  |
| loss_v                | 0.0138   |
| lr                    | 0.001    |
| misc/nupdates         | 749      |
| misc/serial_timesteps | 3.07e+06 |
| misc/time_elapsed     | 508      |
| misc/total_timesteps  | 3.07e+06 |
| ratio_max             | 2.1      |
| ratio_min             | 0.439    |
| ret_avg               | 1.18     |
| ret_max               | 7.96     |
| ret_med               | 0.3      |
| ret_min               | -0.596   |
| ret_var               | 5.67     |
------------------------------------
------------------------------------
| action_max            | 14       |
| action_min            | 0        |
| adv_avg               | -0.556   |
| adv_max               | 3.35     |
| adv_med               | -0.562   |
| adv_min               | -3.07    |
| adv_var               | 0.0731   |
| clipfrac              | 0.17     |
| curr_lr               | 0.001    |
| entropy               | 1.34     |
| eplenmean             | 648      |
| eprewmean             | 4.02     |
| fps                   | 6.07e+03 |
| grad_norm             | 0.576    |
| kl                    | 0.0143   |
| loss_pi               | -0.0318  |
| loss_v                | 0.0112   |
| lr                    | 0.001    |
| misc/nupdates         | 759      |
| misc/serial_timesteps | 3.11e+06 |
| misc/time_elapsed     | 515      |
| misc/total_timesteps  | 3.11e+06 |
| ratio_max             | 1.88     |
| ratio_min             | 0.285    |
| ret_avg               | 0.8      |
| ret_max               | 6.57     |
| ret_med               | -0.211   |
| ret_min               | -0.642   |
| ret_var               | 3.27     |
------------------------------------
------------------------------------
| action_max            | 14       |
| action_min            | 0        |
| adv_avg               | -0.568   |
| adv_max               | 1.46     |
| adv_med               | -0.565   |
| adv_min               | -2.81    |
| adv_var               | 0.0513   |
| clipfrac              | 0.264    |
| curr_lr               | 0.001    |
| entropy               | 1.77     |
| eplenmean             | 627      |
| eprewmean             | 3.64     |
| fps                   | 5.97e+03 |
| grad_norm             | 0.582    |
| kl                    | 0.0262   |
| loss_pi               | -0.0402  |
| loss_v                | 0.0345   |
| lr                    | 0.001    |
| misc/nupdates         | 769      |
| misc/serial_timesteps | 3.15e+06 |
| misc/time_elapsed     | 522      |
| misc/total_timesteps  | 3.15e+06 |
| ratio_max             | 2.71     |
| ratio_min             | 0.355    |
| ret_avg               | 0.446    |
| ret_max               | 6.77     |
| ret_med               | 0.354    |
| ret_min               | -0.68    |
| ret_var               | 1.31     |
------------------------------------
------------------------------------
| action_max            | 14       |
| action_min            | 0        |
| adv_avg               | -0.579   |
| adv_max               | 0.179    |
| adv_med               | -0.559   |
| adv_min               | -1.78    |
| adv_var               | 0.0135   |
| clipfrac              | 0.148    |
| curr_lr               | 0.001    |
| entropy               | 1.14     |
| eplenmean             | 608      |
| eprewmean             | 3.81     |
| fps                   | 6.06e+03 |
| grad_norm             | 0.43     |
| kl                    | 0.0146   |
| loss_pi               | -0.031   |
| loss_v                | 0.00427  |
| lr                    | 0.001    |
| misc/nupdates         | 779      |
| misc/serial_timesteps | 3.19e+06 |
| misc/time_elapsed     | 529      |
| misc/total_timesteps  | 3.19e+06 |
| ratio_max             | 1.82     |
| ratio_min             | 0.312    |
| ret_avg               | 0.182    |
| ret_max               | 5.17     |
| ret_med               | -0.162   |
| ret_min               | -0.636   |
| ret_var               | 1.82     |
------------------------------------
------------------------------------
| action_max            | 14       |
| action_min            | 0        |
| adv_avg               | -0.561   |
| adv_max               | 4.79     |
| adv_med               | -0.565   |
| adv_min               | -2.51    |
| adv_var               | 0.146    |
| clipfrac              | 0.207    |
| curr_lr               | 0.001    |
| entropy               | 1.68     |
| eplenmean             | 626      |
| eprewmean             | 3.68     |
| fps                   | 6.28e+03 |
| grad_norm             | 0.714    |
| kl                    | 0.0152   |
| loss_pi               | -0.0225  |
| loss_v                | 0.0364   |
| lr                    | 0.001    |
| misc/nupdates         | 789      |
| misc/serial_timesteps | 3.24e+06 |
| misc/time_elapsed     | 536      |
| misc/total_timesteps  | 3.24e+06 |
| ratio_max             | 2.23     |
| ratio_min             | 0.522    |
| ret_avg               | 0.835    |
| ret_max               | 7.15     |
| ret_med               | 0.0207   |
| ret_min               | -0.655   |
| ret_var               | 2.51     |
------------------------------------
------------------------------------
| action_max            | 14       |
| action_min            | 0        |
| adv_avg               | -0.57    |
| adv_max               | 1.53     |
| adv_med               | -0.565   |
| adv_min               | -2.49    |
| adv_var               | 0.0553   |
| clipfrac              | 0.154    |
| curr_lr               | 0.001    |
| entropy               | 1.3      |
| eplenmean             | 600      |
| eprewmean             | 4.28     |
| fps                   | 5.96e+03 |
| grad_norm             | 0.598    |
| kl                    | 0.0117   |
| loss_pi               | -0.0183  |
| loss_v                | 0.0105   |
| lr                    | 0.001    |
| misc/nupdates         | 799      |
| misc/serial_timesteps | 3.28e+06 |
| misc/time_elapsed     | 543      |
| misc/total_timesteps  | 3.28e+06 |
| ratio_max             | 2.11     |
| ratio_min             | 0.419    |
| ret_avg               | 0.2      |
| ret_max               | 7.07     |
| ret_med               | -0.136   |
| ret_min               | -0.655   |
| ret_var               | 1.11     |
------------------------------------
------------------------------------
| action_max            | 14       |
| action_min            | 0        |
| adv_avg               | -0.582   |
| adv_max               | 0.205    |
| adv_med               | -0.564   |
| adv_min               | -1.85    |
| adv_var               | 0.0123   |
| clipfrac              | 0.178    |
| curr_lr               | 0.001    |
| entropy               | 1.21     |
| eplenmean             | 630      |
| eprewmean             | 4.13     |
| fps                   | 5.9e+03  |
| grad_norm             | 0.405    |
| kl                    | 0.0147   |
| loss_pi               | -0.0289  |
| loss_v                | 0.00374  |
| lr                    | 0.001    |
| misc/nupdates         | 809      |
| misc/serial_timesteps | 3.32e+06 |
| misc/time_elapsed     | 549      |
| misc/total_timesteps  | 3.32e+06 |
| ratio_max             | 2.96     |
| ratio_min             | 0.357    |
| ret_avg               | -0.167   |
| ret_max               | 2.53     |
| ret_med               | -0.522   |
| ret_min               | -0.667   |
| ret_var               | 0.401    |
------------------------------------
------------------------------------
| action_max            | 14       |
| action_min            | 0        |
| adv_avg               | -0.573   |
| adv_max               | 0.499    |
| adv_med               | -0.563   |
| adv_min               | -4.99    |
| adv_var               | 0.0592   |
| clipfrac              | 0.156    |
| curr_lr               | 0.001    |
| entropy               | 0.992    |
| eplenmean             | 628      |
| eprewmean             | 3.93     |
| fps                   | 5.91e+03 |
| grad_norm             | 0.244    |
| kl                    | 0.0112   |
| loss_pi               | -0.0276  |
| loss_v                | 0.00701  |
| lr                    | 0.001    |
| misc/nupdates         | 819      |
| misc/serial_timesteps | 3.36e+06 |
| misc/time_elapsed     | 556      |
| misc/total_timesteps  | 3.36e+06 |
| ratio_max             | 1.84     |
| ratio_min             | 0.498    |
| ret_avg               | -0.204   |
| ret_max               | 3.12     |
| ret_med               | -0.395   |
| ret_min               | -0.628   |
| ret_var               | 0.384    |
------------------------------------
------------------------------------
| action_max            | 14       |
| action_min            | 0        |
| adv_avg               | -0.603   |
| adv_max               | 2.5      |
| adv_med               | -0.564   |
| adv_min               | -4.61    |
| adv_var               | 0.0878   |
| clipfrac              | 0.217    |
| curr_lr               | 0.001    |
| entropy               | 1.33     |
| eplenmean             | 653      |
| eprewmean             | 3.71     |
| fps                   | 5.96e+03 |
| grad_norm             | 0.554    |
| kl                    | 0.0156   |
| loss_pi               | -0.0266  |
| loss_v                | 0.0248   |
| lr                    | 0.001    |
| misc/nupdates         | 829      |
| misc/serial_timesteps | 3.4e+06  |
| misc/time_elapsed     | 563      |
| misc/total_timesteps  | 3.4e+06  |
| ratio_max             | 2.48     |
| ratio_min             | 0.533    |
| ret_avg               | 0.0867   |
| ret_max               | 6.3      |
| ret_med               | -0.463   |
| ret_min               | -0.648   |
| ret_var               | 1.47     |
------------------------------------
------------------------------------
| action_max            | 14       |
| action_min            | 0        |
| adv_avg               | -0.564   |
| adv_max               | 0.404    |
| adv_med               | -0.559   |
| adv_min               | -1.6     |
| adv_var               | 0.00723  |
| clipfrac              | 0.201    |
| curr_lr               | 0.001    |
| entropy               | 1.28     |
| eplenmean             | 628      |
| eprewmean             | 4.59     |
| fps                   | 6.18e+03 |
| grad_norm             | 0.427    |
| kl                    | 0.0153   |
| loss_pi               | -0.0353  |
| loss_v                | 0.00172  |
| lr                    | 0.001    |
| misc/nupdates         | 839      |
| misc/serial_timesteps | 3.44e+06 |
| misc/time_elapsed     | 570      |
| misc/total_timesteps  | 3.44e+06 |
| ratio_max             | 2.4      |
| ratio_min             | 0.566    |
| ret_avg               | -0.123   |
| ret_max               | 2.23     |
| ret_med               | -0.328   |
| ret_min               | -0.864   |
| ret_var               | 0.393    |
------------------------------------
------------------------------------
| action_max            | 14       |
| action_min            | 0        |
| adv_avg               | -0.568   |
| adv_max               | -0.0829  |
| adv_med               | -0.558   |
| adv_min               | -1.55    |
| adv_var               | 0.00642  |
| clipfrac              | 0.201    |
| curr_lr               | 0.001    |
| entropy               | 1.58     |
| eplenmean             | 597      |
| eprewmean             | 4.22     |
| fps                   | 6.27e+03 |
| grad_norm             | 0.416    |
| kl                    | 0.0151   |
| loss_pi               | -0.0312  |
| loss_v                | 0.00213  |
| lr                    | 0.001    |
| misc/nupdates         | 849      |
| misc/serial_timesteps | 3.48e+06 |
| misc/time_elapsed     | 577      |
| misc/total_timesteps  | 3.48e+06 |
| ratio_max             | 1.7      |
| ratio_min             | 0.469    |
| ret_avg               | -0.067   |
| ret_max               | 1.03     |
| ret_med               | -0.222   |
| ret_min               | -0.596   |
| ret_var               | 0.234    |
------------------------------------
------------------------------------
| action_max            | 14       |
| action_min            | 0        |
| adv_avg               | -0.547   |
| adv_max               | 4.53     |
| adv_med               | -0.563   |
| adv_min               | -1.61    |
| adv_var               | 0.0916   |
| clipfrac              | 0.197    |
| curr_lr               | 0.001    |
| entropy               | 1.4      |
| eplenmean             | 634      |
| eprewmean             | 4.3      |
| fps                   | 5.94e+03 |
| grad_norm             | 0.503    |
| kl                    | 0.0187   |
| loss_pi               | -0.00315 |
| loss_v                | 0.0181   |
| lr                    | 0.001    |
| misc/nupdates         | 859      |
| misc/serial_timesteps | 3.52e+06 |
| misc/time_elapsed     | 583      |
| misc/total_timesteps  | 3.52e+06 |
| ratio_max             | 2.29     |
| ratio_min             | 0.429    |
| ret_avg               | 0.227    |
| ret_max               | 6.31     |
| ret_med               | -0.0783  |
| ret_min               | -0.678   |
| ret_var               | 0.908    |
------------------------------------
------------------------------------
| action_max            | 14       |
| action_min            | 0        |
| adv_avg               | -0.584   |
| adv_max               | 0.0914   |
| adv_med               | -0.566   |
| adv_min               | -2.16    |
| adv_var               | 0.0203   |
| clipfrac              | 0.215    |
| curr_lr               | 0.001    |
| entropy               | 1.53     |
| eplenmean             | 666      |
| eprewmean             | 4.01     |
| fps                   | 5.95e+03 |
| grad_norm             | 0.397    |
| kl                    | 0.0164   |
| loss_pi               | -0.0413  |
| loss_v                | 0.0081   |
| lr                    | 0.001    |
| misc/nupdates         | 869      |
| misc/serial_timesteps | 3.56e+06 |
| misc/time_elapsed     | 590      |
| misc/total_timesteps  | 3.56e+06 |
| ratio_max             | 1.57     |
| ratio_min             | 0.397    |
| ret_avg               | 0.258    |
| ret_max               | 3.79     |
| ret_med               | 0.0238   |
| ret_min               | -0.567   |
| ret_var               | 0.869    |
------------------------------------
------------------------------------
| action_max            | 14       |
| action_min            | 0        |
| adv_avg               | -0.575   |
| adv_max               | -0.0413  |
| adv_med               | -0.569   |
| adv_min               | -0.99    |
| adv_var               | 0.00326  |
| clipfrac              | 0.227    |
| curr_lr               | 0.001    |
| entropy               | 1.33     |
| eplenmean             | 765      |
| eprewmean             | 2.65     |
| fps                   | 6.27e+03 |
| grad_norm             | 0.354    |
| kl                    | 0.0218   |
| loss_pi               | -0.0307  |
| loss_v                | 0.00167  |
| lr                    | 0.001    |
| misc/nupdates         | 879      |
| misc/serial_timesteps | 3.6e+06  |
| misc/time_elapsed     | 597      |
| misc/total_timesteps  | 3.6e+06  |
| ratio_max             | 2.52     |
| ratio_min             | 0.392    |
| ret_avg               | -0.0192  |
| ret_max               | 2.24     |
| ret_med               | -0.055   |
| ret_min               | -0.605   |
| ret_var               | 0.171    |
------------------------------------
------------------------------------
| action_max            | 14       |
| action_min            | 0        |
| adv_avg               | -0.473   |
| adv_max               | 5.12     |
| adv_med               | -0.566   |
| adv_min               | -1.45    |
| adv_var               | 0.226    |
| clipfrac              | 0.135    |
| curr_lr               | 0.001    |
| entropy               | 1.23     |
| eplenmean             | 797      |
| eprewmean             | 3.15     |
| fps                   | 5.94e+03 |
| grad_norm             | 0.705    |
| kl                    | 0.0142   |
| loss_pi               | -0.0124  |
| loss_v                | 0.0171   |
| lr                    | 0.001    |
| misc/nupdates         | 889      |
| misc/serial_timesteps | 3.65e+06 |
| misc/time_elapsed     | 604      |
| misc/total_timesteps  | 3.65e+06 |
| ratio_max             | 1.64     |
| ratio_min             | 0.345    |
| ret_avg               | 0.257    |
| ret_max               | 7.98     |
| ret_med               | -0.233   |
| ret_min               | -0.63    |
| ret_var               | 1.9      |
------------------------------------
------------------------------------
| action_max            | 14       |
| action_min            | 0        |
| adv_avg               | -0.572   |
| adv_max               | -0.212   |
| adv_med               | -0.566   |
| adv_min               | -1.13    |
| adv_var               | 0.00272  |
| clipfrac              | 0.207    |
| curr_lr               | 0.001    |
| entropy               | 1.14     |
| eplenmean             | 722      |
| eprewmean             | 4.21     |
| fps                   | 5.96e+03 |
| grad_norm             | 0.321    |
| kl                    | 0.0181   |
| loss_pi               | -0.0379  |
| loss_v                | 0.00196  |
| lr                    | 0.001    |
| misc/nupdates         | 899      |
| misc/serial_timesteps | 3.69e+06 |
| misc/time_elapsed     | 611      |
| misc/total_timesteps  | 3.69e+06 |
| ratio_max             | 2.07     |
| ratio_min             | 0.333    |
| ret_avg               | -0.319   |
| ret_max               | 2.02     |
| ret_med               | -0.477   |
| ret_min               | -0.632   |
| ret_var               | 0.143    |
------------------------------------
------------------------------------
| action_max            | 14       |
| action_min            | 0        |
| adv_avg               | -0.567   |
| adv_max               | 0.605    |
| adv_med               | -0.565   |
| adv_min               | -0.834   |
| adv_var               | 0.00556  |
| clipfrac              | 0.211    |
| curr_lr               | 0.001    |
| entropy               | 0.98     |
| eplenmean             | 706      |
| eprewmean             | 3.77     |
| fps                   | 5.93e+03 |
| grad_norm             | 0.383    |
| kl                    | 0.0194   |
| loss_pi               | -0.0345  |
| loss_v                | 0.00203  |
| lr                    | 0.001    |
| misc/nupdates         | 909      |
| misc/serial_timesteps | 3.73e+06 |
| misc/time_elapsed     | 617      |
| misc/total_timesteps  | 3.73e+06 |
| ratio_max             | 2.41     |
| ratio_min             | 0.365    |
| ret_avg               | 0.0749   |
| ret_max               | 7.19     |
| ret_med               | -0.469   |
| ret_min               | -0.564   |
| ret_var               | 1.34     |
------------------------------------
------------------------------------
| action_max            | 14       |
| action_min            | 0        |
| adv_avg               | -0.591   |
| adv_max               | 0.0824   |
| adv_med               | -0.566   |
| adv_min               | -2.21    |
| adv_var               | 0.0271   |
| clipfrac              | 0.152    |
| curr_lr               | 0.001    |
| entropy               | 0.97     |
| eplenmean             | 708      |
| eprewmean             | 3.27     |
| fps                   | 6.16e+03 |
| grad_norm             | 0.385    |
| kl                    | 0.0126   |
| loss_pi               | -0.0244  |
| loss_v                | 0.00666  |
| lr                    | 0.001    |
| misc/nupdates         | 919      |
| misc/serial_timesteps | 3.77e+06 |
| misc/time_elapsed     | 624      |
| misc/total_timesteps  | 3.77e+06 |
| ratio_max             | 3.31     |
| ratio_min             | 0.396    |
| ret_avg               | 0.181    |
| ret_max               | 7.07     |
| ret_med               | -0.339   |
| ret_min               | -0.565   |
| ret_var               | 1.59     |
------------------------------------
------------------------------------
| action_max            | 14       |
| action_min            | 0        |
| adv_avg               | -0.538   |
| adv_max               | 3.56     |
| adv_med               | -0.565   |
| adv_min               | -1.5     |
| adv_var               | 0.0647   |
| clipfrac              | 0.158    |
| curr_lr               | 0.001    |
| entropy               | 1.17     |
| eplenmean             | 630      |
| eprewmean             | 4.85     |
| fps                   | 6.01e+03 |
| grad_norm             | 0.378    |
| kl                    | 0.0136   |
| loss_pi               | -0.0195  |
| loss_v                | 0.0098   |
| lr                    | 0.001    |
| misc/nupdates         | 929      |
| misc/serial_timesteps | 3.81e+06 |
| misc/time_elapsed     | 631      |
| misc/total_timesteps  | 3.81e+06 |
| ratio_max             | 2.34     |
| ratio_min             | 0.414    |
| ret_avg               | 0.00111  |
| ret_max               | 6.17     |
| ret_med               | -0.33    |
| ret_min               | -0.565   |
| ret_var               | 0.622    |
------------------------------------
------------------------------------
| action_max            | 14       |
| action_min            | 0        |
| adv_avg               | -0.533   |
| adv_max               | 1.64     |
| adv_med               | -0.563   |
| adv_min               | -1.85    |
| adv_var               | 0.0459   |
| clipfrac              | 0.211    |
| curr_lr               | 0.001    |
| entropy               | 1.23     |
| eplenmean             | 594      |
| eprewmean             | 5.61     |
| fps                   | 5.94e+03 |
| grad_norm             | 0.524    |
| kl                    | 0.0184   |
| loss_pi               | -0.0207  |
| loss_v                | 0.0102   |
| lr                    | 0.001    |
| misc/nupdates         | 939      |
| misc/serial_timesteps | 3.85e+06 |
| misc/time_elapsed     | 638      |
| misc/total_timesteps  | 3.85e+06 |
| ratio_max             | 2.06     |
| ratio_min             | 0.596    |
| ret_avg               | 0.0613   |
| ret_max               | 6.09     |
| ret_med               | -0.345   |
| ret_min               | -0.562   |
| ret_var               | 1.26     |
------------------------------------
------------------------------------
| action_max            | 14       |
| action_min            | 0        |
| adv_avg               | -0.577   |
| adv_max               | 1.52     |
| adv_med               | -0.563   |
| adv_min               | -5.63    |
| adv_var               | 0.0896   |
| clipfrac              | 0.188    |
| curr_lr               | 0.001    |
| entropy               | 1.11     |
| eplenmean             | 624      |
| eprewmean             | 5.09     |
| fps                   | 5.9e+03  |
| grad_norm             | 0.357    |
| kl                    | 0.0175   |
| loss_pi               | -0.0256  |
| loss_v                | 0.0127   |
| lr                    | 0.001    |
| misc/nupdates         | 949      |
| misc/serial_timesteps | 3.89e+06 |
| misc/time_elapsed     | 644      |
| misc/total_timesteps  | 3.89e+06 |
| ratio_max             | 3.88     |
| ratio_min             | 0.266    |
| ret_avg               | 0.546    |
| ret_max               | 7.09     |
| ret_med               | -0.39    |
| ret_min               | -0.566   |
| ret_var               | 2.73     |
------------------------------------
------------------------------------
| action_max            | 14       |
| action_min            | 0        |
| adv_avg               | -0.583   |
| adv_max               | 3.46     |
| adv_med               | -0.569   |
| adv_min               | -4.52    |
| adv_var               | 0.135    |
| clipfrac              | 0.279    |
| curr_lr               | 0.001    |
| entropy               | 1.44     |
| eplenmean             | 595      |
| eprewmean             | 5.33     |
| fps                   | 6.02e+03 |
| grad_norm             | 0.512    |
| kl                    | 0.0234   |
| loss_pi               | -0.0401  |
| loss_v                | 0.027    |
| lr                    | 0.001    |
| misc/nupdates         | 959      |
| misc/serial_timesteps | 3.93e+06 |
| misc/time_elapsed     | 651      |
| misc/total_timesteps  | 3.93e+06 |
| ratio_max             | 3.02     |
| ratio_min             | 0.31     |
| ret_avg               | 0.719    |
| ret_max               | 5.96     |
| ret_med               | 0.553    |
| ret_min               | -0.611   |
| ret_var               | 1.73     |
------------------------------------
------------------------------------
| action_max            | 14       |
| action_min            | 0        |
| adv_avg               | -0.554   |
| adv_max               | 4.03     |
| adv_med               | -0.565   |
| adv_min               | -3.37    |
| adv_var               | 0.144    |
| clipfrac              | 0.26     |
| curr_lr               | 0.001    |
| entropy               | 1.69     |
| eplenmean             | 509      |
| eprewmean             | 5.79     |
| fps                   | 6.36e+03 |
| grad_norm             | 0.607    |
| kl                    | 0.0224   |
| loss_pi               | -0.0156  |
| loss_v                | 0.0453   |
| lr                    | 0.001    |
| misc/nupdates         | 969      |
| misc/serial_timesteps | 3.97e+06 |
| misc/time_elapsed     | 658      |
| misc/total_timesteps  | 3.97e+06 |
| ratio_max             | 2.05     |
| ratio_min             | 0.365    |
| ret_avg               | 0.612    |
| ret_max               | 5.91     |
| ret_med               | 0.33     |
| ret_min               | -0.616   |
| ret_var               | 1.36     |
------------------------------------
------------------------------------
| action_max            | 14       |
| action_min            | 0        |
| adv_avg               | -0.58    |
| adv_max               | 2.28     |
| adv_med               | -0.568   |
| adv_min               | -4.78    |
| adv_var               | 0.0995   |
| clipfrac              | 0.215    |
| curr_lr               | 0.001    |
| entropy               | 1.47     |
| eplenmean             | 593      |
| eprewmean             | 4.15     |
| fps                   | 6.3e+03  |
| grad_norm             | 0.472    |
| kl                    | 0.0232   |
| loss_pi               | -0.0382  |
| loss_v                | 0.0684   |
| lr                    | 0.001    |
| misc/nupdates         | 979      |
| misc/serial_timesteps | 4.01e+06 |
| misc/time_elapsed     | 665      |
| misc/total_timesteps  | 4.01e+06 |
| ratio_max             | 2.42     |
| ratio_min             | 0.416    |
| ret_avg               | 0.339    |
| ret_max               | 5.87     |
| ret_med               | -0.179   |
| ret_min               | -0.608   |
| ret_var               | 1.38     |
------------------------------------
------------------------------------
| action_max            | 14       |
| action_min            | 0        |
| adv_avg               | -0.58    |
| adv_max               | 1.65     |
| adv_med               | -0.566   |
| adv_min               | -4.21    |
| adv_var               | 0.0726   |
| clipfrac              | 0.146    |
| curr_lr               | 0.001    |
| entropy               | 1.05     |
| eplenmean             | 557      |
| eprewmean             | 4.23     |
| fps                   | 6.01e+03 |
| grad_norm             | 0.723    |
| kl                    | 0.025    |
| loss_pi               | -0.0278  |
| loss_v                | 0.0497   |
| lr                    | 0.001    |
| misc/nupdates         | 989      |
| misc/serial_timesteps | 4.06e+06 |
| misc/time_elapsed     | 672      |
| misc/total_timesteps  | 4.06e+06 |
| ratio_max             | 4.07     |
| ratio_min             | 0.227    |
| ret_avg               | 0.372    |
| ret_max               | 6.24     |
| ret_med               | -0.531   |
| ret_min               | -0.565   |
| ret_var               | 2.16     |
------------------------------------
------------------------------------
| action_max            | 14       |
| action_min            | 0        |
| adv_avg               | -0.556   |
| adv_max               | 2.88     |
| adv_med               | -0.569   |
| adv_min               | -1.67    |
| adv_var               | 0.0527   |
| clipfrac              | 0.205    |
| curr_lr               | 0.001    |
| entropy               | 1.83     |
| eplenmean             | 581      |
| eprewmean             | 4.2      |
| fps                   | 6.27e+03 |
| grad_norm             | 0.58     |
| kl                    | 0.0165   |
| loss_pi               | -0.0124  |
| loss_v                | 0.0054   |
| lr                    | 0.001    |
| misc/nupdates         | 999      |
| misc/serial_timesteps | 4.1e+06  |
| misc/time_elapsed     | 678      |
| misc/total_timesteps  | 4.1e+06  |
| ratio_max             | 3.41     |
| ratio_min             | 0.232    |
| ret_avg               | -0.0477  |
| ret_max               | 6.51     |
| ret_med               | -0.352   |
| ret_min               | -0.612   |
| ret_var               | 1.3      |
------------------------------------
------------------------------------
| action_max            | 14       |
| action_min            | 0        |
| adv_avg               | -0.57    |
| adv_max               | 0.777    |
| adv_med               | -0.564   |
| adv_min               | -4.26    |
| adv_var               | 0.0208   |
| clipfrac              | 0.16     |
| curr_lr               | 0.001    |
| entropy               | 1.24     |
| eplenmean             | 603      |
| eprewmean             | 4.04     |
| fps                   | 6e+03    |
| grad_norm             | 0.522    |
| kl                    | 0.0114   |
| loss_pi               | -0.0312  |
| loss_v                | 0.00463  |
| lr                    | 0.001    |
| misc/nupdates         | 1.01e+03 |
| misc/serial_timesteps | 4.14e+06 |
| misc/time_elapsed     | 685      |
| misc/total_timesteps  | 4.14e+06 |
| ratio_max             | 1.65     |
| ratio_min             | 0.505    |
| ret_avg               | -0.232   |
| ret_max               | 1.98     |
| ret_med               | -0.324   |
| ret_min               | -0.565   |
| ret_var               | 0.157    |
------------------------------------
------------------------------------
| action_max            | 14       |
| action_min            | 0        |
| adv_avg               | -0.56    |
| adv_max               | 2.59     |
| adv_med               | -0.565   |
| adv_min               | -1.04    |
| adv_var               | 0.0331   |
| clipfrac              | 0.178    |
| curr_lr               | 0.001    |
| entropy               | 1.38     |
| eplenmean             | 679      |
| eprewmean             | 3.64     |
| fps                   | 5.82e+03 |
| grad_norm             | 0.705    |
| kl                    | 0.016    |
| loss_pi               | -0.0268  |
| loss_v                | 0.00778  |
| lr                    | 0.001    |
| misc/nupdates         | 1.02e+03 |
| misc/serial_timesteps | 4.18e+06 |
| misc/time_elapsed     | 692      |
| misc/total_timesteps  | 4.18e+06 |
| ratio_max             | 3.86     |
| ratio_min             | 0.482    |
| ret_avg               | 0.429    |
| ret_max               | 6.1      |
| ret_med               | -0.361   |
| ret_min               | -0.562   |
| ret_var               | 2.89     |
------------------------------------
------------------------------------
| action_max            | 14       |
| action_min            | 0        |
| adv_avg               | -0.511   |
| adv_max               | 2.86     |
| adv_med               | -0.565   |
| adv_min               | -3.08    |
| adv_var               | 0.0961   |
| clipfrac              | 0.121    |
| curr_lr               | 0.001    |
| entropy               | 1.15     |
| eplenmean             | 709      |
| eprewmean             | 4.43     |
| fps                   | 6.26e+03 |
| grad_norm             | 0.473    |
| kl                    | 0.0125   |
| loss_pi               | -0.0245  |
| loss_v                | 0.0132   |
| lr                    | 0.001    |
| misc/nupdates         | 1.03e+03 |
| misc/serial_timesteps | 4.22e+06 |
| misc/time_elapsed     | 698      |
| misc/total_timesteps  | 4.22e+06 |
| ratio_max             | 2.71     |
| ratio_min             | 0.531    |
| ret_avg               | 0.11     |
| ret_max               | 7.37     |
| ret_med               | -0.34    |
| ret_min               | -0.562   |
| ret_var               | 1.41     |
------------------------------------
------------------------------------
| action_max            | 14       |
| action_min            | 0        |
| adv_avg               | -0.547   |
| adv_max               | 1.9      |
| adv_med               | -0.563   |
| adv_min               | -1.32    |
| adv_var               | 0.0466   |
| clipfrac              | 0.207    |
| curr_lr               | 0.001    |
| entropy               | 1.59     |
| eplenmean             | 616      |
| eprewmean             | 5.05     |
| fps                   | 5.95e+03 |
| grad_norm             | 0.537    |
| kl                    | 0.0197   |
| loss_pi               | -0.0326  |
| loss_v                | 0.0156   |
| lr                    | 0.001    |
| misc/nupdates         | 1.04e+03 |
| misc/serial_timesteps | 4.26e+06 |
| misc/time_elapsed     | 705      |
| misc/total_timesteps  | 4.26e+06 |
| ratio_max             | 1.98     |
| ratio_min             | 0.534    |
| ret_avg               | 0.31     |
| ret_max               | 6.13     |
| ret_med               | -0.0535  |
| ret_min               | -0.66    |
| ret_var               | 1.65     |
------------------------------------
------------------------------------
| action_max            | 14       |
| action_min            | 0        |
| adv_avg               | -0.566   |
| adv_max               | 0.0263   |
| adv_med               | -0.561   |
| adv_min               | -1.41    |
| adv_var               | 0.00384  |
| clipfrac              | 0.158    |
| curr_lr               | 0.001    |
| entropy               | 1.35     |
| eplenmean             | 454      |
| eprewmean             | 6.6      |
| fps                   | 5.95e+03 |
| grad_norm             | 0.56     |
| kl                    | 0.013    |
| loss_pi               | -0.0193  |
| loss_v                | 0.0029   |
| lr                    | 0.001    |
| misc/nupdates         | 1.05e+03 |
| misc/serial_timesteps | 4.3e+06  |
| misc/time_elapsed     | 712      |
| misc/total_timesteps  | 4.3e+06  |
| ratio_max             | 1.52     |
| ratio_min             | 0.534    |
| ret_avg               | -0.448   |
| ret_max               | 0.628    |
| ret_med               | -0.472   |
| ret_min               | -0.715   |
| ret_var               | 0.035    |
------------------------------------
------------------------------------
| action_max            | 14       |
| action_min            | 0        |
| adv_avg               | -0.593   |
| adv_max               | -0.0394  |
| adv_med               | -0.564   |
| adv_min               | -1.91    |
| adv_var               | 0.0157   |
| clipfrac              | 0.189    |
| curr_lr               | 0.001    |
| entropy               | 1.61     |
| eplenmean             | 596      |
| eprewmean             | 6.06     |
| fps                   | 6.34e+03 |
| grad_norm             | 0.527    |
| kl                    | 0.0366   |
| loss_pi               | -0.0319  |
| loss_v                | 0.00654  |
| lr                    | 0.001    |
| misc/nupdates         | 1.06e+03 |
| misc/serial_timesteps | 4.34e+06 |
| misc/time_elapsed     | 719      |
| misc/total_timesteps  | 4.34e+06 |
| ratio_max             | 2.88     |
| ratio_min             | 0.279    |
| ret_avg               | 0.362    |
| ret_max               | 5.15     |
| ret_med               | -0.458   |
| ret_min               | -0.664   |
| ret_var               | 2.97     |
------------------------------------
------------------------------------
| action_max            | 14       |
| action_min            | 0        |
| adv_avg               | -0.566   |
| adv_max               | 3.87     |
| adv_med               | -0.562   |
| adv_min               | -2.75    |
| adv_var               | 0.106    |
| clipfrac              | 0.238    |
| curr_lr               | 0.001    |
| entropy               | 1.61     |
| eplenmean             | 615      |
| eprewmean             | 5.83     |
| fps                   | 6.02e+03 |
| grad_norm             | 0.498    |
| kl                    | 0.0431   |
| loss_pi               | -0.0236  |
| loss_v                | 0.0195   |
| lr                    | 0.001    |
| misc/nupdates         | 1.07e+03 |
| misc/serial_timesteps | 4.38e+06 |
| misc/time_elapsed     | 725      |
| misc/total_timesteps  | 4.38e+06 |
| ratio_max             | 3.01     |
| ratio_min             | 0.533    |
| ret_avg               | 1.32     |
| ret_max               | 6.94     |
| ret_med               | 0.22     |
| ret_min               | -0.666   |
| ret_var               | 4.81     |
------------------------------------
------------------------------------
| action_max            | 14       |
| action_min            | 0        |
| adv_avg               | -0.543   |
| adv_max               | 1.54     |
| adv_med               | -0.559   |
| adv_min               | -1.47    |
| adv_var               | 0.0349   |
| clipfrac              | 0.252    |
| curr_lr               | 0.001    |
| entropy               | 1.89     |
| eplenmean             | 624      |
| eprewmean             | 6.32     |
| fps                   | 6.23e+03 |
| grad_norm             | 0.577    |
| kl                    | 0.0236   |
| loss_pi               | -0.0352  |
| loss_v                | 0.00835  |
| lr                    | 0.001    |
| misc/nupdates         | 1.08e+03 |
| misc/serial_timesteps | 4.42e+06 |
| misc/time_elapsed     | 732      |
| misc/total_timesteps  | 4.42e+06 |
| ratio_max             | 2.26     |
| ratio_min             | 0.347    |
| ret_avg               | 0.728    |
| ret_max               | 6.56     |
| ret_med               | -0.0141  |
| ret_min               | -0.642   |
| ret_var               | 3.02     |
------------------------------------
------------------------------------
| action_max            | 14       |
| action_min            | 0        |
| adv_avg               | -0.528   |
| adv_max               | 2.95     |
| adv_med               | -0.557   |
| adv_min               | -1.87    |
| adv_var               | 0.0937   |
| clipfrac              | 0.215    |
| curr_lr               | 0.001    |
| entropy               | 1.6      |
| eplenmean             | 542      |
| eprewmean             | 6.85     |
| fps                   | 6e+03    |
| grad_norm             | 0.724    |
| kl                    | 0.0197   |
| loss_pi               | -0.0242  |
| loss_v                | 0.0258   |
| lr                    | 0.001    |
| misc/nupdates         | 1.09e+03 |
| misc/serial_timesteps | 4.46e+06 |
| misc/time_elapsed     | 739      |
| misc/total_timesteps  | 4.46e+06 |
| ratio_max             | 1.79     |
| ratio_min             | 0.498    |
| ret_avg               | 0.756    |
| ret_max               | 7.08     |
| ret_med               | -0.496   |
| ret_min               | -0.657   |
| ret_var               | 4.11     |
------------------------------------
------------------------------------
| action_max            | 14       |
| action_min            | 0        |
| adv_avg               | -0.547   |
| adv_max               | 1.22     |
| adv_med               | -0.56    |
| adv_min               | -2.56    |
| adv_var               | 0.0645   |
| clipfrac              | 0.219    |
| curr_lr               | 0.001    |
| entropy               | 1.39     |
| eplenmean             | 474      |
| eprewmean             | 7.64     |
| fps                   | 6.09e+03 |
| grad_norm             | 0.594    |
| kl                    | 0.028    |
| loss_pi               | -0.032   |
| loss_v                | 0.00842  |
| lr                    | 0.001    |
| misc/nupdates         | 1.1e+03  |
| misc/serial_timesteps | 4.51e+06 |
| misc/time_elapsed     | 746      |
| misc/total_timesteps  | 4.51e+06 |
| ratio_max             | 2.6      |
| ratio_min             | 0.371    |
| ret_avg               | 0.754    |
| ret_max               | 6.96     |
| ret_med               | -0.308   |
| ret_min               | -0.624   |
| ret_var               | 3.27     |
------------------------------------
------------------------------------
| action_max            | 14       |
| action_min            | 0        |
| adv_avg               | -0.548   |
| adv_max               | 1.33     |
| adv_med               | -0.555   |
| adv_min               | -1.2     |
| adv_var               | 0.0267   |
| clipfrac              | 0.113    |
| curr_lr               | 0.001    |
| entropy               | 1.22     |
| eplenmean             | 369      |
| eprewmean             | 8.01     |
| fps                   | 6.32e+03 |
| grad_norm             | 0.66     |
| kl                    | 0.0105   |
| loss_pi               | -0.0194  |
| loss_v                | 0.00461  |
| lr                    | 0.001    |
| misc/nupdates         | 1.11e+03 |
| misc/serial_timesteps | 4.55e+06 |
| misc/time_elapsed     | 752      |
| misc/total_timesteps  | 4.55e+06 |
| ratio_max             | 1.9      |
| ratio_min             | 0.512    |
| ret_avg               | 0.143    |
| ret_max               | 5.2      |
| ret_med               | -0.511   |
| ret_min               | -0.556   |
| ret_var               | 1.63     |
------------------------------------
------------------------------------
| action_max            | 14       |
| action_min            | 0        |
| adv_avg               | -0.622   |
| adv_max               | 2.29     |
| adv_med               | -0.564   |
| adv_min               | -5.88    |
| adv_var               | 0.18     |
| clipfrac              | 0.232    |
| curr_lr               | 0.001    |
| entropy               | 1.86     |
| eplenmean             | 398      |
| eprewmean             | 7.17     |
| fps                   | 6.25e+03 |
| grad_norm             | 0.692    |
| kl                    | 0.0194   |
| loss_pi               | -0.0339  |
| loss_v                | 0.0407   |
| lr                    | 0.001    |
| misc/nupdates         | 1.12e+03 |
| misc/serial_timesteps | 4.59e+06 |
| misc/time_elapsed     | 759      |
| misc/total_timesteps  | 4.59e+06 |
| ratio_max             | 2.29     |
| ratio_min             | 0.409    |
| ret_avg               | 1.15     |
| ret_max               | 5.85     |
| ret_med               | 0.0404   |
| ret_min               | -0.555   |
| ret_var               | 4.04     |
------------------------------------
------------------------------------
| action_max            | 14       |
| action_min            | 0        |
| adv_avg               | -0.534   |
| adv_max               | 2.45     |
| adv_med               | -0.567   |
| adv_min               | -1.34    |
| adv_var               | 0.0511   |
| clipfrac              | 0.223    |
| curr_lr               | 0.001    |
| entropy               | 1.69     |
| eplenmean             | 468      |
| eprewmean             | 5.92     |
| fps                   | 5.91e+03 |
| grad_norm             | 0.457    |
| kl                    | 0.0268   |
| loss_pi               | -0.0331  |
| loss_v                | 0.00916  |
| lr                    | 0.001    |
| misc/nupdates         | 1.13e+03 |
| misc/serial_timesteps | 4.63e+06 |
| misc/time_elapsed     | 766      |
| misc/total_timesteps  | 4.63e+06 |
| ratio_max             | 4.59     |
| ratio_min             | 0.448    |
| ret_avg               | 0.664    |
| ret_max               | 5.46     |
| ret_med               | 0.198    |
| ret_min               | -0.557   |
| ret_var               | 1.8      |
------------------------------------
------------------------------------
| action_max            | 14       |
| action_min            | 0        |
| adv_avg               | -0.589   |
| adv_max               | 1.55     |
| adv_med               | -0.562   |
| adv_min               | -4.54    |
| adv_var               | 0.0655   |
| clipfrac              | 0.186    |
| curr_lr               | 0.001    |
| entropy               | 1.42     |
| eplenmean             | 495      |
| eprewmean             | 6.82     |
| fps                   | 6.2e+03  |
| grad_norm             | 0.649    |
| kl                    | 0.0171   |
| loss_pi               | -0.0341  |
| loss_v                | 0.0119   |
| lr                    | 0.001    |
| misc/nupdates         | 1.14e+03 |
| misc/serial_timesteps | 4.67e+06 |
| misc/time_elapsed     | 773      |
| misc/total_timesteps  | 4.67e+06 |
| ratio_max             | 2.21     |
| ratio_min             | 0.414    |
| ret_avg               | 0.582    |
| ret_max               | 6.37     |
| ret_med               | 0.196    |
| ret_min               | -0.558   |
| ret_var               | 1.62     |
------------------------------------
------------------------------------
| action_max            | 14       |
| action_min            | 0        |
| adv_avg               | -0.602   |
| adv_max               | 0.666    |
| adv_med               | -0.565   |
| adv_min               | -2.12    |
| adv_var               | 0.0315   |
| clipfrac              | 0.279    |
| curr_lr               | 0.001    |
| entropy               | 1.66     |
| eplenmean             | 511      |
| eprewmean             | 6.45     |
| fps                   | 5.93e+03 |
| grad_norm             | 0.602    |
| kl                    | 0.0288   |
| loss_pi               | -0.0265  |
| loss_v                | 0.017    |
| lr                    | 0.001    |
| misc/nupdates         | 1.15e+03 |
| misc/serial_timesteps | 4.71e+06 |
| misc/time_elapsed     | 779      |
| misc/total_timesteps  | 4.71e+06 |
| ratio_max             | 2.41     |
| ratio_min             | 0.237    |
| ret_avg               | 0.326    |
| ret_max               | 5.88     |
| ret_med               | -0.0882  |
| ret_min               | -0.732   |
| ret_var               | 1.74     |
------------------------------------
------------------------------------
| action_max            | 14       |
| action_min            | 0        |
| adv_avg               | -0.577   |
| adv_max               | 0.874    |
| adv_med               | -0.563   |
| adv_min               | -1.87    |
| adv_var               | 0.0205   |
| clipfrac              | 0.188    |
| curr_lr               | 0.001    |
| entropy               | 1.4      |
| eplenmean             | 471      |
| eprewmean             | 5.69     |
| fps                   | 5.86e+03 |
| grad_norm             | 0.455    |
| kl                    | 0.0166   |
| loss_pi               | -0.0299  |
| loss_v                | 0.00779  |
| lr                    | 0.001    |
| misc/nupdates         | 1.16e+03 |
| misc/serial_timesteps | 4.75e+06 |
| misc/time_elapsed     | 786      |
| misc/total_timesteps  | 4.75e+06 |
| ratio_max             | 1.92     |
| ratio_min             | 0.355    |
| ret_avg               | 0.148    |
| ret_max               | 6.39     |
| ret_med               | -0.138   |
| ret_min               | -0.576   |
| ret_var               | 1.35     |
------------------------------------
------------------------------------
| action_max            | 14       |
| action_min            | 0        |
| adv_avg               | -0.583   |
| adv_max               | 1.96     |
| adv_med               | -0.572   |
| adv_min               | -2.86    |
| adv_var               | 0.0769   |
| clipfrac              | 0.174    |
| curr_lr               | 0.001    |
| entropy               | 1.42     |
| eplenmean             | 514      |
| eprewmean             | 5.73     |
| fps                   | 5.94e+03 |
| grad_norm             | 0.493    |
| kl                    | 0.0206   |
| loss_pi               | -0.0388  |
| loss_v                | 0.0201   |
| lr                    | 0.001    |
| misc/nupdates         | 1.17e+03 |
| misc/serial_timesteps | 4.79e+06 |
| misc/time_elapsed     | 793      |
| misc/total_timesteps  | 4.79e+06 |
| ratio_max             | 2.88     |
| ratio_min             | 0.313    |
| ret_avg               | 0.742    |
| ret_max               | 5.43     |
| ret_med               | 0.457    |
| ret_min               | -0.563   |
| ret_var               | 1.64     |
------------------------------------
------------------------------------
| action_max            | 14       |
| action_min            | 0        |
| adv_avg               | -0.571   |
| adv_max               | 1.23     |
| adv_med               | -0.565   |
| adv_min               | -2.22    |
| adv_var               | 0.0158   |
| clipfrac              | 0.188    |
| curr_lr               | 0.001    |
| entropy               | 1.12     |
| eplenmean             | 453      |
| eprewmean             | 6.83     |
| fps                   | 6.01e+03 |
| grad_norm             | 0.293    |
| kl                    | 0.0144   |
| loss_pi               | -0.0281  |
| loss_v                | 0.00535  |
| lr                    | 0.001    |
| misc/nupdates         | 1.18e+03 |
| misc/serial_timesteps | 4.83e+06 |
| misc/time_elapsed     | 800      |
| misc/total_timesteps  | 4.83e+06 |
| ratio_max             | 1.76     |
| ratio_min             | 0.336    |
| ret_avg               | -0.158   |
| ret_max               | 1.5      |
| ret_med               | -0.496   |
| ret_min               | -0.629   |
| ret_var               | 0.285    |
------------------------------------
------------------------------------
| action_max            | 14       |
| action_min            | 0        |
| adv_avg               | -0.609   |
| adv_max               | 0.521    |
| adv_med               | -0.58    |
| adv_min               | -3.84    |
| adv_var               | 0.0282   |
| clipfrac              | 0.346    |
| curr_lr               | 0.001    |
| entropy               | 1.7      |
| eplenmean             | 496      |
| eprewmean             | 6.64     |
| fps                   | 6.24e+03 |
| grad_norm             | 0.283    |
| kl                    | 0.073    |
| loss_pi               | -0.0308  |
| loss_v                | 0.0149   |
| lr                    | 0.001    |
| misc/nupdates         | 1.19e+03 |
| misc/serial_timesteps | 4.87e+06 |
| misc/time_elapsed     | 807      |
| misc/total_timesteps  | 4.87e+06 |
| ratio_max             | 2.85     |
| ratio_min             | 0.194    |
| ret_avg               | 0.75     |
| ret_max               | 6.05     |
| ret_med               | 0.408    |
| ret_min               | -0.566   |
| ret_var               | 1.95     |
------------------------------------
------------------------------------
| action_max            | 14       |
| action_min            | 0        |
| adv_avg               | -0.595   |
| adv_max               | 1.34     |
| adv_med               | -0.567   |
| adv_min               | -5.89    |
| adv_var               | 0.127    |
| clipfrac              | 0.156    |
| curr_lr               | 0.001    |
| entropy               | 0.99     |
| eplenmean             | 378      |
| eprewmean             | 8.38     |
| fps                   | 6.24e+03 |
| grad_norm             | 0.638    |
| kl                    | 0.0171   |
| loss_pi               | -0.0175  |
| loss_v                | 0.0401   |
| lr                    | 0.001    |
| misc/nupdates         | 1.2e+03  |
| misc/serial_timesteps | 4.92e+06 |
| misc/time_elapsed     | 813      |
| misc/total_timesteps  | 4.92e+06 |
| ratio_max             | 2.36     |
| ratio_min             | 0.388    |
| ret_avg               | 0.767    |
| ret_max               | 6.23     |
| ret_med               | -0.498   |
| ret_min               | -0.566   |
| ret_var               | 3.45     |
------------------------------------
------------------------------------
| action_max            | 14       |
| action_min            | 0        |
| adv_avg               | -0.613   |
| adv_max               | 0.724    |
| adv_med               | -0.588   |
| adv_min               | -2.72    |
| adv_var               | 0.0361   |
| clipfrac              | 0.285    |
| curr_lr               | 0.001    |
| entropy               | 1.55     |
| eplenmean             | 393      |
| eprewmean             | 7.75     |
| fps                   | 5.9e+03  |
| grad_norm             | 0.721    |
| kl                    | 0.0411   |
| loss_pi               | -0.0146  |
| loss_v                | 0.00683  |
| lr                    | 0.001    |
| misc/nupdates         | 1.21e+03 |
| misc/serial_timesteps | 4.96e+06 |
| misc/time_elapsed     | 820      |
| misc/total_timesteps  | 4.96e+06 |
| ratio_max             | 2.54     |
| ratio_min             | 0.211    |
| ret_avg               | 0.975    |
| ret_max               | 6.16     |
| ret_med               | 1.46     |
| ret_min               | -0.634   |
| ret_var               | 1.6      |
------------------------------------
------------------------------------
| action_max            | 14       |
| action_min            | 0        |
| adv_avg               | -0.574   |
| adv_max               | 0.747    |
| adv_med               | -0.575   |
| adv_min               | -1.93    |
| adv_var               | 0.0345   |
| clipfrac              | 0.264    |
| curr_lr               | 0.001    |
| entropy               | 1.65     |
| eplenmean             | 464      |
| eprewmean             | 7.8      |
| fps                   | 6.13e+03 |
| grad_norm             | 0.59     |
| kl                    | 0.0233   |
| loss_pi               | -0.0329  |
| loss_v                | 0.0119   |
| lr                    | 0.001    |
| misc/nupdates         | 1.22e+03 |
| misc/serial_timesteps | 5e+06    |
| misc/time_elapsed     | 827      |
| misc/total_timesteps  | 5e+06    |
| ratio_max             | 4.02     |
| ratio_min             | 0.377    |
| ret_avg               | 0.7      |
| ret_max               | 6.02     |
| ret_med               | 0.443    |
| ret_min               | -0.572   |
| ret_var               | 2.02     |
------------------------------------
------------------------------------
| action_max            | 14       |
| action_min            | 0        |
| adv_avg               | -0.605   |
| adv_max               | 0.309    |
| adv_med               | -0.58    |
| adv_min               | -2.07    |
| adv_var               | 0.0132   |
| clipfrac              | 0.281    |
| curr_lr               | 0.001    |
| entropy               | 1.03     |
| eplenmean             | 514      |
| eprewmean             | 7.34     |
| fps                   | 6.02e+03 |
| grad_norm             | 0.45     |
| kl                    | 0.0318   |
| loss_pi               | -0.0197  |
| loss_v                | 0.00879  |
| lr                    | 0.001    |
| misc/nupdates         | 1.23e+03 |
| misc/serial_timesteps | 5.04e+06 |
| misc/time_elapsed     | 833      |
| misc/total_timesteps  | 5.04e+06 |
| ratio_max             | 3.1      |
| ratio_min             | 0.197    |
| ret_avg               | 1.03     |
| ret_max               | 5.22     |
| ret_med               | 0.206    |
| ret_min               | -0.625   |
| ret_var               | 3.67     |
------------------------------------
------------------------------------
| action_max            | 14       |
| action_min            | 0        |
| adv_avg               | -0.589   |
| adv_max               | 1.04     |
| adv_med               | -0.579   |
| adv_min               | -3.18    |
| adv_var               | 0.0641   |
| clipfrac              | 0.172    |
| curr_lr               | 0.001    |
| entropy               | 0.878    |
| eplenmean             | 589      |
| eprewmean             | 6.22     |
| fps                   | 5.88e+03 |
| grad_norm             | 0.317    |
| kl                    | 0.0242   |
| loss_pi               | -0.0293  |
| loss_v                | 0.0143   |
| lr                    | 0.001    |
| misc/nupdates         | 1.24e+03 |
| misc/serial_timesteps | 5.08e+06 |
| misc/time_elapsed     | 840      |
| misc/total_timesteps  | 5.08e+06 |
| ratio_max             | 2.67     |
| ratio_min             | 0.181    |
| ret_avg               | 0.733    |
| ret_max               | 5.04     |
| ret_med               | 0.151    |
| ret_min               | -0.623   |
| ret_var               | 2.31     |
------------------------------------
------------------------------------
| action_max            | 14       |
| action_min            | 0        |
| adv_avg               | -0.556   |
| adv_max               | 1.78     |
| adv_med               | -0.571   |
| adv_min               | -1.34    |
| adv_var               | 0.0407   |
| clipfrac              | 0.164    |
| curr_lr               | 0.001    |
| entropy               | 0.799    |
| eplenmean             | 555      |
| eprewmean             | 6.94     |
| fps                   | 6.01e+03 |
| grad_norm             | 0.662    |
| kl                    | 0.0176   |
| loss_pi               | -0.0236  |
| loss_v                | 0.0129   |
| lr                    | 0.001    |
| misc/nupdates         | 1.25e+03 |
| misc/serial_timesteps | 5.12e+06 |
| misc/time_elapsed     | 847      |
| misc/total_timesteps  | 5.12e+06 |
| ratio_max             | 7.47     |
| ratio_min             | 0.195    |
| ret_avg               | 0.423    |
| ret_max               | 5.8      |
| ret_med               | -0.0405  |
| ret_min               | -0.66    |
| ret_var               | 1.91     |
------------------------------------
------------------------------------
| action_max            | 14       |
| action_min            | 0        |
| adv_avg               | -0.551   |
| adv_max               | 1.42     |
| adv_med               | -0.573   |
| adv_min               | -5.83    |
| adv_var               | 0.132    |
| clipfrac              | 0.26     |
| curr_lr               | 0.001    |
| entropy               | 1.23     |
| eplenmean             | 433      |
| eprewmean             | 8.69     |
| fps                   | 5.97e+03 |
| grad_norm             | 0.396    |
| kl                    | 0.0295   |
| loss_pi               | -0.0337  |
| loss_v                | 0.0326   |
| lr                    | 0.001    |
| misc/nupdates         | 1.26e+03 |
| misc/serial_timesteps | 5.16e+06 |
| misc/time_elapsed     | 854      |
| misc/total_timesteps  | 5.16e+06 |
| ratio_max             | 2.92     |
| ratio_min             | 0.0831   |
| ret_avg               | 0.605    |
| ret_max               | 5.64     |
| ret_med               | -0.182   |
| ret_min               | -0.572   |
| ret_var               | 2.78     |
------------------------------------
------------------------------------
| action_max            | 14       |
| action_min            | 0        |
| adv_avg               | -0.596   |
| adv_max               | 0.261    |
| adv_med               | -0.572   |
| adv_min               | -5.76    |
| adv_var               | 0.0592   |
| clipfrac              | 0.15     |
| curr_lr               | 0.001    |
| entropy               | 0.801    |
| eplenmean             | 469      |
| eprewmean             | 7.75     |
| fps                   | 5.93e+03 |
| grad_norm             | 0.241    |
| kl                    | 0.0109   |
| loss_pi               | -0.0216  |
| loss_v                | 0.0211   |
| lr                    | 0.001    |
| misc/nupdates         | 1.27e+03 |
| misc/serial_timesteps | 5.2e+06  |
| misc/time_elapsed     | 861      |
| misc/total_timesteps  | 5.2e+06  |
| ratio_max             | 2.53     |
| ratio_min             | 0.146    |
| ret_avg               | 0.136    |
| ret_max               | 5.45     |
| ret_med               | -0.469   |
| ret_min               | -0.573   |
| ret_var               | 1.75     |
------------------------------------
------------------------------------
| action_max            | 14       |
| action_min            | 0        |
| adv_avg               | -0.602   |
| adv_max               | 0.245    |
| adv_med               | -0.571   |
| adv_min               | -4.71    |
| adv_var               | 0.0465   |
| clipfrac              | 0.164    |
| curr_lr               | 0.001    |
| entropy               | 0.97     |
| eplenmean             | 453      |
| eprewmean             | 7.5      |
| fps                   | 6e+03    |
| grad_norm             | 0.351    |
| kl                    | 0.022    |
| loss_pi               | -0.0303  |
| loss_v                | 0.0076   |
| lr                    | 0.001    |
| misc/nupdates         | 1.28e+03 |
| misc/serial_timesteps | 5.24e+06 |
| misc/time_elapsed     | 868      |
| misc/total_timesteps  | 5.24e+06 |
| ratio_max             | 1.64     |
| ratio_min             | 0.208    |
| ret_avg               | 0.287    |
| ret_max               | 5.72     |
| ret_med               | -0.357   |
| ret_min               | -0.608   |
| ret_var               | 2.32     |
------------------------------------
------------------------------------
| action_max            | 14       |
| action_min            | 0        |
| adv_avg               | -0.587   |
| adv_max               | 1.37     |
| adv_med               | -0.571   |
| adv_min               | -3.86    |
| adv_var               | 0.0557   |
| clipfrac              | 0.252    |
| curr_lr               | 0.001    |
| entropy               | 1.07     |
| eplenmean             | 370      |
| eprewmean             | 8.38     |
| fps                   | 6.08e+03 |
| grad_norm             | 0.332    |
| kl                    | 0.057    |
| loss_pi               | -0.0367  |
| loss_v                | 0.0171   |
| lr                    | 0.001    |
| misc/nupdates         | 1.29e+03 |
| misc/serial_timesteps | 5.28e+06 |
| misc/time_elapsed     | 875      |
| misc/total_timesteps  | 5.28e+06 |
| ratio_max             | 1.89     |
| ratio_min             | 0.143    |
| ret_avg               | 1.06     |
| ret_max               | 5.94     |
| ret_med               | -0.102   |
| ret_min               | -0.598   |
| ret_var               | 4.04     |
------------------------------------
------------------------------------
| action_max            | 14       |
| action_min            | 0        |
| adv_avg               | -0.558   |
| adv_max               | 0.759    |
| adv_med               | -0.57    |
| adv_min               | -1.49    |
| adv_var               | 0.0157   |
| clipfrac              | 0.172    |
| curr_lr               | 0.001    |
| entropy               | 1.22     |
| eplenmean             | 339      |
| eprewmean             | 8.01     |
| fps                   | 6.25e+03 |
| grad_norm             | 1.07     |
| kl                    | 0.0179   |
| loss_pi               | -0.0224  |
| loss_v                | 0.00445  |
| lr                    | 0.001    |
| misc/nupdates         | 1.3e+03  |
| misc/serial_timesteps | 5.32e+06 |
| misc/time_elapsed     | 881      |
| misc/total_timesteps  | 5.32e+06 |
| ratio_max             | 2.62     |
| ratio_min             | 0.363    |
| ret_avg               | 0.415    |
| ret_max               | 5.26     |
| ret_med               | -0.117   |
| ret_min               | -0.57    |
| ret_var               | 2.6      |
------------------------------------
------------------------------------
| action_max            | 14       |
| action_min            | 0        |
| adv_avg               | -0.569   |
| adv_max               | 2.32     |
| adv_med               | -0.57    |
| adv_min               | -2.55    |
| adv_var               | 0.0415   |
| clipfrac              | 0.213    |
| curr_lr               | 0.001    |
| entropy               | 0.987    |
| eplenmean             | 411      |
| eprewmean             | 7.86     |
| fps                   | 6.17e+03 |
| grad_norm             | 0.371    |
| kl                    | 0.0281   |
| loss_pi               | -0.0292  |
| loss_v                | 0.00728  |
| lr                    | 0.001    |
| misc/nupdates         | 1.31e+03 |
| misc/serial_timesteps | 5.37e+06 |
| misc/time_elapsed     | 888      |
| misc/total_timesteps  | 5.37e+06 |
| ratio_max             | 2.37     |
| ratio_min             | 0.139    |
| ret_avg               | 0.44     |
| ret_max               | 5.77     |
| ret_med               | -0.549   |
| ret_min               | -0.627   |
| ret_var               | 3.4      |
------------------------------------
------------------------------------
| action_max            | 14       |
| action_min            | 0        |
| adv_avg               | -0.58    |
| adv_max               | 0.325    |
| adv_med               | -0.568   |
| adv_min               | -1.4     |
| adv_var               | 0.0106   |
| clipfrac              | 0.193    |
| curr_lr               | 0.001    |
| entropy               | 0.936    |
| eplenmean             | 328      |
| eprewmean             | 8.94     |
| fps                   | 6.18e+03 |
| grad_norm             | 0.43     |
| kl                    | 0.0355   |
| loss_pi               | -0.0281  |
| loss_v                | 0.00351  |
| lr                    | 0.001    |
| misc/nupdates         | 1.32e+03 |
| misc/serial_timesteps | 5.41e+06 |
| misc/time_elapsed     | 895      |
| misc/total_timesteps  | 5.41e+06 |
| ratio_max             | 2.79     |
| ratio_min             | 0.252    |
| ret_avg               | 0.408    |
| ret_max               | 5.82     |
| ret_med               | -0.527   |
| ret_min               | -0.71    |
| ret_var               | 3.12     |
------------------------------------
------------------------------------
| action_max            | 14       |
| action_min            | 0        |
| adv_avg               | -0.591   |
| adv_max               | 0.175    |
| adv_med               | -0.566   |
| adv_min               | -4.8     |
| adv_var               | 0.0933   |
| clipfrac              | 0.115    |
| curr_lr               | 0.001    |
| entropy               | 0.478    |
| eplenmean             | 396      |
| eprewmean             | 8.12     |
| fps                   | 6.17e+03 |
| grad_norm             | 0.362    |
| kl                    | 0.0206   |
| loss_pi               | -0.0285  |
| loss_v                | 0.0094   |
| lr                    | 0.001    |
| misc/nupdates         | 1.33e+03 |
| misc/serial_timesteps | 5.45e+06 |
| misc/time_elapsed     | 901      |
| misc/total_timesteps  | 5.45e+06 |
| ratio_max             | 3.6      |
| ratio_min             | 0.101    |
| ret_avg               | 0.333    |
| ret_max               | 5.73     |
| ret_med               | -0.573   |
| ret_min               | -0.656   |
| ret_var               | 3.13     |
------------------------------------
------------------------------------
| action_max            | 14       |
| action_min            | 0        |
| adv_avg               | -0.576   |
| adv_max               | 0.355    |
| adv_med               | -0.578   |
| adv_min               | -1.19    |
| adv_var               | 0.0058   |
| clipfrac              | 0.123    |
| curr_lr               | 0.001    |
| entropy               | 0.552    |
| eplenmean             | 394      |
| eprewmean             | 8.28     |
| fps                   | 6.07e+03 |
| grad_norm             | 0.374    |
| kl                    | 0.0136   |
| loss_pi               | -0.0223  |
| loss_v                | 0.00235  |
| lr                    | 0.001    |
| misc/nupdates         | 1.34e+03 |
| misc/serial_timesteps | 5.49e+06 |
| misc/time_elapsed     | 908      |
| misc/total_timesteps  | 5.49e+06 |
| ratio_max             | 2.05     |
| ratio_min             | 0.0309   |
| ret_avg               | 0.432    |
| ret_max               | 5.67     |
| ret_med               | 0.166    |
| ret_min               | -0.818   |
| ret_var               | 1.74     |
------------------------------------
------------------------------------
| action_max            | 14       |
| action_min            | 0        |
| adv_avg               | -0.567   |
| adv_max               | 1.51     |
| adv_med               | -0.586   |
| adv_min               | -2.55    |
| adv_var               | 0.0795   |
| clipfrac              | 0.275    |
| curr_lr               | 0.001    |
| entropy               | 1.57     |
| eplenmean             | 486      |
| eprewmean             | 7.16     |
| fps                   | 6.13e+03 |
| grad_norm             | 0.684    |
| kl                    | 0.0287   |
| loss_pi               | -0.0371  |
| loss_v                | 0.0251   |
| lr                    | 0.001    |
| misc/nupdates         | 1.35e+03 |
| misc/serial_timesteps | 5.53e+06 |
| misc/time_elapsed     | 915      |
| misc/total_timesteps  | 5.53e+06 |
| ratio_max             | 2.15     |
| ratio_min             | 0.4      |
| ret_avg               | 1.07     |
| ret_max               | 5.62     |
| ret_med               | 1.14     |
| ret_min               | -0.649   |
| ret_var               | 2.2      |
------------------------------------
------------------------------------
| action_max            | 14       |
| action_min            | 0        |
| adv_avg               | -0.605   |
| adv_max               | 0.964    |
| adv_med               | -0.57    |
| adv_min               | -5.18    |
| adv_var               | 0.0719   |
| clipfrac              | 0.115    |
| curr_lr               | 0.001    |
| entropy               | 0.688    |
| eplenmean             | 393      |
| eprewmean             | 8.89     |
| fps                   | 6.29e+03 |
| grad_norm             | 0.665    |
| kl                    | 0.0124   |
| loss_pi               | -0.024   |
| loss_v                | 0.0157   |
| lr                    | 0.001    |
| misc/nupdates         | 1.36e+03 |
| misc/serial_timesteps | 5.57e+06 |
| misc/time_elapsed     | 921      |
| misc/total_timesteps  | 5.57e+06 |
| ratio_max             | 5.5      |
| ratio_min             | 0.306    |
| ret_avg               | 0.671    |
| ret_max               | 5.6      |
| ret_med               | -0.26    |
| ret_min               | -0.747   |
| ret_var               | 3.67     |
------------------------------------
------------------------------------
| action_max            | 14       |
| action_min            | 0        |
| adv_avg               | -0.579   |
| adv_max               | 0.895    |
| adv_med               | -0.578   |
| adv_min               | -1.76    |
| adv_var               | 0.0127   |
| clipfrac              | 0.135    |
| curr_lr               | 0.001    |
| entropy               | 1.06     |
| eplenmean             | 442      |
| eprewmean             | 7.84     |
| fps                   | 6.29e+03 |
| grad_norm             | 0.353    |
| kl                    | 0.0201   |
| loss_pi               | -0.0268  |
| loss_v                | 0.00335  |
| lr                    | 0.001    |
| misc/nupdates         | 1.37e+03 |
| misc/serial_timesteps | 5.61e+06 |
| misc/time_elapsed     | 928      |
| misc/total_timesteps  | 5.61e+06 |
| ratio_max             | 2.51     |
| ratio_min             | 0.284    |
| ret_avg               | 0.399    |
| ret_max               | 4.66     |
| ret_med               | -0.00959 |
| ret_min               | -0.6     |
| ret_var               | 1.25     |
------------------------------------
------------------------------------
| action_max            | 14       |
| action_min            | 0        |
| adv_avg               | -0.566   |
| adv_max               | 1.22     |
| adv_med               | -0.57    |
| adv_min               | -2.88    |
| adv_var               | 0.0433   |
| clipfrac              | 0.201    |
| curr_lr               | 0.001    |
| entropy               | 0.899    |
| eplenmean             | 408      |
| eprewmean             | 8.71     |
| fps                   | 6.03e+03 |
| grad_norm             | 0.431    |
| kl                    | 0.0416   |
| loss_pi               | -0.0228  |
| loss_v                | 0.00786  |
| lr                    | 0.001    |
| misc/nupdates         | 1.38e+03 |
| misc/serial_timesteps | 5.65e+06 |
| misc/time_elapsed     | 935      |
| misc/total_timesteps  | 5.65e+06 |
| ratio_max             | 5.38     |
| ratio_min             | 0.249    |
| ret_avg               | 0.544    |
| ret_max               | 5.51     |
| ret_med               | -0.539   |
| ret_min               | -0.602   |
| ret_var               | 3.18     |
------------------------------------
------------------------------------
| action_max            | 14       |
| action_min            | 0        |
| adv_avg               | -0.563   |
| adv_max               | 1.23     |
| adv_med               | -0.569   |
| adv_min               | -1.67    |
| adv_var               | 0.0141   |
| clipfrac              | 0.141    |
| curr_lr               | 0.001    |
| entropy               | 0.634    |
| eplenmean             | 333      |
| eprewmean             | 9.07     |
| fps                   | 5.91e+03 |
| grad_norm             | 0.328    |
| kl                    | 0.0205   |
| loss_pi               | -0.0313  |
| loss_v                | 0.00594  |
| lr                    | 0.001    |
| misc/nupdates         | 1.39e+03 |
| misc/serial_timesteps | 5.69e+06 |
| misc/time_elapsed     | 941      |
| misc/total_timesteps  | 5.69e+06 |
| ratio_max             | 3.03     |
| ratio_min             | 0.189    |
| ret_avg               | 0.104    |
| ret_max               | 5.48     |
| ret_med               | -0.57    |
| ret_min               | -0.577   |
| ret_var               | 2.2      |
------------------------------------
------------------------------------
| action_max            | 14       |
| action_min            | 0        |
| adv_avg               | -0.579   |
| adv_max               | 0.153    |
| adv_med               | -0.568   |
| adv_min               | -1.76    |
| adv_var               | 0.0124   |
| clipfrac              | 0.172    |
| curr_lr               | 0.001    |
| entropy               | 0.773    |
| eplenmean             | 285      |
| eprewmean             | 9.69     |
| fps                   | 6.19e+03 |
| grad_norm             | 0.587    |
| kl                    | 0.035    |
| loss_pi               | -0.0313  |
| loss_v                | 0.0035   |
| lr                    | 0.001    |
| misc/nupdates         | 1.4e+03  |
| misc/serial_timesteps | 5.73e+06 |
| misc/time_elapsed     | 948      |
| misc/total_timesteps  | 5.73e+06 |
| ratio_max             | 2.05     |
| ratio_min             | 0.147    |
| ret_avg               | 0.425    |
| ret_max               | 5.34     |
| ret_med               | -0.528   |
| ret_min               | -0.671   |
| ret_var               | 3.23     |
------------------------------------
------------------------------------
| action_max            | 14       |
| action_min            | 0        |
| adv_avg               | -0.562   |
| adv_max               | 1.34     |
| adv_med               | -0.567   |
| adv_min               | -1.7     |
| adv_var               | 0.0328   |
| clipfrac              | 0.135    |
| curr_lr               | 0.001    |
| entropy               | 0.578    |
| eplenmean             | 340      |
| eprewmean             | 9.64     |
| fps                   | 6.09e+03 |
| grad_norm             | 0.814    |
| kl                    | 0.0153   |
| loss_pi               | -0.0124  |
| loss_v                | 0.011    |
| lr                    | 0.001    |
| misc/nupdates         | 1.41e+03 |
| misc/serial_timesteps | 5.78e+06 |
| misc/time_elapsed     | 955      |
| misc/total_timesteps  | 5.78e+06 |
| ratio_max             | 3.93     |
| ratio_min             | 0.252    |
| ret_avg               | 0.434    |
| ret_max               | 5.27     |
| ret_med               | -0.556   |
| ret_min               | -0.58    |
| ret_var               | 2.99     |
------------------------------------
------------------------------------
| action_max            | 14       |
| action_min            | 0        |
| adv_avg               | -0.599   |
| adv_max               | 0.182    |
| adv_med               | -0.568   |
| adv_min               | -2.12    |
| adv_var               | 0.016    |
| clipfrac              | 0.129    |
| curr_lr               | 0.001    |
| entropy               | 0.563    |
| eplenmean             | 283      |
| eprewmean             | 9.76     |
| fps                   | 5.96e+03 |
| grad_norm             | 0.864    |
| kl                    | 0.0224   |
| loss_pi               | -0.00494 |
| loss_v                | 0.00401  |
| lr                    | 0.001    |
| misc/nupdates         | 1.42e+03 |
| misc/serial_timesteps | 5.82e+06 |
| misc/time_elapsed     | 962      |
| misc/total_timesteps  | 5.82e+06 |
| ratio_max             | 3.35     |
| ratio_min             | 0.0256   |
| ret_avg               | 1.03     |
| ret_max               | 5.35     |
| ret_med               | -0.424   |
| ret_min               | -0.606   |
| ret_var               | 4.35     |
------------------------------------
------------------------------------
| action_max            | 14       |
| action_min            | 0        |
| adv_avg               | -0.548   |
| adv_max               | 0.755    |
| adv_med               | -0.564   |
| adv_min               | -1.74    |
| adv_var               | 0.024    |
| clipfrac              | 0.133    |
| curr_lr               | 0.001    |
| entropy               | 0.483    |
| eplenmean             | 367      |
| eprewmean             | 8.53     |
| fps                   | 6.01e+03 |
| grad_norm             | 0.313    |
| kl                    | 0.0237   |
| loss_pi               | -0.0359  |
| loss_v                | 0.0067   |
| lr                    | 0.001    |
| misc/nupdates         | 1.43e+03 |
| misc/serial_timesteps | 5.86e+06 |
| misc/time_elapsed     | 968      |
| misc/total_timesteps  | 5.86e+06 |
| ratio_max             | 2.76     |
| ratio_min             | 0.407    |
| ret_avg               | -0.122   |
| ret_max               | 4.73     |
| ret_med               | -0.589   |
| ret_min               | -0.606   |
| ret_var               | 1.13     |
------------------------------------
------------------------------------
| action_max            | 14       |
| action_min            | 0        |
| adv_avg               | -0.566   |
| adv_max               | 0.406    |
| adv_med               | -0.563   |
| adv_min               | -1.29    |
| adv_var               | 0.00961  |
| clipfrac              | 0.184    |
| curr_lr               | 0.001    |
| entropy               | 0.502    |
| eplenmean             | 372      |
| eprewmean             | 8.42     |
| fps                   | 6.07e+03 |
| grad_norm             | 0.417    |
| kl                    | 0.0347   |
| loss_pi               | -0.0384  |
| loss_v                | 0.00379  |
| lr                    | 0.001    |
| misc/nupdates         | 1.44e+03 |
| misc/serial_timesteps | 5.9e+06  |
| misc/time_elapsed     | 975      |
| misc/total_timesteps  | 5.9e+06  |
| ratio_max             | 2.48     |
| ratio_min             | 0.0938   |
| ret_avg               | 0.359    |
| ret_max               | 5.29     |
| ret_med               | -0.52    |
| ret_min               | -0.653   |
| ret_var               | 2.53     |
------------------------------------
------------------------------------
| action_max            | 14       |
| action_min            | 0        |
| adv_avg               | -0.574   |
| adv_max               | -0.176   |
| adv_med               | -0.566   |
| adv_min               | -0.882   |
| adv_var               | 0.00338  |
| clipfrac              | 0.107    |
| curr_lr               | 0.001    |
| entropy               | 0.541    |
| eplenmean             | 298      |
| eprewmean             | 9.9      |
| fps                   | 5.96e+03 |
| grad_norm             | 0.643    |
| kl                    | 0.0182   |
| loss_pi               | -0.0219  |
| loss_v                | 0.00101  |
| lr                    | 0.001    |
| misc/nupdates         | 1.45e+03 |
| misc/serial_timesteps | 5.94e+06 |
| misc/time_elapsed     | 982      |
| misc/total_timesteps  | 5.94e+06 |
| ratio_max             | 6.28     |
| ratio_min             | 0.505    |
| ret_avg               | 0.292    |
| ret_max               | 5.12     |
| ret_med               | -0.388   |
| ret_min               | -0.584   |
| ret_var               | 2.29     |
------------------------------------
------------------------------------
| action_max            | 14       |
| action_min            | 0        |
| adv_avg               | -0.558   |
| adv_max               | 0.791    |
| adv_med               | -0.565   |
| adv_min               | -1.22    |
| adv_var               | 0.0183   |
| clipfrac              | 0.217    |
| curr_lr               | 0.001    |
| entropy               | 1.21     |
| eplenmean             | 279      |
| eprewmean             | 10.1     |
| fps                   | 6.16e+03 |
| grad_norm             | 0.581    |
| kl                    | 0.0219   |
| loss_pi               | -0.0366  |
| loss_v                | 0.00612  |
| lr                    | 0.001    |
| misc/nupdates         | 1.46e+03 |
| misc/serial_timesteps | 5.98e+06 |
| misc/time_elapsed     | 988      |
| misc/total_timesteps  | 5.98e+06 |
| ratio_max             | 3.1      |
| ratio_min             | 0.317    |
| ret_avg               | 0.737    |
| ret_max               | 5.18     |
| ret_med               | -0.0614  |
| ret_min               | -0.596   |
| ret_var               | 2.67     |
------------------------------------
