action_max,action_min,actor_direction_l2,actor_kernel_mode,actor_relative_solve_residual,actor_system_rows,adv_avg,adv_max,adv_med,adv_min,adv_var,clipfrac,curr_lr,entropy,eplenmean,eprewmean,fps,grad_norm,head_critic_cholesky_info_max,head_critic_curvature_coef,head_critic_direction_l2,head_critic_ggn_quadratic,head_critic_jacobi_scale_max,head_critic_jacobi_scale_min,head_critic_kernel_mode,head_critic_linear_solve_dtype,head_critic_objective_coef,head_critic_relative_solve_residual,head_critic_solve_residual,head_critic_solver_mode,head_critic_system_rows,head_history_projection_l2,head_parameter_delta_l2,head_to_actor_update_ratio,kl,loss_pi,loss_v,lr,misc/nupdates,misc/serial_timesteps,misc/time_elapsed,transitions_so_far,optimizer_history_correction,optimizer_momentum,paper_clip_scale,paper_critic_relative_solve_residual,paper_shared_critic_direction_l2,policy_parameter_delta_l2,post_shared_to_post_head_policy_kl,post_shared_to_post_head_policy_logit_max_abs,ratio_max,ratio_min,ret_avg,ret_max,ret_med,ret_min,ret_var,shared_parameter_delta_l2,shared_to_actor_update_ratio
14,0,0.4703490138053894,paper_sampled_policy_value_score,8.971372835731017e-07,512,-0.3588847815990448,0.37236589193344116,-0.3375416696071625,-1.940393090248108,0.026322390884160995,0.0,0.06584362139917695,2.626760959625244,467.7866666666667,2.1333334,1593,0.47846582531929016,0,0.1,0.04762662947177887,0.0051244269125163555,1.4136487320951725,1.3465524534803786,deterministic_value_head_jacobian_b,torch.float64,1.0,4.899602342159144e-16,2.5131246500472295e-15,symmetric_jacobi_cholesky_fp64,512,0.33550915122032166,0.003135909326374531,0.006667196750640869,0.06970156729221344,-0.14095550775527954,0.004637271165847778,0.0438957475994513,9,40960,32.81422667764127,40960,1.0,1e-06,1.0,6.117435873420618e-07,0.07216169685125351,0.016444163396954536,0.0,0.0,9.445272445678711,0.10000000149011612,-0.035419464111328125,0.8966144323348999,-0.07212505489587784,-0.44037389755249023,0.04851650446653366,0.026368573307991028,0.05606171861290932
14,0,0.4197637736797333,paper_sampled_policy_value_score,1.907857949845493e-06,512,-0.42667657136917114,2.0899527072906494,-0.419939786195755,-12.203546524047852,0.17705386877059937,0.0,0.09876543209876543,2.6797592639923096,573.59,1.3,1593,0.4178524613380432,0,0.1,0.019932791590690613,0.00024292420130223036,1.4139315311215699,1.36032406332136,deterministic_value_head_jacobian_b,torch.float64,1.0,4.673573453090424e-16,2.2752133142607008e-15,symmetric_jacobi_cholesky_fp64,512,0.3748866021633148,0.0019686673767864704,0.004689941182732582,0.025717509910464287,0.06285294145345688,0.004610375501215458,0.09876543209876543,19,81920,58.611129032913595,81920,1.0,1e-06,1.0,8.244124387601914e-07,0.046405624598264694,0.02328261360526085,0.0,0.0,2.6344993114471436,0.10000000149011612,0.09488596022129059,4.495609283447266,0.031570129096508026,-0.14421747624874115,0.1469161957502365,0.03392571210861206,0.0808209627866745
14,0,0.2319127917289734,paper_sampled_policy_value_score,5.256262056718697e-07,512,-0.4666535258293152,8.527789115905762,-0.4966418445110321,-5.215730667114258,0.5186067223548889,0.0,0.5,2.6898066997528076,591.32,1.56,1595,1.4219378232955933,0,0.1,0.4360085427761078,0.2419218122959137,1.4138973664874046,1.3559122231294667,deterministic_value_head_jacobian_b,torch.float64,1.0,6.498424073657186e-16,1.6976221528328824e-14,symmetric_jacobi_cholesky_fp64,512,1.0450161695480347,0.07665733993053436,0.3305438160896301,0.010283996351063251,0.041376836597919464,0.14528611302375793,0.5,29,122880,84.4319240739569,122880,1.0,1e-06,0.35163256525993347,8.057482432377583e-07,1.2300080060958862,0.02747485414147377,0.0,0.0,2.0499157905578613,0.19364316761493683,0.5811628103256226,14.596837997436523,0.25190919637680054,-0.4909020662307739,1.6153335571289062,0.21636426448822021,0.932955265045166
14,0,0.39742711186408997,paper_sampled_policy_value_score,5.179873596716789e-07,512,-0.5469043254852295,7.139259338378906,-0.5947508215904236,-2.530116081237793,0.3748256266117096,0.0,0.5,2.6893506050109863,528.38,1.9,1595,2.2141339778900146,0,0.1,0.539033055305481,0.2544495165348053,1.4139167106787685,1.3830983507576518,deterministic_value_head_jacobian_b,torch.float64,1.0,7.220098630108062e-16,1.932712852094999e-14,symmetric_jacobi_cholesky_fp64,512,0.765171229839325,0.060862671583890915,0.15314172208309174,0.006613634526729584,0.07871419936418533,0.1632167547941208,0.5,39,163840,110.22640319587663,163840,1.0,1e-06,0.2258218228816986,5.659887847286882e-07,2.0575621128082275,0.033162590116262436,0.0,0.0,2.2808163166046143,0.480115681886673,0.4975881576538086,12.651471138000488,0.17194440960884094,-0.5765538215637207,2.2137672901153564,0.2349768728017807,0.591245174407959
14,0,0.414444237947464,paper_sampled_policy_value_score,7.912212254268525e-07,512,-0.6131981611251831,10.842081069946289,-0.6706318855285645,-2.623366117477417,0.5276367664337158,0.0,0.5,2.6772618293762207,528.22,1.86,1595,0.938181459903717,0,0.1,0.16032589972019196,0.01765735261142254,1.413861577196377,1.395207384041221,deterministic_value_head_jacobian_b,torch.float64,1.0,3.699708412887212e-16,1.0765968380590274e-14,symmetric_jacobi_cholesky_fp64,512,0.5089988112449646,0.04272252693772316,0.10308389365673065,0.007142630405724049,0.06764586269855499,0.0888434648513794,0.5,49,204800,136.05228442093357,204800,1.0,1e-06,0.5329453349113464,7.81751850809087e-07,0.7119680047035217,0.08270921558141708,0.0,0.0,1.4508768320083618,0.5134376287460327,0.5113071799278259,11.903037071228027,0.31589746475219727,-0.6583792567253113,1.0129201412200928,0.2261480689048767,0.5456658601760864
14,0,0.32558950781822205,paper_sampled_policy_value_score,6.987899041632772e-07,512,-0.7400444746017456,0.4964280128479004,-0.7263376116752625,-3.854512929916382,0.05997553467750549,0.0,0.5,2.652198553085327,537.99,1.63,1594,0.6959389448165894,0,0.1,0.20313598215579987,0.07852201163768768,1.4138026149241678,1.3872856937575424,deterministic_value_head_jacobian_b,torch.float64,1.0,4.621388595387066e-16,4.842740256532291e-15,symmetric_jacobi_cholesky_fp64,512,1.5841697454452515,0.07297173887491226,0.22412189841270447,0.03200960159301758,-0.1398555189371109,0.03542380407452583,0.5,59,245760,161.8582651047036,245760,1.0,1e-06,0.7184528112411499,5.099792588225682e-07,0.34846675395965576,0.0743069127202034,0.0,0.0,3.0241851806640625,0.15917254984378815,0.12064314633607864,3.321392059326172,-0.01975906454026699,-0.7056370973587036,0.2866753935813904,0.15719975531101227,0.48281580209732056
14,0,0.3055994212627411,paper_sampled_policy_value_score,1.1200871085748076e-05,512,-0.592057466506958,9.41616439819336,-0.6943734884262085,-2.7211692333221436,0.5907148718833923,0.0,0.3333333333333333,2.59755277633667,498.57,2.4,1594,0.8991467356681824,0,0.1,0.41873684525489807,0.287489116191864,1.4138565186654442,1.371586468202172,deterministic_value_head_jacobian_b,torch.float64,1.0,6.18003346476192e-16,1.2941903417114955e-14,symmetric_jacobi_cholesky_fp64,512,1.1784175634384155,0.0776173323392868,0.25398388504981995,0.03452901542186737,0.13324007391929626,0.04637070372700691,0.3333333333333333,69,286720,187.6726445928216,286720,1.0,1e-06,0.5560821294784546,5.125212965140236e-07,0.7666304111480713,0.039107795804739,0.0,0.0,7.091691493988037,0.1210363581776619,0.31224292516708374,10.677810668945312,-0.02726013772189617,-0.6913703680038452,1.6065471172332764,0.1509544402360916,0.49396181106567383
14,0,0.3347740173339844,paper_sampled_policy_value_score,9.161462344309257e-07,512,-0.543840765953064,6.439315319061279,-0.6854005455970764,-3.0150632858276367,0.5975548028945923,0.0,0.5,2.582232713699341,467.69,3.2,1593,1.7578803300857544,0,0.1,0.5371651649475098,0.45635879039764404,1.4138330003110853,1.3492025843081368,deterministic_value_head_jacobian_b,torch.float64,1.0,4.735006629644911e-16,1.2934342412728462e-14,symmetric_jacobi_cholesky_fp64,512,1.1418147087097168,0.07639376074075699,0.22819501161575317,0.015279149636626244,0.1112356036901474,0.15725240111351013,0.5,79,327680,213.48361535090953,327680,1.0,1e-06,0.2844333052635193,8.788931040726311e-07,1.5073423385620117,0.029133226722478867,0.0,0.0,2.7429420948028564,0.600776195526123,0.6407433748245239,9.76624584197998,0.003482431871816516,-0.681058943271637,3.9611825942993164,0.21808484196662903,0.6514389514923096
14,0,0.34332534670829773,paper_sampled_policy_value_score,8.759497518440185e-07,512,-0.6634745597839355,3.0660228729248047,-0.7010570764541626,-4.1092305183410645,0.25074803829193115,0.0,0.5,2.5579094886779785,403.36,2.8,1595,1.3482460975646973,0,0.1,0.45508962869644165,0.35118788480758667,1.4138555964055932,1.3737495100141572,deterministic_value_head_jacobian_b,torch.float64,1.0,4.3393874896440656e-16,8.935315323542126e-15,symmetric_jacobi_cholesky_fp64,512,1.1286680698394775,0.08438535779714584,0.2457883059978485,0.00874832272529602,0.04826308414340019,0.09344247728586197,0.5,89,368640,239.29421268496662,368640,1.0,1e-06,0.37085190415382385,6.210679543983133e-07,1.1293413639068604,0.035046566277742386,0.0,0.0,2.924952983856201,0.3457310199737549,0.813789963722229,8.433531761169434,0.21817630529403687,-0.6872736215591431,2.4440150260925293,0.21622394025325775,0.629793107509613
14,0,0.41943371295928955,paper_sampled_policy_value_score,5.608306992144207e-07,512,-0.772710382938385,2.1058237552642822,-0.7381035685539246,-3.0618133544921875,0.13306115567684174,0.0,0.09876543209876543,2.5474748611450195,471.91,3.3,1592,0.4672965109348297,0,0.1,0.12757478654384613,0.016677623614668846,1.4135119957402704,1.3450449862977467,deterministic_value_head_jacobian_b,torch.float64,1.0,4.3596061367615643e-16,4.365009348577666e-15,symmetric_jacobi_cholesky_fp64,512,0.5271990895271301,0.012599972076714039,0.03004043735563755,0.05366070568561554,-0.08844898641109467,0.01782241463661194,0.06584362139917695,99,409600,265.1038265209645,409600,1.0,1e-06,1.0,6.204639930729172e-07,0.19629046320915222,0.02552172914147377,0.0,0.0,3.3022632598876953,0.10000000149011612,0.3991924226284027,7.75385856628418,0.10179612785577774,-0.9483211040496826,1.3852345943450928,0.03710820525884628,0.0884721577167511
14,0,0.3914174735546112,paper_sampled_policy_value_score,1.0961390444208519e-06,512,-0.6967052817344666,4.735876560211182,-0.741604745388031,-3.9264724254608154,0.26054221391677856,0.0,0.5,2.5642924308776855,468.66,2.73,1595,0.6655629277229309,0,0.1,0.2602953314781189,0.1154632493853569,1.4138339488311578,1.3752070002085222,deterministic_value_head_jacobian_b,torch.float64,1.0,4.13817848556679e-16,6.268593642038486e-15,symmetric_jacobi_cholesky_fp64,512,0.9557925462722778,0.09777244925498962,0.2497907131910324,0.029552919790148735,0.007982749491930008,0.037259459495544434,0.5,109,450560,290.9188345479779,450560,1.0,1e-06,0.7512426376342773,5.20838625561737e-07,0.44167184829711914,0.06423957645893097,0.0,0.0,7.12941312789917,0.14199914038181305,0.37700149416923523,7.365114688873291,-0.06775865703821182,-0.7338910698890686,1.647728681564331,0.20166738331317902,0.5152232646942139
14,0,0.40487509965896606,paper_sampled_policy_value_score,1.981296691155876e-06,512,-0.7102922201156616,2.738006114959717,-0.7340841889381409,-4.235009670257568,0.18189437687397003,0.0,0.09876543209876543,2.534404754638672,471.32,3.5,1595,0.49282798171043396,0,0.1,0.08860576152801514,0.008112374693155289,1.4137787704277114,1.3937544760694063,deterministic_value_head_jacobian_b,torch.float64,1.0,6.721045690045646e-16,8.331725250535362e-15,symmetric_jacobi_cholesky_fp64,512,0.41843080520629883,0.008751180954277515,0.021614519879221916,0.044585391879081726,0.052745942026376724,0.027846986427903175,0.06584362139917695,119,491520,316.74092459399253,491520,1.0,1e-06,1.0,8.423052122452646e-07,0.25141388177871704,0.022968048229813576,0.0,0.0,4.186280727386475,0.10600569099187851,0.0765184760093689,7.081325531005859,-0.2453538328409195,-0.8250957727432251,1.073542833328247,0.0417935736477375,0.10322584211826324
14,0,0.41786685585975647,paper_sampled_policy_value_score,7.913160970929312e-07,512,-0.6554247140884399,3.5761115550994873,-0.7130836844444275,-5.9703898429870605,0.2962082028388977,0.0,0.3333333333333333,2.4923434257507324,497.64,3.0,1595,1.5758121013641357,0,0.1,0.35222673416137695,0.16275706887245178,1.4138692242758608,1.3787511948267828,deterministic_value_head_jacobian_b,torch.float64,1.0,5.102184262768875e-16,1.2989902907052906e-14,symmetric_jacobi_cholesky_fp64,512,0.8819481134414673,0.03725340589880943,0.08915137499570847,0.021297268569469452,-0.03863782435655594,0.14360934495925903,0.3333333333333333,129,532480,342.53122972277924,532480,1.0,1e-06,0.3172965347766876,1.087162786461704e-06,1.3463020324707031,0.021785030141472816,0.0,0.0,1.8111451864242554,0.11722494661808014,0.9254597425460815,6.84318208694458,0.008627268485724926,-0.7289114594459534,3.4362096786499023,0.15477627515792847,0.37039613723754883
14,0,0.4143931567668915,paper_sampled_policy_value_score,6.431827728192729e-07,512,-0.6971538066864014,3.293142557144165,-0.7264568209648132,-2.465672254562378,0.1270798295736313,0.0,0.01950922115531169,2.5276763439178467,360.04,4.4,1593,0.4391867220401764,0,0.1,0.06875845789909363,0.004548770375549793,1.4135209354008509,1.3991746448301614,deterministic_value_head_jacobian_b,torch.float64,1.0,5.343930476470934e-16,4.6741041656182074e-15,symmetric_jacobi_cholesky_fp64,512,0.4060649871826172,0.0013414275599643588,0.003237089142203331,0.050813958048820496,-0.014636434614658356,0.013147784397006035,0.013006147436874461,139,573440,368.3845047648065,573440,1.0,1e-06,1.0,6.640263450208295e-07,0.13798114657402039,0.003967082127928734,0.0,0.0,2.6987178325653076,0.10000000149011612,0.417791485786438,6.27687406539917,-0.2201070487499237,-0.7201100587844849,1.6397756338119507,0.00749864149838686,0.018095476552844048
14,0,0.39240017533302307,paper_sampled_policy_value_score,4.08510658189698e-07,512,-0.6710840463638306,2.6617400646209717,-0.7148117423057556,-3.571418046951294,0.18105387687683105,0.0,0.5,2.3795742988586426,317.72,4.9,1593,1.0550308227539062,0,0.1,0.47752803564071655,0.5190103054046631,1.413646489292564,1.3869659188660448,deterministic_value_head_jacobian_b,torch.float64,1.0,5.327249458871966e-16,1.3176820329267183e-14,symmetric_jacobi_cholesky_fp64,512,1.7942285537719727,0.1131548210978508,0.2883658707141876,0.03242196887731552,-0.04558279737830162,0.0533868670463562,0.5,149,614400,394.1985218320042,614400,1.0,1e-06,0.4739193618297577,6.394266165443696e-07,0.9221667051315308,0.02985304407775402,0.0,0.0,2.350313186645508,0.20823226869106293,0.5958069562911987,5.946958065032959,-0.23517386615276337,-0.7985445857048035,2.5371217727661133,0.22379091382026672,0.5703129768371582
14,0,0.42661377787590027,paper_sampled_policy_value_score,6.294054060163035e-07,512,-0.6754960417747498,2.0696768760681152,-0.7042948603630066,-2.301379442214966,0.13388720154762268,0.0,0.5,2.4207522869110107,340.83,4.2,1593,0.9831295609474182,0,0.1,0.29586219787597656,0.15977689623832703,1.4137811888609129,1.391094757521209,deterministic_value_head_jacobian_b,torch.float64,1.0,4.856861051172415e-16,8.110784900660693e-15,symmetric_jacobi_cholesky_fp64,512,1.3985681533813477,0.07523465901613235,0.1763530969619751,0.025477856397628784,0.006281523033976555,0.06248223036527634,0.5,159,655360,420.1430389569141,655360,1.0,1e-06,0.508579432964325,7.529830554631189e-07,0.7491544485092163,0.05154741555452347,0.0,0.0,5.434814453125,0.27374467253685,0.7606397867202759,5.355126857757568,-0.2642521858215332,-0.6976370811462402,2.868577241897583,0.2105444371700287,0.4935247004032135
14,0,0.3806454837322235,paper_sampled_policy_value_score,6.682526532131305e-07,512,-0.6672596335411072,1.6987483501434326,-0.6989587545394897,-2.196666717529297,0.06998695433139801,0.0,0.14814814814814814,2.33707594871521,285.53,4.4,1591,0.39686816930770874,0,0.1,0.034057121723890305,0.0006031516240909696,1.4136777946719163,1.3900836978753897,deterministic_value_head_jacobian_b,torch.float64,1.0,6.403213401910262e-16,4.27863440762174e-15,symmetric_jacobi_cholesky_fp64,512,0.10404210537672043,0.0050455061718821526,0.013255132362246513,0.032685551792383194,0.002543555572628975,0.008680884726345539,0.14814814814814814,169,696320,445.9871242167428,696320,1.0,1e-06,1.0,7.408039550682588e-07,0.10927874594926834,0.02183167263865471,0.0,0.0,2.5779786109924316,0.35495027899742126,0.145094633102417,5.155688285827637,-0.29960867762565613,-0.6989990472793579,1.607816457748413,0.05423077940940857,0.1424705684185028
14,0,0.39476388692855835,paper_sampled_policy_value_score,6.722746661580459e-07,512,-0.6766926050186157,1.242656946182251,-0.6815794706344604,-3.076580762863159,0.07996673136949539,0.0,0.1481481481481482,2.319756269454956,245.94,4.26,1593,0.42702823877334595,0,0.1,0.05458293482661247,0.002290621865540743,1.4130731483927017,1.393719640284783,deterministic_value_head_jacobian_b,torch.float64,1.0,5.549706848500884e-16,5.0072280046332604e-15,symmetric_jacobi_cholesky_fp64,512,0.7675327062606812,0.008086372166872025,0.02048407308757305,0.059674497693777084,-0.012579502537846565,0.013024046085774899,0.09876543209876547,179,737280,471.84243015479296,737280,1.0,1e-06,1.0,8.426179078924179e-07,0.15868712961673737,0.0197592880576849,0.0,0.0,3.342402458190918,0.10000000149011612,0.31479576230049133,4.688957691192627,-0.2956661283969879,-0.7494534850120544,2.009974479675293,0.059471726417541504,0.15065138041973114
14,0,0.5548970699310303,paper_sampled_policy_value_score,1.047788259711524e-06,512,-0.6776630282402039,0.39451223611831665,-0.6836754083633423,-1.322163701057434,0.01697809435427189,0.0,0.0001,2.30857515335083,325.45,3.39,1594,0.5609249472618103,0,0.1,0.08704036474227905,0.02530704066157341,1.413203972169595,1.381987607490937,deterministic_value_head_jacobian_b,torch.float64,1.0,5.384863565844632e-16,3.54127974368089e-15,symmetric_jacobi_cholesky_fp64,512,0.8541977405548096,7.76409524405608e-06,1.3991955711389892e-05,0.057022806257009506,-0.11849018931388855,0.006467917002737522,0.0001,189,778240,497.67325486196205,778240,1.0,1e-06,0.8913832306861877,6.847569125056907e-07,0.10186416655778885,1.4391291188076138e-05,0.0,0.0,4.460063457489014,0.10000000149011612,-0.08887636661529541,4.520207405090332,-0.37246838212013245,-0.6806964874267578,1.0286685228347778,4.772409738507122e-05,8.600531873526052e-05
14,0,0.37348583340644836,paper_sampled_policy_value_score,6.655419042544963e-07,512,-0.6703953146934509,0.2679659426212311,-0.6702465415000916,-1.765552043914795,0.022920820862054825,0.0,0.008649755859374995,2.2116551399230957,335.65,3.36,1592,0.4038442075252533,0,0.1,0.07580703496932983,0.018041763454675674,1.4122702533619966,1.376767636359019,deterministic_value_head_jacobian_b,torch.float64,1.0,5.535259660631776e-16,3.837789033990656e-15,symmetric_jacobi_cholesky_fp64,512,0.5628687143325806,0.0006557116867043078,0.001755653414875269,0.06109157204627991,-0.07481012493371964,0.00780309084802866,0.005766503906249997,199,819200,523.5458427816629,819200,1.0,1e-06,1.0,1.1278040119577781e-06,0.13730277121067047,0.0010896174935624003,0.0,0.0,2.4935779571533203,0.10000000149011612,0.0027881208807229996,4.45142126083374,-0.5141362547874451,-0.6744872331619263,1.7159875631332397,0.0032670472282916307,0.008747446350753307
14,0,0.5075078010559082,paper_sampled_policy_value_score,6.733306463502231e-07,512,-0.6355794668197632,1.8645508289337158,-0.6551296710968018,-1.6697720289230347,0.030407613143324852,0.0,0.0017085937499999992,2.2973790168762207,361.99,4.0,1595,0.5121433138847351,0,0.1,0.06409444659948349,0.004936619661748409,1.4130033304942262,1.3912254783409104,deterministic_value_head_jacobian_b,torch.float64,1.0,4.936744702036663e-16,3.4299020253498543e-15,symmetric_jacobi_cholesky_fp64,512,0.6962108016014099,0.00010691793431760743,0.00021067250054329634,0.054494552314281464,0.05930666625499725,0.00618702732026577,0.0011390624999999995,209,860160,549.3656800598837,860160,1.0,1e-06,0.976287305355072,8.897950465325266e-07,0.10328906029462814,0.00022792494564782828,0.0,0.0,10.0,0.1938503086566925,0.09777624905109406,4.3634467124938965,-0.5178960561752319,-0.7534093856811523,2.1578571796417236,0.000820958346594125,0.0016176271019503474
14,0,0.5171881914138794,paper_sampled_policy_value_score,6.608192393287027e-07,512,-0.641284704208374,0.4291337728500366,-0.6373419165611267,-1.309914231300354,0.012663780711591244,0.0,0.0001,2.392080783843994,285.21,4.7,1593,0.5187211036682129,0,0.1,0.041739322245121,0.0012696819612756371,1.4132319735105048,1.3848091142801404,deterministic_value_head_jacobian_b,torch.float64,1.0,6.1359315024148e-16,3.731354818955016e-15,symmetric_jacobi_cholesky_fp64,512,0.22345328330993652,4.023283509013709e-06,7.779148290865123e-06,0.05268942564725876,-0.04202214255928993,0.005961824208498001,0.0001,219,901120,575.2043584398925,901120,1.0,1e-06,0.9639072418212891,6.420804652407242e-07,0.07283544540405273,1.319248531217454e-05,0.0,0.0,3.0323092937469482,0.13469251990318298,-0.2766309380531311,4.200157642364502,-0.49931755661964417,-0.7045510411262512,0.7170658707618713,4.80454764328897e-05,9.289747686125338e-05
14,0,0.4372892677783966,paper_sampled_policy_value_score,7.887258561822819e-07,512,-0.6478393077850342,1.489778995513916,-0.638273298740387,-2.307706356048584,0.0628349632024765,0.0,0.0005062500000000001,2.087646007537842,311.63,3.4,1587,0.49608075618743896,0,0.1,0.12628069519996643,0.021520406007766724,1.4130254299820406,1.3771992796523291,deterministic_value_head_jacobian_b,torch.float64,1.0,6.768681101146255e-16,9.13876251106586e-15,symmetric_jacobi_cholesky_fp64,512,0.6337389349937439,6.39242643956095e-05,0.00014618301065638661,0.04816049709916115,-0.04223641753196716,0.020645877346396446,0.00033750000000000007,229,942080,601.0713810478337,942080,1.0,1e-06,1.0,6.888586767672678e-07,0.202154740691185,6.0909209423698485e-05,0.0,0.0,4.47984504699707,0.24448338150978088,-0.03315455839037895,4.211127758026123,-0.5042837858200073,-0.6868500113487244,1.3723394870758057,0.0002375095064053312,0.0005431405152194202
14,0,0.47574418783187866,paper_sampled_policy_value_score,1.6911427564991754e-06,512,-0.5893393158912659,3.6228065490722656,-0.6234279870986938,-1.4213141202926636,0.0838322788476944,0.0,0.04378938903808593,2.0466604232788086,292.14,3.3,1592,0.5595888495445251,0,0.1,0.12285143882036209,0.027082256972789764,1.4125572634005243,1.3731658656176498,deterministic_value_head_jacobian_b,torch.float64,1.0,4.3530280386535393e-16,5.399899595682e-15,symmetric_jacobi_cholesky_fp64,512,0.577650785446167,0.0048067313618958,0.010103604756295681,0.054152607917785645,0.01970878429710865,0.021483030170202255,0.029192926025390618,239,983040,626.9379281047732,983040,1.0,1e-06,0.8935115337371826,2.302434040757362e-06,0.29599320888519287,0.004678364843130112,0.0,0.0,2.761366844177246,0.3081158995628357,0.08702673017978668,4.127636432647705,-0.49673229455947876,-0.655938446521759,1.7745403051376343,0.02075348235666752,0.043623197823762894
14,0,0.3801199495792389,paper_sampled_policy_value_score,6.254850859477301e-07,512,-0.617477297782898,1.2424181699752808,-0.6145893335342407,-1.9002494812011719,0.032613564282655716,0.0,0.0011390624999999997,1.9185147285461426,257.42,4.9,1590,0.4061264395713806,0,0.1,0.04975055158138275,0.0015901796286925673,1.412800266938469,1.3791997459939085,deterministic_value_head_jacobian_b,torch.float64,1.0,5.082142951672421e-16,3.848455197482128e-15,symmetric_jacobi_cholesky_fp64,512,0.5874173641204834,5.6671684433240443e-05,0.00014908895536791533,0.044724952429533005,-0.04384302347898483,0.007646172773092985,0.0007593749999999997,249,1024000,652.8039510077797,1024000,1.0,1e-06,1.0,8.996402698357997e-07,0.1258213073015213,0.00010726238542702049,0.0,0.0,7.114675521850586,0.10000000149011612,0.3354618549346924,4.0168609619140625,-0.5171090960502625,-0.8357642889022827,2.616260290145874,0.0004401593469083309,0.0011579485144466162
14,0,0.36030006408691406,paper_sampled_policy_value_score,4.697407803178066e-06,512,-0.6229566335678101,0.15779589116573334,-0.6119264960289001,-1.6984113454818726,0.015301922336220741,0.0,0.002562890625,1.8153172731399536,281.84,3.9,1587,0.3834431767463684,0,0.1,0.06528085470199585,0.01577393151819706,1.4125248415495937,1.3795273590493367,deterministic_value_head_jacobian_b,torch.float64,1.0,5.104555092397514e-16,4.207477494955708e-15,symmetric_jacobi_cholesky_fp64,512,0.7785950899124146,0.0001673084479989484,0.0004643586289603263,0.06471674889326096,-0.15072208642959595,0.0074671367183327675,0.00170859375,259,1064960,678.7186221936718,1064960,1.0,1e-06,1.0,2.4485611902491655e-06,0.10998790711164474,0.0002103207807522267,0.0,0.0,2.5190768241882324,0.10000000149011612,-0.2024928480386734,4.486855506896973,-0.5055109262466431,-0.6416366100311279,1.0033243894577026,0.000946095387917012,0.0026258539874106646
14,0,0.3516119718551636,paper_sampled_policy_value_score,1.1417982932471205e-06,512,-0.5753093957901001,2.502281665802002,-0.6012507081031799,-3.3633763790130615,0.13315840065479279,0.0,0.029192926025390604,1.773256778717041,226.7,4.8,1587,0.47038835287094116,0,0.1,0.11607961356639862,0.04583669826388359,1.4128192277091922,1.3690815151553994,deterministic_value_head_jacobian_b,torch.float64,1.0,6.942590650312704e-16,1.1088364611610692e-14,symmetric_jacobi_cholesky_fp64,512,0.6754142045974731,0.003388703102245927,0.009637621231377125,0.03410480171442032,0.0053446367383003235,0.038297876715660095,0.029192926025390604,269,1105920,704.5948289507069,1105920,1.0,1e-06,1.0,1.2480753639465547e-06,0.3002703785896301,0.0015668030828237534,0.0,0.0,2.3864803314208984,0.10000000149011612,0.2081792652606964,3.9319002628326416,-0.4989287257194519,-0.687602162361145,1.8225616216659546,0.01317258644849062,0.03746341913938522
14,0,0.27052226662635803,paper_sampled_policy_value_score,1.2745623507726123e-06,512,-0.5772196054458618,2.46732234954834,-0.6003863215446472,-3.969611644744873,0.1647423952817917,0.0,0.06568408355712888,1.46222722530365,188.63,5.1,1585,0.6691831350326538,0,0.1,0.15637624263763428,0.04768034443259239,1.4124302896389886,1.3676895747466946,deterministic_value_head_jacobian_b,torch.float64,1.0,6.46586222515993e-16,1.4037019961784781e-14,symmetric_jacobi_cholesky_fp64,512,0.885071873664856,0.007674594409763813,0.028369547799229622,0.0389571450650692,-0.04396914690732956,0.0617910735309124,0.06568408355712888,279,1146880,730.4888427276164,1146880,1.0,1e-06,0.7471784949302673,6.970362846914213e-07,0.5350815057754517,0.0022204748820513487,0.0,0.0,2.5028226375579834,0.10000000149011612,0.5487152338027954,3.9447181224823,-0.4678208827972412,-0.6002009510993958,2.7502195835113525,0.02965453639626503,0.10961958020925522
14,0,0.3210105299949646,paper_sampled_policy_value_score,7.083039577082673e-07,512,-0.5764867663383484,2.223259210586548,-0.5893239974975586,-2.8801803588867188,0.11686652153730392,0.0,0.0003374999999999999,1.44779372215271,164.15,5.9,1584,0.44909781217575073,0,0.1,0.09052246063947678,0.019372139126062393,1.4129797197749947,1.3759506176325527,deterministic_value_head_jacobian_b,torch.float64,1.0,4.1415569679620645e-16,6.81393535258669e-15,symmetric_jacobi_cholesky_fp64,512,0.5082049369812012,3.055319393752143e-05,9.517816943116486e-05,0.042417220771312714,-0.023130100220441818,0.04226912558078766,0.00022499999999999994,289,1187840,756.4104509088211,1187840,1.0,1e-06,1.0,6.715034146509424e-07,0.29615965485572815,2.2826703570899554e-05,0.0,0.0,7.125970363616943,0.13887673616409302,0.6503528356552124,4.061342239379883,-0.1714482605457306,-0.7709160447120667,2.447073459625244,0.00014513256610371172,0.0004521115333773196
14,0,0.3870698809623718,paper_sampled_policy_value_score,5.970180154690752e-07,512,-0.5904083251953125,1.6837489604949951,-0.5948777794837952,-2.709956407546997,0.09456396102905273,0.0,0.22168378200531003,1.9329121112823486,194.78,4.9,1589,0.6091166734695435,0,0.1,0.13470500707626343,0.019644323736429214,1.4134345229187169,1.3782270867309825,deterministic_value_head_jacobian_b,torch.float64,1.0,8.235930376924568e-16,1.4891270519894837e-14,symmetric_jacobi_cholesky_fp64,512,1.7481056451797485,0.02451242506504059,0.06332816183567047,0.0285709910094738,0.005353812128305435,0.03616705164313316,0.22168378200531003,299,1228800,782.305745257996,1228800,1.0,1e-06,0.820859432220459,6.904969609422551e-07,0.406476765871048,0.011831284500658512,0.0,0.0,10.0,0.18500566482543945,0.2466399073600769,3.6455788612365723,-0.48789486289024353,-0.5960965752601624,1.86095130443573,0.10071320086717606,0.2601938545703888
14,0,0.40608662366867065,paper_sampled_policy_value_score,9.914188012771774e-07,512,-0.6004338264465332,0.2201816439628601,-0.5927501916885376,-1.6916375160217285,0.015378644689917564,0.0,0.0001,2.0371947288513184,172.84,3.6,1591,0.4147734045982361,0,0.1,0.03654996305704117,0.0012952277902513742,1.4128342392706932,1.3805445125108822,deterministic_value_head_jacobian_b,torch.float64,1.0,5.845244622949358e-16,4.139157855755512e-15,symmetric_jacobi_cholesky_fp64,512,0.5454292893409729,3.6554467897076393e-06,9.0016428657691e-06,0.07323749363422394,-0.09091635048389435,0.005538411904126406,0.0001,309,1269760,808.2144240690395,1269760,1.0,1e-06,1.0,9.678865353635047e-07,0.08113662153482437,8.09586163086351e-06,0.0,0.0,8.20882511138916,0.10000000149011612,-0.19455522298812866,3.607499599456787,-0.547659158706665,-0.6620352864265442,0.8864558339118958,4.045386958750896e-05,9.961881733033806e-05
14,0,0.37370359897613525,paper_sampled_policy_value_score,7.78237335907761e-07,512,-0.5672017335891724,1.6662815809249878,-0.5819227695465088,-2.736957311630249,0.05463201925158501,0.0,0.0011390624999999997,1.6521426439285278,264.28,4.6,1592,0.40372994542121887,0,0.1,0.06561044603586197,0.008242246694862843,1.4127449238098457,1.3772173468045985,deterministic_value_head_jacobian_b,torch.float64,1.0,4.809250545641161e-16,5.224695173212242e-15,symmetric_jacobi_cholesky_fp64,512,0.8638195991516113,7.473475852748379e-05,0.00019998404604848474,0.04950781911611557,-0.002499883994460106,0.009838595986366272,0.0007593749999999997,319,1310720,834.0827517649159,1310720,1.0,1e-06,1.0,9.411876931153529e-07,0.1275862604379654,7.671037747059017e-05,0.0,0.0,3.6640067100524902,0.19321629405021667,-0.049082763493061066,3.7417142391204834,-0.5513755679130554,-0.6693688631057739,1.1668641567230225,0.0004510389408096671,0.0012069429503753781
14,0,0.602510929107666,paper_sampled_policy_value_score,1.069106588147406e-06,512,-0.5467017889022827,1.829149842262268,-0.5794375538825989,-1.896479845046997,0.07439614832401276,0.0,0.14778918800354002,1.9903416633605957,194.48,5.9,1590,0.6290141344070435,0,0.1,0.10356682538986206,0.0373854860663414,1.4126167885985108,1.3702694274447638,deterministic_value_head_jacobian_b,torch.float64,1.0,5.155474337936398e-16,6.300812141692332e-15,symmetric_jacobi_cholesky_fp64,512,0.7808438539505005,0.012166683562099934,0.020193299278616905,0.03538423031568527,-0.0002501867711544037,0.01675543189048767,0.14778918800354002,329,1351680,859.9455724,1351680,1.0,1e-06,0.7948934435844421,7.997850275387464e-07,0.17981892824172974,0.018882859498262405,0.0,0.0,3.1491146087646484,0.2411554455757141,0.27498677372932434,3.5408451557159424,-0.4959107041358948,-0.6975676417350769,2.0824806690216064,0.07075410336256027,0.11743206530809402
14,0,0.3754349946975708,paper_sampled_policy_value_score,1.5206917396426434e-06,512,-0.5533634424209595,1.5937105417251587,-0.5715401768684387,-2.8574752807617188,0.07483015954494476,0.0,0.00022499999999999994,1.7592854499816895,309.88,4.2,1589,0.48800206184387207,0,0.1,0.15457218885421753,0.09015978127717972,1.411977814233422,1.3610649545418716,deterministic_value_head_jacobian_b,torch.float64,1.0,6.327850269315915e-16,9.66459259560643e-15,symmetric_jacobi_cholesky_fp64,512,0.840158998966217,3.477803329587914e-05,9.263397078029811e-05,0.05951257050037384,-0.04315278306603432,0.02299591712653637,0.00014999999999999996,339,1392640,885.8126206248999,1392640,1.0,1e-06,1.0,9.274227750211139e-07,0.286868691444397,1.6371683159377426e-05,0.0,0.0,2.862030267715454,0.12503701448440552,0.03158258646726608,3.6723055839538574,-0.5680842399597168,-0.6590299010276794,1.4479069709777832,0.00010391812975285575,0.0002767939295154065
14,0,0.3482489585876465,paper_sampled_policy_value_score,9.30399835397111e-07,512,-0.577566921710968,0.9463499784469604,-0.5714780688285828,-2.034005880355835,0.03083192929625511,0.0,0.0001,0.8955243825912476,278.71,4.3,1589,0.36215174198150635,0,0.1,0.07600919157266617,0.015506315045058727,1.4115475662735084,1.3690079779909152,deterministic_value_head_jacobian_b,torch.float64,1.0,5.192427896721211e-16,4.701187995378322e-15,symmetric_jacobi_cholesky_fp64,512,0.3383674919605255,7.602767709613545e-06,2.1831416233908385e-05,0.06289064884185791,-0.11794567853212357,0.0035381170455366373,0.0001,349,1433600,911.6843318678439,1433600,1.0,1e-06,1.0,7.592976771775284e-07,0.09389546513557434,9.575887816026807e-06,0.0,0.0,6.75055456161499,0.10000000149011612,-0.012291166931390762,3.49536395072937,-0.5522091388702393,-0.7023681998252869,1.3714600801467896,3.466901762294583e-05,9.955239511327818e-05
14,0,0.44672220945358276,paper_sampled_policy_value_score,1.3280327948450577e-06,512,-0.581230640411377,-0.1241166740655899,-0.5693331956863403,-1.5890387296676636,0.010686377063393593,0.0,0.0001,1.093258261680603,248.59,4.0,1591,0.4778604507446289,0,0.1,0.0521806962788105,0.005105223506689072,1.4117923163039934,1.3683284599088774,deterministic_value_head_jacobian_b,torch.float64,1.0,5.841381267892611e-16,3.316163954543188e-15,symmetric_jacobi_cholesky_fp64,512,0.46898651123046875,5.220978891884442e-06,1.168730523204431e-05,0.05853180214762688,-0.10441577434539795,0.003852482885122299,0.0001,359,1474560,937.5719690918922,1474560,1.0,1e-06,1.0,7.340098022723396e-07,0.12042440474033356,9.347522791358642e-06,0.0,0.0,4.529208183288574,0.10000000149011612,-0.033648546785116196,3.499112367630005,-0.5326536297798157,-0.6143069267272949,1.3951852321624756,4.6509063395205885e-05,0.00010411182302050292
14,0,0.3332497179508209,paper_sampled_policy_value_score,1.014504391605442e-06,512,-0.5789693593978882,0.31743574142456055,-0.5635108351707458,-2.3650355339050293,0.022031471133232117,0.0,0.008649755859375,0.77617347240448,284.38,3.9,1586,0.3559882938861847,0,0.1,0.08734755218029022,0.022105948999524117,1.4112391130395059,1.3609528400790114,deterministic_value_head_jacobian_b,torch.float64,1.0,4.443133366418574e-16,3.254713177310625e-15,symmetric_jacobi_cholesky_fp64,512,0.2965087890625,0.0007555331103503704,0.0022671681363135576,0.04830361157655716,-0.16543525457382202,0.005304012447595596,0.0057665039062500005,369,1515520,963.4613753366284,1515520,1.0,1e-06,1.0,1.0989485872414662e-06,0.09861429780721664,0.0005871854955330491,0.0,0.0,2.3440682888031006,0.10000000149011612,-0.3148491382598877,3.5843505859375,-0.5373064875602722,-0.62461256980896,0.6620579361915588,0.0029603641014546156,0.008883320726454258
14,0,0.3717503547668457,paper_sampled_policy_value_score,1.2490087328842492e-06,512,-0.5532878637313843,0.816044807434082,-0.5559225082397461,-2.4236438274383545,0.027053816244006157,0.0,0.0001,1.398324966430664,251.13,4.6,1589,0.4101358950138092,0,0.1,0.06683581322431564,0.006587216630578041,1.412876016930197,1.351885553592616,deterministic_value_head_jacobian_b,torch.float64,1.0,5.930010821348381e-16,4.5983719780324565e-15,symmetric_jacobi_cholesky_fp64,512,1.0871241092681885,6.68244047119515e-06,1.7975613445742056e-05,0.053120244294404984,0.008740860968828201,0.0064332857728004456,0.0001,379,1556480,989.3587134256959,1556480,1.0,1e-06,1.0,9.313488931184111e-07,0.13376891613006592,8.356155376532115e-06,0.0,0.0,3.8315300941467285,0.12312033772468567,-0.029071886092424393,3.6855990886688232,-0.5235959887504578,-0.6489472985267639,1.477141261100769,3.9727892726659775e-05,0.00010686712630558759
14,0,0.3585226237773895,paper_sampled_policy_value_score,3.6580677260644734e-06,512,-0.5563546419143677,1.5392975807189941,-0.5591679811477661,-2.1502935886383057,0.05343334376811981,0.0,0.0005062500000000001,0.8994400501251221,163.06,4.0,1564,0.4502407908439636,0,0.1,0.08089128136634827,0.011684712022542953,1.4116652633010984,1.3631790805142423,deterministic_value_head_jacobian_b,torch.float64,1.0,5.389718793420205e-16,6.465317420374724e-15,symmetric_jacobi_cholesky_fp64,512,0.6678336262702942,4.095447366125882e-05,0.000114231210318394,0.05547022446990013,0.019919566810131073,0.023838575929403305,0.00033750000000000007,389,1597440,1015.3497907388955,1597440,1.0,1e-06,1.0,1.2909500810565078e-06,0.26059073209762573,3.2343174098059535e-05,0.0,0.0,4.647111415863037,0.14320816099643707,0.1759081780910492,3.4237148761749268,-0.525843620300293,-0.6952564120292664,1.724600911140442,0.00021783681586384773,0.0006075957207940519
14,0,0.38595929741859436,paper_sampled_policy_value_score,8.750434403737017e-07,512,-0.562433123588562,1.0827226638793945,-0.5591724514961243,-1.946287989616394,0.04650984704494476,0.0,0.00033750000000000007,1.0864546298980713,296.94,4.6,1590,0.5331882834434509,0,0.1,0.11018501967191696,0.008632635697722435,1.4122763248807213,1.351601115134857,deterministic_value_head_jacobian_b,torch.float64,1.0,5.724136066822029e-16,7.29628282216751e-15,symmetric_jacobi_cholesky_fp64,512,0.7398896217346191,3.487386129563674e-05,9.035631956066936e-05,0.08000423014163971,-0.07239609956741333,0.017401769757270813,0.00022500000000000005,399,1638400,1041.2455530799925,1638400,1.0,1e-06,0.9377532601356506,4.033271125081228e-06,0.33811870217323303,2.3048152797855437e-05,0.0,0.0,3.2340621948242188,0.10000000149011612,0.19316761195659637,3.6141786575317383,-0.4904836416244507,-0.5820808410644531,1.389863133430481,0.0001630119077162817,0.00042235516593791544
14,0,0.3577393889427185,paper_sampled_policy_value_score,1.3093248298901017e-06,512,-0.5582329034805298,1.224853754043579,-0.552306056022644,-3.0227320194244385,0.06453145295381546,0.0,0.01946195068359375,1.3331257104873657,178.47,4.4,1585,0.5483922958374023,0,0.1,0.10475116968154907,0.012421669438481331,1.4121065404407254,1.3590558149103447,deterministic_value_head_jacobian_b,torch.float64,1.0,5.49589805620743e-16,7.870365660661049e-15,symmetric_jacobi_cholesky_fp64,512,0.6710414290428162,0.0018587602535262704,0.0051958500407636166,0.040308333933353424,0.07283726334571838,0.03477859124541283,0.0129746337890625,409,1679360,1067.1664195656776,1679360,1.0,1e-06,0.9117543697357178,1.5498120546908467e-06,0.3611927628517151,0.0012127180816605687,0.0,0.0,2.3183491230010986,0.21151311695575714,0.3349943161010742,3.4431185722351074,-0.4819398522377014,-0.6013888716697693,1.9816868305206299,0.0090198228135705,0.025213390588760376
14,0,0.4159761071205139,paper_sampled_policy_value_score,1.3438408359434106e-06,512,-0.5567066669464111,0.07879099994897842,-0.5558960437774658,-1.3820009231567383,0.004859995096921921,0.0,0.0057665039062500005,1.6293610334396362,237.43,4.8,1590,0.41835594177246094,0,0.1,0.03760456666350365,0.0015972442924976349,1.4124337083633811,1.3584570058927312,deterministic_value_head_jacobian_b,torch.float64,1.0,5.433380798752538e-16,2.2134651378649864e-15,symmetric_jacobi_cholesky_fp64,512,0.31738635897636414,0.00021684679086320102,0.0005212962860241532,0.05413921922445297,-0.024247271940112114,0.001971153076738119,0.0038443359375000003,419,1720320,1093.079431179911,1720320,1.0,1e-06,1.0,1.1971197864113492e-06,0.054558027535676956,0.0004489756829570979,0.0,0.0,3.193145751953125,0.13524536788463593,-0.21226200461387634,3.3737850189208984,-0.5073438286781311,-0.612234354019165,0.9806873798370361,0.002364587737247348,0.00568443164229393
14,0,0.6656500697135925,paper_sampled_policy_value_score,3.614895831560716e-06,512,-0.5689825415611267,-0.20689591765403748,-0.5521892309188843,-2.031540870666504,0.01242020633071661,0.0,0.0001,1.7453105449676514,272.76,4.8,1592,0.6740748882293701,0,0.1,0.041316092014312744,0.00230569951236248,1.4130079775368922,1.3722100630166933,deterministic_value_head_jacobian_b,torch.float64,1.0,3.7956187346672775e-16,1.786620807114639e-15,symmetric_jacobi_cholesky_fp64,512,0.31642425060272217,3.066163571929792e-06,4.606269612850156e-06,0.0698181763291359,-0.08602727949619293,0.0030503112357109785,0.0001,429,1761280,1118.9766838098876,1761280,1.0,1e-06,0.74175626039505,2.6590732886688784e-06,0.06793384253978729,7.887844731158111e-06,0.0,0.0,4.378352165222168,0.10000000149011612,-0.33188462257385254,3.380869150161743,-0.5218856334686279,-0.6689988970756531,0.36783283948898315,4.930023351334967e-05,7.406328950310126e-05
14,0,0.3155095875263214,paper_sampled_policy_value_score,1.4530743328577955e-06,512,-0.5581218004226685,0.5242927074432373,-0.5494896173477173,-3.3007514476776123,0.033122461289167404,0.0,0.00022500000000000005,1.4787369966506958,254.01,4.3,1590,0.36183962225914,0,0.1,0.06865428388118744,0.009988195262849331,1.4125097645215463,1.3506765515243682,deterministic_value_head_jacobian_b,torch.float64,1.0,4.747765272697994e-16,3.9390172390670556e-15,symmetric_jacobi_cholesky_fp64,512,0.4321722388267517,1.5447869373019785e-05,4.896164682577364e-05,0.04764333367347717,-0.06468319147825241,0.005679569207131863,0.00015000000000000004,439,1802240,1144.865443290677,1802240,1.0,1e-06,1.0,1.4223076050257077e-06,0.14306683838367462,1.4652662684966344e-05,0.0,0.0,4.615749835968018,0.10000000149011612,-0.05794186145067215,3.5362956523895264,-0.5283074975013733,-0.6168093681335449,1.352447509765625,7.74751024437137e-05,0.0002455554495099932
14,0,0.4245378077030182,paper_sampled_policy_value_score,1.4690490388602484e-06,512,-0.5471097230911255,1.6024008989334106,-0.5462549328804016,-2.7708587646484375,0.05641050264239311,0.0,0.14778918800354002,1.2856519222259521,257.41,5.5,1589,1.0978199243545532,0,0.1,0.17643138766288757,0.4599345326423645,1.412248906178088,1.3562380221058687,deterministic_value_head_jacobian_b,torch.float64,1.0,6.926564261228103e-16,7.893913691134365e-15,symmetric_jacobi_cholesky_fp64,512,2.171508550643921,0.011875633150339127,0.02797308750450611,0.02808356285095215,-0.09577851742506027,0.017645293846726418,0.14778918800354002,449,1843200,1170.780382688623,1843200,1.0,1e-06,0.4554477035999298,1.9055589746130863e-06,0.7967330813407898,0.005750658921897411,0.0,0.0,2.3005473613739014,0.20159569382667542,1.0243632793426514,3.6339237689971924,-0.04039020091295242,-0.5911182165145874,2.756223201751709,0.05667172744870186,0.1334904134273529
14,0,0.4277392625808716,paper_sampled_policy_value_score,1.4309076732388348e-06,512,-0.5408122539520264,1.4047572612762451,-0.5492762923240662,-1.6712586879730225,0.034636516124010086,0.0,0.09852612533569335,1.6143889427185059,233.36,5.1,1587,0.5419777035713196,0,0.1,0.10162755846977234,0.012966308742761612,1.4119408388395063,1.3419148006496942,deterministic_value_head_jacobian_b,torch.float64,1.0,4.2762838397932636e-16,4.572267352966278e-15,symmetric_jacobi_cholesky_fp64,512,2.092660665512085,0.009237419813871384,0.0215959120541811,0.04557047784328461,-0.03114129975438118,0.024082109332084656,0.0656840835571289,459,1884160,1196.706160039641,1884160,1.0,1e-06,0.9225454330444336,8.187111575352901e-07,0.3070604205131531,0.006359807215631008,0.0,0.0,2.6652982234954834,0.1682695895433426,0.3519972264766693,3.394082546234131,-0.5161875486373901,-0.6361764073371887,2.0676801204681396,0.04621853306889534,0.1080530509352684
14,0,0.3131387531757355,paper_sampled_policy_value_score,1.376461796098738e-06,512,-0.5646815896034241,0.09340064972639084,-0.5474847555160522,-3.4060354232788086,0.0267103873193264,0.0,0.00010000000000000003,1.546639323234558,178.13,6.1,1588,0.3497890532016754,0,0.1,0.0719817504286766,0.014085989445447922,1.4123614951684589,1.3300783556754328,deterministic_value_head_jacobian_b,torch.float64,1.0,5.364829688894135e-16,3.615717020093429e-15,symmetric_jacobi_cholesky_fp64,512,0.5608307123184204,7.199805168056628e-06,2.2992380763753317e-05,0.06404538452625275,-0.07021075487136841,0.0040304651483893394,0.0001,469,1925120,1222.6575918840244,1925120,1.0,1e-06,1.0,1.807242938411946e-06,0.11807220429182053,5.89924275118392e-06,0.0,0.0,4.833207130432129,0.18285533785820007,0.025197895243763924,3.3182713985443115,-0.49861183762550354,-0.6343633532524109,1.5086036920547485,3.208727139281109e-05,0.00010246982128592208
14,0,0.2378169745206833,paper_sampled_policy_value_score,1.9376702766749077e-06,512,-0.521334171295166,1.1386268138885498,-0.540414571762085,-2.0691068172454834,0.032303985208272934,0.0,0.01946195068359375,1.336902141571045,147.2,5.1,1584,0.3040480315685272,0,0.1,0.10175921022891998,0.11241281777620316,1.4124877306301524,1.3249459390094704,deterministic_value_head_jacobian_b,torch.float64,1.0,6.936492516059322e-16,6.329796904577683e-15,symmetric_jacobi_cholesky_fp64,512,1.0951179265975952,0.0019804341718554497,0.00832755584269762,0.043562259525060654,-0.07738172262907028,0.007510105147957802,0.0129746337890625,479,1966080,1248.6332395616919,1966080,1.0,1e-06,1.0,1.37921506393468e-06,0.1602507084608078,0.0007775736739858985,0.0,0.0,3.1487762928009033,0.10000000149011612,0.3521043062210083,3.2780141830444336,-0.46727707982063293,-0.7492204308509827,2.0455782413482666,0.005602297373116016,0.023557180538773537
14,0,0.3796123266220093,paper_sampled_policy_value_score,2.021254431383568e-06,512,-0.5387561321258545,1.7995691299438477,-0.5429429411888123,-3.2371065616607666,0.05113384500145912,0.0,0.00015000000000000004,1.5676060914993286,200.23,5.2,1586,0.4477354884147644,0,0.1,0.13273708522319794,0.03391392529010773,1.4114845629008634,1.3262353904540534,deterministic_value_head_jacobian_b,torch.float64,1.0,6.32417500411691e-16,8.084345710588932e-15,symmetric_jacobi_cholesky_fp64,512,1.3721431493759155,1.9910241462639533e-05,5.2448878705035895e-05,0.058141373097896576,-0.04230474680662155,0.012557704001665115,0.00010000000000000003,489,2007040,1274.5950449900702,2007040,1.0,1e-06,1.0,9.844329724728595e-07,0.22416864335536957,9.160394256468862e-06,0.0,0.0,4.222240924835205,0.10000000149011612,-0.3223215341567993,3.2253897190093994,-0.4969606101512909,-0.6276549100875854,0.4701988995075226,6.402877625077963e-05,0.0001686688483459875
14,0,0.5374889373779297,paper_sampled_policy_value_score,3.0730564049008535e-06,512,-0.5280255675315857,0.5593316555023193,-0.5384136438369751,-1.3744523525238037,0.02130015939474106,0.0,0.0001,1.5463097095489502,156.25,5.1,1589,0.57513427734375,0,0.1,0.13222071528434753,0.15662747621536255,1.411934721700286,1.3415096593478268,deterministic_value_head_jacobian_b,torch.float64,1.0,4.349404582517631e-16,3.4579710183160386e-15,symmetric_jacobi_cholesky_fp64,512,1.933860421180725,1.1498106687213294e-05,2.1392266717157327e-05,0.09421399235725403,-0.05054185539484024,0.0038153750356286764,0.0001,499,2048000,1300.5362293729559,2048000,1.0,1e-06,0.8693606853485107,1.19559535960434e-06,0.1632295697927475,1.151320157077862e-05,0.0,0.0,10.0,0.10000000149011612,-0.12506456673145294,3.3328678607940674,-0.5062419772148132,-0.6323039531707764,0.8094915151596069,4.7709163482068107e-05,8.876305946614593e-05
14,0,0.31506356596946716,paper_sampled_policy_value_score,1.6333248140654177e-06,512,-0.5217344760894775,1.0713183879852295,-0.543346107006073,-1.1176153421401978,0.02656974084675312,0.0,0.0011390625,1.4042574167251587,226.65,5.2,1588,0.3543292284011841,0,0.1,0.07137273252010345,0.005346205551177263,1.4123636847902026,1.3313373641269615,deterministic_value_head_jacobian_b,torch.float64,1.0,6.408950812369505e-16,5.546932864073266e-15,symmetric_jacobi_cholesky_fp64,512,0.4501376748085022,8.130189962685108e-05,0.00025804920005612075,0.05852038040757179,0.024702345952391624,0.00813307985663414,0.0007593750000000001,509,2088960,1326.4634582148865,2088960,1.0,1e-06,1.0,2.9324032766453456e-06,0.14382418990135193,8.353597513632849e-05,0.0,0.0,2.376072883605957,0.11907335370779037,0.4240800738334656,3.596389055252075,-0.3662619888782501,-0.5854197144508362,1.670599341392517,0.00038488709833472967,0.001221617334522307
14,0,0.3774715065956116,paper_sampled_policy_value_score,2.43589784076903e-06,512,-0.5290643572807312,1.2885764837265015,-0.5427764058113098,-1.5027035474777222,0.01908406987786293,0.0,0.0001,1.5744926929473877,194.47,5.8,1586,0.39538541436195374,0,0.1,0.07746057212352753,0.010254556313157082,1.4119350387866367,1.325024604211006,deterministic_value_head_jacobian_b,torch.float64,1.0,4.509019767042528e-16,3.2877437636322467e-15,symmetric_jacobi_cholesky_fp64,512,0.8027344346046448,7.742070010863245e-06,2.0510342437773943e-05,0.07256243377923965,0.026661843061447144,0.003705096198245883,0.0001,519,2129920,1352.4553271606565,2129920,1.0,1e-06,1.0,3.3808714761107694e-06,0.10850238800048828,7.555841420980869e-06,0.0,0.0,3.08773136138916,0.10000000149011612,0.17948493361473083,3.200406551361084,-0.5073899030685425,-0.5774440169334412,1.613634467124939,3.83305705327075e-05,0.00010154560004593804
14,0,0.44024336338043213,paper_sampled_policy_value_score,1.607410013093613e-06,512,-0.5312190055847168,1.7802822589874268,-0.5418867468833923,-2.614274740219116,0.047510575503110886,0.0,0.00015000000000000004,1.4169602394104004,200.63,5.7,1587,0.4859893321990967,0,0.1,0.09666129946708679,0.04112156853079796,1.4116554230741827,1.3365979410878783,deterministic_value_head_jacobian_b,torch.float64,1.0,5.906218996471245e-16,5.6325982754139465e-15,symmetric_jacobi_cholesky_fp64,512,1.0500059127807617,1.4496717994916253e-05,3.292887413408607e-05,0.053400952368974686,-0.029574792832136154,0.00847051851451397,0.00010000000000000003,529,2170880,1378.395707842894,2170880,1.0,1e-06,1.0,9.858104021986946e-07,0.14525941014289856,1.866916318249423e-05,0.0,0.0,3.81429123878479,0.10000000149011612,0.06796348094940186,3.1899173259735107,-0.50026535987854,-0.6107795834541321,1.305428385734558,6.873879465274513e-05,0.00015613817959092557
14,0,0.34483617544174194,paper_sampled_policy_value_score,3.8800258153059985e-06,512,-0.5469756126403809,0.5700005888938904,-0.5426105856895447,-2.2545881271362305,0.01687777228653431,0.0,0.0001,1.535068154335022,213.04,5.2,1586,0.41490137577056885,0,0.1,0.08360718935728073,0.014297560788691044,1.4120415164363693,1.31379459524509,deterministic_value_head_jacobian_b,torch.float64,1.0,5.091656290562735e-16,3.7431455307837255e-15,symmetric_jacobi_cholesky_fp64,512,0.5260233879089355,8.36200069898041e-06,2.4249198759207502e-05,0.07894421368837357,-0.036417156457901,0.006782088428735733,0.0001,539,2211840,1404.3247367218137,2211840,1.0,1e-06,1.0,1.5631675296390313e-06,0.18009938299655914,7.58993519411888e-06,0.0,0.0,4.028313636779785,0.10000000149011612,0.10335312783718109,3.150116443634033,-0.4950428903102875,-0.6088956594467163,1.4503097534179688,3.848765481961891e-05,0.00011161142174387351
14,0,0.25867897272109985,paper_sampled_policy_value_score,2.855475941032637e-06,512,-0.5304230451583862,1.6646064519882202,-0.5437055230140686,-1.363829493522644,0.014836416579782963,0.0,0.0005062500000000001,1.5500319004058838,242.23,5.3,1588,0.30152904987335205,0,0.1,0.08413299918174744,0.011353841982781887,1.4121250180818976,1.314530922016223,deterministic_value_head_jacobian_b,torch.float64,1.0,5.878886226845174e-16,4.054767789610519e-15,symmetric_jacobi_cholesky_fp64,512,0.4895627498626709,4.259248453308828e-05,0.0001646538294153288,0.07183383405208588,0.04748037829995155,0.005120266228914261,0.00033750000000000007,549,2252800,1430.2457690578885,2252800,1.0,1e-06,1.0,4.000132321380079e-06,0.13388852775096893,2.7352383767720312e-05,0.0,0.0,4.852348327636719,0.10000000149011612,-0.03463302180171013,3.1339609622955322,-0.44194215536117554,-0.6281684041023254,0.8807896971702576,0.0001458230835851282,0.000563722220249474
14,0,0.4841073453426361,paper_sampled_policy_value_score,7.999468834896106e-06,512,-0.5037765502929688,2.0548882484436035,-0.5356726050376892,-1.1426252126693726,0.03839917480945587,0.0,0.0011390625,1.4584589004516602,225.57,5.5,1584,0.5646812319755554,0,0.1,0.12286344915628433,0.14758625626564026,1.4122023632825436,1.2796526106833752,deterministic_value_head_jacobian_b,torch.float64,1.0,4.1266749814121017e-16,3.828325332413384e-15,symmetric_jacobi_cholesky_fp64,512,2.097372531890869,0.00012391961354296654,0.00025597549392841756,0.058600299060344696,-0.0012201275676488876,0.012935062870383263,0.0007593750000000001,559,2293760,1456.2265780740418,2293760,1.0,1e-06,0.8854537010192871,4.032349806948332e-06,0.23806986212730408,8.74299876159057e-05,0.0,0.0,2.842653274536133,0.2055644392967224,-0.028675127774477005,3.1272804737091064,-0.49022212624549866,-0.5897419452667236,1.1505792140960693,0.0005284379585646093,0.001091571873985231
14,0,0.3324667811393738,paper_sampled_policy_value_score,6.888641564728459e-06,512,-0.5441921949386597,1.8848649263381958,-0.5400261878967285,-2.837747097015381,0.03536636754870415,0.0,0.0656840835571289,1.3855793476104736,280.62,5.5,1588,0.5638980269432068,0,0.1,0.11134767532348633,0.06726759672164917,1.4116058436814245,1.3171985731663807,deterministic_value_head_jacobian_b,torch.float64,1.0,5.186519058409183e-16,5.2670272831493706e-15,symmetric_jacobi_cholesky_fp64,512,0.9683870077133179,0.006485000718384981,0.019505709409713745,0.03972328454256058,-0.0824577733874321,0.007400062866508961,0.0656840835571289,569,2334720,1482.1534634856507,2334720,1.0,1e-06,0.8866835236549377,5.739146217820235e-06,0.32643696665763855,0.00377831794321537,0.0,0.0,5.014299392700195,0.10000000149011612,0.13072973489761353,3.152470588684082,-0.26191797852516174,-0.5481436848640442,1.2545018196105957,0.025913933292031288,0.07794442772865295
14,0,0.44809478521347046,paper_sampled_policy_value_score,1.4884582242302713e-06,512,-0.5557209253311157,0.35365214943885803,-0.5378950834274292,-2.8514440059661865,0.022882314398884773,0.0,0.0001,1.6250417232513428,219.19,4.5,1588,0.5558457374572754,0,0.1,0.09779271483421326,0.02490999363362789,1.4109847085372342,1.334105753513081,deterministic_value_head_jacobian_b,torch.float64,1.0,5.207622135471158e-16,2.9016086749634805e-15,symmetric_jacobi_cholesky_fp64,512,0.9142241477966309,8.797019290796015e-06,1.963205068022944e-05,0.10025226324796677,-0.11352954804897308,0.006752840243279934,0.0001,579,2375680,1508.0936628868803,2375680,1.0,1e-06,0.8995285034179688,2.112827360178926e-06,0.22306431829929352,7.851306691009086e-06,0.0,0.0,2.6706013679504395,0.11909976601600647,-0.3676358163356781,3.109623908996582,-0.48678991198539734,-0.5567627549171448,0.3336150050163269,4.3107414967380464e-05,9.62015546974726e-05
14,0,0.41647714376449585,paper_sampled_policy_value_score,6.366911293298472e-06,512,-0.49510228633880615,1.3502721786499023,-0.5345460772514343,-2.332239866256714,0.040722813457250595,0.0,0.00033750000000000007,1.4904570579528809,170.36,5.3,1590,0.5493674278259277,0,0.1,0.1710888147354126,0.05466979742050171,1.412366585275592,1.3150162199455595,deterministic_value_head_jacobian_b,torch.float64,1.0,8.174456054913265e-16,1.0157570771665394e-14,symmetric_jacobi_cholesky_fp64,512,1.1388614177703857,5.2552852139342576e-05,0.0001261842407984659,0.14786729216575623,0.042769286781549454,0.022234324365854263,0.00022500000000000005,589,2416640,1534.0231243427843,2416640,1.0,1e-06,0.9101359844207764,2.5932581593224313e-06,0.2908773720264435,2.5552451916155405e-05,0.0,0.0,9.367548942565918,0.10000000149011612,0.004517486784607172,3.123828887939453,-0.5114949941635132,-0.5853403806686401,1.2921274900436401,0.00015587509551551193,0.00037427045754157007
14,0,0.43773943185806274,paper_sampled_policy_value_score,6.66091546008829e-06,512,-0.5534629821777344,0.43809667229652405,-0.5445326566696167,-1.822380542755127,0.019563669338822365,0.0,0.0001,1.2846715450286865,224.7,6.1,1584,0.46438223123550415,0,0.1,0.06992287933826447,0.009302024729549885,1.4111614417899805,1.2746470266459375,deterministic_value_head_jacobian_b,torch.float64,1.0,5.733642516512015e-16,4.414963604935575e-15,symmetric_jacobi_cholesky_fp64,512,0.5751532912254333,6.994555860728724e-06,1.597881237103138e-05,0.0549115389585495,-0.07294324040412903,0.004560504574328661,0.0001,599,2457600,1559.94488351373,2457600,1.0,1e-06,1.0,2.0040363324369537e-06,0.12606766819953918,8.000034540600609e-06,0.0,0.0,8.688573837280273,0.12082628160715103,0.002258116379380226,3.1250782012939453,-0.46222126483917236,-0.5852268934249878,1.0675609111785889,4.4320386223262176e-05,0.00010124832624569535
14,0,0.4192962348461151,paper_sampled_policy_value_score,1.4218543583410792e-05,512,-0.5341262817382812,-0.020228028297424316,-0.5346649289131165,-1.1246229410171509,0.007976352237164974,0.0,0.00033750000000000007,1.4269323348999023,204.49,5.3,1586,0.44290870428085327,0,0.1,0.06685483455657959,0.04086878523230553,1.412529252224119,1.2844734950311227,deterministic_value_head_jacobian_b,torch.float64,1.0,5.776395221421986e-16,3.2049615971988165e-15,symmetric_jacobi_cholesky_fp64,512,1.624920129776001,2.256170046166517e-05,5.3808496886631474e-05,0.05780860781669617,-0.05709800869226456,0.003201007377356291,0.00022500000000000005,609,2498560,1585.8616090049036,2498560,1.0,1e-06,1.0,9.318227057519834e-06,0.11711299419403076,2.3933787815622054e-05,0.0,0.0,5.789584636688232,0.17790253460407257,0.1510634869337082,3.3250818252563477,-0.46376919746398926,-0.6510365605354309,1.6850982904434204,0.0001443688670406118,0.00034431234234943986
14,0,0.3445771336555481,paper_sampled_policy_value_score,4.980920948582934e-06,512,-0.5256628394126892,1.6077336072921753,-0.5373039245605469,-1.5256149768829346,0.045433662831783295,0.0,0.0011390625,1.351792812347412,166.62,4.8,1585,0.4940551519393921,0,0.1,0.1612577587366104,0.0550072118639946,1.4121011820476086,1.2893570776125336,deterministic_value_head_jacobian_b,torch.float64,1.0,7.436326966594066e-16,9.494219555923634e-15,symmetric_jacobi_cholesky_fp64,512,1.19852876663208,0.000183682786882855,0.0005330672720447183,0.059762321412563324,0.01918598636984825,0.0173533596098423,0.0007593750000000001,619,2539520,1611.8186841798015,2539520,1.0,1e-06,1.0,1.8967704136230168e-06,0.29917189478874207,7.621873373864219e-05,0.0,0.0,7.185031414031982,0.10000000149011612,0.2319800704717636,3.0794432163238525,-0.49454042315483093,-0.5972118973731995,1.5800423622131348,0.0005061131087131798,0.0014687947696074843
14,0,0.3609074056148529,paper_sampled_policy_value_score,6.057091013644822e-06,512,-0.5131303071975708,1.2417981624603271,-0.5389785766601562,-1.2692108154296875,0.03895983472466469,0.0,0.00015000000000000004,1.1620144844055176,247.3,4.0,1589,0.44479694962501526,0,0.1,0.128397598862648,0.5396997928619385,1.4120391821656788,1.2731550005344805,deterministic_value_head_jacobian_b,torch.float64,1.0,4.566278789464738e-16,4.338528414033743e-15,symmetric_jacobi_cholesky_fp64,512,4.768922805786133,1.925650576595217e-05,5.3355804993771017e-05,0.06232590600848198,-0.03295017406344414,0.008786416612565517,0.00010000000000000003,629,2580480,1637.7370153046213,2580480,1.0,1e-06,1.0,4.904102297587087e-06,0.20046207308769226,1.040089046000503e-05,0.0,0.0,2.586730480194092,0.21052713692188263,0.14681291580200195,3.0829579830169678,-0.4472636878490448,-0.6101188063621521,0.914912223815918,6.056395068299025e-05,0.0001678102125879377
14,0,0.5352504253387451,paper_sampled_policy_value_score,2.026545416811132e-06,512,-0.5416673421859741,1.1393953561782837,-0.5433884859085083,-1.7826242446899414,0.02024098113179207,0.0,0.0001,1.2752419710159302,231.9,4.0,1585,0.5741121172904968,0,0.1,0.09535275399684906,0.0274810828268528,1.412076481289888,1.285900912235532,deterministic_value_head_jacobian_b,torch.float64,1.0,5.203859200113866e-16,4.380120526783388e-15,symmetric_jacobi_cholesky_fp64,512,1.0449087619781494,8.302072274091188e-06,1.551063178339973e-05,0.0642201155424118,-0.037292610853910446,0.006428935565054417,0.0001,639,2621440,1663.699738629628,2621440,1.0,1e-06,0.8709084987640381,2.0637887701013824e-06,0.1811242252588272,1.2424466149241198e-05,0.0,0.0,5.132114887237549,0.17424148321151733,-0.04060221463441849,3.0540599822998047,-0.45211297273635864,-0.5924690365791321,0.7907147407531738,4.7186753363348544e-05,8.815827459329739e-05
14,0,0.41141948103904724,paper_sampled_policy_value_score,8.977309335023165e-06,512,-0.5466680526733398,0.8542117476463318,-0.5465182662010193,-1.4608510732650757,0.016755664721131325,0.0,0.0001,1.252341389656067,229.93,5.4,1588,0.4118630290031433,0,0.1,0.06645822525024414,0.026205167174339294,1.4119527692395253,1.2964445506979112,deterministic_value_head_jacobian_b,torch.float64,1.0,6.149714122633698e-16,3.351877801936415e-15,symmetric_jacobi_cholesky_fp64,512,1.1607283353805542,6.649941497016698e-06,1.6163408872671425e-05,0.060228586196899414,-0.0006064781919121742,0.003088992554694414,0.0001,649,2662400,1689.6267027007416,2662400,1.0,1e-06,1.0,4.292099674785277e-06,0.10432455688714981,9.34941454033833e-06,0.0,0.0,10.0,0.25102782249450684,0.052573155611753464,3.057016611099243,-0.417838990688324,-0.5928367972373962,0.9646153450012207,3.971517799072899e-05,9.653207962401211e-05
14,0,0.35619446635246277,paper_sampled_policy_value_score,2.194954504375346e-06,512,-0.5513933897018433,-0.06540011614561081,-0.5432629585266113,-2.5078909397125244,0.0158806461840868,0.0,0.0001,1.42694091796875,208.11,5.5,1587,0.39769065380096436,0,0.1,0.13986189663410187,0.01699623465538025,1.4116654392467216,1.270660855033249,deterministic_value_head_jacobian_b,torch.float64,1.0,7.976524137304953e-16,6.96482186238946e-15,symmetric_jacobi_cholesky_fp64,512,0.6919581294059753,1.39870353450533e-05,3.926797580788843e-05,0.07122200727462769,-0.07266214489936829,0.006967935711145401,0.0001,659,2703360,1715.6174369468354,2703360,1.0,1e-06,1.0,2.967692580568837e-06,0.1252375841140747,6.782207947253482e-06,0.0,0.0,3.489206075668335,0.15980800986289978,-0.11957932263612747,3.2003655433654785,-0.5055369734764099,-0.5810811519622803,0.8569122552871704,3.815497984760441e-05,0.0001071183942258358
14,0,0.275280237197876,paper_sampled_policy_value_score,1.0270926395605784e-05,512,-0.5400481224060059,1.6178357601165771,-0.5466728210449219,-1.8338292837142944,0.02843557484447956,0.0,0.0011390625,1.2156803607940674,265.65,4.1,1585,0.37398460507392883,0,0.1,0.1327083259820938,0.052233368158340454,1.4115829842022205,1.2723904354140865,deterministic_value_head_jacobian_b,torch.float64,1.0,5.905204002832844e-16,6.0355624402514906e-15,symmetric_jacobi_cholesky_fp64,512,1.4039041996002197,0.00015116269059944898,0.0005491229239851236,0.041382767260074615,-0.009987512603402138,0.01155531220138073,0.0007593750000000001,669,2744320,1741.5475642289966,2744320,1.0,1e-06,1.0,1.867532660071447e-06,0.182623490691185,7.731932419119403e-05,0.0,0.0,3.433209180831909,0.24038098752498627,0.09829846024513245,3.081482410430908,-0.4856470227241516,-0.7367878556251526,1.3845715522766113,0.00037360232090577483,0.0013571708695963025
14,0,0.3530336022377014,paper_sampled_policy_value_score,1.7865785366666387e-06,512,-0.5415712594985962,0.48230215907096863,-0.543956995010376,-1.6316053867340088,0.016443340107798576,0.0,0.0001,1.1205768585205078,266.9,4.3,1585,0.35864555835723877,0,0.1,0.09022500365972519,0.0641699731349945,1.4115044553130325,1.2828951164436895,deterministic_value_head_jacobian_b,torch.float64,1.0,5.145407013678671e-16,3.5489572193168075e-15,symmetric_jacobi_cholesky_fp64,512,1.681742548942566,9.023555321618915e-06,2.556004619691521e-05,0.08334987610578537,-0.01833716407418251,0.0046042343601584435,0.0001,679,2785280,1767.4906231770292,2785280,1.0,1e-06,1.0,2.4840594505803892e-06,0.11562296003103256,6.116000349720707e-06,0.0,0.0,5.484503746032715,0.10000000149011612,-0.04721200093626976,3.061290740966797,-0.4346812963485718,-0.6122947335243225,0.9514480233192444,3.438555359025486e-05,9.740022505866364e-05
14,0,0.3693327009677887,paper_sampled_policy_value_score,5.595533821178833e-06,512,-0.5531577467918396,0.5590322017669678,-0.5425150990486145,-3.4399635791778564,0.02632630430161953,0.0,0.0001,1.2612099647521973,218.13,4.6,1589,0.38497936725616455,0,0.1,0.11373911052942276,0.06033505126833916,1.412390300307963,1.261071651901105,deterministic_value_head_jacobian_b,torch.float64,1.0,5.793566051428806e-16,4.0432513049690926e-15,symmetric_jacobi_cholesky_fp64,512,1.2386491298675537,1.1374722816981375e-05,3.0798037187196314e-05,0.06525029242038727,0.007909695617854595,0.003687006887048483,0.0001,689,2826240,1793.432373563759,2826240,1.0,1e-06,1.0,3.141857860100572e-06,0.08805224299430847,5.998236701998394e-06,0.0,0.0,10.0,0.15584461390972137,-0.08280309289693832,3.444781541824341,-0.5038250088691711,-0.566270649433136,0.973431408405304,3.759633909794502e-05,0.00010179531818721443
14,0,0.4267299175262451,paper_sampled_policy_value_score,3.5509733606886584e-06,512,-0.5481575131416321,-0.09276337921619415,-0.5421801805496216,-1.9010097980499268,0.009327400475740433,0.0,0.00015000000000000004,1.4278210401535034,193.18,4.2,1588,0.4409591555595398,0,0.1,0.0986480638384819,0.11794450879096985,1.4127635502611928,1.2628793069200954,deterministic_value_head_jacobian_b,torch.float64,1.0,4.521269122958034e-16,3.481468682926605e-15,symmetric_jacobi_cholesky_fp64,512,2.5577876567840576,1.4794415619689971e-05,3.466927228146233e-05,0.07058780640363693,-0.04800083860754967,0.004198968876153231,0.00010000000000000003,699,2867200,1819.403405262623,2867200,1.0,1e-06,1.0,2.0889926872769138e-06,0.11528235673904419,1.5044360225147102e-05,0.0,0.0,4.3778252601623535,0.21237215399742126,-0.04775446653366089,3.102403402328491,-0.4272245168685913,-0.5537245273590088,0.7336118817329407,6.23084488324821e-05,0.00014601378643419594
14,0,0.4386861324310303,paper_sampled_policy_value_score,6.930718427611282e-06,512,-0.5422073602676392,0.6036980748176575,-0.5471203327178955,-0.8172122836112976,0.00485538924112916,0.0,0.00010000000000000003,1.6187001466751099,226.01,4.3,1590,0.4387701749801636,0,0.1,0.050385523587465286,0.015022247098386288,1.4123524976652697,1.2954119230488972,deterministic_value_head_jacobian_b,torch.float64,1.0,6.18802352482509e-16,1.9063859246349674e-15,symmetric_jacobi_cholesky_fp64,512,1.0011016130447388,5.0387884584779385e-06,1.148609044321347e-05,0.05427456647157669,0.00448229443281889,0.001444067806005478,0.0001,709,2908160,1845.3216197490692,2908160,1.0,1e-06,1.0,3.969601493736263e-06,0.08410682529211044,8.032166078919545e-06,0.0,0.0,3.5264854431152344,0.21108868718147278,-0.1038133054971695,3.0656373500823975,-0.048807352781295776,-0.5633561015129089,0.29953697323799133,4.263740265741944e-05,9.719341323943809e-05
14,0,0.4309771656990051,paper_sampled_policy_value_score,3.17189756060543e-06,512,-0.5540168881416321,0.5385810136795044,-0.5431059002876282,-1.9988253116607666,0.023812992498278618,0.0,0.00022500000000000005,1.2654582262039185,175.86,5.7,1586,0.46393316984176636,0,0.1,0.17924338579177856,0.6127951145172119,1.4116976489428765,1.2224236049354515,deterministic_value_head_jacobian_b,torch.float64,1.0,5.173210731431625e-16,5.753163267237703e-15,symmetric_jacobi_cholesky_fp64,512,5.995208740234375,4.032911965623498e-05,9.357600356452167e-05,0.06319736689329147,-0.04147164523601532,0.00637116888538003,0.00015000000000000004,719,2949120,1871.2305080927908,2949120,1.0,1e-06,1.0,1.8921419950856944e-06,0.23052190244197845,1.6632820916129276e-05,0.0,0.0,2.0321719646453857,0.10000000149011612,0.09868118911981583,3.230496406555176,-0.2559014856815338,-0.5597937107086182,1.2005844116210938,9.874553506961092e-05,0.00022912010899744928
14,0,0.3930171728134155,paper_sampled_policy_value_score,8.254084605141543e-06,512,-0.5418227910995483,0.2626769542694092,-0.5412026643753052,-1.187009572982788,0.0064518749713897705,0.0,0.00010000000000000003,1.29740309715271,179.65,5.0,1588,0.42711296677589417,0,0.1,0.05444943904876709,0.011685035191476345,1.4117676790107834,1.197189732154318,deterministic_value_head_jacobian_b,torch.float64,1.0,5.61614823101114e-16,2.546341554269589e-15,symmetric_jacobi_cholesky_fp64,512,0.7741549611091614,5.441550911200466e-06,1.3845580724591855e-05,0.06328295171260834,-0.0734417513012886,0.002510822145268321,0.0001,729,2990080,1897.148982401006,2990080,1.0,1e-06,1.0,9.718638466438279e-06,0.11597251147031784,8.392496056330856e-06,0.0,0.0,3.491342544555664,0.10000000149011612,0.025086458772420883,3.104877233505249,-0.4786343276500702,-0.5747228860855103,1.327208161354065,4.12509725720156e-05,0.00010495971946511418
14,0,0.3345791697502136,paper_sampled_policy_value_score,3.841257239400875e-06,512,-0.5283758044242859,0.9166366457939148,-0.5378372669219971,-2.00938081741333,0.020155662670731544,0.0,0.029192926025390625,0.9833177924156189,170.92,5.3,1588,0.3857074975967407,0,0.1,0.1042855829000473,0.015164082869887352,1.412061418967722,1.2129433739302107,deterministic_value_head_jacobian_b,torch.float64,1.0,6.364752423550223e-16,5.060610000167393e-15,symmetric_jacobi_cholesky_fp64,512,1.2101479768753052,0.003044403623789549,0.0090992022305727,0.048830050975084305,-0.012159362435340881,0.006087196059525013,0.01946195068359375,739,3031040,1923.1204354548827,3031040,1.0,1e-06,1.0,3.338077704029274e-06,0.15525299310684204,0.0017875522607937455,0.0,0.0,3.6876869201660156,0.10000000149011612,0.16946706175804138,3.098151206970215,-0.5070840716362,-0.5968202948570251,1.7680813074111938,0.01035968866199255,0.030963340774178505
14,0,0.4436928331851959,paper_sampled_policy_value_score,4.5327328734856565e-06,512,-0.5367135405540466,0.833989679813385,-0.5380300283432007,-1.600612998008728,0.034664783626794815,0.0,0.0001,0.8582164645195007,193.11,5.3,1588,0.5113934278488159,0,0.1,0.14261676371097565,0.5429733395576477,1.412071878378664,1.1957730342660493,deterministic_value_head_jacobian_b,torch.float64,1.0,5.921504438612592e-16,8.138301135321277e-15,symmetric_jacobi_cholesky_fp64,512,4.564823627471924,1.3944170859758742e-05,3.142753121210262e-05,0.07319360226392746,-0.06530158966779709,0.014236236922442913,0.0001,749,3072000,1949.0588104887865,3072000,1.0,1e-06,0.9777188897132874,3.0669236821267987e-06,0.19020646810531616,9.609965673007537e-06,0.0,0.0,3.2207343578338623,0.10000000149011612,0.10382190346717834,3.138258218765259,-0.47967833280563354,-0.5989308953285217,1.211527705192566,4.6994500735308975e-05,0.00010591674799798056
14,0,0.35051679611206055,paper_sampled_policy_value_score,8.386453373532277e-06,512,-0.5001354813575745,0.9127358198165894,-0.5311733484268188,-2.2501957416534424,0.060822296887636185,0.0,0.005766503906249997,0.8769571185112,95.24,6.9,1585,0.796816349029541,0,0.1,0.12192852050065994,0.1780649721622467,1.4103032069931225,1.2232562742290147,deterministic_value_head_jacobian_b,torch.float64,1.0,9.167913274659143e-16,1.07381832486109e-14,symmetric_jacobi_cholesky_fp64,512,2.9393112659454346,0.00044119617086835206,0.0012587019009515643,0.051900722086429596,-0.11980949342250824,0.010690774768590927,0.003844335937499998,759,3112960,1975.005769233685,3112960,1.0,1e-06,0.6274963617324829,5.131919351697434e-06,0.4071870446205139,0.00025778639246709645,0.0,0.0,3.1059818267822266,0.1184341311454773,0.7956953048706055,3.0245048999786377,-0.17565743625164032,-0.5829638242721558,2.059690475463867,0.00196196511387825,0.005597349721938372
14,0,0.2995772361755371,paper_sampled_policy_value_score,6.508181741082808e-06,512,-0.5517759323120117,1.0487779378890991,-0.5470863580703735,-2.734147787094116,0.045892879366874695,0.0,0.0057665039062500005,0.864358127117157,138.86,4.4,1583,0.5698550343513489,0,0.1,0.1350034922361374,0.07471916824579239,1.4072550623830224,1.1624754884447572,deterministic_value_head_jacobian_b,torch.float64,1.0,8.842980265242725e-16,9.173297128496493e-15,symmetric_jacobi_cholesky_fp64,512,2.297292709350586,0.0006830659694969654,0.002280099783092737,0.07269594073295593,-0.06475520879030228,0.009220942854881287,0.0038443359375000003,769,3153920,2000.9557448928244,3153920,1.0,1e-06,0.8774145841598511,2.3236963897943497e-05,0.23338742554187775,0.0003209614660590887,0.0,0.0,7.835949420928955,0.11182211339473724,0.2677996754646301,2.9729909896850586,-0.46227842569351196,-0.5695284605026245,1.594031810760498,0.0019159154035151005,0.006395397242158651
14,0,0.3937765061855316,paper_sampled_policy_value_score,4.307543804316083e-06,512,-0.526645302772522,2.368685722351074,-0.5448846817016602,-3.3649981021881104,0.08598525822162628,0.0,0.00022500000000000005,0.9596810340881348,130.27,5.1,1584,0.8701686263084412,0,0.1,0.18556012213230133,0.15585479140281677,1.4122074620159482,1.2008122266014756,deterministic_value_head_jacobian_b,torch.float64,1.0,5.955155741684215e-16,9.227624244172704e-15,symmetric_jacobi_cholesky_fp64,512,1.3503061532974243,2.398985088802874e-05,6.09225025982596e-05,0.12844416499137878,-0.04458807408809662,0.02472907304763794,0.00015000000000000004,779,3194880,2026.9224053509533,3194880,1.0,1e-06,0.5746005773544312,1.0820996067195665e-05,0.38527071475982666,7.257375727931503e-06,0.0,0.0,10.0,0.10000000149011612,0.36164507269859314,3.0629639625549316,-0.4553755819797516,-0.6061903834342957,1.6322168111801147,7.355019624810666e-05,0.00018678157357499003
14,0,0.31933823227882385,paper_sampled_policy_value_score,7.372162599494914e-06,512,-0.5490497946739197,1.0034018754959106,-0.5550106763839722,-1.9962832927703857,0.051260802894830704,0.0,0.09852612533569335,0.8482919931411743,123.0,5.6,1582,1.93233323097229,0,0.1,0.18181447684764862,0.4177148640155792,1.4119179129206285,1.2161602857842146,deterministic_value_head_jacobian_b,torch.float64,1.0,7.423040037323996e-16,1.0727194049844177e-14,symmetric_jacobi_cholesky_fp64,512,1.7192039489746094,0.0046351877972483635,0.014514978975057602,0.012517161667346954,-0.039924927055835724,0.03435206040740013,0.09852612533569335,789,3235840,2052.933272562921,3235840,1.0,1e-06,0.2587544023990631,4.904075922240736e-06,1.219719648361206,0.0015244272071868181,0.0,0.0,2.8555335998535156,0.24020451307296753,0.37988293170928955,3.1840975284576416,-0.41268661618232727,-0.5718770027160645,1.7810839414596558,0.0316915400326252,0.09924129396677017
14,0,0.2994121015071869,paper_sampled_policy_value_score,6.175929684104631e-06,512,-0.5531057119369507,1.9860155582427979,-0.549364447593689,-2.777846336364746,0.08526454865932465,0.0,0.008649755859375,0.5814915895462036,181.04,5.1,1585,0.5510234832763672,0,0.1,0.20229221880435944,0.14459770917892456,1.4100854415766952,1.1453372191537787,deterministic_value_head_jacobian_b,torch.float64,1.0,1.0382346635936606e-15,1.6970105986033728e-14,symmetric_jacobi_cholesky_fp64,512,1.278241515159607,0.0015877499245107174,0.005302891600877047,0.06797920167446136,-0.03103633224964142,0.022327134385704994,0.0057665039062500005,799,3276800,2078.8964152326807,3276800,1.0,1e-06,0.9074006676673889,8.2675032899715e-06,0.3186764121055603,0.0004072283918503672,0.0,0.0,3.3086297512054443,0.10000000149011612,0.39317548274993896,3.0487475395202637,-0.3887132406234741,-0.5851269364356995,1.5946120023727417,0.0033627119846642017,0.011231048963963985
14,0,0.3393615484237671,paper_sampled_policy_value_score,4.763015567732509e-06,512,-0.5497740507125854,0.4589514136314392,-0.5522453784942627,-1.1720800399780273,0.011698918417096138,0.0,0.00015000000000000004,0.8203786611557007,140.91,6.2,1587,0.3869185745716095,0,0.1,0.08215739578008652,0.10237404704093933,1.4093334977188996,1.1555467021474957,deterministic_value_head_jacobian_b,torch.float64,1.0,7.257194208627436e-16,4.407971607142516e-15,symmetric_jacobi_cholesky_fp64,512,1.5956815481185913,1.2327212971285917e-05,3.632471998571418e-05,0.07319076359272003,-0.11871714890003204,0.0039068120531737804,0.00010000000000000003,809,3317760,2104.851379042957,3317760,1.0,1e-06,1.0,1.3906395906815305e-05,0.15074746310710907,7.351612566708354e-06,0.0,0.0,4.477962493896484,0.13905395567417145,0.05899021774530411,3.3260302543640137,-0.3915138840675354,-0.5525833964347839,1.1845972537994385,5.453998892335221e-05,0.00016071352001745254
14,0,0.3404181897640228,paper_sampled_policy_value_score,2.0607571968866978e-06,512,-0.608612060546875,0.7765601277351379,-0.5611022710800171,-2.948618173599243,0.08082929253578186,0.0,0.0007593749999999993,0.7523818016052246,204.34,4.8,1585,0.7755681872367859,0,0.1,0.1479053646326065,0.07119657099246979,1.4079531518151283,1.1360321621556406,deterministic_value_head_jacobian_b,torch.float64,1.0,8.328954324512721e-16,1.106735904017051e-14,symmetric_jacobi_cholesky_fp64,512,2.166834592819214,7.240950071718544e-05,0.00021270749857649207,0.0702209621667862,-0.0986919105052948,0.0224686861038208,0.0005062499999999995,819,3358720,2130.825345247984,3358720,1.0,1e-06,0.6446877717971802,3.936273060389794e-06,0.521672785282135,4.178337621851824e-05,0.0,0.0,5.005502223968506,0.10000000149011612,0.25571876764297485,2.995177745819092,-0.34693023562431335,-0.560705840587616,1.292908787727356,0.00030958864954300225,0.0009094362612813711
14,0,0.35814881324768066,paper_sampled_policy_value_score,2.9977354643051513e-06,512,-0.5712871551513672,0.771944522857666,-0.5605182647705078,-2.589031219482422,0.0404597632586956,0.0,0.0001,1.2171748876571655,215.44,5.5,1589,0.4735046625137329,0,0.1,0.12752129137516022,0.03832292556762695,1.4128317707086044,1.2009221120948674,deterministic_value_head_jacobian_b,torch.float64,1.0,6.901639605345494e-16,6.690760307888736e-15,symmetric_jacobi_cholesky_fp64,512,1.2292823791503906,1.2755237548844889e-05,3.561435005394742e-05,0.05517248064279556,-0.05253823474049568,0.014273092150688171,0.0001,829,3399680,2156.754661618732,3399680,1.0,1e-06,1.0,2.2330048068397446e-06,0.1979014128446579,7.847940651117824e-06,0.0,0.0,4.797201156616211,0.2166982740163803,0.5167996883392334,2.9548749923706055,0.17808400094509125,-0.5547531843185425,1.4018218517303467,4.0782928408589214e-05,0.00011387145787011832
14,0,0.3962423801422119,paper_sampled_policy_value_score,1.0329835276934318e-05,512,-0.584151566028595,0.03508390113711357,-0.568023145198822,-2.533942937850952,0.031077824532985687,0.0,0.002562890625,1.2659354209899902,179.09,6.1,1589,0.5776073336601257,0,0.1,0.10951752215623856,0.30928993225097656,1.4126314146367014,1.10392716883753,deterministic_value_head_jacobian_b,torch.float64,1.0,1.1714556985257729e-15,1.2404421842026844e-14,symmetric_jacobi_cholesky_fp64,512,3.6643619537353516,0.0002429698215564713,0.000613184820394963,0.06715169548988342,-0.15551972389221191,0.005891679786145687,0.00170859375,839,3440640,2182.6753369439393,3440640,1.0,1e-06,0.8656384348869324,5.235130629444029e-06,0.18112868070602417,0.0001959438668563962,0.0,0.0,10.0,0.12011666595935822,0.36802929639816284,3.3830225467681885,-0.058566864579916,-0.628895103931427,1.080662727355957,0.0010171375470235944,0.0025669580791145563
14,0,0.2918696701526642,paper_sampled_policy_value_score,4.705156698037172e-06,512,-0.5791307091712952,1.4843870401382446,-0.5641850829124451,-3.5180814266204834,0.08855394273996353,0.0,0.029192926025390625,0.9794788360595703,175.38,5.9,1588,0.9836055636405945,0,0.1,0.20712821185588837,0.2714241147041321,1.4116759660413387,1.1553756372955368,deterministic_value_head_jacobian_b,torch.float64,1.0,9.31684763080239e-16,1.3682091222560299e-14,symmetric_jacobi_cholesky_fp64,512,2.10373592376709,0.0030737293418496847,0.010531171225011349,0.030824583023786545,-0.04773925244808197,0.03704856336116791,0.029192926025390625,849,3481600,2208.6310815839097,3481600,1.0,1e-06,0.5083333253860474,1.660711131989956e-05,0.5115544199943542,0.0009999353205785155,0.0,0.0,2.7655935287475586,0.10000000149011612,0.08462659269571304,2.961655616760254,-0.4452744126319885,-0.6829070448875427,0.9772940874099731,0.008828045800328255,0.030246533453464508
14,0,0.38329052925109863,paper_sampled_policy_value_score,8.457640433334745e-06,512,-0.5750584602355957,1.0516819953918457,-0.5707603096961975,-2.73378324508667,0.04443880543112755,0.0,0.0038443359375000003,0.8353455066680908,138.95,5.5,1587,0.6406954526901245,0,0.1,0.13849443197250366,0.1597653031349182,1.4111844227110117,1.0769660570172364,deterministic_value_head_jacobian_b,torch.float64,1.0,8.739723633522525e-16,1.1575103548079314e-14,symmetric_jacobi_cholesky_fp64,512,2.3804197311401367,0.00041550095193088055,0.001084036543034017,0.054559797048568726,-0.03485999256372452,0.021249737590551376,0.002562890625,859,3522560,2234.6582444258966,3522560,1.0,1e-06,0.7804007530212402,6.861620477138786e-06,0.3272596299648285,0.0002606976486276835,0.0,0.0,5.002386093139648,0.10000000149011612,0.0953216701745987,2.888331174850464,-0.38339585065841675,-0.6918385028839111,0.8278086185455322,0.0015375296352431178,0.004011394921690226
14,0,0.3870687186717987,paper_sampled_policy_value_score,1.885394704004284e-05,512,-0.5700554847717285,0.23813024163246155,-0.5697088837623596,-1.6421949863433838,0.023499684408307076,0.0,0.0007593750000000001,0.7668927907943726,155.16,4.4,1586,0.40701305866241455,0,0.1,0.07348783314228058,0.020972855389118195,1.4088187975632838,1.0925346980498334,deterministic_value_head_jacobian_b,torch.float64,1.0,6.541043224223018e-16,4.555888184571964e-15,symmetric_jacobi_cholesky_fp64,512,0.9342674612998962,5.580472497968003e-05,0.0001441726490156725,0.06586219370365143,0.0012379293330013752,0.00422037485986948,0.0005062500000000001,869,3563520,2260.6636331677437,3563520,1.0,1e-06,1.0,4.387282024254091e-05,0.10199984163045883,4.726920451503247e-05,0.0,0.0,2.9408297538757324,0.10000000149011612,0.0016849078238010406,2.871392011642456,-0.39967185258865356,-0.6059824228286743,0.8249552249908447,0.00029607609030790627,0.0007649186882190406
14,0,0.2595624029636383,paper_sampled_policy_value_score,8.680123755766544e-06,512,-0.6105713844299316,0.1888461410999298,-0.5738422274589539,-2.9575297832489014,0.06976618617773056,0.0,0.012974633789062497,0.7145780920982361,148.25,6.3,1585,0.3461974859237671,0,0.1,0.08127151429653168,0.048903368413448334,1.4119382528986313,1.0770421666023644,deterministic_value_head_jacobian_b,torch.float64,1.0,1.5059868082880916e-15,1.393781472842892e-14,symmetric_jacobi_cholesky_fp64,512,2.5044169425964355,0.0010544663527980447,0.00406247703358531,0.0642227977514267,-0.06341087818145752,0.010571228340268135,0.008649755859374999,879,3604480,2286.6208668337204,3604480,1.0,1e-06,1.0,3.979913344664965e-06,0.18717509508132935,0.0005879056989215314,0.0,0.0,9.146321296691895,0.10000000149011612,0.663676917552948,3.0956029891967773,-0.42431536316871643,-0.5882777571678162,2.3229732513427734,0.0040450021624565125,0.015583929605782032
14,0,0.42717283964157104,paper_sampled_policy_value_score,6.9769303081557155e-06,512,-0.5673614740371704,1.0930782556533813,-0.5759264230728149,-4.599115371704102,0.07714597135782242,0.0,0.0011390625,0.7838448286056519,120.22,6.2,1584,0.6443691849708557,0,0.1,0.17406947910785675,0.2676548957824707,1.4100609661885686,1.1113795740106884,deterministic_value_head_jacobian_b,torch.float64,1.0,8.613700067425185e-16,1.3755456303816708e-14,symmetric_jacobi_cholesky_fp64,512,3.0209085941314697,0.00015385329606942832,0.00036016639205627143,0.046605080366134644,-0.010355740785598755,0.03398828208446503,0.0007593750000000001,889,3645440,2312.594279893674,3645440,1.0,1e-06,0.7759514451026917,5.710745881515322e-06,0.4666837453842163,5.8975740103051066e-05,0.0,0.0,4.082890033721924,0.10000000149011612,0.709277331829071,2.9643781185150146,-0.018741166219115257,-0.6281995177268982,1.8600788116455078,0.0004957829951308668,0.0011606145417317748
14,0,0.27140241861343384,paper_sampled_policy_value_score,2.9176280804676935e-06,512,-0.5592179298400879,0.8611314296722412,-0.5736780762672424,-2.890843391418457,0.0531529001891613,0.0,0.0038443359375000003,0.7940436005592346,119.19,6.0,1585,0.3888184428215027,0,0.1,0.16837245225906372,0.0738302618265152,1.4120072489339301,1.1199122025568622,deterministic_value_head_jacobian_b,torch.float64,1.0,6.4786721114408815e-16,7.421309430684686e-15,symmetric_jacobi_cholesky_fp64,512,1.414068341255188,0.000647279666736722,0.0023849443532526493,0.06344302743673325,-0.0035627810284495354,0.013444646261632442,0.002562890625,899,3686400,2338.5384437730536,3686400,1.0,1e-06,1.0,2.7166199743078323e-06,0.2321247160434723,0.00019014833378605545,0.0,0.0,4.028223991394043,0.10000000149011612,0.09212061017751694,2.844834089279175,-0.4098396301269531,-0.638644278049469,1.0404114723205566,0.0013520559296011925,0.004981738515198231
14,0,0.3333764970302582,paper_sampled_policy_value_score,4.30562386100064e-06,512,-0.5548872947692871,1.216062307357788,-0.5624516606330872,-2.606764793395996,0.06413833051919937,0.0,0.0129746337890625,0.6946948766708374,101.66,6.6,1581,0.5178072452545166,0,0.1,0.13730908930301666,0.07388719171285629,1.412016837448776,1.0981462365179195,deterministic_value_head_jacobian_b,torch.float64,1.0,1.0828381983546495e-15,1.4732490426411385e-14,symmetric_jacobi_cholesky_fp64,512,1.1467998027801514,0.0017202688613906503,0.005160138476639986,0.04509356617927551,-0.04733329266309738,0.023875992745161057,0.008649755859375,909,3727360,2364.514513055794,3727360,1.0,1e-06,0.9656084179878235,6.166316779854242e-06,0.2917112112045288,0.0007184225833043456,0.0,0.0,2.4530138969421387,0.18902866542339325,1.0018424987792969,2.9352335929870605,0.43620577454566956,-0.6946734189987183,2.175497055053711,0.005561457015573978,0.016682211309671402
14,0,0.29851287603378296,paper_sampled_policy_value_score,2.3202130705612944e-06,512,-0.5291463136672974,1.6159149408340454,-0.564482569694519,-2.413456916809082,0.07626655697822571,0.0,0.00170859375,0.743522047996521,126.97,6.2,1585,0.6336261034011841,0,0.1,0.13878516852855682,0.21102654933929443,1.4126878113609205,1.2450020120783627,deterministic_value_head_jacobian_b,torch.float64,1.0,6.482882202785096e-16,8.916124289896947e-15,symmetric_jacobi_cholesky_fp64,512,2.450932741165161,0.00018711968732532114,0.0006268395809456706,0.050487302243709564,-0.0702151209115982,0.022038687020540237,0.0011390625,919,3768320,2390.47894454794,3768320,1.0,1e-06,0.789107620716095,2.3050747586239595e-06,0.3579220771789551,5.896997754462063e-05,0.0,0.0,4.4892377853393555,0.15733563899993896,0.9804388284683228,2.8943874835968018,0.38318344950675964,-0.5773305892944336,1.8706557750701904,0.0006507539073936641,0.002179986098781228
14,0,0.40734294056892395,paper_sampled_policy_value_score,3.7397112464532256e-06,512,-0.6085644960403442,0.5013331174850464,-0.5867119431495667,-2.68754243850708,0.04714842140674591,0.0,0.0038443359375000003,1.3209518194198608,124.12,5.9,1586,0.4242747128009796,0,0.1,0.10317131876945496,0.0632753074169159,1.4130527867819498,1.232580085912009,deterministic_value_head_jacobian_b,torch.float64,1.0,5.247284825439219e-16,5.2539608750141046e-15,symmetric_jacobi_cholesky_fp64,512,1.7098332643508911,0.0003966284275520593,0.0009736965876072645,0.07748767733573914,-0.10515610128641129,0.00784363318234682,0.002562890625,929,3809280,2416.4422483486123,3809280,1.0,1e-06,1.0,2.727320861595217e-06,0.1281638890504837,0.00038402475183829665,0.0,0.0,3.4417202472686768,0.10000000149011612,0.35695064067840576,2.7518205642700195,-0.2569424510002136,-0.5891596078872681,1.1896809339523315,0.0015474578831344843,0.003798906924203038
14,0,0.2473623901605606,paper_sampled_policy_value_score,4.410346718941582e-06,512,-0.5674285888671875,1.4970473051071167,-0.5842479467391968,-3.6779000759124756,0.12202374637126923,0.0,0.09852612533569335,0.9847811460494995,131.24,5.9,1586,0.9202094078063965,0,0.1,0.18503420054912567,0.27414071559906006,1.412663631984996,1.2096753217408165,deterministic_value_head_jacobian_b,torch.float64,1.0,8.482991461260138e-16,1.5723781237897685e-14,symmetric_jacobi_cholesky_fp64,512,2.5596675872802734,0.009905733168125153,0.04004542902112007,0.04079947620630264,-0.004334579221904278,0.047608889639377594,0.0656840835571289,939,3850240,2442.3738023778424,3850240,1.0,1e-06,0.5433539748191833,2.5917058792401804e-06,0.550518810749054,0.0021544666960835457,0.0,0.0,3.9536736011505127,0.13287365436553955,0.4264702796936035,2.8464057445526123,0.018783673644065857,-0.582442581653595,1.3407115936279297,0.0293854009360075,0.11879494041204453
14,0,0.3256365954875946,paper_sampled_policy_value_score,6.847275017207721e-06,512,-0.5617601275444031,1.5919564962387085,-0.5858069062232971,-1.737353801727295,0.049073148518800735,0.0,0.0038443359375000003,0.8316752910614014,175.2,5.6,1585,0.45909738540649414,0,0.1,0.1144191324710846,0.04862917214632034,1.4122646287545377,1.1740460621736692,deterministic_value_head_jacobian_b,torch.float64,1.0,8.673061262957821e-16,9.602666117580803e-15,symmetric_jacobi_cholesky_fp64,512,1.653239130973816,0.00043986854143440723,0.001350795733742416,0.08025720715522766,-0.040318332612514496,0.013049636036157608,0.002562890625,949,3891200,2468.353528067004,3891200,1.0,1e-06,1.0,1.4967907191021368e-05,0.25415700674057007,0.00022111010912340134,0.0,0.0,3.7168354988098145,0.10000000149011612,0.41551774740219116,2.858247756958008,-0.23294556140899658,-0.5843122601509094,1.6419771909713745,0.0015899925492703915,0.0048827207647264
14,0,0.3181726634502411,paper_sampled_policy_value_score,7.047226063150447e-06,512,-0.5940496921539307,1.0001251697540283,-0.5913482904434204,-2.702173948287964,0.037551529705524445,0.0,0.0001,0.5784780979156494,153.67,7.2,1586,0.38898366689682007,0,0.1,0.09575216472148895,0.10178615152835846,1.4083602664942882,1.149077180777238,deterministic_value_head_jacobian_b,torch.float64,1.0,1.0021909385930258e-15,9.245135487955948e-15,symmetric_jacobi_cholesky_fp64,512,1.9203869104385376,9.574420801072847e-06,3.0091901862761006e-05,0.045318301767110825,-0.026697658002376556,0.008837980218231678,0.0001,959,3932160,2494.335862820968,3932160,1.0,1e-06,1.0,1.9371578673599288e-05,0.1653938591480255,3.8406897147069685e-06,0.0,0.0,8.252851486206055,0.12340964376926422,0.31526973843574524,2.779446601867676,-0.32899975776672363,-0.5999767184257507,1.4700956344604492,3.688356082420796e-05,0.00011592309601837769
14,0,0.24432022869586945,paper_sampled_policy_value_score,1.407047329848865e-05,512,-0.5966423153877258,0.451592355966568,-0.6004232168197632,-2.0220704078674316,0.05373555049300194,0.0,0.04378938903808593,0.7353994846343994,232.79,5.0,1584,0.3604622483253479,0,0.1,0.16075409948825836,0.05656573176383972,1.4117696773669435,1.209408036280862,deterministic_value_head_jacobian_b,torch.float64,1.0,7.605654997248468e-16,8.725029318878937e-15,symmetric_jacobi_cholesky_fp64,512,1.1788725852966309,0.007039323449134827,0.028811873868107796,0.05100030452013016,-0.037439364939928055,0.009774511680006981,0.029192926025390618,969,3973120,2520.258609919809,3973120,1.0,1e-06,1.0,2.5300867037003627e-06,0.16175979375839233,0.0021539642475545406,0.0,0.0,5.853095531463623,0.10000000149011612,0.6414440870285034,2.832624673843384,0.27171260118484497,-0.5897570848464966,1.4400914907455444,0.01241062767803669,0.05079656094312668
14,0,0.33135536313056946,paper_sampled_policy_value_score,1.4580716197087895e-05,512,-0.5903985500335693,1.3723591566085815,-0.6045205593109131,-1.8728575706481934,0.03925817832350731,0.0,0.043789389038085935,0.924290657043457,189.59,5.5,1586,1.1216762065887451,0,0.1,0.12176379561424255,0.06629149615764618,1.4123829859456987,1.1607887511105155,deterministic_value_head_jacobian_b,torch.float64,1.0,9.162742343276182e-16,1.0607082693726541e-14,symmetric_jacobi_cholesky_fp64,512,1.883828043937683,0.002376778982579708,0.007172900252044201,0.028545716777443886,-0.0499800480902195,0.017387796193361282,0.043789389038085935,979,4014080,2546.218178757932,4014080,1.0,1e-06,0.4457610547542572,1.5693864042987116e-05,0.7848645448684692,0.0008819056092761457,0.0,0.0,4.519770622253418,0.18369053304195404,0.32684481143951416,2.7916696071624756,0.10815900564193726,-0.593070387840271,0.8250152468681335,0.016299458220601082,0.04919026419520378
14,0,0.28114843368530273,paper_sampled_policy_value_score,6.89329453962273e-06,512,-0.5758829712867737,0.6462438106536865,-0.5921466946601868,-2.1650028228759766,0.03749682009220123,0.0,0.0011390625,0.4899361729621887,192.65,5.9,1586,0.6597161889076233,0,0.1,0.12428554892539978,0.0813952088356018,1.411315130582821,1.138767568518981,deterministic_value_head_jacobian_b,torch.float64,1.0,8.800562518001371e-16,7.821312398669605e-15,symmetric_jacobi_cholesky_fp64,512,1.8190685510635376,0.00010729455971159041,0.00038162959390319884,0.05747724696993828,-0.018805425614118576,0.011373056098818779,0.0007593750000000001,989,4055040,2572.1704316246323,4055040,1.0,1e-06,0.7579004764556885,9.697200766822789e-06,0.3125974237918854,3.0437278837780468e-05,0.0,0.0,10.0,0.10000000149011612,0.4692108631134033,2.6860666275024414,-0.4599992036819458,-0.5957947373390198,1.8266838788986206,0.0003732923942152411,0.001327741309069097
14,0,0.41985955834388733,paper_sampled_policy_value_score,5.814523319713771e-06,512,-0.6195430159568787,1.0361686944961548,-0.59609454870224,-3.2798750400543213,0.06883658468723297,0.0,0.00170859375,0.5231544971466064,93.69,6.5,1584,0.6886871457099915,0,0.1,0.16698333621025085,0.2593836486339569,1.4097918367438786,1.1055495937441977,deterministic_value_head_jacobian_b,torch.float64,1.0,1.0869238420087913e-15,1.470961714824902e-14,symmetric_jacobi_cholesky_fp64,512,3.519390344619751,0.0002071394119411707,0.0004933540476486087,0.059882357716560364,-0.13036517798900604,-0.002170969732105732,0.0011390625,999,4096000,2598.181200271938,4096000,1.0,1e-06,0.7260180115699768,5.621757736662403e-06,0.32325759530067444,9.406558092450723e-05,0.0,0.0,5.079567909240723,0.10000000149011612,0.6826741099357605,2.8094496726989746,-0.15197353065013885,-0.5976502299308777,1.770959734916687,0.0006509376689791679,0.001550370012409985
14,0,0.35220053791999817,paper_sampled_policy_value_score,1.3927553482062649e-05,512,-0.5851387977600098,0.7821150422096252,-0.6001763343811035,-2.107051372528076,0.03415057435631752,0.0,0.00033750000000000007,0.5658499002456665,150.98,6.1,1586,0.6288337707519531,0,0.1,0.07715407013893127,0.08068437874317169,1.4088460603929407,1.065880747156445,deterministic_value_head_jacobian_b,torch.float64,1.0,1.402138273299572e-15,1.3628334744200389e-14,symmetric_jacobi_cholesky_fp64,512,1.807613730430603,2.070191112579778e-05,5.8778761740541086e-05,0.058322302997112274,-0.09415167570114136,0.008695976808667183,0.00022500000000000005,1009,4136960,2624.153386141639,4136960,1.0,1e-06,0.795121431350708,1.1926728802791331e-05,0.25142624974250793,1.589767271070741e-05,0.0,0.0,8.254547119140625,0.12521028518676758,0.42123091220855713,2.6552963256835938,-0.0030512989033013582,-0.6004868149757385,1.219058632850647,0.00011898822413058951,0.0003378422698006034
14,0,0.35579878091812134,paper_sampled_policy_value_score,2.1058980564703234e-05,512,-0.6036104559898376,0.9580389261245728,-0.6093092560768127,-1.9803001880645752,0.02353951893746853,0.0,0.09852612533569333,0.6961790323257446,145.53,5.5,1584,1.4241435527801514,0,0.1,0.1567244976758957,0.4259667992591858,1.408325407533284,1.1394342523482528,deterministic_value_head_jacobian_b,torch.float64,1.0,6.943586797341383e-16,6.67187999693008e-15,symmetric_jacobi_cholesky_fp64,512,1.0759553909301758,0.005421307869255543,0.015237005427479744,0.03680398687720299,-0.01396801695227623,0.015444161370396614,0.09852612533569333,1019,4177920,2650.135825498961,4177920,1.0,1e-06,0.3510879576206207,2.677048723853659e-05,0.8579548001289368,0.0016088695265352726,0.0,0.0,3.3703620433807373,0.22506491839885712,0.24769477546215057,2.775527238845825,-0.04558376222848892,-0.6024048924446106,0.9914024472236633,0.03129088133573532,0.08794544637203217
14,0,0.22293169796466827,paper_sampled_policy_value_score,1.791742761270143e-05,512,-0.5927751660346985,0.7483550310134888,-0.6097276210784912,-1.4414297342300415,0.036344315856695175,0.0,0.09852612533569334,0.4473329782485962,91.08,6.5,1580,0.8057296872138977,0,0.1,0.08134091645479202,0.14514286816120148,1.411282567941308,1.0788623871941232,deterministic_value_head_jacobian_b,torch.float64,1.0,8.655100059241143e-16,8.010141016644233e-15,symmetric_jacobi_cholesky_fp64,512,0.7182906866073608,0.004973249975591898,0.02230840176343918,0.04878446087241173,-0.07231170684099197,0.011476034298539162,0.06568408355712889,1029,4218880,2676.1040314687416,4218880,1.0,1e-06,0.6205547451972961,1.2005025382677559e-05,0.330254465341568,0.0018672964069992304,0.0,0.0,5.486662864685059,0.10000000149011612,0.5696184635162354,2.6681976318359375,-0.2844723165035248,-0.6040326356887817,1.9077905416488647,0.023135332390666008,0.10377766937017441
14,0,0.3805009722709656,paper_sampled_policy_value_score,8.706225344212726e-06,512,-0.6251992583274841,1.4023422002792358,-0.6256588101387024,-2.8177385330200195,0.05878245458006859,0.0,0.0011390624999999997,0.39172130823135376,75.38,6.0,1579,0.6182525753974915,0,0.1,0.10811229795217514,0.09176652133464813,1.4071301035506512,1.064174750527948,deterministic_value_head_jacobian_b,torch.float64,1.0,9.49624795661665e-16,1.0488082472962626e-14,symmetric_jacobi_cholesky_fp64,512,2.0712733268737793,9.958788723452017e-05,0.0002617283316794783,0.05027599632740021,-0.050630487501621246,0.023902595043182373,0.0007593749999999997,1039,4259840,2702.115521708969,4259840,1.0,1e-06,0.8087296485900879,1.0417405064799823e-05,0.38168638944625854,5.388104182202369e-05,0.0,0.0,3.0251567363739014,0.10000000149011612,0.643281877040863,2.717331886291504,-0.22132687270641327,-0.6159619688987732,1.8459651470184326,0.0005103073199279606,0.0013411459513008595
14,0,0.32498759031295776,paper_sampled_policy_value_score,1.547131614643149e-05,512,-0.6284032464027405,0.7371186017990112,-0.6229724287986755,-2.2908053398132324,0.05240919813513756,0.0,0.0129746337890625,0.6638361215591431,194.14,5.5,1584,0.5408619046211243,0,0.1,0.17319536209106445,0.2326085865497589,1.4111148716174058,1.0564188688081737,deterministic_value_head_jacobian_b,torch.float64,1.0,9.080426424518897e-16,1.1644943250620888e-14,symmetric_jacobi_cholesky_fp64,512,2.2270243167877197,0.002077372744679451,0.006392160430550575,0.0485701747238636,-0.03448447585105896,0.02046925388276577,0.008649755859375,1049,4300800,2728.1402617697604,4300800,1.0,1e-06,0.9244486689567566,6.048232080502203e-06,0.2664578855037689,0.0006525710923597217,0.0,0.0,4.239072799682617,0.14269980788230896,0.43740952014923096,2.78879451751709,-0.14766058325767517,-0.6299775242805481,1.2106724977493286,0.005021073389798403,0.01545004639774561
14,0,0.2815772593021393,paper_sampled_policy_value_score,6.186998689372558e-06,512,-0.625877857208252,0.43407732248306274,-0.6221593618392944,-1.4960272312164307,0.014375275932252407,0.0,0.06568408355712889,0.4365244209766388,135.39,6.3,1581,0.4767714738845825,0,0.1,0.056551605463027954,0.02547943964600563,1.41037472449223,1.1058832792963598,deterministic_value_head_jacobian_b,torch.float64,1.0,8.553659098547829e-16,4.852059084782813e-15,symmetric_jacobi_cholesky_fp64,512,1.690286636352539,0.0037145379465073347,0.013191896490752697,0.036892566829919815,-0.05785340815782547,0.005373219959437847,0.06568408355712889,1059,4341760,2754.144745756872,4341760,1.0,1e-06,1.0,1.575068563397508e-05,0.1976620852947235,0.0022167516872286797,0.0,0.0,2.9889426231384277,0.1846102923154831,0.4242022633552551,2.618824005126953,-0.19911350309848785,-0.6269844174385071,1.4044092893600464,0.02220090851187706,0.0788448229432106
14,0,0.3176807761192322,paper_sampled_policy_value_score,1.3690119885723107e-05,512,-0.6183382272720337,0.6649826765060425,-0.622414767742157,-1.4449952840805054,0.016000986099243164,0.0,0.0007593750000000001,0.5942230820655823,166.25,5.2,1583,0.5388440489768982,0,0.1,0.08957654982805252,0.11549680680036545,1.4003718896753024,1.085549571330458,deterministic_value_head_jacobian_b,torch.float64,1.0,7.217113704944896e-16,6.515750693594544e-15,symmetric_jacobi_cholesky_fp64,512,1.5729039907455444,6.311742617981508e-05,0.00019868191157002002,0.05023787170648575,-0.05416155233979225,0.01381762232631445,0.0005062500000000001,1069,4382720,2780.1785035748035,4382720,1.0,1e-06,0.9279105067253113,1.0460221346875187e-05,0.21134032309055328,3.378057954250835e-05,0.0,0.0,2.8879919052124023,0.2603953778743744,-0.09181568026542664,2.614469289779663,-0.39950650930404663,-0.6340380311012268,0.7614404559135437,0.00024937279522418976,0.0007849792018532753
14,0,0.3795827031135559,paper_sampled_policy_value_score,5.7255206229456235e-06,512,-0.6275548934936523,0.6802629232406616,-0.624731719493866,-1.7989976406097412,0.03569777309894562,0.0,0.0129746337890625,0.5120454430580139,101.67,5.7,1576,0.48823946714401245,0,0.1,0.12109209597110748,0.1230192631483078,1.4060282975120437,1.0586804521817992,deterministic_value_head_jacobian_b,torch.float64,1.0,8.22182770736233e-16,8.88595739495526e-15,symmetric_jacobi_cholesky_fp64,512,1.8631882667541504,0.001571126515045762,0.004139089025557041,0.0363544225692749,-0.12393392622470856,0.01220433134585619,0.0129746337890625,1079,4423680,2806.2626991709694,4423680,1.0,1e-06,1.0,8.800579053058755e-06,0.1933455765247345,0.0007702287402935326,0.0,0.0,1.7829135656356812,0.14244967699050903,0.5049358010292053,2.5698084831237793,-0.2840043902397156,-0.6611188054084778,1.560341715812683,0.005455929320305586,0.014373493380844593
14,0,0.4732162356376648,paper_sampled_policy_value_score,3.7708296076743864e-06,512,-0.5898537635803223,0.8473424315452576,-0.6170480251312256,-1.8267590999603271,0.042339522391557693,0.0,0.00022499999999999994,0.6229551434516907,153.86,6.2,1581,0.5778011083602905,0,0.1,0.10115690529346466,0.24296455085277557,1.4013492025029826,1.0482380495477241,deterministic_value_head_jacobian_b,torch.float64,1.0,8.127932093275369e-16,8.805013444797206e-15,symmetric_jacobi_cholesky_fp64,512,3.395751953125,1.969390177691821e-05,4.161713150097057e-05,0.06321299076080322,-0.00046821311116218567,0.011991546489298344,0.00014999999999999996,1089,4464640,2832.258686705027,4464640,1.0,1e-06,0.8653481602668762,5.777506430604262e-06,0.21821348369121552,1.8010228814091533e-05,0.0,0.0,6.1400885581970215,0.1995384246110916,0.5252220630645752,2.606322765350342,-0.02100558765232563,-0.6464819312095642,1.5050132274627686,9.922817116603255e-05,0.00020968884928151965
14,0,0.3586775064468384,paper_sampled_policy_value_score,1.2369655451038852e-05,512,-0.6495320796966553,2.0246641635894775,-0.6373202800750732,-2.9015309810638428,0.05876938998699188,0.0,0.0129746337890625,0.32803264260292053,106.49,6.1,1578,0.6138476729393005,0,0.1,0.13856196403503418,0.11500918120145798,1.4042971786403,1.002104405016842,deterministic_value_head_jacobian_b,torch.float64,1.0,1.1441595016547394e-15,1.333663395977581e-14,symmetric_jacobi_cholesky_fp64,512,2.4912922382354736,0.0014643624890595675,0.004082671832293272,0.05000363662838936,-0.10922487080097198,0.020011957734823227,0.008649755859375,1099,4505600,2858.3546095406637,4505600,1.0,1e-06,0.814532995223999,5.08993434777949e-06,0.334561288356781,0.0007517986814491451,0.0,0.0,7.474724769592285,0.10000000149011612,0.8497480154037476,2.567988634109497,0.20630960166454315,-0.6203534603118896,1.5150840282440186,0.005134023260325193,0.014313758350908756
14,0,0.3738665282726288,paper_sampled_policy_value_score,9.223797860613558e-06,512,-0.6582137942314148,0.06200914457440376,-0.645065188407898,-2.5527470111846924,0.041652414947748184,0.0,0.0007593750000000001,0.2952806055545807,105.85,6.3,1585,0.5457345843315125,0,0.1,0.09206657856702805,0.05280598998069763,1.4048681363869657,1.0291208293092637,deterministic_value_head_jacobian_b,torch.float64,1.0,1.4980452638494123e-15,1.4194265209141193e-14,symmetric_jacobi_cholesky_fp64,512,1.5384206771850586,6.405347085092217e-05,0.00017132710490841419,0.04287521913647652,-0.15605506300926208,0.009812302887439728,0.0005062500000000001,1109,4546560,2884.372288385872,4546560,1.0,1e-06,0.9161945581436157,4.941813131154049e-06,0.16574053466320038,3.111894693574868e-05,0.0,0.0,2.9867169857025146,0.10000000149011612,0.5053237080574036,2.6426429748535156,0.11070975661277771,-0.6263889670372009,1.0006217956542969,0.0002702936762943864,0.0007229683687910438
14,0,0.3227900266647339,paper_sampled_policy_value_score,8.5896608652547e-06,512,-0.6281878352165222,0.24343355000019073,-0.6320749521255493,-1.6730170249938965,0.011586831882596016,0.0,0.0001,0.49794334173202515,182.47,6.7,1587,0.40781447291374207,0,0.1,0.0909682884812355,0.06873613595962524,1.4021699128646834,1.0409235126609055,deterministic_value_head_jacobian_b,torch.float64,1.0,1.2368035233698125e-15,8.676356422715941e-15,symmetric_jacobi_cholesky_fp64,512,1.4951999187469482,9.096275789488573e-06,2.818016400851775e-05,0.05557369440793991,-0.030688423663377762,0.005462795030325651,0.0001,1119,4587520,2910.393065975979,4587520,1.0,1e-06,1.0,7.37543359718984e-06,0.1352512687444687,5.773590146418428e-06,0.0,0.0,2.623040199279785,0.10000000149011612,-0.02020302414894104,2.5185141563415527,-0.28057020902633667,-0.6271631717681885,0.6158053278923035,3.470469528110698e-05,0.00010751476656878367
14,0,0.3299354314804077,paper_sampled_policy_value_score,7.936847396194935e-05,512,-0.6082386374473572,0.9849547743797302,-0.6330046057701111,-1.7996693849563599,0.033634964376688004,0.0,0.008649755859375,0.43756043910980225,159.27,6.5,1585,0.48015710711479187,0,0.1,0.11041584610939026,0.15840455889701843,1.3993106655271574,0.9971543381211164,deterministic_value_head_jacobian_b,torch.float64,1.0,1.223526485646789e-15,1.263430631347367e-14,symmetric_jacobi_cholesky_fp64,512,3.287309169769287,0.0009550706599839032,0.0028947198297828436,0.04601508751511574,0.007160890847444534,0.012199221178889275,0.0057665039062500005,1129,4628480,2936.377581746783,4628480,1.0,1e-06,1.0,1.791622707969509e-05,0.21265053749084473,0.0005303172511048615,0.0,0.0,2.7099945545196533,0.10942573845386505,0.1724795401096344,2.5227954387664795,-0.3457966446876526,-0.6528798341751099,0.998514711856842,0.003428041934967041,0.010390038602054119
14,0,0.2903607487678528,paper_sampled_policy_value_score,1.1155880201840773e-05,512,-0.6444257497787476,0.5637715458869934,-0.632679283618927,-1.8171457052230835,0.02506587840616703,0.0,0.0005062500000000001,0.3238934278488159,220.42,4.9,1582,0.3484942615032196,0,0.1,0.10912969708442688,0.062166497111320496,1.3956493585508043,1.0642996727880025,deterministic_value_head_jacobian_b,torch.float64,1.0,1.0615300466607706e-15,9.014122618131738e-15,symmetric_jacobi_cholesky_fp64,512,0.7712112069129944,5.524772859644145e-05,0.00019027272355742753,0.06794457137584686,-0.20019762217998505,0.007351419888436794,0.00033750000000000007,1139,4669440,2962.3651534458622,4669440,1.0,1e-06,1.0,5.541600785363698e-06,0.11759408563375473,2.4499659048160538e-05,0.0,0.0,4.939687728881836,0.10000000149011612,-0.19184890389442444,2.5307705402374268,-0.47829487919807434,-0.6419777274131775,0.5374383926391602,0.0001560389791848138,0.0005373969324864447
14,1,0.21249130368232727,paper_sampled_policy_value_score,8.00607813289389e-06,512,-0.6149353981018066,0.8605533838272095,-0.629230260848999,-2.998753786087036,0.03837355226278305,0.0,0.012974633789062497,0.2909313440322876,168.51,6.5,1585,0.48337528109550476,0,0.1,0.11817476153373718,0.05543069541454315,1.3964003650206738,0.9549638543337636,deterministic_value_head_jacobian_b,torch.float64,1.0,2.002486268473195e-15,1.9960583144372653e-14,symmetric_jacobi_cholesky_fp64,512,2.169619560241699,0.0015332726761698723,0.007215695921331644,0.03822104632854462,0.019885249435901642,0.012653656303882599,0.012974633789062497,1149,4710400,2988.3511082939804,4710400,1.0,1e-06,1.0,9.831110219238326e-06,0.24788595736026764,0.0005013158079236746,0.0,0.0,2.3729231357574463,0.10000000149011612,0.3339065909385681,2.625929355621338,-0.4563136398792267,-0.6311437487602234,1.6020491123199463,0.004273591563105583,0.020111842080950737
14,0,0.4317131042480469,paper_sampled_policy_value_score,1.1971757885476109e-05,512,-0.6260430812835693,0.8243866562843323,-0.6331295967102051,-1.3198285102844238,0.015108661726117134,0.0,0.0057665039062500005,0.26648780703544617,278.3,4.5,1585,0.7094275951385498,0,0.1,0.11319288611412048,0.06281736493110657,1.3942336498958834,1.0389373653153955,deterministic_value_head_jacobian_b,torch.float64,1.0,1.7613160553600262e-15,1.563845045073527e-14,symmetric_jacobi_cholesky_fp64,512,2.509763479232788,0.00046003717579878867,0.0010656085796654224,0.03481576591730118,0.021740419790148735,0.013262803666293621,0.0057665039062500005,1159,4751360,3014.331422212068,4751360,1.0,1e-06,0.7047925591468811,8.974596312327776e-06,0.22765085101127625,0.00017040707462001592,0.0,0.0,5.295541286468506,0.11705075949430466,-0.05394173040986061,2.5294623374938965,-0.4856134057044983,-0.6568109393119812,0.6973139047622681,0.002020149026066065,0.004679378587752581
13,0,0.20745190978050232,paper_sampled_policy_value_score,1.9159917428623885e-05,512,-0.6295773386955261,1.2779896259307861,-0.6356022953987122,-2.136213779449463,0.02628273144364357,0.0,0.012974633789062497,0.37576824426651,200.29,6.3,1584,0.3281801640987396,0,0.1,0.12763775885105133,0.04794469475746155,1.3997053474306391,1.003005090663842,deterministic_value_head_jacobian_b,torch.float64,1.0,1.4606867808866998e-15,1.3281985939235509e-14,symmetric_jacobi_cholesky_fp64,512,1.073823094367981,0.0016560530057176948,0.00798282865434885,0.04710976034402847,-0.0004793107509613037,0.007948082871735096,0.008649755859374999,1169,4792320,3040.3164018746465,4792320,1.0,1e-06,1.0,8.24944072519429e-06,0.17480839788913727,0.0003868562635034323,0.0,0.0,8.856922149658203,0.10000000149011612,-0.019603777676820755,2.658583164215088,-0.3635779023170471,-0.6921861171722412,0.981975793838501,0.0034585262183099985,0.01667146012187004
14,0,0.29230499267578125,paper_sampled_policy_value_score,1.8467710106051527e-05,512,-0.6291919946670532,0.4776913523674011,-0.6287710070610046,-1.3144782781600952,0.01112515851855278,0.0,0.00033750000000000007,0.30385515093803406,165.16,5.5,1583,0.4631880819797516,0,0.1,0.11984783411026001,0.18993927538394928,1.395270723529405,0.9597025373953768,deterministic_value_head_jacobian_b,torch.float64,1.0,1.719337200036978e-15,1.2731820928160842e-14,symmetric_jacobi_cholesky_fp64,512,2.5545787811279297,4.044952220283449e-05,0.00013838121958542615,0.07489319145679474,-0.04003717005252838,0.004276706837117672,0.00022500000000000005,1179,4833280,3066.2999013476074,4833280,1.0,1e-06,1.0,7.613214165758109e-06,0.22509309649467468,1.689532473392319e-05,0.0,0.0,3.653123617172241,0.1058802604675293,0.18801280856132507,2.6488149166107178,-0.5450682640075684,-0.811156690120697,1.6127278804779053,0.00012168137618573382,0.00041628224425949156
14,0,0.35034722089767456,paper_sampled_policy_value_score,7.786858077452052e-06,512,-0.6078009009361267,0.6031790971755981,-0.629381000995636,-2.236407995223999,0.03154292702674866,0.0,0.0001,0.46393245458602905,253.6,5.7,1585,0.4678193926811218,0,0.1,0.11764828860759735,0.2992355525493622,1.4006010637431705,0.93087871444471,deterministic_value_head_jacobian_b,torch.float64,1.0,1.7006988765527658e-15,1.461714327484426e-14,symmetric_jacobi_cholesky_fp64,512,3.9296059608459473,1.1766022907977458e-05,3.3583892218302935e-05,0.10804998874664307,0.02830023132264614,0.006634118966758251,0.0001,1189,4874240,3092.312364771962,4874240,1.0,1e-06,1.0,9.215122190653346e-06,0.1649288535118103,6.166132607177133e-06,0.0,0.0,4.6348419189453125,0.10000000149011612,-0.134309321641922,2.7585582733154297,-0.562533974647522,-0.7015388011932373,0.9047471880912781,3.876085611409508e-05,0.00011063554848078638
14,0,0.27222052216529846,paper_sampled_policy_value_score,1.0902703252213541e-05,512,-0.655190110206604,0.3597244918346405,-0.6330419182777405,-2.769336700439453,0.03197203576564789,0.0,0.00015000000000000004,0.4181424379348755,137.28,5.7,1581,0.46910154819488525,0,0.1,0.1134456917643547,0.13157114386558533,1.399549167519075,0.9458553388057468,deterministic_value_head_jacobian_b,torch.float64,1.0,1.412848381829875e-15,1.2573070878687629e-14,symmetric_jacobi_cholesky_fp64,512,2.9036126136779785,1.701594919722993e-05,6.250795559026301e-05,0.06099662184715271,-0.135430708527565,0.007716589607298374,0.00010000000000000003,1199,4915200,3118.3620093627833,4915200,1.0,1e-06,1.0,1.0267310244671535e-05,0.16658248007297516,7.123354862414999e-06,0.0,0.0,4.476077556610107,0.10000000149011612,-0.07310699671506882,2.566534996032715,-0.5013467669487,-0.6370915770530701,0.8494237661361694,4.757038186653517e-05,0.00017474943888373673
14,0,0.31423845887184143,paper_sampled_policy_value_score,1.1171738151460886e-05,512,-0.6757761836051941,0.6681845188140869,-0.6366984248161316,-3.086876392364502,0.06458345800638199,0.0,0.00170859375,0.45018845796585083,101.11,6.0,1580,0.5179065465927124,0,0.1,0.14592701196670532,0.06553378701210022,1.4033958836837277,1.024355118897311,deterministic_value_head_jacobian_b,torch.float64,1.0,2.229785733950466e-15,2.8192168321123567e-14,symmetric_jacobi_cholesky_fp64,512,1.703707218170166,0.00024070659128483385,0.0007659997791051865,0.04938293248414993,-0.0802651196718216,0.016767367720603943,0.0011390625,1209,4956160,3144.588030092884,4956160,1.0,1e-06,0.9654232263565063,1.0831926374521572e-05,0.19964158535003662,6.313768972177058e-05,0.0,0.0,5.702987194061279,0.1643112301826477,0.5487514138221741,2.527956962585449,0.12166654318571091,-0.697746753692627,1.5166215896606445,0.0006358070531859994,0.002023326698690653
14,0,0.395621657371521,paper_sampled_policy_value_score,8.489184438076336e-06,512,-0.6460574865341187,0.3955894112586975,-0.6381357908248901,-1.8567545413970947,0.012554343789815903,0.0,0.00010000000000000003,0.4283785820007324,221.4,5.5,1583,0.45559847354888916,0,0.1,0.07957879453897476,0.07061298191547394,1.4041983657557922,0.999799405835381,deterministic_value_head_jacobian_b,torch.float64,1.0,8.736996111848733e-16,6.202893791709474e-15,symmetric_jacobi_cholesky_fp64,512,1.4497904777526855,7.959284630487673e-06,2.0118424799875356e-05,0.04919608309864998,-0.08399884402751923,0.005677847657352686,0.0001,1219,4997120,3171.024615438655,4997120,1.0,1e-06,1.0,5.3373773880593944e-06,0.1404142677783966,7.707498298259452e-06,0.0,0.0,3.458448648452759,0.10000000149011612,0.05471285060048103,2.5090084075927734,-0.4096951484680176,-0.6783624887466431,0.9382449984550476,4.214122236589901e-05,0.00010651900083757937
14,0,0.2763521373271942,paper_sampled_policy_value_score,6.911538548592944e-06,512,-0.6353175044059753,0.8379998803138733,-0.6367114782333374,-2.8316726684570312,0.0318416990339756,0.0,0.0129746337890625,0.20921143889427185,214.29,5.1,1584,0.45774346590042114,0,0.1,0.16956433653831482,0.14322200417518616,1.3989521094306785,1.054592067924283,deterministic_value_head_jacobian_b,torch.float64,1.0,1.3855891792284093e-15,1.5820215501218302e-14,symmetric_jacobi_cholesky_fp64,512,1.9247667789459229,0.0022000351455062628,0.007960984483361244,0.03491686284542084,-0.11839073896408081,0.014296253211796284,0.0129746337890625,1229,5038080,3197.111429064069,5038080,1.0,1e-06,1.0,4.806054676009808e-06,0.21682506799697876,0.0005102325812913477,0.0,0.0,2.749619960784912,0.12484795600175858,0.10667666792869568,2.5105016231536865,-0.5221434831619263,-0.66953045129776,1.1185102462768555,0.0045067863538861275,0.016308128833770752
13,0,0.2935329079627991,paper_sampled_policy_value_score,1.536133095214609e-05,512,-0.6174132823944092,1.0161957740783691,-0.6337204575538635,-1.5713669061660767,0.031283143907785416,0.0,0.0011390624999999997,0.18999813497066498,245.46,4.5,1584,0.5117281079292297,0,0.1,0.10496785491704941,0.29714256525039673,1.3942587482829547,1.06581860734762,deterministic_value_head_jacobian_b,torch.float64,1.0,1.2470147677601157e-15,1.0769306407891078e-14,symmetric_jacobi_cholesky_fp64,512,3.2649354934692383,0.00011682388139888644,0.00039799243677407503,0.03558801859617233,-0.014730645343661308,0.006875190418213606,0.0011390624999999997,1239,5079040,3223.055086384993,5079040,1.0,1e-06,0.977079451084137,5.230074293649523e-06,0.18041549623012543,4.848568278248422e-05,0.0,0.0,3.571848154067993,0.13852857053279877,-0.28296923637390137,2.490469455718994,-0.5634488463401794,-0.7119191884994507,0.5502379536628723,0.0004164793062955141,0.0014188505010679364
13,0,0.20378072559833527,paper_sampled_policy_value_score,1.802056976885069e-05,512,-0.6326695084571838,0.9754218459129333,-0.62971031665802,-3.0129315853118896,0.042770031839609146,0.0,0.0005062500000000001,0.3751337230205536,126.22,5.9,1580,0.3789389729499817,0,0.1,0.13294430077075958,0.1296321302652359,1.3978242840962671,1.0294164436632411,deterministic_value_head_jacobian_b,torch.float64,1.0,1.5195503226924075e-15,1.5986283932498643e-14,symmetric_jacobi_cholesky_fp64,512,2.612276554107666,6.730161112500355e-05,0.0003302648547105491,0.08412671089172363,0.028876077383756638,0.015666967257857323,0.00033750000000000007,1249,5120000,3249.152465132065,5120000,1.0,1e-06,1.0,3.6193221603753045e-05,0.23805871605873108,1.705759859760292e-05,0.0,0.0,4.689569473266602,0.12428918480873108,0.351634681224823,2.5209407806396484,-0.5537019371986389,-0.7486823797225952,1.612287163734436,0.0001566135324537754,0.0007685394957661629
13,0,0.32551002502441406,paper_sampled_policy_value_score,3.0506222174153663e-05,512,-0.6401687264442444,0.22495721280574799,-0.6310663223266602,-3.228367805480957,0.017845969647169113,0.0,0.002562890625,0.3216293454170227,184.92,5.6,1582,0.45893383026123047,0,0.1,0.07539930939674377,0.06072843819856644,1.3941891889063995,1.0564934136303652,deterministic_value_head_jacobian_b,torch.float64,1.0,1.1542137899930474e-15,5.6561349919763606e-15,symmetric_jacobi_cholesky_fp64,512,2.361182451248169,0.0001932400482473895,0.0005936531233601272,0.042054325342178345,-0.016627036035060883,0.0026778499595820904,0.00170859375,1259,5160960,3275.186408000998,5160960,1.0,1e-06,1.0,8.299433829961345e-06,0.12627491354942322,0.00011030157475033775,0.0,0.0,5.372200012207031,0.25170764327049255,-0.1800544112920761,2.4867658615112305,-0.5097321271896362,-0.7424507141113281,0.6394469738006592,0.0008855221094563603,0.0027204141952097416
14,0,0.2590404748916626,paper_sampled_policy_value_score,8.755283488426358e-05,512,-0.6378301978111267,-0.27813291549682617,-0.6360597610473633,-2.2400765419006348,0.005125959403812885,0.0,0.0001,0.3320677578449249,191.14,6.0,1583,0.34498655796051025,0,0.1,0.05135384947061539,0.023038221523165703,1.3884993109453927,0.8841243299875657,deterministic_value_head_jacobian_b,torch.float64,1.0,1.4818536578148475e-15,5.982123418415609e-15,symmetric_jacobi_cholesky_fp64,512,1.0980021953582764,5.136324489285471e-06,1.9828270524158143e-05,0.06204478070139885,-0.05826918035745621,0.00238757929764688,0.0001,1269,5201920,3301.2053764639422,5201920,1.0,1e-06,1.0,8.294741746794898e-06,0.10471417754888535,3.5292046050017234e-06,0.0,0.0,10.0,0.11093264818191528,-0.3100782632827759,2.5273633003234863,-0.563481867313385,-0.6437515020370483,0.5595006942749023,2.7863159630214795e-05,0.00010756295523606241
13,0,0.2601225674152374,paper_sampled_policy_value_score,2.270691766170785e-05,512,-0.6416434049606323,1.0743592977523804,-0.635825514793396,-1.8377376794815063,0.03747947886586189,0.0,0.008649755859375,0.19899071753025055,249.81,4.8,1581,0.396444171667099,0,0.1,0.10382286459207535,0.24335068464279175,1.3890189756323135,0.8128685342720882,deterministic_value_head_jacobian_b,torch.float64,1.0,2.6123559666671897e-15,2.0366910135511486e-14,symmetric_jacobi_cholesky_fp64,512,3.5451467037200928,0.0008980418788269162,0.00345237972214818,0.04998531937599182,-0.06369572877883911,0.006567635573446751,0.0057665039062500005,1279,5242880,3327.1753861089237,5242880,1.0,1e-06,1.0,2.3421234800480306e-05,0.1800072193145752,0.0003364857111591846,0.0,0.0,5.170237064361572,0.10000000149011612,-0.046928729861974716,2.6021199226379395,-0.5646219849586487,-0.659712553024292,1.035937786102295,0.0027478872798383236,0.010563816875219345
14,0,0.37967780232429504,paper_sampled_policy_value_score,3.854385431623086e-05,512,-0.6341794729232788,-0.0343085378408432,-0.6324506998062134,-1.7363717555999756,0.01522986963391304,0.0,0.00015000000000000004,0.44993889331817627,176.64,6.3,1584,0.6411585211753845,0,0.1,0.10841621458530426,0.05096745491027832,1.3858660737321078,0.9822112216405936,deterministic_value_head_jacobian_b,torch.float64,1.0,1.5714692991354307e-15,1.1072257132896394e-14,symmetric_jacobi_cholesky_fp64,512,1.0831716060638428,1.2681294720096048e-05,3.3400148822693154e-05,0.04271390289068222,-0.08306782692670822,0.007537448778748512,0.00010000000000000003,1289,5283840,3353.1768465507776,5283840,1.0,1e-06,0.7798371315002441,3.656587068689987e-05,0.19354191422462463,5.873816917301156e-06,0.0,0.0,3.176154136657715,0.13133499026298523,-0.10549213737249374,2.5477020740509033,-0.5134488344192505,-0.7780606150627136,0.6970165371894836,4.986015483154915e-05,0.00013132227468304336
14,0,0.24699844419956207,paper_sampled_policy_value_score,1.378398883389309e-05,512,-0.6001429557800293,0.5445488095283508,-0.6253575086593628,-1.2785804271697998,0.02803078107535839,0.0,0.0129746337890625,0.24095121026039124,170.0,6.3,1579,0.41829532384872437,0,0.1,0.1013113260269165,0.07613734155893326,1.3955440742770362,0.8285182946231684,deterministic_value_head_jacobian_b,torch.float64,1.0,2.6190226498070407e-15,2.2459680761711008e-14,symmetric_jacobi_cholesky_fp64,512,1.986926794052124,0.0013144753174856305,0.005321796052157879,0.05283243954181671,0.017041020095348358,0.01173054613173008,0.008649755859375,1299,5324800,3379.4007412130013,5324800,1.0,1e-06,1.0,3.113017010036856e-05,0.22340384125709534,0.0005609665531665087,0.0,0.0,4.497323036193848,0.10000000149011612,0.7893673181533813,2.565732955932617,0.6711695790290833,-0.6325035691261292,1.6720197200775146,0.004186424892395735,0.01694919541478157
14,0,0.33776095509529114,paper_sampled_policy_value_score,7.396065484499559e-06,512,-0.6477266550064087,0.5708234310150146,-0.6399102210998535,-2.1200785636901855,0.02890045940876007,0.0,0.0129746337890625,0.22967442870140076,152.81,6.1,1579,0.5446850061416626,0,0.1,0.11792439222335815,0.06431962549686432,1.3896350497997758,0.8212287444856776,deterministic_value_head_jacobian_b,torch.float64,1.0,2.0985938582196125e-15,2.060717379874616e-14,symmetric_jacobi_cholesky_fp64,512,1.4367358684539795,0.0014045018469914794,0.0041582719422876835,0.036498669534921646,-0.029435299336910248,0.014093543402850628,0.0129746337890625,1309,5365760,3405.5785136818886,5365760,1.0,1e-06,0.9179600477218628,1.029515260597691e-05,0.2987118065357208,0.0005808047135360539,0.0,0.0,3.2671256065368652,0.10146117955446243,0.16387496888637543,2.6262729167938232,-0.28763413429260254,-0.6600483655929565,1.092204213142395,0.005367395468056202,0.01589110679924488
13,0,0.35749825835227966,paper_sampled_policy_value_score,2.3577094907523133e-05,512,-0.6322309374809265,0.9494845271110535,-0.6374626159667969,-1.6469799280166626,0.021523308008909225,0.0,0.0038443359375000003,0.25493234395980835,188.97,6.3,1583,0.4844335615634918,0,0.1,0.09474915266036987,0.06822407990694046,1.3889116014622929,0.7744556168295256,deterministic_value_head_jacobian_b,torch.float64,1.0,2.4665924388304593e-15,2.510678992653411e-14,symmetric_jacobi_cholesky_fp64,512,1.9563575983047485,0.0003642466035671532,0.0010188765591010451,0.050266116857528687,-0.03805021941661835,0.018915055319666862,0.002562890625,1319,5406720,3431.843378085643,5406720,1.0,1e-06,1.0,3.553740316419862e-05,0.19171780347824097,0.00017181738803628832,0.0,0.0,5.195620059967041,0.10000000149011612,0.3850606679916382,2.5560810565948486,-0.2202831208705902,-0.6475459933280945,1.1064741611480713,0.0014854077016934752,0.004155006725341082
11,2,0.299713134765625,paper_sampled_policy_value_score,2.3091433831723407e-05,512,-0.6433706283569336,0.42290082573890686,-0.6399708986282349,-1.7002695798873901,0.013045287691056728,0.0,0.0001,0.2064102739095688,215.09,6.7,1584,0.407569944858551,0,0.1,0.06803049147129059,0.13829481601715088,1.3781185209223896,0.7477789778303207,deterministic_value_head_jacobian_b,torch.float64,1.0,2.3364050792559726e-15,1.4396184905583036e-14,symmetric_jacobi_cholesky_fp64,512,2.6875531673431396,6.801754352636635e-06,2.2694215658702888e-05,0.06846916675567627,-0.09896817058324814,0.005594686605036259,0.0001,1329,5447680,3457.8552603176795,5447680,1.0,1e-06,1.0,1.327564586972585e-05,0.16119840741157532,4.121895926800789e-06,0.0,0.0,5.032690525054932,0.10000000149011612,0.02945796772837639,2.479722023010254,-0.3857560157775879,-0.6374155879020691,0.8860931992530823,3.472196840448305e-05,0.00011585067113628611
13,0,0.3205100893974304,paper_sampled_policy_value_score,3.6905810702592134e-05,512,-0.6454459428787231,-0.061847057193517685,-0.6424902081489563,-1.1558003425598145,0.003441913751885295,0.0,0.008649755859375,0.20165987312793732,224.93,7.1,1581,0.35831430554389954,0,0.1,0.06040719524025917,0.04787331074476242,1.3737218494452967,0.8117556480011054,deterministic_value_head_jacobian_b,torch.float64,1.0,2.5011139107110483e-15,1.1302546577583181e-14,symmetric_jacobi_cholesky_fp64,512,1.6281057596206665,0.0005225087516009808,0.0016302411677315831,0.02636685036122799,-0.0712076798081398,0.003015963127836585,0.008649755859375,1339,5488640,3484.1565706846304,5488640,1.0,1e-06,1.0,5.362769661587663e-05,0.09966883808374405,0.00023634456738363951,0.0,0.0,1.8264859914779663,0.19742915034294128,-0.06241094321012497,2.4707727432250977,-0.4493437111377716,-0.6374485492706299,0.9300127625465393,0.0027814670465886593,0.008678250946104527
14,0,0.3028494715690613,paper_sampled_policy_value_score,2.6427029297337867e-05,512,-0.6629951000213623,0.4165607988834381,-0.6364718675613403,-2.7905139923095703,0.04676533490419388,0.0,0.008649755859375,0.21279965341091156,201.46,6.7,1581,0.4425199329853058,0,0.1,0.14748823642730713,0.19939179718494415,1.368019845587217,0.849628018554531,deterministic_value_head_jacobian_b,torch.float64,1.0,2.9532236298029473e-15,2.6984836498211008e-14,symmetric_jacobi_cholesky_fp64,512,1.6272333860397339,0.0012757380027323961,0.004212449304759502,0.05546347051858902,-0.11900559067726135,0.007162056863307953,0.0057665039062500005,1349,5529600,3510.4634855296463,5529600,1.0,1e-06,1.0,1.1888363587786444e-05,0.20787779986858368,0.0006161293713375926,0.0,0.0,5.676493167877197,0.10000000149011612,-0.04756370186805725,2.47212290763855,-0.4956013858318329,-0.6683357357978821,1.0066157579421997,0.003096358384937048,0.010224083438515663
14,0,0.35215386748313904,paper_sampled_policy_value_score,3.985511648352258e-05,512,-0.6423042416572571,-0.09756974875926971,-0.6399942636489868,-2.114529848098755,0.01649099588394165,0.0,0.002562890625,0.3189125955104828,242.03,5.4,1582,0.41068556904792786,0,0.1,0.08448454737663269,0.1397503912448883,1.3780992848898803,0.7156255050033467,deterministic_value_head_jacobian_b,torch.float64,1.0,3.3734125045268827e-15,2.067906484332249e-14,symmetric_jacobi_cholesky_fp64,512,2.3847556114196777,0.00021652378200087696,0.0006148556130938232,0.057342782616615295,-0.03124823421239853,0.003238439792767167,0.00170859375,1359,5570560,3536.4257719009183,5570560,1.0,1e-06,1.0,4.5787695853505284e-05,0.1266508847475052,0.00014013558393344283,0.0,0.0,3.93215012550354,0.10000000149011612,0.21210579574108124,2.474440574645996,-0.45985567569732666,-0.6568827629089355,1.3703861236572266,0.0009449623175896704,0.002683378988876939
13,0,0.22670294344425201,paper_sampled_policy_value_score,2.5279556211899035e-05,512,-0.6235660910606384,0.35273152589797974,-0.6315056085586548,-1.7956048250198364,0.025207864120602608,0.0,0.0011390624999999997,0.2919195294380188,171.47,6.8,1582,0.35139885544776917,0,0.1,0.11917924135923386,0.19112810492515564,1.3762537400808361,0.7361457110278252,deterministic_value_head_jacobian_b,torch.float64,1.0,3.5466842623993633e-15,2.7911319280760412e-14,symmetric_jacobi_cholesky_fp64,512,3.2760517597198486,0.0001357544824713841,0.0005988209741190076,0.06417977064847946,-0.06821952015161514,0.00535371620208025,0.0007593749999999997,1369,5611520,3562.409848618787,5611520,1.0,1e-06,1.0,4.364121559774503e-05,0.1436680555343628,3.877798008034006e-05,0.0,0.0,7.343377590179443,0.10000000149011612,0.15658044815063477,2.48697829246521,-0.5368282794952393,-0.8503469824790955,1.3481172323226929,0.0002909292234107852,0.0012833059299737215
13,2,0.2875317931175232,paper_sampled_policy_value_score,3.2901927625061944e-05,512,-0.6152260303497314,0.2832328677177429,-0.6316996216773987,-2.0096614360809326,0.021647658199071884,0.0,0.14778918800354002,0.27913546562194824,198.89,6.5,1584,3.46514892578125,0,0.1,0.10871177166700363,0.47225847840309143,1.3757503226316905,0.7021955957657114,deterministic_value_head_jacobian_b,torch.float64,1.0,3.776100014184059e-15,3.706222119778732e-14,symmetric_jacobi_cholesky_fp64,512,0.7114523649215698,0.002318290062248707,0.008062725886702538,0.030104637145996094,-0.045723237097263336,0.018625836819410324,0.14778918800354002,1379,5652480,3588.3931948896497,5652480,1.0,1e-06,0.1442939043045044,1.5289166185539216e-05,0.8441882729530334,0.0009431852959096432,0.0,0.0,4.193520545959473,0.10000000149011612,0.3391420245170593,2.491210699081421,-0.5226168036460876,-0.8933254480361938,1.5105711221694946,0.01871265284717083,0.06508029252290726
13,0,0.23390288650989532,paper_sampled_policy_value_score,1.1691541658365168e-05,512,-0.6696228384971619,0.27489009499549866,-0.637308657169342,-2.7593350410461426,0.049518320709466934,0.0,0.043789389038085935,0.18036049604415894,224.62,5.8,1583,0.5318359136581421,0,0.1,0.1370813101530075,0.06795219331979752,1.374973426403227,0.7022465508897252,deterministic_value_head_jacobian_b,torch.float64,1.0,3.868792941186274e-15,3.751700991691052e-14,symmetric_jacobi_cholesky_fp64,512,1.2060046195983887,0.005643372889608145,0.024126991629600525,0.030169133096933365,-0.07952582836151123,0.01591341942548752,0.043789389038085935,1389,5693440,3614.3864248809405,5693440,1.0,1e-06,0.9401378035545349,2.7612446501734667e-05,0.37462472915649414,0.0013935503084212542,0.0,0.0,2.054192543029785,0.1877971589565277,-0.18226252496242523,2.466726303100586,-0.46793821454048157,-0.9333239793777466,0.7334218621253967,0.016473760828375816,0.07042991369962692
14,2,0.24843740463256836,paper_sampled_policy_value_score,1.1617724339885172e-05,512,-0.6260836124420166,1.5123573541641235,-0.6356088519096375,-1.8871169090270996,0.016955489292740822,0.0,0.0001,0.21375159919261932,201.33,6.3,1586,0.44760724902153015,0,0.1,0.08674094080924988,0.2574988901615143,1.3680615857611926,0.886550839787182,deterministic_value_head_jacobian_b,torch.float64,1.0,1.425177550392631e-15,8.476909045698395e-15,symmetric_jacobi_cholesky_fp64,512,3.200641632080078,8.67459675646387e-06,3.4916629374492913e-05,0.044311705976724625,-0.020451847463846207,0.004588439594954252,0.0001,1399,5734400,3640.3484591417946,5734400,1.0,1e-06,1.0,1.064846492226934e-05,0.09179451316595078,4.092795279575512e-06,0.0,0.0,2.671146869659424,0.2358708530664444,-0.28339481353759766,2.464240789413452,-0.5046409964561462,-0.7087721228599548,0.6325709819793701,2.5843364710453898e-05,0.00010402364569017664
13,2,0.2117222100496292,paper_sampled_policy_value_score,7.461217319360003e-05,512,-0.6471638679504395,0.675121009349823,-0.6461024880409241,-2.256789445877075,0.02369542047381401,0.0,0.0057665039062500005,0.30638939142227173,227.44,5.5,1586,0.3392956554889679,0,0.1,0.11931703239679337,0.5845299959182739,1.367719929125927,0.7704691233608737,deterministic_value_head_jacobian_b,torch.float64,1.0,2.4045325979011215e-15,2.1042319038722834e-14,symmetric_jacobi_cholesky_fp64,512,4.146002292633057,0.0006880430737510324,0.0032497444190084934,0.21692822873592377,-0.17680248618125916,0.004733632318675518,0.0038443359375000003,1409,5775360,3666.343852791004,5775360,1.0,1e-06,1.0,9.566098742652684e-05,0.18597042560577393,0.00021119762095622718,0.0,0.0,1.9462608098983765,0.21648459136486053,0.10408177226781845,2.7045795917510986,-0.5327319502830505,-0.6599636673927307,1.0610978603363037,0.0015335602220147848,0.007243265863507986
13,0,0.2689771354198456,paper_sampled_policy_value_score,5.2454393880907446e-05,512,-0.6615588665008545,0.606889009475708,-0.6478434205055237,-2.662813901901245,0.040611278265714645,0.0,0.0001,0.266189306974411,75.49,7.1,1582,0.4158180356025696,0,0.1,0.12818895280361176,0.1066078320145607,1.371651709489614,0.6771147828539507,deterministic_value_head_jacobian_b,torch.float64,1.0,5.47673120029663e-15,6.281625936418449e-14,symmetric_jacobi_cholesky_fp64,512,1.3917139768600464,1.2819390576623846e-05,4.7659777919761837e-05,0.062333039939403534,-0.11685455590486526,0.013537995517253876,0.0001,1419,5816320,3692.376706779003,5816320,1.0,1e-06,1.0,6.632802978856489e-05,0.24203705787658691,3.633873802755261e-06,0.0,0.0,4.684401512145996,0.10000000149011612,0.46168380975723267,2.549431562423706,-0.1869661659002304,-0.6407141089439392,1.4714452028274536,3.626051329774782e-05,0.00013480889901984483
13,0,0.2812625467777252,paper_sampled_policy_value_score,4.406503649079241e-05,512,-0.6333091259002686,0.3965112566947937,-0.645331084728241,-1.6616294384002686,0.0304698683321476,0.0,0.0057665039062500005,0.2604738473892212,146.44,6.1,1576,0.7072702050209045,0,0.1,0.1534576267004013,0.42430317401885986,1.35830205406549,0.6608035574394204,deterministic_value_head_jacobian_b,torch.float64,1.0,4.8064700669209246e-15,5.204329557464408e-14,symmetric_jacobi_cholesky_fp64,512,3.287161350250244,0.0006255829357542098,0.002224195748567581,0.03490069508552551,-0.13198721408843994,0.013348476961255074,0.0057665039062500005,1429,5857280,3718.436257421039,5857280,1.0,1e-06,0.7069423794746399,2.8276957891648635e-05,0.2817240059375763,0.0001931117585627362,0.0,0.0,3.0353431701660156,0.27558788657188416,0.4208593964576721,2.4898829460144043,-0.22021208703517914,-0.676807701587677,1.5262703895568848,0.0016075971070677042,0.005715645849704742
14,0,0.23483014106750488,paper_sampled_policy_value_score,3.282815305283293e-05,512,-0.6644198894500732,0.15791963040828705,-0.643557071685791,-2.3856282234191895,0.032750654965639114,0.0,0.09852612533569335,0.3364551365375519,185.86,6.6,1582,0.9558812975883484,0,0.1,0.14362958073616028,0.15660828351974487,1.3626255554615079,0.6528156618681855,deterministic_value_head_jacobian_b,torch.float64,1.0,6.052712785546167e-15,5.1577686629461525e-14,symmetric_jacobi_cholesky_fp64,512,0.9777202010154724,0.0074022007174789906,0.0315215103328228,0.021971194073557854,-0.0808253288269043,0.009255018085241318,0.09852612533569335,1439,5898240,3744.4594940599054,5898240,1.0,1e-06,0.5230769515037537,3.9522332372143865e-05,0.3426011800765991,0.0015251500299200416,0.0,0.0,2.5430541038513184,0.24304595589637756,0.032277800142765045,2.5597171783447266,-0.5471898317337036,-0.6408545970916748,1.0746976137161255,0.019815385341644287,0.08438178151845932
14,0,0.23830313980579376,paper_sampled_policy_value_score,1.1887917935382575e-05,512,-0.6561300754547119,0.481464147567749,-0.6423228979110718,-2.7837188243865967,0.034174345433712006,0.0,0.019461950683593736,0.2624360918998718,143.24,5.7,1577,0.42754927277565,0,0.1,0.11543978750705719,0.09928244352340698,1.3613817996268727,0.6543225716705044,deterministic_value_head_jacobian_b,torch.float64,1.0,8.084008342754541e-15,7.539187897321454e-14,symmetric_jacobi_cholesky_fp64,512,1.877973198890686,0.0022466841619461775,0.009427840821444988,0.040469780564308167,-0.10545657575130463,0.008840048685669899,0.01297463378906249,1449,5939200,3770.4922688049264,5939200,1.0,1e-06,1.0,3.656693661469035e-05,0.2001967579126358,0.0009175441227853298,0.0,0.0,2.8946588039398193,0.10000000149011612,0.4126681685447693,2.517896890640259,-0.21032433211803436,-0.6850778460502625,1.4438296556472778,0.0058627682738006115,0.024602144956588745
10,0,0.41718730330467224,paper_sampled_policy_value_score,1.77367364813108e-05,512,-0.6591395139694214,-0.13771994411945343,-0.6476715207099915,-1.3548227548599243,0.012750746682286263,0.0,0.0007593749999999997,0.2807212769985199,105.33,6.6,1582,0.6404352784156799,0,0.1,0.07628525048494339,0.13201093673706055,1.345542657331094,0.6898101849300667,deterministic_value_head_jacobian_b,torch.float64,1.0,5.530448085720548e-15,3.41776781206504e-14,symmetric_jacobi_cholesky_fp64,512,2.374344825744629,4.5224875066196546e-05,0.00010840424511115998,0.05762689560651779,-0.12018238753080368,0.0034906023647636175,0.0005062499999999999,1459,5980160,3796.5309975477867,5980160,1.0,1e-06,0.7807177901268005,1.7196318367496133e-05,0.20118778944015503,2.820159170369152e-05,0.0,0.0,4.927556037902832,0.10000000149011612,0.5013205409049988,2.4722394943237305,-0.27888381481170654,-0.656695544719696,1.5147846937179565,0.00028092856518924236,0.0006733871414326131
