Setting seed: 3
Logging to logs/shared.ppo.karzmarz_False.resnet.dropout_0.0.damping_0.1.lr_0.001/starpilot-easy-0-10.20260721-003057_3
creating environment
Running on device: cuda:0
training...

Number of parameters: 938979.0

------------------------------------
| action_max            | 14       |
| action_min            | 0        |
| adv_avg               | -0.936   |
| adv_max               | 1.88     |
| adv_med               | -0.896   |
| adv_min               | -3.89    |
| adv_var               | 0.484    |
| clipfrac              | 0.262    |
| curr_lr               | 0.001    |
| entropy               | 2.55     |
| eplenmean             | 89.1     |
| eprewmean             | 1.92     |
| fps                   | 6.04e+03 |
| grad_norm             | 4.24     |
| kl                    | 0.0204   |
| loss_pi               | -0.0292  |
| loss_v                | 0.225    |
| lr                    | 0.001    |
| misc/nupdates         | 9        |
| misc/serial_timesteps | 4.1e+04  |
| misc/time_elapsed     | 7.18     |
| misc/total_timesteps  | 4.1e+04  |
| ratio_max             | 2.06     |
| ratio_min             | 0.457    |
| ret_avg               | 0.453    |
| ret_max               | 4.49     |
| ret_med               | 0.134    |
| ret_min               | -0.961   |
| ret_var               | 1.09     |
------------------------------------
------------------------------------
| action_max            | 14       |
| action_min            | 0        |
| adv_avg               | -0.93    |
| adv_max               | 1.14     |
| adv_med               | -0.912   |
| adv_min               | -4.38    |
| adv_var               | 0.3      |
| clipfrac              | 0.365    |
| curr_lr               | 0.001    |
| entropy               | 2.36     |
| eplenmean             | 98.5     |
| eprewmean             | 3.92     |
| fps                   | 6.07e+03 |
| grad_norm             | 1.6      |
| kl                    | 0.0285   |
| loss_pi               | -0.0452  |
| loss_v                | 0.155    |
| lr                    | 0.001    |
| misc/nupdates         | 19       |
| misc/serial_timesteps | 8.19e+04 |
| misc/time_elapsed     | 14       |
| misc/total_timesteps  | 8.19e+04 |
| ratio_max             | 2.53     |
| ratio_min             | 0.326    |
| ret_avg               | 0.551    |
| ret_max               | 4.34     |
| ret_med               | 0.0501   |
| ret_min               | -0.99    |
| ret_var               | 1.54     |
------------------------------------
------------------------------------
| action_max            | 14       |
| action_min            | 0        |
| adv_avg               | -1       |
| adv_max               | 1.48     |
| adv_med               | -1.03    |
| adv_min               | -3.76    |
| adv_var               | 0.298    |
| clipfrac              | 0.398    |
| curr_lr               | 0.001    |
| entropy               | 2.21     |
| eplenmean             | 105      |
| eprewmean             | 5        |
| fps                   | 5.98e+03 |
| grad_norm             | 1.63     |
| kl                    | 0.0293   |
| loss_pi               | -0.0626  |
| loss_v                | 0.123    |
| lr                    | 0.001    |
| misc/nupdates         | 29       |
| misc/serial_timesteps | 1.23e+05 |
| misc/time_elapsed     | 20.8     |
| misc/total_timesteps  | 1.23e+05 |
| ratio_max             | 2.22     |
| ratio_min             | 0.214    |
| ret_avg               | 0.613    |
| ret_max               | 4.74     |
| ret_med               | 0.358    |
| ret_min               | -1.09    |
| ret_var               | 1.4      |
------------------------------------
------------------------------------
| action_max            | 14       |
| action_min            | 0        |
| adv_avg               | -1.09    |
| adv_max               | 0.838    |
| adv_med               | -1.09    |
| adv_min               | -4.81    |
| adv_var               | 0.259    |
| clipfrac              | 0.375    |
| curr_lr               | 0.001    |
| entropy               | 2.07     |
| eplenmean             | 118      |
| eprewmean             | 7.19     |
| fps                   | 5.9e+03  |
| grad_norm             | 1.04     |
| kl                    | 0.0276   |
| loss_pi               | -0.0591  |
| loss_v                | 0.0929   |
| lr                    | 0.001    |
| misc/nupdates         | 39       |
| misc/serial_timesteps | 1.64e+05 |
| misc/time_elapsed     | 27.7     |
| misc/total_timesteps  | 1.64e+05 |
| ratio_max             | 2.04     |
| ratio_min             | 0.342    |
| ret_avg               | 0.951    |
| ret_max               | 4.58     |
| ret_med               | 1.04     |
| ret_min               | -1.24    |
| ret_var               | 1.4      |
------------------------------------
------------------------------------
| action_max            | 14       |
| action_min            | 0        |
| adv_avg               | -1.13    |
| adv_max               | 0.986    |
| adv_med               | -1.14    |
| adv_min               | -3.45    |
| adv_var               | 0.15     |
| clipfrac              | 0.414    |
| curr_lr               | 0.001    |
| entropy               | 1.97     |
| eplenmean             | 119      |
| eprewmean             | 7.48     |
| fps                   | 5.81e+03 |
| grad_norm             | 0.868    |
| kl                    | 0.0336   |
| loss_pi               | -0.0741  |
| loss_v                | 0.0507   |
| lr                    | 0.001    |
| misc/nupdates         | 49       |
| misc/serial_timesteps | 2.05e+05 |
| misc/time_elapsed     | 34.7     |
| misc/total_timesteps  | 2.05e+05 |
| ratio_max             | 3.81     |
| ratio_min             | 0.358    |
| ret_avg               | 0.649    |
| ret_max               | 3.48     |
| ret_med               | 0.519    |
| ret_min               | -1.18    |
| ret_var               | 1.51     |
------------------------------------
------------------------------------
| action_max            | 14       |
| action_min            | 0        |
| adv_avg               | -1.22    |
| adv_max               | 0.526    |
| adv_med               | -1.18    |
| adv_min               | -4.61    |
| adv_var               | 0.207    |
| clipfrac              | 0.463    |
| curr_lr               | 0.001    |
| entropy               | 1.82     |
| eplenmean             | 132      |
| eprewmean             | 9.28     |
| fps                   | 6.01e+03 |
| grad_norm             | 2.41     |
| kl                    | 0.0407   |
| loss_pi               | -0.0702  |
| loss_v                | 0.0802   |
| lr                    | 0.001    |
| misc/nupdates         | 59       |
| misc/serial_timesteps | 2.46e+05 |
| misc/time_elapsed     | 41.5     |
| misc/total_timesteps  | 2.46e+05 |
| ratio_max             | 2.64     |
| ratio_min             | 0.315    |
| ret_avg               | 0.945    |
| ret_max               | 4.91     |
| ret_med               | 0.726    |
| ret_min               | -1.2     |
| ret_var               | 2.17     |
------------------------------------
------------------------------------
| action_max            | 14       |
| action_min            | 0        |
| adv_avg               | -1.17    |
| adv_max               | 0.588    |
| adv_med               | -1.14    |
| adv_min               | -3.72    |
| adv_var               | 0.158    |
| clipfrac              | 0.463    |
| curr_lr               | 0.001    |
| entropy               | 1.8      |
| eplenmean             | 137      |
| eprewmean             | 9.45     |
| fps                   | 6.11e+03 |
| grad_norm             | 1.13     |
| kl                    | 0.0444   |
| loss_pi               | -0.0791  |
| loss_v                | 0.0572   |
| lr                    | 0.001    |
| misc/nupdates         | 69       |
| misc/serial_timesteps | 2.87e+05 |
| misc/time_elapsed     | 48.3     |
| misc/total_timesteps  | 2.87e+05 |
| ratio_max             | 2.47     |
| ratio_min             | 0.323    |
| ret_avg               | 0.894    |
| ret_max               | 3.69     |
| ret_med               | 0.789    |
| ret_min               | -1.21    |
| ret_var               | 1.5      |
------------------------------------
------------------------------------
| action_max            | 14       |
| action_min            | 0        |
| adv_avg               | -1.2     |
| adv_max               | 0.486    |
| adv_med               | -1.21    |
| adv_min               | -2.32    |
| adv_var               | 0.0995   |
| clipfrac              | 0.436    |
| curr_lr               | 0.001    |
| entropy               | 1.76     |
| eplenmean             | 149      |
| eprewmean             | 10.7     |
| fps                   | 6e+03    |
| grad_norm             | 0.985    |
| kl                    | 0.044    |
| loss_pi               | -0.0799  |
| loss_v                | 0.0333   |
| lr                    | 0.001    |
| misc/nupdates         | 79       |
| misc/serial_timesteps | 3.28e+05 |
| misc/time_elapsed     | 54.9     |
| misc/total_timesteps  | 3.28e+05 |
| ratio_max             | 2.14     |
| ratio_min             | 0.267    |
| ret_avg               | 0.576    |
| ret_max               | 3.81     |
| ret_med               | 0.504    |
| ret_min               | -1.2     |
| ret_var               | 1.21     |
------------------------------------
------------------------------------
| action_max            | 14       |
| action_min            | 0        |
| adv_avg               | -1.19    |
| adv_max               | 0.174    |
| adv_med               | -1.19    |
| adv_min               | -3.15    |
| adv_var               | 0.0827   |
| clipfrac              | 0.455    |
| curr_lr               | 0.001    |
| entropy               | 1.6      |
| eplenmean             | 144      |
| eprewmean             | 10.4     |
| fps                   | 5.96e+03 |
| grad_norm             | 1.92     |
| kl                    | 0.0562   |
| loss_pi               | -0.0738  |
| loss_v                | 0.0423   |
| lr                    | 0.001    |
| misc/nupdates         | 89       |
| misc/serial_timesteps | 3.69e+05 |
| misc/time_elapsed     | 61.7     |
| misc/total_timesteps  | 3.69e+05 |
| ratio_max             | 4.53     |
| ratio_min             | 0.0298   |
| ret_avg               | 0.399    |
| ret_max               | 3.57     |
| ret_med               | 0.352    |
| ret_min               | -1.23    |
| ret_var               | 1.16     |
------------------------------------
------------------------------------
| action_max            | 14       |
| action_min            | 0        |
| adv_avg               | -1.22    |
| adv_max               | -0.138   |
| adv_med               | -1.22    |
| adv_min               | -2.65    |
| adv_var               | 0.0533   |
| clipfrac              | 0.439    |
| curr_lr               | 0.001    |
| entropy               | 1.49     |
| eplenmean             | 142      |
| eprewmean             | 10.9     |
| fps                   | 5.9e+03  |
| grad_norm             | 0.873    |
| kl                    | 0.0517   |
| loss_pi               | -0.0836  |
| loss_v                | 0.0239   |
| lr                    | 0.001    |
| misc/nupdates         | 99       |
| misc/serial_timesteps | 4.1e+05  |
| misc/time_elapsed     | 68.6     |
| misc/total_timesteps  | 4.1e+05  |
| ratio_max             | 3.63     |
| ratio_min             | 0.193    |
| ret_avg               | 0.398    |
| ret_max               | 4.22     |
| ret_med               | 0.228    |
| ret_min               | -1.25    |
| ret_var               | 1.59     |
------------------------------------
------------------------------------
| action_max            | 14       |
| action_min            | 0        |
| adv_avg               | -1.17    |
| adv_max               | 0.0541   |
| adv_med               | -1.16    |
| adv_min               | -2.61    |
| adv_var               | 0.0914   |
| clipfrac              | 0.398    |
| curr_lr               | 0.001    |
| entropy               | 1.4      |
| eplenmean             | 153      |
| eprewmean             | 12.7     |
| fps                   | 5.94e+03 |
| grad_norm             | 1.43     |
| kl                    | 0.0415   |
| loss_pi               | -0.0857  |
| loss_v                | 0.0394   |
| lr                    | 0.001    |
| misc/nupdates         | 109      |
| misc/serial_timesteps | 4.51e+05 |
| misc/time_elapsed     | 75.4     |
| misc/total_timesteps  | 4.51e+05 |
| ratio_max             | 2.69     |
| ratio_min             | 0.0362   |
| ret_avg               | 0.471    |
| ret_max               | 4.25     |
| ret_med               | 0.386    |
| ret_min               | -1.22    |
| ret_var               | 1.48     |
------------------------------------
------------------------------------
| action_max            | 14       |
| action_min            | 0        |
| adv_avg               | -1.17    |
| adv_max               | -0.0714  |
| adv_med               | -1.17    |
| adv_min               | -2.65    |
| adv_var               | 0.0521   |
| clipfrac              | 0.398    |
| curr_lr               | 0.001    |
| entropy               | 1.34     |
| eplenmean             | 163      |
| eprewmean             | 13.3     |
| fps                   | 6.16e+03 |
| grad_norm             | 1.09     |
| kl                    | 0.045    |
| loss_pi               | -0.0647  |
| loss_v                | 0.0211   |
| lr                    | 0.001    |
| misc/nupdates         | 119      |
| misc/serial_timesteps | 4.92e+05 |
| misc/time_elapsed     | 82.2     |
| misc/total_timesteps  | 4.92e+05 |
| ratio_max             | 3.52     |
| ratio_min             | 0.142    |
| ret_avg               | 0.418    |
| ret_max               | 4.07     |
| ret_med               | 0.332    |
| ret_min               | -1.21    |
| ret_var               | 1.38     |
------------------------------------
------------------------------------
| action_max            | 14       |
| action_min            | 0        |
| adv_avg               | -1.19    |
| adv_max               | -0.29    |
| adv_med               | -1.19    |
| adv_min               | -2.42    |
| adv_var               | 0.0613   |
| clipfrac              | 0.428    |
| curr_lr               | 0.001    |
| entropy               | 1.17     |
| eplenmean             | 168      |
| eprewmean             | 12.7     |
| fps                   | 6.05e+03 |
| grad_norm             | 1.2      |
| kl                    | 0.0547   |
| loss_pi               | -0.067   |
| loss_v                | 0.0275   |
| lr                    | 0.001    |
| misc/nupdates         | 129      |
| misc/serial_timesteps | 5.32e+05 |
| misc/time_elapsed     | 89       |
| misc/total_timesteps  | 5.32e+05 |
| ratio_max             | 5.65     |
| ratio_min             | 0.146    |
| ret_avg               | 0.608    |
| ret_max               | 4.91     |
| ret_med               | 0.238    |
| ret_min               | -1.2     |
| ret_var               | 2.12     |
------------------------------------
------------------------------------
| action_max            | 14       |
| action_min            | 0        |
| adv_avg               | -1.19    |
| adv_max               | 0.0392   |
| adv_med               | -1.2     |
| adv_min               | -2.35    |
| adv_var               | 0.0635   |
| clipfrac              | 0.383    |
| curr_lr               | 0.001    |
| entropy               | 1.04     |
| eplenmean             | 167      |
| eprewmean             | 12.9     |
| fps                   | 6.02e+03 |
| grad_norm             | 1.65     |
| kl                    | 0.0645   |
| loss_pi               | -0.0772  |
| loss_v                | 0.0284   |
| lr                    | 0.001    |
| misc/nupdates         | 139      |
| misc/serial_timesteps | 5.73e+05 |
| misc/time_elapsed     | 95.7     |
| misc/total_timesteps  | 5.73e+05 |
| ratio_max             | 5.6      |
| ratio_min             | 0.035    |
| ret_avg               | 0.598    |
| ret_max               | 4.67     |
| ret_med               | 0.338    |
| ret_min               | -1.19    |
| ret_var               | 2.04     |
------------------------------------
------------------------------------
| action_max            | 14       |
| action_min            | 0        |
| adv_avg               | -1.19    |
| adv_max               | -0.35    |
| adv_med               | -1.16    |
| adv_min               | -2.54    |
| adv_var               | 0.0642   |
| clipfrac              | 0.42     |
| curr_lr               | 0.001    |
| entropy               | 1.2      |
| eplenmean             | 190      |
| eprewmean             | 15       |
| fps                   | 5.99e+03 |
| grad_norm             | 1.24     |
| kl                    | 0.0535   |
| loss_pi               | -0.0661  |
| loss_v                | 0.0372   |
| lr                    | 0.001    |
| misc/nupdates         | 149      |
| misc/serial_timesteps | 6.14e+05 |
| misc/time_elapsed     | 103      |
| misc/total_timesteps  | 6.14e+05 |
| ratio_max             | 5.9      |
| ratio_min             | 0.0368   |
| ret_avg               | 0.242    |
| ret_max               | 4.62     |
| ret_med               | 0.0509   |
| ret_min               | -1.18    |
| ret_var               | 1.56     |
------------------------------------
------------------------------------
| action_max            | 14       |
| action_min            | 0        |
| adv_avg               | -1.17    |
| adv_max               | -0.139   |
| adv_med               | -1.15    |
| adv_min               | -2.69    |
| adv_var               | 0.0714   |
| clipfrac              | 0.447    |
| curr_lr               | 0.001    |
| entropy               | 1.09     |
| eplenmean             | 162      |
| eprewmean             | 12.7     |
| fps                   | 5.76e+03 |
| grad_norm             | 0.865    |
| kl                    | 0.0652   |
| loss_pi               | -0.0754  |
| loss_v                | 0.027    |
| lr                    | 0.001    |
| misc/nupdates         | 159      |
| misc/serial_timesteps | 6.55e+05 |
| misc/time_elapsed     | 109      |
| misc/total_timesteps  | 6.55e+05 |
| ratio_max             | 103      |
| ratio_min             | 0.08     |
| ret_avg               | 0.529    |
| ret_max               | 5.09     |
| ret_med               | 0.38     |
| ret_min               | -1.17    |
| ret_var               | 1.77     |
------------------------------------
------------------------------------
| action_max            | 14       |
| action_min            | 0        |
| adv_avg               | -1.17    |
| adv_max               | 0.0745   |
| adv_med               | -1.16    |
| adv_min               | -2.37    |
| adv_var               | 0.0673   |
| clipfrac              | 0.416    |
| curr_lr               | 0.001    |
| entropy               | 1.16     |
| eplenmean             | 161      |
| eprewmean             | 13       |
| fps                   | 5.93e+03 |
| grad_norm             | 1.15     |
| kl                    | 0.0611   |
| loss_pi               | -0.0676  |
| loss_v                | 0.0273   |
| lr                    | 0.001    |
| misc/nupdates         | 169      |
| misc/serial_timesteps | 6.96e+05 |
| misc/time_elapsed     | 116      |
| misc/total_timesteps  | 6.96e+05 |
| ratio_max             | 3.77     |
| ratio_min             | 0.0172   |
| ret_avg               | 0.481    |
| ret_max               | 4.45     |
| ret_med               | 0.422    |
| ret_min               | -1.17    |
| ret_var               | 1.5      |
------------------------------------
------------------------------------
| action_max            | 14       |
| action_min            | 0        |
| adv_avg               | -1.2     |
| adv_max               | 0.555    |
| adv_med               | -1.17    |
| adv_min               | -3.57    |
| adv_var               | 0.132    |
| clipfrac              | 0.41     |
| curr_lr               | 0.001    |
| entropy               | 1.11     |
| eplenmean             | 181      |
| eprewmean             | 14.7     |
| fps                   | 5.94e+03 |
| grad_norm             | 0.737    |
| kl                    | 0.07     |
| loss_pi               | -0.0684  |
| loss_v                | 0.0405   |
| lr                    | 0.001    |
| misc/nupdates         | 179      |
| misc/serial_timesteps | 7.37e+05 |
| misc/time_elapsed     | 123      |
| misc/total_timesteps  | 7.37e+05 |
| ratio_max             | 3.56     |
| ratio_min             | 0.0547   |
| ret_avg               | 0.477    |
| ret_max               | 3.7      |
| ret_med               | 0.315    |
| ret_min               | -1.17    |
| ret_var               | 1.32     |
------------------------------------
------------------------------------
| action_max            | 14       |
| action_min            | 0        |
| adv_avg               | -1.16    |
| adv_max               | 0.126    |
| adv_med               | -1.16    |
| adv_min               | -5.39    |
| adv_var               | 0.0867   |
| clipfrac              | 0.436    |
| curr_lr               | 0.001    |
| entropy               | 1.08     |
| eplenmean             | 178      |
| eprewmean             | 13.7     |
| fps                   | 5.96e+03 |
| grad_norm             | 0.83     |
| kl                    | 0.0699   |
| loss_pi               | -0.0646  |
| loss_v                | 0.0423   |
| lr                    | 0.001    |
| misc/nupdates         | 189      |
| misc/serial_timesteps | 7.78e+05 |
| misc/time_elapsed     | 130      |
| misc/total_timesteps  | 7.78e+05 |
| ratio_max             | 5.39     |
| ratio_min             | 0.0989   |
| ret_avg               | 0.414    |
| ret_max               | 3.13     |
| ret_med               | 0.323    |
| ret_min               | -1.18    |
| ret_var               | 1.11     |
------------------------------------
------------------------------------
| action_max            | 14       |
| action_min            | 0        |
| adv_avg               | -1.19    |
| adv_max               | 0.469    |
| adv_med               | -1.18    |
| adv_min               | -3.15    |
| adv_var               | 0.0846   |
| clipfrac              | 0.426    |
| curr_lr               | 0.001    |
| entropy               | 1.12     |
| eplenmean             | 172      |
| eprewmean             | 12.7     |
| fps                   | 5.95e+03 |
| grad_norm             | 0.706    |
| kl                    | 0.0559   |
| loss_pi               | -0.0681  |
| loss_v                | 0.0287   |
| lr                    | 0.001    |
| misc/nupdates         | 199      |
| misc/serial_timesteps | 8.19e+05 |
| misc/time_elapsed     | 137      |
| misc/total_timesteps  | 8.19e+05 |
| ratio_max             | 5        |
| ratio_min             | 0.268    |
| ret_avg               | 0.319    |
| ret_max               | 2.73     |
| ret_med               | 0.201    |
| ret_min               | -1.19    |
| ret_var               | 1.18     |
------------------------------------
------------------------------------
| action_max            | 14       |
| action_min            | 0        |
| adv_avg               | -1.16    |
| adv_max               | 0.699    |
| adv_med               | -1.16    |
| adv_min               | -3.32    |
| adv_var               | 0.0894   |
| clipfrac              | 0.398    |
| curr_lr               | 0.001    |
| entropy               | 1.02     |
| eplenmean             | 193      |
| eprewmean             | 14.9     |
| fps                   | 6.02e+03 |
| grad_norm             | 0.798    |
| kl                    | 0.0727   |
| loss_pi               | -0.0719  |
| loss_v                | 0.0374   |
| lr                    | 0.001    |
| misc/nupdates         | 209      |
| misc/serial_timesteps | 8.6e+05  |
| misc/time_elapsed     | 144      |
| misc/total_timesteps  | 8.6e+05  |
| ratio_max             | 17.2     |
| ratio_min             | 0.0333   |
| ret_avg               | 0.431    |
| ret_max               | 3.62     |
| ret_med               | 0.126    |
| ret_min               | -1.19    |
| ret_var               | 1.59     |
------------------------------------
------------------------------------
| action_max            | 14       |
| action_min            | 0        |
| adv_avg               | -1.19    |
| adv_max               | 0.193    |
| adv_med               | -1.19    |
| adv_min               | -2.38    |
| adv_var               | 0.0689   |
| clipfrac              | 0.479    |
| curr_lr               | 0.001    |
| entropy               | 1.21     |
| eplenmean             | 183      |
| eprewmean             | 14.5     |
| fps                   | 6.04e+03 |
| grad_norm             | 0.938    |
| kl                    | 0.0691   |
| loss_pi               | -0.0848  |
| loss_v                | 0.0303   |
| lr                    | 0.001    |
| misc/nupdates         | 219      |
| misc/serial_timesteps | 9.01e+05 |
| misc/time_elapsed     | 151      |
| misc/total_timesteps  | 9.01e+05 |
| ratio_max             | 3.54     |
| ratio_min             | 0.11     |
| ret_avg               | 0.302    |
| ret_max               | 3.78     |
| ret_med               | 0.0416   |
| ret_min               | -1.2     |
| ret_var               | 1.48     |
------------------------------------
------------------------------------
| action_max            | 14       |
| action_min            | 0        |
| adv_avg               | -1.21    |
| adv_max               | 0.201    |
| adv_med               | -1.21    |
| adv_min               | -2.83    |
| adv_var               | 0.0868   |
| clipfrac              | 0.443    |
| curr_lr               | 0.001    |
| entropy               | 1.06     |
| eplenmean             | 185      |
| eprewmean             | 14.8     |
| fps                   | 6.01e+03 |
| grad_norm             | 1.2      |
| kl                    | 0.0621   |
| loss_pi               | -0.0756  |
| loss_v                | 0.0402   |
| lr                    | 0.001    |
| misc/nupdates         | 229      |
| misc/serial_timesteps | 9.42e+05 |
| misc/time_elapsed     | 158      |
| misc/total_timesteps  | 9.42e+05 |
| ratio_max             | 3.24     |
| ratio_min             | 0.0621   |
| ret_avg               | 0.478    |
| ret_max               | 4.04     |
| ret_med               | 0.154    |
| ret_min               | -1.21    |
| ret_var               | 1.75     |
------------------------------------
------------------------------------
| action_max            | 14       |
| action_min            | 0        |
| adv_avg               | -1.17    |
| adv_max               | -0.295   |
| adv_med               | -1.16    |
| adv_min               | -2.95    |
| adv_var               | 0.0529   |
| clipfrac              | 0.424    |
| curr_lr               | 0.001    |
| entropy               | 1.11     |
| eplenmean             | 210      |
| eprewmean             | 16.5     |
| fps                   | 5.97e+03 |
| grad_norm             | 0.903    |
| kl                    | 0.0678   |
| loss_pi               | -0.0756  |
| loss_v                | 0.0265   |
| lr                    | 0.001    |
| misc/nupdates         | 239      |
| misc/serial_timesteps | 9.83e+05 |
| misc/time_elapsed     | 165      |
| misc/total_timesteps  | 9.83e+05 |
| ratio_max             | 21.7     |
| ratio_min             | 0.0225   |
| ret_avg               | 0.23     |
| ret_max               | 4.22     |
| ret_med               | 0.128    |
| ret_min               | -1.21    |
| ret_var               | 1.14     |
------------------------------------
------------------------------------
| action_max            | 14       |
| action_min            | 0        |
| adv_avg               | -1.22    |
| adv_max               | 0.0745   |
| adv_med               | -1.21    |
| adv_min               | -3.56    |
| adv_var               | 0.0871   |
| clipfrac              | 0.406    |
| curr_lr               | 0.001    |
| entropy               | 1.06     |
| eplenmean             | 196      |
| eprewmean             | 16.2     |
| fps                   | 5.9e+03  |
| grad_norm             | 2.43     |
| kl                    | 0.0717   |
| loss_pi               | -0.0799  |
| loss_v                | 0.0424   |
| lr                    | 0.001    |
| misc/nupdates         | 249      |
| misc/serial_timesteps | 1.02e+06 |
| misc/time_elapsed     | 172      |
| misc/total_timesteps  | 1.02e+06 |
| ratio_max             | 3.08     |
| ratio_min             | 0.061    |
| ret_avg               | 0.566    |
| ret_max               | 3.94     |
| ret_med               | 0.384    |
| ret_min               | -1.21    |
| ret_var               | 1.48     |
------------------------------------
------------------------------------
| action_max            | 14       |
| action_min            | 0        |
| adv_avg               | -1.19    |
| adv_max               | 0.205    |
| adv_med               | -1.18    |
| adv_min               | -3.8     |
| adv_var               | 0.0792   |
| clipfrac              | 0.445    |
| curr_lr               | 0.001    |
| entropy               | 0.799    |
| eplenmean             | 188      |
| eprewmean             | 15.5     |
| fps                   | 6.2e+03  |
| grad_norm             | 1.62     |
| kl                    | 0.0904   |
| loss_pi               | -0.0793  |
| loss_v                | 0.0289   |
| lr                    | 0.001    |
| misc/nupdates         | 259      |
| misc/serial_timesteps | 1.06e+06 |
| misc/time_elapsed     | 178      |
| misc/total_timesteps  | 1.06e+06 |
| ratio_max             | 5.33     |
| ratio_min             | 0.0199   |
| ret_avg               | 0.797    |
| ret_max               | 4.38     |
| ret_med               | 0.727    |
| ret_min               | -1.22    |
| ret_var               | 1.4      |
------------------------------------
------------------------------------
| action_max            | 14       |
| action_min            | 0        |
| adv_avg               | -1.2     |
| adv_max               | 0.282    |
| adv_med               | -1.22    |
| adv_min               | -2.57    |
| adv_var               | 0.0699   |
| clipfrac              | 0.436    |
| curr_lr               | 0.001    |
| entropy               | 0.928    |
| eplenmean             | 203      |
| eprewmean             | 16.5     |
| fps                   | 6.04e+03 |
| grad_norm             | 0.966    |
| kl                    | 0.114    |
| loss_pi               | -0.0718  |
| loss_v                | 0.0252   |
| lr                    | 0.001    |
| misc/nupdates         | 269      |
| misc/serial_timesteps | 1.11e+06 |
| misc/time_elapsed     | 185      |
| misc/total_timesteps  | 1.11e+06 |
| ratio_max             | 28       |
| ratio_min             | 0.0102   |
| ret_avg               | 0.272    |
| ret_max               | 3.31     |
| ret_med               | 0.233    |
| ret_min               | -1.23    |
| ret_var               | 1.04     |
------------------------------------
------------------------------------
| action_max            | 14       |
| action_min            | 0        |
| adv_avg               | -1.24    |
| adv_max               | 0.0624   |
| adv_med               | -1.22    |
| adv_min               | -3.36    |
| adv_var               | 0.0725   |
| clipfrac              | 0.367    |
| curr_lr               | 0.001    |
| entropy               | 0.889    |
| eplenmean             | 205      |
| eprewmean             | 17.2     |
| fps                   | 6.21e+03 |
| grad_norm             | 1.09     |
| kl                    | 0.0714   |
| loss_pi               | -0.0574  |
| loss_v                | 0.0298   |
| lr                    | 0.001    |
| misc/nupdates         | 279      |
| misc/serial_timesteps | 1.15e+06 |
| misc/time_elapsed     | 192      |
| misc/total_timesteps  | 1.15e+06 |
| ratio_max             | 5.84     |
| ratio_min             | 0.118    |
| ret_avg               | 0.439    |
| ret_max               | 4.3      |
| ret_med               | 0.267    |
| ret_min               | -1.23    |
| ret_var               | 1.45     |
------------------------------------
------------------------------------
| action_max            | 14       |
| action_min            | 0        |
| adv_avg               | -1.22    |
| adv_max               | -0.519   |
| adv_med               | -1.22    |
| adv_min               | -2.82    |
| adv_var               | 0.058    |
| clipfrac              | 0.412    |
| curr_lr               | 0.001    |
| entropy               | 0.934    |
| eplenmean             | 190      |
| eprewmean             | 14.1     |
| fps                   | 6.08e+03 |
| grad_norm             | 0.667    |
| kl                    | 0.0804   |
| loss_pi               | -0.0673  |
| loss_v                | 0.0164   |
| lr                    | 0.001    |
| misc/nupdates         | 289      |
| misc/serial_timesteps | 1.19e+06 |
| misc/time_elapsed     | 198      |
| misc/total_timesteps  | 1.19e+06 |
| ratio_max             | 5.21     |
| ratio_min             | 0.0218   |
| ret_avg               | 0.151    |
| ret_max               | 2.63     |
| ret_med               | 0.198    |
| ret_min               | -1.23    |
| ret_var               | 0.966    |
------------------------------------
------------------------------------
| action_max            | 14       |
| action_min            | 0        |
| adv_avg               | -1.25    |
| adv_max               | -0.119   |
| adv_med               | -1.22    |
| adv_min               | -4.09    |
| adv_var               | 0.112    |
| clipfrac              | 0.375    |
| curr_lr               | 0.001    |
| entropy               | 0.911    |
| eplenmean             | 171      |
| eprewmean             | 13       |
| fps                   | 6.31e+03 |
| grad_norm             | 1.07     |
| kl                    | 0.111    |
| loss_pi               | -0.0567  |
| loss_v                | 0.0365   |
| lr                    | 0.001    |
| misc/nupdates         | 299      |
| misc/serial_timesteps | 1.23e+06 |
| misc/time_elapsed     | 205      |
| misc/total_timesteps  | 1.23e+06 |
| ratio_max             | 4.64     |
| ratio_min             | 0.00686  |
| ret_avg               | 0.0562   |
| ret_max               | 2.04     |
| ret_med               | -0.0569  |
| ret_min               | -1.24    |
| ret_var               | 0.813    |
------------------------------------
------------------------------------
| action_max            | 14       |
| action_min            | 0        |
| adv_avg               | -1.23    |
| adv_max               | 0.411    |
| adv_med               | -1.23    |
| adv_min               | -3.39    |
| adv_var               | 0.079    |
| clipfrac              | 0.42     |
| curr_lr               | 0.001    |
| entropy               | 0.831    |
| eplenmean             | 180      |
| eprewmean             | 14.2     |
| fps                   | 5.98e+03 |
| grad_norm             | 1.25     |
| kl                    | 0.0876   |
| loss_pi               | -0.0655  |
| loss_v                | 0.0352   |
| lr                    | 0.001    |
| misc/nupdates         | 309      |
| misc/serial_timesteps | 1.27e+06 |
| misc/time_elapsed     | 212      |
| misc/total_timesteps  | 1.27e+06 |
| ratio_max             | 8.08     |
| ratio_min             | 0.0177   |
| ret_avg               | 0.257    |
| ret_max               | 3.3      |
| ret_med               | 0.172    |
| ret_min               | -1.24    |
| ret_var               | 0.984    |
------------------------------------
------------------------------------
| action_max            | 14       |
| action_min            | 0        |
| adv_avg               | -1.25    |
| adv_max               | -0.417   |
| adv_med               | -1.26    |
| adv_min               | -2.59    |
| adv_var               | 0.0509   |
| clipfrac              | 0.43     |
| curr_lr               | 0.001    |
| entropy               | 0.95     |
| eplenmean             | 202      |
| eprewmean             | 16       |
| fps                   | 6.18e+03 |
| grad_norm             | 0.684    |
| kl                    | 0.0885   |
| loss_pi               | -0.0798  |
| loss_v                | 0.0249   |
| lr                    | 0.001    |
| misc/nupdates         | 319      |
| misc/serial_timesteps | 1.31e+06 |
| misc/time_elapsed     | 219      |
| misc/total_timesteps  | 1.31e+06 |
| ratio_max             | 6.53     |
| ratio_min             | 0.000661 |
| ret_avg               | 0.196    |
| ret_max               | 2.65     |
| ret_med               | 0.13     |
| ret_min               | -1.25    |
| ret_var               | 0.899    |
------------------------------------
------------------------------------
| action_max            | 14       |
| action_min            | 0        |
| adv_avg               | -1.3     |
| adv_max               | 0.527    |
| adv_med               | -1.28    |
| adv_min               | -2.82    |
| adv_var               | 0.096    |
| clipfrac              | 0.395    |
| curr_lr               | 0.001    |
| entropy               | 0.857    |
| eplenmean             | 211      |
| eprewmean             | 17       |
| fps                   | 5.99e+03 |
| grad_norm             | 0.74     |
| kl                    | 0.089    |
| loss_pi               | -0.0676  |
| loss_v                | 0.0353   |
| lr                    | 0.001    |
| misc/nupdates         | 329      |
| misc/serial_timesteps | 1.35e+06 |
| misc/time_elapsed     | 225      |
| misc/total_timesteps  | 1.35e+06 |
| ratio_max             | 5.06     |
| ratio_min             | 0.00247  |
| ret_avg               | 0.596    |
| ret_max               | 4.16     |
| ret_med               | 0.404    |
| ret_min               | -1.26    |
| ret_var               | 1.57     |
------------------------------------
------------------------------------
| action_max            | 14       |
| action_min            | 0        |
| adv_avg               | -1.26    |
| adv_max               | -0.119   |
| adv_med               | -1.23    |
| adv_min               | -3.77    |
| adv_var               | 0.0911   |
| clipfrac              | 0.414    |
| curr_lr               | 0.001    |
| entropy               | 0.908    |
| eplenmean             | 187      |
| eprewmean             | 14.3     |
| fps                   | 6.06e+03 |
| grad_norm             | 0.516    |
| kl                    | 0.0929   |
| loss_pi               | -0.0713  |
| loss_v                | 0.0285   |
| lr                    | 0.001    |
| misc/nupdates         | 339      |
| misc/serial_timesteps | 1.39e+06 |
| misc/time_elapsed     | 232      |
| misc/total_timesteps  | 1.39e+06 |
| ratio_max             | 7.38     |
| ratio_min             | 0.0273   |
| ret_avg               | 0.312    |
| ret_max               | 3.15     |
| ret_med               | 0.25     |
| ret_min               | -1.26    |
| ret_var               | 1.07     |
------------------------------------
------------------------------------
| action_max            | 14       |
| action_min            | 0        |
| adv_avg               | -1.27    |
| adv_max               | -0.616   |
| adv_med               | -1.26    |
| adv_min               | -2.19    |
| adv_var               | 0.0399   |
| clipfrac              | 0.471    |
| curr_lr               | 0.001    |
| entropy               | 0.865    |
| eplenmean             | 202      |
| eprewmean             | 16.4     |
| fps                   | 6.02e+03 |
| grad_norm             | 0.946    |
| kl                    | 0.1      |
| loss_pi               | -0.086   |
| loss_v                | 0.0213   |
| lr                    | 0.001    |
| misc/nupdates         | 349      |
| misc/serial_timesteps | 1.43e+06 |
| misc/time_elapsed     | 239      |
| misc/total_timesteps  | 1.43e+06 |
| ratio_max             | 6.75     |
| ratio_min             | 0.00288  |
| ret_avg               | 0.255    |
| ret_max               | 3.08     |
| ret_med               | 0.115    |
| ret_min               | -1.27    |
| ret_var               | 1.25     |
------------------------------------
------------------------------------
| action_max            | 14       |
| action_min            | 0        |
| adv_avg               | -1.25    |
| adv_max               | 0.0693   |
| adv_med               | -1.26    |
| adv_min               | -2.14    |
| adv_var               | 0.0382   |
| clipfrac              | 0.453    |
| curr_lr               | 0.001    |
| entropy               | 0.983    |
| eplenmean             | 196      |
| eprewmean             | 15.6     |
| fps                   | 6e+03    |
| grad_norm             | 0.844    |
| kl                    | 0.109    |
| loss_pi               | -0.0731  |
| loss_v                | 0.0188   |
| lr                    | 0.001    |
| misc/nupdates         | 359      |
| misc/serial_timesteps | 1.47e+06 |
| misc/time_elapsed     | 246      |
| misc/total_timesteps  | 1.47e+06 |
| ratio_max             | 35.9     |
| ratio_min             | 0.0389   |
| ret_avg               | 0.0197   |
| ret_max               | 2.73     |
| ret_med               | -0.169   |
| ret_min               | -1.32    |
| ret_var               | 0.986    |
------------------------------------
------------------------------------
| action_max            | 14       |
| action_min            | 0        |
| adv_avg               | -1.3     |
| adv_max               | -0.397   |
| adv_med               | -1.28    |
| adv_min               | -3.37    |
| adv_var               | 0.0617   |
| clipfrac              | 0.408    |
| curr_lr               | 0.001    |
| entropy               | 0.857    |
| eplenmean             | 198      |
| eprewmean             | 15.8     |
| fps                   | 5.95e+03 |
| grad_norm             | 0.675    |
| kl                    | 0.0915   |
| loss_pi               | -0.068   |
| loss_v                | 0.0234   |
| lr                    | 0.001    |
| misc/nupdates         | 369      |
| misc/serial_timesteps | 1.52e+06 |
| misc/time_elapsed     | 253      |
| misc/total_timesteps  | 1.52e+06 |
| ratio_max             | 5.07     |
| ratio_min             | 0.0667   |
| ret_avg               | 0.297    |
| ret_max               | 4.06     |
| ret_med               | 0.0717   |
| ret_min               | -1.28    |
| ret_var               | 1.64     |
------------------------------------
------------------------------------
| action_max            | 14       |
| action_min            | 0        |
| adv_avg               | -1.25    |
| adv_max               | -0.364   |
| adv_med               | -1.26    |
| adv_min               | -3.18    |
| adv_var               | 0.0433   |
| clipfrac              | 0.428    |
| curr_lr               | 0.001    |
| entropy               | 0.806    |
| eplenmean             | 217      |
| eprewmean             | 16.8     |
| fps                   | 6.02e+03 |
| grad_norm             | 0.741    |
| kl                    | 0.105    |
| loss_pi               | -0.0698  |
| loss_v                | 0.025    |
| lr                    | 0.001    |
| misc/nupdates         | 379      |
| misc/serial_timesteps | 1.56e+06 |
| misc/time_elapsed     | 260      |
| misc/total_timesteps  | 1.56e+06 |
| ratio_max             | 9.29     |
| ratio_min             | 0.00727  |
| ret_avg               | 0.195    |
| ret_max               | 3.05     |
| ret_med               | 0.169    |
| ret_min               | -1.27    |
| ret_var               | 1.01     |
------------------------------------
------------------------------------
| action_max            | 14       |
| action_min            | 0        |
| adv_avg               | -1.25    |
| adv_max               | -0.271   |
| adv_med               | -1.26    |
| adv_min               | -2.91    |
| adv_var               | 0.0461   |
| clipfrac              | 0.416    |
| curr_lr               | 0.001    |
| entropy               | 0.734    |
| eplenmean             | 232      |
| eprewmean             | 18.4     |
| fps                   | 6.03e+03 |
| grad_norm             | 0.618    |
| kl                    | 0.0924   |
| loss_pi               | -0.0687  |
| loss_v                | 0.0267   |
| lr                    | 0.001    |
| misc/nupdates         | 389      |
| misc/serial_timesteps | 1.6e+06  |
| misc/time_elapsed     | 266      |
| misc/total_timesteps  | 1.6e+06  |
| ratio_max             | 9.57     |
| ratio_min             | 0.00527  |
| ret_avg               | 0.235    |
| ret_max               | 2.9      |
| ret_med               | 0.129    |
| ret_min               | -1.27    |
| ret_var               | 0.895    |
------------------------------------
------------------------------------
| action_max            | 14       |
| action_min            | 0        |
| adv_avg               | -1.25    |
| adv_max               | 0.0262   |
| adv_med               | -1.25    |
| adv_min               | -2.94    |
| adv_var               | 0.0512   |
| clipfrac              | 0.439    |
| curr_lr               | 0.001    |
| entropy               | 0.812    |
| eplenmean             | 242      |
| eprewmean             | 19.8     |
| fps                   | 5.94e+03 |
| grad_norm             | 1.02     |
| kl                    | 0.0904   |
| loss_pi               | -0.0727  |
| loss_v                | 0.0286   |
| lr                    | 0.001    |
| misc/nupdates         | 399      |
| misc/serial_timesteps | 1.64e+06 |
| misc/time_elapsed     | 273      |
| misc/total_timesteps  | 1.64e+06 |
| ratio_max             | 4.92     |
| ratio_min             | 0.00173  |
| ret_avg               | 0.367    |
| ret_max               | 4.35     |
| ret_med               | -0.113   |
| ret_min               | -1.27    |
| ret_var               | 1.79     |
------------------------------------
------------------------------------
| action_max            | 14       |
| action_min            | 0        |
| adv_avg               | -1.27    |
| adv_max               | -0.0713  |
| adv_med               | -1.27    |
| adv_min               | -2.36    |
| adv_var               | 0.0637   |
| clipfrac              | 0.373    |
| curr_lr               | 0.001    |
| entropy               | 0.792    |
| eplenmean             | 228      |
| eprewmean             | 18.1     |
| fps                   | 6.04e+03 |
| grad_norm             | 1.09     |
| kl                    | 0.0921   |
| loss_pi               | -0.0351  |
| loss_v                | 0.0233   |
| lr                    | 0.001    |
| misc/nupdates         | 409      |
| misc/serial_timesteps | 1.68e+06 |
| misc/time_elapsed     | 280      |
| misc/total_timesteps  | 1.68e+06 |
| ratio_max             | 12.5     |
| ratio_min             | 0.0371   |
| ret_avg               | 0.68     |
| ret_max               | 4.31     |
| ret_med               | 0.321    |
| ret_min               | -1.27    |
| ret_var               | 2.2      |
------------------------------------
------------------------------------
| action_max            | 14       |
| action_min            | 0        |
| adv_avg               | -1.26    |
| adv_max               | -0.343   |
| adv_med               | -1.24    |
| adv_min               | -3.32    |
| adv_var               | 0.0585   |
| clipfrac              | 0.389    |
| curr_lr               | 0.001    |
| entropy               | 0.796    |
| eplenmean             | 236      |
| eprewmean             | 19.6     |
| fps                   | 5.98e+03 |
| grad_norm             | 0.961    |
| kl                    | 0.11     |
| loss_pi               | -0.0647  |
| loss_v                | 0.0364   |
| lr                    | 0.001    |
| misc/nupdates         | 419      |
| misc/serial_timesteps | 1.72e+06 |
| misc/time_elapsed     | 287      |
| misc/total_timesteps  | 1.72e+06 |
| ratio_max             | 6.55     |
| ratio_min             | 0.000984 |
| ret_avg               | 0.253    |
| ret_max               | 3.63     |
| ret_med               | -0.0459  |
| ret_min               | -1.26    |
| ret_var               | 1.33     |
------------------------------------
------------------------------------
| action_max            | 14       |
| action_min            | 0        |
| adv_avg               | -1.26    |
| adv_max               | -0.407   |
| adv_med               | -1.25    |
| adv_min               | -2.72    |
| adv_var               | 0.0491   |
| clipfrac              | 0.391    |
| curr_lr               | 0.001    |
| entropy               | 0.771    |
| eplenmean             | 214      |
| eprewmean             | 18       |
| fps                   | 6.18e+03 |
| grad_norm             | 0.723    |
| kl                    | 0.0966   |
| loss_pi               | -0.0718  |
| loss_v                | 0.0261   |
| lr                    | 0.001    |
| misc/nupdates         | 429      |
| misc/serial_timesteps | 1.76e+06 |
| misc/time_elapsed     | 293      |
| misc/total_timesteps  | 1.76e+06 |
| ratio_max             | 4.75     |
| ratio_min             | 0.00128  |
| ret_avg               | 0.442    |
| ret_max               | 4.82     |
| ret_med               | 0.172    |
| ret_min               | -1.26    |
| ret_var               | 1.87     |
------------------------------------
------------------------------------
| action_max            | 14       |
| action_min            | 0        |
| adv_avg               | -1.22    |
| adv_max               | -0.0465  |
| adv_med               | -1.23    |
| adv_min               | -2.34    |
| adv_var               | 0.046    |
| clipfrac              | 0.373    |
| curr_lr               | 0.001    |
| entropy               | 0.715    |
| eplenmean             | 214      |
| eprewmean             | 17.6     |
| fps                   | 6.06e+03 |
| grad_norm             | 0.689    |
| kl                    | 0.0991   |
| loss_pi               | -0.0716  |
| loss_v                | 0.0187   |
| lr                    | 0.001    |
| misc/nupdates         | 439      |
| misc/serial_timesteps | 1.8e+06  |
| misc/time_elapsed     | 300      |
| misc/total_timesteps  | 1.8e+06  |
| ratio_max             | 6.04     |
| ratio_min             | 0.00999  |
| ret_avg               | 0.527    |
| ret_max               | 4.6      |
| ret_med               | 0.523    |
| ret_min               | -1.26    |
| ret_var               | 1.74     |
------------------------------------
------------------------------------
| action_max            | 14       |
| action_min            | 0        |
| adv_avg               | -1.22    |
| adv_max               | 0.0424   |
| adv_med               | -1.23    |
| adv_min               | -2.16    |
| adv_var               | 0.049    |
| clipfrac              | 0.352    |
| curr_lr               | 0.001    |
| entropy               | 0.665    |
| eplenmean             | 250      |
| eprewmean             | 21.3     |
| fps                   | 5.96e+03 |
| grad_norm             | 1.78     |
| kl                    | 0.0885   |
| loss_pi               | -0.0669  |
| loss_v                | 0.0239   |
| lr                    | 0.001    |
| misc/nupdates         | 449      |
| misc/serial_timesteps | 1.84e+06 |
| misc/time_elapsed     | 307      |
| misc/total_timesteps  | 1.84e+06 |
| ratio_max             | 4.56     |
| ratio_min             | 0.021    |
| ret_avg               | 0.484    |
| ret_max               | 4.55     |
| ret_med               | 0.37     |
| ret_min               | -1.25    |
| ret_var               | 1.57     |
------------------------------------
------------------------------------
| action_max            | 14       |
| action_min            | 0        |
| adv_avg               | -1.24    |
| adv_max               | -0.303   |
| adv_med               | -1.24    |
| adv_min               | -2.12    |
| adv_var               | 0.0344   |
| clipfrac              | 0.42     |
| curr_lr               | 0.001    |
| entropy               | 0.857    |
| eplenmean             | 255      |
| eprewmean             | 21.5     |
| fps                   | 6.16e+03 |
| grad_norm             | 1.06     |
| kl                    | 0.118    |
| loss_pi               | -0.077   |
| loss_v                | 0.0178   |
| lr                    | 0.001    |
| misc/nupdates         | 459      |
| misc/serial_timesteps | 1.88e+06 |
| misc/time_elapsed     | 314      |
| misc/total_timesteps  | 1.88e+06 |
| ratio_max             | 15.5     |
| ratio_min             | 0.00285  |
| ret_avg               | 0.218    |
| ret_max               | 5.59     |
| ret_med               | 0.00375  |
| ret_min               | -1.25    |
| ret_var               | 1.51     |
------------------------------------
------------------------------------
| action_max            | 14       |
| action_min            | 0        |
| adv_avg               | -1.27    |
| adv_max               | -0.308   |
| adv_med               | -1.26    |
| adv_min               | -4.5     |
| adv_var               | 0.0909   |
| clipfrac              | 0.346    |
| curr_lr               | 0.001    |
| entropy               | 0.694    |
| eplenmean             | 229      |
| eprewmean             | 18.4     |
| fps                   | 5.98e+03 |
| grad_norm             | 0.785    |
| kl                    | 0.0837   |
| loss_pi               | -0.0414  |
| loss_v                | 0.0231   |
| lr                    | 0.001    |
| misc/nupdates         | 469      |
| misc/serial_timesteps | 1.93e+06 |
| misc/time_elapsed     | 321      |
| misc/total_timesteps  | 1.93e+06 |
| ratio_max             | 5.46     |
| ratio_min             | 0.00707  |
| ret_avg               | 0.483    |
| ret_max               | 4.72     |
| ret_med               | 0.16     |
| ret_min               | -1.24    |
| ret_var               | 2.17     |
------------------------------------
------------------------------------
| action_max            | 14       |
| action_min            | 0        |
| adv_avg               | -1.23    |
| adv_max               | 0.293    |
| adv_med               | -1.22    |
| adv_min               | -4.02    |
| adv_var               | 0.092    |
| clipfrac              | 0.369    |
| curr_lr               | 0.001    |
| entropy               | 0.625    |
| eplenmean             | 230      |
| eprewmean             | 19.2     |
| fps                   | 5.95e+03 |
| grad_norm             | 0.79     |
| kl                    | 0.113    |
| loss_pi               | -0.0565  |
| loss_v                | 0.0354   |
| lr                    | 0.001    |
| misc/nupdates         | 479      |
| misc/serial_timesteps | 1.97e+06 |
| misc/time_elapsed     | 328      |
| misc/total_timesteps  | 1.97e+06 |
| ratio_max             | 5.64     |
| ratio_min             | 0.00357  |
| ret_avg               | 0.661    |
| ret_max               | 3.79     |
| ret_med               | 0.553    |
| ret_min               | -1.24    |
| ret_var               | 1.46     |
------------------------------------
------------------------------------
| action_max            | 14       |
| action_min            | 0        |
| adv_avg               | -1.25    |
| adv_max               | 0.298    |
| adv_med               | -1.24    |
| adv_min               | -3.33    |
| adv_var               | 0.0871   |
| clipfrac              | 0.361    |
| curr_lr               | 0.001    |
| entropy               | 0.871    |
| eplenmean             | 253      |
| eprewmean             | 21.3     |
| fps                   | 5.94e+03 |
| grad_norm             | 1.46     |
| kl                    | 0.0774   |
| loss_pi               | -0.0572  |
| loss_v                | 0.0366   |
| lr                    | 0.001    |
| misc/nupdates         | 489      |
| misc/serial_timesteps | 2.01e+06 |
| misc/time_elapsed     | 335      |
| misc/total_timesteps  | 2.01e+06 |
| ratio_max             | 3.99     |
| ratio_min             | 0.00205  |
| ret_avg               | 0.625    |
| ret_max               | 3.88     |
| ret_med               | 0.476    |
| ret_min               | -1.24    |
| ret_var               | 1.79     |
------------------------------------
------------------------------------
| action_max            | 14       |
| action_min            | 0        |
| adv_avg               | -1.25    |
| adv_max               | -0.101   |
| adv_med               | -1.22    |
| adv_min               | -4.06    |
| adv_var               | 0.0946   |
| clipfrac              | 0.412    |
| curr_lr               | 0.001    |
| entropy               | 0.771    |
| eplenmean             | 225      |
| eprewmean             | 18.3     |
| fps                   | 5.93e+03 |
| grad_norm             | 0.711    |
| kl                    | 0.106    |
| loss_pi               | -0.0682  |
| loss_v                | 0.033    |
| lr                    | 0.001    |
| misc/nupdates         | 499      |
| misc/serial_timesteps | 2.05e+06 |
| misc/time_elapsed     | 342      |
| misc/total_timesteps  | 2.05e+06 |
| ratio_max             | 4.33     |
| ratio_min             | 3.07e-05 |
| ret_avg               | 0.501    |
| ret_max               | 3.84     |
| ret_med               | 0.366    |
| ret_min               | -1.24    |
| ret_var               | 1.63     |
------------------------------------
------------------------------------
| action_max            | 14       |
| action_min            | 0        |
| adv_avg               | -1.24    |
| adv_max               | 0.0573   |
| adv_med               | -1.24    |
| adv_min               | -2.4     |
| adv_var               | 0.0464   |
| clipfrac              | 0.406    |
| curr_lr               | 0.001    |
| entropy               | 0.709    |
| eplenmean             | 238      |
| eprewmean             | 19.6     |
| fps                   | 5.98e+03 |
| grad_norm             | 0.834    |
| kl                    | 0.106    |
| loss_pi               | -0.0657  |
| loss_v                | 0.0196   |
| lr                    | 0.001    |
| misc/nupdates         | 509      |
| misc/serial_timesteps | 2.09e+06 |
| misc/time_elapsed     | 348      |
| misc/total_timesteps  | 2.09e+06 |
| ratio_max             | 8.75     |
| ratio_min             | 0.0239   |
| ret_avg               | 0.386    |
| ret_max               | 4.16     |
| ret_med               | 0.19     |
| ret_min               | -1.24    |
| ret_var               | 1.3      |
------------------------------------
------------------------------------
| action_max            | 14       |
| action_min            | 0        |
| adv_avg               | -1.24    |
| adv_max               | 0.235    |
| adv_med               | -1.23    |
| adv_min               | -2.5     |
| adv_var               | 0.0491   |
| clipfrac              | 0.391    |
| curr_lr               | 0.001    |
| entropy               | 0.776    |
| eplenmean             | 239      |
| eprewmean             | 18.7     |
| fps                   | 6.22e+03 |
| grad_norm             | 0.847    |
| kl                    | 0.109    |
| loss_pi               | -0.0631  |
| loss_v                | 0.0236   |
| lr                    | 0.001    |
| misc/nupdates         | 519      |
| misc/serial_timesteps | 2.13e+06 |
| misc/time_elapsed     | 355      |
| misc/total_timesteps  | 2.13e+06 |
| ratio_max             | 280      |
| ratio_min             | 0.00447  |
| ret_avg               | 0.399    |
| ret_max               | 4.41     |
| ret_med               | -0.0191  |
| ret_min               | -1.24    |
| ret_var               | 1.83     |
------------------------------------
------------------------------------
| action_max            | 14       |
| action_min            | 0        |
| adv_avg               | -1.25    |
| adv_max               | -0.442   |
| adv_med               | -1.23    |
| adv_min               | -2.79    |
| adv_var               | 0.0488   |
| clipfrac              | 0.396    |
| curr_lr               | 0.001    |
| entropy               | 0.696    |
| eplenmean             | 222      |
| eprewmean             | 17.5     |
| fps                   | 6.01e+03 |
| grad_norm             | 0.891    |
| kl                    | 0.13     |
| loss_pi               | -0.0646  |
| loss_v                | 0.0212   |
| lr                    | 0.001    |
| misc/nupdates         | 529      |
| misc/serial_timesteps | 2.17e+06 |
| misc/time_elapsed     | 362      |
| misc/total_timesteps  | 2.17e+06 |
| ratio_max             | 8.01     |
| ratio_min             | 8e-05    |
| ret_avg               | 0.208    |
| ret_max               | 4.46     |
| ret_med               | -0.00217 |
| ret_min               | -1.24    |
| ret_var               | 1.51     |
------------------------------------
------------------------------------
| action_max            | 14       |
| action_min            | 0        |
| adv_avg               | -1.24    |
| adv_max               | 0.812    |
| adv_med               | -1.23    |
| adv_min               | -2.48    |
| adv_var               | 0.0513   |
| clipfrac              | 0.352    |
| curr_lr               | 0.001    |
| entropy               | 0.658    |
| eplenmean             | 237      |
| eprewmean             | 18.1     |
| fps                   | 6.32e+03 |
| grad_norm             | 0.959    |
| kl                    | 0.108    |
| loss_pi               | -0.0632  |
| loss_v                | 0.026    |
| lr                    | 0.001    |
| misc/nupdates         | 539      |
| misc/serial_timesteps | 2.21e+06 |
| misc/time_elapsed     | 369      |
| misc/total_timesteps  | 2.21e+06 |
| ratio_max             | 6.07     |
| ratio_min             | 0.00512  |
| ret_avg               | 0.299    |
| ret_max               | 3.8      |
| ret_med               | 0.121    |
| ret_min               | -1.24    |
| ret_var               | 1.19     |
------------------------------------
------------------------------------
| action_max            | 14       |
| action_min            | 0        |
| adv_avg               | -1.24    |
| adv_max               | -0.458   |
| adv_med               | -1.23    |
| adv_min               | -2.84    |
| adv_var               | 0.0414   |
| clipfrac              | 0.387    |
| curr_lr               | 0.001    |
| entropy               | 0.7      |
| eplenmean             | 216      |
| eprewmean             | 17.1     |
| fps                   | 6.22e+03 |
| grad_norm             | 0.651    |
| kl                    | 0.089    |
| loss_pi               | -0.0725  |
| loss_v                | 0.0198   |
| lr                    | 0.001    |
| misc/nupdates         | 549      |
| misc/serial_timesteps | 2.25e+06 |
| misc/time_elapsed     | 375      |
| misc/total_timesteps  | 2.25e+06 |
| ratio_max             | 5.01     |
| ratio_min             | 0.00803  |
| ret_avg               | 0.233    |
| ret_max               | 2.89     |
| ret_med               | 0.18     |
| ret_min               | -1.24    |
| ret_var               | 0.968    |
------------------------------------
------------------------------------
| action_max            | 14       |
| action_min            | 0        |
| adv_avg               | -1.22    |
| adv_max               | -0.0732  |
| adv_med               | -1.22    |
| adv_min               | -4.42    |
| adv_var               | 0.0752   |
| clipfrac              | 0.389    |
| curr_lr               | 0.001    |
| entropy               | 0.658    |
| eplenmean             | 200      |
| eprewmean             | 16.6     |
| fps                   | 6.08e+03 |
| grad_norm             | 0.781    |
| kl                    | 0.0995   |
| loss_pi               | -0.0737  |
| loss_v                | 0.0364   |
| lr                    | 0.001    |
| misc/nupdates         | 559      |
| misc/serial_timesteps | 2.29e+06 |
| misc/time_elapsed     | 382      |
| misc/total_timesteps  | 2.29e+06 |
| ratio_max             | 3.61     |
| ratio_min             | 0.05     |
| ret_avg               | 0.376    |
| ret_max               | 3.36     |
| ret_med               | 0.332    |
| ret_min               | -1.25    |
| ret_var               | 0.914    |
------------------------------------
------------------------------------
| action_max            | 14       |
| action_min            | 0        |
| adv_avg               | -1.21    |
| adv_max               | -0.0466  |
| adv_med               | -1.21    |
| adv_min               | -3       |
| adv_var               | 0.0591   |
| clipfrac              | 0.4      |
| curr_lr               | 0.001    |
| entropy               | 0.762    |
| eplenmean             | 238      |
| eprewmean             | 19.7     |
| fps                   | 5.92e+03 |
| grad_norm             | 0.773    |
| kl                    | 0.109    |
| loss_pi               | -0.0722  |
| loss_v                | 0.0303   |
| lr                    | 0.001    |
| misc/nupdates         | 569      |
| misc/serial_timesteps | 2.33e+06 |
| misc/time_elapsed     | 389      |
| misc/total_timesteps  | 2.33e+06 |
| ratio_max             | 34.6     |
| ratio_min             | 0.0181   |
| ret_avg               | 0.267    |
| ret_max               | 3.33     |
| ret_med               | 0.357    |
| ret_min               | -1.25    |
| ret_var               | 0.855    |
------------------------------------
------------------------------------
| action_max            | 14       |
| action_min            | 0        |
| adv_avg               | -1.24    |
| adv_max               | 0.432    |
| adv_med               | -1.23    |
| adv_min               | -3.3     |
| adv_var               | 0.0824   |
| clipfrac              | 0.352    |
| curr_lr               | 0.001    |
| entropy               | 0.646    |
| eplenmean             | 229      |
| eprewmean             | 18.5     |
| fps                   | 6.32e+03 |
| grad_norm             | 0.714    |
| kl                    | 0.0824   |
| loss_pi               | -0.0618  |
| loss_v                | 0.0322   |
| lr                    | 0.001    |
| misc/nupdates         | 579      |
| misc/serial_timesteps | 2.38e+06 |
| misc/time_elapsed     | 395      |
| misc/total_timesteps  | 2.38e+06 |
| ratio_max             | 3.99     |
| ratio_min             | 0.00169  |
| ret_avg               | 0.488    |
| ret_max               | 3.69     |
| ret_med               | 0.352    |
| ret_min               | -1.25    |
| ret_var               | 1.52     |
------------------------------------
------------------------------------
| action_max            | 14       |
| action_min            | 0        |
| adv_avg               | -1.23    |
| adv_max               | -0.188   |
| adv_med               | -1.22    |
| adv_min               | -2.4     |
| adv_var               | 0.041    |
| clipfrac              | 0.373    |
| curr_lr               | 0.001    |
| entropy               | 0.708    |
| eplenmean             | 210      |
| eprewmean             | 17       |
| fps                   | 5.92e+03 |
| grad_norm             | 0.673    |
| kl                    | 0.0965   |
| loss_pi               | -0.0651  |
| loss_v                | 0.0211   |
| lr                    | 0.001    |
| misc/nupdates         | 589      |
| misc/serial_timesteps | 2.42e+06 |
| misc/time_elapsed     | 402      |
| misc/total_timesteps  | 2.42e+06 |
| ratio_max             | 4.36     |
| ratio_min             | 0.0154   |
| ret_avg               | 0.0738   |
| ret_max               | 3.36     |
| ret_med               | -0.116   |
| ret_min               | -1.25    |
| ret_var               | 0.889    |
------------------------------------
------------------------------------
| action_max            | 14       |
| action_min            | 0        |
| adv_avg               | -1.23    |
| adv_max               | -0.285   |
| adv_med               | -1.23    |
| adv_min               | -3.14    |
| adv_var               | 0.0414   |
| clipfrac              | 0.307    |
| curr_lr               | 0.001    |
| entropy               | 0.63     |
| eplenmean             | 232      |
| eprewmean             | 18.9     |
| fps                   | 6.19e+03 |
| grad_norm             | 0.88     |
| kl                    | 0.101    |
| loss_pi               | -0.0473  |
| loss_v                | 0.0238   |
| lr                    | 0.001    |
| misc/nupdates         | 599      |
| misc/serial_timesteps | 2.46e+06 |
| misc/time_elapsed     | 409      |
| misc/total_timesteps  | 2.46e+06 |
| ratio_max             | 17.6     |
| ratio_min             | 0.000181 |
| ret_avg               | 0.548    |
| ret_max               | 4.04     |
| ret_med               | 0.112    |
| ret_min               | -1.25    |
| ret_var               | 2.22     |
------------------------------------
------------------------------------
| action_max            | 14       |
| action_min            | 0        |
| adv_avg               | -1.24    |
| adv_max               | -0.417   |
| adv_med               | -1.24    |
| adv_min               | -2.49    |
| adv_var               | 0.038    |
| clipfrac              | 0.354    |
| curr_lr               | 0.001    |
| entropy               | 0.681    |
| eplenmean             | 253      |
| eprewmean             | 20.6     |
| fps                   | 6.08e+03 |
| grad_norm             | 0.717    |
| kl                    | 0.11     |
| loss_pi               | -0.0543  |
| loss_v                | 0.0193   |
| lr                    | 0.001    |
| misc/nupdates         | 609      |
| misc/serial_timesteps | 2.5e+06  |
| misc/time_elapsed     | 415      |
| misc/total_timesteps  | 2.5e+06  |
| ratio_max             | 9.81     |
| ratio_min             | 0.00155  |
| ret_avg               | 0.166    |
| ret_max               | 4.05     |
| ret_med               | -0.0307  |
| ret_min               | -1.25    |
| ret_var               | 1.04     |
------------------------------------
------------------------------------
| action_max            | 14       |
| action_min            | 0        |
| adv_avg               | -1.24    |
| adv_max               | -0.446   |
| adv_med               | -1.23    |
| adv_min               | -2.41    |
| adv_var               | 0.0368   |
| clipfrac              | 0.424    |
| curr_lr               | 0.001    |
| entropy               | 0.712    |
| eplenmean             | 212      |
| eprewmean             | 16.4     |
| fps                   | 5.9e+03  |
| grad_norm             | 0.745    |
| kl                    | 0.125    |
| loss_pi               | -0.0792  |
| loss_v                | 0.0174   |
| lr                    | 0.001    |
| misc/nupdates         | 619      |
| misc/serial_timesteps | 2.54e+06 |
| misc/time_elapsed     | 422      |
| misc/total_timesteps  | 2.54e+06 |
| ratio_max             | 18.8     |
| ratio_min             | 0.0093   |
| ret_avg               | 0.0957   |
| ret_max               | 3.94     |
| ret_med               | -0.113   |
| ret_min               | -1.25    |
| ret_var               | 1.06     |
------------------------------------
------------------------------------
| action_max            | 14       |
| action_min            | 0        |
| adv_avg               | -1.26    |
| adv_max               | -0.226   |
| adv_med               | -1.23    |
| adv_min               | -2.96    |
| adv_var               | 0.0898   |
| clipfrac              | 0.344    |
| curr_lr               | 0.001    |
| entropy               | 0.659    |
| eplenmean             | 251      |
| eprewmean             | 19.8     |
| fps                   | 5.8e+03  |
| grad_norm             | 1.07     |
| kl                    | 0.0968   |
| loss_pi               | -0.0674  |
| loss_v                | 0.0406   |
| lr                    | 0.001    |
| misc/nupdates         | 629      |
| misc/serial_timesteps | 2.58e+06 |
| misc/time_elapsed     | 429      |
| misc/total_timesteps  | 2.58e+06 |
| ratio_max             | 6.29     |
| ratio_min             | 0.00277  |
| ret_avg               | 0.492    |
| ret_max               | 3.47     |
| ret_med               | 0.459    |
| ret_min               | -1.25    |
| ret_var               | 1.17     |
------------------------------------
------------------------------------
| action_max            | 14       |
| action_min            | 0        |
| adv_avg               | -1.24    |
| adv_max               | 0.566    |
| adv_med               | -1.23    |
| adv_min               | -2.63    |
| adv_var               | 0.0673   |
| clipfrac              | 0.311    |
| curr_lr               | 0.001    |
| entropy               | 0.759    |
| eplenmean             | 230      |
| eprewmean             | 18.3     |
| fps                   | 6.01e+03 |
| grad_norm             | 0.725    |
| kl                    | 0.0725   |
| loss_pi               | -0.0541  |
| loss_v                | 0.0258   |
| lr                    | 0.001    |
| misc/nupdates         | 639      |
| misc/serial_timesteps | 2.62e+06 |
| misc/time_elapsed     | 436      |
| misc/total_timesteps  | 2.62e+06 |
| ratio_max             | 25.4     |
| ratio_min             | 0.00637  |
| ret_avg               | 0.485    |
| ret_max               | 3.12     |
| ret_med               | 0.334    |
| ret_min               | -1.26    |
| ret_var               | 1.29     |
------------------------------------
------------------------------------
| action_max            | 14       |
| action_min            | 0        |
| adv_avg               | -1.25    |
| adv_max               | -0.159   |
| adv_med               | -1.25    |
| adv_min               | -3.35    |
| adv_var               | 0.0608   |
| clipfrac              | 0.416    |
| curr_lr               | 0.001    |
| entropy               | 0.75     |
| eplenmean             | 243      |
| eprewmean             | 19.4     |
| fps                   | 6.01e+03 |
| grad_norm             | 0.693    |
| kl                    | 0.103    |
| loss_pi               | -0.0695  |
| loss_v                | 0.0192   |
| lr                    | 0.001    |
| misc/nupdates         | 649      |
| misc/serial_timesteps | 2.66e+06 |
| misc/time_elapsed     | 443      |
| misc/total_timesteps  | 2.66e+06 |
| ratio_max             | 8.53     |
| ratio_min             | 0.0188   |
| ret_avg               | 0.222    |
| ret_max               | 2.55     |
| ret_med               | 0.207    |
| ret_min               | -1.26    |
| ret_var               | 0.882    |
------------------------------------
------------------------------------
| action_max            | 14       |
| action_min            | 0        |
| adv_avg               | -1.26    |
| adv_max               | -0.0985  |
| adv_med               | -1.24    |
| adv_min               | -2.64    |
| adv_var               | 0.0602   |
| clipfrac              | 0.416    |
| curr_lr               | 0.001    |
| entropy               | 0.802    |
| eplenmean             | 232      |
| eprewmean             | 18.2     |
| fps                   | 6.14e+03 |
| grad_norm             | 0.978    |
| kl                    | 0.105    |
| loss_pi               | -0.0718  |
| loss_v                | 0.0252   |
| lr                    | 0.001    |
| misc/nupdates         | 659      |
| misc/serial_timesteps | 2.7e+06  |
| misc/time_elapsed     | 450      |
| misc/total_timesteps  | 2.7e+06  |
| ratio_max             | 8.46     |
| ratio_min             | 0.0168   |
| ret_avg               | 0.278    |
| ret_max               | 3.69     |
| ret_med               | 0.076    |
| ret_min               | -1.26    |
| ret_var               | 1.25     |
------------------------------------
------------------------------------
| action_max            | 14       |
| action_min            | 0        |
| adv_avg               | -1.23    |
| adv_max               | -0.00109 |
| adv_med               | -1.23    |
| adv_min               | -2.66    |
| adv_var               | 0.0633   |
| clipfrac              | 0.395    |
| curr_lr               | 0.001    |
| entropy               | 0.725    |
| eplenmean             | 238      |
| eprewmean             | 18.5     |
| fps                   | 5.81e+03 |
| grad_norm             | 0.843    |
| kl                    | 0.0877   |
| loss_pi               | -0.0657  |
| loss_v                | 0.0341   |
| lr                    | 0.001    |
| misc/nupdates         | 669      |
| misc/serial_timesteps | 2.74e+06 |
| misc/time_elapsed     | 456      |
| misc/total_timesteps  | 2.74e+06 |
| ratio_max             | 7.96     |
| ratio_min             | 0.0292   |
| ret_avg               | 0.311    |
| ret_max               | 3.07     |
| ret_med               | 0.248    |
| ret_min               | -1.26    |
| ret_var               | 0.932    |
------------------------------------
------------------------------------
| action_max            | 14       |
| action_min            | 0        |
| adv_avg               | -1.24    |
| adv_max               | 0.292    |
| adv_med               | -1.24    |
| adv_min               | -2.68    |
| adv_var               | 0.0606   |
| clipfrac              | 0.346    |
| curr_lr               | 0.001    |
| entropy               | 0.623    |
| eplenmean             | 223      |
| eprewmean             | 17.6     |
| fps                   | 6.33e+03 |
| grad_norm             | 0.797    |
| kl                    | 0.0809   |
| loss_pi               | -0.0632  |
| loss_v                | 0.0265   |
| lr                    | 0.001    |
| misc/nupdates         | 679      |
| misc/serial_timesteps | 2.79e+06 |
| misc/time_elapsed     | 463      |
| misc/total_timesteps  | 2.79e+06 |
| ratio_max             | 5.37     |
| ratio_min             | 0.00995  |
| ret_avg               | 0.279    |
| ret_max               | 3.01     |
| ret_med               | 0.0687   |
| ret_min               | -1.27    |
| ret_var               | 1.11     |
------------------------------------
------------------------------------
| action_max            | 14       |
| action_min            | 0        |
| adv_avg               | -1.22    |
| adv_max               | -0.541   |
| adv_med               | -1.21    |
| adv_min               | -2.61    |
| adv_var               | 0.0439   |
| clipfrac              | 0.352    |
| curr_lr               | 0.001    |
| entropy               | 0.731    |
| eplenmean             | 225      |
| eprewmean             | 17.6     |
| fps                   | 6.03e+03 |
| grad_norm             | 0.963    |
| kl                    | 0.0786   |
| loss_pi               | -0.0537  |
| loss_v                | 0.0194   |
| lr                    | 0.001    |
| misc/nupdates         | 689      |
| misc/serial_timesteps | 2.83e+06 |
| misc/time_elapsed     | 470      |
| misc/total_timesteps  | 2.83e+06 |
| ratio_max             | 7        |
| ratio_min             | 0.0123   |
| ret_avg               | 0.301    |
| ret_max               | 3.72     |
| ret_med               | 0.348    |
| ret_min               | -1.27    |
| ret_var               | 0.989    |
------------------------------------
------------------------------------
| action_max            | 14       |
| action_min            | 0        |
| adv_avg               | -1.29    |
| adv_max               | -0.199   |
| adv_med               | -1.27    |
| adv_min               | -4.89    |
| adv_var               | 0.0673   |
| clipfrac              | 0.361    |
| curr_lr               | 0.001    |
| entropy               | 0.662    |
| eplenmean             | 234      |
| eprewmean             | 18.3     |
| fps                   | 5.95e+03 |
| grad_norm             | 1.1      |
| kl                    | 0.0805   |
| loss_pi               | -0.0606  |
| loss_v                | 0.0313   |
| lr                    | 0.001    |
| misc/nupdates         | 699      |
| misc/serial_timesteps | 2.87e+06 |
| misc/time_elapsed     | 477      |
| misc/total_timesteps  | 2.87e+06 |
| ratio_max             | 6.63     |
| ratio_min             | 0.0175   |
| ret_avg               | 0.5      |
| ret_max               | 3.92     |
| ret_med               | 0.153    |
| ret_min               | -1.27    |
| ret_var               | 1.78     |
------------------------------------
------------------------------------
| action_max            | 14       |
| action_min            | 0        |
| adv_avg               | -1.26    |
| adv_max               | -0.278   |
| adv_med               | -1.26    |
| adv_min               | -2.83    |
| adv_var               | 0.0509   |
| clipfrac              | 0.342    |
| curr_lr               | 0.001    |
| entropy               | 0.528    |
| eplenmean             | 229      |
| eprewmean             | 18.6     |
| fps                   | 6.06e+03 |
| grad_norm             | 0.664    |
| kl                    | 0.123    |
| loss_pi               | -0.068   |
| loss_v                | 0.0257   |
| lr                    | 0.001    |
| misc/nupdates         | 709      |
| misc/serial_timesteps | 2.91e+06 |
| misc/time_elapsed     | 483      |
| misc/total_timesteps  | 2.91e+06 |
| ratio_max             | 22.4     |
| ratio_min             | 0.000523 |
| ret_avg               | 0.671    |
| ret_max               | 3.77     |
| ret_med               | 0.56     |
| ret_min               | -1.27    |
| ret_var               | 1.36     |
------------------------------------
------------------------------------
| action_max            | 14       |
| action_min            | 0        |
| adv_avg               | -1.25    |
| adv_max               | -0.404   |
| adv_med               | -1.25    |
| adv_min               | -3.29    |
| adv_var               | 0.0479   |
| clipfrac              | 0.334    |
| curr_lr               | 0.001    |
| entropy               | 0.574    |
| eplenmean             | 263      |
| eprewmean             | 21.4     |
| fps                   | 5.93e+03 |
| grad_norm             | 0.552    |
| kl                    | 0.088    |
| loss_pi               | -0.0741  |
| loss_v                | 0.0177   |
| lr                    | 0.001    |
| misc/nupdates         | 719      |
| misc/serial_timesteps | 2.95e+06 |
| misc/time_elapsed     | 490      |
| misc/total_timesteps  | 2.95e+06 |
| ratio_max             | 5.28     |
| ratio_min             | 0.00162  |
| ret_avg               | 0.836    |
| ret_max               | 4.14     |
| ret_med               | 0.576    |
| ret_min               | -1.27    |
| ret_var               | 2.3      |
------------------------------------
------------------------------------
| action_max            | 14       |
| action_min            | 0        |
| adv_avg               | -1.24    |
| adv_max               | -0.468   |
| adv_med               | -1.23    |
| adv_min               | -2.08    |
| adv_var               | 0.0426   |
| clipfrac              | 0.377    |
| curr_lr               | 0.001    |
| entropy               | 0.658    |
| eplenmean             | 251      |
| eprewmean             | 22.7     |
| fps                   | 5.99e+03 |
| grad_norm             | 0.723    |
| kl                    | 0.0898   |
| loss_pi               | -0.07    |
| loss_v                | 0.0202   |
| lr                    | 0.001    |
| misc/nupdates         | 729      |
| misc/serial_timesteps | 2.99e+06 |
| misc/time_elapsed     | 497      |
| misc/total_timesteps  | 2.99e+06 |
| ratio_max             | 7.23     |
| ratio_min             | 0.05     |
| ret_avg               | 0.598    |
| ret_max               | 4.02     |
| ret_med               | 0.708    |
| ret_min               | -1.27    |
| ret_var               | 1.42     |
------------------------------------
------------------------------------
| action_max            | 14       |
| action_min            | 0        |
| adv_avg               | -1.27    |
| adv_max               | -0.5     |
| adv_med               | -1.25    |
| adv_min               | -4.81    |
| adv_var               | 0.0641   |
| clipfrac              | 0.369    |
| curr_lr               | 0.001    |
| entropy               | 0.674    |
| eplenmean             | 215      |
| eprewmean             | 18.8     |
| fps                   | 5.95e+03 |
| grad_norm             | 1.01     |
| kl                    | 0.0762   |
| loss_pi               | -0.0705  |
| loss_v                | 0.0333   |
| lr                    | 0.001    |
| misc/nupdates         | 739      |
| misc/serial_timesteps | 3.03e+06 |
| misc/time_elapsed     | 504      |
| misc/total_timesteps  | 3.03e+06 |
| ratio_max             | 5.94     |
| ratio_min             | 0.0144   |
| ret_avg               | 0.547    |
| ret_max               | 3.75     |
| ret_med               | 0.475    |
| ret_min               | -1.27    |
| ret_var               | 1.59     |
------------------------------------
------------------------------------
| action_max            | 14       |
| action_min            | 0        |
| adv_avg               | -1.26    |
| adv_max               | -0.316   |
| adv_med               | -1.26    |
| adv_min               | -2.14    |
| adv_var               | 0.0363   |
| clipfrac              | 0.352    |
| curr_lr               | 0.001    |
| entropy               | 0.6      |
| eplenmean             | 251      |
| eprewmean             | 22.4     |
| fps                   | 6.21e+03 |
| grad_norm             | 0.715    |
| kl                    | 0.103    |
| loss_pi               | -0.0612  |
| loss_v                | 0.0201   |
| lr                    | 0.001    |
| misc/nupdates         | 749      |
| misc/serial_timesteps | 3.07e+06 |
| misc/time_elapsed     | 511      |
| misc/total_timesteps  | 3.07e+06 |
| ratio_max             | 11.2     |
| ratio_min             | 0.00172  |
| ret_avg               | 0.613    |
| ret_max               | 3.65     |
| ret_med               | 0.585    |
| ret_min               | -1.27    |
| ret_var               | 1.62     |
------------------------------------
------------------------------------
| action_max            | 14       |
| action_min            | 0        |
| adv_avg               | -1.28    |
| adv_max               | -0.462   |
| adv_med               | -1.26    |
| adv_min               | -2.84    |
| adv_var               | 0.0487   |
| clipfrac              | 0.357    |
| curr_lr               | 0.001    |
| entropy               | 0.656    |
| eplenmean             | 271      |
| eprewmean             | 22.8     |
| fps                   | 6.22e+03 |
| grad_norm             | 1.05     |
| kl                    | 0.218    |
| loss_pi               | -0.0509  |
| loss_v                | 0.0195   |
| lr                    | 0.001    |
| misc/nupdates         | 759      |
| misc/serial_timesteps | 3.11e+06 |
| misc/time_elapsed     | 517      |
| misc/total_timesteps  | 3.11e+06 |
| ratio_max             | 6.1      |
| ratio_min             | 1.46e-09 |
| ret_avg               | 0.245    |
| ret_max               | 4.74     |
| ret_med               | 0.0912   |
| ret_min               | -1.27    |
| ret_var               | 1.21     |
------------------------------------
------------------------------------
| action_max            | 14       |
| action_min            | 0        |
| adv_avg               | -1.28    |
| adv_max               | -0.087   |
| adv_med               | -1.27    |
| adv_min               | -4.45    |
| adv_var               | 0.0963   |
| clipfrac              | 0.314    |
| curr_lr               | 0.001    |
| entropy               | 0.737    |
| eplenmean             | 234      |
| eprewmean             | 18.4     |
| fps                   | 6.13e+03 |
| grad_norm             | 0.768    |
| kl                    | 0.0851   |
| loss_pi               | -0.0556  |
| loss_v                | 0.0285   |
| lr                    | 0.001    |
| misc/nupdates         | 769      |
| misc/serial_timesteps | 3.15e+06 |
| misc/time_elapsed     | 524      |
| misc/total_timesteps  | 3.15e+06 |
| ratio_max             | 45.2     |
| ratio_min             | 0.00403  |
| ret_avg               | 0.148    |
| ret_max               | 3.01     |
| ret_med               | -0.0569  |
| ret_min               | -1.27    |
| ret_var               | 1.02     |
------------------------------------
------------------------------------
| action_max            | 14       |
| action_min            | 0        |
| adv_avg               | -1.26    |
| adv_max               | -0.11    |
| adv_med               | -1.24    |
| adv_min               | -3.61    |
| adv_var               | 0.0801   |
| clipfrac              | 0.348    |
| curr_lr               | 0.001    |
| entropy               | 0.673    |
| eplenmean             | 239      |
| eprewmean             | 19.5     |
| fps                   | 6.21e+03 |
| grad_norm             | 1.05     |
| kl                    | 0.113    |
| loss_pi               | -0.0527  |
| loss_v                | 0.0287   |
| lr                    | 0.001    |
| misc/nupdates         | 779      |
| misc/serial_timesteps | 3.19e+06 |
| misc/time_elapsed     | 530      |
| misc/total_timesteps  | 3.19e+06 |
| ratio_max             | 9.42     |
| ratio_min             | 0.000921 |
| ret_avg               | 0.539    |
| ret_max               | 2.88     |
| ret_med               | 0.572    |
| ret_min               | -1.28    |
| ret_var               | 1.28     |
------------------------------------
------------------------------------
| action_max            | 14       |
| action_min            | 0        |
| adv_avg               | -1.27    |
| adv_max               | 0.144    |
| adv_med               | -1.27    |
| adv_min               | -2.39    |
| adv_var               | 0.0435   |
| clipfrac              | 0.361    |
| curr_lr               | 0.001    |
| entropy               | 0.673    |
| eplenmean             | 236      |
| eprewmean             | 20.2     |
| fps                   | 6.18e+03 |
| grad_norm             | 0.774    |
| kl                    | 0.102    |
| loss_pi               | -0.0552  |
| loss_v                | 0.0187   |
| lr                    | 0.001    |
| misc/nupdates         | 789      |
| misc/serial_timesteps | 3.24e+06 |
| misc/time_elapsed     | 537      |
| misc/total_timesteps  | 3.24e+06 |
| ratio_max             | 8.79     |
| ratio_min             | 0.0157   |
| ret_avg               | 0.469    |
| ret_max               | 2.95     |
| ret_med               | 0.225    |
| ret_min               | -1.28    |
| ret_var               | 1.26     |
------------------------------------
------------------------------------
| action_max            | 14       |
| action_min            | 0        |
| adv_avg               | -1.26    |
| adv_max               | -0.382   |
| adv_med               | -1.25    |
| adv_min               | -3.44    |
| adv_var               | 0.06     |
| clipfrac              | 0.373    |
| curr_lr               | 0.001    |
| entropy               | 0.781    |
| eplenmean             | 240      |
| eprewmean             | 20.6     |
| fps                   | 6.12e+03 |
| grad_norm             | 1.31     |
| kl                    | 0.11     |
| loss_pi               | -0.0615  |
| loss_v                | 0.0208   |
| lr                    | 0.001    |
| misc/nupdates         | 799      |
| misc/serial_timesteps | 3.28e+06 |
| misc/time_elapsed     | 544      |
| misc/total_timesteps  | 3.28e+06 |
| ratio_max             | 10.5     |
| ratio_min             | 0.00936  |
| ret_avg               | 0.445    |
| ret_max               | 3.82     |
| ret_med               | 0.467    |
| ret_min               | -1.28    |
| ret_var               | 1.35     |
------------------------------------
------------------------------------
| action_max            | 14       |
| action_min            | 0        |
| adv_avg               | -1.25    |
| adv_max               | 0.151    |
| adv_med               | -1.26    |
| adv_min               | -2.33    |
| adv_var               | 0.0432   |
| clipfrac              | 0.359    |
| curr_lr               | 0.001    |
| entropy               | 0.599    |
| eplenmean             | 263      |
| eprewmean             | 21.9     |
| fps                   | 6.24e+03 |
| grad_norm             | 1.21     |
| kl                    | 0.0934   |
| loss_pi               | -0.0609  |
| loss_v                | 0.0217   |
| lr                    | 0.001    |
| misc/nupdates         | 809      |
| misc/serial_timesteps | 3.32e+06 |
| misc/time_elapsed     | 550      |
| misc/total_timesteps  | 3.32e+06 |
| ratio_max             | 8.65     |
| ratio_min             | 0.0101   |
| ret_avg               | 0.697    |
| ret_max               | 4.34     |
| ret_med               | 0.67     |
| ret_min               | -1.28    |
| ret_var               | 1.78     |
------------------------------------
------------------------------------
| action_max            | 14       |
| action_min            | 0        |
| adv_avg               | -1.3     |
| adv_max               | -0.272   |
| adv_med               | -1.28    |
| adv_min               | -2.81    |
| adv_var               | 0.0645   |
| clipfrac              | 0.342    |
| curr_lr               | 0.001    |
| entropy               | 0.677    |
| eplenmean             | 229      |
| eprewmean             | 19       |
| fps                   | 6.19e+03 |
| grad_norm             | 0.866    |
| kl                    | 0.105    |
| loss_pi               | -0.0495  |
| loss_v                | 0.0242   |
| lr                    | 0.001    |
| misc/nupdates         | 819      |
| misc/serial_timesteps | 3.36e+06 |
| misc/time_elapsed     | 557      |
| misc/total_timesteps  | 3.36e+06 |
| ratio_max             | 16.7     |
| ratio_min             | 0.00298  |
| ret_avg               | 0.476    |
| ret_max               | 3.74     |
| ret_med               | 0.472    |
| ret_min               | -1.28    |
| ret_var               | 1.59     |
------------------------------------
------------------------------------
| action_max            | 14       |
| action_min            | 0        |
| adv_avg               | -1.25    |
| adv_max               | 0.0605   |
| adv_med               | -1.26    |
| adv_min               | -2.7     |
| adv_var               | 0.0571   |
| clipfrac              | 0.367    |
| curr_lr               | 0.001    |
| entropy               | 0.618    |
| eplenmean             | 259      |
| eprewmean             | 23.5     |
| fps                   | 6.15e+03 |
| grad_norm             | 0.855    |
| kl                    | 0.114    |
| loss_pi               | -0.0629  |
| loss_v                | 0.0296   |
| lr                    | 0.001    |
| misc/nupdates         | 829      |
| misc/serial_timesteps | 3.4e+06  |
| misc/time_elapsed     | 564      |
| misc/total_timesteps  | 3.4e+06  |
| ratio_max             | 6.96     |
| ratio_min             | 0.0377   |
| ret_avg               | 0.597    |
| ret_max               | 3.41     |
| ret_med               | 0.541    |
| ret_min               | -1.28    |
| ret_var               | 1.31     |
------------------------------------
------------------------------------
| action_max            | 14       |
| action_min            | 0        |
| adv_avg               | -1.27    |
| adv_max               | 0.431    |
| adv_med               | -1.27    |
| adv_min               | -2.59    |
| adv_var               | 0.0445   |
| clipfrac              | 0.324    |
| curr_lr               | 0.001    |
| entropy               | 0.498    |
| eplenmean             | 239      |
| eprewmean             | 20.8     |
| fps                   | 5.98e+03 |
| grad_norm             | 0.663    |
| kl                    | 0.101    |
| loss_pi               | -0.0603  |
| loss_v                | 0.0204   |
| lr                    | 0.001    |
| misc/nupdates         | 839      |
| misc/serial_timesteps | 3.44e+06 |
| misc/time_elapsed     | 570      |
| misc/total_timesteps  | 3.44e+06 |
| ratio_max             | 6.65     |
| ratio_min             | 0.00763  |
| ret_avg               | 0.893    |
| ret_max               | 4.78     |
| ret_med               | 0.885    |
| ret_min               | -1.28    |
| ret_var               | 1.95     |
------------------------------------
------------------------------------
| action_max            | 14       |
| action_min            | 0        |
| adv_avg               | -1.25    |
| adv_max               | 0.0694   |
| adv_med               | -1.26    |
| adv_min               | -3.06    |
| adv_var               | 0.0695   |
| clipfrac              | 0.369    |
| curr_lr               | 0.001    |
| entropy               | 0.725    |
| eplenmean             | 243      |
| eprewmean             | 21.6     |
| fps                   | 5.99e+03 |
| grad_norm             | 0.898    |
| kl                    | 0.111    |
| loss_pi               | -0.0625  |
| loss_v                | 0.0228   |
| lr                    | 0.001    |
| misc/nupdates         | 849      |
| misc/serial_timesteps | 3.48e+06 |
| misc/time_elapsed     | 577      |
| misc/total_timesteps  | 3.48e+06 |
| ratio_max             | 8.2      |
| ratio_min             | 3.08e-05 |
| ret_avg               | 0.45     |
| ret_max               | 3.08     |
| ret_med               | 0.389    |
| ret_min               | -1.28    |
| ret_var               | 1.05     |
------------------------------------
------------------------------------
| action_max            | 14       |
| action_min            | 0        |
| adv_avg               | -1.26    |
| adv_max               | -0.37    |
| adv_med               | -1.26    |
| adv_min               | -3.46    |
| adv_var               | 0.052    |
| clipfrac              | 0.391    |
| curr_lr               | 0.001    |
| entropy               | 0.764    |
| eplenmean             | 248      |
| eprewmean             | 21.7     |
| fps                   | 5.89e+03 |
| grad_norm             | 0.932    |
| kl                    | 0.0935   |
| loss_pi               | -0.0717  |
| loss_v                | 0.0227   |
| lr                    | 0.001    |
| misc/nupdates         | 859      |
| misc/serial_timesteps | 3.52e+06 |
| misc/time_elapsed     | 584      |
| misc/total_timesteps  | 3.52e+06 |
| ratio_max             | 7.05     |
| ratio_min             | 0.0355   |
| ret_avg               | 0.504    |
| ret_max               | 3.74     |
| ret_med               | 0.567    |
| ret_min               | -1.28    |
| ret_var               | 1.24     |
------------------------------------
------------------------------------
| action_max            | 14       |
| action_min            | 0        |
| adv_avg               | -1.27    |
| adv_max               | 0.0206   |
| adv_med               | -1.27    |
| adv_min               | -2.25    |
| adv_var               | 0.0483   |
| clipfrac              | 0.387    |
| curr_lr               | 0.001    |
| entropy               | 0.75     |
| eplenmean             | 246      |
| eprewmean             | 21.2     |
| fps                   | 6.01e+03 |
| grad_norm             | 0.868    |
| kl                    | 0.114    |
| loss_pi               | -0.0553  |
| loss_v                | 0.0208   |
| lr                    | 0.001    |
| misc/nupdates         | 869      |
| misc/serial_timesteps | 3.56e+06 |
| misc/time_elapsed     | 591      |
| misc/total_timesteps  | 3.56e+06 |
| ratio_max             | 7.14     |
| ratio_min             | 0.000641 |
| ret_avg               | 0.361    |
| ret_max               | 4.79     |
| ret_med               | 0.249    |
| ret_min               | -1.28    |
| ret_var               | 1.43     |
------------------------------------
------------------------------------
| action_max            | 14       |
| action_min            | 0        |
| adv_avg               | -1.36    |
| adv_max               | 0.072    |
| adv_med               | -1.29    |
| adv_min               | -3.96    |
| adv_var               | 0.125    |
| clipfrac              | 0.328    |
| curr_lr               | 0.001    |
| entropy               | 0.707    |
| eplenmean             | 242      |
| eprewmean             | 21.3     |
| fps                   | 6.04e+03 |
| grad_norm             | 1.06     |
| kl                    | 0.11     |
| loss_pi               | -0.0392  |
| loss_v                | 0.0323   |
| lr                    | 0.001    |
| misc/nupdates         | 879      |
| misc/serial_timesteps | 3.6e+06  |
| misc/time_elapsed     | 598      |
| misc/total_timesteps  | 3.6e+06  |
| ratio_max             | 4.6      |
| ratio_min             | 0.000413 |
| ret_avg               | 0.119    |
| ret_max               | 2.93     |
| ret_med               | -0.0264  |
| ret_min               | -1.28    |
| ret_var               | 0.916    |
------------------------------------
------------------------------------
| action_max            | 14       |
| action_min            | 0        |
| adv_avg               | -1.22    |
| adv_max               | 0.37     |
| adv_med               | -1.27    |
| adv_min               | -3.14    |
| adv_var               | 0.0961   |
| clipfrac              | 0.297    |
| curr_lr               | 0.001    |
| entropy               | 0.635    |
| eplenmean             | 240      |
| eprewmean             | 19.9     |
| fps                   | 6.28e+03 |
| grad_norm             | 0.623    |
| kl                    | 0.0882   |
| loss_pi               | -0.0545  |
| loss_v                | 0.0209   |
| lr                    | 0.001    |
| misc/nupdates         | 889      |
| misc/serial_timesteps | 3.65e+06 |
| misc/time_elapsed     | 605      |
| misc/total_timesteps  | 3.65e+06 |
| ratio_max             | 4.9      |
| ratio_min             | 0.0196   |
| ret_avg               | 0.717    |
| ret_max               | 3.36     |
| ret_med               | 0.838    |
| ret_min               | -1.28    |
| ret_var               | 1.56     |
------------------------------------
------------------------------------
| action_max            | 14       |
| action_min            | 0        |
| adv_avg               | -1.29    |
| adv_max               | -0.203   |
| adv_med               | -1.28    |
| adv_min               | -3.85    |
| adv_var               | 0.0672   |
| clipfrac              | 0.334    |
| curr_lr               | 0.001    |
| entropy               | 0.917    |
| eplenmean             | 227      |
| eprewmean             | 19       |
| fps                   | 5.92e+03 |
| grad_norm             | 0.854    |
| kl                    | 0.0765   |
| loss_pi               | -0.052   |
| loss_v                | 0.0248   |
| lr                    | 0.001    |
| misc/nupdates         | 899      |
| misc/serial_timesteps | 3.69e+06 |
| misc/time_elapsed     | 611      |
| misc/total_timesteps  | 3.69e+06 |
| ratio_max             | 9.81     |
| ratio_min             | 3.43e-05 |
| ret_avg               | 0.183    |
| ret_max               | 3.63     |
| ret_med               | -0.227   |
| ret_min               | -1.28    |
| ret_var               | 1.54     |
------------------------------------
------------------------------------
| action_max            | 14       |
| action_min            | 0        |
| adv_avg               | -1.26    |
| adv_max               | -0.297   |
| adv_med               | -1.26    |
| adv_min               | -2.93    |
| adv_var               | 0.0452   |
| clipfrac              | 0.408    |
| curr_lr               | 0.001    |
| entropy               | 0.789    |
| eplenmean             | 236      |
| eprewmean             | 19.4     |
| fps                   | 5.96e+03 |
| grad_norm             | 0.803    |
| kl                    | 0.117    |
| loss_pi               | -0.0606  |
| loss_v                | 0.0207   |
| lr                    | 0.001    |
| misc/nupdates         | 909      |
| misc/serial_timesteps | 3.73e+06 |
| misc/time_elapsed     | 618      |
| misc/total_timesteps  | 3.73e+06 |
| ratio_max             | 26.1     |
| ratio_min             | 0.00262  |
| ret_avg               | 0.202    |
| ret_max               | 3.35     |
| ret_med               | 0.0282   |
| ret_min               | -1.28    |
| ret_var               | 1.23     |
------------------------------------
------------------------------------
| action_max            | 14       |
| action_min            | 0        |
| adv_avg               | -1.27    |
| adv_max               | -0.214   |
| adv_med               | -1.26    |
| adv_min               | -3.18    |
| adv_var               | 0.0613   |
| clipfrac              | 0.383    |
| curr_lr               | 0.001    |
| entropy               | 0.855    |
| eplenmean             | 233      |
| eprewmean             | 20.4     |
| fps                   | 6.04e+03 |
| grad_norm             | 0.703    |
| kl                    | 0.0863   |
| loss_pi               | -0.0722  |
| loss_v                | 0.0304   |
| lr                    | 0.001    |
| misc/nupdates         | 919      |
| misc/serial_timesteps | 3.77e+06 |
| misc/time_elapsed     | 625      |
| misc/total_timesteps  | 3.77e+06 |
| ratio_max             | 5.36     |
| ratio_min             | 0.00526  |
| ret_avg               | 0.206    |
| ret_max               | 3.32     |
| ret_med               | 0.0578   |
| ret_min               | -1.28    |
| ret_var               | 1.1      |
------------------------------------
------------------------------------
| action_max            | 14       |
| action_min            | 0        |
| adv_avg               | -1.27    |
| adv_max               | -0.448   |
| adv_med               | -1.27    |
| adv_min               | -3.91    |
| adv_var               | 0.0513   |
| clipfrac              | 0.328    |
| curr_lr               | 0.001    |
| entropy               | 0.645    |
| eplenmean             | 270      |
| eprewmean             | 23.4     |
| fps                   | 6.3e+03  |
| grad_norm             | 0.841    |
| kl                    | 0.093    |
| loss_pi               | -0.0615  |
| loss_v                | 0.0221   |
| lr                    | 0.001    |
| misc/nupdates         | 929      |
| misc/serial_timesteps | 3.81e+06 |
| misc/time_elapsed     | 632      |
| misc/total_timesteps  | 3.81e+06 |
| ratio_max             | 10.7     |
| ratio_min             | 0.00483  |
| ret_avg               | 0.654    |
| ret_max               | 3.37     |
| ret_med               | 0.612    |
| ret_min               | -1.28    |
| ret_var               | 1.45     |
------------------------------------
------------------------------------
| action_max            | 14       |
| action_min            | 0        |
| adv_avg               | -1.26    |
| adv_max               | 0.512    |
| adv_med               | -1.25    |
| adv_min               | -3.8     |
| adv_var               | 0.0883   |
| clipfrac              | 0.41     |
| curr_lr               | 0.001    |
| entropy               | 0.654    |
| eplenmean             | 261      |
| eprewmean             | 22.9     |
| fps                   | 5.88e+03 |
| grad_norm             | 0.843    |
| kl                    | 0.117    |
| loss_pi               | -0.0644  |
| loss_v                | 0.0333   |
| lr                    | 0.001    |
| misc/nupdates         | 939      |
| misc/serial_timesteps | 3.85e+06 |
| misc/time_elapsed     | 639      |
| misc/total_timesteps  | 3.85e+06 |
| ratio_max             | 3.78     |
| ratio_min             | 0.00541  |
| ret_avg               | 0.439    |
| ret_max               | 3.89     |
| ret_med               | 0.359    |
| ret_min               | -1.28    |
| ret_var               | 1.21     |
------------------------------------
------------------------------------
| action_max            | 14       |
| action_min            | 0        |
| adv_avg               | -1.28    |
| adv_max               | -0.191   |
| adv_med               | -1.28    |
| adv_min               | -2.51    |
| adv_var               | 0.0435   |
| clipfrac              | 0.365    |
| curr_lr               | 0.001    |
| entropy               | 0.683    |
| eplenmean             | 255      |
| eprewmean             | 22.4     |
| fps                   | 5.91e+03 |
| grad_norm             | 0.721    |
| kl                    | 0.0978   |
| loss_pi               | -0.0661  |
| loss_v                | 0.0226   |
| lr                    | 0.001    |
| misc/nupdates         | 949      |
| misc/serial_timesteps | 3.89e+06 |
| misc/time_elapsed     | 646      |
| misc/total_timesteps  | 3.89e+06 |
| ratio_max             | 22.7     |
| ratio_min             | 0.0128   |
| ret_avg               | 0.512    |
| ret_max               | 3.38     |
| ret_med               | 0.504    |
| ret_min               | -1.29    |
| ret_var               | 1.32     |
------------------------------------
------------------------------------
| action_max            | 14       |
| action_min            | 0        |
| adv_avg               | -1.26    |
| adv_max               | -0.431   |
| adv_med               | -1.26    |
| adv_min               | -3.6     |
| adv_var               | 0.0416   |
| clipfrac              | 0.371    |
| curr_lr               | 0.001    |
| entropy               | 0.648    |
| eplenmean             | 221      |
| eprewmean             | 19.2     |
| fps                   | 5.96e+03 |
| grad_norm             | 0.598    |
| kl                    | 0.119    |
| loss_pi               | -0.0553  |
| loss_v                | 0.0219   |
| lr                    | 0.001    |
| misc/nupdates         | 959      |
| misc/serial_timesteps | 3.93e+06 |
| misc/time_elapsed     | 653      |
| misc/total_timesteps  | 3.93e+06 |
| ratio_max             | 7.33     |
| ratio_min             | 0.00329  |
| ret_avg               | 0.681    |
| ret_max               | 4.12     |
| ret_med               | 0.356    |
| ret_min               | -1.29    |
| ret_var               | 2.17     |
------------------------------------
------------------------------------
| action_max            | 14       |
| action_min            | 0        |
| adv_avg               | -1.27    |
| adv_max               | -0.119   |
| adv_med               | -1.26    |
| adv_min               | -3.08    |
| adv_var               | 0.061    |
| clipfrac              | 0.314    |
| curr_lr               | 0.001    |
| entropy               | 0.476    |
| eplenmean             | 240      |
| eprewmean             | 21       |
| fps                   | 6.25e+03 |
| grad_norm             | 1.82     |
| kl                    | 0.185    |
| loss_pi               | -0.0508  |
| loss_v                | 0.0337   |
| lr                    | 0.001    |
| misc/nupdates         | 969      |
| misc/serial_timesteps | 3.97e+06 |
| misc/time_elapsed     | 659      |
| misc/total_timesteps  | 3.97e+06 |
| ratio_max             | 8.75     |
| ratio_min             | 4.15e-05 |
| ret_avg               | 1.21     |
| ret_max               | 4.6      |
| ret_med               | 1.13     |
| ret_min               | -1.28    |
| ret_var               | 2.63     |
------------------------------------
------------------------------------
| action_max            | 14       |
| action_min            | 0        |
| adv_avg               | -1.27    |
| adv_max               | -0.216   |
| adv_med               | -1.26    |
| adv_min               | -1.92    |
| adv_var               | 0.0349   |
| clipfrac              | 0.332    |
| curr_lr               | 0.001    |
| entropy               | 0.454    |
| eplenmean             | 248      |
| eprewmean             | 22.5     |
| fps                   | 5.91e+03 |
| grad_norm             | 1.89     |
| kl                    | 0.134    |
| loss_pi               | -0.044   |
| loss_v                | 0.0207   |
| lr                    | 0.001    |
| misc/nupdates         | 979      |
| misc/serial_timesteps | 4.01e+06 |
| misc/time_elapsed     | 666      |
| misc/total_timesteps  | 4.01e+06 |
| ratio_max             | 3.7      |
| ratio_min             | 0.00866  |
| ret_avg               | 1.41     |
| ret_max               | 4.88     |
| ret_med               | 1.42     |
| ret_min               | -1.28    |
| ret_var               | 3.23     |
------------------------------------
------------------------------------
| action_max            | 14       |
| action_min            | 0        |
| adv_avg               | -1.25    |
| adv_max               | 0.111    |
| adv_med               | -1.24    |
| adv_min               | -3.59    |
| adv_var               | 0.0646   |
| clipfrac              | 0.264    |
| curr_lr               | 0.001    |
| entropy               | 0.432    |
| eplenmean             | 235      |
| eprewmean             | 20.5     |
| fps                   | 5.8e+03  |
| grad_norm             | 0.572    |
| kl                    | 0.143    |
| loss_pi               | -0.0495  |
| loss_v                | 0.0274   |
| lr                    | 0.001    |
| misc/nupdates         | 989      |
| misc/serial_timesteps | 4.06e+06 |
| misc/time_elapsed     | 673      |
| misc/total_timesteps  | 4.06e+06 |
| ratio_max             | 6.92     |
| ratio_min             | 0.00211  |
| ret_avg               | 1.02     |
| ret_max               | 4.6      |
| ret_med               | 0.651    |
| ret_min               | -1.28    |
| ret_var               | 2.21     |
------------------------------------
------------------------------------
| action_max            | 14       |
| action_min            | 0        |
| adv_avg               | -1.26    |
| adv_max               | 0.29     |
| adv_med               | -1.26    |
| adv_min               | -3.24    |
| adv_var               | 0.0377   |
| clipfrac              | 0.287    |
| curr_lr               | 0.001    |
| entropy               | 0.668    |
| eplenmean             | 226      |
| eprewmean             | 19.4     |
| fps                   | 6.02e+03 |
| grad_norm             | 0.527    |
| kl                    | 0.0864   |
| loss_pi               | -0.053   |
| loss_v                | 0.0169   |
| lr                    | 0.001    |
| misc/nupdates         | 999      |
| misc/serial_timesteps | 4.1e+06  |
| misc/time_elapsed     | 680      |
| misc/total_timesteps  | 4.1e+06  |
| ratio_max             | 4.8      |
| ratio_min             | 0.00525  |
| ret_avg               | 0.568    |
| ret_max               | 4.54     |
| ret_med               | 0.217    |
| ret_min               | -1.28    |
| ret_var               | 2.49     |
------------------------------------
------------------------------------
| action_max            | 14       |
| action_min            | 0        |
| adv_avg               | -1.28    |
| adv_max               | -0.525   |
| adv_med               | -1.26    |
| adv_min               | -2.47    |
| adv_var               | 0.0367   |
| clipfrac              | 0.365    |
| curr_lr               | 0.001    |
| entropy               | 0.604    |
| eplenmean             | 249      |
| eprewmean             | 22       |
| fps                   | 6.05e+03 |
| grad_norm             | 1.14     |
| kl                    | 0.122    |
| loss_pi               | -0.0588  |
| loss_v                | 0.0287   |
| lr                    | 0.001    |
| misc/nupdates         | 1.01e+03 |
| misc/serial_timesteps | 4.14e+06 |
| misc/time_elapsed     | 687      |
| misc/total_timesteps  | 4.14e+06 |
| ratio_max             | 4.74     |
| ratio_min             | 0.00126  |
| ret_avg               | 0.222    |
| ret_max               | 4.95     |
| ret_med               | 0.104    |
| ret_min               | -1.28    |
| ret_var               | 1.29     |
------------------------------------
------------------------------------
| action_max            | 14       |
| action_min            | 0        |
| adv_avg               | -1.25    |
| adv_max               | -0.447   |
| adv_med               | -1.25    |
| adv_min               | -3.21    |
| adv_var               | 0.0347   |
| clipfrac              | 0.385    |
| curr_lr               | 0.001    |
| entropy               | 0.719    |
| eplenmean             | 224      |
| eprewmean             | 19.4     |
| fps                   | 5.99e+03 |
| grad_norm             | 1.2      |
| kl                    | 0.101    |
| loss_pi               | -0.0675  |
| loss_v                | 0.0211   |
| lr                    | 0.001    |
| misc/nupdates         | 1.02e+03 |
| misc/serial_timesteps | 4.18e+06 |
| misc/time_elapsed     | 694      |
| misc/total_timesteps  | 4.18e+06 |
| ratio_max             | 7.22     |
| ratio_min             | 0.0018   |
| ret_avg               | -0.115   |
| ret_max               | 4.07     |
| ret_med               | -0.226   |
| ret_min               | -1.27    |
| ret_var               | 0.61     |
------------------------------------
------------------------------------
| action_max            | 14       |
| action_min            | 0        |
| adv_avg               | -1.28    |
| adv_max               | 0.11     |
| adv_med               | -1.26    |
| adv_min               | -3.18    |
| adv_var               | 0.0539   |
| clipfrac              | 0.295    |
| curr_lr               | 0.001    |
| entropy               | 0.53     |
| eplenmean             | 266      |
| eprewmean             | 23.8     |
| fps                   | 5.98e+03 |
| grad_norm             | 0.66     |
| kl                    | 0.0998   |
| loss_pi               | -0.0563  |
| loss_v                | 0.0224   |
| lr                    | 0.001    |
| misc/nupdates         | 1.03e+03 |
| misc/serial_timesteps | 4.22e+06 |
| misc/time_elapsed     | 701      |
| misc/total_timesteps  | 4.22e+06 |
| ratio_max             | 9.04     |
| ratio_min             | 0.00239  |
| ret_avg               | 0.662    |
| ret_max               | 4.85     |
| ret_med               | 0.711    |
| ret_min               | -1.27    |
| ret_var               | 1.71     |
------------------------------------
------------------------------------
| action_max            | 14       |
| action_min            | 0        |
| adv_avg               | -1.29    |
| adv_max               | -0.507   |
| adv_med               | -1.26    |
| adv_min               | -3.73    |
| adv_var               | 0.0599   |
| clipfrac              | 0.266    |
| curr_lr               | 0.001    |
| entropy               | 0.443    |
| eplenmean             | 225      |
| eprewmean             | 20.2     |
| fps                   | 6.16e+03 |
| grad_norm             | 1.3      |
| kl                    | 0.124    |
| loss_pi               | -0.0447  |
| loss_v                | 0.0339   |
| lr                    | 0.001    |
| misc/nupdates         | 1.04e+03 |
| misc/serial_timesteps | 4.26e+06 |
| misc/time_elapsed     | 707      |
| misc/total_timesteps  | 4.26e+06 |
| ratio_max             | 8.93     |
| ratio_min             | 0.00129  |
| ret_avg               | 1.07     |
| ret_max               | 4.5      |
| ret_med               | 0.939    |
| ret_min               | -1.27    |
| ret_var               | 2.73     |
------------------------------------
------------------------------------
| action_max            | 14       |
| action_min            | 0        |
| adv_avg               | -1.3     |
| adv_max               | 0.38     |
| adv_med               | -1.27    |
| adv_min               | -3.28    |
| adv_var               | 0.0801   |
| clipfrac              | 0.281    |
| curr_lr               | 0.001    |
| entropy               | 0.542    |
| eplenmean             | 249      |
| eprewmean             | 22.2     |
| fps                   | 6.17e+03 |
| grad_norm             | 1.2      |
| kl                    | 0.143    |
| loss_pi               | -0.0461  |
| loss_v                | 0.0356   |
| lr                    | 0.001    |
| misc/nupdates         | 1.05e+03 |
| misc/serial_timesteps | 4.3e+06  |
| misc/time_elapsed     | 714      |
| misc/total_timesteps  | 4.3e+06  |
| ratio_max             | 18.7     |
| ratio_min             | 0.00491  |
| ret_avg               | 0.686    |
| ret_max               | 4.46     |
| ret_med               | 0.462    |
| ret_min               | -1.27    |
| ret_var               | 2.08     |
------------------------------------
------------------------------------
| action_max            | 14       |
| action_min            | 0        |
| adv_avg               | -1.25    |
| adv_max               | -0.496   |
| adv_med               | -1.25    |
| adv_min               | -2.49    |
| adv_var               | 0.0366   |
| clipfrac              | 0.34     |
| curr_lr               | 0.001    |
| entropy               | 0.538    |
| eplenmean             | 235      |
| eprewmean             | 20.5     |
| fps                   | 6.26e+03 |
| grad_norm             | 0.585    |
| kl                    | 0.107    |
| loss_pi               | -0.045   |
| loss_v                | 0.0186   |
| lr                    | 0.001    |
| misc/nupdates         | 1.06e+03 |
| misc/serial_timesteps | 4.34e+06 |
| misc/time_elapsed     | 721      |
| misc/total_timesteps  | 4.34e+06 |
| ratio_max             | 3.66     |
| ratio_min             | 0.000269 |
| ret_avg               | 0.531    |
| ret_max               | 3.93     |
| ret_med               | 0.57     |
| ret_min               | -1.27    |
| ret_var               | 1.66     |
------------------------------------
------------------------------------
| action_max            | 14       |
| action_min            | 0        |
| adv_avg               | -1.25    |
| adv_max               | -0.307   |
| adv_med               | -1.25    |
| adv_min               | -2.05    |
| adv_var               | 0.0303   |
| clipfrac              | 0.305    |
| curr_lr               | 0.001    |
| entropy               | 0.49     |
| eplenmean             | 286      |
| eprewmean             | 26.8     |
| fps                   | 6.24e+03 |
| grad_norm             | 0.929    |
| kl                    | 0.0912   |
| loss_pi               | -0.0375  |
| loss_v                | 0.0156   |
| lr                    | 0.001    |
| misc/nupdates         | 1.07e+03 |
| misc/serial_timesteps | 4.38e+06 |
| misc/time_elapsed     | 727      |
| misc/total_timesteps  | 4.38e+06 |
| ratio_max             | 5.9      |
| ratio_min             | 0.0135   |
| ret_avg               | 0.58     |
| ret_max               | 4.72     |
| ret_med               | 0.341    |
| ret_min               | -1.27    |
| ret_var               | 1.55     |
------------------------------------
------------------------------------
| action_max            | 14       |
| action_min            | 0        |
| adv_avg               | -1.26    |
| adv_max               | -0.166   |
| adv_med               | -1.24    |
| adv_min               | -2.39    |
| adv_var               | 0.0331   |
| clipfrac              | 0.332    |
| curr_lr               | 0.001    |
| entropy               | 0.491    |
| eplenmean             | 291      |
| eprewmean             | 26.5     |
| fps                   | 6.13e+03 |
| grad_norm             | 0.928    |
| kl                    | 0.126    |
| loss_pi               | -0.0586  |
| loss_v                | 0.0203   |
| lr                    | 0.001    |
| misc/nupdates         | 1.08e+03 |
| misc/serial_timesteps | 4.42e+06 |
| misc/time_elapsed     | 734      |
| misc/total_timesteps  | 4.42e+06 |
| ratio_max             | 6.4      |
| ratio_min             | 7.85e-05 |
| ret_avg               | 0.521    |
| ret_max               | 4.45     |
| ret_med               | 0.276    |
| ret_min               | -1.27    |
| ret_var               | 1.5      |
------------------------------------
------------------------------------
| action_max            | 14       |
| action_min            | 0        |
| adv_avg               | -1.26    |
| adv_max               | -0.37    |
| adv_med               | -1.26    |
| adv_min               | -2.29    |
| adv_var               | 0.0342   |
| clipfrac              | 0.291    |
| curr_lr               | 0.001    |
| entropy               | 0.458    |
| eplenmean             | 274      |
| eprewmean             | 25.5     |
| fps                   | 6.2e+03  |
| grad_norm             | 1.5      |
| kl                    | 0.146    |
| loss_pi               | -0.0543  |
| loss_v                | 0.0207   |
| lr                    | 0.001    |
| misc/nupdates         | 1.09e+03 |
| misc/serial_timesteps | 4.46e+06 |
| misc/time_elapsed     | 740      |
| misc/total_timesteps  | 4.46e+06 |
| ratio_max             | 16.4     |
| ratio_min             | 0.000107 |
| ret_avg               | 0.88     |
| ret_max               | 4.68     |
| ret_med               | 0.765    |
| ret_min               | -1.27    |
| ret_var               | 1.9      |
------------------------------------
------------------------------------
| action_max            | 14       |
| action_min            | 0        |
| adv_avg               | -1.24    |
| adv_max               | 0.0331   |
| adv_med               | -1.24    |
| adv_min               | -3.23    |
| adv_var               | 0.0403   |
| clipfrac              | 0.338    |
| curr_lr               | 0.001    |
| entropy               | 0.551    |
| eplenmean             | 298      |
| eprewmean             | 27.5     |
| fps                   | 6.11e+03 |
| grad_norm             | 0.499    |
| kl                    | 0.129    |
| loss_pi               | -0.044   |
| loss_v                | 0.0136   |
| lr                    | 0.001    |
| misc/nupdates         | 1.1e+03  |
| misc/serial_timesteps | 4.51e+06 |
| misc/time_elapsed     | 747      |
| misc/total_timesteps  | 4.51e+06 |
| ratio_max             | 13       |
| ratio_min             | 0.00128  |
| ret_avg               | 0.634    |
| ret_max               | 4.65     |
| ret_med               | 0.559    |
| ret_min               | -1.26    |
| ret_var               | 1.6      |
------------------------------------
------------------------------------
| action_max            | 14       |
| action_min            | 0        |
| adv_avg               | -1.25    |
| adv_max               | -0.269   |
| adv_med               | -1.26    |
| adv_min               | -2.43    |
| adv_var               | 0.0372   |
| clipfrac              | 0.309    |
| curr_lr               | 0.001    |
| entropy               | 0.59     |
| eplenmean             | 254      |
| eprewmean             | 21.1     |
| fps                   | 6.04e+03 |
| grad_norm             | 0.645    |
| kl                    | 0.101    |
| loss_pi               | -0.0614  |
| loss_v                | 0.0171   |
| lr                    | 0.001    |
| misc/nupdates         | 1.11e+03 |
| misc/serial_timesteps | 4.55e+06 |
| misc/time_elapsed     | 754      |
| misc/total_timesteps  | 4.55e+06 |
| ratio_max             | 4.83     |
| ratio_min             | 7.14e-05 |
| ret_avg               | 0.509    |
| ret_max               | 3.29     |
| ret_med               | 0.384    |
| ret_min               | -1.27    |
| ret_var               | 1.25     |
------------------------------------
------------------------------------
| action_max            | 14       |
| action_min            | 0        |
| adv_avg               | -1.22    |
| adv_max               | -0.0434  |
| adv_med               | -1.23    |
| adv_min               | -3.23    |
| adv_var               | 0.0551   |
| clipfrac              | 0.328    |
| curr_lr               | 0.001    |
| entropy               | 0.585    |
| eplenmean             | 247      |
| eprewmean             | 21.1     |
| fps                   | 6.2e+03  |
| grad_norm             | 0.839    |
| kl                    | 0.104    |
| loss_pi               | -0.0621  |
| loss_v                | 0.0231   |
| lr                    | 0.001    |
| misc/nupdates         | 1.12e+03 |
| misc/serial_timesteps | 4.59e+06 |
| misc/time_elapsed     | 761      |
| misc/total_timesteps  | 4.59e+06 |
| ratio_max             | 6.79     |
| ratio_min             | 0.0694   |
| ret_avg               | 0.49     |
| ret_max               | 3.2      |
| ret_med               | 0.568    |
| ret_min               | -1.27    |
| ret_var               | 0.939    |
------------------------------------
------------------------------------
| action_max            | 14       |
| action_min            | 0        |
| adv_avg               | -1.2     |
| adv_max               | -0.259   |
| adv_med               | -1.22    |
| adv_min               | -2.29    |
| adv_var               | 0.0359   |
| clipfrac              | 0.312    |
| curr_lr               | 0.001    |
| entropy               | 0.667    |
| eplenmean             | 255      |
| eprewmean             | 21.8     |
| fps                   | 5.95e+03 |
| grad_norm             | 0.644    |
| kl                    | 0.0796   |
| loss_pi               | -0.0503  |
| loss_v                | 0.0189   |
| lr                    | 0.001    |
| misc/nupdates         | 1.13e+03 |
| misc/serial_timesteps | 4.63e+06 |
| misc/time_elapsed     | 767      |
| misc/total_timesteps  | 4.63e+06 |
| ratio_max             | 9.16     |
| ratio_min             | 0.0248   |
| ret_avg               | 0.365    |
| ret_max               | 2.72     |
| ret_med               | 0.213    |
| ret_min               | -1.27    |
| ret_var               | 1.15     |
------------------------------------
------------------------------------
| action_max            | 14       |
| action_min            | 0        |
| adv_avg               | -1.28    |
| adv_max               | -0.556   |
| adv_med               | -1.27    |
| adv_min               | -4       |
| adv_var               | 0.0496   |
| clipfrac              | 0.303    |
| curr_lr               | 0.001    |
| entropy               | 0.549    |
| eplenmean             | 264      |
| eprewmean             | 22.4     |
| fps                   | 6.29e+03 |
| grad_norm             | 1.04     |
| kl                    | 0.0739   |
| loss_pi               | -0.041   |
| loss_v                | 0.0349   |
| lr                    | 0.001    |
| misc/nupdates         | 1.14e+03 |
| misc/serial_timesteps | 4.67e+06 |
| misc/time_elapsed     | 774      |
| misc/total_timesteps  | 4.67e+06 |
| ratio_max             | 3.44     |
| ratio_min             | 0.0275   |
| ret_avg               | 0.352    |
| ret_max               | 2.58     |
| ret_med               | 0.247    |
| ret_min               | -1.27    |
| ret_var               | 0.894    |
------------------------------------
------------------------------------
| action_max            | 14       |
| action_min            | 0        |
| adv_avg               | -1.24    |
| adv_max               | -0.111   |
| adv_med               | -1.25    |
| adv_min               | -2.43    |
| adv_var               | 0.0417   |
| clipfrac              | 0.361    |
| curr_lr               | 0.001    |
| entropy               | 0.591    |
| eplenmean             | 246      |
| eprewmean             | 21.8     |
| fps                   | 5.9e+03  |
| grad_norm             | 0.799    |
| kl                    | 0.127    |
| loss_pi               | -0.0588  |
| loss_v                | 0.0215   |
| lr                    | 0.001    |
| misc/nupdates         | 1.15e+03 |
| misc/serial_timesteps | 4.71e+06 |
| misc/time_elapsed     | 781      |
| misc/total_timesteps  | 4.71e+06 |
| ratio_max             | 3.72     |
| ratio_min             | 0.00436  |
| ret_avg               | 0.393    |
| ret_max               | 2.72     |
| ret_med               | 0.437    |
| ret_min               | -1.27    |
| ret_var               | 0.907    |
------------------------------------
------------------------------------
| action_max            | 14       |
| action_min            | 0        |
| adv_avg               | -1.32    |
| adv_max               | -0.594   |
| adv_med               | -1.28    |
| adv_min               | -3.41    |
| adv_var               | 0.0628   |
| clipfrac              | 0.328    |
| curr_lr               | 0.001    |
| entropy               | 0.549    |
| eplenmean             | 268      |
| eprewmean             | 23.2     |
| fps                   | 5.94e+03 |
| grad_norm             | 0.63     |
| kl                    | 0.106    |
| loss_pi               | -0.0534  |
| loss_v                | 0.0215   |
| lr                    | 0.001    |
| misc/nupdates         | 1.16e+03 |
| misc/serial_timesteps | 4.75e+06 |
| misc/time_elapsed     | 788      |
| misc/total_timesteps  | 4.75e+06 |
| ratio_max             | 5.76     |
| ratio_min             | 0.0162   |
| ret_avg               | 0.501    |
| ret_max               | 2.66     |
| ret_med               | 0.563    |
| ret_min               | -1.28    |
| ret_var               | 0.976    |
------------------------------------
------------------------------------
| action_max            | 14       |
| action_min            | 0        |
| adv_avg               | -1.26    |
| adv_max               | -0.164   |
| adv_med               | -1.25    |
| adv_min               | -2.7     |
| adv_var               | 0.0436   |
| clipfrac              | 0.309    |
| curr_lr               | 0.001    |
| entropy               | 0.51     |
| eplenmean             | 268      |
| eprewmean             | 23.1     |
| fps                   | 6.3e+03  |
| grad_norm             | 0.634    |
| kl                    | 0.105    |
| loss_pi               | -0.0582  |
| loss_v                | 0.0219   |
| lr                    | 0.001    |
| misc/nupdates         | 1.17e+03 |
| misc/serial_timesteps | 4.79e+06 |
| misc/time_elapsed     | 795      |
| misc/total_timesteps  | 4.79e+06 |
| ratio_max             | 7.85     |
| ratio_min             | 0.00341  |
| ret_avg               | 0.468    |
| ret_max               | 3.9      |
| ret_med               | 0.566    |
| ret_min               | -1.28    |
| ret_var               | 1.11     |
------------------------------------
------------------------------------
| action_max            | 14       |
| action_min            | 0        |
| adv_avg               | -1.27    |
| adv_max               | -0.465   |
| adv_med               | -1.26    |
| adv_min               | -2.43    |
| adv_var               | 0.0351   |
| clipfrac              | 0.377    |
| curr_lr               | 0.001    |
| entropy               | 0.598    |
| eplenmean             | 281      |
| eprewmean             | 24.9     |
| fps                   | 5.99e+03 |
| grad_norm             | 0.911    |
| kl                    | 0.125    |
| loss_pi               | -0.0651  |
| loss_v                | 0.0197   |
| lr                    | 0.001    |
| misc/nupdates         | 1.18e+03 |
| misc/serial_timesteps | 4.83e+06 |
| misc/time_elapsed     | 801      |
| misc/total_timesteps  | 4.83e+06 |
| ratio_max             | 8.09     |
| ratio_min             | 0.0107   |
| ret_avg               | 0.332    |
| ret_max               | 3.96     |
| ret_med               | 0.0353   |
| ret_min               | -1.28    |
| ret_var               | 1.32     |
------------------------------------
------------------------------------
| action_max            | 14       |
| action_min            | 0        |
| adv_avg               | -1.29    |
| adv_max               | -0.451   |
| adv_med               | -1.26    |
| adv_min               | -3.46    |
| adv_var               | 0.0554   |
| clipfrac              | 0.283    |
| curr_lr               | 0.001    |
| entropy               | 0.537    |
| eplenmean             | 285      |
| eprewmean             | 25.1     |
| fps                   | 5.99e+03 |
| grad_norm             | 1.87     |
| kl                    | 0.0793   |
| loss_pi               | -0.039   |
| loss_v                | 0.0368   |
| lr                    | 0.001    |
| misc/nupdates         | 1.19e+03 |
| misc/serial_timesteps | 4.87e+06 |
| misc/time_elapsed     | 808      |
| misc/total_timesteps  | 4.87e+06 |
| ratio_max             | 2.95     |
| ratio_min             | 8.26e-07 |
| ret_avg               | 0.293    |
| ret_max               | 2.55     |
| ret_med               | 0.237    |
| ret_min               | -1.28    |
| ret_var               | 0.934    |
------------------------------------
------------------------------------
| action_max            | 14       |
| action_min            | 0        |
| adv_avg               | -1.36    |
| adv_max               | -0.323   |
| adv_med               | -1.3     |
| adv_min               | -4.72    |
| adv_var               | 0.159    |
| clipfrac              | 0.295    |
| curr_lr               | 0.001    |
| entropy               | 0.555    |
| eplenmean             | 247      |
| eprewmean             | 22.2     |
| fps                   | 6.12e+03 |
| grad_norm             | 0.771    |
| kl                    | 0.105    |
| loss_pi               | -0.0293  |
| loss_v                | 0.0326   |
| lr                    | 0.001    |
| misc/nupdates         | 1.2e+03  |
| misc/serial_timesteps | 4.92e+06 |
| misc/time_elapsed     | 815      |
| misc/total_timesteps  | 4.92e+06 |
| ratio_max             | 2.94     |
| ratio_min             | 9.97e-05 |
| ret_avg               | 0.395    |
| ret_max               | 3.07     |
| ret_med               | 0.368    |
| ret_min               | -1.28    |
| ret_var               | 1.02     |
------------------------------------
------------------------------------
| action_max            | 14       |
| action_min            | 0        |
| adv_avg               | -1.26    |
| adv_max               | -0.154   |
| adv_med               | -1.25    |
| adv_min               | -2.55    |
| adv_var               | 0.0353   |
| clipfrac              | 0.383    |
| curr_lr               | 0.001    |
| entropy               | 0.747    |
| eplenmean             | 247      |
| eprewmean             | 21       |
| fps                   | 5.92e+03 |
| grad_norm             | 0.64     |
| kl                    | 0.151    |
| loss_pi               | -0.0642  |
| loss_v                | 0.0185   |
| lr                    | 0.001    |
| misc/nupdates         | 1.21e+03 |
| misc/serial_timesteps | 4.96e+06 |
| misc/time_elapsed     | 822      |
| misc/total_timesteps  | 4.96e+06 |
| ratio_max             | 23.4     |
| ratio_min             | 0.00127  |
| ret_avg               | 0.0757   |
| ret_max               | 2.93     |
| ret_med               | -0.186   |
| ret_min               | -1.28    |
| ret_var               | 1.07     |
------------------------------------
------------------------------------
| action_max            | 14       |
| action_min            | 0        |
| adv_avg               | -1.27    |
| adv_max               | -0.563   |
| adv_med               | -1.27    |
| adv_min               | -2.08    |
| adv_var               | 0.0291   |
| clipfrac              | 0.402    |
| curr_lr               | 0.001    |
| entropy               | 0.798    |
| eplenmean             | 275      |
| eprewmean             | 25.8     |
| fps                   | 6.22e+03 |
| grad_norm             | 0.88     |
| kl                    | 0.112    |
| loss_pi               | -0.0743  |
| loss_v                | 0.0168   |
| lr                    | 0.001    |
| misc/nupdates         | 1.22e+03 |
| misc/serial_timesteps | 5e+06    |
| misc/time_elapsed     | 829      |
| misc/total_timesteps  | 5e+06    |
| ratio_max             | 10.8     |
| ratio_min             | 0.00362  |
| ret_avg               | -0.16    |
| ret_max               | 2.89     |
| ret_med               | -0.296   |
| ret_min               | -1.28    |
| ret_var               | 0.596    |
------------------------------------
------------------------------------
| action_max            | 14       |
| action_min            | 0        |
| adv_avg               | -1.26    |
| adv_max               | -0.332   |
| adv_med               | -1.26    |
| adv_min               | -2.21    |
| adv_var               | 0.037    |
| clipfrac              | 0.389    |
| curr_lr               | 0.001    |
| entropy               | 0.716    |
| eplenmean             | 274      |
| eprewmean             | 24.8     |
| fps                   | 6.14e+03 |
| grad_norm             | 0.815    |
| kl                    | 0.112    |
| loss_pi               | -0.068   |
| loss_v                | 0.0218   |
| lr                    | 0.001    |
| misc/nupdates         | 1.23e+03 |
| misc/serial_timesteps | 5.04e+06 |
| misc/time_elapsed     | 835      |
| misc/total_timesteps  | 5.04e+06 |
| ratio_max             | 5.05     |
| ratio_min             | 0.0234   |
| ret_avg               | 0.367    |
| ret_max               | 3.27     |
| ret_med               | 0.0868   |
| ret_min               | -1.29    |
| ret_var               | 1.29     |
------------------------------------
------------------------------------
| action_max            | 14       |
| action_min            | 0        |
| adv_avg               | -1.34    |
| adv_max               | -0.335   |
| adv_med               | -1.29    |
| adv_min               | -4.38    |
| adv_var               | 0.0754   |
| clipfrac              | 0.262    |
| curr_lr               | 0.001    |
| entropy               | 0.546    |
| eplenmean             | 265      |
| eprewmean             | 23.5     |
| fps                   | 6.16e+03 |
| grad_norm             | 0.952    |
| kl                    | 0.082    |
| loss_pi               | -0.0442  |
| loss_v                | 0.021    |
| lr                    | 0.001    |
| misc/nupdates         | 1.24e+03 |
| misc/serial_timesteps | 5.08e+06 |
| misc/time_elapsed     | 842      |
| misc/total_timesteps  | 5.08e+06 |
| ratio_max             | 23.2     |
| ratio_min             | 0.000692 |
| ret_avg               | 0.443    |
| ret_max               | 3.4      |
| ret_med               | 0.323    |
| ret_min               | -1.29    |
| ret_var               | 1.35     |
------------------------------------
------------------------------------
| action_max            | 14       |
| action_min            | 0        |
| adv_avg               | -1.27    |
| adv_max               | -0.2     |
| adv_med               | -1.26    |
| adv_min               | -3.02    |
| adv_var               | 0.0456   |
| clipfrac              | 0.326    |
| curr_lr               | 0.001    |
| entropy               | 0.62     |
| eplenmean             | 269      |
| eprewmean             | 23.9     |
| fps                   | 6.24e+03 |
| grad_norm             | 0.759    |
| kl                    | 0.127    |
| loss_pi               | -0.0468  |
| loss_v                | 0.0207   |
| lr                    | 0.001    |
| misc/nupdates         | 1.25e+03 |
| misc/serial_timesteps | 5.12e+06 |
| misc/time_elapsed     | 849      |
| misc/total_timesteps  | 5.12e+06 |
| ratio_max             | 33.8     |
| ratio_min             | 0.000902 |
| ret_avg               | 0.39     |
| ret_max               | 4.01     |
| ret_med               | 0.27     |
| ret_min               | -1.29    |
| ret_var               | 1.56     |
------------------------------------
------------------------------------
| action_max            | 14       |
| action_min            | 0        |
| adv_avg               | -1.28    |
| adv_max               | -0.258   |
| adv_med               | -1.27    |
| adv_min               | -4.76    |
| adv_var               | 0.0587   |
| clipfrac              | 0.236    |
| curr_lr               | 0.001    |
| entropy               | 0.401    |
| eplenmean             | 258      |
| eprewmean             | 22.5     |
| fps                   | 6.16e+03 |
| grad_norm             | 0.675    |
| kl                    | 0.0999   |
| loss_pi               | -0.0307  |
| loss_v                | 0.0175   |
| lr                    | 0.001    |
| misc/nupdates         | 1.26e+03 |
| misc/serial_timesteps | 5.16e+06 |
| misc/time_elapsed     | 855      |
| misc/total_timesteps  | 5.16e+06 |
| ratio_max             | 4.9      |
| ratio_min             | 0.00242  |
| ret_avg               | 0.901    |
| ret_max               | 3.68     |
| ret_med               | 0.922    |
| ret_min               | -1.29    |
| ret_var               | 1.36     |
------------------------------------
------------------------------------
| action_max            | 14       |
| action_min            | 0        |
| adv_avg               | -1.25    |
| adv_max               | 1.46     |
| adv_med               | -1.27    |
| adv_min               | -3.27    |
| adv_var               | 0.0718   |
| clipfrac              | 0.309    |
| curr_lr               | 0.001    |
| entropy               | 0.539    |
| eplenmean             | 256      |
| eprewmean             | 22.9     |
| fps                   | 5.99e+03 |
| grad_norm             | 0.688    |
| kl                    | 0.117    |
| loss_pi               | -0.0527  |
| loss_v                | 0.0254   |
| lr                    | 0.001    |
| misc/nupdates         | 1.27e+03 |
| misc/serial_timesteps | 5.2e+06  |
| misc/time_elapsed     | 862      |
| misc/total_timesteps  | 5.2e+06  |
| ratio_max             | 26.6     |
| ratio_min             | 0.00906  |
| ret_avg               | 0.618    |
| ret_max               | 3.72     |
| ret_med               | 0.445    |
| ret_min               | -1.29    |
| ret_var               | 1.32     |
------------------------------------
------------------------------------
| action_max            | 14       |
| action_min            | 0        |
| adv_avg               | -1.29    |
| adv_max               | -0.218   |
| adv_med               | -1.28    |
| adv_min               | -2.7     |
| adv_var               | 0.0404   |
| clipfrac              | 0.312    |
| curr_lr               | 0.001    |
| entropy               | 0.535    |
| eplenmean             | 285      |
| eprewmean             | 24.8     |
| fps                   | 5.91e+03 |
| grad_norm             | 0.749    |
| kl                    | 0.128    |
| loss_pi               | -0.0576  |
| loss_v                | 0.0171   |
| lr                    | 0.001    |
| misc/nupdates         | 1.28e+03 |
| misc/serial_timesteps | 5.24e+06 |
| misc/time_elapsed     | 869      |
| misc/total_timesteps  | 5.24e+06 |
| ratio_max             | 7.84     |
| ratio_min             | 0.0133   |
| ret_avg               | 0.734    |
| ret_max               | 4.21     |
| ret_med               | 0.481    |
| ret_min               | -1.29    |
| ret_var               | 2.36     |
------------------------------------
------------------------------------
| action_max            | 14       |
| action_min            | 0        |
| adv_avg               | -1.28    |
| adv_max               | -0.343   |
| adv_med               | -1.27    |
| adv_min               | -2.57    |
| adv_var               | 0.0397   |
| clipfrac              | 0.303    |
| curr_lr               | 0.001    |
| entropy               | 0.523    |
| eplenmean             | 265      |
| eprewmean             | 23.4     |
| fps                   | 5.96e+03 |
| grad_norm             | 0.713    |
| kl                    | 0.0942   |
| loss_pi               | -0.0377  |
| loss_v                | 0.0181   |
| lr                    | 0.001    |
| misc/nupdates         | 1.29e+03 |
| misc/serial_timesteps | 5.28e+06 |
| misc/time_elapsed     | 876      |
| misc/total_timesteps  | 5.28e+06 |
| ratio_max             | 4.66     |
| ratio_min             | 0.0148   |
| ret_avg               | 0.647    |
| ret_max               | 3.74     |
| ret_med               | 0.363    |
| ret_min               | -1.29    |
| ret_var               | 1.77     |
------------------------------------
------------------------------------
| action_max            | 14       |
| action_min            | 0        |
| adv_avg               | -1.28    |
| adv_max               | -0.454   |
| adv_med               | -1.27    |
| adv_min               | -2.41    |
| adv_var               | 0.0296   |
| clipfrac              | 0.363    |
| curr_lr               | 0.001    |
| entropy               | 0.597    |
| eplenmean             | 291      |
| eprewmean             | 25.4     |
| fps                   | 6.22e+03 |
| grad_norm             | 0.958    |
| kl                    | 0.143    |
| loss_pi               | -0.0643  |
| loss_v                | 0.0179   |
| lr                    | 0.001    |
| misc/nupdates         | 1.3e+03  |
| misc/serial_timesteps | 5.32e+06 |
| misc/time_elapsed     | 883      |
| misc/total_timesteps  | 5.32e+06 |
| ratio_max             | 5.13     |
| ratio_min             | 0.00245  |
| ret_avg               | -0.045   |
| ret_max               | 1.85     |
| ret_med               | -0.101   |
| ret_min               | -1.29    |
| ret_var               | 0.549    |
------------------------------------
------------------------------------
| action_max            | 14       |
| action_min            | 0        |
| adv_avg               | -1.27    |
| adv_max               | -0.223   |
| adv_med               | -1.28    |
| adv_min               | -3.09    |
| adv_var               | 0.05     |
| clipfrac              | 0.285    |
| curr_lr               | 0.001    |
| entropy               | 0.485    |
| eplenmean             | 288      |
| eprewmean             | 26.5     |
| fps                   | 5.9e+03  |
| grad_norm             | 0.61     |
| kl                    | 0.103    |
| loss_pi               | -0.0461  |
| loss_v                | 0.0196   |
| lr                    | 0.001    |
| misc/nupdates         | 1.31e+03 |
| misc/serial_timesteps | 5.37e+06 |
| misc/time_elapsed     | 890      |
| misc/total_timesteps  | 5.37e+06 |
| ratio_max             | 10       |
| ratio_min             | 7.33e-05 |
| ret_avg               | 0.712    |
| ret_max               | 3.49     |
| ret_med               | 0.574    |
| ret_min               | -1.29    |
| ret_var               | 1.71     |
------------------------------------
------------------------------------
| action_max            | 14       |
| action_min            | 0        |
| adv_avg               | -1.27    |
| adv_max               | 0.23     |
| adv_med               | -1.26    |
| adv_min               | -2.01    |
| adv_var               | 0.0354   |
| clipfrac              | 0.293    |
| curr_lr               | 0.001    |
| entropy               | 0.544    |
| eplenmean             | 282      |
| eprewmean             | 25.9     |
| fps                   | 6.21e+03 |
| grad_norm             | 0.619    |
| kl                    | 0.109    |
| loss_pi               | -0.056   |
| loss_v                | 0.0134   |
| lr                    | 0.001    |
| misc/nupdates         | 1.32e+03 |
| misc/serial_timesteps | 5.41e+06 |
| misc/time_elapsed     | 896      |
| misc/total_timesteps  | 5.41e+06 |
| ratio_max             | 15.8     |
| ratio_min             | 0.00392  |
| ret_avg               | 0.558    |
| ret_max               | 4.23     |
| ret_med               | 0.45     |
| ret_min               | -1.29    |
| ret_var               | 1.37     |
------------------------------------
------------------------------------
| action_max            | 14       |
| action_min            | 0        |
| adv_avg               | -1.27    |
| adv_max               | -0.563   |
| adv_med               | -1.26    |
| adv_min               | -2.19    |
| adv_var               | 0.0329   |
| clipfrac              | 0.365    |
| curr_lr               | 0.001    |
| entropy               | 0.638    |
| eplenmean             | 260      |
| eprewmean             | 22.8     |
| fps                   | 5.93e+03 |
| grad_norm             | 0.623    |
| kl                    | 0.111    |
| loss_pi               | -0.0594  |
| loss_v                | 0.017    |
| lr                    | 0.001    |
| misc/nupdates         | 1.33e+03 |
| misc/serial_timesteps | 5.45e+06 |
| misc/time_elapsed     | 903      |
| misc/total_timesteps  | 5.45e+06 |
| ratio_max             | 8.49     |
| ratio_min             | 0.00735  |
| ret_avg               | 0.298    |
| ret_max               | 4.09     |
| ret_med               | 0.0732   |
| ret_min               | -1.29    |
| ret_var               | 1.21     |
------------------------------------
------------------------------------
| action_max            | 14       |
| action_min            | 0        |
| adv_avg               | -1.29    |
| adv_max               | -0.395   |
| adv_med               | -1.28    |
| adv_min               | -2.36    |
| adv_var               | 0.0224   |
| clipfrac              | 0.32     |
| curr_lr               | 0.001    |
| entropy               | 0.658    |
| eplenmean             | 288      |
| eprewmean             | 26.4     |
| fps                   | 6.18e+03 |
| grad_norm             | 0.816    |
| kl                    | 0.106    |
| loss_pi               | -0.0479  |
| loss_v                | 0.0141   |
| lr                    | 0.001    |
| misc/nupdates         | 1.34e+03 |
| misc/serial_timesteps | 5.49e+06 |
| misc/time_elapsed     | 910      |
| misc/total_timesteps  | 5.49e+06 |
| ratio_max             | 12.9     |
| ratio_min             | 0.00776  |
| ret_avg               | 0.211    |
| ret_max               | 4.43     |
| ret_med               | 0.00882  |
| ret_min               | -1.29    |
| ret_var               | 1.33     |
------------------------------------
------------------------------------
| action_max            | 14       |
| action_min            | 0        |
| adv_avg               | -1.29    |
| adv_max               | -0.639   |
| adv_med               | -1.28    |
| adv_min               | -2.31    |
| adv_var               | 0.0315   |
| clipfrac              | 0.303    |
| curr_lr               | 0.001    |
| entropy               | 0.553    |
| eplenmean             | 280      |
| eprewmean             | 25.4     |
| fps                   | 6.15e+03 |
| grad_norm             | 1.07     |
| kl                    | 0.104    |
| loss_pi               | -0.0559  |
| loss_v                | 0.022    |
| lr                    | 0.001    |
| misc/nupdates         | 1.35e+03 |
| misc/serial_timesteps | 5.53e+06 |
| misc/time_elapsed     | 917      |
| misc/total_timesteps  | 5.53e+06 |
| ratio_max             | 12       |
| ratio_min             | 6.9e-05  |
| ret_avg               | 0.502    |
| ret_max               | 3.63     |
| ret_med               | 0.299    |
| ret_min               | -1.29    |
| ret_var               | 1.34     |
------------------------------------
------------------------------------
| action_max            | 14       |
| action_min            | 0        |
| adv_avg               | -1.27    |
| adv_max               | -0.722   |
| adv_med               | -1.27    |
| adv_min               | -2.58    |
| adv_var               | 0.0266   |
| clipfrac              | 0.223    |
| curr_lr               | 0.001    |
| entropy               | 0.51     |
| eplenmean             | 286      |
| eprewmean             | 25.7     |
| fps                   | 6.2e+03  |
| grad_norm             | 0.853    |
| kl                    | 0.0613   |
| loss_pi               | -0.0416  |
| loss_v                | 0.0139   |
| lr                    | 0.001    |
| misc/nupdates         | 1.36e+03 |
| misc/serial_timesteps | 5.57e+06 |
| misc/time_elapsed     | 923      |
| misc/total_timesteps  | 5.57e+06 |
| ratio_max             | 12.6     |
| ratio_min             | 0.0782   |
| ret_avg               | 0.572    |
| ret_max               | 3.94     |
| ret_med               | 0.28     |
| ret_min               | -1.29    |
| ret_var               | 1.64     |
------------------------------------
------------------------------------
| action_max            | 14       |
| action_min            | 0        |
| adv_avg               | -1.28    |
| adv_max               | -0.721   |
| adv_med               | -1.27    |
| adv_min               | -3.14    |
| adv_var               | 0.0333   |
| clipfrac              | 0.324    |
| curr_lr               | 0.001    |
| entropy               | 0.607    |
| eplenmean             | 280      |
| eprewmean             | 23.8     |
| fps                   | 6.27e+03 |
| grad_norm             | 0.712    |
| kl                    | 0.114    |
| loss_pi               | -0.0511  |
| loss_v                | 0.0158   |
| lr                    | 0.001    |
| misc/nupdates         | 1.37e+03 |
| misc/serial_timesteps | 5.61e+06 |
| misc/time_elapsed     | 930      |
| misc/total_timesteps  | 5.61e+06 |
| ratio_max             | 117      |
| ratio_min             | 0.0146   |
| ret_avg               | 0.193    |
| ret_max               | 2.8      |
| ret_med               | 0.0239   |
| ret_min               | -1.29    |
| ret_var               | 0.916    |
------------------------------------
------------------------------------
| action_max            | 14       |
| action_min            | 0        |
| adv_avg               | -1.28    |
| adv_max               | -0.671   |
| adv_med               | -1.28    |
| adv_min               | -2.38    |
| adv_var               | 0.0214   |
| clipfrac              | 0.314    |
| curr_lr               | 0.001    |
| entropy               | 0.609    |
| eplenmean             | 300      |
| eprewmean             | 27.1     |
| fps                   | 6.22e+03 |
| grad_norm             | 0.869    |
| kl                    | 0.128    |
| loss_pi               | -0.0542  |
| loss_v                | 0.0125   |
| lr                    | 0.001    |
| misc/nupdates         | 1.38e+03 |
| misc/serial_timesteps | 5.65e+06 |
| misc/time_elapsed     | 937      |
| misc/total_timesteps  | 5.65e+06 |
| ratio_max             | 5.73     |
| ratio_min             | 0.0115   |
| ret_avg               | 0.202    |
| ret_max               | 3.96     |
| ret_med               | 0.0638   |
| ret_min               | -1.29    |
| ret_var               | 0.971    |
------------------------------------
------------------------------------
| action_max            | 14       |
| action_min            | 0        |
| adv_avg               | -1.35    |
| adv_max               | -0.55    |
| adv_med               | -1.31    |
| adv_min               | -4.02    |
| adv_var               | 0.0819   |
| clipfrac              | 0.268    |
| curr_lr               | 0.001    |
| entropy               | 0.534    |
| eplenmean             | 279      |
| eprewmean             | 24.8     |
| fps                   | 6.12e+03 |
| grad_norm             | 1.03     |
| kl                    | 0.0769   |
| loss_pi               | -0.0441  |
| loss_v                | 0.0443   |
| lr                    | 0.001    |
| misc/nupdates         | 1.39e+03 |
| misc/serial_timesteps | 5.69e+06 |
| misc/time_elapsed     | 943      |
| misc/total_timesteps  | 5.69e+06 |
| ratio_max             | 6.01     |
| ratio_min             | 0.0136   |
| ret_avg               | 0.443    |
| ret_max               | 2.44     |
| ret_med               | 0.442    |
| ret_min               | -1.29    |
| ret_var               | 0.974    |
------------------------------------
------------------------------------
| action_max            | 14       |
| action_min            | 0        |
| adv_avg               | -1.26    |
| adv_max               | -0.243   |
| adv_med               | -1.26    |
| adv_min               | -2.74    |
| adv_var               | 0.0568   |
| clipfrac              | 0.324    |
| curr_lr               | 0.001    |
| entropy               | 0.509    |
| eplenmean             | 253      |
| eprewmean             | 22       |
| fps                   | 5.98e+03 |
| grad_norm             | 1.12     |
| kl                    | 0.0967   |
| loss_pi               | -0.0537  |
| loss_v                | 0.0296   |
| lr                    | 0.001    |
| misc/nupdates         | 1.4e+03  |
| misc/serial_timesteps | 5.73e+06 |
| misc/time_elapsed     | 950      |
| misc/total_timesteps  | 5.73e+06 |
| ratio_max             | 3.35     |
| ratio_min             | 0.0331   |
| ret_avg               | 0.468    |
| ret_max               | 3.4      |
| ret_med               | 0.595    |
| ret_min               | -1.29    |
| ret_var               | 0.738    |
------------------------------------
------------------------------------
| action_max            | 14       |
| action_min            | 0        |
| adv_avg               | -1.27    |
| adv_max               | -0.564   |
| adv_med               | -1.26    |
| adv_min               | -2.5     |
| adv_var               | 0.0348   |
| clipfrac              | 0.334    |
| curr_lr               | 0.001    |
| entropy               | 0.582    |
| eplenmean             | 295      |
| eprewmean             | 25.8     |
| fps                   | 5.95e+03 |
| grad_norm             | 0.944    |
| kl                    | 0.109    |
| loss_pi               | -0.0604  |
| loss_v                | 0.0175   |
| lr                    | 0.001    |
| misc/nupdates         | 1.41e+03 |
| misc/serial_timesteps | 5.78e+06 |
| misc/time_elapsed     | 957      |
| misc/total_timesteps  | 5.78e+06 |
| ratio_max             | 9.99     |
| ratio_min             | 0.00572  |
| ret_avg               | 0.296    |
| ret_max               | 3.87     |
| ret_med               | -0.083   |
| ret_min               | -1.29    |
| ret_var               | 1.5      |
------------------------------------
------------------------------------
| action_max            | 14       |
| action_min            | 0        |
| adv_avg               | -1.28    |
| adv_max               | -0.507   |
| adv_med               | -1.27    |
| adv_min               | -3.04    |
| adv_var               | 0.045    |
| clipfrac              | 0.365    |
| curr_lr               | 0.001    |
| entropy               | 0.631    |
| eplenmean             | 258      |
| eprewmean             | 22.6     |
| fps                   | 5.98e+03 |
| grad_norm             | 0.802    |
| kl                    | 0.134    |
| loss_pi               | -0.0604  |
| loss_v                | 0.0188   |
| lr                    | 0.001    |
| misc/nupdates         | 1.42e+03 |
| misc/serial_timesteps | 5.82e+06 |
| misc/time_elapsed     | 964      |
| misc/total_timesteps  | 5.82e+06 |
| ratio_max             | 7.88     |
| ratio_min             | 0.00781  |
| ret_avg               | 0.0441   |
| ret_max               | 2.04     |
| ret_med               | 0.00302  |
| ret_min               | -1.29    |
| ret_var               | 0.601    |
------------------------------------
------------------------------------
| action_max            | 14       |
| action_min            | 0        |
| adv_avg               | -1.27    |
| adv_max               | -0.174   |
| adv_med               | -1.27    |
| adv_min               | -2.17    |
| adv_var               | 0.0343   |
| clipfrac              | 0.334    |
| curr_lr               | 0.001    |
| entropy               | 0.57     |
| eplenmean             | 287      |
| eprewmean             | 25.4     |
| fps                   | 6.02e+03 |
| grad_norm             | 0.665    |
| kl                    | 0.121    |
| loss_pi               | -0.0538  |
| loss_v                | 0.0159   |
| lr                    | 0.001    |
| misc/nupdates         | 1.43e+03 |
| misc/serial_timesteps | 5.86e+06 |
| misc/time_elapsed     | 971      |
| misc/total_timesteps  | 5.86e+06 |
| ratio_max             | 18.3     |
| ratio_min             | 0.00385  |
| ret_avg               | 0.298    |
| ret_max               | 2.69     |
| ret_med               | 0.21     |
| ret_min               | -1.29    |
| ret_var               | 0.874    |
------------------------------------
------------------------------------
| action_max            | 14       |
| action_min            | 0        |
| adv_avg               | -1.27    |
| adv_max               | -0.435   |
| adv_med               | -1.26    |
| adv_min               | -3.94    |
| adv_var               | 0.0657   |
| clipfrac              | 0.305    |
| curr_lr               | 0.001    |
| entropy               | 0.635    |
| eplenmean             | 291      |
| eprewmean             | 26       |
| fps                   | 6.26e+03 |
| grad_norm             | 0.725    |
| kl                    | 0.092    |
| loss_pi               | -0.0572  |
| loss_v                | 0.0141   |
| lr                    | 0.001    |
| misc/nupdates         | 1.44e+03 |
| misc/serial_timesteps | 5.9e+06  |
| misc/time_elapsed     | 977      |
| misc/total_timesteps  | 5.9e+06  |
| ratio_max             | 10.8     |
| ratio_min             | 0.000228 |
| ret_avg               | 0.357    |
| ret_max               | 3.22     |
| ret_med               | 0.293    |
| ret_min               | -1.45    |
| ret_var               | 1.13     |
------------------------------------
------------------------------------
| action_max            | 14       |
| action_min            | 0        |
| adv_avg               | -1.31    |
| adv_max               | -0.409   |
| adv_med               | -1.29    |
| adv_min               | -2.99    |
| adv_var               | 0.0514   |
| clipfrac              | 0.33     |
| curr_lr               | 0.001    |
| entropy               | 0.652    |
| eplenmean             | 288      |
| eprewmean             | 26.4     |
| fps                   | 6.19e+03 |
| grad_norm             | 0.746    |
| kl                    | 0.0899   |
| loss_pi               | -0.0626  |
| loss_v                | 0.0276   |
| lr                    | 0.001    |
| misc/nupdates         | 1.45e+03 |
| misc/serial_timesteps | 5.94e+06 |
| misc/time_elapsed     | 984      |
| misc/total_timesteps  | 5.94e+06 |
| ratio_max             | 9.28     |
| ratio_min             | 0.00193  |
| ret_avg               | 0.293    |
| ret_max               | 2.83     |
| ret_med               | 0.181    |
| ret_min               | -1.31    |
| ret_var               | 1.07     |
------------------------------------
------------------------------------
| action_max            | 14       |
| action_min            | 0        |
| adv_avg               | -1.29    |
| adv_max               | -0.0554  |
| adv_med               | -1.29    |
| adv_min               | -2.65    |
| adv_var               | 0.0569   |
| clipfrac              | 0.252    |
| curr_lr               | 0.001    |
| entropy               | 0.509    |
| eplenmean             | 260      |
| eprewmean             | 23       |
| fps                   | 6.14e+03 |
| grad_norm             | 0.956    |
| kl                    | 0.0839   |
| loss_pi               | -0.0515  |
| loss_v                | 0.0201   |
| lr                    | 0.001    |
| misc/nupdates         | 1.46e+03 |
| misc/serial_timesteps | 5.98e+06 |
| misc/time_elapsed     | 991      |
| misc/total_timesteps  | 5.98e+06 |
| ratio_max             | 22.2     |
| ratio_min             | 0.00229  |
| ret_avg               | 0.544    |
| ret_max               | 2.69     |
| ret_med               | 0.756    |
| ret_min               | -1.3     |
| ret_var               | 1.15     |
------------------------------------
