Setting seed: 0
Logging to logs/shared.ppo.karzmarz_False.resnet.dropout_0.0.damping_0.1.lr_0.001/bigfish-easy-0-10.20260720-192208_0
creating environment
Running on device: cuda:0
training...

Number of parameters: 938979.0

------------------------------------
| action_max            | 14       |
| action_min            | 0        |
| adv_avg               | -1.06    |
| adv_max               | 2.22     |
| adv_med               | -1.17    |
| adv_min               | -3.41    |
| adv_var               | 0.399    |
| clipfrac              | 0.25     |
| curr_lr               | 0.001    |
| entropy               | 2.6      |
| eplenmean             | 147      |
| eprewmean             | 1.61     |
| fps                   | 5.85e+03 |
| grad_norm             | 8.43     |
| kl                    | 0.0192   |
| loss_pi               | -0.0373  |
| loss_v                | 0.249    |
| lr                    | 0.001    |
| misc/nupdates         | 9        |
| misc/serial_timesteps | 4.1e+04  |
| misc/time_elapsed     | 7.69     |
| misc/total_timesteps  | 4.1e+04  |
| ratio_max             | 1.79     |
| ratio_min             | 0.415    |
| ret_avg               | 0.624    |
| ret_max               | 4.96     |
| ret_med               | 0.202    |
| ret_min               | -1.2     |
| ret_var               | 1.93     |
------------------------------------
------------------------------------
| action_max            | 14       |
| action_min            | 0        |
| adv_avg               | -1.16    |
| adv_max               | 0.563    |
| adv_med               | -1.17    |
| adv_min               | -3.05    |
| adv_var               | 0.167    |
| clipfrac              | 0.344    |
| curr_lr               | 0.001    |
| entropy               | 2.48     |
| eplenmean             | 156      |
| eprewmean             | 2.51     |
| fps                   | 5.76e+03 |
| grad_norm             | 1.43     |
| kl                    | 0.0245   |
| loss_pi               | -0.0367  |
| loss_v                | 0.093    |
| lr                    | 0.001    |
| misc/nupdates         | 19       |
| misc/serial_timesteps | 8.19e+04 |
| misc/time_elapsed     | 14.8     |
| misc/total_timesteps  | 8.19e+04 |
| ratio_max             | 3.08     |
| ratio_min             | 0.54     |
| ret_avg               | 0.501    |
| ret_max               | 3.57     |
| ret_med               | 0.277    |
| ret_min               | -1.2     |
| ret_var               | 1.58     |
------------------------------------
------------------------------------
| action_max            | 14       |
| action_min            | 0        |
| adv_avg               | -1.17    |
| adv_max               | 1.23     |
| adv_med               | -1.18    |
| adv_min               | -3.24    |
| adv_var               | 0.203    |
| clipfrac              | 0.307    |
| curr_lr               | 0.001    |
| entropy               | 2.39     |
| eplenmean             | 183      |
| eprewmean             | 3.18     |
| fps                   | 5.69e+03 |
| grad_norm             | 0.95     |
| kl                    | 0.0251   |
| loss_pi               | -0.0399  |
| loss_v                | 0.0561   |
| lr                    | 0.001    |
| misc/nupdates         | 29       |
| misc/serial_timesteps | 1.23e+05 |
| misc/time_elapsed     | 21.8     |
| misc/total_timesteps  | 1.23e+05 |
| ratio_max             | 1.85     |
| ratio_min             | 0.43     |
| ret_avg               | 0.502    |
| ret_max               | 5.8      |
| ret_med               | 0.188    |
| ret_min               | -1.18    |
| ret_var               | 1.64     |
------------------------------------
------------------------------------
| action_max            | 14       |
| action_min            | 0        |
| adv_avg               | -1.23    |
| adv_max               | 0.311    |
| adv_med               | -1.21    |
| adv_min               | -3.28    |
| adv_var               | 0.113    |
| clipfrac              | 0.371    |
| curr_lr               | 0.001    |
| entropy               | 2.16     |
| eplenmean             | 206      |
| eprewmean             | 3.04     |
| fps                   | 6.03e+03 |
| grad_norm             | 0.797    |
| kl                    | 0.032    |
| loss_pi               | -0.052   |
| loss_v                | 0.0378   |
| lr                    | 0.001    |
| misc/nupdates         | 39       |
| misc/serial_timesteps | 1.64e+05 |
| misc/time_elapsed     | 28.7     |
| misc/total_timesteps  | 1.64e+05 |
| ratio_max             | 2.51     |
| ratio_min             | 0.377    |
| ret_avg               | 0.618    |
| ret_max               | 4.45     |
| ret_med               | 0.422    |
| ret_min               | -1.15    |
| ret_var               | 1.17     |
------------------------------------
------------------------------------
| action_max            | 14       |
| action_min            | 0        |
| adv_avg               | -1.13    |
| adv_max               | 0.379    |
| adv_med               | -1.12    |
| adv_min               | -3.45    |
| adv_var               | 0.143    |
| clipfrac              | 0.363    |
| curr_lr               | 0.001    |
| entropy               | 2.19     |
| eplenmean             | 222      |
| eprewmean             | 3.59     |
| fps                   | 5.97e+03 |
| grad_norm             | 1        |
| kl                    | 0.0355   |
| loss_pi               | -0.069   |
| loss_v                | 0.0294   |
| lr                    | 0.001    |
| misc/nupdates         | 49       |
| misc/serial_timesteps | 2.05e+05 |
| misc/time_elapsed     | 35.8     |
| misc/total_timesteps  | 2.05e+05 |
| ratio_max             | 2.17     |
| ratio_min             | 0.265    |
| ret_avg               | 0.256    |
| ret_max               | 4.38     |
| ret_med               | 0.0621   |
| ret_min               | -1.15    |
| ret_var               | 1.11     |
------------------------------------
------------------------------------
| action_max            | 14       |
| action_min            | 0        |
| adv_avg               | -1.12    |
| adv_max               | 0.697    |
| adv_med               | -1.13    |
| adv_min               | -2.66    |
| adv_var               | 0.0984   |
| clipfrac              | 0.422    |
| curr_lr               | 0.001    |
| entropy               | 2.05     |
| eplenmean             | 213      |
| eprewmean             | 3.97     |
| fps                   | 5.88e+03 |
| grad_norm             | 0.803    |
| kl                    | 0.0369   |
| loss_pi               | -0.0695  |
| loss_v                | 0.0357   |
| lr                    | 0.001    |
| misc/nupdates         | 59       |
| misc/serial_timesteps | 2.46e+05 |
| misc/time_elapsed     | 42.7     |
| misc/total_timesteps  | 2.46e+05 |
| ratio_max             | 2.5      |
| ratio_min             | 0.36     |
| ret_avg               | 0.588    |
| ret_max               | 4.49     |
| ret_med               | 0.387    |
| ret_min               | -1.17    |
| ret_var               | 1.29     |
------------------------------------
------------------------------------
| action_max            | 14       |
| action_min            | 0        |
| adv_avg               | -1.1     |
| adv_max               | 0.296    |
| adv_med               | -1.11    |
| adv_min               | -2.64    |
| adv_var               | 0.0734   |
| clipfrac              | 0.453    |
| curr_lr               | 0.001    |
| entropy               | 1.89     |
| eplenmean             | 209      |
| eprewmean             | 4.54     |
| fps                   | 5.62e+03 |
| grad_norm             | 0.804    |
| kl                    | 0.0397   |
| loss_pi               | -0.0797  |
| loss_v                | 0.0238   |
| lr                    | 0.001    |
| misc/nupdates         | 69       |
| misc/serial_timesteps | 2.87e+05 |
| misc/time_elapsed     | 49.9     |
| misc/total_timesteps  | 2.87e+05 |
| ratio_max             | 2.14     |
| ratio_min             | 0.245    |
| ret_avg               | 0.485    |
| ret_max               | 4.6      |
| ret_med               | 0.097    |
| ret_min               | -1.18    |
| ret_var               | 1.49     |
------------------------------------
------------------------------------
| action_max            | 14       |
| action_min            | 0        |
| adv_avg               | -1.08    |
| adv_max               | 0.0764   |
| adv_med               | -1.11    |
| adv_min               | -2.62    |
| adv_var               | 0.0507   |
| clipfrac              | 0.42     |
| curr_lr               | 0.001    |
| entropy               | 2.04     |
| eplenmean             | 217      |
| eprewmean             | 4.85     |
| fps                   | 5.55e+03 |
| grad_norm             | 0.776    |
| kl                    | 0.0398   |
| loss_pi               | -0.0552  |
| loss_v                | 0.012    |
| lr                    | 0.001    |
| misc/nupdates         | 79       |
| misc/serial_timesteps | 3.28e+05 |
| misc/time_elapsed     | 57.2     |
| misc/total_timesteps  | 3.28e+05 |
| ratio_max             | 2.78     |
| ratio_min             | 0.256    |
| ret_avg               | 0.171    |
| ret_max               | 4.21     |
| ret_med               | -0.0852  |
| ret_min               | -1.13    |
| ret_var               | 1.18     |
------------------------------------
------------------------------------
| action_max            | 14       |
| action_min            | 0        |
| adv_avg               | -1.12    |
| adv_max               | -0.0698  |
| adv_med               | -1.13    |
| adv_min               | -2.4     |
| adv_var               | 0.0486   |
| clipfrac              | 0.387    |
| curr_lr               | 0.001    |
| entropy               | 1.83     |
| eplenmean             | 220      |
| eprewmean             | 5.38     |
| fps                   | 5.69e+03 |
| grad_norm             | 1.31     |
| kl                    | 0.0351   |
| loss_pi               | -0.0655  |
| loss_v                | 0.0181   |
| lr                    | 0.001    |
| misc/nupdates         | 89       |
| misc/serial_timesteps | 3.69e+05 |
| misc/time_elapsed     | 64.4     |
| misc/total_timesteps  | 3.69e+05 |
| ratio_max             | 2.11     |
| ratio_min             | 0.318    |
| ret_avg               | 0.509    |
| ret_max               | 4.12     |
| ret_med               | 0.309    |
| ret_min               | -1.13    |
| ret_var               | 1.49     |
------------------------------------
------------------------------------
| action_max            | 14       |
| action_min            | 0        |
| adv_avg               | -1.12    |
| adv_max               | -0.0869  |
| adv_med               | -1.1     |
| adv_min               | -2.73    |
| adv_var               | 0.062    |
| clipfrac              | 0.381    |
| curr_lr               | 0.001    |
| entropy               | 1.8      |
| eplenmean             | 221      |
| eprewmean             | 5.85     |
| fps                   | 5.71e+03 |
| grad_norm             | 0.848    |
| kl                    | 0.0375   |
| loss_pi               | -0.0732  |
| loss_v                | 0.0165   |
| lr                    | 0.001    |
| misc/nupdates         | 99       |
| misc/serial_timesteps | 4.1e+05  |
| misc/time_elapsed     | 71.7     |
| misc/total_timesteps  | 4.1e+05  |
| ratio_max             | 2.22     |
| ratio_min             | 0.185    |
| ret_avg               | 0.554    |
| ret_max               | 4.15     |
| ret_med               | 0.11     |
| ret_min               | -1.13    |
| ret_var               | 1.83     |
------------------------------------
------------------------------------
| action_max            | 14       |
| action_min            | 0        |
| adv_avg               | -1.07    |
| adv_max               | -0.245   |
| adv_med               | -1.08    |
| adv_min               | -1.86    |
| adv_var               | 0.029    |
| clipfrac              | 0.381    |
| curr_lr               | 0.001    |
| entropy               | 1.79     |
| eplenmean             | 206      |
| eprewmean             | 5.43     |
| fps                   | 5.85e+03 |
| grad_norm             | 0.772    |
| kl                    | 0.0373   |
| loss_pi               | -0.0586  |
| loss_v                | 0.00804  |
| lr                    | 0.001    |
| misc/nupdates         | 109      |
| misc/serial_timesteps | 4.51e+05 |
| misc/time_elapsed     | 78.9     |
| misc/total_timesteps  | 4.51e+05 |
| ratio_max             | 2.39     |
| ratio_min             | 0.267    |
| ret_avg               | 0.576    |
| ret_max               | 4.37     |
| ret_med               | 0.235    |
| ret_min               | -1.1     |
| ret_var               | 1.63     |
------------------------------------
------------------------------------
| action_max            | 14       |
| action_min            | 0        |
| adv_avg               | -1.07    |
| adv_max               | 0.383    |
| adv_med               | -1.07    |
| adv_min               | -4.01    |
| adv_var               | 0.0725   |
| clipfrac              | 0.389    |
| curr_lr               | 0.001    |
| entropy               | 1.68     |
| eplenmean             | 258      |
| eprewmean             | 6.42     |
| fps                   | 5.77e+03 |
| grad_norm             | 1.07     |
| kl                    | 0.0383   |
| loss_pi               | -0.0638  |
| loss_v                | 0.0206   |
| lr                    | 0.001    |
| misc/nupdates         | 119      |
| misc/serial_timesteps | 4.92e+05 |
| misc/time_elapsed     | 86       |
| misc/total_timesteps  | 4.92e+05 |
| ratio_max             | 3.64     |
| ratio_min             | 0.24     |
| ret_avg               | 0.519    |
| ret_max               | 3.91     |
| ret_med               | 0.191    |
| ret_min               | -1.09    |
| ret_var               | 1.42     |
------------------------------------
------------------------------------
| action_max            | 14       |
| action_min            | 0        |
| adv_avg               | -1.1     |
| adv_max               | -0.196   |
| adv_med               | -1.09    |
| adv_min               | -2.53    |
| adv_var               | 0.038    |
| clipfrac              | 0.424    |
| curr_lr               | 0.001    |
| entropy               | 1.69     |
| eplenmean             | 280      |
| eprewmean             | 6.63     |
| fps                   | 5.59e+03 |
| grad_norm             | 0.854    |
| kl                    | 0.0431   |
| loss_pi               | -0.0683  |
| loss_v                | 0.0117   |
| lr                    | 0.001    |
| misc/nupdates         | 129      |
| misc/serial_timesteps | 5.32e+05 |
| misc/time_elapsed     | 93.3     |
| misc/total_timesteps  | 5.32e+05 |
| ratio_max             | 2.52     |
| ratio_min             | 0.0875   |
| ret_avg               | 0.478    |
| ret_max               | 4.52     |
| ret_med               | 0.0206   |
| ret_min               | -1.1     |
| ret_var               | 1.76     |
------------------------------------
------------------------------------
| action_max            | 14       |
| action_min            | 0        |
| adv_avg               | -1.1     |
| adv_max               | -0.0503  |
| adv_med               | -1.1     |
| adv_min               | -2.31    |
| adv_var               | 0.0353   |
| clipfrac              | 0.475    |
| curr_lr               | 0.001    |
| entropy               | 1.56     |
| eplenmean             | 239      |
| eprewmean             | 6.4      |
| fps                   | 5.5e+03  |
| grad_norm             | 1.01     |
| kl                    | 0.0515   |
| loss_pi               | -0.0755  |
| loss_v                | 0.0132   |
| lr                    | 0.001    |
| misc/nupdates         | 139      |
| misc/serial_timesteps | 5.73e+05 |
| misc/time_elapsed     | 101      |
| misc/total_timesteps  | 5.73e+05 |
| ratio_max             | 6.06     |
| ratio_min             | 0.125    |
| ret_avg               | 0.614    |
| ret_max               | 4.43     |
| ret_med               | 0.326    |
| ret_min               | -1.11    |
| ret_var               | 1.92     |
------------------------------------
------------------------------------
| action_max            | 14       |
| action_min            | 0        |
| adv_avg               | -1.12    |
| adv_max               | -0.153   |
| adv_med               | -1.09    |
| adv_min               | -3.64    |
| adv_var               | 0.0801   |
| clipfrac              | 0.402    |
| curr_lr               | 0.001    |
| entropy               | 1.5      |
| eplenmean             | 254      |
| eprewmean             | 6.6      |
| fps                   | 5.7e+03  |
| grad_norm             | 1.28     |
| kl                    | 0.0429   |
| loss_pi               | -0.0526  |
| loss_v                | 0.0179   |
| lr                    | 0.001    |
| misc/nupdates         | 149      |
| misc/serial_timesteps | 6.14e+05 |
| misc/time_elapsed     | 108      |
| misc/total_timesteps  | 6.14e+05 |
| ratio_max             | 2.73     |
| ratio_min             | 0.1      |
| ret_avg               | 0.373    |
| ret_max               | 3.42     |
| ret_med               | 0.235    |
| ret_min               | -1.15    |
| ret_var               | 1.2      |
------------------------------------
------------------------------------
| action_max            | 14       |
| action_min            | 0        |
| adv_avg               | -1.11    |
| adv_max               | -0.181   |
| adv_med               | -1.11    |
| adv_min               | -2.37    |
| adv_var               | 0.0359   |
| clipfrac              | 0.502    |
| curr_lr               | 0.001    |
| entropy               | 1.37     |
| eplenmean             | 277      |
| eprewmean             | 7.35     |
| fps                   | 5.85e+03 |
| grad_norm             | 0.697    |
| kl                    | 0.0673   |
| loss_pi               | -0.0718  |
| loss_v                | 0.014    |
| lr                    | 0.001    |
| misc/nupdates         | 159      |
| misc/serial_timesteps | 6.55e+05 |
| misc/time_elapsed     | 115      |
| misc/total_timesteps  | 6.55e+05 |
| ratio_max             | 3.01     |
| ratio_min             | 0.148    |
| ret_avg               | 0.538    |
| ret_max               | 2.36     |
| ret_med               | 0.598    |
| ret_min               | -1.17    |
| ret_var               | 0.642    |
------------------------------------
------------------------------------
| action_max            | 14       |
| action_min            | 0        |
| adv_avg               | -1.14    |
| adv_max               | -0.218   |
| adv_med               | -1.13    |
| adv_min               | -2.58    |
| adv_var               | 0.0393   |
| clipfrac              | 0.471    |
| curr_lr               | 0.001    |
| entropy               | 1.33     |
| eplenmean             | 304      |
| eprewmean             | 6.95     |
| fps                   | 5.72e+03 |
| grad_norm             | 0.825    |
| kl                    | 0.0574   |
| loss_pi               | -0.0705  |
| loss_v                | 0.0134   |
| lr                    | 0.001    |
| misc/nupdates         | 169      |
| misc/serial_timesteps | 6.96e+05 |
| misc/time_elapsed     | 122      |
| misc/total_timesteps  | 6.96e+05 |
| ratio_max             | 3.33     |
| ratio_min             | 0.226    |
| ret_avg               | 0.842    |
| ret_max               | 3.3      |
| ret_med               | 0.869    |
| ret_min               | -1.16    |
| ret_var               | 1.2      |
------------------------------------
------------------------------------
| action_max            | 14       |
| action_min            | 0        |
| adv_avg               | -1.15    |
| adv_max               | -0.2     |
| adv_med               | -1.16    |
| adv_min               | -2.32    |
| adv_var               | 0.038    |
| clipfrac              | 0.457    |
| curr_lr               | 0.001    |
| entropy               | 1.24     |
| eplenmean             | 273      |
| eprewmean             | 7.25     |
| fps                   | 5.79e+03 |
| grad_norm             | 0.766    |
| kl                    | 0.0575   |
| loss_pi               | -0.0667  |
| loss_v                | 0.0134   |
| lr                    | 0.001    |
| misc/nupdates         | 179      |
| misc/serial_timesteps | 7.37e+05 |
| misc/time_elapsed     | 130      |
| misc/total_timesteps  | 7.37e+05 |
| ratio_max             | 3.1      |
| ratio_min             | 0.185    |
| ret_avg               | 0.832    |
| ret_max               | 3.68     |
| ret_med               | 1.04     |
| ret_min               | -1.2     |
| ret_var               | 1.66     |
------------------------------------
------------------------------------
| action_max            | 14       |
| action_min            | 0        |
| adv_avg               | -1.2     |
| adv_max               | -0.497   |
| adv_med               | -1.19    |
| adv_min               | -2.33    |
| adv_var               | 0.031    |
| clipfrac              | 0.436    |
| curr_lr               | 0.001    |
| entropy               | 1.37     |
| eplenmean             | 292      |
| eprewmean             | 7.42     |
| fps                   | 5.72e+03 |
| grad_norm             | 0.539    |
| kl                    | 0.0612   |
| loss_pi               | -0.0723  |
| loss_v                | 0.0107   |
| lr                    | 0.001    |
| misc/nupdates         | 189      |
| misc/serial_timesteps | 7.78e+05 |
| misc/time_elapsed     | 137      |
| misc/total_timesteps  | 7.78e+05 |
| ratio_max             | 2.69     |
| ratio_min             | 0.0261   |
| ret_avg               | 0.377    |
| ret_max               | 3.01     |
| ret_med               | 0.394    |
| ret_min               | -1.2     |
| ret_var               | 0.925    |
------------------------------------
------------------------------------
| action_max            | 14       |
| action_min            | 0        |
| adv_avg               | -1.18    |
| adv_max               | -0.0453  |
| adv_med               | -1.19    |
| adv_min               | -1.91    |
| adv_var               | 0.0313   |
| clipfrac              | 0.465    |
| curr_lr               | 0.001    |
| entropy               | 1.31     |
| eplenmean             | 284      |
| eprewmean             | 7.05     |
| fps                   | 5.92e+03 |
| grad_norm             | 0.689    |
| kl                    | 0.0509   |
| loss_pi               | -0.0707  |
| loss_v                | 0.00938  |
| lr                    | 0.001    |
| misc/nupdates         | 199      |
| misc/serial_timesteps | 8.19e+05 |
| misc/time_elapsed     | 144      |
| misc/total_timesteps  | 8.19e+05 |
| ratio_max             | 3.45     |
| ratio_min             | 0.113    |
| ret_avg               | 0.704    |
| ret_max               | 3.11     |
| ret_med               | 0.807    |
| ret_min               | -1.21    |
| ret_var               | 1.01     |
------------------------------------
------------------------------------
| action_max            | 14       |
| action_min            | 0        |
| adv_avg               | -1.17    |
| adv_max               | -0.197   |
| adv_med               | -1.18    |
| adv_min               | -2.1     |
| adv_var               | 0.0313   |
| clipfrac              | 0.434    |
| curr_lr               | 0.001    |
| entropy               | 1.2      |
| eplenmean             | 268      |
| eprewmean             | 6.87     |
| fps                   | 5.98e+03 |
| grad_norm             | 0.722    |
| kl                    | 0.052    |
| loss_pi               | -0.0653  |
| loss_v                | 0.00845  |
| lr                    | 0.001    |
| misc/nupdates         | 209      |
| misc/serial_timesteps | 8.6e+05  |
| misc/time_elapsed     | 151      |
| misc/total_timesteps  | 8.6e+05  |
| ratio_max             | 4.12     |
| ratio_min             | 0.168    |
| ret_avg               | 0.659    |
| ret_max               | 3.22     |
| ret_med               | 0.487    |
| ret_min               | -1.22    |
| ret_var               | 1.36     |
------------------------------------
------------------------------------
| action_max            | 14       |
| action_min            | 0        |
| adv_avg               | -1.2     |
| adv_max               | -0.319   |
| adv_med               | -1.2     |
| adv_min               | -2.26    |
| adv_var               | 0.0323   |
| clipfrac              | 0.406    |
| curr_lr               | 0.001    |
| entropy               | 1.1      |
| eplenmean             | 299      |
| eprewmean             | 8.26     |
| fps                   | 5.81e+03 |
| grad_norm             | 0.547    |
| kl                    | 0.051    |
| loss_pi               | -0.072   |
| loss_v                | 0.00987  |
| lr                    | 0.001    |
| misc/nupdates         | 219      |
| misc/serial_timesteps | 9.01e+05 |
| misc/time_elapsed     | 158      |
| misc/total_timesteps  | 9.01e+05 |
| ratio_max             | 3.4      |
| ratio_min             | 0.171    |
| ret_avg               | 1        |
| ret_max               | 3.31     |
| ret_med               | 0.9      |
| ret_min               | -1.25    |
| ret_var               | 1.59     |
------------------------------------
------------------------------------
| action_max            | 14       |
| action_min            | 0        |
| adv_avg               | -1.19    |
| adv_max               | 0.102    |
| adv_med               | -1.2     |
| adv_min               | -2.98    |
| adv_var               | 0.0612   |
| clipfrac              | 0.41     |
| curr_lr               | 0.001    |
| entropy               | 1.17     |
| eplenmean             | 323      |
| eprewmean             | 9.3      |
| fps                   | 5.93e+03 |
| grad_norm             | 0.802    |
| kl                    | 0.0528   |
| loss_pi               | -0.0746  |
| loss_v                | 0.0185   |
| lr                    | 0.001    |
| misc/nupdates         | 229      |
| misc/serial_timesteps | 9.42e+05 |
| misc/time_elapsed     | 165      |
| misc/total_timesteps  | 9.42e+05 |
| ratio_max             | 8.02     |
| ratio_min             | 0.207    |
| ret_avg               | 0.761    |
| ret_max               | 2.76     |
| ret_med               | 0.806    |
| ret_min               | -1.25    |
| ret_var               | 0.784    |
------------------------------------
------------------------------------
| action_max            | 14       |
| action_min            | 0        |
| adv_avg               | -1.23    |
| adv_max               | 1.66     |
| adv_med               | -1.23    |
| adv_min               | -3.9     |
| adv_var               | 0.0669   |
| clipfrac              | 0.371    |
| curr_lr               | 0.001    |
| entropy               | 1.19     |
| eplenmean             | 329      |
| eprewmean             | 8.95     |
| fps                   | 5.65e+03 |
| grad_norm             | 0.509    |
| kl                    | 0.0473   |
| loss_pi               | -0.0577  |
| loss_v                | 0.0129   |
| lr                    | 0.001    |
| misc/nupdates         | 239      |
| misc/serial_timesteps | 9.83e+05 |
| misc/time_elapsed     | 172      |
| misc/total_timesteps  | 9.83e+05 |
| ratio_max             | 6.25     |
| ratio_min             | 0.19     |
| ret_avg               | 0.727    |
| ret_max               | 4.06     |
| ret_med               | 0.492    |
| ret_min               | -1.24    |
| ret_var               | 1.64     |
------------------------------------
------------------------------------
| action_max            | 14       |
| action_min            | 0        |
| adv_avg               | -1.28    |
| adv_max               | -0.396   |
| adv_med               | -1.26    |
| adv_min               | -3.09    |
| adv_var               | 0.0534   |
| clipfrac              | 0.422    |
| curr_lr               | 0.001    |
| entropy               | 1.08     |
| eplenmean             | 317      |
| eprewmean             | 9.09     |
| fps                   | 5.86e+03 |
| grad_norm             | 0.614    |
| kl                    | 0.0603   |
| loss_pi               | -0.0603  |
| loss_v                | 0.0209   |
| lr                    | 0.001    |
| misc/nupdates         | 249      |
| misc/serial_timesteps | 1.02e+06 |
| misc/time_elapsed     | 179      |
| misc/total_timesteps  | 1.02e+06 |
| ratio_max             | 2.45     |
| ratio_min             | 0.0843   |
| ret_avg               | 1        |
| ret_max               | 3.64     |
| ret_med               | 1.17     |
| ret_min               | -1.25    |
| ret_var               | 1.29     |
------------------------------------
------------------------------------
| action_max            | 14       |
| action_min            | 0        |
| adv_avg               | -1.21    |
| adv_max               | -0.154   |
| adv_med               | -1.21    |
| adv_min               | -2.75    |
| adv_var               | 0.0595   |
| clipfrac              | 0.412    |
| curr_lr               | 0.001    |
| entropy               | 1.22     |
| eplenmean             | 331      |
| eprewmean             | 9.24     |
| fps                   | 5.45e+03 |
| grad_norm             | 0.815    |
| kl                    | 0.0522   |
| loss_pi               | -0.0764  |
| loss_v                | 0.0161   |
| lr                    | 0.001    |
| misc/nupdates         | 259      |
| misc/serial_timesteps | 1.06e+06 |
| misc/time_elapsed     | 187      |
| misc/total_timesteps  | 1.06e+06 |
| ratio_max             | 4        |
| ratio_min             | 0.195    |
| ret_avg               | 0.708    |
| ret_max               | 2.25     |
| ret_med               | 0.728    |
| ret_min               | -1.27    |
| ret_var               | 0.741    |
------------------------------------
------------------------------------
| action_max            | 14       |
| action_min            | 0        |
| adv_avg               | -1.25    |
| adv_max               | -0.587   |
| adv_med               | -1.25    |
| adv_min               | -2.12    |
| adv_var               | 0.0388   |
| clipfrac              | 0.467    |
| curr_lr               | 0.001    |
| entropy               | 1.42     |
| eplenmean             | 339      |
| eprewmean             | 8.76     |
| fps                   | 5.77e+03 |
| grad_norm             | 0.555    |
| kl                    | 0.0603   |
| loss_pi               | -0.0984  |
| loss_v                | 0.0101   |
| lr                    | 0.001    |
| misc/nupdates         | 269      |
| misc/serial_timesteps | 1.11e+06 |
| misc/time_elapsed     | 194      |
| misc/total_timesteps  | 1.11e+06 |
| ratio_max             | 4.08     |
| ratio_min             | 0.175    |
| ret_avg               | 0.349    |
| ret_max               | 2.76     |
| ret_med               | 0.0609   |
| ret_min               | -1.28    |
| ret_var               | 1.13     |
------------------------------------
------------------------------------
| action_max            | 14       |
| action_min            | 0        |
| adv_avg               | -1.3     |
| adv_max               | -0.483   |
| adv_med               | -1.27    |
| adv_min               | -3.5     |
| adv_var               | 0.0864   |
| clipfrac              | 0.352    |
| curr_lr               | 0.001    |
| entropy               | 1.19     |
| eplenmean             | 325      |
| eprewmean             | 8.54     |
| fps                   | 5.39e+03 |
| grad_norm             | 1.1      |
| kl                    | 0.0586   |
| loss_pi               | -0.0607  |
| loss_v                | 0.0181   |
| lr                    | 0.001    |
| misc/nupdates         | 279      |
| misc/serial_timesteps | 1.15e+06 |
| misc/time_elapsed     | 201      |
| misc/total_timesteps  | 1.15e+06 |
| ratio_max             | 4.45     |
| ratio_min             | 0.11     |
| ret_avg               | 0.657    |
| ret_max               | 3.32     |
| ret_med               | 0.395    |
| ret_min               | -1.28    |
| ret_var               | 1.63     |
------------------------------------
------------------------------------
| action_max            | 14       |
| action_min            | 0        |
| adv_avg               | -1.32    |
| adv_max               | -0.334   |
| adv_med               | -1.29    |
| adv_min               | -3.47    |
| adv_var               | 0.0707   |
| clipfrac              | 0.373    |
| curr_lr               | 0.001    |
| entropy               | 1.14     |
| eplenmean             | 319      |
| eprewmean             | 7.58     |
| fps                   | 5.57e+03 |
| grad_norm             | 0.606    |
| kl                    | 0.0577   |
| loss_pi               | -0.0567  |
| loss_v                | 0.0275   |
| lr                    | 0.001    |
| misc/nupdates         | 289      |
| misc/serial_timesteps | 1.19e+06 |
| misc/time_elapsed     | 209      |
| misc/total_timesteps  | 1.19e+06 |
| ratio_max             | 4.08     |
| ratio_min             | 0.00512  |
| ret_avg               | 0.666    |
| ret_max               | 3.81     |
| ret_med               | 0.508    |
| ret_min               | -1.3     |
| ret_var               | 1.89     |
------------------------------------
------------------------------------
| action_max            | 14       |
| action_min            | 0        |
| adv_avg               | -1.25    |
| adv_max               | 2.51     |
| adv_med               | -1.26    |
| adv_min               | -2.58    |
| adv_var               | 0.0713   |
| clipfrac              | 0.381    |
| curr_lr               | 0.001    |
| entropy               | 1.17     |
| eplenmean             | 320      |
| eprewmean             | 8.18     |
| fps                   | 5.43e+03 |
| grad_norm             | 0.531    |
| kl                    | 0.0593   |
| loss_pi               | -0.0559  |
| loss_v                | 0.0239   |
| lr                    | 0.001    |
| misc/nupdates         | 299      |
| misc/serial_timesteps | 1.23e+06 |
| misc/time_elapsed     | 216      |
| misc/total_timesteps  | 1.23e+06 |
| ratio_max             | 4.17     |
| ratio_min             | 0.135    |
| ret_avg               | 0.455    |
| ret_max               | 3.04     |
| ret_med               | 0.255    |
| ret_min               | -1.29    |
| ret_var               | 1.11     |
------------------------------------
------------------------------------
| action_max            | 14       |
| action_min            | 0        |
| adv_avg               | -1.36    |
| adv_max               | -0.366   |
| adv_med               | -1.34    |
| adv_min               | -3.45    |
| adv_var               | 0.0495   |
| clipfrac              | 0.443    |
| curr_lr               | 0.001    |
| entropy               | 1.22     |
| eplenmean             | 326      |
| eprewmean             | 7.74     |
| fps                   | 5.76e+03 |
| grad_norm             | 0.543    |
| kl                    | 0.0649   |
| loss_pi               | -0.0663  |
| loss_v                | 0.021    |
| lr                    | 0.001    |
| misc/nupdates         | 309      |
| misc/serial_timesteps | 1.27e+06 |
| misc/time_elapsed     | 224      |
| misc/total_timesteps  | 1.27e+06 |
| ratio_max             | 3.41     |
| ratio_min             | 0.168    |
| ret_avg               | 0.283    |
| ret_max               | 2.51     |
| ret_med               | 0.248    |
| ret_min               | -1.29    |
| ret_var               | 1.09     |
------------------------------------
------------------------------------
| action_max            | 14       |
| action_min            | 0        |
| adv_avg               | -1.29    |
| adv_max               | 0.00724  |
| adv_med               | -1.29    |
| adv_min               | -1.9     |
| adv_var               | 0.0238   |
| clipfrac              | 0.465    |
| curr_lr               | 0.001    |
| entropy               | 1.08     |
| eplenmean             | 296      |
| eprewmean             | 7.68     |
| fps                   | 5.62e+03 |
| grad_norm             | 0.53     |
| kl                    | 0.0756   |
| loss_pi               | -0.0847  |
| loss_v                | 0.00812  |
| lr                    | 0.001    |
| misc/nupdates         | 319      |
| misc/serial_timesteps | 1.31e+06 |
| misc/time_elapsed     | 231      |
| misc/total_timesteps  | 1.31e+06 |
| ratio_max             | 4.83     |
| ratio_min             | 0.057    |
| ret_avg               | 0.237    |
| ret_max               | 2.36     |
| ret_med               | 0.151    |
| ret_min               | -1.37    |
| ret_var               | 0.96     |
------------------------------------
------------------------------------
| action_max            | 14       |
| action_min            | 0        |
| adv_avg               | -1.28    |
| adv_max               | -0.428   |
| adv_med               | -1.28    |
| adv_min               | -2.81    |
| adv_var               | 0.0322   |
| clipfrac              | 0.43     |
| curr_lr               | 0.001    |
| entropy               | 1.1      |
| eplenmean             | 309      |
| eprewmean             | 8.09     |
| fps                   | 5.82e+03 |
| grad_norm             | 0.621    |
| kl                    | 0.0665   |
| loss_pi               | -0.0616  |
| loss_v                | 0.0114   |
| lr                    | 0.001    |
| misc/nupdates         | 329      |
| misc/serial_timesteps | 1.35e+06 |
| misc/time_elapsed     | 238      |
| misc/total_timesteps  | 1.35e+06 |
| ratio_max             | 4.56     |
| ratio_min             | 0.0755   |
| ret_avg               | 0.127    |
| ret_max               | 2.36     |
| ret_med               | 0.00813  |
| ret_min               | -1.3     |
| ret_var               | 0.673    |
------------------------------------
------------------------------------
| action_max            | 14       |
| action_min            | 0        |
| adv_avg               | -1.26    |
| adv_max               | -0.558   |
| adv_med               | -1.26    |
| adv_min               | -2.83    |
| adv_var               | 0.0309   |
| clipfrac              | 0.389    |
| curr_lr               | 0.001    |
| entropy               | 0.914    |
| eplenmean             | 314      |
| eprewmean             | 7.34     |
| fps                   | 5.89e+03 |
| grad_norm             | 0.526    |
| kl                    | 0.0723   |
| loss_pi               | -0.066   |
| loss_v                | 0.00797  |
| lr                    | 0.001    |
| misc/nupdates         | 339      |
| misc/serial_timesteps | 1.39e+06 |
| misc/time_elapsed     | 245      |
| misc/total_timesteps  | 1.39e+06 |
| ratio_max             | 4.65     |
| ratio_min             | 0.0383   |
| ret_avg               | 0.483    |
| ret_max               | 2.82     |
| ret_med               | 0.701    |
| ret_min               | -1.3     |
| ret_var               | 1.34     |
------------------------------------
------------------------------------
| action_max            | 14       |
| action_min            | 0        |
| adv_avg               | -1.27    |
| adv_max               | 0.0662   |
| adv_med               | -1.28    |
| adv_min               | -2.13    |
| adv_var               | 0.0298   |
| clipfrac              | 0.334    |
| curr_lr               | 0.001    |
| entropy               | 0.989    |
| eplenmean             | 360      |
| eprewmean             | 9.75     |
| fps                   | 6.03e+03 |
| grad_norm             | 0.758    |
| kl                    | 0.0579   |
| loss_pi               | -0.0632  |
| loss_v                | 0.00817  |
| lr                    | 0.001    |
| misc/nupdates         | 349      |
| misc/serial_timesteps | 1.43e+06 |
| misc/time_elapsed     | 252      |
| misc/total_timesteps  | 1.43e+06 |
| ratio_max             | 3.82     |
| ratio_min             | 0.0483   |
| ret_avg               | 0.577    |
| ret_max               | 3        |
| ret_med               | 0.363    |
| ret_min               | -1.31    |
| ret_var               | 1.01     |
------------------------------------
------------------------------------
| action_max            | 14       |
| action_min            | 0        |
| adv_avg               | -1.35    |
| adv_max               | -0.419   |
| adv_med               | -1.31    |
| adv_min               | -4.1     |
| adv_var               | 0.0731   |
| clipfrac              | 0.381    |
| curr_lr               | 0.001    |
| entropy               | 1.07     |
| eplenmean             | 317      |
| eprewmean             | 9.18     |
| fps                   | 5.92e+03 |
| grad_norm             | 0.471    |
| kl                    | 0.0725   |
| loss_pi               | -0.0652  |
| loss_v                | 0.0226   |
| lr                    | 0.001    |
| misc/nupdates         | 359      |
| misc/serial_timesteps | 1.47e+06 |
| misc/time_elapsed     | 259      |
| misc/total_timesteps  | 1.47e+06 |
| ratio_max             | 5.35     |
| ratio_min             | 0.0526   |
| ret_avg               | 0.543    |
| ret_max               | 3.35     |
| ret_med               | 0.354    |
| ret_min               | -1.32    |
| ret_var               | 1.52     |
------------------------------------
------------------------------------
| action_max            | 14       |
| action_min            | 0        |
| adv_avg               | -1.28    |
| adv_max               | 0.367    |
| adv_med               | -1.29    |
| adv_min               | -2.1     |
| adv_var               | 0.0298   |
| clipfrac              | 0.4      |
| curr_lr               | 0.001    |
| entropy               | 1.05     |
| eplenmean             | 360      |
| eprewmean             | 10.6     |
| fps                   | 6.02e+03 |
| grad_norm             | 0.785    |
| kl                    | 0.0639   |
| loss_pi               | -0.0735  |
| loss_v                | 0.0117   |
| lr                    | 0.001    |
| misc/nupdates         | 369      |
| misc/serial_timesteps | 1.52e+06 |
| misc/time_elapsed     | 266      |
| misc/total_timesteps  | 1.52e+06 |
| ratio_max             | 3.36     |
| ratio_min             | 0.0513   |
| ret_avg               | 0.721    |
| ret_max               | 3.47     |
| ret_med               | 0.598    |
| ret_min               | -1.32    |
| ret_var               | 1.5      |
------------------------------------
------------------------------------
| action_max            | 14       |
| action_min            | 0        |
| adv_avg               | -1.31    |
| adv_max               | -0.189   |
| adv_med               | -1.29    |
| adv_min               | -3.98    |
| adv_var               | 0.102    |
| clipfrac              | 0.369    |
| curr_lr               | 0.001    |
| entropy               | 1.05     |
| eplenmean             | 369      |
| eprewmean             | 10.5     |
| fps                   | 5.89e+03 |
| grad_norm             | 1.02     |
| kl                    | 0.065    |
| loss_pi               | -0.0405  |
| loss_v                | 0.0558   |
| lr                    | 0.001    |
| misc/nupdates         | 379      |
| misc/serial_timesteps | 1.56e+06 |
| misc/time_elapsed     | 273      |
| misc/total_timesteps  | 1.56e+06 |
| ratio_max             | 3.73     |
| ratio_min             | 0.0161   |
| ret_avg               | 0.92     |
| ret_max               | 4.39     |
| ret_med               | 0.782    |
| ret_min               | -1.32    |
| ret_var               | 1.77     |
------------------------------------
------------------------------------
| action_max            | 14       |
| action_min            | 0        |
| adv_avg               | -1.28    |
| adv_max               | 0.596    |
| adv_med               | -1.28    |
| adv_min               | -4.01    |
| adv_var               | 0.135    |
| clipfrac              | 0.289    |
| curr_lr               | 0.001    |
| entropy               | 0.951    |
| eplenmean             | 310      |
| eprewmean             | 8.9      |
| fps                   | 5.73e+03 |
| grad_norm             | 0.723    |
| kl                    | 0.0487   |
| loss_pi               | -0.0491  |
| loss_v                | 0.0388   |
| lr                    | 0.001    |
| misc/nupdates         | 389      |
| misc/serial_timesteps | 1.6e+06  |
| misc/time_elapsed     | 280      |
| misc/total_timesteps  | 1.6e+06  |
| ratio_max             | 3.27     |
| ratio_min             | 0.155    |
| ret_avg               | 1.02     |
| ret_max               | 4.36     |
| ret_med               | 0.746    |
| ret_min               | -1.32    |
| ret_var               | 2.16     |
------------------------------------
------------------------------------
| action_max            | 14       |
| action_min            | 0        |
| adv_avg               | -1.32    |
| adv_max               | -0.544   |
| adv_med               | -1.31    |
| adv_min               | -3.28    |
| adv_var               | 0.0371   |
| clipfrac              | 0.455    |
| curr_lr               | 0.001    |
| entropy               | 1.06     |
| eplenmean             | 297      |
| eprewmean             | 7.76     |
| fps                   | 5.89e+03 |
| grad_norm             | 0.553    |
| kl                    | 0.0796   |
| loss_pi               | -0.0726  |
| loss_v                | 0.0151   |
| lr                    | 0.001    |
| misc/nupdates         | 399      |
| misc/serial_timesteps | 1.64e+06 |
| misc/time_elapsed     | 287      |
| misc/total_timesteps  | 1.64e+06 |
| ratio_max             | 3.46     |
| ratio_min             | 0.0216   |
| ret_avg               | 0.511    |
| ret_max               | 3.45     |
| ret_med               | 0.108    |
| ret_min               | -1.31    |
| ret_var               | 1.45     |
------------------------------------
------------------------------------
| action_max            | 14       |
| action_min            | 0        |
| adv_avg               | -1.28    |
| adv_max               | -0.0507  |
| adv_med               | -1.27    |
| adv_min               | -3.1     |
| adv_var               | 0.0552   |
| clipfrac              | 0.424    |
| curr_lr               | 0.001    |
| entropy               | 1.21     |
| eplenmean             | 300      |
| eprewmean             | 7.4      |
| fps                   | 5.88e+03 |
| grad_norm             | 0.472    |
| kl                    | 0.067    |
| loss_pi               | -0.0629  |
| loss_v                | 0.0121   |
| lr                    | 0.001    |
| misc/nupdates         | 409      |
| misc/serial_timesteps | 1.68e+06 |
| misc/time_elapsed     | 294      |
| misc/total_timesteps  | 1.68e+06 |
| ratio_max             | 3.26     |
| ratio_min             | 0.00263  |
| ret_avg               | 0.206    |
| ret_max               | 2.32     |
| ret_med               | -0.0423  |
| ret_min               | -1.31    |
| ret_var               | 0.758    |
------------------------------------
------------------------------------
| action_max            | 14       |
| action_min            | 0        |
| adv_avg               | -1.3     |
| adv_max               | -0.487   |
| adv_med               | -1.3     |
| adv_min               | -2.45    |
| adv_var               | 0.0262   |
| clipfrac              | 0.436    |
| curr_lr               | 0.001    |
| entropy               | 1.09     |
| eplenmean             | 364      |
| eprewmean             | 9.57     |
| fps                   | 5.81e+03 |
| grad_norm             | 0.499    |
| kl                    | 0.0734   |
| loss_pi               | -0.0705  |
| loss_v                | 0.00968  |
| lr                    | 0.001    |
| misc/nupdates         | 419      |
| misc/serial_timesteps | 1.72e+06 |
| misc/time_elapsed     | 301      |
| misc/total_timesteps  | 1.72e+06 |
| ratio_max             | 3.99     |
| ratio_min             | 0.00118  |
| ret_avg               | 0.335    |
| ret_max               | 2.62     |
| ret_med               | 0.131    |
| ret_min               | -1.35    |
| ret_var               | 0.979    |
------------------------------------
------------------------------------
| action_max            | 14       |
| action_min            | 0        |
| adv_avg               | -1.28    |
| adv_max               | 0.14     |
| adv_med               | -1.29    |
| adv_min               | -3.48    |
| adv_var               | 0.0705   |
| clipfrac              | 0.365    |
| curr_lr               | 0.001    |
| entropy               | 0.781    |
| eplenmean             | 360      |
| eprewmean             | 11       |
| fps                   | 6.03e+03 |
| grad_norm             | 0.638    |
| kl                    | 0.0671   |
| loss_pi               | -0.0541  |
| loss_v                | 0.0253   |
| lr                    | 0.001    |
| misc/nupdates         | 429      |
| misc/serial_timesteps | 1.76e+06 |
| misc/time_elapsed     | 308      |
| misc/total_timesteps  | 1.76e+06 |
| ratio_max             | 19       |
| ratio_min             | 0.0426   |
| ret_avg               | 1.15     |
| ret_max               | 3.33     |
| ret_med               | 1.1      |
| ret_min               | -1.32    |
| ret_var               | 1.09     |
------------------------------------
------------------------------------
| action_max            | 14       |
| action_min            | 0        |
| adv_avg               | -1.29    |
| adv_max               | -0.392   |
| adv_med               | -1.27    |
| adv_min               | -3.71    |
| adv_var               | 0.0586   |
| clipfrac              | 0.365    |
| curr_lr               | 0.001    |
| entropy               | 0.904    |
| eplenmean             | 353      |
| eprewmean             | 9.29     |
| fps                   | 5.94e+03 |
| grad_norm             | 0.458    |
| kl                    | 0.0777   |
| loss_pi               | -0.0438  |
| loss_v                | 0.0318   |
| lr                    | 0.001    |
| misc/nupdates         | 439      |
| misc/serial_timesteps | 1.8e+06  |
| misc/time_elapsed     | 315      |
| misc/total_timesteps  | 1.8e+06  |
| ratio_max             | 6.05     |
| ratio_min             | 0.0294   |
| ret_avg               | 0.961    |
| ret_max               | 3.58     |
| ret_med               | 0.92     |
| ret_min               | -1.32    |
| ret_var               | 1.56     |
------------------------------------
------------------------------------
| action_max            | 14       |
| action_min            | 0        |
| adv_avg               | -1.32    |
| adv_max               | -0.0923  |
| adv_med               | -1.31    |
| adv_min               | -3.81    |
| adv_var               | 0.055    |
| clipfrac              | 0.404    |
| curr_lr               | 0.001    |
| entropy               | 1.05     |
| eplenmean             | 340      |
| eprewmean             | 8.99     |
| fps                   | 5.94e+03 |
| grad_norm             | 0.712    |
| kl                    | 0.0563   |
| loss_pi               | -0.0543  |
| loss_v                | 0.017    |
| lr                    | 0.001    |
| misc/nupdates         | 449      |
| misc/serial_timesteps | 1.84e+06 |
| misc/time_elapsed     | 322      |
| misc/total_timesteps  | 1.84e+06 |
| ratio_max             | 3.71     |
| ratio_min             | 0.224    |
| ret_avg               | 0.467    |
| ret_max               | 2.91     |
| ret_med               | 0.707    |
| ret_min               | -1.34    |
| ret_var               | 1.06     |
------------------------------------
------------------------------------
| action_max            | 14       |
| action_min            | 0        |
| adv_avg               | -1.3     |
| adv_max               | -0.47    |
| adv_med               | -1.3     |
| adv_min               | -3.11    |
| adv_var               | 0.0302   |
| clipfrac              | 0.422    |
| curr_lr               | 0.001    |
| entropy               | 1.01     |
| eplenmean             | 355      |
| eprewmean             | 9.63     |
| fps                   | 5.85e+03 |
| grad_norm             | 0.504    |
| kl                    | 0.0738   |
| loss_pi               | -0.0741  |
| loss_v                | 0.00985  |
| lr                    | 0.001    |
| misc/nupdates         | 459      |
| misc/serial_timesteps | 1.88e+06 |
| misc/time_elapsed     | 329      |
| misc/total_timesteps  | 1.88e+06 |
| ratio_max             | 4.47     |
| ratio_min             | 0.0297   |
| ret_avg               | 0.42     |
| ret_max               | 2.68     |
| ret_med               | 0.316    |
| ret_min               | -1.33    |
| ret_var               | 0.871    |
------------------------------------
------------------------------------
| action_max            | 14       |
| action_min            | 0        |
| adv_avg               | -1.3     |
| adv_max               | -0.111   |
| adv_med               | -1.3     |
| adv_min               | -2.79    |
| adv_var               | 0.0654   |
| clipfrac              | 0.41     |
| curr_lr               | 0.001    |
| entropy               | 1.07     |
| eplenmean             | 415      |
| eprewmean             | 11.4     |
| fps                   | 5.74e+03 |
| grad_norm             | 0.603    |
| kl                    | 0.0787   |
| loss_pi               | -0.0638  |
| loss_v                | 0.0231   |
| lr                    | 0.001    |
| misc/nupdates         | 469      |
| misc/serial_timesteps | 1.93e+06 |
| misc/time_elapsed     | 336      |
| misc/total_timesteps  | 1.93e+06 |
| ratio_max             | 10.1     |
| ratio_min             | 0.0139   |
| ret_avg               | 0.55     |
| ret_max               | 2.43     |
| ret_med               | 0.501    |
| ret_min               | -1.34    |
| ret_var               | 0.989    |
------------------------------------
------------------------------------
| action_max            | 14       |
| action_min            | 0        |
| adv_avg               | -1.34    |
| adv_max               | -0.691   |
| adv_med               | -1.33    |
| adv_min               | -3.75    |
| adv_var               | 0.035    |
| clipfrac              | 0.467    |
| curr_lr               | 0.001    |
| entropy               | 0.975    |
| eplenmean             | 430      |
| eprewmean             | 11.6     |
| fps                   | 5.98e+03 |
| grad_norm             | 0.445    |
| kl                    | 0.0906   |
| loss_pi               | -0.07    |
| loss_v                | 0.0114   |
| lr                    | 0.001    |
| misc/nupdates         | 479      |
| misc/serial_timesteps | 1.97e+06 |
| misc/time_elapsed     | 343      |
| misc/total_timesteps  | 1.97e+06 |
| ratio_max             | 3.12     |
| ratio_min             | 0.0562   |
| ret_avg               | 0.505    |
| ret_max               | 2.52     |
| ret_med               | 0.268    |
| ret_min               | -1.42    |
| ret_var               | 1.06     |
------------------------------------
------------------------------------
| action_max            | 14       |
| action_min            | 0        |
| adv_avg               | -1.31    |
| adv_max               | 0.845    |
| adv_med               | -1.33    |
| adv_min               | -2.6     |
| adv_var               | 0.0626   |
| clipfrac              | 0.342    |
| curr_lr               | 0.001    |
| entropy               | 0.912    |
| eplenmean             | 373      |
| eprewmean             | 8.73     |
| fps                   | 5.88e+03 |
| grad_norm             | 0.697    |
| kl                    | 0.0638   |
| loss_pi               | -0.0575  |
| loss_v                | 0.0167   |
| lr                    | 0.001    |
| misc/nupdates         | 489      |
| misc/serial_timesteps | 2.01e+06 |
| misc/time_elapsed     | 350      |
| misc/total_timesteps  | 2.01e+06 |
| ratio_max             | 5.5      |
| ratio_min             | 0.146    |
| ret_avg               | 0.367    |
| ret_max               | 3.41     |
| ret_med               | 0.204    |
| ret_min               | -1.38    |
| ret_var               | 1.29     |
------------------------------------
------------------------------------
| action_max            | 14       |
| action_min            | 0        |
| adv_avg               | -1.34    |
| adv_max               | -0.65    |
| adv_med               | -1.34    |
| adv_min               | -2.56    |
| adv_var               | 0.0296   |
| clipfrac              | 0.449    |
| curr_lr               | 0.001    |
| entropy               | 1.03     |
| eplenmean             | 415      |
| eprewmean             | 11       |
| fps                   | 5.54e+03 |
| grad_norm             | 0.427    |
| kl                    | 0.0996   |
| loss_pi               | -0.0692  |
| loss_v                | 0.0132   |
| lr                    | 0.001    |
| misc/nupdates         | 499      |
| misc/serial_timesteps | 2.05e+06 |
| misc/time_elapsed     | 357      |
| misc/total_timesteps  | 2.05e+06 |
| ratio_max             | 6.77     |
| ratio_min             | 0.0192   |
| ret_avg               | 0.177    |
| ret_max               | 2.94     |
| ret_med               | 0.0732   |
| ret_min               | -1.35    |
| ret_var               | 0.803    |
------------------------------------
------------------------------------
| action_max            | 14       |
| action_min            | 0        |
| adv_avg               | -1.36    |
| adv_max               | -0.486   |
| adv_med               | -1.34    |
| adv_min               | -3.8     |
| adv_var               | 0.0448   |
| clipfrac              | 0.342    |
| curr_lr               | 0.001    |
| entropy               | 0.852    |
| eplenmean             | 367      |
| eprewmean             | 9.36     |
| fps                   | 5.47e+03 |
| grad_norm             | 0.767    |
| kl                    | 0.0547   |
| loss_pi               | -0.0541  |
| loss_v                | 0.0122   |
| lr                    | 0.001    |
| misc/nupdates         | 509      |
| misc/serial_timesteps | 2.09e+06 |
| misc/time_elapsed     | 365      |
| misc/total_timesteps  | 2.09e+06 |
| ratio_max             | 3.6      |
| ratio_min             | 0.145    |
| ret_avg               | 0.649    |
| ret_max               | 2.42     |
| ret_med               | 0.928    |
| ret_min               | -1.38    |
| ret_var               | 1.49     |
------------------------------------
------------------------------------
| action_max            | 14       |
| action_min            | 0        |
| adv_avg               | -1.34    |
| adv_max               | 1.1      |
| adv_med               | -1.33    |
| adv_min               | -3.56    |
| adv_var               | 0.0747   |
| clipfrac              | 0.404    |
| curr_lr               | 0.001    |
| entropy               | 0.986    |
| eplenmean             | 373      |
| eprewmean             | 11       |
| fps                   | 5.35e+03 |
| grad_norm             | 0.526    |
| kl                    | 0.0761   |
| loss_pi               | -0.0623  |
| loss_v                | 0.0224   |
| lr                    | 0.001    |
| misc/nupdates         | 519      |
| misc/serial_timesteps | 2.13e+06 |
| misc/time_elapsed     | 372      |
| misc/total_timesteps  | 2.13e+06 |
| ratio_max             | 5.4      |
| ratio_min             | 0.00375  |
| ret_avg               | 0.44     |
| ret_max               | 2.77     |
| ret_med               | 0.0666   |
| ret_min               | -1.36    |
| ret_var               | 1.37     |
------------------------------------
------------------------------------
| action_max            | 14       |
| action_min            | 0        |
| adv_avg               | -1.36    |
| adv_max               | -0.413   |
| adv_med               | -1.33    |
| adv_min               | -3.89    |
| adv_var               | 0.079    |
| clipfrac              | 0.385    |
| curr_lr               | 0.001    |
| entropy               | 0.93     |
| eplenmean             | 391      |
| eprewmean             | 10.7     |
| fps                   | 5.43e+03 |
| grad_norm             | 0.573    |
| kl                    | 0.0643   |
| loss_pi               | -0.0647  |
| loss_v                | 0.0118   |
| lr                    | 0.001    |
| misc/nupdates         | 529      |
| misc/serial_timesteps | 2.17e+06 |
| misc/time_elapsed     | 380      |
| misc/total_timesteps  | 2.17e+06 |
| ratio_max             | 4.1      |
| ratio_min             | 0.0187   |
| ret_avg               | 0.649    |
| ret_max               | 3.07     |
| ret_med               | 0.908    |
| ret_min               | -1.4     |
| ret_var               | 1.03     |
------------------------------------
------------------------------------
| action_max            | 14       |
| action_min            | 0        |
| adv_avg               | -1.33    |
| adv_max               | 1.12     |
| adv_med               | -1.34    |
| adv_min               | -2.7     |
| adv_var               | 0.0671   |
| clipfrac              | 0.404    |
| curr_lr               | 0.001    |
| entropy               | 1.04     |
| eplenmean             | 407      |
| eprewmean             | 11.1     |
| fps                   | 5.51e+03 |
| grad_norm             | 0.699    |
| kl                    | 0.0701   |
| loss_pi               | -0.06    |
| loss_v                | 0.0144   |
| lr                    | 0.001    |
| misc/nupdates         | 539      |
| misc/serial_timesteps | 2.21e+06 |
| misc/time_elapsed     | 388      |
| misc/total_timesteps  | 2.21e+06 |
| ratio_max             | 12.9     |
| ratio_min             | 0.0621   |
| ret_avg               | 0.651    |
| ret_max               | 2.92     |
| ret_med               | 0.763    |
| ret_min               | -1.37    |
| ret_var               | 1.21     |
------------------------------------
------------------------------------
| action_max            | 14       |
| action_min            | 0        |
| adv_avg               | -1.36    |
| adv_max               | -0.236   |
| adv_med               | -1.35    |
| adv_min               | -5.08    |
| adv_var               | 0.0683   |
| clipfrac              | 0.402    |
| curr_lr               | 0.001    |
| entropy               | 1.16     |
| eplenmean             | 376      |
| eprewmean             | 11.1     |
| fps                   | 5.34e+03 |
| grad_norm             | 0.928    |
| kl                    | 0.0595   |
| loss_pi               | -0.0665  |
| loss_v                | 0.0158   |
| lr                    | 0.001    |
| misc/nupdates         | 549      |
| misc/serial_timesteps | 2.25e+06 |
| misc/time_elapsed     | 395      |
| misc/total_timesteps  | 2.25e+06 |
| ratio_max             | 5.67     |
| ratio_min             | 0.107    |
| ret_avg               | 0.828    |
| ret_max               | 3.61     |
| ret_med               | 1.09     |
| ret_min               | -1.38    |
| ret_var               | 1.72     |
------------------------------------
------------------------------------
| action_max            | 14       |
| action_min            | 0        |
| adv_avg               | -1.38    |
| adv_max               | -0.259   |
| adv_med               | -1.37    |
| adv_min               | -2.45    |
| adv_var               | 0.0377   |
| clipfrac              | 0.426    |
| curr_lr               | 0.001    |
| entropy               | 1.1      |
| eplenmean             | 395      |
| eprewmean             | 12.3     |
| fps                   | 5.35e+03 |
| grad_norm             | 0.75     |
| kl                    | 0.0779   |
| loss_pi               | -0.0819  |
| loss_v                | 0.0143   |
| lr                    | 0.001    |
| misc/nupdates         | 559      |
| misc/serial_timesteps | 2.29e+06 |
| misc/time_elapsed     | 403      |
| misc/total_timesteps  | 2.29e+06 |
| ratio_max             | 3.55     |
| ratio_min             | 0.0401   |
| ret_avg               | 0.818    |
| ret_max               | 3.47     |
| ret_med               | 1.1      |
| ret_min               | -1.38    |
| ret_var               | 1.15     |
------------------------------------
------------------------------------
| action_max            | 14       |
| action_min            | 0        |
| adv_avg               | -1.37    |
| adv_max               | 0.217    |
| adv_med               | -1.36    |
| adv_min               | -3.07    |
| adv_var               | 0.0878   |
| clipfrac              | 0.422    |
| curr_lr               | 0.001    |
| entropy               | 0.944    |
| eplenmean             | 410      |
| eprewmean             | 11.3     |
| fps                   | 5.68e+03 |
| grad_norm             | 0.997    |
| kl                    | 0.0845   |
| loss_pi               | -0.0775  |
| loss_v                | 0.0251   |
| lr                    | 0.001    |
| misc/nupdates         | 569      |
| misc/serial_timesteps | 2.33e+06 |
| misc/time_elapsed     | 410      |
| misc/total_timesteps  | 2.33e+06 |
| ratio_max             | 4.13     |
| ratio_min             | 0.00117  |
| ret_avg               | 1.05     |
| ret_max               | 3.74     |
| ret_med               | 1.24     |
| ret_min               | -1.39    |
| ret_var               | 1.48     |
------------------------------------
------------------------------------
| action_max            | 14       |
| action_min            | 0        |
| adv_avg               | -1.38    |
| adv_max               | 0.281    |
| adv_med               | -1.37    |
| adv_min               | -2.31    |
| adv_var               | 0.0449   |
| clipfrac              | 0.461    |
| curr_lr               | 0.001    |
| entropy               | 1.15     |
| eplenmean             | 376      |
| eprewmean             | 10.3     |
| fps                   | 5.85e+03 |
| grad_norm             | 0.601    |
| kl                    | 0.0767   |
| loss_pi               | -0.0668  |
| loss_v                | 0.0123   |
| lr                    | 0.001    |
| misc/nupdates         | 579      |
| misc/serial_timesteps | 2.38e+06 |
| misc/time_elapsed     | 418      |
| misc/total_timesteps  | 2.38e+06 |
| ratio_max             | 6.5      |
| ratio_min             | 0.0664   |
| ret_avg               | 0.407    |
| ret_max               | 3.61     |
| ret_med               | 0.265    |
| ret_min               | -1.42    |
| ret_var               | 1.27     |
------------------------------------
------------------------------------
| action_max            | 14       |
| action_min            | 0        |
| adv_avg               | -1.38    |
| adv_max               | -0.421   |
| adv_med               | -1.37    |
| adv_min               | -2.4     |
| adv_var               | 0.0317   |
| clipfrac              | 0.51     |
| curr_lr               | 0.001    |
| entropy               | 1.3      |
| eplenmean             | 408      |
| eprewmean             | 11.4     |
| fps                   | 5.92e+03 |
| grad_norm             | 0.728    |
| kl                    | 0.0765   |
| loss_pi               | -0.0813  |
| loss_v                | 0.00906  |
| lr                    | 0.001    |
| misc/nupdates         | 589      |
| misc/serial_timesteps | 2.42e+06 |
| misc/time_elapsed     | 425      |
| misc/total_timesteps  | 2.42e+06 |
| ratio_max             | 4.6      |
| ratio_min             | 0.16     |
| ret_avg               | -0.194   |
| ret_max               | 3.15     |
| ret_med               | -0.286   |
| ret_min               | -1.41    |
| ret_var               | 0.689    |
------------------------------------
------------------------------------
| action_max            | 14       |
| action_min            | 0        |
| adv_avg               | -1.37    |
| adv_max               | 0.165    |
| adv_med               | -1.36    |
| adv_min               | -3.77    |
| adv_var               | 0.0659   |
| clipfrac              | 0.434    |
| curr_lr               | 0.001    |
| entropy               | 1.04     |
| eplenmean             | 389      |
| eprewmean             | 10.1     |
| fps                   | 5.74e+03 |
| grad_norm             | 0.488    |
| kl                    | 0.071    |
| loss_pi               | -0.0507  |
| loss_v                | 0.0227   |
| lr                    | 0.001    |
| misc/nupdates         | 599      |
| misc/serial_timesteps | 2.46e+06 |
| misc/time_elapsed     | 432      |
| misc/total_timesteps  | 2.46e+06 |
| ratio_max             | 9.18     |
| ratio_min             | 0.0304   |
| ret_avg               | 0.389    |
| ret_max               | 2.76     |
| ret_med               | 0.213    |
| ret_min               | -1.37    |
| ret_var               | 0.84     |
------------------------------------
------------------------------------
| action_max            | 14       |
| action_min            | 0        |
| adv_avg               | -1.38    |
| adv_max               | -0.161   |
| adv_med               | -1.36    |
| adv_min               | -4.49    |
| adv_var               | 0.0902   |
| clipfrac              | 0.369    |
| curr_lr               | 0.001    |
| entropy               | 1.08     |
| eplenmean             | 390      |
| eprewmean             | 10.7     |
| fps                   | 5.85e+03 |
| grad_norm             | 0.53     |
| kl                    | 0.0684   |
| loss_pi               | -0.0523  |
| loss_v                | 0.0318   |
| lr                    | 0.001    |
| misc/nupdates         | 609      |
| misc/serial_timesteps | 2.5e+06  |
| misc/time_elapsed     | 439      |
| misc/total_timesteps  | 2.5e+06  |
| ratio_max             | 5.3      |
| ratio_min             | 0.00491  |
| ret_avg               | 0.35     |
| ret_max               | 2.63     |
| ret_med               | 0.188    |
| ret_min               | -1.4     |
| ret_var               | 1.07     |
------------------------------------
------------------------------------
| action_max            | 14       |
| action_min            | 0        |
| adv_avg               | -1.35    |
| adv_max               | 0.0648   |
| adv_med               | -1.35    |
| adv_min               | -3.79    |
| adv_var               | 0.0764   |
| clipfrac              | 0.395    |
| curr_lr               | 0.001    |
| entropy               | 1.03     |
| eplenmean             | 452      |
| eprewmean             | 12.1     |
| fps                   | 5.84e+03 |
| grad_norm             | 0.572    |
| kl                    | 0.0764   |
| loss_pi               | -0.061   |
| loss_v                | 0.0363   |
| lr                    | 0.001    |
| misc/nupdates         | 619      |
| misc/serial_timesteps | 2.54e+06 |
| misc/time_elapsed     | 446      |
| misc/total_timesteps  | 2.54e+06 |
| ratio_max             | 2.92     |
| ratio_min             | 0.00917  |
| ret_avg               | 0.371    |
| ret_max               | 2.69     |
| ret_med               | 0.26     |
| ret_min               | -1.38    |
| ret_var               | 0.787    |
------------------------------------
------------------------------------
| action_max            | 14       |
| action_min            | 0        |
| adv_avg               | -1.35    |
| adv_max               | -0.236   |
| adv_med               | -1.34    |
| adv_min               | -3.47    |
| adv_var               | 0.0484   |
| clipfrac              | 0.445    |
| curr_lr               | 0.001    |
| entropy               | 1.14     |
| eplenmean             | 370      |
| eprewmean             | 9.76     |
| fps                   | 5.74e+03 |
| grad_norm             | 0.663    |
| kl                    | 0.0906   |
| loss_pi               | -0.0619  |
| loss_v                | 0.0211   |
| lr                    | 0.001    |
| misc/nupdates         | 629      |
| misc/serial_timesteps | 2.58e+06 |
| misc/time_elapsed     | 453      |
| misc/total_timesteps  | 2.58e+06 |
| ratio_max             | 4.26     |
| ratio_min             | 0.0167   |
| ret_avg               | 0.567    |
| ret_max               | 2.66     |
| ret_med               | 0.653    |
| ret_min               | -1.38    |
| ret_var               | 1.05     |
------------------------------------
------------------------------------
| action_max            | 14       |
| action_min            | 0        |
| adv_avg               | -1.37    |
| adv_max               | -0.0707  |
| adv_med               | -1.38    |
| adv_min               | -2.51    |
| adv_var               | 0.0323   |
| clipfrac              | 0.459    |
| curr_lr               | 0.001    |
| entropy               | 1.11     |
| eplenmean             | 383      |
| eprewmean             | 9.65     |
| fps                   | 5.95e+03 |
| grad_norm             | 0.674    |
| kl                    | 0.0737   |
| loss_pi               | -0.0778  |
| loss_v                | 0.0135   |
| lr                    | 0.001    |
| misc/nupdates         | 639      |
| misc/serial_timesteps | 2.62e+06 |
| misc/time_elapsed     | 460      |
| misc/total_timesteps  | 2.62e+06 |
| ratio_max             | 8.5      |
| ratio_min             | 0.0428   |
| ret_avg               | 0.234    |
| ret_max               | 3.24     |
| ret_med               | -0.0947  |
| ret_min               | -1.39    |
| ret_var               | 1.2      |
------------------------------------
------------------------------------
| action_max            | 14       |
| action_min            | 0        |
| adv_avg               | -1.36    |
| adv_max               | -0.0869  |
| adv_med               | -1.37    |
| adv_min               | -4.41    |
| adv_var               | 0.0681   |
| clipfrac              | 0.418    |
| curr_lr               | 0.001    |
| entropy               | 0.999    |
| eplenmean             | 396      |
| eprewmean             | 12.1     |
| fps                   | 6.04e+03 |
| grad_norm             | 0.513    |
| kl                    | 0.0736   |
| loss_pi               | -0.0705  |
| loss_v                | 0.0169   |
| lr                    | 0.001    |
| misc/nupdates         | 649      |
| misc/serial_timesteps | 2.66e+06 |
| misc/time_elapsed     | 467      |
| misc/total_timesteps  | 2.66e+06 |
| ratio_max             | 9.58     |
| ratio_min             | 0.0475   |
| ret_avg               | 0.745    |
| ret_max               | 4.05     |
| ret_med               | 0.654    |
| ret_min               | -1.39    |
| ret_var               | 1.46     |
------------------------------------
------------------------------------
| action_max            | 14       |
| action_min            | 0        |
| adv_avg               | -1.35    |
| adv_max               | 0.226    |
| adv_med               | -1.36    |
| adv_min               | -3.9     |
| adv_var               | 0.0787   |
| clipfrac              | 0.373    |
| curr_lr               | 0.001    |
| entropy               | 1.01     |
| eplenmean             | 403      |
| eprewmean             | 12.3     |
| fps                   | 5.66e+03 |
| grad_norm             | 0.675    |
| kl                    | 0.075    |
| loss_pi               | -0.0625  |
| loss_v                | 0.021    |
| lr                    | 0.001    |
| misc/nupdates         | 659      |
| misc/serial_timesteps | 2.7e+06  |
| misc/time_elapsed     | 474      |
| misc/total_timesteps  | 2.7e+06  |
| ratio_max             | 31.6     |
| ratio_min             | 0.0548   |
| ret_avg               | 0.775    |
| ret_max               | 4.14     |
| ret_med               | 0.951    |
| ret_min               | -1.42    |
| ret_var               | 1.39     |
------------------------------------
------------------------------------
| action_max            | 14       |
| action_min            | 0        |
| adv_avg               | -1.42    |
| adv_max               | -0.389   |
| adv_med               | -1.39    |
| adv_min               | -4.77    |
| adv_var               | 0.122    |
| clipfrac              | 0.35     |
| curr_lr               | 0.001    |
| entropy               | 0.955    |
| eplenmean             | 442      |
| eprewmean             | 13.3     |
| fps                   | 5.95e+03 |
| grad_norm             | 0.959    |
| kl                    | 0.0606   |
| loss_pi               | -0.0587  |
| loss_v                | 0.0377   |
| lr                    | 0.001    |
| misc/nupdates         | 669      |
| misc/serial_timesteps | 2.74e+06 |
| misc/time_elapsed     | 481      |
| misc/total_timesteps  | 2.74e+06 |
| ratio_max             | 5.02     |
| ratio_min             | 9.75e-05 |
| ret_avg               | 1.14     |
| ret_max               | 3.96     |
| ret_med               | 1.54     |
| ret_min               | -1.5     |
| ret_var               | 2.16     |
------------------------------------
------------------------------------
| action_max            | 14       |
| action_min            | 0        |
| adv_avg               | -1.35    |
| adv_max               | -0.341   |
| adv_med               | -1.36    |
| adv_min               | -3.18    |
| adv_var               | 0.0566   |
| clipfrac              | 0.467    |
| curr_lr               | 0.001    |
| entropy               | 1.05     |
| eplenmean             | 432      |
| eprewmean             | 12.1     |
| fps                   | 5.84e+03 |
| grad_norm             | 0.941    |
| kl                    | 0.0951   |
| loss_pi               | -0.0633  |
| loss_v                | 0.0123   |
| lr                    | 0.001    |
| misc/nupdates         | 679      |
| misc/serial_timesteps | 2.79e+06 |
| misc/time_elapsed     | 488      |
| misc/total_timesteps  | 2.79e+06 |
| ratio_max             | 5.07     |
| ratio_min             | 0.0533   |
| ret_avg               | 0.56     |
| ret_max               | 3.85     |
| ret_med               | 0.484    |
| ret_min               | -1.38    |
| ret_var               | 1.35     |
------------------------------------
------------------------------------
| action_max            | 14       |
| action_min            | 0        |
| adv_avg               | -1.37    |
| adv_max               | -0.289   |
| adv_med               | -1.36    |
| adv_min               | -3.66    |
| adv_var               | 0.0605   |
| clipfrac              | 0.43     |
| curr_lr               | 0.001    |
| entropy               | 0.946    |
| eplenmean             | 432      |
| eprewmean             | 12.6     |
| fps                   | 5.96e+03 |
| grad_norm             | 0.48     |
| kl                    | 0.0995   |
| loss_pi               | -0.0657  |
| loss_v                | 0.014    |
| lr                    | 0.001    |
| misc/nupdates         | 689      |
| misc/serial_timesteps | 2.83e+06 |
| misc/time_elapsed     | 495      |
| misc/total_timesteps  | 2.83e+06 |
| ratio_max             | 10.3     |
| ratio_min             | 0.0427   |
| ret_avg               | 0.83     |
| ret_max               | 4.9      |
| ret_med               | 0.502    |
| ret_min               | -1.38    |
| ret_var               | 2.17     |
------------------------------------
------------------------------------
| action_max            | 14       |
| action_min            | 0        |
| adv_avg               | -1.36    |
| adv_max               | -0.256   |
| adv_med               | -1.34    |
| adv_min               | -3.12    |
| adv_var               | 0.0538   |
| clipfrac              | 0.381    |
| curr_lr               | 0.001    |
| entropy               | 1.04     |
| eplenmean             | 475      |
| eprewmean             | 15.6     |
| fps                   | 5.81e+03 |
| grad_norm             | 0.827    |
| kl                    | 0.0862   |
| loss_pi               | -0.0642  |
| loss_v                | 0.0206   |
| lr                    | 0.001    |
| misc/nupdates         | 699      |
| misc/serial_timesteps | 2.87e+06 |
| misc/time_elapsed     | 502      |
| misc/total_timesteps  | 2.87e+06 |
| ratio_max             | 28.2     |
| ratio_min             | 0.0307   |
| ret_avg               | 0.651    |
| ret_max               | 5.52     |
| ret_med               | 0.116    |
| ret_min               | -1.36    |
| ret_var               | 2.72     |
------------------------------------
------------------------------------
| action_max            | 14       |
| action_min            | 0        |
| adv_avg               | -1.34    |
| adv_max               | -0.425   |
| adv_med               | -1.33    |
| adv_min               | -3.09    |
| adv_var               | 0.0458   |
| clipfrac              | 0.434    |
| curr_lr               | 0.001    |
| entropy               | 0.919    |
| eplenmean             | 433      |
| eprewmean             | 13.1     |
| fps                   | 5.9e+03  |
| grad_norm             | 1.06     |
| kl                    | 0.113    |
| loss_pi               | -0.0685  |
| loss_v                | 0.0161   |
| lr                    | 0.001    |
| misc/nupdates         | 709      |
| misc/serial_timesteps | 2.91e+06 |
| misc/time_elapsed     | 509      |
| misc/total_timesteps  | 2.91e+06 |
| ratio_max             | 18.8     |
| ratio_min             | 0.00223  |
| ret_avg               | 0.601    |
| ret_max               | 5.09     |
| ret_med               | 0.545    |
| ret_min               | -1.35    |
| ret_var               | 1.33     |
------------------------------------
------------------------------------
| action_max            | 14       |
| action_min            | 0        |
| adv_avg               | -1.32    |
| adv_max               | 0.109    |
| adv_med               | -1.33    |
| adv_min               | -2.78    |
| adv_var               | 0.0529   |
| clipfrac              | 0.387    |
| curr_lr               | 0.001    |
| entropy               | 0.877    |
| eplenmean             | 408      |
| eprewmean             | 11.6     |
| fps                   | 5.85e+03 |
| grad_norm             | 0.468    |
| kl                    | 0.0909   |
| loss_pi               | -0.0666  |
| loss_v                | 0.0158   |
| lr                    | 0.001    |
| misc/nupdates         | 719      |
| misc/serial_timesteps | 2.95e+06 |
| misc/time_elapsed     | 516      |
| misc/total_timesteps  | 2.95e+06 |
| ratio_max             | 4.63     |
| ratio_min             | 0.0175   |
| ret_avg               | 0.878    |
| ret_max               | 3.84     |
| ret_med               | 0.709    |
| ret_min               | -1.35    |
| ret_var               | 1.57     |
------------------------------------
------------------------------------
| action_max            | 14       |
| action_min            | 0        |
| adv_avg               | -1.34    |
| adv_max               | -0.638   |
| adv_med               | -1.34    |
| adv_min               | -3.93    |
| adv_var               | 0.0435   |
| clipfrac              | 0.393    |
| curr_lr               | 0.001    |
| entropy               | 0.952    |
| eplenmean             | 435      |
| eprewmean             | 13       |
| fps                   | 5.76e+03 |
| grad_norm             | 0.58     |
| kl                    | 0.0811   |
| loss_pi               | -0.0639  |
| loss_v                | 0.0111   |
| lr                    | 0.001    |
| misc/nupdates         | 729      |
| misc/serial_timesteps | 2.99e+06 |
| misc/time_elapsed     | 523      |
| misc/total_timesteps  | 2.99e+06 |
| ratio_max             | 5.78     |
| ratio_min             | 0.0046   |
| ret_avg               | 0.35     |
| ret_max               | 1.98     |
| ret_med               | 0.378    |
| ret_min               | -1.35    |
| ret_var               | 0.77     |
------------------------------------
------------------------------------
| action_max            | 14       |
| action_min            | 0        |
| adv_avg               | -1.35    |
| adv_max               | 0.496    |
| adv_med               | -1.34    |
| adv_min               | -2.64    |
| adv_var               | 0.0518   |
| clipfrac              | 0.414    |
| curr_lr               | 0.001    |
| entropy               | 0.818    |
| eplenmean             | 406      |
| eprewmean             | 10.4     |
| fps                   | 5.95e+03 |
| grad_norm             | 1.29     |
| kl                    | 0.0931   |
| loss_pi               | -0.0613  |
| loss_v                | 0.0307   |
| lr                    | 0.001    |
| misc/nupdates         | 739      |
| misc/serial_timesteps | 3.03e+06 |
| misc/time_elapsed     | 530      |
| misc/total_timesteps  | 3.03e+06 |
| ratio_max             | 4.76     |
| ratio_min             | 0.00148  |
| ret_avg               | 0.711    |
| ret_max               | 4.01     |
| ret_med               | 0.57     |
| ret_min               | -1.36    |
| ret_var               | 1.34     |
------------------------------------
------------------------------------
| action_max            | 14       |
| action_min            | 0        |
| adv_avg               | -1.35    |
| adv_max               | 0.0251   |
| adv_med               | -1.35    |
| adv_min               | -3.32    |
| adv_var               | 0.0506   |
| clipfrac              | 0.41     |
| curr_lr               | 0.001    |
| entropy               | 0.923    |
| eplenmean             | 408      |
| eprewmean             | 11.2     |
| fps                   | 5.92e+03 |
| grad_norm             | 0.751    |
| kl                    | 0.104    |
| loss_pi               | -0.0528  |
| loss_v                | 0.0167   |
| lr                    | 0.001    |
| misc/nupdates         | 749      |
| misc/serial_timesteps | 3.07e+06 |
| misc/time_elapsed     | 537      |
| misc/total_timesteps  | 3.07e+06 |
| ratio_max             | 31.4     |
| ratio_min             | 0.0176   |
| ret_avg               | 0.105    |
| ret_max               | 2.31     |
| ret_med               | -0.0067  |
| ret_min               | -1.36    |
| ret_var               | 0.597    |
------------------------------------
------------------------------------
| action_max            | 14       |
| action_min            | 0        |
| adv_avg               | -1.4     |
| adv_max               | -0.632   |
| adv_med               | -1.36    |
| adv_min               | -4.26    |
| adv_var               | 0.0955   |
| clipfrac              | 0.334    |
| curr_lr               | 0.001    |
| entropy               | 0.785    |
| eplenmean             | 399      |
| eprewmean             | 10.9     |
| fps                   | 5.88e+03 |
| grad_norm             | 3.19     |
| kl                    | 0.172    |
| loss_pi               | 0.23     |
| loss_v                | 0.0189   |
| lr                    | 0.001    |
| misc/nupdates         | 759      |
| misc/serial_timesteps | 3.11e+06 |
| misc/time_elapsed     | 544      |
| misc/total_timesteps  | 3.11e+06 |
| ratio_max             | 44.1     |
| ratio_min             | 3.97e-07 |
| ret_avg               | 0.489    |
| ret_max               | 4.05     |
| ret_med               | 0.24     |
| ret_min               | -1.36    |
| ret_var               | 1.65     |
------------------------------------
------------------------------------
| action_max            | 14       |
| action_min            | 0        |
| adv_avg               | -1.35    |
| adv_max               | -0.0327  |
| adv_med               | -1.34    |
| adv_min               | -2.59    |
| adv_var               | 0.0364   |
| clipfrac              | 0.381    |
| curr_lr               | 0.001    |
| entropy               | 0.763    |
| eplenmean             | 354      |
| eprewmean             | 10       |
| fps                   | 6.01e+03 |
| grad_norm             | 0.654    |
| kl                    | 0.0995   |
| loss_pi               | -0.0626  |
| loss_v                | 0.0126   |
| lr                    | 0.001    |
| misc/nupdates         | 769      |
| misc/serial_timesteps | 3.15e+06 |
| misc/time_elapsed     | 551      |
| misc/total_timesteps  | 3.15e+06 |
| ratio_max             | 5.99     |
| ratio_min             | 0.0337   |
| ret_avg               | 0.463    |
| ret_max               | 3.04     |
| ret_med               | 0.385    |
| ret_min               | -1.36    |
| ret_var               | 0.969    |
------------------------------------
------------------------------------
| action_max            | 14       |
| action_min            | 0        |
| adv_avg               | -1.36    |
| adv_max               | -0.903   |
| adv_med               | -1.35    |
| adv_min               | -3.34    |
| adv_var               | 0.0258   |
| clipfrac              | 0.424    |
| curr_lr               | 0.001    |
| entropy               | 0.884    |
| eplenmean             | 438      |
| eprewmean             | 12.4     |
| fps                   | 5.75e+03 |
| grad_norm             | 0.608    |
| kl                    | 0.101    |
| loss_pi               | -0.0509  |
| loss_v                | 0.0117   |
| lr                    | 0.001    |
| misc/nupdates         | 779      |
| misc/serial_timesteps | 3.19e+06 |
| misc/time_elapsed     | 558      |
| misc/total_timesteps  | 3.19e+06 |
| ratio_max             | 4.75     |
| ratio_min             | 0.0238   |
| ret_avg               | 0.471    |
| ret_max               | 2.84     |
| ret_med               | 0.172    |
| ret_min               | -1.43    |
| ret_var               | 1.25     |
------------------------------------
------------------------------------
| action_max            | 14       |
| action_min            | 0        |
| adv_avg               | -1.35    |
| adv_max               | -0.594   |
| adv_med               | -1.35    |
| adv_min               | -2.35    |
| adv_var               | 0.0334   |
| clipfrac              | 0.434    |
| curr_lr               | 0.001    |
| entropy               | 0.94     |
| eplenmean             | 378      |
| eprewmean             | 11.4     |
| fps                   | 5.86e+03 |
| grad_norm             | 0.475    |
| kl                    | 0.0882   |
| loss_pi               | -0.0749  |
| loss_v                | 0.0108   |
| lr                    | 0.001    |
| misc/nupdates         | 789      |
| misc/serial_timesteps | 3.24e+06 |
| misc/time_elapsed     | 565      |
| misc/total_timesteps  | 3.24e+06 |
| ratio_max             | 3.13     |
| ratio_min             | 0.0673   |
| ret_avg               | 0.424    |
| ret_max               | 4.57     |
| ret_med               | -0.0303  |
| ret_min               | -1.36    |
| ret_var               | 1.61     |
------------------------------------
------------------------------------
| action_max            | 14       |
| action_min            | 0        |
| adv_avg               | -1.32    |
| adv_max               | -0.208   |
| adv_med               | -1.32    |
| adv_min               | -2.17    |
| adv_var               | 0.032    |
| clipfrac              | 0.439    |
| curr_lr               | 0.001    |
| entropy               | 0.886    |
| eplenmean             | 367      |
| eprewmean             | 10.1     |
| fps                   | 5.87e+03 |
| grad_norm             | 0.552    |
| kl                    | 0.0933   |
| loss_pi               | -0.0771  |
| loss_v                | 0.0116   |
| lr                    | 0.001    |
| misc/nupdates         | 799      |
| misc/serial_timesteps | 3.28e+06 |
| misc/time_elapsed     | 572      |
| misc/total_timesteps  | 3.28e+06 |
| ratio_max             | 6.75     |
| ratio_min             | 0.0343   |
| ret_avg               | 0.587    |
| ret_max               | 3.82     |
| ret_med               | 0.0445   |
| ret_min               | -1.36    |
| ret_var               | 1.48     |
------------------------------------
------------------------------------
| action_max            | 14       |
| action_min            | 0        |
| adv_avg               | -1.34    |
| adv_max               | -0.0569  |
| adv_med               | -1.34    |
| adv_min               | -3.83    |
| adv_var               | 0.054    |
| clipfrac              | 0.389    |
| curr_lr               | 0.001    |
| entropy               | 0.923    |
| eplenmean             | 516      |
| eprewmean             | 15       |
| fps                   | 5.73e+03 |
| grad_norm             | 0.404    |
| kl                    | 0.0817   |
| loss_pi               | -0.0558  |
| loss_v                | 0.0125   |
| lr                    | 0.001    |
| misc/nupdates         | 809      |
| misc/serial_timesteps | 3.32e+06 |
| misc/time_elapsed     | 579      |
| misc/total_timesteps  | 3.32e+06 |
| ratio_max             | 21.5     |
| ratio_min             | 0.054    |
| ret_avg               | 0.608    |
| ret_max               | 2.77     |
| ret_med               | 0.482    |
| ret_min               | -1.37    |
| ret_var               | 1.1      |
------------------------------------
------------------------------------
| action_max            | 14       |
| action_min            | 0        |
| adv_avg               | -1.35    |
| adv_max               | -0.565   |
| adv_med               | -1.35    |
| adv_min               | -3.12    |
| adv_var               | 0.0418   |
| clipfrac              | 0.393    |
| curr_lr               | 0.001    |
| entropy               | 0.918    |
| eplenmean             | 364      |
| eprewmean             | 10.5     |
| fps                   | 6.02e+03 |
| grad_norm             | 0.815    |
| kl                    | 0.0955   |
| loss_pi               | -0.0506  |
| loss_v                | 0.0106   |
| lr                    | 0.001    |
| misc/nupdates         | 819      |
| misc/serial_timesteps | 3.36e+06 |
| misc/time_elapsed     | 586      |
| misc/total_timesteps  | 3.36e+06 |
| ratio_max             | 5.12     |
| ratio_min             | 0.0326   |
| ret_avg               | 0.222    |
| ret_max               | 2.14     |
| ret_med               | 0.248    |
| ret_min               | -1.4     |
| ret_var               | 0.698    |
------------------------------------
------------------------------------
| action_max            | 14       |
| action_min            | 0        |
| adv_avg               | -1.36    |
| adv_max               | -0.679   |
| adv_med               | -1.34    |
| adv_min               | -2.93    |
| adv_var               | 0.0456   |
| clipfrac              | 0.373    |
| curr_lr               | 0.001    |
| entropy               | 0.793    |
| eplenmean             | 438      |
| eprewmean             | 14.1     |
| fps                   | 5.89e+03 |
| grad_norm             | 0.537    |
| kl                    | 0.0968   |
| loss_pi               | -0.0672  |
| loss_v                | 0.0133   |
| lr                    | 0.001    |
| misc/nupdates         | 829      |
| misc/serial_timesteps | 3.4e+06  |
| misc/time_elapsed     | 593      |
| misc/total_timesteps  | 3.4e+06  |
| ratio_max             | 4.41     |
| ratio_min             | 0.00543  |
| ret_avg               | 1.1      |
| ret_max               | 4.08     |
| ret_med               | 1.25     |
| ret_min               | -1.37    |
| ret_var               | 1.39     |
------------------------------------
------------------------------------
| action_max            | 14       |
| action_min            | 0        |
| adv_avg               | -1.36    |
| adv_max               | -0.0739  |
| adv_med               | -1.36    |
| adv_min               | -2.76    |
| adv_var               | 0.0413   |
| clipfrac              | 0.467    |
| curr_lr               | 0.001    |
| entropy               | 1        |
| eplenmean             | 389      |
| eprewmean             | 12.4     |
| fps                   | 5.36e+03 |
| grad_norm             | 0.616    |
| kl                    | 0.0959   |
| loss_pi               | -0.0832  |
| loss_v                | 0.0136   |
| lr                    | 0.001    |
| misc/nupdates         | 839      |
| misc/serial_timesteps | 3.44e+06 |
| misc/time_elapsed     | 600      |
| misc/total_timesteps  | 3.44e+06 |
| ratio_max             | 23.9     |
| ratio_min             | 0.0136   |
| ret_avg               | 0.483    |
| ret_max               | 3.34     |
| ret_med               | 0.292    |
| ret_min               | -1.42    |
| ret_var               | 1.57     |
------------------------------------
------------------------------------
| action_max            | 14       |
| action_min            | 0        |
| adv_avg               | -1.37    |
| adv_max               | -0.633   |
| adv_med               | -1.36    |
| adv_min               | -4.68    |
| adv_var               | 0.0677   |
| clipfrac              | 0.391    |
| curr_lr               | 0.001    |
| entropy               | 0.889    |
| eplenmean             | 475      |
| eprewmean             | 14.1     |
| fps                   | 5.42e+03 |
| grad_norm             | 0.58     |
| kl                    | 0.0755   |
| loss_pi               | -0.0517  |
| loss_v                | 0.0131   |
| lr                    | 0.001    |
| misc/nupdates         | 849      |
| misc/serial_timesteps | 3.48e+06 |
| misc/time_elapsed     | 608      |
| misc/total_timesteps  | 3.48e+06 |
| ratio_max             | 10.1     |
| ratio_min             | 0.00339  |
| ret_avg               | 0.529    |
| ret_max               | 3.75     |
| ret_med               | 0.0815   |
| ret_min               | -1.37    |
| ret_var               | 1.35     |
------------------------------------
------------------------------------
| action_max            | 14       |
| action_min            | 0        |
| adv_avg               | -1.4     |
| adv_max               | -0.521   |
| adv_med               | -1.36    |
| adv_min               | -4.72    |
| adv_var               | 0.0981   |
| clipfrac              | 0.338    |
| curr_lr               | 0.001    |
| entropy               | 0.881    |
| eplenmean             | 461      |
| eprewmean             | 12.3     |
| fps                   | 5.58e+03 |
| grad_norm             | 0.541    |
| kl                    | 0.101    |
| loss_pi               | -0.0535  |
| loss_v                | 0.024    |
| lr                    | 0.001    |
| misc/nupdates         | 859      |
| misc/serial_timesteps | 3.52e+06 |
| misc/time_elapsed     | 615      |
| misc/total_timesteps  | 3.52e+06 |
| ratio_max             | 5.31     |
| ratio_min             | 0.000327 |
| ret_avg               | 1.15     |
| ret_max               | 4.22     |
| ret_med               | 1.07     |
| ret_min               | -1.36    |
| ret_var               | 2.83     |
------------------------------------
------------------------------------
| action_max            | 14       |
| action_min            | 0        |
| adv_avg               | -1.39    |
| adv_max               | -0.23    |
| adv_med               | -1.37    |
| adv_min               | -3.86    |
| adv_var               | 0.0551   |
| clipfrac              | 0.348    |
| curr_lr               | 0.001    |
| entropy               | 0.767    |
| eplenmean             | 374      |
| eprewmean             | 10.5     |
| fps                   | 5.24e+03 |
| grad_norm             | 0.812    |
| kl                    | 0.0956   |
| loss_pi               | -0.0466  |
| loss_v                | 0.0127   |
| lr                    | 0.001    |
| misc/nupdates         | 869      |
| misc/serial_timesteps | 3.56e+06 |
| misc/time_elapsed     | 623      |
| misc/total_timesteps  | 3.56e+06 |
| ratio_max             | 9.6      |
| ratio_min             | 0.00125  |
| ret_avg               | 0.811    |
| ret_max               | 3.37     |
| ret_med               | 0.945    |
| ret_min               | -1.35    |
| ret_var               | 1.68     |
------------------------------------
------------------------------------
| action_max            | 14       |
| action_min            | 0        |
| adv_avg               | -1.28    |
| adv_max               | -0.0407  |
| adv_med               | -1.3     |
| adv_min               | -2.64    |
| adv_var               | 0.0319   |
| clipfrac              | 0.352    |
| curr_lr               | 0.001    |
| entropy               | 0.734    |
| eplenmean             | 419      |
| eprewmean             | 13.4     |
| fps                   | 5.28e+03 |
| grad_norm             | 1.07     |
| kl                    | 0.0746   |
| loss_pi               | -0.0469  |
| loss_v                | 0.0103   |
| lr                    | 0.001    |
| misc/nupdates         | 879      |
| misc/serial_timesteps | 3.6e+06  |
| misc/time_elapsed     | 631      |
| misc/total_timesteps  | 3.6e+06  |
| ratio_max             | 3.71     |
| ratio_min             | 0.0781   |
| ret_avg               | 1.24     |
| ret_max               | 3.73     |
| ret_med               | 1.78     |
| ret_min               | -1.42    |
| ret_var               | 2        |
------------------------------------
------------------------------------
| action_max            | 14       |
| action_min            | 0        |
| adv_avg               | -1.35    |
| adv_max               | -0.331   |
| adv_med               | -1.34    |
| adv_min               | -4.4     |
| adv_var               | 0.0509   |
| clipfrac              | 0.416    |
| curr_lr               | 0.001    |
| entropy               | 0.924    |
| eplenmean             | 405      |
| eprewmean             | 11.2     |
| fps                   | 5.18e+03 |
| grad_norm             | 0.625    |
| kl                    | 0.112    |
| loss_pi               | -0.06    |
| loss_v                | 0.0109   |
| lr                    | 0.001    |
| misc/nupdates         | 889      |
| misc/serial_timesteps | 3.65e+06 |
| misc/time_elapsed     | 639      |
| misc/total_timesteps  | 3.65e+06 |
| ratio_max             | 15.7     |
| ratio_min             | 7.61e-05 |
| ret_avg               | 0.25     |
| ret_max               | 2.67     |
| ret_med               | 0.146    |
| ret_min               | -1.39    |
| ret_var               | 0.962    |
------------------------------------
------------------------------------
| action_max            | 14       |
| action_min            | 0        |
| adv_avg               | -1.31    |
| adv_max               | -0.152   |
| adv_med               | -1.33    |
| adv_min               | -2.15    |
| adv_var               | 0.0436   |
| clipfrac              | 0.393    |
| curr_lr               | 0.001    |
| entropy               | 0.79     |
| eplenmean             | 308      |
| eprewmean             | 8.46     |
| fps                   | 5.03e+03 |
| grad_norm             | 0.538    |
| kl                    | 0.104    |
| loss_pi               | -0.0551  |
| loss_v                | 0.0117   |
| lr                    | 0.001    |
| misc/nupdates         | 899      |
| misc/serial_timesteps | 3.69e+06 |
| misc/time_elapsed     | 647      |
| misc/total_timesteps  | 3.69e+06 |
| ratio_max             | 12       |
| ratio_min             | 0.0573   |
| ret_avg               | 0.704    |
| ret_max               | 2.6      |
| ret_med               | 1.08     |
| ret_min               | -1.36    |
| ret_var               | 1.21     |
------------------------------------
------------------------------------
| action_max            | 14       |
| action_min            | 0        |
| adv_avg               | -1.34    |
| adv_max               | -0.557   |
| adv_med               | -1.34    |
| adv_min               | -4.58    |
| adv_var               | 0.0394   |
| clipfrac              | 0.387    |
| curr_lr               | 0.001    |
| entropy               | 1.03     |
| eplenmean             | 415      |
| eprewmean             | 12.3     |
| fps                   | 5.3e+03  |
| grad_norm             | 0.531    |
| kl                    | 0.0712   |
| loss_pi               | -0.0435  |
| loss_v                | 0.0195   |
| lr                    | 0.001    |
| misc/nupdates         | 909      |
| misc/serial_timesteps | 3.73e+06 |
| misc/time_elapsed     | 655      |
| misc/total_timesteps  | 3.73e+06 |
| ratio_max             | 5.37     |
| ratio_min             | 0.0666   |
| ret_avg               | 0.0706   |
| ret_max               | 2.35     |
| ret_med               | -0.189   |
| ret_min               | -1.35    |
| ret_var               | 0.901    |
------------------------------------
------------------------------------
| action_max            | 14       |
| action_min            | 0        |
| adv_avg               | -1.38    |
| adv_max               | -0.84    |
| adv_med               | -1.37    |
| adv_min               | -1.92    |
| adv_var               | 0.0206   |
| clipfrac              | 0.412    |
| curr_lr               | 0.001    |
| entropy               | 0.9      |
| eplenmean             | 304      |
| eprewmean             | 8.12     |
| fps                   | 5.26e+03 |
| grad_norm             | 0.784    |
| kl                    | 0.143    |
| loss_pi               | -0.063   |
| loss_v                | 0.00792  |
| lr                    | 0.001    |
| misc/nupdates         | 919      |
| misc/serial_timesteps | 3.77e+06 |
| misc/time_elapsed     | 663      |
| misc/total_timesteps  | 3.77e+06 |
| ratio_max             | 7.35     |
| ratio_min             | 0.00109  |
| ret_avg               | -0.287   |
| ret_max               | 1.69     |
| ret_med               | -0.469   |
| ret_min               | -1.41    |
| ret_var               | 0.577    |
------------------------------------
------------------------------------
| action_max            | 14       |
| action_min            | 0        |
| adv_avg               | -1.37    |
| adv_max               | -0.741   |
| adv_med               | -1.36    |
| adv_min               | -2.5     |
| adv_var               | 0.0228   |
| clipfrac              | 0.406    |
| curr_lr               | 0.001    |
| entropy               | 0.865    |
| eplenmean             | 303      |
| eprewmean             | 7.6      |
| fps                   | 5.38e+03 |
| grad_norm             | 0.536    |
| kl                    | 0.102    |
| loss_pi               | -0.0635  |
| loss_v                | 0.00787  |
| lr                    | 0.001    |
| misc/nupdates         | 929      |
| misc/serial_timesteps | 3.81e+06 |
| misc/time_elapsed     | 670      |
| misc/total_timesteps  | 3.81e+06 |
| ratio_max             | 4.44     |
| ratio_min             | 0.0119   |
| ret_avg               | -0.328   |
| ret_max               | 1.45     |
| ret_med               | -0.431   |
| ret_min               | -1.38    |
| ret_var               | 0.516    |
------------------------------------
------------------------------------
| action_max            | 14       |
| action_min            | 0        |
| adv_avg               | -1.33    |
| adv_max               | -0.25    |
| adv_med               | -1.34    |
| adv_min               | -2.33    |
| adv_var               | 0.0286   |
| clipfrac              | 0.426    |
| curr_lr               | 0.001    |
| entropy               | 0.759    |
| eplenmean             | 298      |
| eprewmean             | 7.38     |
| fps                   | 5.86e+03 |
| grad_norm             | 0.318    |
| kl                    | 0.173    |
| loss_pi               | -0.0661  |
| loss_v                | 0.0127   |
| lr                    | 0.001    |
| misc/nupdates         | 939      |
| misc/serial_timesteps | 3.85e+06 |
| misc/time_elapsed     | 677      |
| misc/total_timesteps  | 3.85e+06 |
| ratio_max             | 12.9     |
| ratio_min             | 0.00355  |
| ret_avg               | -0.466   |
| ret_max               | 0.911    |
| ret_med               | -0.545   |
| ret_min               | -1.37    |
| ret_var               | 0.295    |
------------------------------------
------------------------------------
| action_max            | 14       |
| action_min            | 0        |
| adv_avg               | -1.32    |
| adv_max               | -0.546   |
| adv_med               | -1.32    |
| adv_min               | -2.23    |
| adv_var               | 0.0256   |
| clipfrac              | 0.395    |
| curr_lr               | 0.001    |
| entropy               | 0.761    |
| eplenmean             | 320      |
| eprewmean             | 8.25     |
| fps                   | 5.6e+03  |
| grad_norm             | 0.532    |
| kl                    | 0.124    |
| loss_pi               | -0.0621  |
| loss_v                | 0.0121   |
| lr                    | 0.001    |
| misc/nupdates         | 949      |
| misc/serial_timesteps | 3.89e+06 |
| misc/time_elapsed     | 684      |
| misc/total_timesteps  | 3.89e+06 |
| ratio_max             | 106      |
| ratio_min             | 0.0191   |
| ret_avg               | -0.104   |
| ret_max               | 1.49     |
| ret_med               | -0.232   |
| ret_min               | -1.35    |
| ret_var               | 0.285    |
------------------------------------
------------------------------------
| action_max            | 14       |
| action_min            | 0        |
| adv_avg               | -1.35    |
| adv_max               | -0.412   |
| adv_med               | -1.34    |
| adv_min               | -3.4     |
| adv_var               | 0.0387   |
| clipfrac              | 0.357    |
| curr_lr               | 0.001    |
| entropy               | 0.681    |
| eplenmean             | 311      |
| eprewmean             | 8.16     |
| fps                   | 5.83e+03 |
| grad_norm             | 0.606    |
| kl                    | 0.149    |
| loss_pi               | -0.0482  |
| loss_v                | 0.0221   |
| lr                    | 0.001    |
| misc/nupdates         | 959      |
| misc/serial_timesteps | 3.93e+06 |
| misc/time_elapsed     | 691      |
| misc/total_timesteps  | 3.93e+06 |
| ratio_max             | 20.8     |
| ratio_min             | 4.47e-06 |
| ret_avg               | -0.127   |
| ret_max               | 1.35     |
| ret_med               | -0.247   |
| ret_min               | -1.37    |
| ret_var               | 0.512    |
------------------------------------
------------------------------------
| action_max            | 14       |
| action_min            | 0        |
| adv_avg               | -1.32    |
| adv_max               | -0.0966  |
| adv_med               | -1.33    |
| adv_min               | -2       |
| adv_var               | 0.0215   |
| clipfrac              | 0.389    |
| curr_lr               | 0.001    |
| entropy               | 0.718    |
| eplenmean             | 373      |
| eprewmean             | 10.7     |
| fps                   | 5.68e+03 |
| grad_norm             | 0.504    |
| kl                    | 0.112    |
| loss_pi               | -0.059   |
| loss_v                | 0.00995  |
| lr                    | 0.001    |
| misc/nupdates         | 969      |
| misc/serial_timesteps | 3.97e+06 |
| misc/time_elapsed     | 698      |
| misc/total_timesteps  | 3.97e+06 |
| ratio_max             | 21.9     |
| ratio_min             | 0.00022  |
| ret_avg               | 0.0633   |
| ret_max               | 1.49     |
| ret_med               | 0.149    |
| ret_min               | -1.35    |
| ret_var               | 0.569    |
------------------------------------
------------------------------------
| action_max            | 14       |
| action_min            | 0        |
| adv_avg               | -1.37    |
| adv_max               | -0.869   |
| adv_med               | -1.34    |
| adv_min               | -4.43    |
| adv_var               | 0.0619   |
| clipfrac              | 0.316    |
| curr_lr               | 0.001    |
| entropy               | 0.705    |
| eplenmean             | 457      |
| eprewmean             | 12.9     |
| fps                   | 5.29e+03 |
| grad_norm             | 0.507    |
| kl                    | 0.078    |
| loss_pi               | -0.0463  |
| loss_v                | 0.0169   |
| lr                    | 0.001    |
| misc/nupdates         | 979      |
| misc/serial_timesteps | 4.01e+06 |
| misc/time_elapsed     | 706      |
| misc/total_timesteps  | 4.01e+06 |
| ratio_max             | 4.58     |
| ratio_min             | 0.0152   |
| ret_avg               | 0.324    |
| ret_max               | 1.82     |
| ret_med               | 0.487    |
| ret_min               | -1.43    |
| ret_var               | 0.563    |
------------------------------------
------------------------------------
| action_max            | 14       |
| action_min            | 0        |
| adv_avg               | -1.34    |
| adv_max               | -0.42    |
| adv_med               | -1.35    |
| adv_min               | -2.65    |
| adv_var               | 0.025    |
| clipfrac              | 0.412    |
| curr_lr               | 0.001    |
| entropy               | 0.786    |
| eplenmean             | 421      |
| eprewmean             | 10.8     |
| fps                   | 5.66e+03 |
| grad_norm             | 0.885    |
| kl                    | 0.118    |
| loss_pi               | -0.0499  |
| loss_v                | 0.00793  |
| lr                    | 0.001    |
| misc/nupdates         | 989      |
| misc/serial_timesteps | 4.06e+06 |
| misc/time_elapsed     | 713      |
| misc/total_timesteps  | 4.06e+06 |
| ratio_max             | 12.6     |
| ratio_min             | 0.0283   |
| ret_avg               | 0.307    |
| ret_max               | 2.87     |
| ret_med               | 0.362    |
| ret_min               | -1.36    |
| ret_var               | 0.944    |
------------------------------------
------------------------------------
| action_max            | 14       |
| action_min            | 0        |
| adv_avg               | -1.32    |
| adv_max               | 1.07     |
| adv_med               | -1.35    |
| adv_min               | -2.5     |
| adv_var               | 0.067    |
| clipfrac              | 0.439    |
| curr_lr               | 0.001    |
| entropy               | 0.947    |
| eplenmean             | 444      |
| eprewmean             | 11.9     |
| fps                   | 5.4e+03  |
| grad_norm             | 0.757    |
| kl                    | 0.0848   |
| loss_pi               | -0.056   |
| loss_v                | 0.0134   |
| lr                    | 0.001    |
| misc/nupdates         | 999      |
| misc/serial_timesteps | 4.1e+06  |
| misc/time_elapsed     | 720      |
| misc/total_timesteps  | 4.1e+06  |
| ratio_max             | 3.62     |
| ratio_min             | 0.0404   |
| ret_avg               | 0.23     |
| ret_max               | 2.81     |
| ret_med               | 0.0348   |
| ret_min               | -1.43    |
| ret_var               | 1.01     |
------------------------------------
------------------------------------
| action_max            | 14       |
| action_min            | 0        |
| adv_avg               | -1.36    |
| adv_max               | -0.672   |
| adv_med               | -1.34    |
| adv_min               | -4.71    |
| adv_var               | 0.0654   |
| clipfrac              | 0.301    |
| curr_lr               | 0.001    |
| entropy               | 0.703    |
| eplenmean             | 307      |
| eprewmean             | 7.99     |
| fps                   | 5.4e+03  |
| grad_norm             | 0.584    |
| kl                    | 0.0709   |
| loss_pi               | -0.013   |
| loss_v                | 0.0155   |
| lr                    | 0.001    |
| misc/nupdates         | 1.01e+03 |
| misc/serial_timesteps | 4.14e+06 |
| misc/time_elapsed     | 728      |
| misc/total_timesteps  | 4.14e+06 |
| ratio_max             | 8.72     |
| ratio_min             | 0.0233   |
| ret_avg               | 0.603    |
| ret_max               | 2.56     |
| ret_med               | 0.559    |
| ret_min               | -1.36    |
| ret_var               | 1.19     |
------------------------------------
------------------------------------
| action_max            | 14       |
| action_min            | 0        |
| adv_avg               | -1.36    |
| adv_max               | -0.64    |
| adv_med               | -1.35    |
| adv_min               | -2.93    |
| adv_var               | 0.0364   |
| clipfrac              | 0.404    |
| curr_lr               | 0.001    |
| entropy               | 0.938    |
| eplenmean             | 359      |
| eprewmean             | 10       |
| fps                   | 5.62e+03 |
| grad_norm             | 0.634    |
| kl                    | 0.0845   |
| loss_pi               | -0.0649  |
| loss_v                | 0.0115   |
| lr                    | 0.001    |
| misc/nupdates         | 1.02e+03 |
| misc/serial_timesteps | 4.18e+06 |
| misc/time_elapsed     | 735      |
| misc/total_timesteps  | 4.18e+06 |
| ratio_max             | 7.83     |
| ratio_min             | 0.0144   |
| ret_avg               | 0.127    |
| ret_max               | 2.77     |
| ret_med               | -0.176   |
| ret_min               | -1.41    |
| ret_var               | 1.11     |
------------------------------------
------------------------------------
| action_max            | 14       |
| action_min            | 0        |
| adv_avg               | -1.36    |
| adv_max               | -0.305   |
| adv_med               | -1.35    |
| adv_min               | -3.36    |
| adv_var               | 0.028    |
| clipfrac              | 0.412    |
| curr_lr               | 0.001    |
| entropy               | 0.876    |
| eplenmean             | 359      |
| eprewmean             | 9.68     |
| fps                   | 5.64e+03 |
| grad_norm             | 0.64     |
| kl                    | 0.088    |
| loss_pi               | -0.0573  |
| loss_v                | 0.0125   |
| lr                    | 0.001    |
| misc/nupdates         | 1.03e+03 |
| misc/serial_timesteps | 4.22e+06 |
| misc/time_elapsed     | 742      |
| misc/total_timesteps  | 4.22e+06 |
| ratio_max             | 11.1     |
| ratio_min             | 0.00193  |
| ret_avg               | 0.0728   |
| ret_max               | 2.49     |
| ret_med               | -0.116   |
| ret_min               | -1.37    |
| ret_var               | 1.04     |
------------------------------------
------------------------------------
| action_max            | 14       |
| action_min            | 0        |
| adv_avg               | -1.39    |
| adv_max               | -0.705   |
| adv_med               | -1.37    |
| adv_min               | -3.14    |
| adv_var               | 0.0286   |
| clipfrac              | 0.406    |
| curr_lr               | 0.001    |
| entropy               | 0.921    |
| eplenmean             | 297      |
| eprewmean             | 8.1      |
| fps                   | 5.63e+03 |
| grad_norm             | 0.637    |
| kl                    | 0.115    |
| loss_pi               | -0.06    |
| loss_v                | 0.0119   |
| lr                    | 0.001    |
| misc/nupdates         | 1.04e+03 |
| misc/serial_timesteps | 4.26e+06 |
| misc/time_elapsed     | 750      |
| misc/total_timesteps  | 4.26e+06 |
| ratio_max             | 27.7     |
| ratio_min             | 0.0124   |
| ret_avg               | 0.0998   |
| ret_max               | 2.37     |
| ret_med               | -0.2     |
| ret_min               | -1.37    |
| ret_var               | 1.03     |
------------------------------------
------------------------------------
| action_max            | 14       |
| action_min            | 0        |
| adv_avg               | -1.36    |
| adv_max               | -0.21    |
| adv_med               | -1.36    |
| adv_min               | -2.78    |
| adv_var               | 0.0417   |
| clipfrac              | 0.426    |
| curr_lr               | 0.001    |
| entropy               | 0.92     |
| eplenmean             | 301      |
| eprewmean             | 7.82     |
| fps                   | 5.89e+03 |
| grad_norm             | 0.509    |
| kl                    | 0.101    |
| loss_pi               | -0.0605  |
| loss_v                | 0.0173   |
| lr                    | 0.001    |
| misc/nupdates         | 1.05e+03 |
| misc/serial_timesteps | 4.3e+06  |
| misc/time_elapsed     | 757      |
| misc/total_timesteps  | 4.3e+06  |
| ratio_max             | 6.73     |
| ratio_min             | 0.0119   |
| ret_avg               | -0.164   |
| ret_max               | 1.32     |
| ret_med               | -0.103   |
| ret_min               | -1.37    |
| ret_var               | 0.469    |
------------------------------------
------------------------------------
| action_max            | 14       |
| action_min            | 0        |
| adv_avg               | -1.31    |
| adv_max               | -0.612   |
| adv_med               | -1.32    |
| adv_min               | -2.2     |
| adv_var               | 0.0292   |
| clipfrac              | 0.357    |
| curr_lr               | 0.001    |
| entropy               | 0.61     |
| eplenmean             | 329      |
| eprewmean             | 8.66     |
| fps                   | 5.79e+03 |
| grad_norm             | 0.71     |
| kl                    | 0.113    |
| loss_pi               | -0.0574  |
| loss_v                | 0.0124   |
| lr                    | 0.001    |
| misc/nupdates         | 1.06e+03 |
| misc/serial_timesteps | 4.34e+06 |
| misc/time_elapsed     | 764      |
| misc/total_timesteps  | 4.34e+06 |
| ratio_max             | 11.5     |
| ratio_min             | 0.00571  |
| ret_avg               | 0.245    |
| ret_max               | 2.1      |
| ret_med               | 0.3      |
| ret_min               | -1.42    |
| ret_var               | 0.572    |
------------------------------------
------------------------------------
| action_max            | 14       |
| action_min            | 0        |
| adv_avg               | -1.36    |
| adv_max               | -0.709   |
| adv_med               | -1.35    |
| adv_min               | -3.81    |
| adv_var               | 0.0378   |
| clipfrac              | 0.408    |
| curr_lr               | 0.001    |
| entropy               | 0.945    |
| eplenmean             | 459      |
| eprewmean             | 13.2     |
| fps                   | 5.98e+03 |
| grad_norm             | 0.457    |
| kl                    | 0.0999   |
| loss_pi               | -0.0525  |
| loss_v                | 0.0112   |
| lr                    | 0.001    |
| misc/nupdates         | 1.07e+03 |
| misc/serial_timesteps | 4.38e+06 |
| misc/time_elapsed     | 771      |
| misc/total_timesteps  | 4.38e+06 |
| ratio_max             | 12.7     |
| ratio_min             | 0.0321   |
| ret_avg               | -0.0285  |
| ret_max               | 2.06     |
| ret_med               | -0.319   |
| ret_min               | -1.37    |
| ret_var               | 0.842    |
------------------------------------
------------------------------------
| action_max            | 14       |
| action_min            | 0        |
| adv_avg               | -1.36    |
| adv_max               | -0.506   |
| adv_med               | -1.36    |
| adv_min               | -2.52    |
| adv_var               | 0.0265   |
| clipfrac              | 0.395    |
| curr_lr               | 0.001    |
| entropy               | 0.839    |
| eplenmean             | 403      |
| eprewmean             | 11.3     |
| fps                   | 5.86e+03 |
| grad_norm             | 0.489    |
| kl                    | 0.11     |
| loss_pi               | -0.066   |
| loss_v                | 0.0105   |
| lr                    | 0.001    |
| misc/nupdates         | 1.08e+03 |
| misc/serial_timesteps | 4.42e+06 |
| misc/time_elapsed     | 778      |
| misc/total_timesteps  | 4.42e+06 |
| ratio_max             | 22.1     |
| ratio_min             | 0.0139   |
| ret_avg               | 0.0171   |
| ret_max               | 2.9      |
| ret_med               | -0.263   |
| ret_min               | -1.39    |
| ret_var               | 0.953    |
------------------------------------
------------------------------------
| action_max            | 14       |
| action_min            | 0        |
| adv_avg               | -1.36    |
| adv_max               | -0.932   |
| adv_med               | -1.35    |
| adv_min               | -2.63    |
| adv_var               | 0.0179   |
| clipfrac              | 0.455    |
| curr_lr               | 0.001    |
| entropy               | 0.874    |
| eplenmean             | 397      |
| eprewmean             | 10.2     |
| fps                   | 6.01e+03 |
| grad_norm             | 0.625    |
| kl                    | 0.118    |
| loss_pi               | -0.0699  |
| loss_v                | 0.00775  |
| lr                    | 0.001    |
| misc/nupdates         | 1.09e+03 |
| misc/serial_timesteps | 4.46e+06 |
| misc/time_elapsed     | 785      |
| misc/total_timesteps  | 4.46e+06 |
| ratio_max             | 7.32     |
| ratio_min             | 0.000551 |
| ret_avg               | -0.00627 |
| ret_max               | 1.83     |
| ret_med               | -0.0273  |
| ret_min               | -1.37    |
| ret_var               | 0.502    |
------------------------------------
------------------------------------
| action_max            | 14       |
| action_min            | 0        |
| adv_avg               | -1.39    |
| adv_max               | -0.616   |
| adv_med               | -1.38    |
| adv_min               | -5.44    |
| adv_var               | 0.0493   |
| clipfrac              | 0.361    |
| curr_lr               | 0.001    |
| entropy               | 0.767    |
| eplenmean             | 415      |
| eprewmean             | 10.1     |
| fps                   | 5.97e+03 |
| grad_norm             | 0.408    |
| kl                    | 0.118    |
| loss_pi               | -0.0364  |
| loss_v                | 0.0109   |
| lr                    | 0.001    |
| misc/nupdates         | 1.1e+03  |
| misc/serial_timesteps | 4.51e+06 |
| misc/time_elapsed     | 792      |
| misc/total_timesteps  | 4.51e+06 |
| ratio_max             | 5.82     |
| ratio_min             | 0.00032  |
| ret_avg               | -0.12    |
| ret_max               | 2.82     |
| ret_med               | -0.296   |
| ret_min               | -1.42    |
| ret_var               | 0.885    |
------------------------------------
------------------------------------
| action_max            | 14       |
| action_min            | 0        |
| adv_avg               | -1.42    |
| adv_max               | 0.111    |
| adv_med               | -1.39    |
| adv_min               | -4.53    |
| adv_var               | 0.0771   |
| clipfrac              | 0.32     |
| curr_lr               | 0.001    |
| entropy               | 0.764    |
| eplenmean             | 422      |
| eprewmean             | 11.3     |
| fps                   | 5.79e+03 |
| grad_norm             | 0.629    |
| kl                    | 0.0636   |
| loss_pi               | -0.0348  |
| loss_v                | 0.0173   |
| lr                    | 0.001    |
| misc/nupdates         | 1.11e+03 |
| misc/serial_timesteps | 4.55e+06 |
| misc/time_elapsed     | 799      |
| misc/total_timesteps  | 4.55e+06 |
| ratio_max             | 10.6     |
| ratio_min             | 5.87e-05 |
| ret_avg               | 0.14     |
| ret_max               | 2.04     |
| ret_med               | 0.0934   |
| ret_min               | -1.39    |
| ret_var               | 0.806    |
------------------------------------
------------------------------------
| action_max            | 14       |
| action_min            | 0        |
| adv_avg               | -1.39    |
| adv_max               | -0.797   |
| adv_med               | -1.38    |
| adv_min               | -3.43    |
| adv_var               | 0.0352   |
| clipfrac              | 0.312    |
| curr_lr               | 0.001    |
| entropy               | 0.616    |
| eplenmean             | 335      |
| eprewmean             | 9.19     |
| fps                   | 5.84e+03 |
| grad_norm             | 0.459    |
| kl                    | 0.0983   |
| loss_pi               | -0.0417  |
| loss_v                | 0.017    |
| lr                    | 0.001    |
| misc/nupdates         | 1.12e+03 |
| misc/serial_timesteps | 4.59e+06 |
| misc/time_elapsed     | 806      |
| misc/total_timesteps  | 4.59e+06 |
| ratio_max             | 37.2     |
| ratio_min             | 0.0151   |
| ret_avg               | -0.00358 |
| ret_max               | 1.58     |
| ret_med               | -0.111   |
| ret_min               | -1.4     |
| ret_var               | 0.728    |
------------------------------------
------------------------------------
| action_max            | 14       |
| action_min            | 0        |
| adv_avg               | -1.39    |
| adv_max               | -0.264   |
| adv_med               | -1.38    |
| adv_min               | -2.94    |
| adv_var               | 0.0591   |
| clipfrac              | 0.336    |
| curr_lr               | 0.001    |
| entropy               | 0.708    |
| eplenmean             | 396      |
| eprewmean             | 10.7     |
| fps                   | 5.82e+03 |
| grad_norm             | 0.456    |
| kl                    | 0.105    |
| loss_pi               | -0.0534  |
| loss_v                | 0.0198   |
| lr                    | 0.001    |
| misc/nupdates         | 1.13e+03 |
| misc/serial_timesteps | 4.63e+06 |
| misc/time_elapsed     | 813      |
| misc/total_timesteps  | 4.63e+06 |
| ratio_max             | 11.5     |
| ratio_min             | 0.00255  |
| ret_avg               | -0.0103  |
| ret_max               | 1.74     |
| ret_med               | 0.0353   |
| ret_min               | -1.38    |
| ret_var               | 0.511    |
------------------------------------
------------------------------------
| action_max            | 14       |
| action_min            | 0        |
| adv_avg               | -1.38    |
| adv_max               | -0.101   |
| adv_med               | -1.38    |
| adv_min               | -3.3     |
| adv_var               | 0.0358   |
| clipfrac              | 0.414    |
| curr_lr               | 0.001    |
| entropy               | 0.884    |
| eplenmean             | 402      |
| eprewmean             | 12.5     |
| fps                   | 5.72e+03 |
| grad_norm             | 0.906    |
| kl                    | 0.0983   |
| loss_pi               | -0.0532  |
| loss_v                | 0.014    |
| lr                    | 0.001    |
| misc/nupdates         | 1.14e+03 |
| misc/serial_timesteps | 4.67e+06 |
| misc/time_elapsed     | 820      |
| misc/total_timesteps  | 4.67e+06 |
| ratio_max             | 11.7     |
| ratio_min             | 0.00301  |
| ret_avg               | -0.167   |
| ret_max               | 1.78     |
| ret_med               | -0.336   |
| ret_min               | -1.39    |
| ret_var               | 0.604    |
------------------------------------
------------------------------------
| action_max            | 14       |
| action_min            | 0        |
| adv_avg               | -1.39    |
| adv_max               | -0.318   |
| adv_med               | -1.38    |
| adv_min               | -2.94    |
| adv_var               | 0.039    |
| clipfrac              | 0.346    |
| curr_lr               | 0.001    |
| entropy               | 0.57     |
| eplenmean             | 331      |
| eprewmean             | 8.58     |
| fps                   | 5.71e+03 |
| grad_norm             | 0.603    |
| kl                    | 0.134    |
| loss_pi               | -0.0427  |
| loss_v                | 0.0148   |
| lr                    | 0.001    |
| misc/nupdates         | 1.15e+03 |
| misc/serial_timesteps | 4.71e+06 |
| misc/time_elapsed     | 827      |
| misc/total_timesteps  | 4.71e+06 |
| ratio_max             | 16.2     |
| ratio_min             | 3.44e-05 |
| ret_avg               | 0.353    |
| ret_max               | 2.67     |
| ret_med               | 0.498    |
| ret_min               | -1.39    |
| ret_var               | 0.715    |
------------------------------------
------------------------------------
| action_max            | 14       |
| action_min            | 0        |
| adv_avg               | -1.39    |
| adv_max               | -0.607   |
| adv_med               | -1.39    |
| adv_min               | -2.36    |
| adv_var               | 0.0247   |
| clipfrac              | 0.393    |
| curr_lr               | 0.001    |
| entropy               | 0.723    |
| eplenmean             | 374      |
| eprewmean             | 10.4     |
| fps                   | 5.52e+03 |
| grad_norm             | 0.725    |
| kl                    | 0.137    |
| loss_pi               | -0.0653  |
| loss_v                | 0.0125   |
| lr                    | 0.001    |
| misc/nupdates         | 1.16e+03 |
| misc/serial_timesteps | 4.75e+06 |
| misc/time_elapsed     | 834      |
| misc/total_timesteps  | 4.75e+06 |
| ratio_max             | 4.73     |
| ratio_min             | 0.000109 |
| ret_avg               | 0.188    |
| ret_max               | 3.11     |
| ret_med               | -0.0946  |
| ret_min               | -1.4     |
| ret_var               | 1.26     |
------------------------------------
------------------------------------
| action_max            | 14       |
| action_min            | 0        |
| adv_avg               | -1.35    |
| adv_max               | -0.053   |
| adv_med               | -1.37    |
| adv_min               | -2.52    |
| adv_var               | 0.0413   |
| clipfrac              | 0.34     |
| curr_lr               | 0.001    |
| entropy               | 0.718    |
| eplenmean             | 350      |
| eprewmean             | 8.41     |
| fps                   | 5.58e+03 |
| grad_norm             | 0.653    |
| kl                    | 0.0999   |
| loss_pi               | -0.0534  |
| loss_v                | 0.0171   |
| lr                    | 0.001    |
| misc/nupdates         | 1.17e+03 |
| misc/serial_timesteps | 4.79e+06 |
| misc/time_elapsed     | 841      |
| misc/total_timesteps  | 4.79e+06 |
| ratio_max             | 2.91     |
| ratio_min             | 0.000385 |
| ret_avg               | 0.0733   |
| ret_max               | 2.75     |
| ret_med               | -0.329   |
| ret_min               | -1.39    |
| ret_var               | 1.31     |
------------------------------------
------------------------------------
| action_max            | 14       |
| action_min            | 0        |
| adv_avg               | -1.4     |
| adv_max               | 0.194    |
| adv_med               | -1.39    |
| adv_min               | -3.08    |
| adv_var               | 0.0477   |
| clipfrac              | 0.408    |
| curr_lr               | 0.001    |
| entropy               | 0.722    |
| eplenmean             | 364      |
| eprewmean             | 8.55     |
| fps                   | 5.6e+03  |
| grad_norm             | 0.613    |
| kl                    | 0.119    |
| loss_pi               | -0.0548  |
| loss_v                | 0.0207   |
| lr                    | 0.001    |
| misc/nupdates         | 1.18e+03 |
| misc/serial_timesteps | 4.83e+06 |
| misc/time_elapsed     | 849      |
| misc/total_timesteps  | 4.83e+06 |
| ratio_max             | 5.51     |
| ratio_min             | 0.000692 |
| ret_avg               | 0.00717  |
| ret_max               | 2.53     |
| ret_med               | 0.0101   |
| ret_min               | -1.45    |
| ret_var               | 0.583    |
------------------------------------
------------------------------------
| action_max            | 14       |
| action_min            | 0        |
| adv_avg               | -1.39    |
| adv_max               | 0.159    |
| adv_med               | -1.39    |
| adv_min               | -3.06    |
| adv_var               | 0.049    |
| clipfrac              | 0.381    |
| curr_lr               | 0.001    |
| entropy               | 0.681    |
| eplenmean             | 359      |
| eprewmean             | 8.93     |
| fps                   | 5.67e+03 |
| grad_norm             | 0.564    |
| kl                    | 0.132    |
| loss_pi               | -0.0471  |
| loss_v                | 0.0128   |
| lr                    | 0.001    |
| misc/nupdates         | 1.19e+03 |
| misc/serial_timesteps | 4.87e+06 |
| misc/time_elapsed     | 856      |
| misc/total_timesteps  | 4.87e+06 |
| ratio_max             | 31.6     |
| ratio_min             | 0.00442  |
| ret_avg               | -0.0363  |
| ret_max               | 1.91     |
| ret_med               | 0.0575   |
| ret_min               | -1.49    |
| ret_var               | 0.577    |
------------------------------------
------------------------------------
| action_max            | 14       |
| action_min            | 0        |
| adv_avg               | -1.35    |
| adv_max               | -0.312   |
| adv_med               | -1.36    |
| adv_min               | -3.13    |
| adv_var               | 0.034    |
| clipfrac              | 0.465    |
| curr_lr               | 0.001    |
| entropy               | 0.812    |
| eplenmean             | 386      |
| eprewmean             | 10.4     |
| fps                   | 5.44e+03 |
| grad_norm             | 0.618    |
| kl                    | 0.113    |
| loss_pi               | -0.0714  |
| loss_v                | 0.0136   |
| lr                    | 0.001    |
| misc/nupdates         | 1.2e+03  |
| misc/serial_timesteps | 4.92e+06 |
| misc/time_elapsed     | 863      |
| misc/total_timesteps  | 4.92e+06 |
| ratio_max             | 4.13     |
| ratio_min             | 2.89e-06 |
| ret_avg               | 0.172    |
| ret_max               | 1.61     |
| ret_med               | 0.368    |
| ret_min               | -1.39    |
| ret_var               | 0.709    |
------------------------------------
------------------------------------
| action_max            | 14       |
| action_min            | 0        |
| adv_avg               | -1.38    |
| adv_max               | -0.756   |
| adv_med               | -1.37    |
| adv_min               | -4.2     |
| adv_var               | 0.0389   |
| clipfrac              | 0.332    |
| curr_lr               | 0.001    |
| entropy               | 0.774    |
| eplenmean             | 336      |
| eprewmean             | 10.1     |
| fps                   | 5.45e+03 |
| grad_norm             | 0.849    |
| kl                    | 0.0652   |
| loss_pi               | -0.0541  |
| loss_v                | 0.0142   |
| lr                    | 0.001    |
| misc/nupdates         | 1.21e+03 |
| misc/serial_timesteps | 4.96e+06 |
| misc/time_elapsed     | 871      |
| misc/total_timesteps  | 4.96e+06 |
| ratio_max             | 3.97     |
| ratio_min             | 0.0135   |
| ret_avg               | 0.354    |
| ret_max               | 2.55     |
| ret_med               | 0.11     |
| ret_min               | -1.46    |
| ret_var               | 1.35     |
------------------------------------
------------------------------------
| action_max            | 14       |
| action_min            | 0        |
| adv_avg               | -1.37    |
| adv_max               | -0.619   |
| adv_med               | -1.38    |
| adv_min               | -2.6     |
| adv_var               | 0.0251   |
| clipfrac              | 0.375    |
| curr_lr               | 0.001    |
| entropy               | 0.755    |
| eplenmean             | 369      |
| eprewmean             | 11.2     |
| fps                   | 5.4e+03  |
| grad_norm             | 0.569    |
| kl                    | 0.0982   |
| loss_pi               | -0.0624  |
| loss_v                | 0.0117   |
| lr                    | 0.001    |
| misc/nupdates         | 1.22e+03 |
| misc/serial_timesteps | 5e+06    |
| misc/time_elapsed     | 878      |
| misc/total_timesteps  | 5e+06    |
| ratio_max             | 5.54     |
| ratio_min             | 0.000351 |
| ret_avg               | 0.557    |
| ret_max               | 3.02     |
| ret_med               | 0.877    |
| ret_min               | -1.41    |
| ret_var               | 1.4      |
------------------------------------
------------------------------------
| action_max            | 14       |
| action_min            | 0        |
| adv_avg               | -1.39    |
| adv_max               | -0.29    |
| adv_med               | -1.38    |
| adv_min               | -4.12    |
| adv_var               | 0.0532   |
| clipfrac              | 0.355    |
| curr_lr               | 0.001    |
| entropy               | 0.663    |
| eplenmean             | 394      |
| eprewmean             | 12.3     |
| fps                   | 5.66e+03 |
| grad_norm             | 0.873    |
| kl                    | 0.0978   |
| loss_pi               | -0.0489  |
| loss_v                | 0.0265   |
| lr                    | 0.001    |
| misc/nupdates         | 1.23e+03 |
| misc/serial_timesteps | 5.04e+06 |
| misc/time_elapsed     | 886      |
| misc/total_timesteps  | 5.04e+06 |
| ratio_max             | 6.21     |
| ratio_min             | 3.23e-05 |
| ret_avg               | 0.966    |
| ret_max               | 3.56     |
| ret_med               | 1.41     |
| ret_min               | -1.41    |
| ret_var               | 2.03     |
------------------------------------
------------------------------------
| action_max            | 14       |
| action_min            | 0        |
| adv_avg               | -1.37    |
| adv_max               | -0.467   |
| adv_med               | -1.37    |
| adv_min               | -2.44    |
| adv_var               | 0.0224   |
| clipfrac              | 0.393    |
| curr_lr               | 0.001    |
| entropy               | 0.938    |
| eplenmean             | 330      |
| eprewmean             | 9.62     |
| fps                   | 5.7e+03  |
| grad_norm             | 0.863    |
| kl                    | 0.0828   |
| loss_pi               | -0.0497  |
| loss_v                | 0.01     |
| lr                    | 0.001    |
| misc/nupdates         | 1.24e+03 |
| misc/serial_timesteps | 5.08e+06 |
| misc/time_elapsed     | 893      |
| misc/total_timesteps  | 5.08e+06 |
| ratio_max             | 14.8     |
| ratio_min             | 0.0116   |
| ret_avg               | -0.0125  |
| ret_max               | 2.92     |
| ret_med               | -0.469   |
| ret_min               | -1.4     |
| ret_var               | 1.57     |
------------------------------------
------------------------------------
| action_max            | 14       |
| action_min            | 0        |
| adv_avg               | -1.36    |
| adv_max               | -0.639   |
| adv_med               | -1.36    |
| adv_min               | -3.98    |
| adv_var               | 0.0421   |
| clipfrac              | 0.271    |
| curr_lr               | 0.001    |
| entropy               | 0.615    |
| eplenmean             | 394      |
| eprewmean             | 10.6     |
| fps                   | 5.88e+03 |
| grad_norm             | 0.946    |
| kl                    | 0.0705   |
| loss_pi               | -0.0468  |
| loss_v                | 0.0137   |
| lr                    | 0.001    |
| misc/nupdates         | 1.25e+03 |
| misc/serial_timesteps | 5.12e+06 |
| misc/time_elapsed     | 901      |
| misc/total_timesteps  | 5.12e+06 |
| ratio_max             | 8.57     |
| ratio_min             | 0.0253   |
| ret_avg               | 1.22     |
| ret_max               | 3.35     |
| ret_med               | 2.09     |
| ret_min               | -1.39    |
| ret_var               | 2.36     |
------------------------------------
------------------------------------
| action_max            | 14       |
| action_min            | 0        |
| adv_avg               | -1.4     |
| adv_max               | 0.256    |
| adv_med               | -1.38    |
| adv_min               | -5.82    |
| adv_var               | 0.119    |
| clipfrac              | 0.35     |
| curr_lr               | 0.001    |
| entropy               | 0.81     |
| eplenmean             | 393      |
| eprewmean             | 11.3     |
| fps                   | 5.64e+03 |
| grad_norm             | 1.23     |
| kl                    | 0.0817   |
| loss_pi               | -0.0454  |
| loss_v                | 0.0294   |
| lr                    | 0.001    |
| misc/nupdates         | 1.26e+03 |
| misc/serial_timesteps | 5.16e+06 |
| misc/time_elapsed     | 908      |
| misc/total_timesteps  | 5.16e+06 |
| ratio_max             | 9.16     |
| ratio_min             | 0.000269 |
| ret_avg               | 0.442    |
| ret_max               | 3.5      |
| ret_med               | 0.614    |
| ret_min               | -1.55    |
| ret_var               | 1.79     |
------------------------------------
------------------------------------
| action_max            | 14       |
| action_min            | 0        |
| adv_avg               | -1.45    |
| adv_max               | -0.328   |
| adv_med               | -1.4     |
| adv_min               | -5.22    |
| adv_var               | 0.125    |
| clipfrac              | 0.359    |
| curr_lr               | 0.001    |
| entropy               | 0.963    |
| eplenmean             | 432      |
| eprewmean             | 12.1     |
| fps                   | 5.78e+03 |
| grad_norm             | 0.889    |
| kl                    | 0.0718   |
| loss_pi               | -0.0422  |
| loss_v                | 0.0353   |
| lr                    | 0.001    |
| misc/nupdates         | 1.27e+03 |
| misc/serial_timesteps | 5.2e+06  |
| misc/time_elapsed     | 915      |
| misc/total_timesteps  | 5.2e+06  |
| ratio_max             | 3.85     |
| ratio_min             | 0.0044   |
| ret_avg               | 0.136    |
| ret_max               | 2.92     |
| ret_med               | -0.102   |
| ret_min               | -1.4     |
| ret_var               | 1.16     |
------------------------------------
------------------------------------
| action_max            | 14       |
| action_min            | 0        |
| adv_avg               | -1.41    |
| adv_max               | -0.279   |
| adv_med               | -1.38    |
| adv_min               | -4.33    |
| adv_var               | 0.104    |
| clipfrac              | 0.355    |
| curr_lr               | 0.001    |
| entropy               | 0.862    |
| eplenmean             | 359      |
| eprewmean             | 10.1     |
| fps                   | 5.81e+03 |
| grad_norm             | 0.746    |
| kl                    | 0.0887   |
| loss_pi               | -0.049   |
| loss_v                | 0.0278   |
| lr                    | 0.001    |
| misc/nupdates         | 1.28e+03 |
| misc/serial_timesteps | 5.24e+06 |
| misc/time_elapsed     | 922      |
| misc/total_timesteps  | 5.24e+06 |
| ratio_max             | 46.9     |
| ratio_min             | 0.0319   |
| ret_avg               | 0.522    |
| ret_max               | 3.1      |
| ret_med               | 0.33     |
| ret_min               | -1.39    |
| ret_var               | 1.55     |
------------------------------------
------------------------------------
| action_max            | 14       |
| action_min            | 0        |
| adv_avg               | -1.38    |
| adv_max               | -0.6     |
| adv_med               | -1.38    |
| adv_min               | -3.03    |
| adv_var               | 0.0283   |
| clipfrac              | 0.412    |
| curr_lr               | 0.001    |
| entropy               | 0.969    |
| eplenmean             | 390      |
| eprewmean             | 11.2     |
| fps                   | 5.64e+03 |
| grad_norm             | 0.657    |
| kl                    | 0.0879   |
| loss_pi               | -0.057   |
| loss_v                | 0.0121   |
| lr                    | 0.001    |
| misc/nupdates         | 1.29e+03 |
| misc/serial_timesteps | 5.28e+06 |
| misc/time_elapsed     | 929      |
| misc/total_timesteps  | 5.28e+06 |
| ratio_max             | 4.3      |
| ratio_min             | 0.00135  |
| ret_avg               | 0.327    |
| ret_max               | 2.69     |
| ret_med               | -0.11    |
| ret_min               | -1.44    |
| ret_var               | 1.48     |
------------------------------------
------------------------------------
| action_max            | 14       |
| action_min            | 0        |
| adv_avg               | -1.4     |
| adv_max               | -0.651   |
| adv_med               | -1.39    |
| adv_min               | -2.19    |
| adv_var               | 0.0201   |
| clipfrac              | 0.465    |
| curr_lr               | 0.001    |
| entropy               | 0.894    |
| eplenmean             | 385      |
| eprewmean             | 9.11     |
| fps                   | 5.91e+03 |
| grad_norm             | 0.711    |
| kl                    | 0.141    |
| loss_pi               | -0.0802  |
| loss_v                | 0.0116   |
| lr                    | 0.001    |
| misc/nupdates         | 1.3e+03  |
| misc/serial_timesteps | 5.32e+06 |
| misc/time_elapsed     | 936      |
| misc/total_timesteps  | 5.32e+06 |
| ratio_max             | 5.03     |
| ratio_min             | 0.0137   |
| ret_avg               | -0.404   |
| ret_max               | 1.86     |
| ret_med               | -0.5     |
| ret_min               | -1.65    |
| ret_var               | 0.46     |
------------------------------------
------------------------------------
| action_max            | 14       |
| action_min            | 0        |
| adv_avg               | -1.36    |
| adv_max               | -0.672   |
| adv_med               | -1.36    |
| adv_min               | -4.09    |
| adv_var               | 0.0415   |
| clipfrac              | 0.35     |
| curr_lr               | 0.001    |
| entropy               | 0.854    |
| eplenmean             | 388      |
| eprewmean             | 10.2     |
| fps                   | 5.78e+03 |
| grad_norm             | 0.778    |
| kl                    | 0.0877   |
| loss_pi               | -0.0407  |
| loss_v                | 0.0189   |
| lr                    | 0.001    |
| misc/nupdates         | 1.31e+03 |
| misc/serial_timesteps | 5.37e+06 |
| misc/time_elapsed     | 943      |
| misc/total_timesteps  | 5.37e+06 |
| ratio_max             | 4.89     |
| ratio_min             | 0.0228   |
| ret_avg               | 0.372    |
| ret_max               | 2.94     |
| ret_med               | 0.0069   |
| ret_min               | -1.4     |
| ret_var               | 1.72     |
------------------------------------
------------------------------------
| action_max            | 14       |
| action_min            | 0        |
| adv_avg               | -1.38    |
| adv_max               | -0.65    |
| adv_med               | -1.38    |
| adv_min               | -2.14    |
| adv_var               | 0.0152   |
| clipfrac              | 0.439    |
| curr_lr               | 0.001    |
| entropy               | 0.877    |
| eplenmean             | 363      |
| eprewmean             | 9.62     |
| fps                   | 5.78e+03 |
| grad_norm             | 0.625    |
| kl                    | 0.109    |
| loss_pi               | -0.0613  |
| loss_v                | 0.00748  |
| lr                    | 0.001    |
| misc/nupdates         | 1.32e+03 |
| misc/serial_timesteps | 5.41e+06 |
| misc/time_elapsed     | 950      |
| misc/total_timesteps  | 5.41e+06 |
| ratio_max             | 15.9     |
| ratio_min             | 0.000134 |
| ret_avg               | -0.0333  |
| ret_max               | 1.78     |
| ret_med               | -0.33    |
| ret_min               | -1.39    |
| ret_var               | 0.902    |
------------------------------------
------------------------------------
| action_max            | 14       |
| action_min            | 0        |
| adv_avg               | -1.4     |
| adv_max               | -0.675   |
| adv_med               | -1.39    |
| adv_min               | -2.24    |
| adv_var               | 0.0244   |
| clipfrac              | 0.373    |
| curr_lr               | 0.001    |
| entropy               | 0.629    |
| eplenmean             | 357      |
| eprewmean             | 8.42     |
| fps                   | 5.73e+03 |
| grad_norm             | 0.733    |
| kl                    | 0.122    |
| loss_pi               | -0.0397  |
| loss_v                | 0.0103   |
| lr                    | 0.001    |
| misc/nupdates         | 1.33e+03 |
| misc/serial_timesteps | 5.45e+06 |
| misc/time_elapsed     | 957      |
| misc/total_timesteps  | 5.45e+06 |
| ratio_max             | 35       |
| ratio_min             | 0.029    |
| ret_avg               | 0.395    |
| ret_max               | 2.09     |
| ret_med               | 0.62     |
| ret_min               | -1.39    |
| ret_var               | 0.778    |
------------------------------------
------------------------------------
| action_max            | 14       |
| action_min            | 0        |
| adv_avg               | -1.36    |
| adv_max               | -0.27    |
| adv_med               | -1.38    |
| adv_min               | -2.17    |
| adv_var               | 0.0343   |
| clipfrac              | 0.398    |
| curr_lr               | 0.001    |
| entropy               | 0.772    |
| eplenmean             | 331      |
| eprewmean             | 10.4     |
| fps                   | 5.95e+03 |
| grad_norm             | 0.529    |
| kl                    | 0.111    |
| loss_pi               | -0.0676  |
| loss_v                | 0.0146   |
| lr                    | 0.001    |
| misc/nupdates         | 1.34e+03 |
| misc/serial_timesteps | 5.49e+06 |
| misc/time_elapsed     | 964      |
| misc/total_timesteps  | 5.49e+06 |
| ratio_max             | 7.87     |
| ratio_min             | 0.00537  |
| ret_avg               | 0.143    |
| ret_max               | 2.31     |
| ret_med               | 0.106    |
| ret_min               | -1.41    |
| ret_var               | 0.764    |
------------------------------------
------------------------------------
| action_max            | 14       |
| action_min            | 0        |
| adv_avg               | -1.39    |
| adv_max               | -0.298   |
| adv_med               | -1.38    |
| adv_min               | -2.91    |
| adv_var               | 0.0387   |
| clipfrac              | 0.359    |
| curr_lr               | 0.001    |
| entropy               | 0.815    |
| eplenmean             | 375      |
| eprewmean             | 11.5     |
| fps                   | 5.88e+03 |
| grad_norm             | 0.533    |
| kl                    | 0.123    |
| loss_pi               | -0.0626  |
| loss_v                | 0.0151   |
| lr                    | 0.001    |
| misc/nupdates         | 1.35e+03 |
| misc/serial_timesteps | 5.53e+06 |
| misc/time_elapsed     | 971      |
| misc/total_timesteps  | 5.53e+06 |
| ratio_max             | 6.69     |
| ratio_min             | 1.04e-05 |
| ret_avg               | 0.238    |
| ret_max               | 2.93     |
| ret_med               | 0.176    |
| ret_min               | -1.39    |
| ret_var               | 1.11     |
------------------------------------
------------------------------------
| action_max            | 14       |
| action_min            | 0        |
| adv_avg               | -1.4     |
| adv_max               | -0.394   |
| adv_med               | -1.39    |
| adv_min               | -5.61    |
| adv_var               | 0.0708   |
| clipfrac              | 0.402    |
| curr_lr               | 0.001    |
| entropy               | 0.928    |
| eplenmean             | 330      |
| eprewmean             | 10.6     |
| fps                   | 5.97e+03 |
| grad_norm             | 0.467    |
| kl                    | 0.0934   |
| loss_pi               | -0.058   |
| loss_v                | 0.0168   |
| lr                    | 0.001    |
| misc/nupdates         | 1.36e+03 |
| misc/serial_timesteps | 5.57e+06 |
| misc/time_elapsed     | 978      |
| misc/total_timesteps  | 5.57e+06 |
| ratio_max             | 13.4     |
| ratio_min             | 0.000749 |
| ret_avg               | -0.194   |
| ret_max               | 3.04     |
| ret_med               | -0.512   |
| ret_min               | -1.39    |
| ret_var               | 1.04     |
------------------------------------
------------------------------------
| action_max            | 14       |
| action_min            | 0        |
| adv_avg               | -1.4     |
| adv_max               | -0.391   |
| adv_med               | -1.37    |
| adv_min               | -5.24    |
| adv_var               | 0.0771   |
| clipfrac              | 0.322    |
| curr_lr               | 0.001    |
| entropy               | 0.782    |
| eplenmean             | 411      |
| eprewmean             | 10.7     |
| fps                   | 6.03e+03 |
| grad_norm             | 0.868    |
| kl                    | 0.0895   |
| loss_pi               | -0.0473  |
| loss_v                | 0.0291   |
| lr                    | 0.001    |
| misc/nupdates         | 1.37e+03 |
| misc/serial_timesteps | 5.61e+06 |
| misc/time_elapsed     | 985      |
| misc/total_timesteps  | 5.61e+06 |
| ratio_max             | 3.62     |
| ratio_min             | 1.49e-05 |
| ret_avg               | -0.0725  |
| ret_max               | 2.97     |
| ret_med               | -0.0894  |
| ret_min               | -1.53    |
| ret_var               | 0.801    |
------------------------------------
------------------------------------
| action_max            | 14       |
| action_min            | 0        |
| adv_avg               | -1.41    |
| adv_max               | -0.666   |
| adv_med               | -1.36    |
| adv_min               | -4.94    |
| adv_var               | 0.106    |
| clipfrac              | 0.324    |
| curr_lr               | 0.001    |
| entropy               | 0.7      |
| eplenmean             | 352      |
| eprewmean             | 9.04     |
| fps                   | 5.66e+03 |
| grad_norm             | 0.814    |
| kl                    | 0.0795   |
| loss_pi               | -0.0437  |
| loss_v                | 0.0348   |
| lr                    | 0.001    |
| misc/nupdates         | 1.38e+03 |
| misc/serial_timesteps | 5.65e+06 |
| misc/time_elapsed     | 992      |
| misc/total_timesteps  | 5.65e+06 |
| ratio_max             | 6.78     |
| ratio_min             | 0.0143   |
| ret_avg               | 0.318    |
| ret_max               | 2.45     |
| ret_med               | 0.217    |
| ret_min               | -1.39    |
| ret_var               | 0.732    |
------------------------------------
------------------------------------
| action_max            | 14       |
| action_min            | 0        |
| adv_avg               | -1.37    |
| adv_max               | -0.0625  |
| adv_med               | -1.37    |
| adv_min               | -2.27    |
| adv_var               | 0.0276   |
| clipfrac              | 0.369    |
| curr_lr               | 0.001    |
| entropy               | 0.783    |
| eplenmean             | 401      |
| eprewmean             | 10.2     |
| fps                   | 5.48e+03 |
| grad_norm             | 0.654    |
| kl                    | 0.111    |
| loss_pi               | -0.0554  |
| loss_v                | 0.0103   |
| lr                    | 0.001    |
| misc/nupdates         | 1.39e+03 |
| misc/serial_timesteps | 5.69e+06 |
| misc/time_elapsed     | 999      |
| misc/total_timesteps  | 5.69e+06 |
| ratio_max             | 10.4     |
| ratio_min             | 0.0234   |
| ret_avg               | 0.133    |
| ret_max               | 1.74     |
| ret_med               | 0.205    |
| ret_min               | -1.39    |
| ret_var               | 0.677    |
------------------------------------
------------------------------------
| action_max            | 14       |
| action_min            | 0        |
| adv_avg               | -1.35    |
| adv_max               | -0.68    |
| adv_med               | -1.36    |
| adv_min               | -2.61    |
| adv_var               | 0.0231   |
| clipfrac              | 0.377    |
| curr_lr               | 0.001    |
| entropy               | 0.694    |
| eplenmean             | 353      |
| eprewmean             | 9.9      |
| fps                   | 5.79e+03 |
| grad_norm             | 0.955    |
| kl                    | 0.0838   |
| loss_pi               | -0.048   |
| loss_v                | 0.00958  |
| lr                    | 0.001    |
| misc/nupdates         | 1.4e+03  |
| misc/serial_timesteps | 5.73e+06 |
| misc/time_elapsed     | 1.01e+03 |
| misc/total_timesteps  | 5.73e+06 |
| ratio_max             | 5.69     |
| ratio_min             | 0.0174   |
| ret_avg               | 0.338    |
| ret_max               | 2.52     |
| ret_med               | 0.363    |
| ret_min               | -1.41    |
| ret_var               | 1.06     |
------------------------------------
------------------------------------
| action_max            | 14       |
| action_min            | 0        |
| adv_avg               | -1.39    |
| adv_max               | -0.835   |
| adv_med               | -1.38    |
| adv_min               | -2.94    |
| adv_var               | 0.0385   |
| clipfrac              | 0.346    |
| curr_lr               | 0.001    |
| entropy               | 0.731    |
| eplenmean             | 381      |
| eprewmean             | 12.3     |
| fps                   | 5.56e+03 |
| grad_norm             | 0.609    |
| kl                    | 0.11     |
| loss_pi               | -0.0521  |
| loss_v                | 0.0134   |
| lr                    | 0.001    |
| misc/nupdates         | 1.41e+03 |
| misc/serial_timesteps | 5.78e+06 |
| misc/time_elapsed     | 1.01e+03 |
| misc/total_timesteps  | 5.78e+06 |
| ratio_max             | 9.21     |
| ratio_min             | 0.00215  |
| ret_avg               | 0.22     |
| ret_max               | 2.59     |
| ret_med               | 0.077    |
| ret_min               | -1.43    |
| ret_var               | 0.85     |
------------------------------------
------------------------------------
| action_max            | 14       |
| action_min            | 0        |
| adv_avg               | -1.39    |
| adv_max               | -0.773   |
| adv_med               | -1.38    |
| adv_min               | -2.32    |
| adv_var               | 0.0206   |
| clipfrac              | 0.408    |
| curr_lr               | 0.001    |
| entropy               | 0.822    |
| eplenmean             | 383      |
| eprewmean             | 11.8     |
| fps                   | 5.54e+03 |
| grad_norm             | 1.09     |
| kl                    | 0.0972   |
| loss_pi               | -0.0653  |
| loss_v                | 0.0107   |
| lr                    | 0.001    |
| misc/nupdates         | 1.42e+03 |
| misc/serial_timesteps | 5.82e+06 |
| misc/time_elapsed     | 1.02e+03 |
| misc/total_timesteps  | 5.82e+06 |
| ratio_max             | 6.13     |
| ratio_min             | 0.00219  |
| ret_avg               | 0.229    |
| ret_max               | 3.14     |
| ret_med               | 0.0757   |
| ret_min               | -1.39    |
| ret_var               | 1.26     |
------------------------------------
------------------------------------
| action_max            | 14       |
| action_min            | 0        |
| adv_avg               | -1.36    |
| adv_max               | -0.589   |
| adv_med               | -1.37    |
| adv_min               | -2.01    |
| adv_var               | 0.0199   |
| clipfrac              | 0.373    |
| curr_lr               | 0.001    |
| entropy               | 0.748    |
| eplenmean             | 402      |
| eprewmean             | 11.6     |
| fps                   | 5.66e+03 |
| grad_norm             | 0.644    |
| kl                    | 0.11     |
| loss_pi               | -0.0561  |
| loss_v                | 0.00959  |
| lr                    | 0.001    |
| misc/nupdates         | 1.43e+03 |
| misc/serial_timesteps | 5.86e+06 |
| misc/time_elapsed     | 1.03e+03 |
| misc/total_timesteps  | 5.86e+06 |
| ratio_max             | 7.5      |
| ratio_min             | 0.000661 |
| ret_avg               | 0.31     |
| ret_max               | 3.63     |
| ret_med               | -0.1     |
| ret_min               | -1.39    |
| ret_var               | 1.66     |
------------------------------------
------------------------------------
| action_max            | 14       |
| action_min            | 0        |
| adv_avg               | -1.36    |
| adv_max               | 0.147    |
| adv_med               | -1.37    |
| adv_min               | -2.85    |
| adv_var               | 0.0327   |
| clipfrac              | 0.328    |
| curr_lr               | 0.001    |
| entropy               | 0.681    |
| eplenmean             | 435      |
| eprewmean             | 12.3     |
| fps                   | 5.84e+03 |
| grad_norm             | 0.931    |
| kl                    | 0.124    |
| loss_pi               | -0.0453  |
| loss_v                | 0.0125   |
| lr                    | 0.001    |
| misc/nupdates         | 1.44e+03 |
| misc/serial_timesteps | 5.9e+06  |
| misc/time_elapsed     | 1.04e+03 |
| misc/total_timesteps  | 5.9e+06  |
| ratio_max             | 5.28     |
| ratio_min             | 0.000629 |
| ret_avg               | 0.543    |
| ret_max               | 3.46     |
| ret_med               | -0.031   |
| ret_min               | -1.42    |
| ret_var               | 2.55     |
------------------------------------
------------------------------------
| action_max            | 14       |
| action_min            | 0        |
| adv_avg               | -1.35    |
| adv_max               | -0.123   |
| adv_med               | -1.37    |
| adv_min               | -2.4     |
| adv_var               | 0.029    |
| clipfrac              | 0.365    |
| curr_lr               | 0.001    |
| entropy               | 0.711    |
| eplenmean             | 429      |
| eprewmean             | 11.9     |
| fps                   | 5.81e+03 |
| grad_norm             | 1.2      |
| kl                    | 0.0833   |
| loss_pi               | -0.061   |
| loss_v                | 0.0122   |
| lr                    | 0.001    |
| misc/nupdates         | 1.45e+03 |
| misc/serial_timesteps | 5.94e+06 |
| misc/time_elapsed     | 1.04e+03 |
| misc/total_timesteps  | 5.94e+06 |
| ratio_max             | 12.3     |
| ratio_min             | 0.0904   |
| ret_avg               | 0.411    |
| ret_max               | 4.44     |
| ret_med               | -0.108   |
| ret_min               | -1.46    |
| ret_var               | 2.2      |
------------------------------------
------------------------------------
| action_max            | 14       |
| action_min            | 0        |
| adv_avg               | -1.39    |
| adv_max               | -0.64    |
| adv_med               | -1.38    |
| adv_min               | -3.28    |
| adv_var               | 0.0432   |
| clipfrac              | 0.346    |
| curr_lr               | 0.001    |
| entropy               | 0.636    |
| eplenmean             | 403      |
| eprewmean             | 10.7     |
| fps                   | 5.53e+03 |
| grad_norm             | 0.547    |
| kl                    | 0.108    |
| loss_pi               | -0.0483  |
| loss_v                | 0.0136   |
| lr                    | 0.001    |
| misc/nupdates         | 1.46e+03 |
| misc/serial_timesteps | 5.98e+06 |
| misc/time_elapsed     | 1.05e+03 |
| misc/total_timesteps  | 5.98e+06 |
| ratio_max             | 6.34     |
| ratio_min             | 0.0137   |
| ret_avg               | 0.134    |
| ret_max               | 3.16     |
| ret_med               | 0.0345   |
| ret_min               | -1.39    |
| ret_var               | 0.745    |
------------------------------------
