Setting seed: 0
Logging to logs/shared.adv.karzmarz_False.resnet.dropout_0.0.damping_0.5.lr_0.5/bigfish-easy-0-10.20260720-195044_0
creating environment
Running on device: cuda:0
training...

Number of parameters: 938979.0

------------------------------------
| action_max            | 14       |
| action_min            | 0        |
| adv_avg               | -0.857   |
| adv_max               | 2.95     |
| adv_med               | -0.928   |
| adv_min               | -3.52    |
| adv_var               | 0.412    |
| clipfrac              | 0        |
| curr_lr               | 0.5      |
| entropy               | 2.68     |
| eplenmean             | 127      |
| eprewmean             | 1.9      |
| fps                   | 2.53e+03 |
| grad_norm             | 1.92     |
| kl                    | 0.00627  |
| loss_pi               | -0.0134  |
| loss_v                | 0.184    |
| lr                    | 0.5      |
| misc/nupdates         | 9        |
| misc/serial_timesteps | 4.1e+04  |
| misc/time_elapsed     | 16.9     |
| misc/total_timesteps  | 4.1e+04  |
| ratio_max             | 2.09     |
| ratio_min             | 0.653    |
| ret_avg               | 0.752    |
| ret_max               | 4.77     |
| ret_med               | 0.642    |
| ret_min               | -1.03    |
| ret_var               | 1.56     |
------------------------------------
------------------------------------
| action_max            | 14       |
| action_min            | 0        |
| adv_avg               | -0.961   |
| adv_max               | 3.08     |
| adv_med               | -0.961   |
| adv_min               | -3.97    |
| adv_var               | 0.267    |
| clipfrac              | 0        |
| curr_lr               | 0.5      |
| entropy               | 2.63     |
| eplenmean             | 135      |
| eprewmean             | 2.04     |
| fps                   | 2.46e+03 |
| grad_norm             | 1.36     |
| kl                    | 0.0137   |
| loss_pi               | -0.00928 |
| loss_v                | 0.115    |
| lr                    | 0.5      |
| misc/nupdates         | 19       |
| misc/serial_timesteps | 8.19e+04 |
| misc/time_elapsed     | 33.3     |
| misc/total_timesteps  | 8.19e+04 |
| ratio_max             | 1.77     |
| ratio_min             | 0.546    |
| ret_avg               | 0.68     |
| ret_max               | 5.2      |
| ret_med               | 0.468    |
| ret_min               | -1.12    |
| ret_var               | 1.55     |
------------------------------------
------------------------------------
| action_max            | 14       |
| action_min            | 0        |
| adv_avg               | -1       |
| adv_max               | 2.18     |
| adv_med               | -1       |
| adv_min               | -3.65    |
| adv_var               | 0.196    |
| clipfrac              | 0        |
| curr_lr               | 0.5      |
| entropy               | 2.57     |
| eplenmean             | 169      |
| eprewmean             | 3.2      |
| fps                   | 2.47e+03 |
| grad_norm             | 1.16     |
| kl                    | 0.0414   |
| loss_pi               | -0.0658  |
| loss_v                | 0.105    |
| lr                    | 0.333    |
| misc/nupdates         | 29       |
| misc/serial_timesteps | 1.23e+05 |
| misc/time_elapsed     | 49.7     |
| misc/total_timesteps  | 1.23e+05 |
| ratio_max             | 6.64     |
| ratio_min             | 0.253    |
| ret_avg               | 0.424    |
| ret_max               | 4.39     |
| ret_med               | 0.0276   |
| ret_min               | -1.12    |
| ret_var               | 1.32     |
------------------------------------
------------------------------------
| action_max            | 14       |
| action_min            | 0        |
| adv_avg               | -0.959   |
| adv_max               | 2.09     |
| adv_med               | -0.965   |
| adv_min               | -4.37    |
| adv_var               | 0.178    |
| clipfrac              | 0        |
| curr_lr               | 0.0988   |
| entropy               | 2.14     |
| eplenmean             | 167      |
| eprewmean             | 3.98     |
| fps                   | 2.52e+03 |
| grad_norm             | 0.621    |
| kl                    | 0.0258   |
| loss_pi               | -0.0108  |
| loss_v                | 0.0292   |
| lr                    | 0.0988   |
| misc/nupdates         | 39       |
| misc/serial_timesteps | 1.64e+05 |
| misc/time_elapsed     | 66.1     |
| misc/total_timesteps  | 1.64e+05 |
| ratio_max             | 2.99     |
| ratio_min             | 0.1      |
| ret_avg               | 1.32     |
| ret_max               | 4.91     |
| ret_med               | 0.573    |
| ret_min               | -1.19    |
| ret_var               | 2.86     |
------------------------------------
------------------------------------
| action_max            | 14       |
| action_min            | 0        |
| adv_avg               | -0.97    |
| adv_max               | 1.55     |
| adv_med               | -0.974   |
| adv_min               | -2.39    |
| adv_var               | 0.0855   |
| clipfrac              | 0        |
| curr_lr               | 0.0658   |
| entropy               | 1.95     |
| eplenmean             | 196      |
| eprewmean             | 5.01     |
| fps                   | 2.55e+03 |
| grad_norm             | 1        |
| kl                    | 0.0145   |
| loss_pi               | -0.0469  |
| loss_v                | 0.0285   |
| lr                    | 0.0658   |
| misc/nupdates         | 49       |
| misc/serial_timesteps | 2.05e+05 |
| misc/time_elapsed     | 82.3     |
| misc/total_timesteps  | 2.05e+05 |
| ratio_max             | 2.8      |
| ratio_min             | 0.498    |
| ret_avg               | 1.13     |
| ret_max               | 4.36     |
| ret_med               | 0.582    |
| ret_min               | -1.05    |
| ret_var               | 2.32     |
------------------------------------
------------------------------------
| action_max            | 14       |
| action_min            | 0        |
| adv_avg               | -1.03    |
| adv_max               | 0.772    |
| adv_med               | -1.01    |
| adv_min               | -2.91    |
| adv_var               | 0.0561   |
| clipfrac              | 0        |
| curr_lr               | 0.0658   |
| entropy               | 1.92     |
| eplenmean             | 216      |
| eprewmean             | 6.02     |
| fps                   | 2.53e+03 |
| grad_norm             | 0.63     |
| kl                    | 0.0472   |
| loss_pi               | -0.051   |
| loss_v                | 0.0191   |
| lr                    | 0.0439   |
| misc/nupdates         | 59       |
| misc/serial_timesteps | 2.46e+05 |
| misc/time_elapsed     | 98.5     |
| misc/total_timesteps  | 2.46e+05 |
| ratio_max             | 3.21     |
| ratio_min             | 0.134    |
| ret_avg               | 0.748    |
| ret_max               | 4.42     |
| ret_med               | 0.36     |
| ret_min               | -1.05    |
| ret_var               | 1.77     |
------------------------------------
------------------------------------
| action_max            | 14       |
| action_min            | 0        |
| adv_avg               | -1.01    |
| adv_max               | 0.736    |
| adv_med               | -1.01    |
| adv_min               | -2.29    |
| adv_var               | 0.0419   |
| clipfrac              | 0        |
| curr_lr               | 0.0439   |
| entropy               | 1.82     |
| eplenmean             | 214      |
| eprewmean             | 5.63     |
| fps                   | 2.47e+03 |
| grad_norm             | 0.595    |
| kl                    | 0.0162   |
| loss_pi               | -0.0349  |
| loss_v                | 0.0139   |
| lr                    | 0.0439   |
| misc/nupdates         | 69       |
| misc/serial_timesteps | 2.87e+05 |
| misc/time_elapsed     | 115      |
| misc/total_timesteps  | 2.87e+05 |
| ratio_max             | 2.66     |
| ratio_min             | 0.206    |
| ret_avg               | 0.713    |
| ret_max               | 4.17     |
| ret_med               | 0.275    |
| ret_min               | -1.22    |
| ret_var               | 1.9      |
------------------------------------
------------------------------------
| action_max            | 14       |
| action_min            | 0        |
| adv_avg               | -0.993   |
| adv_max               | -0.0649  |
| adv_med               | -1.01    |
| adv_min               | -2.17    |
| adv_var               | 0.0389   |
| clipfrac              | 0        |
| curr_lr               | 0.0439   |
| entropy               | 1.78     |
| eplenmean             | 236      |
| eprewmean             | 6.33     |
| fps                   | 2.52e+03 |
| grad_norm             | 0.668    |
| kl                    | 0.0239   |
| loss_pi               | -0.0566  |
| loss_v                | 0.00999  |
| lr                    | 0.0439   |
| misc/nupdates         | 79       |
| misc/serial_timesteps | 3.28e+05 |
| misc/time_elapsed     | 131      |
| misc/total_timesteps  | 3.28e+05 |
| ratio_max             | 2.06     |
| ratio_min             | 0.146    |
| ret_avg               | 0.237    |
| ret_max               | 3.61     |
| ret_med               | -0.0525  |
| ret_min               | -1.05    |
| ret_var               | 1.14     |
------------------------------------
------------------------------------
| action_max            | 14       |
| action_min            | 0        |
| adv_avg               | -1.04    |
| adv_max               | 0.234    |
| adv_med               | -1.04    |
| adv_min               | -2.42    |
| adv_var               | 0.0288   |
| clipfrac              | 0        |
| curr_lr               | 0.0439   |
| entropy               | 1.61     |
| eplenmean             | 255      |
| eprewmean             | 6.88     |
| fps                   | 2.55e+03 |
| grad_norm             | 0.938    |
| kl                    | 0.0137   |
| loss_pi               | -0.0318  |
| loss_v                | 0.0117   |
| lr                    | 0.0439   |
| misc/nupdates         | 89       |
| misc/serial_timesteps | 3.69e+05 |
| misc/time_elapsed     | 148      |
| misc/total_timesteps  | 3.69e+05 |
| ratio_max             | 1.61     |
| ratio_min             | 0.527    |
| ret_avg               | 0.754    |
| ret_max               | 3.93     |
| ret_med               | 0.3      |
| ret_min               | -1.09    |
| ret_var               | 1.83     |
------------------------------------
-------------------------------------
| action_max            | 14        |
| action_min            | 0         |
| adv_avg               | -1.07     |
| adv_max               | 0.373     |
| adv_med               | -1.06     |
| adv_min               | -2.42     |
| adv_var               | 0.0304    |
| clipfrac              | 0         |
| curr_lr               | 0.0293    |
| entropy               | 1.54      |
| eplenmean             | 260       |
| eprewmean             | 6.96      |
| fps                   | 2.5e+03   |
| grad_norm             | 0.593     |
| kl                    | 0.0198    |
| loss_pi               | -0.000558 |
| loss_v                | 0.0078    |
| lr                    | 0.0293    |
| misc/nupdates         | 99        |
| misc/serial_timesteps | 4.1e+05   |
| misc/time_elapsed     | 164       |
| misc/total_timesteps  | 4.1e+05   |
| ratio_max             | 2.37      |
| ratio_min             | 0.355     |
| ret_avg               | 0.517     |
| ret_max               | 3.71      |
| ret_med               | 0.251     |
| ret_min               | -1.15     |
| ret_var               | 1.26      |
-------------------------------------
------------------------------------
| action_max            | 14       |
| action_min            | 0        |
| adv_avg               | -1.1     |
| adv_max               | 0.263    |
| adv_med               | -1.09    |
| adv_min               | -2.36    |
| adv_var               | 0.0442   |
| clipfrac              | 0        |
| curr_lr               | 0.0195   |
| entropy               | 1.61     |
| eplenmean             | 275      |
| eprewmean             | 6.96     |
| fps                   | 2.5e+03  |
| grad_norm             | 0.362    |
| kl                    | 0.00982  |
| loss_pi               | -0.0127  |
| loss_v                | 0.00561  |
| lr                    | 0.0195   |
| misc/nupdates         | 109      |
| misc/serial_timesteps | 4.51e+05 |
| misc/time_elapsed     | 180      |
| misc/total_timesteps  | 4.51e+05 |
| ratio_max             | 1.49     |
| ratio_min             | 0.248    |
| ret_avg               | 0.525    |
| ret_max               | 3.6      |
| ret_med               | 0.414    |
| ret_min               | -1.13    |
| ret_var               | 1.06     |
------------------------------------
------------------------------------
| action_max            | 14       |
| action_min            | 0        |
| adv_avg               | -1.12    |
| adv_max               | 0.134    |
| adv_med               | -1.12    |
| adv_min               | -2.48    |
| adv_var               | 0.0554   |
| clipfrac              | 0        |
| curr_lr               | 0.0195   |
| entropy               | 1.43     |
| eplenmean             | 296      |
| eprewmean             | 7.5      |
| fps                   | 2.53e+03 |
| grad_norm             | 0.549    |
| kl                    | 0.00994  |
| loss_pi               | -0.0493  |
| loss_v                | 0.00938  |
| lr                    | 0.0195   |
| misc/nupdates         | 119      |
| misc/serial_timesteps | 4.92e+05 |
| misc/time_elapsed     | 197      |
| misc/total_timesteps  | 4.92e+05 |
| ratio_max             | 1.71     |
| ratio_min             | 0.459    |
| ret_avg               | 0.741    |
| ret_max               | 3.88     |
| ret_med               | 0.495    |
| ret_min               | -1.16    |
| ret_var               | 1.23     |
------------------------------------
------------------------------------
| action_max            | 14       |
| action_min            | 0        |
| adv_avg               | -1.17    |
| adv_max               | 0.00503  |
| adv_med               | -1.16    |
| adv_min               | -3.3     |
| adv_var               | 0.0503   |
| clipfrac              | 0        |
| curr_lr               | 0.0195   |
| entropy               | 1.38     |
| eplenmean             | 319      |
| eprewmean             | 7.88     |
| fps                   | 2.53e+03 |
| grad_norm             | 0.374    |
| kl                    | 0.00578  |
| loss_pi               | -0.0473  |
| loss_v                | 0.00484  |
| lr                    | 0.0195   |
| misc/nupdates         | 129      |
| misc/serial_timesteps | 5.32e+05 |
| misc/time_elapsed     | 213      |
| misc/total_timesteps  | 5.32e+05 |
| ratio_max             | 2.3      |
| ratio_min             | 0.624    |
| ret_avg               | 0.732    |
| ret_max               | 3.89     |
| ret_med               | 0.529    |
| ret_min               | -1.16    |
| ret_var               | 1.35     |
------------------------------------
------------------------------------
| action_max            | 14       |
| action_min            | 0        |
| adv_avg               | -1.19    |
| adv_max               | -0.206   |
| adv_med               | -1.18    |
| adv_min               | -3.11    |
| adv_var               | 0.0651   |
| clipfrac              | 0        |
| curr_lr               | 0.0195   |
| entropy               | 1.33     |
| eplenmean             | 333      |
| eprewmean             | 8.41     |
| fps                   | 2.54e+03 |
| grad_norm             | 0.765    |
| kl                    | 0.0123   |
| loss_pi               | -0.0396  |
| loss_v                | 0.00906  |
| lr                    | 0.0195   |
| misc/nupdates         | 139      |
| misc/serial_timesteps | 5.73e+05 |
| misc/time_elapsed     | 229      |
| misc/total_timesteps  | 5.73e+05 |
| ratio_max             | 1.74     |
| ratio_min             | 0.306    |
| ret_avg               | 0.618    |
| ret_max               | 3.97     |
| ret_med               | 0.585    |
| ret_min               | -1.26    |
| ret_var               | 0.807    |
------------------------------------
------------------------------------
| action_max            | 14       |
| action_min            | 0        |
| adv_avg               | -1.19    |
| adv_max               | 0.936    |
| adv_med               | -1.17    |
| adv_min               | -3.34    |
| adv_var               | 0.0957   |
| clipfrac              | 0        |
| curr_lr               | 0.0293   |
| entropy               | 1.33     |
| eplenmean             | 328      |
| eprewmean             | 8.65     |
| fps                   | 2.54e+03 |
| grad_norm             | 1.05     |
| kl                    | 0.00682  |
| loss_pi               | -0.0486  |
| loss_v                | 0.0114   |
| lr                    | 0.0293   |
| misc/nupdates         | 149      |
| misc/serial_timesteps | 6.14e+05 |
| misc/time_elapsed     | 245      |
| misc/total_timesteps  | 6.14e+05 |
| ratio_max             | 2.03     |
| ratio_min             | 0.52     |
| ret_avg               | 0.664    |
| ret_max               | 3.28     |
| ret_med               | 0.555    |
| ret_min               | -1.35    |
| ret_var               | 1.03     |
------------------------------------
------------------------------------
| action_max            | 14       |
| action_min            | 0        |
| adv_avg               | -1.18    |
| adv_max               | -0.214   |
| adv_med               | -1.18    |
| adv_min               | -3.22    |
| adv_var               | 0.0452   |
| clipfrac              | 0        |
| curr_lr               | 0.0293   |
| entropy               | 1.18     |
| eplenmean             | 328      |
| eprewmean             | 8.41     |
| fps                   | 2.46e+03 |
| grad_norm             | 1.18     |
| kl                    | 0.00691  |
| loss_pi               | -0.0471  |
| loss_v                | 0.0112   |
| lr                    | 0.0293   |
| misc/nupdates         | 159      |
| misc/serial_timesteps | 6.55e+05 |
| misc/time_elapsed     | 262      |
| misc/total_timesteps  | 6.55e+05 |
| ratio_max             | 1.5      |
| ratio_min             | 0.605    |
| ret_avg               | 0.242    |
| ret_max               | 2.85     |
| ret_med               | 0.0926   |
| ret_min               | -1.54    |
| ret_var               | 0.771    |
------------------------------------
------------------------------------
| action_max            | 14       |
| action_min            | 0        |
| adv_avg               | -1.24    |
| adv_max               | -0.384   |
| adv_med               | -1.22    |
| adv_min               | -3.42    |
| adv_var               | 0.0673   |
| clipfrac              | 0        |
| curr_lr               | 0.0293   |
| entropy               | 1.24     |
| eplenmean             | 335      |
| eprewmean             | 9.22     |
| fps                   | 2.47e+03 |
| grad_norm             | 0.615    |
| kl                    | 0.02     |
| loss_pi               | -0.0769  |
| loss_v                | 0.00619  |
| lr                    | 0.0293   |
| misc/nupdates         | 169      |
| misc/serial_timesteps | 6.96e+05 |
| misc/time_elapsed     | 278      |
| misc/total_timesteps  | 6.96e+05 |
| ratio_max             | 8.11     |
| ratio_min             | 0.138    |
| ret_avg               | 0.195    |
| ret_max               | 2.93     |
| ret_med               | 0.107    |
| ret_min               | -1.34    |
| ret_var               | 0.865    |
------------------------------------
------------------------------------
| action_max            | 14       |
| action_min            | 0        |
| adv_avg               | -1.16    |
| adv_max               | 1.92     |
| adv_med               | -1.19    |
| adv_min               | -2.75    |
| adv_var               | 0.0627   |
| clipfrac              | 0        |
| curr_lr               | 0.0439   |
| entropy               | 1.08     |
| eplenmean             | 308      |
| eprewmean             | 9.19     |
| fps                   | 2.52e+03 |
| grad_norm             | 1.62     |
| kl                    | 0.00642  |
| loss_pi               | 0.00612  |
| loss_v                | 0.0203   |
| lr                    | 0.0439   |
| misc/nupdates         | 179      |
| misc/serial_timesteps | 7.37e+05 |
| misc/time_elapsed     | 294      |
| misc/total_timesteps  | 7.37e+05 |
| ratio_max             | 1.74     |
| ratio_min             | 0.539    |
| ret_avg               | 0.472    |
| ret_max               | 2.87     |
| ret_med               | 0.249    |
| ret_min               | -1.39    |
| ret_var               | 0.912    |
------------------------------------
------------------------------------
| action_max            | 14       |
| action_min            | 0        |
| adv_avg               | -1.22    |
| adv_max               | -0.474   |
| adv_med               | -1.22    |
| adv_min               | -2.25    |
| adv_var               | 0.0293   |
| clipfrac              | 0        |
| curr_lr               | 0.0439   |
| entropy               | 1.32     |
| eplenmean             | 323      |
| eprewmean             | 9.93     |
| fps                   | 2.53e+03 |
| grad_norm             | 0.87     |
| kl                    | 0.0141   |
| loss_pi               | -0.087   |
| loss_v                | 0.00811  |
| lr                    | 0.0439   |
| misc/nupdates         | 189      |
| misc/serial_timesteps | 7.78e+05 |
| misc/time_elapsed     | 311      |
| misc/total_timesteps  | 7.78e+05 |
| ratio_max             | 1.56     |
| ratio_min             | 0.422    |
| ret_avg               | 0.265    |
| ret_max               | 2.57     |
| ret_med               | 0.149    |
| ret_min               | -1.51    |
| ret_var               | 0.881    |
------------------------------------
------------------------------------
| action_max            | 14       |
| action_min            | 0        |
| adv_avg               | -1.29    |
| adv_max               | -0.315   |
| adv_med               | -1.28    |
| adv_min               | -2.92    |
| adv_var               | 0.0462   |
| clipfrac              | 0        |
| curr_lr               | 0.0293   |
| entropy               | 1.41     |
| eplenmean             | 334      |
| eprewmean             | 8.14     |
| fps                   | 2.48e+03 |
| grad_norm             | 0.744    |
| kl                    | 0.0132   |
| loss_pi               | -0.0237  |
| loss_v                | 0.00685  |
| lr                    | 0.0293   |
| misc/nupdates         | 199      |
| misc/serial_timesteps | 8.19e+05 |
| misc/time_elapsed     | 327      |
| misc/total_timesteps  | 8.19e+05 |
| ratio_max             | 2.37     |
| ratio_min             | 0.21     |
| ret_avg               | 0.136    |
| ret_max               | 2.62     |
| ret_med               | 0.258    |
| ret_min               | -1.3     |
| ret_var               | 0.412    |
------------------------------------
------------------------------------
| action_max            | 14       |
| action_min            | 0        |
| adv_avg               | -1.28    |
| adv_max               | -0.661   |
| adv_med               | -1.27    |
| adv_min               | -2.83    |
| adv_var               | 0.0381   |
| clipfrac              | 0        |
| curr_lr               | 0.0293   |
| entropy               | 0.976    |
| eplenmean             | 289      |
| eprewmean             | 7.53     |
| fps                   | 2.49e+03 |
| grad_norm             | 1.51     |
| kl                    | 0.00444  |
| loss_pi               | -0.0984  |
| loss_v                | 0.0138   |
| lr                    | 0.0439   |
| misc/nupdates         | 209      |
| misc/serial_timesteps | 8.6e+05  |
| misc/time_elapsed     | 343      |
| misc/total_timesteps  | 8.6e+05  |
| ratio_max             | 1.85     |
| ratio_min             | 0.592    |
| ret_avg               | 0.734    |
| ret_max               | 3.13     |
| ret_med               | 0.646    |
| ret_min               | -1.32    |
| ret_var               | 1.14     |
------------------------------------
------------------------------------
| action_max            | 14       |
| action_min            | 0        |
| adv_avg               | -1.26    |
| adv_max               | -0.524   |
| adv_med               | -1.25    |
| adv_min               | -3.59    |
| adv_var               | 0.0386   |
| clipfrac              | 0        |
| curr_lr               | 0.0293   |
| entropy               | 1.15     |
| eplenmean             | 303      |
| eprewmean             | 8.77     |
| fps                   | 2.48e+03 |
| grad_norm             | 0.982    |
| kl                    | 0.0112   |
| loss_pi               | -0.0734  |
| loss_v                | 0.00845  |
| lr                    | 0.0293   |
| misc/nupdates         | 219      |
| misc/serial_timesteps | 9.01e+05 |
| misc/time_elapsed     | 360      |
| misc/total_timesteps  | 9.01e+05 |
| ratio_max             | 1.61     |
| ratio_min             | 0.265    |
| ret_avg               | 0.185    |
| ret_max               | 2.73     |
| ret_med               | 0.186    |
| ret_min               | -1.47    |
| ret_var               | 0.733    |
------------------------------------
------------------------------------
| action_max            | 14       |
| action_min            | 0        |
| adv_avg               | -1.31    |
| adv_max               | -0.168   |
| adv_med               | -1.3     |
| adv_min               | -4.43    |
| adv_var               | 0.075    |
| clipfrac              | 0        |
| curr_lr               | 0.0195   |
| entropy               | 1.15     |
| eplenmean             | 348      |
| eprewmean             | 10.2     |
| fps                   | 2.54e+03 |
| grad_norm             | 1.01     |
| kl                    | 0.0156   |
| loss_pi               | -0.0629  |
| loss_v                | 0.00823  |
| lr                    | 0.0195   |
| misc/nupdates         | 229      |
| misc/serial_timesteps | 9.42e+05 |
| misc/time_elapsed     | 376      |
| misc/total_timesteps  | 9.42e+05 |
| ratio_max             | 3.21     |
| ratio_min             | 0.329    |
| ret_avg               | 0.591    |
| ret_max               | 3.5      |
| ret_med               | 0.271    |
| ret_min               | -1.39    |
| ret_var               | 1.45     |
------------------------------------
------------------------------------
| action_max            | 14       |
| action_min            | 0        |
| adv_avg               | -1.31    |
| adv_max               | 0.192    |
| adv_med               | -1.3     |
| adv_min               | -2.94    |
| adv_var               | 0.0603   |
| clipfrac              | 0        |
| curr_lr               | 0.0195   |
| entropy               | 0.893    |
| eplenmean             | 368      |
| eprewmean             | 10.6     |
| fps                   | 2.54e+03 |
| grad_norm             | 1.78     |
| kl                    | 0.002    |
| loss_pi               | -0.0908  |
| loss_v                | 0.0112   |
| lr                    | 0.0293   |
| misc/nupdates         | 239      |
| misc/serial_timesteps | 9.83e+05 |
| misc/time_elapsed     | 392      |
| misc/total_timesteps  | 9.83e+05 |
| ratio_max             | 1.39     |
| ratio_min             | 0.76     |
| ret_avg               | 1.35     |
| ret_max               | 4.18     |
| ret_med               | 1.45     |
| ret_min               | -1.36    |
| ret_var               | 1.85     |
------------------------------------
------------------------------------
| action_max            | 14       |
| action_min            | 0        |
| adv_avg               | -1.33    |
| adv_max               | -0.325   |
| adv_med               | -1.33    |
| adv_min               | -3.38    |
| adv_var               | 0.0472   |
| clipfrac              | 0        |
| curr_lr               | 0.0293   |
| entropy               | 0.986    |
| eplenmean             | 319      |
| eprewmean             | 7.99     |
| fps                   | 2.47e+03 |
| grad_norm             | 1.72     |
| kl                    | 0.00389  |
| loss_pi               | -0.0979  |
| loss_v                | 0.00969  |
| lr                    | 0.0439   |
| misc/nupdates         | 249      |
| misc/serial_timesteps | 1.02e+06 |
| misc/time_elapsed     | 409      |
| misc/total_timesteps  | 1.02e+06 |
| ratio_max             | 1.27     |
| ratio_min             | 0.578    |
| ret_avg               | 0.826    |
| ret_max               | 3.1      |
| ret_med               | 0.584    |
| ret_min               | -1.58    |
| ret_var               | 1.83     |
------------------------------------
------------------------------------
| action_max            | 14       |
| action_min            | 0        |
| adv_avg               | -1.29    |
| adv_max               | -0.291   |
| adv_med               | -1.3     |
| adv_min               | -2.29    |
| adv_var               | 0.0264   |
| clipfrac              | 0        |
| curr_lr               | 0.0439   |
| entropy               | 1.43     |
| eplenmean             | 346      |
| eprewmean             | 10.5     |
| fps                   | 2.38e+03 |
| grad_norm             | 0.653    |
| kl                    | 0.0215   |
| loss_pi               | -0.0404  |
| loss_v                | 0.00591  |
| lr                    | 0.0439   |
| misc/nupdates         | 259      |
| misc/serial_timesteps | 1.06e+06 |
| misc/time_elapsed     | 425      |
| misc/total_timesteps  | 1.06e+06 |
| ratio_max             | 2.03     |
| ratio_min             | 0.148    |
| ret_avg               | -0.128   |
| ret_max               | 2.57     |
| ret_med               | -0.309   |
| ret_min               | -1.45    |
| ret_var               | 0.607    |
------------------------------------
------------------------------------
| action_max            | 14       |
| action_min            | 0        |
| adv_avg               | -1.3     |
| adv_max               | -0.516   |
| adv_med               | -1.3     |
| adv_min               | -2.5     |
| adv_var               | 0.0263   |
| clipfrac              | 0        |
| curr_lr               | 0.0439   |
| entropy               | 1.21     |
| eplenmean             | 287      |
| eprewmean             | 8.73     |
| fps                   | 2.5e+03  |
| grad_norm             | 1.45     |
| kl                    | 0.0142   |
| loss_pi               | -0.103   |
| loss_v                | 0.0127   |
| lr                    | 0.0439   |
| misc/nupdates         | 269      |
| misc/serial_timesteps | 1.11e+06 |
| misc/time_elapsed     | 442      |
| misc/total_timesteps  | 1.11e+06 |
| ratio_max             | 1.88     |
| ratio_min             | 0.342    |
| ret_avg               | 0.338    |
| ret_max               | 2.64     |
| ret_med               | -0.0146  |
| ret_min               | -1.41    |
| ret_var               | 1.17     |
------------------------------------
------------------------------------
| action_max            | 14       |
| action_min            | 0        |
| adv_avg               | -1.3     |
| adv_max               | -0.621   |
| adv_med               | -1.3     |
| adv_min               | -2.94    |
| adv_var               | 0.0278   |
| clipfrac              | 0        |
| curr_lr               | 0.0293   |
| entropy               | 1.32     |
| eplenmean             | 305      |
| eprewmean             | 8.44     |
| fps                   | 2.55e+03 |
| grad_norm             | 0.541    |
| kl                    | 0.0217   |
| loss_pi               | -0.0695  |
| loss_v                | 0.00428  |
| lr                    | 0.0293   |
| misc/nupdates         | 279      |
| misc/serial_timesteps | 1.15e+06 |
| misc/time_elapsed     | 458      |
| misc/total_timesteps  | 1.15e+06 |
| ratio_max             | 1.83     |
| ratio_min             | 0.154    |
| ret_avg               | 0.0367   |
| ret_max               | 1.95     |
| ret_med               | -0.00361 |
| ret_min               | -1.41    |
| ret_var               | 0.509    |
------------------------------------
------------------------------------
| action_max            | 14       |
| action_min            | 0        |
| adv_avg               | -1.32    |
| adv_max               | -0.531   |
| adv_med               | -1.31    |
| adv_min               | -2.22    |
| adv_var               | 0.0241   |
| clipfrac              | 0        |
| curr_lr               | 0.0293   |
| entropy               | 1.2      |
| eplenmean             | 357      |
| eprewmean             | 10.8     |
| fps                   | 2.53e+03 |
| grad_norm             | 0.818    |
| kl                    | 0.00936  |
| loss_pi               | -0.0601  |
| loss_v                | 0.00477  |
| lr                    | 0.0293   |
| misc/nupdates         | 289      |
| misc/serial_timesteps | 1.19e+06 |
| misc/time_elapsed     | 475      |
| misc/total_timesteps  | 1.19e+06 |
| ratio_max             | 1.93     |
| ratio_min             | 0.459    |
| ret_avg               | 0.303    |
| ret_max               | 2.86     |
| ret_med               | 0.241    |
| ret_min               | -1.49    |
| ret_var               | 1.08     |
------------------------------------
------------------------------------
| action_max            | 14       |
| action_min            | 0        |
| adv_avg               | -1.33    |
| adv_max               | 1.18     |
| adv_med               | -1.33    |
| adv_min               | -2.71    |
| adv_var               | 0.038    |
| clipfrac              | 0        |
| curr_lr               | 0.0439   |
| entropy               | 1.11     |
| eplenmean             | 336      |
| eprewmean             | 9.42     |
| fps                   | 2.55e+03 |
| grad_norm             | 1.09     |
| kl                    | 0.0126   |
| loss_pi               | -0.0548  |
| loss_v                | 0.00873  |
| lr                    | 0.0439   |
| misc/nupdates         | 299      |
| misc/serial_timesteps | 1.23e+06 |
| misc/time_elapsed     | 491      |
| misc/total_timesteps  | 1.23e+06 |
| ratio_max             | 1.65     |
| ratio_min             | 0.223    |
| ret_avg               | 0.23     |
| ret_max               | 2.53     |
| ret_med               | 0.301    |
| ret_min               | -1.43    |
| ret_var               | 0.586    |
------------------------------------
------------------------------------
| action_max            | 14       |
| action_min            | 0        |
| adv_avg               | -1.33    |
| adv_max               | -0.291   |
| adv_med               | -1.33    |
| adv_min               | -2.23    |
| adv_var               | 0.0273   |
| clipfrac              | 0        |
| curr_lr               | 0.0439   |
| entropy               | 1.16     |
| eplenmean             | 348      |
| eprewmean             | 9.09     |
| fps                   | 2.53e+03 |
| grad_norm             | 1.22     |
| kl                    | 0.0132   |
| loss_pi               | -0.154   |
| loss_v                | 0.00892  |
| lr                    | 0.0439   |
| misc/nupdates         | 309      |
| misc/serial_timesteps | 1.27e+06 |
| misc/time_elapsed     | 507      |
| misc/total_timesteps  | 1.27e+06 |
| ratio_max             | 1.62     |
| ratio_min             | 0.484    |
| ret_avg               | 0.316    |
| ret_max               | 2.77     |
| ret_med               | 0.0646   |
| ret_min               | -1.49    |
| ret_var               | 1.16     |
------------------------------------
------------------------------------
| action_max            | 14       |
| action_min            | 0        |
| adv_avg               | -1.37    |
| adv_max               | -0.398   |
| adv_med               | -1.35    |
| adv_min               | -2.57    |
| adv_var               | 0.0398   |
| clipfrac              | 0        |
| curr_lr               | 0.0439   |
| entropy               | 1.19     |
| eplenmean             | 369      |
| eprewmean             | 11.1     |
| fps                   | 2.53e+03 |
| grad_norm             | 1.03     |
| kl                    | 0.0234   |
| loss_pi               | -0.0339  |
| loss_v                | 0.00741  |
| lr                    | 0.0439   |
| misc/nupdates         | 319      |
| misc/serial_timesteps | 1.31e+06 |
| misc/time_elapsed     | 523      |
| misc/total_timesteps  | 1.31e+06 |
| ratio_max             | 2.58     |
| ratio_min             | 0.215    |
| ret_avg               | 0.405    |
| ret_max               | 2.83     |
| ret_med               | 0.32     |
| ret_min               | -1.41    |
| ret_var               | 0.921    |
------------------------------------
------------------------------------
| action_max            | 14       |
| action_min            | 0        |
| adv_avg               | -1.39    |
| adv_max               | -0.668   |
| adv_med               | -1.36    |
| adv_min               | -3.02    |
| adv_var               | 0.0351   |
| clipfrac              | 0        |
| curr_lr               | 0.0195   |
| entropy               | 1.19     |
| eplenmean             | 373      |
| eprewmean             | 9.95     |
| fps                   | 2.53e+03 |
| grad_norm             | 0.345    |
| kl                    | 0.0244   |
| loss_pi               | -0.0619  |
| loss_v                | 0.00523  |
| lr                    | 0.0195   |
| misc/nupdates         | 329      |
| misc/serial_timesteps | 1.35e+06 |
| misc/time_elapsed     | 540      |
| misc/total_timesteps  | 1.35e+06 |
| ratio_max             | 1.78     |
| ratio_min             | 0.1      |
| ret_avg               | 0.141    |
| ret_max               | 2.33     |
| ret_med               | 0.0363   |
| ret_min               | -1.46    |
| ret_var               | 0.614    |
------------------------------------
------------------------------------
| action_max            | 14       |
| action_min            | 0        |
| adv_avg               | -1.42    |
| adv_max               | -0.427   |
| adv_med               | -1.38    |
| adv_min               | -4.54    |
| adv_var               | 0.0859   |
| clipfrac              | 0        |
| curr_lr               | 0.0195   |
| entropy               | 1.1      |
| eplenmean             | 338      |
| eprewmean             | 10.8     |
| fps                   | 2.54e+03 |
| grad_norm             | 0.483    |
| kl                    | 0.00739  |
| loss_pi               | -0.0515  |
| loss_v                | 0.00797  |
| lr                    | 0.0195   |
| misc/nupdates         | 339      |
| misc/serial_timesteps | 1.39e+06 |
| misc/time_elapsed     | 556      |
| misc/total_timesteps  | 1.39e+06 |
| ratio_max             | 1.4      |
| ratio_min             | 0.529    |
| ret_avg               | 0.63     |
| ret_max               | 3.6      |
| ret_med               | 0.256    |
| ret_min               | -1.45    |
| ret_var               | 1.52     |
------------------------------------
------------------------------------
| action_max            | 14       |
| action_min            | 0        |
| adv_avg               | -1.38    |
| adv_max               | 0.101    |
| adv_med               | -1.36    |
| adv_min               | -6.7     |
| adv_var               | 0.154    |
| clipfrac              | 0        |
| curr_lr               | 0.0195   |
| entropy               | 0.86     |
| eplenmean             | 357      |
| eprewmean             | 10.7     |
| fps                   | 2.44e+03 |
| grad_norm             | 1.49     |
| kl                    | 0.00469  |
| loss_pi               | -0.0245  |
| loss_v                | 0.0111   |
| lr                    | 0.0293   |
| misc/nupdates         | 349      |
| misc/serial_timesteps | 1.43e+06 |
| misc/time_elapsed     | 573      |
| misc/total_timesteps  | 1.43e+06 |
| ratio_max             | 1.93     |
| ratio_min             | 0.599    |
| ret_avg               | 1.22     |
| ret_max               | 4.43     |
| ret_med               | 1.28     |
| ret_min               | -1.45    |
| ret_var               | 1.73     |
------------------------------------
------------------------------------
| action_max            | 14       |
| action_min            | 0        |
| adv_avg               | -1.38    |
| adv_max               | -0.375   |
| adv_med               | -1.36    |
| adv_min               | -4.62    |
| adv_var               | 0.0742   |
| clipfrac              | 0        |
| curr_lr               | 0.0293   |
| entropy               | 0.87     |
| eplenmean             | 423      |
| eprewmean             | 11.4     |
| fps                   | 2.46e+03 |
| grad_norm             | 1.36     |
| kl                    | 0.00644  |
| loss_pi               | -0.0378  |
| loss_v                | 0.009    |
| lr                    | 0.0293   |
| misc/nupdates         | 359      |
| misc/serial_timesteps | 1.47e+06 |
| misc/time_elapsed     | 589      |
| misc/total_timesteps  | 1.47e+06 |
| ratio_max             | 1.66     |
| ratio_min             | 0.473    |
| ret_avg               | 1.08     |
| ret_max               | 4.12     |
| ret_med               | 1.25     |
| ret_min               | -1.45    |
| ret_var               | 1.58     |
------------------------------------
------------------------------------
| action_max            | 14       |
| action_min            | 0        |
| adv_avg               | -1.33    |
| adv_max               | -0.172   |
| adv_med               | -1.33    |
| adv_min               | -3.58    |
| adv_var               | 0.0537   |
| clipfrac              | 0        |
| curr_lr               | 0.0293   |
| entropy               | 0.843    |
| eplenmean             | 373      |
| eprewmean             | 11.5     |
| fps                   | 2.49e+03 |
| grad_norm             | 1.38     |
| kl                    | 0.00631  |
| loss_pi               | -0.0368  |
| loss_v                | 0.00907  |
| lr                    | 0.0293   |
| misc/nupdates         | 369      |
| misc/serial_timesteps | 1.52e+06 |
| misc/time_elapsed     | 606      |
| misc/total_timesteps  | 1.52e+06 |
| ratio_max             | 2.29     |
| ratio_min             | 0.459    |
| ret_avg               | 1.19     |
| ret_max               | 3.88     |
| ret_med               | 1.26     |
| ret_min               | -1.45    |
| ret_var               | 1.58     |
------------------------------------
------------------------------------
| action_max            | 14       |
| action_min            | 0        |
| adv_avg               | -1.35    |
| adv_max               | 0.0461   |
| adv_med               | -1.34    |
| adv_min               | -2.96    |
| adv_var               | 0.0428   |
| clipfrac              | 0        |
| curr_lr               | 0.0439   |
| entropy               | 0.897    |
| eplenmean             | 408      |
| eprewmean             | 12.6     |
| fps                   | 2.54e+03 |
| grad_norm             | 2.16     |
| kl                    | 0.00698  |
| loss_pi               | -0.107   |
| loss_v                | 0.0147   |
| lr                    | 0.0439   |
| misc/nupdates         | 379      |
| misc/serial_timesteps | 1.56e+06 |
| misc/time_elapsed     | 622      |
| misc/total_timesteps  | 1.56e+06 |
| ratio_max             | 1.73     |
| ratio_min             | 0.419    |
| ret_avg               | 0.731    |
| ret_max               | 3.58     |
| ret_med               | 0.868    |
| ret_min               | -1.46    |
| ret_var               | 1.53     |
------------------------------------
------------------------------------
| action_max            | 14       |
| action_min            | 0        |
| adv_avg               | -1.34    |
| adv_max               | -0.483   |
| adv_med               | -1.33    |
| adv_min               | -3       |
| adv_var               | 0.0431   |
| clipfrac              | 0        |
| curr_lr               | 0.0658   |
| entropy               | 1.24     |
| eplenmean             | 388      |
| eprewmean             | 12       |
| fps                   | 2.52e+03 |
| grad_norm             | 1.64     |
| kl                    | 0.0176   |
| loss_pi               | -0.139   |
| loss_v                | 0.0155   |
| lr                    | 0.0658   |
| misc/nupdates         | 389      |
| misc/serial_timesteps | 1.6e+06  |
| misc/time_elapsed     | 638      |
| misc/total_timesteps  | 1.6e+06  |
| ratio_max             | 2.07     |
| ratio_min             | 0.287    |
| ret_avg               | 0.542    |
| ret_max               | 2.99     |
| ret_med               | 0.319    |
| ret_min               | -1.39    |
| ret_var               | 1.22     |
------------------------------------
------------------------------------
| action_max            | 14       |
| action_min            | 0        |
| adv_avg               | -1.32    |
| adv_max               | -0.396   |
| adv_med               | -1.33    |
| adv_min               | -2.05    |
| adv_var               | 0.0351   |
| clipfrac              | 0        |
| curr_lr               | 0.0195   |
| entropy               | 1.08     |
| eplenmean             | 323      |
| eprewmean             | 9.69     |
| fps                   | 2.49e+03 |
| grad_norm             | 0.823    |
| kl                    | 0.00755  |
| loss_pi               | -0.0925  |
| loss_v                | 0.00552  |
| lr                    | 0.0195   |
| misc/nupdates         | 399      |
| misc/serial_timesteps | 1.64e+06 |
| misc/time_elapsed     | 655      |
| misc/total_timesteps  | 1.64e+06 |
| ratio_max             | 1.97     |
| ratio_min             | 0.255    |
| ret_avg               | 0.759    |
| ret_max               | 4.09     |
| ret_med               | 0.198    |
| ret_min               | -1.4     |
| ret_var               | 2.33     |
------------------------------------
------------------------------------
| action_max            | 14       |
| action_min            | 0        |
| adv_avg               | -1.38    |
| adv_max               | -0.343   |
| adv_med               | -1.37    |
| adv_min               | -3.29    |
| adv_var               | 0.0587   |
| clipfrac              | 0        |
| curr_lr               | 0.0195   |
| entropy               | 0.914    |
| eplenmean             | 362      |
| eprewmean             | 11       |
| fps                   | 2.54e+03 |
| grad_norm             | 0.671    |
| kl                    | 0.0105   |
| loss_pi               | -0.0467  |
| loss_v                | 0.00522  |
| lr                    | 0.0195   |
| misc/nupdates         | 409      |
| misc/serial_timesteps | 1.68e+06 |
| misc/time_elapsed     | 671      |
| misc/total_timesteps  | 1.68e+06 |
| ratio_max             | 2.01     |
| ratio_min             | 0.547    |
| ret_avg               | 0.991    |
| ret_max               | 4.97     |
| ret_med               | 0.942    |
| ret_min               | -1.4     |
| ret_var               | 1.77     |
------------------------------------
------------------------------------
| action_max            | 14       |
| action_min            | 0        |
| adv_avg               | -1.35    |
| adv_max               | -0.607   |
| adv_med               | -1.34    |
| adv_min               | -2.42    |
| adv_var               | 0.0376   |
| clipfrac              | 0        |
| curr_lr               | 0.0658   |
| entropy               | 1.17     |
| eplenmean             | 373      |
| eprewmean             | 12.2     |
| fps                   | 2.47e+03 |
| grad_norm             | 2.7      |
| kl                    | 0.0109   |
| loss_pi               | -0.0845  |
| loss_v                | 0.0245   |
| lr                    | 0.0658   |
| misc/nupdates         | 419      |
| misc/serial_timesteps | 1.72e+06 |
| misc/time_elapsed     | 688      |
| misc/total_timesteps  | 1.72e+06 |
| ratio_max             | 1.58     |
| ratio_min             | 0.457    |
| ret_avg               | 0.757    |
| ret_max               | 5.09     |
| ret_med               | 0.349    |
| ret_min               | -1.39    |
| ret_var               | 2.71     |
------------------------------------
------------------------------------
| action_max            | 14       |
| action_min            | 0        |
| adv_avg               | -1.3     |
| adv_max               | -0.519   |
| adv_med               | -1.31    |
| adv_min               | -2.67    |
| adv_var               | 0.0257   |
| clipfrac              | 0        |
| curr_lr               | 0.0658   |
| entropy               | 1.15     |
| eplenmean             | 405      |
| eprewmean             | 13.5     |
| fps                   | 2.46e+03 |
| grad_norm             | 1.8      |
| kl                    | 0.0101   |
| loss_pi               | -0.072   |
| loss_v                | 0.0158   |
| lr                    | 0.0658   |
| misc/nupdates         | 429      |
| misc/serial_timesteps | 1.76e+06 |
| misc/time_elapsed     | 704      |
| misc/total_timesteps  | 1.76e+06 |
| ratio_max             | 1.75     |
| ratio_min             | 0.443    |
| ret_avg               | 0.482    |
| ret_max               | 3.21     |
| ret_med               | 0.11     |
| ret_min               | -1.4     |
| ret_var               | 1.41     |
------------------------------------
------------------------------------
| action_max            | 14       |
| action_min            | 0        |
| adv_avg               | -1.36    |
| adv_max               | -0.346   |
| adv_med               | -1.34    |
| adv_min               | -3.27    |
| adv_var               | 0.0545   |
| clipfrac              | 0        |
| curr_lr               | 0.0293   |
| entropy               | 1.33     |
| eplenmean             | 384      |
| eprewmean             | 11.1     |
| fps                   | 2.5e+03  |
| grad_norm             | 0.397    |
| kl                    | 0.0245   |
| loss_pi               | -0.0632  |
| loss_v                | 0.00668  |
| lr                    | 0.0293   |
| misc/nupdates         | 439      |
| misc/serial_timesteps | 1.8e+06  |
| misc/time_elapsed     | 721      |
| misc/total_timesteps  | 1.8e+06  |
| ratio_max             | 1.96     |
| ratio_min             | 0.119    |
| ret_avg               | 0.444    |
| ret_max               | 3.76     |
| ret_med               | 0.294    |
| ret_min               | -1.38    |
| ret_var               | 1.45     |
------------------------------------
------------------------------------
| action_max            | 14       |
| action_min            | 0        |
| adv_avg               | -1.35    |
| adv_max               | -0.576   |
| adv_med               | -1.33    |
| adv_min               | -4.52    |
| adv_var               | 0.0558   |
| clipfrac              | 0        |
| curr_lr               | 0.0195   |
| entropy               | 0.969    |
| eplenmean             | 354      |
| eprewmean             | 12       |
| fps                   | 2.47e+03 |
| grad_norm             | 0.583    |
| kl                    | 0.0116   |
| loss_pi               | -0.0976  |
| loss_v                | 0.00415  |
| lr                    | 0.0195   |
| misc/nupdates         | 449      |
| misc/serial_timesteps | 1.84e+06 |
| misc/time_elapsed     | 737      |
| misc/total_timesteps  | 1.84e+06 |
| ratio_max             | 1.65     |
| ratio_min             | 0.139    |
| ret_avg               | 0.883    |
| ret_max               | 3.79     |
| ret_med               | 0.769    |
| ret_min               | -1.39    |
| ret_var               | 1.94     |
------------------------------------
------------------------------------
| action_max            | 14       |
| action_min            | 0        |
| adv_avg               | -1.37    |
| adv_max               | 0.0754   |
| adv_med               | -1.36    |
| adv_min               | -4.52    |
| adv_var               | 0.0757   |
| clipfrac              | 0        |
| curr_lr               | 0.0195   |
| entropy               | 1.17     |
| eplenmean             | 392      |
| eprewmean             | 12       |
| fps                   | 2.48e+03 |
| grad_norm             | 1.04     |
| kl                    | 0.00663  |
| loss_pi               | -0.0378  |
| loss_v                | 0.00827  |
| lr                    | 0.0195   |
| misc/nupdates         | 459      |
| misc/serial_timesteps | 1.88e+06 |
| misc/time_elapsed     | 754      |
| misc/total_timesteps  | 1.88e+06 |
| ratio_max             | 1.86     |
| ratio_min             | 0.366    |
| ret_avg               | 0.894    |
| ret_max               | 4.76     |
| ret_med               | 0.156    |
| ret_min               | -1.37    |
| ret_var               | 3.4      |
------------------------------------
------------------------------------
| action_max            | 14       |
| action_min            | 0        |
| adv_avg               | -1.31    |
| adv_max               | -0.67    |
| adv_med               | -1.32    |
| adv_min               | -2.53    |
| adv_var               | 0.0255   |
| clipfrac              | 0        |
| curr_lr               | 0.0195   |
| entropy               | 0.675    |
| eplenmean             | 405      |
| eprewmean             | 13.7     |
| fps                   | 2.47e+03 |
| grad_norm             | 0.979    |
| kl                    | 0.00372  |
| loss_pi               | -0.059   |
| loss_v                | 0.00453  |
| lr                    | 0.0293   |
| misc/nupdates         | 469      |
| misc/serial_timesteps | 1.93e+06 |
| misc/time_elapsed     | 770      |
| misc/total_timesteps  | 1.93e+06 |
| ratio_max             | 1.96     |
| ratio_min             | 0.575    |
| ret_avg               | 1.45     |
| ret_max               | 4.8      |
| ret_med               | 1.18     |
| ret_min               | -1.4     |
| ret_var               | 2.09     |
------------------------------------
------------------------------------
| action_max            | 14       |
| action_min            | 0        |
| adv_avg               | -1.33    |
| adv_max               | -0.773   |
| adv_med               | -1.31    |
| adv_min               | -3.33    |
| adv_var               | 0.035    |
| clipfrac              | 0        |
| curr_lr               | 0.0439   |
| entropy               | 0.862    |
| eplenmean             | 460      |
| eprewmean             | 16.3     |
| fps                   | 2.49e+03 |
| grad_norm             | 1.35     |
| kl                    | 0.0117   |
| loss_pi               | -0.111   |
| loss_v                | 0.00853  |
| lr                    | 0.0439   |
| misc/nupdates         | 479      |
| misc/serial_timesteps | 1.97e+06 |
| misc/time_elapsed     | 787      |
| misc/total_timesteps  | 1.97e+06 |
| ratio_max             | 1.74     |
| ratio_min             | 0.393    |
| ret_avg               | 0.87     |
| ret_max               | 3.87     |
| ret_med               | 0.866    |
| ret_min               | -1.35    |
| ret_var               | 0.96     |
------------------------------------
------------------------------------
| action_max            | 14       |
| action_min            | 0        |
| adv_avg               | -1.33    |
| adv_max               | -0.957   |
| adv_med               | -1.32    |
| adv_min               | -3.36    |
| adv_var               | 0.0228   |
| clipfrac              | 0        |
| curr_lr               | 0.0293   |
| entropy               | 1.16     |
| eplenmean             | 446      |
| eprewmean             | 15.1     |
| fps                   | 2.49e+03 |
| grad_norm             | 0.576    |
| kl                    | 0.0273   |
| loss_pi               | -0.0694  |
| loss_v                | 0.00321  |
| lr                    | 0.0293   |
| misc/nupdates         | 489      |
| misc/serial_timesteps | 2.01e+06 |
| misc/time_elapsed     | 804      |
| misc/total_timesteps  | 2.01e+06 |
| ratio_max             | 2.19     |
| ratio_min             | 0.304    |
| ret_avg               | 0.38     |
| ret_max               | 2.33     |
| ret_med               | 0.438    |
| ret_min               | -1.36    |
| ret_var               | 0.635    |
------------------------------------
------------------------------------
| action_max            | 14       |
| action_min            | 0        |
| adv_avg               | -1.36    |
| adv_max               | 0.207    |
| adv_med               | -1.34    |
| adv_min               | -4.21    |
| adv_var               | 0.082    |
| clipfrac              | 0        |
| curr_lr               | 0.0293   |
| entropy               | 1.12     |
| eplenmean             | 370      |
| eprewmean             | 11.4     |
| fps                   | 2.54e+03 |
| grad_norm             | 0.774    |
| kl                    | 0.0221   |
| loss_pi               | -0.0388  |
| loss_v                | 0.00656  |
| lr                    | 0.0293   |
| misc/nupdates         | 499      |
| misc/serial_timesteps | 2.05e+06 |
| misc/time_elapsed     | 820      |
| misc/total_timesteps  | 2.05e+06 |
| ratio_max             | 3.06     |
| ratio_min             | 0.1      |
| ret_avg               | 0.523    |
| ret_max               | 1.99     |
| ret_med               | 0.608    |
| ret_min               | -1.49    |
| ret_var               | 0.515    |
------------------------------------
------------------------------------
| action_max            | 14       |
| action_min            | 0        |
| adv_avg               | -1.31    |
| adv_max               | 0.287    |
| adv_med               | -1.32    |
| adv_min               | -2.26    |
| adv_var               | 0.0485   |
| clipfrac              | 0        |
| curr_lr               | 0.0293   |
| entropy               | 1        |
| eplenmean             | 447      |
| eprewmean             | 13.5     |
| fps                   | 2.54e+03 |
| grad_norm             | 0.68     |
| kl                    | 0.0297   |
| loss_pi               | -0.0196  |
| loss_v                | 0.00566  |
| lr                    | 0.0293   |
| misc/nupdates         | 509      |
| misc/serial_timesteps | 2.09e+06 |
| misc/time_elapsed     | 836      |
| misc/total_timesteps  | 2.09e+06 |
| ratio_max             | 2.28     |
| ratio_min             | 0.1      |
| ret_avg               | 0.679    |
| ret_max               | 4.65     |
| ret_med               | 0.644    |
| ret_min               | -1.37    |
| ret_var               | 1.12     |
------------------------------------
------------------------------------
| action_max            | 14       |
| action_min            | 0        |
| adv_avg               | -1.33    |
| adv_max               | -0.517   |
| adv_med               | -1.32    |
| adv_min               | -3.35    |
| adv_var               | 0.0366   |
| clipfrac              | 0        |
| curr_lr               | 0.0439   |
| entropy               | 0.861    |
| eplenmean             | 446      |
| eprewmean             | 14.6     |
| fps                   | 2.48e+03 |
| grad_norm             | 1.3      |
| kl                    | 0.019    |
| loss_pi               | -0.0351  |
| loss_v                | 0.00902  |
| lr                    | 0.0439   |
| misc/nupdates         | 519      |
| misc/serial_timesteps | 2.13e+06 |
| misc/time_elapsed     | 852      |
| misc/total_timesteps  | 2.13e+06 |
| ratio_max             | 2.32     |
| ratio_min             | 0.478    |
| ret_avg               | 0.674    |
| ret_max               | 2.39     |
| ret_med               | 0.829    |
| ret_min               | -1.37    |
| ret_var               | 0.464    |
------------------------------------
------------------------------------
| action_max            | 14       |
| action_min            | 0        |
| adv_avg               | -1.34    |
| adv_max               | -0.404   |
| adv_med               | -1.34    |
| adv_min               | -3.3     |
| adv_var               | 0.0389   |
| clipfrac              | 0        |
| curr_lr               | 0.0439   |
| entropy               | 1.3      |
| eplenmean             | 438      |
| eprewmean             | 14.4     |
| fps                   | 2.47e+03 |
| grad_norm             | 0.723    |
| kl                    | 0.0229   |
| loss_pi               | -0.0499  |
| loss_v                | 0.00535  |
| lr                    | 0.0439   |
| misc/nupdates         | 529      |
| misc/serial_timesteps | 2.17e+06 |
| misc/time_elapsed     | 869      |
| misc/total_timesteps  | 2.17e+06 |
| ratio_max             | 1.72     |
| ratio_min             | 0.358    |
| ret_avg               | 0.338    |
| ret_max               | 3.36     |
| ret_med               | 0.232    |
| ret_min               | -1.37    |
| ret_var               | 0.89     |
------------------------------------
------------------------------------
| action_max            | 14       |
| action_min            | 0        |
| adv_avg               | -1.33    |
| adv_max               | -0.0154  |
| adv_med               | -1.31    |
| adv_min               | -2.73    |
| adv_var               | 0.0526   |
| clipfrac              | 0        |
| curr_lr               | 0.0293   |
| entropy               | 0.909    |
| eplenmean             | 435      |
| eprewmean             | 13.2     |
| fps                   | 2.52e+03 |
| grad_norm             | 1.35     |
| kl                    | 0.00938  |
| loss_pi               | -0.0807  |
| loss_v                | 0.00829  |
| lr                    | 0.0293   |
| misc/nupdates         | 539      |
| misc/serial_timesteps | 2.21e+06 |
| misc/time_elapsed     | 885      |
| misc/total_timesteps  | 2.21e+06 |
| ratio_max             | 2.48     |
| ratio_min             | 0.414    |
| ret_avg               | 1        |
| ret_max               | 3.72     |
| ret_med               | 0.825    |
| ret_min               | -1.44    |
| ret_var               | 1.8      |
------------------------------------
------------------------------------
| action_max            | 14       |
| action_min            | 0        |
| adv_avg               | -1.37    |
| adv_max               | -0.455   |
| adv_med               | -1.34    |
| adv_min               | -3.58    |
| adv_var               | 0.0481   |
| clipfrac              | 0        |
| curr_lr               | 0.0293   |
| entropy               | 0.958    |
| eplenmean             | 449      |
| eprewmean             | 15.3     |
| fps                   | 2.47e+03 |
| grad_norm             | 1.1      |
| kl                    | 0.0223   |
| loss_pi               | -0.108   |
| loss_v                | 0.00819  |
| lr                    | 0.0293   |
| misc/nupdates         | 549      |
| misc/serial_timesteps | 2.25e+06 |
| misc/time_elapsed     | 902      |
| misc/total_timesteps  | 2.25e+06 |
| ratio_max             | 2.45     |
| ratio_min             | 0.225    |
| ret_avg               | 0.536    |
| ret_max               | 3.53     |
| ret_med               | 0.648    |
| ret_min               | -1.38    |
| ret_var               | 0.836    |
------------------------------------
------------------------------------
| action_max            | 14       |
| action_min            | 0        |
| adv_avg               | -1.34    |
| adv_max               | 0.04     |
| adv_med               | -1.33    |
| adv_min               | -3.12    |
| adv_var               | 0.049    |
| clipfrac              | 0        |
| curr_lr               | 0.0195   |
| entropy               | 0.846    |
| eplenmean             | 370      |
| eprewmean             | 11.3     |
| fps                   | 2.49e+03 |
| grad_norm             | 0.846    |
| kl                    | 0.00883  |
| loss_pi               | -0.0611  |
| loss_v                | 0.0092   |
| lr                    | 0.0195   |
| misc/nupdates         | 559      |
| misc/serial_timesteps | 2.29e+06 |
| misc/time_elapsed     | 918      |
| misc/total_timesteps  | 2.29e+06 |
| ratio_max             | 4.57     |
| ratio_min             | 0.549    |
| ret_avg               | 1.04     |
| ret_max               | 4.43     |
| ret_med               | 1.02     |
| ret_min               | -1.43    |
| ret_var               | 1.42     |
------------------------------------
------------------------------------
| action_max            | 14       |
| action_min            | 0        |
| adv_avg               | -1.38    |
| adv_max               | -0.288   |
| adv_med               | -1.35    |
| adv_min               | -3.1     |
| adv_var               | 0.0622   |
| clipfrac              | 0        |
| curr_lr               | 0.0195   |
| entropy               | 0.852    |
| eplenmean             | 369      |
| eprewmean             | 11       |
| fps                   | 2.47e+03 |
| grad_norm             | 0.546    |
| kl                    | 0.0104   |
| loss_pi               | -0.0735  |
| loss_v                | 0.00552  |
| lr                    | 0.0195   |
| misc/nupdates         | 569      |
| misc/serial_timesteps | 2.33e+06 |
| misc/time_elapsed     | 935      |
| misc/total_timesteps  | 2.33e+06 |
| ratio_max             | 1.58     |
| ratio_min             | 0.513    |
| ret_avg               | 0.961    |
| ret_max               | 4.32     |
| ret_med               | 1.06     |
| ret_min               | -1.42    |
| ret_var               | 1.66     |
------------------------------------
------------------------------------
| action_max            | 14       |
| action_min            | 0        |
| adv_avg               | -1.4     |
| adv_max               | -0.698   |
| adv_med               | -1.37    |
| adv_min               | -2.99    |
| adv_var               | 0.054    |
| clipfrac              | 0        |
| curr_lr               | 0.0195   |
| entropy               | 1.05     |
| eplenmean             | 431      |
| eprewmean             | 12.4     |
| fps                   | 2.55e+03 |
| grad_norm             | 0.506    |
| kl                    | 0.0154   |
| loss_pi               | -0.0783  |
| loss_v                | 0.0041   |
| lr                    | 0.0195   |
| misc/nupdates         | 579      |
| misc/serial_timesteps | 2.38e+06 |
| misc/time_elapsed     | 951      |
| misc/total_timesteps  | 2.38e+06 |
| ratio_max             | 1.53     |
| ratio_min             | 0.437    |
| ret_avg               | 0.76     |
| ret_max               | 5.38     |
| ret_med               | 0.398    |
| ret_min               | -1.39    |
| ret_var               | 1.84     |
------------------------------------
------------------------------------
| action_max            | 14       |
| action_min            | 0        |
| adv_avg               | -1.35    |
| adv_max               | -0.65    |
| adv_med               | -1.34    |
| adv_min               | -3.54    |
| adv_var               | 0.0246   |
| clipfrac              | 0        |
| curr_lr               | 0.0293   |
| entropy               | 0.89     |
| eplenmean             | 426      |
| eprewmean             | 13.3     |
| fps                   | 2.47e+03 |
| grad_norm             | 1.39     |
| kl                    | 0.00753  |
| loss_pi               | -0.0198  |
| loss_v                | 0.0153   |
| lr                    | 0.0293   |
| misc/nupdates         | 589      |
| misc/serial_timesteps | 2.42e+06 |
| misc/time_elapsed     | 968      |
| misc/total_timesteps  | 2.42e+06 |
| ratio_max             | 1.9      |
| ratio_min             | 0.358    |
| ret_avg               | 0.88     |
| ret_max               | 4.39     |
| ret_med               | 1.25     |
| ret_min               | -1.39    |
| ret_var               | 1.42     |
------------------------------------
------------------------------------
| action_max            | 14       |
| action_min            | 0        |
| adv_avg               | -1.37    |
| adv_max               | -0.7     |
| adv_med               | -1.34    |
| adv_min               | -2.89    |
| adv_var               | 0.0366   |
| clipfrac              | 0        |
| curr_lr               | 0.0293   |
| entropy               | 0.805    |
| eplenmean             | 399      |
| eprewmean             | 12.2     |
| fps                   | 2.53e+03 |
| grad_norm             | 1.6      |
| kl                    | 0.00406  |
| loss_pi               | -0.133   |
| loss_v                | 0.00882  |
| lr                    | 0.0439   |
| misc/nupdates         | 599      |
| misc/serial_timesteps | 2.46e+06 |
| misc/time_elapsed     | 985      |
| misc/total_timesteps  | 2.46e+06 |
| ratio_max             | 1.53     |
| ratio_min             | 0.592    |
| ret_avg               | 1.13     |
| ret_max               | 4        |
| ret_med               | 1.16     |
| ret_min               | -1.39    |
| ret_var               | 2.39     |
------------------------------------
------------------------------------
| action_max            | 14       |
| action_min            | 0        |
| adv_avg               | -1.32    |
| adv_max               | -0.157   |
| adv_med               | -1.33    |
| adv_min               | -2.34    |
| adv_var               | 0.0291   |
| clipfrac              | 0        |
| curr_lr               | 0.0293   |
| entropy               | 0.845    |
| eplenmean             | 407      |
| eprewmean             | 14.7     |
| fps                   | 2.54e+03 |
| grad_norm             | 0.721    |
| kl                    | 0.0239   |
| loss_pi               | -0.062   |
| loss_v                | 0.00504  |
| lr                    | 0.0293   |
| misc/nupdates         | 609      |
| misc/serial_timesteps | 2.5e+06  |
| misc/time_elapsed     | 1e+03    |
| misc/total_timesteps  | 2.5e+06  |
| ratio_max             | 3.73     |
| ratio_min             | 0.192    |
| ret_avg               | 0.491    |
| ret_max               | 3.37     |
| ret_med               | 0.427    |
| ret_min               | -1.38    |
| ret_var               | 0.473    |
------------------------------------
------------------------------------
| action_max            | 14       |
| action_min            | 0        |
| adv_avg               | -1.34    |
| adv_max               | -0.607   |
| adv_med               | -1.33    |
| adv_min               | -2.75    |
| adv_var               | 0.0226   |
| clipfrac              | 0        |
| curr_lr               | 0.0293   |
| entropy               | 0.933    |
| eplenmean             | 470      |
| eprewmean             | 14.9     |
| fps                   | 2.53e+03 |
| grad_norm             | 1.12     |
| kl                    | 0.0076   |
| loss_pi               | -0.104   |
| loss_v                | 0.00647  |
| lr                    | 0.0293   |
| misc/nupdates         | 619      |
| misc/serial_timesteps | 2.54e+06 |
| misc/time_elapsed     | 1.02e+03 |
| misc/total_timesteps  | 2.54e+06 |
| ratio_max             | 1.78     |
| ratio_min             | 0.244    |
| ret_avg               | 0.692    |
| ret_max               | 3.55     |
| ret_med               | 0.87     |
| ret_min               | -1.39    |
| ret_var               | 1.39     |
------------------------------------
------------------------------------
| action_max            | 14       |
| action_min            | 0        |
| adv_avg               | -1.36    |
| adv_max               | -0.675   |
| adv_med               | -1.33    |
| adv_min               | -3       |
| adv_var               | 0.0353   |
| clipfrac              | 0        |
| curr_lr               | 0.0293   |
| entropy               | 0.733    |
| eplenmean             | 447      |
| eprewmean             | 15.1     |
| fps                   | 2.54e+03 |
| grad_norm             | 1.4      |
| kl                    | 0.0108   |
| loss_pi               | -0.122   |
| loss_v                | 0.00792  |
| lr                    | 0.0293   |
| misc/nupdates         | 629      |
| misc/serial_timesteps | 2.58e+06 |
| misc/time_elapsed     | 1.03e+03 |
| misc/total_timesteps  | 2.58e+06 |
| ratio_max             | 5.72     |
| ratio_min             | 0.288    |
| ret_avg               | 1.01     |
| ret_max               | 3.62     |
| ret_med               | 1.01     |
| ret_min               | -1.39    |
| ret_var               | 1.15     |
------------------------------------
------------------------------------
| action_max            | 14       |
| action_min            | 0        |
| adv_avg               | -1.37    |
| adv_max               | -0.651   |
| adv_med               | -1.35    |
| adv_min               | -3.61    |
| adv_var               | 0.0517   |
| clipfrac              | 0        |
| curr_lr               | 0.0293   |
| entropy               | 0.783    |
| eplenmean             | 461      |
| eprewmean             | 14.9     |
| fps                   | 2.47e+03 |
| grad_norm             | 0.907    |
| kl                    | 0.0121   |
| loss_pi               | -0.0842  |
| loss_v                | 0.00628  |
| lr                    | 0.0293   |
| misc/nupdates         | 639      |
| misc/serial_timesteps | 2.62e+06 |
| misc/time_elapsed     | 1.05e+03 |
| misc/total_timesteps  | 2.62e+06 |
| ratio_max             | 1.71     |
| ratio_min             | 0.274    |
| ret_avg               | 0.757    |
| ret_max               | 3.58     |
| ret_med               | 0.89     |
| ret_min               | -1.44    |
| ret_var               | 0.66     |
------------------------------------
------------------------------------
| action_max            | 14       |
| action_min            | 0        |
| adv_avg               | -1.41    |
| adv_max               | -0.585   |
| adv_med               | -1.37    |
| adv_min               | -3.59    |
| adv_var               | 0.0666   |
| clipfrac              | 0        |
| curr_lr               | 0.0293   |
| entropy               | 0.868    |
| eplenmean             | 521      |
| eprewmean             | 15.4     |
| fps                   | 2.47e+03 |
| grad_norm             | 0.658    |
| kl                    | 0.0234   |
| loss_pi               | -0.0812  |
| loss_v                | 0.00689  |
| lr                    | 0.0293   |
| misc/nupdates         | 649      |
| misc/serial_timesteps | 2.66e+06 |
| misc/time_elapsed     | 1.07e+03 |
| misc/total_timesteps  | 2.66e+06 |
| ratio_max             | 4.29     |
| ratio_min             | 0.33     |
| ret_avg               | 0.712    |
| ret_max               | 3.33     |
| ret_med               | 0.729    |
| ret_min               | -1.41    |
| ret_var               | 0.687    |
------------------------------------
------------------------------------
| action_max            | 14       |
| action_min            | 0        |
| adv_avg               | -1.41    |
| adv_max               | -0.143   |
| adv_med               | -1.39    |
| adv_min               | -3.68    |
| adv_var               | 0.0613   |
| clipfrac              | 0        |
| curr_lr               | 0.0293   |
| entropy               | 0.979    |
| eplenmean             | 600      |
| eprewmean             | 16.6     |
| fps                   | 2.54e+03 |
| grad_norm             | 0.995    |
| kl                    | 0.0343   |
| loss_pi               | -0.0584  |
| loss_v                | 0.00722  |
| lr                    | 0.0293   |
| misc/nupdates         | 659      |
| misc/serial_timesteps | 2.7e+06  |
| misc/time_elapsed     | 1.08e+03 |
| misc/total_timesteps  | 2.7e+06  |
| ratio_max             | 3.5      |
| ratio_min             | 0.1      |
| ret_avg               | 0.415    |
| ret_max               | 3.63     |
| ret_med               | 0.299    |
| ret_min               | -1.41    |
| ret_var               | 1.32     |
------------------------------------
------------------------------------
| action_max            | 14       |
| action_min            | 0        |
| adv_avg               | -1.39    |
| adv_max               | -0.654   |
| adv_med               | -1.37    |
| adv_min               | -2.95    |
| adv_var               | 0.0451   |
| clipfrac              | 0        |
| curr_lr               | 0.0293   |
| entropy               | 1.01     |
| eplenmean             | 487      |
| eprewmean             | 14.3     |
| fps                   | 2.48e+03 |
| grad_norm             | 1.07     |
| kl                    | 0.0112   |
| loss_pi               | -0.112   |
| loss_v                | 0.00652  |
| lr                    | 0.0293   |
| misc/nupdates         | 669      |
| misc/serial_timesteps | 2.74e+06 |
| misc/time_elapsed     | 1.1e+03  |
| misc/total_timesteps  | 2.74e+06 |
| ratio_max             | 2.48     |
| ratio_min             | 0.354    |
| ret_avg               | 0.373    |
| ret_max               | 3.15     |
| ret_med               | 0.479    |
| ret_min               | -1.5     |
| ret_var               | 0.564    |
------------------------------------
------------------------------------
| action_max            | 14       |
| action_min            | 0        |
| adv_avg               | -1.39    |
| adv_max               | 0.451    |
| adv_med               | -1.38    |
| adv_min               | -2.76    |
| adv_var               | 0.0365   |
| clipfrac              | 0        |
| curr_lr               | 0.0195   |
| entropy               | 0.736    |
| eplenmean             | 525      |
| eprewmean             | 15.3     |
| fps                   | 2.53e+03 |
| grad_norm             | 1.07     |
| kl                    | 0.00473  |
| loss_pi               | -0.101   |
| loss_v                | 0.00552  |
| lr                    | 0.0293   |
| misc/nupdates         | 679      |
| misc/serial_timesteps | 2.79e+06 |
| misc/time_elapsed     | 1.12e+03 |
| misc/total_timesteps  | 2.79e+06 |
| ratio_max             | 1.55     |
| ratio_min             | 0.558    |
| ret_avg               | 1.18     |
| ret_max               | 4.27     |
| ret_med               | 1.3      |
| ret_min               | -1.42    |
| ret_var               | 2        |
------------------------------------
------------------------------------
| action_max            | 14       |
| action_min            | 0        |
| adv_avg               | -1.42    |
| adv_max               | -0.5     |
| adv_med               | -1.39    |
| adv_min               | -3.82    |
| adv_var               | 0.0611   |
| clipfrac              | 0        |
| curr_lr               | 0.0293   |
| entropy               | 0.925    |
| eplenmean             | 494      |
| eprewmean             | 16       |
| fps                   | 2.5e+03  |
| grad_norm             | 0.86     |
| kl                    | 0.0205   |
| loss_pi               | -0.0892  |
| loss_v                | 0.01     |
| lr                    | 0.0293   |
| misc/nupdates         | 689      |
| misc/serial_timesteps | 2.83e+06 |
| misc/time_elapsed     | 1.13e+03 |
| misc/total_timesteps  | 2.83e+06 |
| ratio_max             | 1.95     |
| ratio_min             | 0.261    |
| ret_avg               | 0.588    |
| ret_max               | 2.33     |
| ret_med               | 0.818    |
| ret_min               | -1.42    |
| ret_var               | 0.624    |
------------------------------------
------------------------------------
| action_max            | 14       |
| action_min            | 0        |
| adv_avg               | -1.36    |
| adv_max               | -0.256   |
| adv_med               | -1.36    |
| adv_min               | -3.18    |
| adv_var               | 0.0299   |
| clipfrac              | 0        |
| curr_lr               | 0.0439   |
| entropy               | 0.722    |
| eplenmean             | 529      |
| eprewmean             | 15.7     |
| fps                   | 2.52e+03 |
| grad_norm             | 1.21     |
| kl                    | 0.0179   |
| loss_pi               | -0.0803  |
| loss_v                | 0.00779  |
| lr                    | 0.0439   |
| misc/nupdates         | 699      |
| misc/serial_timesteps | 2.87e+06 |
| misc/time_elapsed     | 1.15e+03 |
| misc/total_timesteps  | 2.87e+06 |
| ratio_max             | 2.28     |
| ratio_min             | 0.451    |
| ret_avg               | 0.82     |
| ret_max               | 3.45     |
| ret_med               | 0.864    |
| ret_min               | -1.43    |
| ret_var               | 1.15     |
------------------------------------
------------------------------------
| action_max            | 14       |
| action_min            | 0        |
| adv_avg               | -1.35    |
| adv_max               | 0.283    |
| adv_med               | -1.36    |
| adv_min               | -2.95    |
| adv_var               | 0.0432   |
| clipfrac              | 0        |
| curr_lr               | 0.0439   |
| entropy               | 0.754    |
| eplenmean             | 485      |
| eprewmean             | 17.3     |
| fps                   | 2.54e+03 |
| grad_norm             | 1.26     |
| kl                    | 0.0113   |
| loss_pi               | -0.0582  |
| loss_v                | 0.00956  |
| lr                    | 0.0439   |
| misc/nupdates         | 709      |
| misc/serial_timesteps | 2.91e+06 |
| misc/time_elapsed     | 1.16e+03 |
| misc/total_timesteps  | 2.91e+06 |
| ratio_max             | 2.26     |
| ratio_min             | 0.5      |
| ret_avg               | 0.63     |
| ret_max               | 3.33     |
| ret_med               | 0.776    |
| ret_min               | -1.44    |
| ret_var               | 0.572    |
------------------------------------
------------------------------------
| action_max            | 14       |
| action_min            | 0        |
| adv_avg               | -1.42    |
| adv_max               | -0.91    |
| adv_med               | -1.4     |
| adv_min               | -3.28    |
| adv_var               | 0.0279   |
| clipfrac              | 0        |
| curr_lr               | 0.0439   |
| entropy               | 1.03     |
| eplenmean             | 492      |
| eprewmean             | 17.2     |
| fps                   | 2.36e+03 |
| grad_norm             | 0.933    |
| kl                    | 0.0355   |
| loss_pi               | -0.0658  |
| loss_v                | 0.00735  |
| lr                    | 0.0439   |
| misc/nupdates         | 719      |
| misc/serial_timesteps | 2.95e+06 |
| misc/time_elapsed     | 1.18e+03 |
| misc/total_timesteps  | 2.95e+06 |
| ratio_max             | 3.54     |
| ratio_min             | 0.1      |
| ret_avg               | 0.253    |
| ret_max               | 2.72     |
| ret_med               | 0.271    |
| ret_min               | -1.44    |
| ret_var               | 0.674    |
------------------------------------
------------------------------------
| action_max            | 14       |
| action_min            | 0        |
| adv_avg               | -1.41    |
| adv_max               | -0.887   |
| adv_med               | -1.39    |
| adv_min               | -3.22    |
| adv_var               | 0.025    |
| clipfrac              | 0        |
| curr_lr               | 0.0439   |
| entropy               | 0.937    |
| eplenmean             | 513      |
| eprewmean             | 16.6     |
| fps                   | 2.54e+03 |
| grad_norm             | 0.943    |
| kl                    | 0.0149   |
| loss_pi               | -0.129   |
| loss_v                | 0.00604  |
| lr                    | 0.0439   |
| misc/nupdates         | 729      |
| misc/serial_timesteps | 2.99e+06 |
| misc/time_elapsed     | 1.2e+03  |
| misc/total_timesteps  | 2.99e+06 |
| ratio_max             | 2.3      |
| ratio_min             | 0.1      |
| ret_avg               | 0.275    |
| ret_max               | 3.11     |
| ret_med               | 0.407    |
| ret_min               | -1.57    |
| ret_var               | 0.854    |
------------------------------------
------------------------------------
| action_max            | 14       |
| action_min            | 0        |
| adv_avg               | -1.4     |
| adv_max               | -1       |
| adv_med               | -1.39    |
| adv_min               | -3.81    |
| adv_var               | 0.0229   |
| clipfrac              | 0        |
| curr_lr               | 0.0439   |
| entropy               | 0.622    |
| eplenmean             | 539      |
| eprewmean             | 17.7     |
| fps                   | 2.48e+03 |
| grad_norm             | 1.37     |
| kl                    | 0.025    |
| loss_pi               | -0.0635  |
| loss_v                | 0.00852  |
| lr                    | 0.0439   |
| misc/nupdates         | 739      |
| misc/serial_timesteps | 3.03e+06 |
| misc/time_elapsed     | 1.21e+03 |
| misc/total_timesteps  | 3.03e+06 |
| ratio_max             | 2.32     |
| ratio_min             | 0.1      |
| ret_avg               | 0.647    |
| ret_max               | 2.92     |
| ret_med               | 0.689    |
| ret_min               | -1.46    |
| ret_var               | 0.629    |
------------------------------------
------------------------------------
| action_max            | 14       |
| action_min            | 0        |
| adv_avg               | -1.41    |
| adv_max               | -0.744   |
| adv_med               | -1.4     |
| adv_min               | -3.09    |
| adv_var               | 0.0236   |
| clipfrac              | 0        |
| curr_lr               | 0.0293   |
| entropy               | 0.789    |
| eplenmean             | 463      |
| eprewmean             | 15.5     |
| fps                   | 2.47e+03 |
| grad_norm             | 0.681    |
| kl                    | 0.0228   |
| loss_pi               | -0.128   |
| loss_v                | 0.0045   |
| lr                    | 0.0293   |
| misc/nupdates         | 749      |
| misc/serial_timesteps | 3.07e+06 |
| misc/time_elapsed     | 1.23e+03 |
| misc/total_timesteps  | 3.07e+06 |
| ratio_max             | 2.31     |
| ratio_min             | 0.214    |
| ret_avg               | 0.531    |
| ret_max               | 1.95     |
| ret_med               | 0.652    |
| ret_min               | -1.46    |
| ret_var               | 0.465    |
------------------------------------
------------------------------------
| action_max            | 14       |
| action_min            | 0        |
| adv_avg               | -1.44    |
| adv_max               | -0.72    |
| adv_med               | -1.42    |
| adv_min               | -3.22    |
| adv_var               | 0.0482   |
| clipfrac              | 0        |
| curr_lr               | 0.0293   |
| entropy               | 0.801    |
| eplenmean             | 510      |
| eprewmean             | 14.9     |
| fps                   | 2.49e+03 |
| grad_norm             | 0.9      |
| kl                    | 0.0237   |
| loss_pi               | -0.0699  |
| loss_v                | 0.00684  |
| lr                    | 0.0293   |
| misc/nupdates         | 759      |
| misc/serial_timesteps | 3.11e+06 |
| misc/time_elapsed     | 1.25e+03 |
| misc/total_timesteps  | 3.11e+06 |
| ratio_max             | 4.17     |
| ratio_min             | 0.155    |
| ret_avg               | 0.629    |
| ret_max               | 3.48     |
| ret_med               | 0.737    |
| ret_min               | -1.47    |
| ret_var               | 1.02     |
------------------------------------
------------------------------------
| action_max            | 14       |
| action_min            | 0        |
| adv_avg               | -1.43    |
| adv_max               | -0.886   |
| adv_med               | -1.41    |
| adv_min               | -3.04    |
| adv_var               | 0.0298   |
| clipfrac              | 0        |
| curr_lr               | 0.0293   |
| entropy               | 0.697    |
| eplenmean             | 463      |
| eprewmean             | 15       |
| fps                   | 2.55e+03 |
| grad_norm             | 0.954    |
| kl                    | 0.00929  |
| loss_pi               | -0.0901  |
| loss_v                | 0.00736  |
| lr                    | 0.0293   |
| misc/nupdates         | 769      |
| misc/serial_timesteps | 3.15e+06 |
| misc/time_elapsed     | 1.26e+03 |
| misc/total_timesteps  | 3.15e+06 |
| ratio_max             | 1.5      |
| ratio_min             | 0.492    |
| ret_avg               | 0.941    |
| ret_max               | 3.5      |
| ret_med               | 1.01     |
| ret_min               | -1.47    |
| ret_var               | 1.14     |
------------------------------------
------------------------------------
| action_max            | 14       |
| action_min            | 0        |
| adv_avg               | -1.41    |
| adv_max               | -0.76    |
| adv_med               | -1.41    |
| adv_min               | -2.19    |
| adv_var               | 0.0155   |
| clipfrac              | 0        |
| curr_lr               | 0.0293   |
| entropy               | 0.608    |
| eplenmean             | 495      |
| eprewmean             | 17.3     |
| fps                   | 2.48e+03 |
| grad_norm             | 1.24     |
| kl                    | 0.0101   |
| loss_pi               | -0.074   |
| loss_v                | 0.00746  |
| lr                    | 0.0293   |
| misc/nupdates         | 779      |
| misc/serial_timesteps | 3.19e+06 |
| misc/time_elapsed     | 1.28e+03 |
| misc/total_timesteps  | 3.19e+06 |
| ratio_max             | 1.67     |
| ratio_min             | 0.344    |
| ret_avg               | 1.05     |
| ret_max               | 3.85     |
| ret_med               | 1.04     |
| ret_min               | -1.49    |
| ret_var               | 1.21     |
------------------------------------
------------------------------------
| action_max            | 14       |
| action_min            | 0        |
| adv_avg               | -1.47    |
| adv_max               | -0.993   |
| adv_med               | -1.44    |
| adv_min               | -3.94    |
| adv_var               | 0.0404   |
| clipfrac              | 0        |
| curr_lr               | 0.0439   |
| entropy               | 0.894    |
| eplenmean             | 487      |
| eprewmean             | 15.9     |
| fps                   | 2.52e+03 |
| grad_norm             | 1.75     |
| kl                    | 0.0164   |
| loss_pi               | -0.104   |
| loss_v                | 0.0112   |
| lr                    | 0.0439   |
| misc/nupdates         | 789      |
| misc/serial_timesteps | 3.24e+06 |
| misc/time_elapsed     | 1.3e+03  |
| misc/total_timesteps  | 3.24e+06 |
| ratio_max             | 1.48     |
| ratio_min             | 0.242    |
| ret_avg               | 0.825    |
| ret_max               | 3.79     |
| ret_med               | 0.8      |
| ret_min               | -1.48    |
| ret_var               | 1.99     |
------------------------------------
------------------------------------
| action_max            | 14       |
| action_min            | 0        |
| adv_avg               | -1.43    |
| adv_max               | -0.587   |
| adv_med               | -1.41    |
| adv_min               | -4.19    |
| adv_var               | 0.0413   |
| clipfrac              | 0        |
| curr_lr               | 0.0439   |
| entropy               | 0.719    |
| eplenmean             | 533      |
| eprewmean             | 19.1     |
| fps                   | 2.47e+03 |
| grad_norm             | 1.08     |
| kl                    | 0.0135   |
| loss_pi               | -0.0447  |
| loss_v                | 0.0095   |
| lr                    | 0.0439   |
| misc/nupdates         | 799      |
| misc/serial_timesteps | 3.28e+06 |
| misc/time_elapsed     | 1.31e+03 |
| misc/total_timesteps  | 3.28e+06 |
| ratio_max             | 2.13     |
| ratio_min             | 0.399    |
| ret_avg               | 0.899    |
| ret_max               | 3.31     |
| ret_med               | 1.03     |
| ret_min               | -1.48    |
| ret_var               | 0.674    |
------------------------------------
------------------------------------
| action_max            | 14       |
| action_min            | 0        |
| adv_avg               | -1.46    |
| adv_max               | -0.924   |
| adv_med               | -1.45    |
| adv_min               | -3.45    |
| adv_var               | 0.0252   |
| clipfrac              | 0        |
| curr_lr               | 0.0439   |
| entropy               | 1.2      |
| eplenmean             | 498      |
| eprewmean             | 17.2     |
| fps                   | 2.52e+03 |
| grad_norm             | 0.817    |
| kl                    | 0.0258   |
| loss_pi               | -0.0979  |
| loss_v                | 0.00575  |
| lr                    | 0.0439   |
| misc/nupdates         | 809      |
| misc/serial_timesteps | 3.32e+06 |
| misc/time_elapsed     | 1.33e+03 |
| misc/total_timesteps  | 3.32e+06 |
| ratio_max             | 2.81     |
| ratio_min             | 0.109    |
| ret_avg               | 0.268    |
| ret_max               | 3.29     |
| ret_med               | 0.188    |
| ret_min               | -1.49    |
| ret_var               | 1.33     |
------------------------------------
------------------------------------
| action_max            | 14       |
| action_min            | 0        |
| adv_avg               | -1.45    |
| adv_max               | -1.03    |
| adv_med               | -1.44    |
| adv_min               | -3.15    |
| adv_var               | 0.0241   |
| clipfrac              | 0        |
| curr_lr               | 0.0293   |
| entropy               | 0.875    |
| eplenmean             | 419      |
| eprewmean             | 15.6     |
| fps                   | 2.53e+03 |
| grad_norm             | 0.857    |
| kl                    | 0.00869  |
| loss_pi               | -0.0932  |
| loss_v                | 0.00457  |
| lr                    | 0.0293   |
| misc/nupdates         | 819      |
| misc/serial_timesteps | 3.36e+06 |
| misc/time_elapsed     | 1.35e+03 |
| misc/total_timesteps  | 3.36e+06 |
| ratio_max             | 1.97     |
| ratio_min             | 0.475    |
| ret_avg               | 0.643    |
| ret_max               | 2.75     |
| ret_med               | 1.01     |
| ret_min               | -1.49    |
| ret_var               | 1.13     |
------------------------------------
------------------------------------
| action_max            | 14       |
| action_min            | 0        |
| adv_avg               | -1.43    |
| adv_max               | -0.662   |
| adv_med               | -1.42    |
| adv_min               | -2.32    |
| adv_var               | 0.027    |
| clipfrac              | 0        |
| curr_lr               | 0.0293   |
| entropy               | 0.644    |
| eplenmean             | 494      |
| eprewmean             | 18.1     |
| fps                   | 2.54e+03 |
| grad_norm             | 0.606    |
| kl                    | 0.0236   |
| loss_pi               | -0.1     |
| loss_v                | 0.00393  |
| lr                    | 0.0293   |
| misc/nupdates         | 829      |
| misc/serial_timesteps | 3.4e+06  |
| misc/time_elapsed     | 1.36e+03 |
| misc/total_timesteps  | 3.4e+06  |
| ratio_max             | 2.9      |
| ratio_min             | 0.168    |
| ret_avg               | 0.849    |
| ret_max               | 2.86     |
| ret_med               | 0.961    |
| ret_min               | -1.54    |
| ret_var               | 0.71     |
------------------------------------
------------------------------------
| action_max            | 14       |
| action_min            | 0        |
| adv_avg               | -1.48    |
| adv_max               | -1.11    |
| adv_med               | -1.44    |
| adv_min               | -3.24    |
| adv_var               | 0.0469   |
| clipfrac              | 0        |
| curr_lr               | 0.0293   |
| entropy               | 0.762    |
| eplenmean             | 550      |
| eprewmean             | 18.5     |
| fps                   | 2.54e+03 |
| grad_norm             | 0.862    |
| kl                    | 0.0153   |
| loss_pi               | -0.106   |
| loss_v                | 0.00538  |
| lr                    | 0.0293   |
| misc/nupdates         | 839      |
| misc/serial_timesteps | 3.44e+06 |
| misc/time_elapsed     | 1.38e+03 |
| misc/total_timesteps  | 3.44e+06 |
| ratio_max             | 5.18     |
| ratio_min             | 0.287    |
| ret_avg               | 0.566    |
| ret_max               | 1.75     |
| ret_med               | 0.9      |
| ret_min               | -1.51    |
| ret_var               | 0.691    |
------------------------------------
------------------------------------
| action_max            | 14       |
| action_min            | 0        |
| adv_avg               | -1.47    |
| adv_max               | -0.817   |
| adv_med               | -1.45    |
| adv_min               | -3.69    |
| adv_var               | 0.0311   |
| clipfrac              | 0        |
| curr_lr               | 0.0293   |
| entropy               | 1.07     |
| eplenmean             | 470      |
| eprewmean             | 16.4     |
| fps                   | 2.48e+03 |
| grad_norm             | 0.619    |
| kl                    | 0.0185   |
| loss_pi               | -0.115   |
| loss_v                | 0.00422  |
| lr                    | 0.0293   |
| misc/nupdates         | 849      |
| misc/serial_timesteps | 3.48e+06 |
| misc/time_elapsed     | 1.39e+03 |
| misc/total_timesteps  | 3.48e+06 |
| ratio_max             | 2.14     |
| ratio_min             | 0.272    |
| ret_avg               | 0.387    |
| ret_max               | 3.53     |
| ret_med               | 0.5      |
| ret_min               | -1.5     |
| ret_var               | 1.05     |
------------------------------------
------------------------------------
| action_max            | 14       |
| action_min            | 0        |
| adv_avg               | -1.48    |
| adv_max               | -0.797   |
| adv_med               | -1.46    |
| adv_min               | -3.01    |
| adv_var               | 0.04     |
| clipfrac              | 0        |
| curr_lr               | 0.0293   |
| entropy               | 0.776    |
| eplenmean             | 506      |
| eprewmean             | 17       |
| fps                   | 2.53e+03 |
| grad_norm             | 0.92     |
| kl                    | 0.00883  |
| loss_pi               | -0.116   |
| loss_v                | 0.00608  |
| lr                    | 0.0293   |
| misc/nupdates         | 859      |
| misc/serial_timesteps | 3.52e+06 |
| misc/time_elapsed     | 1.41e+03 |
| misc/total_timesteps  | 3.52e+06 |
| ratio_max             | 1.47     |
| ratio_min             | 0.377    |
| ret_avg               | 1.06     |
| ret_max               | 3.86     |
| ret_med               | 1.04     |
| ret_min               | -1.5     |
| ret_var               | 1.1      |
------------------------------------
------------------------------------
| action_max            | 14       |
| action_min            | 0        |
| adv_avg               | -1.49    |
| adv_max               | -1.02    |
| adv_med               | -1.46    |
| adv_min               | -4.12    |
| adv_var               | 0.0523   |
| clipfrac              | 0        |
| curr_lr               | 0.0293   |
| entropy               | 0.72     |
| eplenmean             | 550      |
| eprewmean             | 17.8     |
| fps                   | 2.46e+03 |
| grad_norm             | 1.24     |
| kl                    | 0.00671  |
| loss_pi               | -0.0332  |
| loss_v                | 0.00724  |
| lr                    | 0.0293   |
| misc/nupdates         | 869      |
| misc/serial_timesteps | 3.56e+06 |
| misc/time_elapsed     | 1.43e+03 |
| misc/total_timesteps  | 3.56e+06 |
| ratio_max             | 1.58     |
| ratio_min             | 0.417    |
| ret_avg               | 1.01     |
| ret_max               | 3.82     |
| ret_med               | 1.02     |
| ret_min               | -1.56    |
| ret_var               | 1.39     |
------------------------------------
------------------------------------
| action_max            | 14       |
| action_min            | 0        |
| adv_avg               | -1.46    |
| adv_max               | -0.612   |
| adv_med               | -1.46    |
| adv_min               | -2.26    |
| adv_var               | 0.0222   |
| clipfrac              | 0        |
| curr_lr               | 0.0439   |
| entropy               | 1        |
| eplenmean             | 482      |
| eprewmean             | 17.7     |
| fps                   | 2.5e+03  |
| grad_norm             | 1.69     |
| kl                    | 0.0159   |
| loss_pi               | -0.0253  |
| loss_v                | 0.0101   |
| lr                    | 0.0439   |
| misc/nupdates         | 879      |
| misc/serial_timesteps | 3.6e+06  |
| misc/time_elapsed     | 1.44e+03 |
| misc/total_timesteps  | 3.6e+06  |
| ratio_max             | 2.41     |
| ratio_min             | 0.338    |
| ret_avg               | 0.442    |
| ret_max               | 1.76     |
| ret_med               | 0.613    |
| ret_min               | -1.54    |
| ret_var               | 0.765    |
------------------------------------
------------------------------------
| action_max            | 14       |
| action_min            | 0        |
| adv_avg               | -1.45    |
| adv_max               | -0.718   |
| adv_med               | -1.45    |
| adv_min               | -2.17    |
| adv_var               | 0.017    |
| clipfrac              | 0        |
| curr_lr               | 0.0439   |
| entropy               | 0.812    |
| eplenmean             | 515      |
| eprewmean             | 17.2     |
| fps                   | 2.55e+03 |
| grad_norm             | 0.899    |
| kl                    | 0.0288   |
| loss_pi               | -0.1     |
| loss_v                | 0.00611  |
| lr                    | 0.0439   |
| misc/nupdates         | 889      |
| misc/serial_timesteps | 3.65e+06 |
| misc/time_elapsed     | 1.46e+03 |
| misc/total_timesteps  | 3.65e+06 |
| ratio_max             | 3.28     |
| ratio_min             | 0.107    |
| ret_avg               | 0.531    |
| ret_max               | 2.79     |
| ret_med               | 0.732    |
| ret_min               | -1.52    |
| ret_var               | 0.78     |
------------------------------------
------------------------------------
| action_max            | 14       |
| action_min            | 0        |
| adv_avg               | -1.47    |
| adv_max               | -0.993   |
| adv_med               | -1.47    |
| adv_min               | -2       |
| adv_var               | 0.0134   |
| clipfrac              | 0        |
| curr_lr               | 0.0439   |
| entropy               | 0.977    |
| eplenmean             | 520      |
| eprewmean             | 17.5     |
| fps                   | 2.46e+03 |
| grad_norm             | 0.819    |
| kl                    | 0.025    |
| loss_pi               | -0.133   |
| loss_v                | 0.00491  |
| lr                    | 0.0439   |
| misc/nupdates         | 899      |
| misc/serial_timesteps | 3.69e+06 |
| misc/time_elapsed     | 1.48e+03 |
| misc/total_timesteps  | 3.69e+06 |
| ratio_max             | 2.19     |
| ratio_min             | 0.1      |
| ret_avg               | 0.389    |
| ret_max               | 2.75     |
| ret_med               | 0.618    |
| ret_min               | -1.52    |
| ret_var               | 1.01     |
------------------------------------
------------------------------------
| action_max            | 14       |
| action_min            | 0        |
| adv_avg               | -1.51    |
| adv_max               | -0.674   |
| adv_med               | -1.48    |
| adv_min               | -4.31    |
| adv_var               | 0.0521   |
| clipfrac              | 0        |
| curr_lr               | 0.0293   |
| entropy               | 0.943    |
| eplenmean             | 493      |
| eprewmean             | 16.6     |
| fps                   | 2.51e+03 |
| grad_norm             | 0.855    |
| kl                    | 0.0231   |
| loss_pi               | -0.0324  |
| loss_v                | 0.00892  |
| lr                    | 0.0293   |
| misc/nupdates         | 909      |
| misc/serial_timesteps | 3.73e+06 |
| misc/time_elapsed     | 1.49e+03 |
| misc/total_timesteps  | 3.73e+06 |
| ratio_max             | 1.93     |
| ratio_min             | 0.1      |
| ret_avg               | 0.474    |
| ret_max               | 3.09     |
| ret_med               | 0.497    |
| ret_min               | -1.55    |
| ret_var               | 1.28     |
------------------------------------
------------------------------------
| action_max            | 14       |
| action_min            | 0        |
| adv_avg               | -1.51    |
| adv_max               | -0.617   |
| adv_med               | -1.5     |
| adv_min               | -3.17    |
| adv_var               | 0.0346   |
| clipfrac              | 0        |
| curr_lr               | 0.0293   |
| entropy               | 0.87     |
| eplenmean             | 435      |
| eprewmean             | 14.8     |
| fps                   | 2.5e+03  |
| grad_norm             | 0.526    |
| kl                    | 0.0249   |
| loss_pi               | -0.0756  |
| loss_v                | 0.00426  |
| lr                    | 0.0293   |
| misc/nupdates         | 919      |
| misc/serial_timesteps | 3.77e+06 |
| misc/time_elapsed     | 1.51e+03 |
| misc/total_timesteps  | 3.77e+06 |
| ratio_max             | 1.87     |
| ratio_min             | 0.285    |
| ret_avg               | 0.598    |
| ret_max               | 2.3      |
| ret_med               | 0.775    |
| ret_min               | -1.55    |
| ret_var               | 0.945    |
------------------------------------
------------------------------------
| action_max            | 14       |
| action_min            | 0        |
| adv_avg               | -1.48    |
| adv_max               | -0.753   |
| adv_med               | -1.47    |
| adv_min               | -2.06    |
| adv_var               | 0.0197   |
| clipfrac              | 0        |
| curr_lr               | 0.0195   |
| entropy               | 0.699    |
| eplenmean             | 454      |
| eprewmean             | 14.4     |
| fps                   | 2.51e+03 |
| grad_norm             | 0.574    |
| kl                    | 0.0124   |
| loss_pi               | -0.0534  |
| loss_v                | 0.0031   |
| lr                    | 0.0195   |
| misc/nupdates         | 929      |
| misc/serial_timesteps | 3.81e+06 |
| misc/time_elapsed     | 1.53e+03 |
| misc/total_timesteps  | 3.81e+06 |
| ratio_max             | 2.07     |
| ratio_min             | 0.574    |
| ret_avg               | 0.987    |
| ret_max               | 4.05     |
| ret_med               | 1.02     |
| ret_min               | -1.58    |
| ret_var               | 1.29     |
------------------------------------
------------------------------------
| action_max            | 14       |
| action_min            | 0        |
| adv_avg               | -1.5     |
| adv_max               | -0.743   |
| adv_med               | -1.49    |
| adv_min               | -3.3     |
| adv_var               | 0.0227   |
| clipfrac              | 0        |
| curr_lr               | 0.0293   |
| entropy               | 0.764    |
| eplenmean             | 505      |
| eprewmean             | 16.5     |
| fps                   | 2.53e+03 |
| grad_norm             | 0.888    |
| kl                    | 0.00834  |
| loss_pi               | -0.0509  |
| loss_v                | 0.00456  |
| lr                    | 0.0293   |
| misc/nupdates         | 939      |
| misc/serial_timesteps | 3.85e+06 |
| misc/time_elapsed     | 1.54e+03 |
| misc/total_timesteps  | 3.85e+06 |
| ratio_max             | 1.73     |
| ratio_min             | 0.423    |
| ret_avg               | 0.755    |
| ret_max               | 3.49     |
| ret_med               | 1.06     |
| ret_min               | -1.6     |
| ret_var               | 1.09     |
------------------------------------
------------------------------------
| action_max            | 14       |
| action_min            | 0        |
| adv_avg               | -1.47    |
| adv_max               | -0.475   |
| adv_med               | -1.47    |
| adv_min               | -2.42    |
| adv_var               | 0.0144   |
| clipfrac              | 0        |
| curr_lr               | 0.0439   |
| entropy               | 0.545    |
| eplenmean             | 525      |
| eprewmean             | 19.1     |
| fps                   | 2.48e+03 |
| grad_norm             | 1.86     |
| kl                    | 0.00856  |
| loss_pi               | -0.0659  |
| loss_v                | 0.0116   |
| lr                    | 0.0439   |
| misc/nupdates         | 949      |
| misc/serial_timesteps | 3.89e+06 |
| misc/time_elapsed     | 1.56e+03 |
| misc/total_timesteps  | 3.89e+06 |
| ratio_max             | 1.95     |
| ratio_min             | 0.525    |
| ret_avg               | 1.13     |
| ret_max               | 3.54     |
| ret_med               | 1.08     |
| ret_min               | -1.54    |
| ret_var               | 1.1      |
------------------------------------
------------------------------------
| action_max            | 14       |
| action_min            | 0        |
| adv_avg               | -1.47    |
| adv_max               | -0.76    |
| adv_med               | -1.47    |
| adv_min               | -2.67    |
| adv_var               | 0.0141   |
| clipfrac              | 0        |
| curr_lr               | 0.0439   |
| entropy               | 0.634    |
| eplenmean             | 520      |
| eprewmean             | 18.8     |
| fps                   | 2.47e+03 |
| grad_norm             | 1.14     |
| kl                    | 0.0173   |
| loss_pi               | -0.0516  |
| loss_v                | 0.00735  |
| lr                    | 0.0439   |
| misc/nupdates         | 959      |
| misc/serial_timesteps | 3.93e+06 |
| misc/time_elapsed     | 1.57e+03 |
| misc/total_timesteps  | 3.93e+06 |
| ratio_max             | 1.86     |
| ratio_min             | 0.203    |
| ret_avg               | 0.723    |
| ret_max               | 2.37     |
| ret_med               | 0.816    |
| ret_min               | -1.57    |
| ret_var               | 0.488    |
------------------------------------
------------------------------------
| action_max            | 14       |
| action_min            | 0        |
| adv_avg               | -1.48    |
| adv_max               | -1       |
| adv_med               | -1.47    |
| adv_min               | -2.99    |
| adv_var               | 0.0195   |
| clipfrac              | 0        |
| curr_lr               | 0.0439   |
| entropy               | 0.609    |
| eplenmean             | 470      |
| eprewmean             | 16.4     |
| fps                   | 2.51e+03 |
| grad_norm             | 1.43     |
| kl                    | 0.0114   |
| loss_pi               | -0.104   |
| loss_v                | 0.00994  |
| lr                    | 0.0439   |
| misc/nupdates         | 969      |
| misc/serial_timesteps | 3.97e+06 |
| misc/time_elapsed     | 1.59e+03 |
| misc/total_timesteps  | 3.97e+06 |
| ratio_max             | 1.75     |
| ratio_min             | 0.142    |
| ret_avg               | 0.891    |
| ret_max               | 2.95     |
| ret_med               | 0.99     |
| ret_min               | -1.62    |
| ret_var               | 0.897    |
------------------------------------
------------------------------------
| action_max            | 14       |
| action_min            | 0        |
| adv_avg               | -1.48    |
| adv_max               | -1.05    |
| adv_med               | -1.47    |
| adv_min               | -3.4     |
| adv_var               | 0.017    |
| clipfrac              | 0        |
| curr_lr               | 0.0658   |
| entropy               | 0.765    |
| eplenmean             | 502      |
| eprewmean             | 20.8     |
| fps                   | 2.43e+03 |
| grad_norm             | 1.13     |
| kl                    | 0.0273   |
| loss_pi               | -0.109   |
| loss_v                | 0.0115   |
| lr                    | 0.0658   |
| misc/nupdates         | 979      |
| misc/serial_timesteps | 4.01e+06 |
| misc/time_elapsed     | 1.61e+03 |
| misc/total_timesteps  | 4.01e+06 |
| ratio_max             | 3.96     |
| ratio_min             | 0.1      |
| ret_avg               | 0.429    |
| ret_max               | 2.44     |
| ret_med               | 0.608    |
| ret_min               | -1.57    |
| ret_var               | 0.677    |
------------------------------------
------------------------------------
| action_max            | 14       |
| action_min            | 0        |
| adv_avg               | -1.49    |
| adv_max               | -1.05    |
| adv_med               | -1.48    |
| adv_min               | -2.43    |
| adv_var               | 0.0131   |
| clipfrac              | 0        |
| curr_lr               | 0.0293   |
| entropy               | 0.947    |
| eplenmean             | 459      |
| eprewmean             | 15.8     |
| fps                   | 2.54e+03 |
| grad_norm             | 0.578    |
| kl                    | 0.0194   |
| loss_pi               | -0.142   |
| loss_v                | 0.00298  |
| lr                    | 0.0293   |
| misc/nupdates         | 989      |
| misc/serial_timesteps | 4.06e+06 |
| misc/time_elapsed     | 1.62e+03 |
| misc/total_timesteps  | 4.06e+06 |
| ratio_max             | 2.03     |
| ratio_min             | 0.1      |
| ret_avg               | 0.288    |
| ret_max               | 2.78     |
| ret_med               | 0.432    |
| ret_min               | -1.57    |
| ret_var               | 1.14     |
------------------------------------
------------------------------------
| action_max            | 14       |
| action_min            | 0        |
| adv_avg               | -1.5     |
| adv_max               | -0.864   |
| adv_med               | -1.49    |
| adv_min               | -2.47    |
| adv_var               | 0.0135   |
| clipfrac              | 0        |
| curr_lr               | 0.0293   |
| entropy               | 0.753    |
| eplenmean             | 444      |
| eprewmean             | 15.4     |
| fps                   | 2.46e+03 |
| grad_norm             | 0.697    |
| kl                    | 0.0131   |
| loss_pi               | -0.118   |
| loss_v                | 0.00329  |
| lr                    | 0.0293   |
| misc/nupdates         | 999      |
| misc/serial_timesteps | 4.1e+06  |
| misc/time_elapsed     | 1.64e+03 |
| misc/total_timesteps  | 4.1e+06  |
| ratio_max             | 1.78     |
| ratio_min             | 0.397    |
| ret_avg               | 0.539    |
| ret_max               | 2.07     |
| ret_med               | 0.935    |
| ret_min               | -1.54    |
| ret_var               | 0.957    |
------------------------------------
------------------------------------
| action_max            | 14       |
| action_min            | 0        |
| adv_avg               | -1.5     |
| adv_max               | -0.71    |
| adv_med               | -1.5     |
| adv_min               | -2.23    |
| adv_var               | 0.0155   |
| clipfrac              | 0        |
| curr_lr               | 0.0439   |
| entropy               | 0.678    |
| eplenmean             | 516      |
| eprewmean             | 18.5     |
| fps                   | 2.53e+03 |
| grad_norm             | 1.01     |
| kl                    | 0.00783  |
| loss_pi               | -0.0487  |
| loss_v                | 0.00636  |
| lr                    | 0.0439   |
| misc/nupdates         | 1.01e+03 |
| misc/serial_timesteps | 4.14e+06 |
| misc/time_elapsed     | 1.66e+03 |
| misc/total_timesteps  | 4.14e+06 |
| ratio_max             | 2.35     |
| ratio_min             | 0.4      |
| ret_avg               | 0.827    |
| ret_max               | 2.97     |
| ret_med               | 0.928    |
| ret_min               | -1.55    |
| ret_var               | 1.06     |
------------------------------------
------------------------------------
| action_max            | 14       |
| action_min            | 0        |
| adv_avg               | -1.5     |
| adv_max               | -0.651   |
| adv_med               | -1.49    |
| adv_min               | -4.03    |
| adv_var               | 0.0397   |
| clipfrac              | 0        |
| curr_lr               | 0.0439   |
| entropy               | 0.649    |
| eplenmean             | 500      |
| eprewmean             | 17.2     |
| fps                   | 2.52e+03 |
| grad_norm             | 0.999    |
| kl                    | 0.0102   |
| loss_pi               | -0.073   |
| loss_v                | 0.00722  |
| lr                    | 0.0439   |
| misc/nupdates         | 1.02e+03 |
| misc/serial_timesteps | 4.18e+06 |
| misc/time_elapsed     | 1.67e+03 |
| misc/total_timesteps  | 4.18e+06 |
| ratio_max             | 2.73     |
| ratio_min             | 0.251    |
| ret_avg               | 0.911    |
| ret_max               | 3.19     |
| ret_med               | 1.01     |
| ret_min               | -1.64    |
| ret_var               | 1.28     |
------------------------------------
------------------------------------
| action_max            | 14       |
| action_min            | 0        |
| adv_avg               | -1.5     |
| adv_max               | -0.895   |
| adv_med               | -1.5     |
| adv_min               | -2.49    |
| adv_var               | 0.0141   |
| clipfrac              | 0        |
| curr_lr               | 0.0293   |
| entropy               | 0.796    |
| eplenmean             | 505      |
| eprewmean             | 19.2     |
| fps                   | 2.54e+03 |
| grad_norm             | 0.513    |
| kl                    | 0.0276   |
| loss_pi               | -0.0693  |
| loss_v                | 0.00328  |
| lr                    | 0.0293   |
| misc/nupdates         | 1.03e+03 |
| misc/serial_timesteps | 4.22e+06 |
| misc/time_elapsed     | 1.69e+03 |
| misc/total_timesteps  | 4.22e+06 |
| ratio_max             | 3.72     |
| ratio_min             | 0.132    |
| ret_avg               | 0.517    |
| ret_max               | 2.57     |
| ret_med               | 0.755    |
| ret_min               | -1.55    |
| ret_var               | 0.827    |
------------------------------------
------------------------------------
| action_max            | 14       |
| action_min            | 0        |
| adv_avg               | -1.56    |
| adv_max               | -0.845   |
| adv_med               | -1.52    |
| adv_min               | -4.84    |
| adv_var               | 0.0638   |
| clipfrac              | 0        |
| curr_lr               | 0.0293   |
| entropy               | 0.775    |
| eplenmean             | 557      |
| eprewmean             | 18.8     |
| fps                   | 2.48e+03 |
| grad_norm             | 0.639    |
| kl                    | 0.0153   |
| loss_pi               | -0.0605  |
| loss_v                | 0.0113   |
| lr                    | 0.0293   |
| misc/nupdates         | 1.04e+03 |
| misc/serial_timesteps | 4.26e+06 |
| misc/time_elapsed     | 1.71e+03 |
| misc/total_timesteps  | 4.26e+06 |
| ratio_max             | 1.96     |
| ratio_min             | 0.253    |
| ret_avg               | 0.65     |
| ret_max               | 3.04     |
| ret_med               | 0.815    |
| ret_min               | -1.56    |
| ret_var               | 0.835    |
------------------------------------
------------------------------------
| action_max            | 14       |
| action_min            | 0        |
| adv_avg               | -1.51    |
| adv_max               | -0.424   |
| adv_med               | -1.5     |
| adv_min               | -3.11    |
| adv_var               | 0.0315   |
| clipfrac              | 0        |
| curr_lr               | 0.0293   |
| entropy               | 0.563    |
| eplenmean             | 453      |
| eprewmean             | 15.9     |
| fps                   | 2.44e+03 |
| grad_norm             | 0.803    |
| kl                    | 0.00725  |
| loss_pi               | -0.0862  |
| loss_v                | 0.00453  |
| lr                    | 0.0293   |
| misc/nupdates         | 1.05e+03 |
| misc/serial_timesteps | 4.3e+06  |
| misc/time_elapsed     | 1.72e+03 |
| misc/total_timesteps  | 4.3e+06  |
| ratio_max             | 2.59     |
| ratio_min             | 0.1      |
| ret_avg               | 0.954    |
| ret_max               | 3.22     |
| ret_med               | 1.2      |
| ret_min               | -1.56    |
| ret_var               | 1.29     |
------------------------------------
------------------------------------
| action_max            | 14       |
| action_min            | 0        |
| adv_avg               | -1.52    |
| adv_max               | -0.963   |
| adv_med               | -1.51    |
| adv_min               | -2.89    |
| adv_var               | 0.02     |
| clipfrac              | 0        |
| curr_lr               | 0.0658   |
| entropy               | 0.91     |
| eplenmean             | 478      |
| eprewmean             | 18.9     |
| fps                   | 2.53e+03 |
| grad_norm             | 1.29     |
| kl                    | 0.0232   |
| loss_pi               | -0.124   |
| loss_v                | 0.0118   |
| lr                    | 0.0658   |
| misc/nupdates         | 1.06e+03 |
| misc/serial_timesteps | 4.34e+06 |
| misc/time_elapsed     | 1.74e+03 |
| misc/total_timesteps  | 4.34e+06 |
| ratio_max             | 2.09     |
| ratio_min             | 0.152    |
| ret_avg               | 0.419    |
| ret_max               | 3.05     |
| ret_med               | 0.632    |
| ret_min               | -1.56    |
| ret_var               | 1.01     |
------------------------------------
------------------------------------
| action_max            | 14       |
| action_min            | 0        |
| adv_avg               | -1.51    |
| adv_max               | -0.94    |
| adv_med               | -1.49    |
| adv_min               | -3.5     |
| adv_var               | 0.022    |
| clipfrac              | 0        |
| curr_lr               | 0.0439   |
| entropy               | 0.687    |
| eplenmean             | 469      |
| eprewmean             | 15.7     |
| fps                   | 2.51e+03 |
| grad_norm             | 0.81     |
| kl                    | 0.0187   |
| loss_pi               | -0.0825  |
| loss_v                | 0.00478  |
| lr                    | 0.0439   |
| misc/nupdates         | 1.07e+03 |
| misc/serial_timesteps | 4.38e+06 |
| misc/time_elapsed     | 1.76e+03 |
| misc/total_timesteps  | 4.38e+06 |
| ratio_max             | 1.43     |
| ratio_min             | 0.1      |
| ret_avg               | 0.521    |
| ret_max               | 2.54     |
| ret_med               | 0.685    |
| ret_min               | -1.56    |
| ret_var               | 0.552    |
------------------------------------
------------------------------------
| action_max            | 14       |
| action_min            | 0        |
| adv_avg               | -1.52    |
| adv_max               | -0.985   |
| adv_med               | -1.51    |
| adv_min               | -3.51    |
| adv_var               | 0.0194   |
| clipfrac              | 0        |
| curr_lr               | 0.0439   |
| entropy               | 0.748    |
| eplenmean             | 487      |
| eprewmean             | 16.4     |
| fps                   | 2.53e+03 |
| grad_norm             | 0.813    |
| kl                    | 0.0154   |
| loss_pi               | -0.147   |
| loss_v                | 0.00495  |
| lr                    | 0.0439   |
| misc/nupdates         | 1.08e+03 |
| misc/serial_timesteps | 4.42e+06 |
| misc/time_elapsed     | 1.77e+03 |
| misc/total_timesteps  | 4.42e+06 |
| ratio_max             | 2.25     |
| ratio_min             | 0.481    |
| ret_avg               | 0.516    |
| ret_max               | 2.55     |
| ret_med               | 0.759    |
| ret_min               | -1.59    |
| ret_var               | 1.02     |
------------------------------------
------------------------------------
| action_max            | 14       |
| action_min            | 0        |
| adv_avg               | -1.53    |
| adv_max               | -1       |
| adv_med               | -1.51    |
| adv_min               | -3.56    |
| adv_var               | 0.0278   |
| clipfrac              | 0        |
| curr_lr               | 0.0439   |
| entropy               | 0.747    |
| eplenmean             | 442      |
| eprewmean             | 16       |
| fps                   | 2.53e+03 |
| grad_norm             | 0.812    |
| kl                    | 0.0282   |
| loss_pi               | -0.118   |
| loss_v                | 0.00633  |
| lr                    | 0.0439   |
| misc/nupdates         | 1.09e+03 |
| misc/serial_timesteps | 4.46e+06 |
| misc/time_elapsed     | 1.79e+03 |
| misc/total_timesteps  | 4.46e+06 |
| ratio_max             | 1.79     |
| ratio_min             | 0.1      |
| ret_avg               | 0.549    |
| ret_max               | 3.03     |
| ret_med               | 0.685    |
| ret_min               | -1.58    |
| ret_var               | 1.16     |
------------------------------------
------------------------------------
| action_max            | 14       |
| action_min            | 0        |
| adv_avg               | -1.55    |
| adv_max               | -1.12    |
| adv_med               | -1.52    |
| adv_min               | -3.42    |
| adv_var               | 0.0358   |
| clipfrac              | 0        |
| curr_lr               | 0.0439   |
| entropy               | 0.918    |
| eplenmean             | 539      |
| eprewmean             | 18       |
| fps                   | 2.44e+03 |
| grad_norm             | 1.31     |
| kl                    | 0.0211   |
| loss_pi               | -0.141   |
| loss_v                | 0.0113   |
| lr                    | 0.0439   |
| misc/nupdates         | 1.1e+03  |
| misc/serial_timesteps | 4.51e+06 |
| misc/time_elapsed     | 1.8e+03  |
| misc/total_timesteps  | 4.51e+06 |
| ratio_max             | 2.21     |
| ratio_min             | 0.151    |
| ret_avg               | 0.364    |
| ret_max               | 3.07     |
| ret_med               | 0.276    |
| ret_min               | -1.61    |
| ret_var               | 1.79     |
------------------------------------
------------------------------------
| action_max            | 14       |
| action_min            | 0        |
| adv_avg               | -1.54    |
| adv_max               | -0.927   |
| adv_med               | -1.52    |
| adv_min               | -3.18    |
| adv_var               | 0.0194   |
| clipfrac              | 0        |
| curr_lr               | 0.0293   |
| entropy               | 0.537    |
| eplenmean             | 425      |
| eprewmean             | 14       |
| fps                   | 2.54e+03 |
| grad_norm             | 0.743    |
| kl                    | 0.0102   |
| loss_pi               | -0.155   |
| loss_v                | 0.00388  |
| lr                    | 0.0293   |
| misc/nupdates         | 1.11e+03 |
| misc/serial_timesteps | 4.55e+06 |
| misc/time_elapsed     | 1.82e+03 |
| misc/total_timesteps  | 4.55e+06 |
| ratio_max             | 3.9      |
| ratio_min             | 0.429    |
| ret_avg               | 0.743    |
| ret_max               | 2.75     |
| ret_med               | 0.996    |
| ret_min               | -1.61    |
| ret_var               | 1.21     |
------------------------------------
------------------------------------
| action_max            | 14       |
| action_min            | 0        |
| adv_avg               | -1.61    |
| adv_max               | -0.888   |
| adv_med               | -1.56    |
| adv_min               | -4.08    |
| adv_var               | 0.0667   |
| clipfrac              | 0        |
| curr_lr               | 0.0293   |
| entropy               | 1.03     |
| eplenmean             | 480      |
| eprewmean             | 15.9     |
| fps                   | 2.43e+03 |
| grad_norm             | 0.381    |
| kl                    | 0.0263   |
| loss_pi               | -0.0747  |
| loss_v                | 0.00387  |
| lr                    | 0.0293   |
| misc/nupdates         | 1.12e+03 |
| misc/serial_timesteps | 4.59e+06 |
| misc/time_elapsed     | 1.84e+03 |
| misc/total_timesteps  | 4.59e+06 |
| ratio_max             | 1.99     |
| ratio_min             | 0.212    |
| ret_avg               | 0.274    |
| ret_max               | 2.98     |
| ret_med               | 0.0532   |
| ret_min               | -1.59    |
| ret_var               | 1.24     |
------------------------------------
------------------------------------
| action_max            | 14       |
| action_min            | 0        |
| adv_avg               | -1.56    |
| adv_max               | -0.872   |
| adv_med               | -1.54    |
| adv_min               | -3.07    |
| adv_var               | 0.0288   |
| clipfrac              | 0        |
| curr_lr               | 0.0439   |
| entropy               | 0.951    |
| eplenmean             | 439      |
| eprewmean             | 15.7     |
| fps                   | 2.53e+03 |
| grad_norm             | 0.723    |
| kl                    | 0.0195   |
| loss_pi               | -0.0736  |
| loss_v                | 0.00503  |
| lr                    | 0.0439   |
| misc/nupdates         | 1.13e+03 |
| misc/serial_timesteps | 4.63e+06 |
| misc/time_elapsed     | 1.85e+03 |
| misc/total_timesteps  | 4.63e+06 |
| ratio_max             | 1.66     |
| ratio_min             | 0.1      |
| ret_avg               | 0.247    |
| ret_max               | 2.15     |
| ret_med               | 0.251    |
| ret_min               | -1.58    |
| ret_var               | 1.03     |
------------------------------------
------------------------------------
| action_max            | 14       |
| action_min            | 0        |
| adv_avg               | -1.56    |
| adv_max               | -0.858   |
| adv_med               | -1.55    |
| adv_min               | -2.42    |
| adv_var               | 0.0222   |
| clipfrac              | 0        |
| curr_lr               | 0.0293   |
| entropy               | 0.999    |
| eplenmean             | 450      |
| eprewmean             | 15       |
| fps                   | 2.53e+03 |
| grad_norm             | 0.345    |
| kl                    | 0.0262   |
| loss_pi               | -0.114   |
| loss_v                | 0.00207  |
| lr                    | 0.0293   |
| misc/nupdates         | 1.14e+03 |
| misc/serial_timesteps | 4.67e+06 |
| misc/time_elapsed     | 1.87e+03 |
| misc/total_timesteps  | 4.67e+06 |
| ratio_max             | 2.63     |
| ratio_min             | 0.186    |
| ret_avg               | 0.0588   |
| ret_max               | 2.83     |
| ret_med               | -0.0531  |
| ret_min               | -1.58    |
| ret_var               | 1.05     |
------------------------------------
------------------------------------
| action_max            | 14       |
| action_min            | 0        |
| adv_avg               | -1.55    |
| adv_max               | -0.698   |
| adv_med               | -1.53    |
| adv_min               | -3.3     |
| adv_var               | 0.0357   |
| clipfrac              | 0        |
| curr_lr               | 0.0293   |
| entropy               | 0.6      |
| eplenmean             | 532      |
| eprewmean             | 16.6     |
| fps                   | 2.53e+03 |
| grad_norm             | 0.777    |
| kl                    | 0.0127   |
| loss_pi               | -0.083   |
| loss_v                | 0.00423  |
| lr                    | 0.0293   |
| misc/nupdates         | 1.15e+03 |
| misc/serial_timesteps | 4.71e+06 |
| misc/time_elapsed     | 1.89e+03 |
| misc/total_timesteps  | 4.71e+06 |
| ratio_max             | 5.66     |
| ratio_min             | 0.405    |
| ret_avg               | 0.718    |
| ret_max               | 3.26     |
| ret_med               | 0.9      |
| ret_min               | -1.58    |
| ret_var               | 1.41     |
------------------------------------
------------------------------------
| action_max            | 14       |
| action_min            | 0        |
| adv_avg               | -1.53    |
| adv_max               | -1       |
| adv_med               | -1.53    |
| adv_min               | -2.12    |
| adv_var               | 0.0151   |
| clipfrac              | 0        |
| curr_lr               | 0.0293   |
| entropy               | 0.76     |
| eplenmean             | 499      |
| eprewmean             | 17.5     |
| fps                   | 2.45e+03 |
| grad_norm             | 0.62     |
| kl                    | 0.0129   |
| loss_pi               | -0.0608  |
| loss_v                | 0.00315  |
| lr                    | 0.0293   |
| misc/nupdates         | 1.16e+03 |
| misc/serial_timesteps | 4.75e+06 |
| misc/time_elapsed     | 1.9e+03  |
| misc/total_timesteps  | 4.75e+06 |
| ratio_max             | 1.88     |
| ratio_min             | 0.397    |
| ret_avg               | 0.63     |
| ret_max               | 3.42     |
| ret_med               | 0.892    |
| ret_min               | -1.58    |
| ret_var               | 1.33     |
------------------------------------
------------------------------------
| action_max            | 14       |
| action_min            | 0        |
| adv_avg               | -1.54    |
| adv_max               | -0.943   |
| adv_med               | -1.53    |
| adv_min               | -2.7     |
| adv_var               | 0.0115   |
| clipfrac              | 0        |
| curr_lr               | 0.0293   |
| entropy               | 0.673    |
| eplenmean             | 492      |
| eprewmean             | 17.8     |
| fps                   | 2.5e+03  |
| grad_norm             | 1.5      |
| kl                    | 0.00404  |
| loss_pi               | -0.114   |
| loss_v                | 0.00713  |
| lr                    | 0.0439   |
| misc/nupdates         | 1.17e+03 |
| misc/serial_timesteps | 4.79e+06 |
| misc/time_elapsed     | 1.92e+03 |
| misc/total_timesteps  | 4.79e+06 |
| ratio_max             | 1.44     |
| ratio_min             | 0.315    |
| ret_avg               | 0.547    |
| ret_max               | 2.99     |
| ret_med               | 0.994    |
| ret_min               | -1.58    |
| ret_var               | 1.51     |
------------------------------------
------------------------------------
| action_max            | 14       |
| action_min            | 0        |
| adv_avg               | -1.56    |
| adv_max               | -0.75    |
| adv_med               | -1.55    |
| adv_min               | -3.32    |
| adv_var               | 0.0345   |
| clipfrac              | 0        |
| curr_lr               | 0.0293   |
| entropy               | 0.841    |
| eplenmean             | 462      |
| eprewmean             | 16.9     |
| fps                   | 2.42e+03 |
| grad_norm             | 0.586    |
| kl                    | 0.0272   |
| loss_pi               | -0.104   |
| loss_v                | 0.00417  |
| lr                    | 0.0293   |
| misc/nupdates         | 1.18e+03 |
| misc/serial_timesteps | 4.83e+06 |
| misc/time_elapsed     | 1.93e+03 |
| misc/total_timesteps  | 4.83e+06 |
| ratio_max             | 5.56     |
| ratio_min             | 0.1      |
| ret_avg               | 0.307    |
| ret_max               | 2.88     |
| ret_med               | 0.217    |
| ret_min               | -1.58    |
| ret_var               | 1.14     |
------------------------------------
------------------------------------
| action_max            | 14       |
| action_min            | 0        |
| adv_avg               | -1.54    |
| adv_max               | -0.922   |
| adv_med               | -1.54    |
| adv_min               | -2.41    |
| adv_var               | 0.0112   |
| clipfrac              | 0        |
| curr_lr               | 0.0439   |
| entropy               | 0.711    |
| eplenmean             | 475      |
| eprewmean             | 17.6     |
| fps                   | 2.48e+03 |
| grad_norm             | 0.768    |
| kl                    | 0.0107   |
| loss_pi               | -0.0809  |
| loss_v                | 0.00465  |
| lr                    | 0.0439   |
| misc/nupdates         | 1.19e+03 |
| misc/serial_timesteps | 4.87e+06 |
| misc/time_elapsed     | 1.95e+03 |
| misc/total_timesteps  | 4.87e+06 |
| ratio_max             | 1.53     |
| ratio_min             | 0.421    |
| ret_avg               | 0.524    |
| ret_max               | 2.51     |
| ret_med               | 0.843    |
| ret_min               | -1.58    |
| ret_var               | 1.1      |
------------------------------------
------------------------------------
| action_max            | 14       |
| action_min            | 0        |
| adv_avg               | -1.54    |
| adv_max               | -0.789   |
| adv_med               | -1.53    |
| adv_min               | -3.32    |
| adv_var               | 0.021    |
| clipfrac              | 0        |
| curr_lr               | 0.0439   |
| entropy               | 0.585    |
| eplenmean             | 538      |
| eprewmean             | 19.5     |
| fps                   | 2.45e+03 |
| grad_norm             | 0.99     |
| kl                    | 0.0215   |
| loss_pi               | -0.117   |
| loss_v                | 0.00593  |
| lr                    | 0.0439   |
| misc/nupdates         | 1.2e+03  |
| misc/serial_timesteps | 4.92e+06 |
| misc/time_elapsed     | 1.97e+03 |
| misc/total_timesteps  | 4.92e+06 |
| ratio_max             | 4.59     |
| ratio_min             | 0.109    |
| ret_avg               | 0.618    |
| ret_max               | 3.05     |
| ret_med               | 0.842    |
| ret_min               | -1.58    |
| ret_var               | 0.824    |
------------------------------------
------------------------------------
| action_max            | 14       |
| action_min            | 0        |
| adv_avg               | -1.54    |
| adv_max               | -0.958   |
| adv_med               | -1.54    |
| adv_min               | -2.34    |
| adv_var               | 0.0139   |
| clipfrac              | 0        |
| curr_lr               | 0.0439   |
| entropy               | 0.814    |
| eplenmean             | 543      |
| eprewmean             | 20.5     |
| fps                   | 2.52e+03 |
| grad_norm             | 0.861    |
| kl                    | 0.0241   |
| loss_pi               | -0.0837  |
| loss_v                | 0.00585  |
| lr                    | 0.0439   |
| misc/nupdates         | 1.21e+03 |
| misc/serial_timesteps | 4.96e+06 |
| misc/time_elapsed     | 1.98e+03 |
| misc/total_timesteps  | 4.96e+06 |
| ratio_max             | 2.11     |
| ratio_min             | 0.1      |
| ret_avg               | 0.382    |
| ret_max               | 2.94     |
| ret_med               | 0.504    |
| ret_min               | -1.59    |
| ret_var               | 1.3      |
------------------------------------
------------------------------------
| action_max            | 14       |
| action_min            | 0        |
| adv_avg               | -1.56    |
| adv_max               | -0.922   |
| adv_med               | -1.55    |
| adv_min               | -3.21    |
| adv_var               | 0.0238   |
| clipfrac              | 0        |
| curr_lr               | 0.0195   |
| entropy               | 0.584    |
| eplenmean             | 501      |
| eprewmean             | 16.9     |
| fps                   | 2.47e+03 |
| grad_norm             | 0.255    |
| kl                    | 0.0182   |
| loss_pi               | -0.094   |
| loss_v                | 0.00246  |
| lr                    | 0.0195   |
| misc/nupdates         | 1.22e+03 |
| misc/serial_timesteps | 5e+06    |
| misc/time_elapsed     | 2e+03    |
| misc/total_timesteps  | 5e+06    |
| ratio_max             | 1.98     |
| ratio_min             | 0.145    |
| ret_avg               | 0.729    |
| ret_max               | 3.25     |
| ret_med               | 1.03     |
| ret_min               | -1.59    |
| ret_var               | 1.27     |
------------------------------------
------------------------------------
| action_max            | 14       |
| action_min            | 0        |
| adv_avg               | -1.59    |
| adv_max               | -1.05    |
| adv_med               | -1.56    |
| adv_min               | -3.25    |
| adv_var               | 0.0304   |
| clipfrac              | 0        |
| curr_lr               | 0.0195   |
| entropy               | 0.644    |
| eplenmean             | 538      |
| eprewmean             | 18.6     |
| fps                   | 2.53e+03 |
| grad_norm             | 0.553    |
| kl                    | 0.011    |
| loss_pi               | -0.124   |
| loss_v                | 0.00309  |
| lr                    | 0.0195   |
| misc/nupdates         | 1.23e+03 |
| misc/serial_timesteps | 5.04e+06 |
| misc/time_elapsed     | 2.02e+03 |
| misc/total_timesteps  | 5.04e+06 |
| ratio_max             | 1.96     |
| ratio_min             | 0.1      |
| ret_avg               | 0.644    |
| ret_max               | 3.08     |
| ret_med               | 1.08     |
| ret_min               | -1.59    |
| ret_var               | 1.5      |
------------------------------------
------------------------------------
| action_max            | 14       |
| action_min            | 0        |
| adv_avg               | -1.57    |
| adv_max               | -0.532   |
| adv_med               | -1.55    |
| adv_min               | -3.24    |
| adv_var               | 0.0284   |
| clipfrac              | 0        |
| curr_lr               | 0.0195   |
| entropy               | 0.474    |
| eplenmean             | 463      |
| eprewmean             | 15.7     |
| fps                   | 2.54e+03 |
| grad_norm             | 0.893    |
| kl                    | 0.00496  |
| loss_pi               | -0.0473  |
| loss_v                | 0.00397  |
| lr                    | 0.0293   |
| misc/nupdates         | 1.24e+03 |
| misc/serial_timesteps | 5.08e+06 |
| misc/time_elapsed     | 2.03e+03 |
| misc/total_timesteps  | 5.08e+06 |
| ratio_max             | 1.55     |
| ratio_min             | 0.59     |
| ret_avg               | 1.12     |
| ret_max               | 3.89     |
| ret_med               | 1.47     |
| ret_min               | -1.71    |
| ret_var               | 1.92     |
------------------------------------
------------------------------------
| action_max            | 14       |
| action_min            | 0        |
| adv_avg               | -1.55    |
| adv_max               | -0.525   |
| adv_med               | -1.54    |
| adv_min               | -2.8     |
| adv_var               | 0.0214   |
| clipfrac              | 0        |
| curr_lr               | 0.0293   |
| entropy               | 0.583    |
| eplenmean             | 534      |
| eprewmean             | 17.5     |
| fps                   | 2.53e+03 |
| grad_norm             | 0.963    |
| kl                    | 0.01     |
| loss_pi               | -0.0537  |
| loss_v                | 0.00529  |
| lr                    | 0.0293   |
| misc/nupdates         | 1.25e+03 |
| misc/serial_timesteps | 5.12e+06 |
| misc/time_elapsed     | 2.05e+03 |
| misc/total_timesteps  | 5.12e+06 |
| ratio_max             | 2.15     |
| ratio_min             | 0.591    |
| ret_avg               | 0.965    |
| ret_max               | 3.51     |
| ret_med               | 1.18     |
| ret_min               | -1.58    |
| ret_var               | 1.4      |
------------------------------------
------------------------------------
| action_max            | 14       |
| action_min            | 0        |
| adv_avg               | -1.56    |
| adv_max               | -1.09    |
| adv_med               | -1.55    |
| adv_min               | -3.58    |
| adv_var               | 0.0207   |
| clipfrac              | 0        |
| curr_lr               | 0.0658   |
| entropy               | 0.719    |
| eplenmean             | 536      |
| eprewmean             | 18.6     |
| fps                   | 2.54e+03 |
| grad_norm             | 1.3      |
| kl                    | 0.0242   |
| loss_pi               | -0.0665  |
| loss_v                | 0.0115   |
| lr                    | 0.0658   |
| misc/nupdates         | 1.26e+03 |
| misc/serial_timesteps | 5.16e+06 |
| misc/time_elapsed     | 2.07e+03 |
| misc/total_timesteps  | 5.16e+06 |
| ratio_max             | 2.04     |
| ratio_min             | 0.11     |
| ret_avg               | 0.509    |
| ret_max               | 2.94     |
| ret_med               | 0.821    |
| ret_min               | -1.58    |
| ret_var               | 0.913    |
------------------------------------
------------------------------------
| action_max            | 14       |
| action_min            | 0        |
| adv_avg               | -1.55    |
| adv_max               | -1.23    |
| adv_med               | -1.54    |
| adv_min               | -3.8     |
| adv_var               | 0.0209   |
| clipfrac              | 0        |
| curr_lr               | 0.0293   |
| entropy               | 0.72     |
| eplenmean             | 534      |
| eprewmean             | 18.1     |
| fps                   | 2.53e+03 |
| grad_norm             | 0.573    |
| kl                    | 0.0214   |
| loss_pi               | -0.0975  |
| loss_v                | 0.00385  |
| lr                    | 0.0293   |
| misc/nupdates         | 1.27e+03 |
| misc/serial_timesteps | 5.2e+06  |
| misc/time_elapsed     | 2.08e+03 |
| misc/total_timesteps  | 5.2e+06  |
| ratio_max             | 2        |
| ratio_min             | 0.1      |
| ret_avg               | 0.431    |
| ret_max               | 1.92     |
| ret_med               | 0.657    |
| ret_min               | -1.63    |
| ret_var               | 0.9      |
------------------------------------
------------------------------------
| action_max            | 14       |
| action_min            | 0        |
| adv_avg               | -1.55    |
| adv_max               | -1.14    |
| adv_med               | -1.55    |
| adv_min               | -2.47    |
| adv_var               | 0.0101   |
| clipfrac              | 0        |
| curr_lr               | 0.0195   |
| entropy               | 0.577    |
| eplenmean             | 579      |
| eprewmean             | 20.7     |
| fps                   | 2.46e+03 |
| grad_norm             | 0.618    |
| kl                    | 0.00689  |
| loss_pi               | -0.0964  |
| loss_v                | 0.00252  |
| lr                    | 0.0195   |
| misc/nupdates         | 1.28e+03 |
| misc/serial_timesteps | 5.24e+06 |
| misc/time_elapsed     | 2.1e+03  |
| misc/total_timesteps  | 5.24e+06 |
| ratio_max             | 2.42     |
| ratio_min             | 0.485    |
| ret_avg               | 0.902    |
| ret_max               | 3.51     |
| ret_med               | 1.15     |
| ret_min               | -1.59    |
| ret_var               | 1.52     |
------------------------------------
------------------------------------
| action_max            | 14       |
| action_min            | 0        |
| adv_avg               | -1.57    |
| adv_max               | -1.02    |
| adv_med               | -1.56    |
| adv_min               | -4.62    |
| adv_var               | 0.0332   |
| clipfrac              | 0        |
| curr_lr               | 0.0195   |
| entropy               | 0.487    |
| eplenmean             | 628      |
| eprewmean             | 22.8     |
| fps                   | 2.5e+03  |
| grad_norm             | 0.38     |
| kl                    | 0.0142   |
| loss_pi               | -0.0692  |
| loss_v                | 0.00269  |
| lr                    | 0.0195   |
| misc/nupdates         | 1.29e+03 |
| misc/serial_timesteps | 5.28e+06 |
| misc/time_elapsed     | 2.12e+03 |
| misc/total_timesteps  | 5.28e+06 |
| ratio_max             | 2.24     |
| ratio_min             | 0.1      |
| ret_avg               | 1.15     |
| ret_max               | 3.58     |
| ret_med               | 1.22     |
| ret_min               | -1.66    |
| ret_var               | 1.44     |
------------------------------------
------------------------------------
| action_max            | 14       |
| action_min            | 0        |
| adv_avg               | -1.56    |
| adv_max               | -0.711   |
| adv_med               | -1.55    |
| adv_min               | -4.43    |
| adv_var               | 0.0362   |
| clipfrac              | 0        |
| curr_lr               | 0.0195   |
| entropy               | 0.458    |
| eplenmean             | 561      |
| eprewmean             | 19.5     |
| fps                   | 2.53e+03 |
| grad_norm             | 0.8      |
| kl                    | 0.00574  |
| loss_pi               | -0.0424  |
| loss_v                | 0.00377  |
| lr                    | 0.0195   |
| misc/nupdates         | 1.3e+03  |
| misc/serial_timesteps | 5.32e+06 |
| misc/time_elapsed     | 2.13e+03 |
| misc/total_timesteps  | 5.32e+06 |
| ratio_max             | 1.78     |
| ratio_min             | 0.294    |
| ret_avg               | 1.26     |
| ret_max               | 2.66     |
| ret_med               | 1.65     |
| ret_min               | -1.59    |
| ret_var               | 1        |
------------------------------------
------------------------------------
| action_max            | 14       |
| action_min            | 0        |
| adv_avg               | -1.58    |
| adv_max               | -0.958   |
| adv_med               | -1.57    |
| adv_min               | -3.97    |
| adv_var               | 0.0234   |
| clipfrac              | 0        |
| curr_lr               | 0.0293   |
| entropy               | 0.421    |
| eplenmean             | 569      |
| eprewmean             | 21.3     |
| fps                   | 2.54e+03 |
| grad_norm             | 0.923    |
| kl                    | 0.00932  |
| loss_pi               | -0.0364  |
| loss_v                | 0.00433  |
| lr                    | 0.0293   |
| misc/nupdates         | 1.31e+03 |
| misc/serial_timesteps | 5.37e+06 |
| misc/time_elapsed     | 2.15e+03 |
| misc/total_timesteps  | 5.37e+06 |
| ratio_max             | 1.62     |
| ratio_min             | 0.425    |
| ret_avg               | 1.31     |
| ret_max               | 3.73     |
| ret_med               | 1.4      |
| ret_min               | -1.58    |
| ret_var               | 1.55     |
------------------------------------
------------------------------------
| action_max            | 14       |
| action_min            | 0        |
| adv_avg               | -1.58    |
| adv_max               | -1.05    |
| adv_med               | -1.56    |
| adv_min               | -3.37    |
| adv_var               | 0.0203   |
| clipfrac              | 0        |
| curr_lr               | 0.0293   |
| entropy               | 0.695    |
| eplenmean             | 504      |
| eprewmean             | 19.2     |
| fps                   | 2.48e+03 |
| grad_norm             | 0.732    |
| kl                    | 0.0106   |
| loss_pi               | -0.131   |
| loss_v                | 0.0039   |
| lr                    | 0.0293   |
| misc/nupdates         | 1.32e+03 |
| misc/serial_timesteps | 5.41e+06 |
| misc/time_elapsed     | 2.16e+03 |
| misc/total_timesteps  | 5.41e+06 |
| ratio_max             | 1.75     |
| ratio_min             | 0.281    |
| ret_avg               | 0.753    |
| ret_max               | 3.46     |
| ret_med               | 0.72     |
| ret_min               | -1.58    |
| ret_var               | 1.48     |
------------------------------------
------------------------------------
| action_max            | 14       |
| action_min            | 0        |
| adv_avg               | -1.56    |
| adv_max               | -1.24    |
| adv_med               | -1.54    |
| adv_min               | -3.73    |
| adv_var               | 0.0203   |
| clipfrac              | 0        |
| curr_lr               | 0.0293   |
| entropy               | 0.401    |
| eplenmean             | 494      |
| eprewmean             | 17.3     |
| fps                   | 2.48e+03 |
| grad_norm             | 1.22     |
| kl                    | 0.012    |
| loss_pi               | -0.0926  |
| loss_v                | 0.00541  |
| lr                    | 0.0293   |
| misc/nupdates         | 1.33e+03 |
| misc/serial_timesteps | 5.45e+06 |
| misc/time_elapsed     | 2.18e+03 |
| misc/total_timesteps  | 5.45e+06 |
| ratio_max             | 1.36     |
| ratio_min             | 0.1      |
| ret_avg               | 1.16     |
| ret_max               | 3.37     |
| ret_med               | 1.52     |
| ret_min               | -1.58    |
| ret_var               | 1.49     |
------------------------------------
------------------------------------
| action_max            | 14       |
| action_min            | 0        |
| adv_avg               | -1.58    |
| adv_max               | -0.631   |
| adv_med               | -1.57    |
| adv_min               | -2.74    |
| adv_var               | 0.0256   |
| clipfrac              | 0        |
| curr_lr               | 0.0293   |
| entropy               | 0.932    |
| eplenmean             | 457      |
| eprewmean             | 17       |
| fps                   | 2.54e+03 |
| grad_norm             | 0.332    |
| kl                    | 0.0497   |
| loss_pi               | -0.0559  |
| loss_v                | 0.00277  |
| lr                    | 0.0195   |
| misc/nupdates         | 1.34e+03 |
| misc/serial_timesteps | 5.49e+06 |
| misc/time_elapsed     | 2.2e+03  |
| misc/total_timesteps  | 5.49e+06 |
| ratio_max             | 3.55     |
| ratio_min             | 0.153    |
| ret_avg               | -0.0697  |
| ret_max               | 3.19     |
| ret_med               | -0.615   |
| ret_min               | -1.72    |
| ret_var               | 1.65     |
------------------------------------
------------------------------------
| action_max            | 14       |
| action_min            | 0        |
| adv_avg               | -1.55    |
| adv_max               | -1.16    |
| adv_med               | -1.55    |
| adv_min               | -2.5     |
| adv_var               | 0.0142   |
| clipfrac              | 0        |
| curr_lr               | 0.0293   |
| entropy               | 0.672    |
| eplenmean             | 463      |
| eprewmean             | 17.7     |
| fps                   | 2.54e+03 |
| grad_norm             | 1.04     |
| kl                    | 0.0101   |
| loss_pi               | -0.0598  |
| loss_v                | 0.0047   |
| lr                    | 0.0293   |
| misc/nupdates         | 1.35e+03 |
| misc/serial_timesteps | 5.53e+06 |
| misc/time_elapsed     | 2.21e+03 |
| misc/total_timesteps  | 5.53e+06 |
| ratio_max             | 2.42     |
| ratio_min             | 0.338    |
| ret_avg               | 0.788    |
| ret_max               | 3.19     |
| ret_med               | 0.765    |
| ret_min               | -1.63    |
| ret_var               | 1.82     |
------------------------------------
------------------------------------
| action_max            | 14       |
| action_min            | 0        |
| adv_avg               | -1.57    |
| adv_max               | -1.11    |
| adv_med               | -1.55    |
| adv_min               | -2.48    |
| adv_var               | 0.0151   |
| clipfrac              | 0        |
| curr_lr               | 0.0293   |
| entropy               | 0.699    |
| eplenmean             | 500      |
| eprewmean             | 18       |
| fps                   | 2.54e+03 |
| grad_norm             | 0.623    |
| kl                    | 0.0208   |
| loss_pi               | -0.137   |
| loss_v                | 0.0032   |
| lr                    | 0.0293   |
| misc/nupdates         | 1.36e+03 |
| misc/serial_timesteps | 5.57e+06 |
| misc/time_elapsed     | 2.23e+03 |
| misc/total_timesteps  | 5.57e+06 |
| ratio_max             | 3.35     |
| ratio_min             | 0.132    |
| ret_avg               | 0.5      |
| ret_max               | 2.91     |
| ret_med               | 0.669    |
| ret_min               | -1.59    |
| ret_var               | 1.36     |
------------------------------------
------------------------------------
| action_max            | 14       |
| action_min            | 0        |
| adv_avg               | -1.56    |
| adv_max               | -1.03    |
| adv_med               | -1.55    |
| adv_min               | -2.21    |
| adv_var               | 0.0123   |
| clipfrac              | 0        |
| curr_lr               | 0.0293   |
| entropy               | 0.801    |
| eplenmean             | 485      |
| eprewmean             | 17.3     |
| fps                   | 2.52e+03 |
| grad_norm             | 0.66     |
| kl                    | 0.0176   |
| loss_pi               | -0.0998  |
| loss_v                | 0.00318  |
| lr                    | 0.0293   |
| misc/nupdates         | 1.37e+03 |
| misc/serial_timesteps | 5.61e+06 |
| misc/time_elapsed     | 2.25e+03 |
| misc/total_timesteps  | 5.61e+06 |
| ratio_max             | 3.27     |
| ratio_min             | 0.332    |
| ret_avg               | 0.432    |
| ret_max               | 2.81     |
| ret_med               | 0.668    |
| ret_min               | -1.58    |
| ret_var               | 1.41     |
------------------------------------
------------------------------------
| action_max            | 14       |
| action_min            | 0        |
| adv_avg               | -1.54    |
| adv_max               | -1.22    |
| adv_med               | -1.54    |
| adv_min               | -2.59    |
| adv_var               | 0.00664  |
| clipfrac              | 0        |
| curr_lr               | 0.0293   |
| entropy               | 0.516    |
| eplenmean             | 543      |
| eprewmean             | 19.7     |
| fps                   | 2.5e+03  |
| grad_norm             | 0.969    |
| kl                    | 0.00802  |
| loss_pi               | -0.109   |
| loss_v                | 0.00425  |
| lr                    | 0.0293   |
| misc/nupdates         | 1.38e+03 |
| misc/serial_timesteps | 5.65e+06 |
| misc/time_elapsed     | 2.26e+03 |
| misc/total_timesteps  | 5.65e+06 |
| ratio_max             | 2.16     |
| ratio_min             | 0.417    |
| ret_avg               | 0.76     |
| ret_max               | 1.95     |
| ret_med               | 0.813    |
| ret_min               | -1.58    |
| ret_var               | 0.558    |
------------------------------------
------------------------------------
| action_max            | 14       |
| action_min            | 0        |
| adv_avg               | -1.56    |
| adv_max               | -0.723   |
| adv_med               | -1.56    |
| adv_min               | -2.77    |
| adv_var               | 0.0238   |
| clipfrac              | 0        |
| curr_lr               | 0.0195   |
| entropy               | 0.954    |
| eplenmean             | 582      |
| eprewmean             | 19.1     |
| fps                   | 2.46e+03 |
| grad_norm             | 0.604    |
| kl                    | 0.0224   |
| loss_pi               | -0.103   |
| loss_v                | 0.00303  |
| lr                    | 0.0195   |
| misc/nupdates         | 1.39e+03 |
| misc/serial_timesteps | 5.69e+06 |
| misc/time_elapsed     | 2.28e+03 |
| misc/total_timesteps  | 5.69e+06 |
| ratio_max             | 1.79     |
| ratio_min             | 0.327    |
| ret_avg               | -0.117   |
| ret_max               | 2.2      |
| ret_med               | -0.193   |
| ret_min               | -1.59    |
| ret_var               | 0.844    |
------------------------------------
------------------------------------
| action_max            | 14       |
| action_min            | 0        |
| adv_avg               | -1.59    |
| adv_max               | -0.694   |
| adv_med               | -1.57    |
| adv_min               | -3.75    |
| adv_var               | 0.0538   |
| clipfrac              | 0        |
| curr_lr               | 0.0195   |
| entropy               | 0.838    |
| eplenmean             | 534      |
| eprewmean             | 17.3     |
| fps                   | 2.54e+03 |
| grad_norm             | 0.248    |
| kl                    | 0.0293   |
| loss_pi               | -0.0247  |
| loss_v                | 0.00266  |
| lr                    | 0.0195   |
| misc/nupdates         | 1.4e+03  |
| misc/serial_timesteps | 5.73e+06 |
| misc/time_elapsed     | 2.3e+03  |
| misc/total_timesteps  | 5.73e+06 |
| ratio_max             | 5.44     |
| ratio_min             | 0.1      |
| ret_avg               | 0.436    |
| ret_max               | 3        |
| ret_med               | 0.436    |
| ret_min               | -1.58    |
| ret_var               | 1.38     |
------------------------------------
------------------------------------
| action_max            | 14       |
| action_min            | 0        |
| adv_avg               | -1.57    |
| adv_max               | -1.01    |
| adv_med               | -1.56    |
| adv_min               | -2.66    |
| adv_var               | 0.0178   |
| clipfrac              | 0        |
| curr_lr               | 0.0195   |
| entropy               | 0.53     |
| eplenmean             | 605      |
| eprewmean             | 19.9     |
| fps                   | 2.54e+03 |
| grad_norm             | 0.533    |
| kl                    | 0.0114   |
| loss_pi               | -0.0997  |
| loss_v                | 0.00324  |
| lr                    | 0.0195   |
| misc/nupdates         | 1.41e+03 |
| misc/serial_timesteps | 5.78e+06 |
| misc/time_elapsed     | 2.31e+03 |
| misc/total_timesteps  | 5.78e+06 |
| ratio_max             | 1.66     |
| ratio_min             | 0.234    |
| ret_avg               | 0.941    |
| ret_max               | 3.36     |
| ret_med               | 0.91     |
| ret_min               | -1.58    |
| ret_var               | 1.68     |
------------------------------------
------------------------------------
| action_max            | 14       |
| action_min            | 0        |
| adv_avg               | -1.57    |
| adv_max               | -1.17    |
| adv_med               | -1.56    |
| adv_min               | -3.23    |
| adv_var               | 0.0144   |
| clipfrac              | 0        |
| curr_lr               | 0.0293   |
| entropy               | 0.538    |
| eplenmean             | 583      |
| eprewmean             | 22       |
| fps                   | 2.49e+03 |
| grad_norm             | 0.957    |
| kl                    | 0.00861  |
| loss_pi               | -0.0555  |
| loss_v                | 0.00473  |
| lr                    | 0.0293   |
| misc/nupdates         | 1.42e+03 |
| misc/serial_timesteps | 5.82e+06 |
| misc/time_elapsed     | 2.33e+03 |
| misc/total_timesteps  | 5.82e+06 |
| ratio_max             | 1.58     |
| ratio_min             | 0.401    |
| ret_avg               | 0.899    |
| ret_max               | 3.44     |
| ret_med               | 1.13     |
| ret_min               | -1.58    |
| ret_var               | 1.86     |
------------------------------------
------------------------------------
| action_max            | 14       |
| action_min            | 0        |
| adv_avg               | -1.56    |
| adv_max               | -0.806   |
| adv_med               | -1.55    |
| adv_min               | -2.46    |
| adv_var               | 0.0139   |
| clipfrac              | 0        |
| curr_lr               | 0.0293   |
| entropy               | 0.506    |
| eplenmean             | 621      |
| eprewmean             | 22.8     |
| fps                   | 2.49e+03 |
| grad_norm             | 0.821    |
| kl                    | 0.0128   |
| loss_pi               | -0.0798  |
| loss_v                | 0.00407  |
| lr                    | 0.0293   |
| misc/nupdates         | 1.43e+03 |
| misc/serial_timesteps | 5.86e+06 |
| misc/time_elapsed     | 2.34e+03 |
| misc/total_timesteps  | 5.86e+06 |
| ratio_max             | 2.51     |
| ratio_min             | 0.202    |
| ret_avg               | 0.966    |
| ret_max               | 3.1      |
| ret_med               | 1        |
| ret_min               | -1.58    |
| ret_var               | 1.1      |
------------------------------------
------------------------------------
| action_max            | 14       |
| action_min            | 0        |
| adv_avg               | -1.58    |
| adv_max               | -1.01    |
| adv_med               | -1.56    |
| adv_min               | -3.25    |
| adv_var               | 0.027    |
| clipfrac              | 0        |
| curr_lr               | 0.0293   |
| entropy               | 0.686    |
| eplenmean             | 609      |
| eprewmean             | 20.7     |
| fps                   | 2.54e+03 |
| grad_norm             | 0.817    |
| kl                    | 0.0142   |
| loss_pi               | -0.149   |
| loss_v                | 0.0042   |
| lr                    | 0.0293   |
| misc/nupdates         | 1.44e+03 |
| misc/serial_timesteps | 5.9e+06  |
| misc/time_elapsed     | 2.36e+03 |
| misc/total_timesteps  | 5.9e+06  |
| ratio_max             | 2.15     |
| ratio_min             | 0.213    |
| ret_avg               | 0.307    |
| ret_max               | 2.35     |
| ret_med               | 0.502    |
| ret_min               | -1.58    |
| ret_var               | 1.1      |
------------------------------------
------------------------------------
| action_max            | 14       |
| action_min            | 0        |
| adv_avg               | -1.55    |
| adv_max               | -1.05    |
| adv_med               | -1.55    |
| adv_min               | -2.58    |
| adv_var               | 0.0102   |
| clipfrac              | 0        |
| curr_lr               | 0.0293   |
| entropy               | 0.569    |
| eplenmean             | 567      |
| eprewmean             | 19.1     |
| fps                   | 2.48e+03 |
| grad_norm             | 0.823    |
| kl                    | 0.0272   |
| loss_pi               | -0.12    |
| loss_v                | 0.00398  |
| lr                    | 0.0293   |
| misc/nupdates         | 1.45e+03 |
| misc/serial_timesteps | 5.94e+06 |
| misc/time_elapsed     | 2.38e+03 |
| misc/total_timesteps  | 5.94e+06 |
| ratio_max             | 2.05     |
| ratio_min             | 0.138    |
| ret_avg               | 0.484    |
| ret_max               | 2.71     |
| ret_med               | 0.782    |
| ret_min               | -1.66    |
| ret_var               | 1.4      |
------------------------------------
------------------------------------
| action_max            | 14       |
| action_min            | 0        |
| adv_avg               | -1.57    |
| adv_max               | -1.11    |
| adv_med               | -1.55    |
| adv_min               | -2.66    |
| adv_var               | 0.0157   |
| clipfrac              | 0        |
| curr_lr               | 0.0293   |
| entropy               | 0.725    |
| eplenmean             | 492      |
| eprewmean             | 16.7     |
| fps                   | 2.45e+03 |
| grad_norm             | 0.237    |
| kl                    | 0.0302   |
| loss_pi               | -0.125   |
| loss_v                | 0.00127  |
| lr                    | 0.0293   |
| misc/nupdates         | 1.46e+03 |
| misc/serial_timesteps | 5.98e+06 |
| misc/time_elapsed     | 2.39e+03 |
| misc/total_timesteps  | 5.98e+06 |
| ratio_max             | 2.28     |
| ratio_min             | 0.117    |
| ret_avg               | 0.218    |
| ret_max               | 2.6      |
| ret_med               | 0.505    |
| ret_min               | -1.58    |
| ret_var               | 1.22     |
------------------------------------
