action_max,action_min,actor_direction_l2,actor_history_projection_l2,actor_kernel_mode,actor_relative_solve_residual,actor_system_rows,adv_avg,adv_max,adv_med,adv_min,adv_var,clipfrac,combined_clip_scale,critic_cholesky_info_max,critic_cross_blocks,critic_curvature_coef,critic_direction_l2,critic_ggn_quadratic,critic_history_projection_l2,critic_jacobi_scale_max,critic_jacobi_scale_min,critic_kernel_mode,critic_linear_solve_dtype,critic_objective_coef,critic_relative_solve_residual,critic_solve_residual,critic_solver_mode,critic_system_rows,curr_lr,entropy,eplenmean,eprewmean,fps,grad_norm,kl,loss_pi,loss_v,lr,misc/nupdates,misc/serial_timesteps,misc/time_elapsed,misc/total_timesteps,optimizer_history_correction,optimizer_momentum,ratio_max,ratio_min,ret_avg,ret_max,ret_med,ret_min,ret_var
14,0,0.2199406921863556,420.45941162109375,paper_sampled_score_separate_b,3.2867716072360054e-05,512,0.06052229180932045,0.1012304350733757,0.06375617533922195,0.026681968942284584,0.00017329172987956554,0.0,1.0,0,0,0.1,0.3231138586997986,82.71881103515625,63.39019012451172,1.26492964390405,1.2082546701264776,deterministic_value_jacobian_separate_b,torch.float64,1.0,2.9478703629341584e-16,1.9306392146564517e-14,symmetric_jacobi_cholesky_fp64,512,0.00022500000000000005,1.2187108993530273,976.2424242424242,0.0,1556,0.39161843061447144,0.07483159005641937,-0.02038831263780594,0.0009528880473226309,0.00015000000000000004,9,40960,27.192137375008315,40960,1.0,1e-06,1.387394905090332,0.247963547706604,0.046402737498283386,0.08830583840608597,0.04419482871890068,0.024567702785134315,0.0001269189378945157
14,0,0.34890738129615784,536.3535766601562,paper_sampled_score_separate_b,5.586040060734376e-05,512,0.015400584787130356,0.06073412671685219,0.01788301020860672,-0.07714158296585083,0.0002992466033902019,0.0,1.0,0,0,0.1,0.35905584692955017,146.60972595214844,83.4261703491211,1.2249372407059034,1.1415265131579713,deterministic_value_jacobian_separate_b,torch.float64,1.0,2.7889195331511274e-16,2.427100906377381e-14,symmetric_jacobi_cholesky_fp64,512,0.0005062500000000001,0.7468465566635132,990.2,0.0,1558,0.49236997961997986,0.09639443457126617,-0.09046849608421326,0.0027359595987945795,0.00033750000000000007,19,81920,53.86643542489037,81920,1.0,1e-06,8.88710880279541,0.21621786057949066,0.069607213139534,0.10404805839061737,0.070464126765728,0.019351305440068245,0.00019481676281429827
14,0,0.20427733659744263,8.735095977783203,paper_sampled_score_separate_b,6.124567448750895e-07,512,0.03279930725693703,0.08861732482910156,0.031818896532058716,-0.02196727693080902,0.00021552205726038665,0.0,1.0,0,0,0.1,0.06854153424501419,0.05694769695401192,1.0922155380249023,1.4106285308243427,1.4063128512495497,deterministic_value_jacobian_separate_b,torch.float64,1.0,4.204059948482858e-16,1.052981436705265e-15,symmetric_jacobi_cholesky_fp64,512,0.002562890625,2.6752238273620605,1000.0,0.0,1553,0.20895257592201233,0.05999051406979561,-0.013243746012449265,0.000435391761129722,0.00170859375,29,122880,80.98175994679332,122880,1.0,1e-06,2.185743808746338,0.5746676921844482,-0.08908753097057343,-0.05110260471701622,-0.08968736231327057,-0.11216935515403748,7.134516636142507e-05
9,8,0.3835233151912689,887.796630859375,paper_sampled_score_separate_b,0.002464347518980503,512,-0.3492102026939392,1.7887177467346191,-0.31731149554252625,-3.511664628982544,0.04287875443696976,0.0,0.9437126517295837,0,0,0.1,0.34712979197502136,360.27838134765625,132.81234741210938,1.0720249754614628,0.6515406794960911,deterministic_value_jacobian_separate_b,torch.float64,1.0,1.419147981730962e-15,1.9352305153486893e-13,symmetric_jacobi_cholesky_fp64,512,0.0001,0.12354544550180435,150.63,2.7,1563,0.5298222899436951,0.11104463040828705,-0.22533711791038513,0.028450846672058105,0.0001,39,163840,108.06140296114609,163840,1.0,1e-06,0.9999068975448608,0.22142858803272247,2.3379669189453125,6.717508792877197,1.4551516771316528,-0.2827129364013672,4.086735725402832
9,8,0.1625172346830368,181.0885009765625,paper_sampled_score_separate_b,0.0005199621664360166,512,-0.6014387607574463,2.3418800830841064,-0.49621883034706116,-5.718082904815674,0.8350255489349365,0.0,0.6807251572608948,0,0,0.1,0.7251145243644714,9.092397689819336,15.50075912475586,0.492218257816167,0.1966678974943871,deterministic_value_jacobian_separate_b,torch.float64,1.0,2.5846208970909123e-13,1.1174686878255746e-11,symmetric_jacobi_cholesky_fp64,512,0.0001,0.03619176894426346,74.41,6.1,1559,0.7345108389854431,4.0367751121521,-0.3174630403518677,0.3157205581665039,0.0001,49,204800,135.16095028910786,204800,1.0,1e-06,10.0,0.10000000149011612,2.6948459148406982,4.423603057861328,2.8231630325317383,-0.4736391603946686,0.9778164029121399
14,0,1.8318969011306763,247.77127075195312,paper_sampled_score_separate_b,0.0001419405307387933,512,-0.701508104801178,0.06113186106085777,-0.709159255027771,-1.0869137048721313,0.01263434998691082,0.0,0.27222785353660583,0,0,0.1,0.10530442744493484,11.630939483642578,26.18004608154297,1.0347151116176843,0.539032723384383,deterministic_value_jacobian_separate_b,torch.float64,1.0,7.311491789592357e-15,1.8167252102205505e-13,symmetric_jacobi_cholesky_fp64,512,0.00010000000000000003,0.6470039486885071,351.83,4.0,1564,1.8366966247558594,0.14223957061767578,-0.19753754138946533,0.02074289321899414,0.0001,59,245760,162.2244957271032,245760,1.0,1e-06,10.0,0.16741737723350525,1.7842020988464355,2.417417287826538,1.9571971893310547,0.2802029252052307,0.2802904546260834
14,0,0.44445618987083435,310.9322814941406,paper_sampled_score_separate_b,0.0002154888934455812,512,-0.9488449096679688,-0.6951591372489929,-0.8611552119255066,-3.2979180812835693,0.10156790167093277,0.0,0.7617175579071045,0,0,0.1,0.3618803918361664,76.15217590332031,50.44282913208008,1.100672043510024,0.7021764601142988,deterministic_value_jacobian_separate_b,torch.float64,1.0,5.876907144125254e-15,3.905188302502732e-13,symmetric_jacobi_cholesky_fp64,512,0.0001,1.6671009063720703,759.14,1.7,1558,0.6564112901687622,0.10140348970890045,-0.08569930493831635,0.11951100826263428,0.0001,69,286720,189.02609462477267,286720,1.0,1e-06,2.291567325592041,0.3124137818813324,1.2484080791473389,1.6803616285324097,1.3210774660110474,-0.8072018623352051,0.13752372562885284
14,0,0.40001407265663147,410.6000061035156,paper_sampled_score_separate_b,0.0003200518840458244,512,-0.9924114942550659,-0.8070133328437805,-0.9801643490791321,-3.3061156272888184,0.027201805263757706,0.0,1.0,0,0,0.1,0.23363256454467773,113.52177429199219,62.949012756347656,1.0521452470706059,0.7426351320502356,deterministic_value_jacobian_separate_b,torch.float64,1.0,3.1607392258278424e-15,2.4443631854195616e-13,symmetric_jacobi_cholesky_fp64,512,0.0001,1.438072681427002,937.49,0.2,1557,0.4574306011199951,0.08299075067043304,-0.012102361768484116,0.06438291072845459,0.0001,79,327680,215.52446164004505,327680,1.0,1e-06,2.9046740531921387,0.10398449003696442,1.2152761220932007,1.4662309885025024,1.2370010614395142,-0.9290723204612732,0.03892938047647476
14,0,0.3963787257671356,843.6712036132812,paper_sampled_score_separate_b,0.00018134835409000516,512,-1.085369348526001,-0.9683256149291992,-1.0643417835235596,-2.473348617553711,0.018611768260598183,0.0,0.9592382907867432,0,0,0.1,0.3391343951225281,402.9342041015625,130.67115783691406,1.04934617126365,0.8032393929674587,deterministic_value_jacobian_separate_b,torch.float64,1.0,1.1302828557976407e-15,1.6276702565612747e-13,symmetric_jacobi_cholesky_fp64,512,0.0001,1.308829426765442,1000.0,0.0,1398,0.5212469100952148,0.07191742956638336,-0.05045944079756737,0.045359574258327484,0.0001,89,368640,242.3389027970843,368640,1.0,1e-06,2.6245527267456055,0.4227476716041565,0.2825527787208557,0.47703826427459717,0.27086910605430603,-1.0392147302627563,0.020205268636345863
14,0,0.2960714101791382,157.33868408203125,paper_sampled_score_separate_b,5.926291487412527e-05,512,-1.1505814790725708,-1.0524258613586426,-1.1270357370376587,-2.435955047607422,0.015491336584091187,0.0,1.0,0,0,0.1,0.12161340564489365,11.465007781982422,21.026039123535156,1.1378525879572645,0.7658785473049589,deterministic_value_jacobian_separate_b,torch.float64,1.0,6.815159813602207e-15,1.7724000385835906e-13,symmetric_jacobi_cholesky_fp64,512,0.0001,0.7957561016082764,1000.0,0.0,1561,0.32255178689956665,0.0742088034749031,-0.02715742588043213,0.018747754395008087,0.0001,99,409600,268.92345182504505,409600,1.0,1e-06,2.1369259357452393,0.16000762581825256,0.1404781937599182,0.21556712687015533,0.1698453724384308,-1.1026748418807983,0.015976285561919212
14,0,0.5190865993499756,157.9560546875,paper_sampled_score_separate_b,0.0003632197331171483,512,-1.140607476234436,-0.8682571053504944,-1.1333261728286743,-1.7304818630218506,0.004061654210090637,0.0,0.8913843631744385,0,0,0.1,0.22915884852409363,14.069350242614746,24.160812377929688,1.1580033844036004,0.6800380572676589,deterministic_value_jacobian_separate_b,torch.float64,1.0,2.2995303537699766e-15,6.357149060268481e-14,symmetric_jacobi_cholesky_fp64,512,0.00010000000000000003,1.638221263885498,1000.0,0.0,1560,0.5609252452850342,0.09123855084180832,-0.20906224846839905,0.005786821711808443,0.0001,109,450560,295.9956018431112,450560,1.0,1e-06,6.408430099487305,0.39135658740997314,-0.521765947341919,-0.3877546489238739,-0.5255200862884521,-1.1271251440048218,0.0027194127906113863
13,1,0.5218589901924133,105.5972900390625,paper_sampled_score_separate_b,0.001036325003951788,512,-1.1673188209533691,-0.917655885219574,-1.1823047399520874,-2.3165149688720703,0.016182634979486465,0.0,0.9188520312309265,0,0,0.1,0.11983160674571991,3.5890092849731445,14.28508186340332,0.9595766838347728,0.6637350550986185,deterministic_value_jacobian_separate_b,torch.float64,1.0,1.29045889804302e-14,1.9379190157190962e-13,symmetric_jacobi_cholesky_fp64,512,0.00010000000000000003,1.887922763824463,1000.0,0.0,1560,0.5441572666168213,0.0926460474729538,-0.15829727053642273,0.009139110334217548,0.0001,119,491520,323.08936990983784,491520,1.0,1e-06,7.204812049865723,0.2736952006816864,-0.05415359511971474,0.10505959391593933,-0.041110750287771225,-1.1317906379699707,0.009048431180417538
14,0,0.6159525513648987,275.158935546875,paper_sampled_score_separate_b,0.0003501687024254352,512,-1.1756500005722046,-0.9986409544944763,-1.173726201057434,-2.1182539463043213,0.003173390170559287,0.0,0.7995717525482178,0,0,0.1,0.08292371034622192,0.5642424821853638,4.248573303222656,1.0473999903861468,0.6707619007147939,deterministic_value_jacobian_separate_b,torch.float64,1.0,1.4866292960938513e-14,1.0346444697409688e-13,symmetric_jacobi_cholesky_fp64,512,0.00010000000000000003,1.7749955654144287,1000.0,0.0,1557,0.6253347396850586,0.24716225266456604,-0.21252679824829102,0.004178319592028856,0.0001,129,532480,350.1749977758154,532480,1.0,1e-06,2.60410475730896,0.2200666218996048,-0.2297791838645935,-0.10183511674404144,-0.23164157569408417,-1.1540566682815552,0.0036719602067023516
14,0,0.458265483379364,112.39079284667969,paper_sampled_score_separate_b,0.0006037057610228658,512,-1.1701343059539795,-0.737737238407135,-1.1535851955413818,-1.703920602798462,0.007827172987163067,0.0,1.0,0,0,0.1,0.16739529371261597,6.982455730438232,14.984304428100586,1.0734863727398931,0.5427415046527166,deterministic_value_jacobian_separate_b,torch.float64,1.0,7.647095548091543e-15,1.536298364203183e-13,symmetric_jacobi_cholesky_fp64,512,0.00033750000000000007,1.6097078323364258,1000.0,0.0,1559,0.48891696333885193,0.06071550026535988,-0.017846504226326942,0.010264177806675434,0.00022500000000000005,139,573440,376.9298109947704,573440,1.0,1e-06,2.6296820640563965,0.3330967426300049,-0.6876943111419678,-0.5288679003715515,-0.5962519645690918,-1.5349481105804443,0.05069223791360855
14,0,0.4230804443359375,198.8599090576172,paper_sampled_score_separate_b,0.00014301309420261532,512,-1.1230144500732422,-0.6040223240852356,-1.100252389907837,-1.9314422607421875,0.009537514299154282,0.0,1.0,0,0,0.1,0.27263668179512024,10.584198951721191,24.535371780395508,1.043833840945653,0.5167670974360565,deterministic_value_jacobian_separate_b,torch.float64,1.0,1.1743544111854476e-14,2.9258840423962366e-13,symmetric_jacobi_cholesky_fp64,512,0.0001,1.155932903289795,1000.0,0.0,1558,0.4990638792514801,0.12280072271823883,-0.1269824206829071,0.017879849299788475,0.0001,149,614400,403.4162463680841,614400,1.0,1e-06,6.259711265563965,0.1481802761554718,-1.134771466255188,-0.8006569743156433,-0.9311282634735107,-1.9457634687423706,0.12088043242692947
14,0,0.542746901512146,56.78345489501953,paper_sampled_score_separate_b,0.00013905578816775233,512,-1.0450129508972168,-0.7908024191856384,-1.0433826446533203,-1.2476863861083984,0.0014424467226490378,0.0,0.9129543304443359,0,0,0.1,0.068465955555439,0.3328952491283417,5.667087554931641,1.0464990197457105,0.5892395398409387,deterministic_value_jacobian_separate_b,torch.float64,1.0,1.0846989284574455e-14,5.327520606506685e-14,symmetric_jacobi_cholesky_fp64,512,0.0001,2.0161185264587402,1000.0,0.0,1531,0.5476725101470947,0.08852048218250275,-0.1440335512161255,0.001999499509111047,0.0001,159,655360,430.4082898660563,655360,1.0,1e-06,4.756537914276123,0.28949469327926636,-0.8838616609573364,-0.7866102457046509,-0.8747519254684448,-1.2766122817993164,0.004978643264621496
14,0,0.49601927399635315,121.99473571777344,paper_sampled_score_separate_b,0.0002722020144574344,512,-1.016660213470459,-0.926262617111206,-1.0050867795944214,-1.4155032634735107,0.0024243881925940514,0.0,0.9752354621887207,0,0,0.1,0.123878613114357,3.846250057220459,15.246763229370117,0.9925955299283524,0.5863596724297037,deterministic_value_jacobian_separate_b,torch.float64,1.0,4.87601895078978e-15,7.100082398959694e-14,symmetric_jacobi_cholesky_fp64,512,0.0001,1.7123619318008423,1000.0,0.0,1559,0.5126966834068298,0.0822618380188942,-0.04889283329248428,0.0018362293485552073,0.0001,169,696320,457.30136469891295,696320,1.0,1e-06,1.9951573610305786,0.24991978704929352,-0.6067870855331421,-0.5339967012405396,-0.6058250665664673,-1.0032579898834229,0.001441927975974977
14,0,0.5738354325294495,393.06683349609375,paper_sampled_score_separate_b,0.00028084954828955233,512,-0.9906702637672424,-0.83070969581604,-0.9944384098052979,-1.4055297374725342,0.002439817413687706,0.0,0.8659873604774475,0,0,0.1,0.04841037467122078,0.2517363727092743,7.658963203430176,0.9271749713963376,0.5494243921147667,deterministic_value_jacobian_separate_b,torch.float64,1.0,2.0004361599022024e-14,9.015393787353516e-14,symmetric_jacobi_cholesky_fp64,512,0.0001,1.6546614170074463,1000.0,0.0,1395,0.5773756504058838,0.201364204287529,-0.38539981842041016,0.010646432638168335,0.0001,179,737280,484.44500644598156,737280,1.0,1e-06,1.7856738567352295,0.3368130624294281,-0.6043463945388794,-0.5517835021018982,-0.599291980266571,-0.9802054166793823,0.0014694033889099956
14,0,0.5796992182731628,239.63446044921875,paper_sampled_score_separate_b,0.00016291110659949481,512,-0.983855128288269,-0.7359748482704163,-0.9669923186302185,-1.700063943862915,0.007270767353475094,0.0,0.8310131430625916,0,0,0.1,0.14093519747257233,21.24494171142578,18.874034881591797,0.8689080298459805,0.5135341409897826,deterministic_value_jacobian_separate_b,torch.float64,1.0,7.348523584906749e-15,2.460129970645607e-13,symmetric_jacobi_cholesky_fp64,512,0.0001,0.9091095328330994,1000.0,0.0,1406,0.6016752123832703,0.06441834568977356,-0.33492517471313477,0.04451816529035568,0.0001,189,778240,511.22378250490874,778240,1.0,1e-06,4.849860191345215,0.465131014585495,-0.3610873222351074,-0.20584894716739655,-0.3401246666908264,-0.954908013343811,0.009282080456614494
14,0,0.5601071119308472,193.8101348876953,paper_sampled_score_separate_b,0.00025645719142630696,512,-0.9326140880584717,-0.8155436515808105,-0.93509441614151,-1.0567725896835327,0.0007989709847606719,0.0,0.8585606217384338,0,0,0.1,0.12671278417110443,2.6620049476623535,8.621777534484863,0.7974145800033435,0.4326790619436927,deterministic_value_jacobian_separate_b,torch.float64,1.0,1.0352167301502352e-14,1.2625417965892605e-13,symmetric_jacobi_cholesky_fp64,512,0.0001,1.0960681438446045,1000.0,0.0,1558,0.5823700428009033,0.08018210530281067,-0.38500773906707764,0.02023938298225403,0.0001,199,819200,538.0057146437466,819200,1.0,1e-06,5.544544696807861,0.10000000149011612,-0.8419592380523682,-0.7476621866226196,-0.8478493690490723,-0.9319510459899902,0.0010437333257868886
14,0,0.5569266676902771,421.0818176269531,paper_sampled_score_separate_b,0.0002388928842265159,512,-0.8725074529647827,-0.5772096514701843,-0.8700608015060425,-1.0092519521713257,0.0019353370880708098,0.0,0.8763584494590759,0,0,0.1,0.15287071466445923,88.3565673828125,60.628562927246094,0.8574955736337929,0.420022543470863,deterministic_value_jacobian_separate_b,torch.float64,1.0,2.244147816185028e-15,1.512386212397362e-13,symmetric_jacobi_cholesky_fp64,512,0.0001,0.7431252002716064,1000.0,0.0,1560,0.5705428123474121,0.06840872764587402,-0.22442907094955444,0.010957414284348488,0.0001,209,860160,564.7245151838288,860160,1.0,1e-06,4.014004230499268,0.2761814594268799,-1.1926549673080444,-0.8842794299125671,-1.163195252418518,-1.7302016019821167,0.01923069916665554
14,0,0.6503118872642517,74.3531723022461,paper_sampled_score_separate_b,0.001493710558861494,512,-0.8475421667098999,-0.7784582376480103,-0.8488311171531677,-0.9671714305877686,0.0004825401119887829,0.0,0.7686455249786377,0,0,0.1,0.03881051391363144,2.005070209503174,9.246129035949707,0.8545863623173351,0.4531926412316183,deterministic_value_jacobian_separate_b,torch.float64,1.0,4.004359566355351e-15,4.085137996439105e-14,symmetric_jacobi_cholesky_fp64,512,0.00015000000000000004,1.66896653175354,1000.0,0.0,1558,0.6504949331283569,0.05004827678203583,-0.07584314048290253,0.00037667903234250844,0.00010000000000000003,219,901120,591.2109751361422,901120,1.0,1e-06,5.527327537536621,0.23111113905906677,-0.7411354780197144,-0.6956684589385986,-0.7388471961021423,-0.8459329605102539,0.000173392312717624
14,0,0.4098006784915924,342.182861328125,paper_sampled_score_separate_b,0.001525006489828229,512,-0.825332522392273,-0.6001173257827759,-0.8270453810691833,-2.2112278938293457,0.006655124947428703,0.0,0.9122068881988525,0,0,0.1,0.35878050327301025,73.37298583984375,56.49677276611328,0.8205820261677854,0.3264268721784465,deterministic_value_jacobian_separate_b,torch.float64,1.0,5.661965349884007e-15,3.5071296921059644e-13,symmetric_jacobi_cholesky_fp64,512,0.0001,0.7131017446517944,1000.0,0.0,1559,0.5481212735176086,0.0875827819108963,0.08558893948793411,0.016421180218458176,0.0001,229,942080,618.2656249618158,942080,1.0,1e-06,5.068798542022705,0.12638483941555023,-0.8991495370864868,0.5353410840034485,-0.9848901033401489,-1.0579689741134644,0.09702331572771072
14,0,0.4384610652923584,595.3299560546875,paper_sampled_score_separate_b,0.0019810949452221394,512,-0.7879846096038818,-0.5222241878509521,-0.7863464951515198,-1.2679328918457031,0.0017125674057751894,0.0,0.9163037538528442,0,0,0.1,0.33163684606552124,237.84080505371094,89.29641723632812,0.8003198957830331,0.3181468169558244,deterministic_value_jacobian_separate_b,torch.float64,1.0,2.795824411762443e-15,3.093275808847395e-13,symmetric_jacobi_cholesky_fp64,512,0.0001,0.24263650178909302,1000.0,0.0,1559,0.5456705689430237,0.05952088534832001,0.03370101749897003,0.09185808151960373,0.0001,239,983040,645.3192326291464,983040,1.0,1e-06,6.966231346130371,0.15792083740234375,-0.787285566329956,-0.3185669779777527,-0.7859528064727783,-0.9795178771018982,0.01725526712834835
14,2,0.7317872643470764,777.7929077148438,paper_sampled_score_separate_b,0.0024710686411708593,512,-0.7721980214118958,-0.569837749004364,-0.7690780162811279,-1.4522775411605835,0.004580621141940355,0.0,0.6507413983345032,0,0,0.1,0.2117125242948532,29.391605377197266,34.8226203918457,0.779889493181603,0.32308447904795395,deterministic_value_jacobian_separate_b,torch.float64,1.0,7.116100347064979e-15,2.789011057248504e-13,symmetric_jacobi_cholesky_fp64,512,0.0001,0.5371676683425903,994.89,0.0,1557,0.7683543562889099,0.09572907537221909,-0.011346408165991306,0.008949642069637775,0.0001,249,1024000,672.3930809078738,1024000,1.0,1e-06,4.279275894165039,0.10000000149011612,-0.8033207654953003,-0.25844818353652954,-0.7932875752449036,-1.3270467519760132,0.039759162813425064
14,0,0.5822495818138123,810.1663208007812,paper_sampled_score_separate_b,0.0003940385940950364,512,-0.767156720161438,-0.40600651502609253,-0.7636163830757141,-1.2988361120224,0.004932163283228874,0.0,0.8176338076591492,0,0,0.1,0.11871511489152908,3.1935641765594482,7.903529644012451,0.7662866761821518,0.32473339585699934,deterministic_value_jacobian_separate_b,torch.float64,1.0,2.5305613663159655e-14,3.4487437367425356e-13,symmetric_jacobi_cholesky_fp64,512,0.0001,0.2840535640716553,987.5,0.1,1559,0.6115207076072693,0.0737379938364029,-0.12483333051204681,0.027357250452041626,0.0001,259,1064960,699.412936211098,1064960,1.0,1e-06,10.0,0.15660767257213593,-0.3189486265182495,-0.18224366009235382,-0.31417322158813477,-0.755547821521759,0.002059793099761009
14,0,4.859808921813965,944.22119140625,paper_sampled_score_separate_b,0.00014327628014143556,512,-0.7728172540664673,-0.15281134843826294,-0.7723304629325867,-1.4212756156921387,0.010670752264559269,0.0,0.10272599756717682,0,0,0.1,0.10372813791036606,3.0605170726776123,4.630383014678955,0.7148340245033625,0.2998971382829752,deterministic_value_jacobian_separate_b,torch.float64,1.0,2.4247328304100242e-14,3.2194721936801874e-13,symmetric_jacobi_cholesky_fp64,512,0.0001,0.43861114978790283,942.79,0.5,1555,4.867317199707031,0.49074068665504456,-0.17321668565273285,0.018093299120664597,0.0001,269,1105920,726.0632780147716,1105920,1.0,1e-06,10.0,0.10000000149011612,-0.23454341292381287,0.5749708414077759,-0.2585170865058899,-0.7594799399375916,0.04085206985473633
13,0,0.3846415877342224,433.69287109375,paper_sampled_score_separate_b,0.0014902655966579914,512,-0.7744650840759277,-0.5752326846122742,-0.7599236369132996,-1.2901211977005005,0.006367295049130917,0.0,0.8761544227600098,0,0,0.1,0.40470239520072937,98.69216918945312,65.21815490722656,0.7146172354355614,0.2995940747458913,deterministic_value_jacobian_separate_b,torch.float64,1.0,4.607648195889904e-15,3.3058377813452687e-13,symmetric_jacobi_cholesky_fp64,512,0.0001,0.2110103964805603,854.71,0.6,1525,0.5706756711006165,0.0899508148431778,-0.043530650436878204,0.01056990772485733,0.0001,279,1146880,752.6128534078598,1146880,1.0,1e-06,9.14500617980957,0.16494207084178925,-0.3145008087158203,-0.1469227820634842,-0.2942779064178467,-0.7607254385948181,0.005309909116476774
13,2,0.7613496780395508,1938.7313232421875,paper_sampled_score_separate_b,0.0012254385510459542,512,-0.8368092775344849,0.45353975892066956,-0.808775782585144,-2.7494726181030273,0.09948915243148804,0.0,0.5369078516960144,0,0,0.1,0.3838485777378082,850.5038452148438,185.4588623046875,0.5725057459689208,0.2221952219695343,deterministic_value_jacobian_separate_b,torch.float64,1.0,1.3811032840960033e-14,2.892214434325512e-12,symmetric_jacobi_cholesky_fp64,512,0.0001,0.24165990948677063,148.58,4.9,1553,0.931258499622345,0.7562164068222046,-0.03788451477885246,0.16628220677375793,0.0001,289,1187840,779.0119293769822,1187840,1.0,1e-06,10.0,0.10000000149011612,0.7811812162399292,2.6520988941192627,0.8264885544776917,-0.7780054211616516,0.1680474877357483
9,2,0.35485929250717163,188.21282958984375,paper_sampled_score_separate_b,0.005805871449410915,512,-0.9480890035629272,0.3944629728794098,-0.8846970796585083,-3.3603761196136475,0.18751375377178192,0.0,0.7325946688652039,0,0,0.1,0.5604633092880249,37.860782623291016,26.794876098632812,0.5006219955769439,0.19665885931485633,deterministic_value_jacobian_separate_b,torch.float64,1.0,1.5502230182534504e-13,7.935308697876802e-12,symmetric_jacobi_cholesky_fp64,512,0.0001,0.22094133496284485,229.34,2.9,1555,0.6825056672096252,0.050827644765377045,-0.029679112136363983,0.20731724798679352,0.0001,299,1228800,805.9053616630845,1228800,1.0,1e-06,2.5474352836608887,0.23196810483932495,1.3545222282409668,2.813001871109009,1.5122445821762085,-0.8069455623626709,0.3803815245628357
9,2,0.3536636233329773,223.52658081054688,paper_sampled_score_separate_b,0.0006109690293669701,512,-0.9837477207183838,1.0874383449554443,-0.9411394596099854,-4.907132625579834,0.3323395252227783,0.0,0.5613163113594055,0,0,0.1,0.7813044190406799,22.43429183959961,33.554595947265625,0.4725725122145726,0.1782177433357151,deterministic_value_jacobian_separate_b,torch.float64,1.0,3.0281022875416136e-13,1.51252102438478e-11,symmetric_jacobi_cholesky_fp64,512,0.0001,0.47703295946121216,101.27,3.9,1556,0.8907633423805237,0.057595670223236084,-0.04273783043026924,0.3220784068107605,0.0001,309,1269760,832.9046421130188,1269760,1.0,1e-06,2.7241125106811523,0.29057079553604126,0.9884337186813354,3.10335636138916,0.795397937297821,-0.8314653038978577,0.9628000259399414
9,2,0.3350691795349121,312.0616455078125,paper_sampled_score_separate_b,0.003311929991468787,512,-1.0123381614685059,0.45165494084358215,-0.9171082973480225,-3.938472270965576,0.41138097643852234,0.0,0.5192954540252686,0,0,0.1,0.9090273976325989,133.61553955078125,50.66488265991211,0.3571042562153275,0.1472352441754498,deterministic_value_jacobian_separate_b,torch.float64,1.0,2.417544341015814e-13,2.223620531342311e-11,symmetric_jacobi_cholesky_fp64,512,0.00022500000000000005,0.28765249252319336,79.4,5.6,1544,0.9628430604934692,0.05293140560388565,0.0034001395106315613,0.534418523311615,0.00015000000000000004,319,1310720,859.9875805038027,1310720,1.0,1e-06,2.811469316482544,0.24136744439601898,1.4784139394760132,3.012690782546997,1.4987562894821167,-0.8466238975524902,0.929539144039154
8,2,1.5442688465118408,2697.718994140625,paper_sampled_score_separate_b,0.0059413849376142025,512,-0.756245493888855,3.9904696941375732,-0.7925436496734619,-5.159950256347656,0.366688072681427,0.0,0.27503442764282227,0,0,0.1,0.8422142267227173,1856.501708984375,251.3179931640625,0.2352161087736974,0.0921608017237947,deterministic_value_jacobian_separate_b,torch.float64,1.0,1.027584771186358e-13,3.181708500314137e-11,symmetric_jacobi_cholesky_fp64,512,0.00015000000000000004,0.08108693361282349,54.27,5.7,1545,1.8179543018341064,0.11666563153266907,0.05537816882133484,0.8456776738166809,0.00010000000000000003,329,1351680,886.6279674880207,1351680,1.0,1e-06,10.0,0.10000000149011612,1.3356661796569824,2.4588191509246826,1.5829664468765259,-2.1965086460113525,0.612053632736206
9,2,1.9327324628829956,6436.19970703125,paper_sampled_score_separate_b,0.00627598911523819,512,-0.8836628198623657,2.112588882446289,-0.854561984539032,-4.349152088165283,0.430341899394989,0.0,0.23504556715488434,0,0,0.1,0.78318852186203,1108.8592529296875,288.49169921875,0.18800025452458458,0.07225625820434305,deterministic_value_jacobian_separate_b,torch.float64,1.0,2.5394209328170033e-13,6.096281104955655e-11,symmetric_jacobi_cholesky_fp64,512,0.0001,0.12117893248796463,88.65,5.5,1547,2.1272470951080322,0.4400383234024048,-0.03464879095554352,0.8787198066711426,0.0001,339,1392640,913.310122213792,1392640,1.0,1e-06,3.9371914863586426,0.10000000149011612,1.1288323402404785,2.3623340129852295,1.1730151176452637,-0.9367421269416809,0.632064163684845
9,2,0.4247826635837555,534.8439331054688,paper_sampled_score_separate_b,0.006864943541586399,512,-0.8755323886871338,0.2410942018032074,-0.8719710111618042,-1.9687994718551636,0.043008726090192795,0.0,0.6943004727363586,0,0,0.1,0.4831978380680084,252.2845458984375,84.0550537109375,0.29807185287165555,0.124799702577714,deterministic_value_jacobian_separate_b,torch.float64,1.0,4.388197941051392e-14,5.0238436608097495e-12,symmetric_jacobi_cholesky_fp64,512,0.0001,0.33675962686538696,356.96,3.2,1555,0.7201492786407471,0.06772270798683167,0.025823242962360382,0.21792080998420715,0.0001,349,1433600,940.2594125969335,1433600,1.0,1e-06,5.311847686767578,0.2342841774225235,-0.7580631971359253,0.3483525216579437,-0.8561443090438843,-1.1629618406295776,0.10558755695819855
9,2,0.5748234987258911,484.85394287109375,paper_sampled_score_separate_b,0.010211708955466747,512,-0.9140308499336243,-0.02975667081773281,-0.902826189994812,-1.7849762439727783,0.038067854940891266,0.0,0.5512504577636719,0,0,0.1,0.4616187810897827,125.3934326171875,74.42985534667969,0.3802469647773811,0.16020546368104926,deterministic_value_jacobian_separate_b,torch.float64,1.0,8.089526745082738e-14,6.5916157678157115e-12,symmetric_jacobi_cholesky_fp64,512,0.0001,0.5699190497398376,529.47,0.0,1552,0.9070287346839905,0.08421781659126282,-0.12210395932197571,0.05445704981684685,0.0001,359,1474560,967.3049719808623,1474560,1.0,1e-06,8.082408905029297,0.3276413679122925,-0.17131876945495605,0.5674339532852173,-0.18043960630893707,-0.8794904351234436,0.049981918185949326
9,2,0.4808037281036377,261.0163879394531,paper_sampled_score_separate_b,0.002481741365045309,512,-0.8268792629241943,0.7042019367218018,-0.8362008929252625,-2.96262526512146,0.2534101605415344,0.0,0.5773590803146362,0,0,0.1,0.6752861738204956,35.0330810546875,36.131004333496094,0.3145691734082229,0.13551972887944028,deterministic_value_jacobian_separate_b,torch.float64,1.0,3.5470106537160677e-13,1.863560577249887e-11,symmetric_jacobi_cholesky_fp64,512,0.00170859375,0.4040628671646118,98.66,4.7,1368,0.8660122156143188,0.06748944520950317,0.04110569879412651,0.21106676757335663,0.0011390625,369,1515520,994.4289925671183,1515520,1.0,1e-06,3.7548768520355225,0.1443222314119339,0.8968852758407593,2.368317127227783,1.0990586280822754,-0.8918113112449646,0.6294912695884705
9,2,0.4899517595767975,390.7998046875,paper_sampled_score_separate_b,0.0014839728828519583,512,-0.8457348346710205,1.6288343667984009,-0.8322773575782776,-4.045620441436768,0.31852805614471436,0.0,0.5298727750778198,0,0,0.1,0.7821156978607178,64.55664825439453,56.997032165527344,0.22276031896589926,0.09598484535681306,deterministic_value_jacobian_separate_b,torch.float64,1.0,6.717551366466549e-13,4.3958921815532184e-11,symmetric_jacobi_cholesky_fp64,512,0.0001,0.26934388279914856,44.99,6.1,1392,0.9436227083206177,0.03783079609274864,-0.01976848393678665,0.3127214312553406,0.0001,379,1556480,1021.1405326579697,1556480,1.0,1e-06,4.583133697509766,0.23886685073375702,1.1335827112197876,2.3513879776000977,1.450683832168579,-0.9064731597900391,1.1236516237258911
9,2,0.45159628987312317,785.739013671875,paper_sampled_score_separate_b,0.0030130192171782255,512,-1.0741875171661377,0.6966944336891174,-0.9909905195236206,-4.0117316246032715,0.24562636017799377,0.0,0.5503849387168884,0,0,0.1,0.7540409564971924,179.88375854492188,118.96637725830078,0.20278028491491437,0.08863324369713539,deterministic_value_jacobian_separate_b,torch.float64,1.0,4.0289433180058224e-13,4.042346504206799e-11,symmetric_jacobi_cholesky_fp64,512,0.0001,0.41224974393844604,73.85,5.7,1552,0.9084551334381104,0.059564389288425446,-0.04536837711930275,0.37107592821121216,0.0001,389,1597440,1047.8300719098188,1597440,1.0,1e-06,3.396825075149536,0.27554401755332947,1.5059977769851685,2.497734785079956,1.7232688665390015,-0.9412341713905334,0.591457724571228
9,2,0.5774619579315186,503.1621398925781,paper_sampled_score_separate_b,0.0019978524651378393,512,-0.9290274381637573,0.5139868259429932,-0.8926904797554016,-3.511009693145752,0.2812325358390808,0.0,0.5197169780731201,0,0,0.1,0.7805249094963074,105.05577850341797,55.78487014770508,0.19321996605272315,0.08557745036554656,deterministic_value_jacobian_separate_b,torch.float64,1.0,5.068760095930724e-13,4.015592274238795e-11,symmetric_jacobi_cholesky_fp64,512,0.00170859375,0.3024299144744873,55.17,6.2,1552,0.9620620608329773,0.013691362924873829,0.015105200931429863,0.27435603737831116,0.00170859375,399,1638400,1074.3851932408288,1638400,1.0,1e-06,2.0815162658691406,0.49161383509635925,1.0760776996612549,2.249907970428467,1.5579761266708374,-1.0002046823501587,0.9265738725662231
9,2,0.912139892578125,1542.9718017578125,paper_sampled_score_separate_b,0.007231531664729118,512,-0.9046083092689514,1.6629406213760376,-0.918623685836792,-3.0187363624572754,0.12486810982227325,0.0,0.4334414005279541,0,0,0.1,0.6299792528152466,133.03707885742188,76.2365493774414,0.21062738178205473,0.09394162924592002,deterministic_value_jacobian_separate_b,torch.float64,1.0,2.138254285029717e-13,1.815370918281502e-11,symmetric_jacobi_cholesky_fp64,512,0.0001,0.39755094051361084,195.99,2.5,1553,1.1535584926605225,0.1680637001991272,-0.06671802699565887,0.13355973362922668,0.0001,409,1679360,1101.0277544357814,1679360,1.0,1e-06,10.0,0.10000000149011612,-0.9402205944061279,2.14732027053833,-0.9941937923431396,-1.9501909017562866,0.3008216321468353
9,2,0.5131577849388123,1339.486328125,paper_sampled_score_separate_b,0.015438318252563477,512,-0.8739187121391296,0.7993790507316589,-0.9016233682632446,-2.686103582382202,0.2259058654308319,0.0,0.5655161142349243,0,0,0.1,0.6859493255615234,993.4486083984375,194.16390991210938,0.22663878057683565,0.10112807961744247,deterministic_value_jacobian_separate_b,torch.float64,1.0,1.8920934740631512e-13,4.3042985231626215e-11,symmetric_jacobi_cholesky_fp64,512,0.00170859375,0.2874179482460022,102.83,5.4,1551,0.8841480612754822,0.0328579917550087,0.05474919080734253,0.45798948407173157,0.00170859375,419,1720320,1128.1387976692058,1720320,1.0,1e-06,3.036295175552368,0.21142983436584473,0.5868086218833923,2.662017822265625,0.5125871896743774,-1.0231763124465942,0.6003844738006592
9,2,0.5644925236701965,308.1136779785156,paper_sampled_score_separate_b,0.010453075170516968,512,-0.95941162109375,1.2054228782653809,-0.952962338924408,-3.451054573059082,0.28899314999580383,0.0,0.48920080065727234,0,0,0.1,0.7462992668151855,42.85440444946289,45.506256103515625,0.22213141460058045,0.09370395262869582,deterministic_value_jacobian_separate_b,torch.float64,1.0,7.159295836543004e-13,4.0588549571297274e-11,symmetric_jacobi_cholesky_fp64,512,0.0001,0.29518842697143555,70.24,6.0,1538,1.0220751762390137,0.07100028544664383,-0.05560990795493126,0.2657512426376343,0.0001,429,1761280,1155.402280125767,1761280,1.0,1e-06,4.177783012390137,0.2084137201309204,0.9597153663635254,2.7004120349884033,0.8336110711097717,-0.9782573580741882,0.7550492286682129
9,2,0.7672715783119202,3690.822021484375,paper_sampled_score_separate_b,0.0012952585238963366,512,-1.1503305435180664,0.4626317620277405,-1.0856637954711914,-4.2136664390563965,0.2909565567970276,0.0,0.4711107313632965,0,0,0.1,0.7307683229446411,43.824466705322266,59.12720489501953,0.19272832012164334,0.08359256010291767,deterministic_value_jacobian_separate_b,torch.float64,1.0,1.013563623895919e-12,5.58584285908692e-11,symmetric_jacobi_cholesky_fp64,512,0.0001,0.12779578566551208,74.5,7.1,1546,1.0613216161727905,1.132967472076416,-0.030663376674056053,0.2893301844596863,0.0001,439,1802240,1182.5420139650814,1802240,1.0,1e-06,10.0,0.10000000149011612,1.5525929927825928,2.6254515647888184,1.9947022199630737,-1.2391659021377563,0.7226333022117615
8,2,0.25027480721473694,1224.8929443359375,paper_sampled_score_separate_b,0.011336655355989933,512,-0.9942694902420044,0.5790699124336243,-1.0053021907806396,-3.6869168281555176,0.20395153760910034,0.0,0.6751770973205566,0,0,0.1,0.6778812408447266,996.97802734375,178.3877716064453,0.19192425546426775,0.08043012413860824,deterministic_value_jacobian_separate_b,torch.float64,1.0,1.8430017014308878e-13,4.189429384767661e-11,symmetric_jacobi_cholesky_fp64,512,0.0001,0.16078674793243408,114.55,8.0,1547,0.740546464920044,0.06154312193393707,0.00387667678296566,0.5963478684425354,0.0001,449,1843200,1209.6880713291466,1843200,1.0,1e-06,6.044268608093262,0.22217623889446259,1.5657519102096558,2.102355718612671,1.6339083909988403,-0.9835805296897888,0.19430218636989594
8,2,0.3946811556816101,6406.90771484375,paper_sampled_score_separate_b,0.007358144968748093,512,-0.9071789979934692,0.9496639370918274,-0.9643641710281372,-3.381726026535034,0.19113776087760925,0.0,0.7380450963973999,0,0,0.1,0.4974472224712372,856.0985107421875,188.2136993408203,0.22834574486633807,0.09579769712994782,deterministic_value_jacobian_separate_b,torch.float64,1.0,1.6470665327085122e-13,3.467937742147362e-11,symmetric_jacobi_cholesky_fp64,512,0.0001,0.14075393974781036,188.6,4.6,1552,0.6774653792381287,1.128028154373169,0.06989577412605286,0.27034032344818115,0.0001,459,1884160,1236.3982174010016,1884160,1.0,1e-06,10.0,0.10000000149011612,0.457014262676239,1.980565071105957,0.6981257200241089,-1.0021129846572876,0.6495362520217896
8,2,0.7725759148597717,670.328125,paper_sampled_score_separate_b,0.0025760976132005453,512,-1.0375779867172241,0.26681163907051086,-1.0108165740966797,-2.2093589305877686,0.11153140664100647,0.0,0.5292118191719055,0,0,0.1,0.4841601848602295,256.32305908203125,100.47482299804688,0.22508647824816005,0.09906876888448753,deterministic_value_jacobian_separate_b,torch.float64,1.0,1.3933647433879125e-13,1.6117690553593578e-11,symmetric_jacobi_cholesky_fp64,512,0.00033750000000000007,0.21973448991775513,52.31,5.9,1553,0.9448012709617615,0.05970286577939987,0.02930482290685177,0.10344906151294708,0.00022500000000000005,469,1925120,1262.8254409669898,1925120,1.0,1e-06,2.839994192123413,0.10000000149011612,0.3243674039840698,1.3507635593414307,0.2729833722114563,-0.36072659492492676,0.15957370400428772
9,2,0.35664960741996765,468.4211730957031,paper_sampled_score_separate_b,0.019550655037164688,512,-0.9360265135765076,0.8303934931755066,-1.0229644775390625,-3.077575445175171,0.27724263072013855,0.0,0.5583312511444092,0,0,0.1,0.7739769816398621,67.86930847167969,63.427371978759766,0.2751095248363006,0.11355200603083672,deterministic_value_jacobian_separate_b,torch.float64,1.0,3.373242302399604e-13,2.2036947143690986e-11,symmetric_jacobi_cholesky_fp64,512,0.0001,0.474297434091568,220.69,4.0,1555,0.8955257534980774,0.09779314696788788,-0.06440626084804535,0.2310737520456314,0.0001,479,1966080,1289.211805971805,1966080,1.0,1e-06,4.121829032897949,0.18370936810970306,0.37919995188713074,1.936353087425232,0.3085800111293793,-1.0215086936950684,0.5489028692245483
8,2,0.5969706773757935,3077.022705078125,paper_sampled_score_separate_b,0.0039496831595897675,512,-1.1029294729232788,0.6247506737709045,-1.0768325328826904,-2.9049952030181885,0.4115413427352905,0.0,0.5645354986190796,0,0,0.1,0.5824898481369019,1288.9705810546875,212.00167846679688,0.28643753709472036,0.11331717550383895,deterministic_value_jacobian_separate_b,torch.float64,1.0,4.9479124166219683e-14,1.274763571316095e-11,symmetric_jacobi_cholesky_fp64,512,0.00010000000000000003,0.21011234819889069,59.16,6.9,1551,0.8856838941574097,2.048213005065918,0.09818524122238159,0.5202409625053406,0.0001,489,2007040,1316.2417669268325,2007040,1.0,1e-06,10.0,0.10000000149011612,0.29528728127479553,1.910024642944336,0.27703577280044556,-1.0476723909378052,0.3006051778793335
9,2,0.30189788341522217,422.87384033203125,paper_sampled_score_separate_b,0.00965680181980133,512,-1.1173138618469238,-0.0006430905195884407,-1.1146491765975952,-3.629213571548462,0.08056696504354477,0.0,0.8305464386940002,0,0,0.1,0.4967050552368164,34.498680114746094,42.94785690307617,0.28263151953927945,0.12573920489156207,deterministic_value_jacobian_separate_b,torch.float64,1.0,3.4059040377250874e-13,1.581184784743977e-11,symmetric_jacobi_cholesky_fp64,512,0.0001,0.2608760595321655,174.22,4.0,1555,0.6020132899284363,0.08489608764648438,0.015431134030222893,0.16557705402374268,0.0001,499,2048000,1343.303509423975,2048000,1.0,1e-06,5.142515182495117,0.16311174631118774,0.7467308640480042,1.8968591690063477,0.5809604525566101,-1.0468460321426392,0.271083265542984
8,2,0.5003434419631958,1704.864013671875,paper_sampled_score_separate_b,0.003389413235709071,512,-0.9610793590545654,1.4069859981536865,-0.9957624673843384,-2.2796530723571777,0.13030865788459778,0.0,0.6838909387588501,0,0,0.1,0.5233327150344849,42.53700256347656,27.447601318359375,0.32651438004163813,0.12707198747399617,deterministic_value_jacobian_separate_b,torch.float64,1.0,2.9259516041843585e-13,1.48808617563033e-11,symmetric_jacobi_cholesky_fp64,512,0.0007593750000000001,0.3758203387260437,250.81,3.5,1557,0.7311107516288757,0.15516480803489685,-0.01748858392238617,0.20433026552200317,0.0005062500000000001,509,2088960,1370.3662670738995,2088960,1.0,1e-06,7.761958122253418,0.10448748618364334,-1.346448540687561,1.9074028730392456,-1.6226035356521606,-1.838761329650879,0.40682369470596313
9,2,0.461761474609375,414.79583740234375,paper_sampled_score_separate_b,0.006568058393895626,512,-0.8788386583328247,1.0287240743637085,-0.8972285389900208,-3.1695361137390137,0.1889188289642334,0.0,0.6231175065040588,0,0,0.1,0.599994957447052,78.82870483398438,66.76866912841797,0.2700305830359847,0.10616672498050533,deterministic_value_jacobian_separate_b,torch.float64,1.0,2.944681527740785e-13,1.9751431755579686e-11,symmetric_jacobi_cholesky_fp64,512,0.0005062500000000001,0.43356484174728394,125.42,5.4,1550,0.8024168610572815,0.043853141367435455,0.021539343520998955,0.1383124142885208,0.00033750000000000007,519,2129920,1397.3871859409846,2129920,1.0,1e-06,5.725233554840088,0.31066209077835083,0.5666118264198303,2.156095266342163,0.4921075701713562,-1.1025937795639038,0.9704899191856384
9,2,0.32657909393310547,687.5532836914062,paper_sampled_score_separate_b,0.0019076612079516053,512,-1.1055598258972168,0.08784495294094086,-1.065421462059021,-3.3975067138671875,0.1304699331521988,0.0,0.7367749810218811,0,0,0.1,0.5941208600997925,169.3038787841797,94.01115417480469,0.2562978831191892,0.10213352620813002,deterministic_value_jacobian_separate_b,torch.float64,1.0,2.025770588891778e-13,1.92864388432828e-11,symmetric_jacobi_cholesky_fp64,512,0.0011390625,0.46617573499679565,84.13,5.7,1560,0.6786332726478577,0.05039092153310776,-0.027105409651994705,0.1215386688709259,0.0007593750000000001,529,2170880,1424.0554869519547,2170880,1.0,1e-06,3.5990850925445557,0.2081022560596466,0.34486907720565796,1.9624375104904175,0.16283376514911652,-1.1148771047592163,0.3905172348022461
9,2,0.4821545481681824,504.1064453125,paper_sampled_score_separate_b,0.0031867760699242353,512,-1.0698966979980469,0.6165171265602112,-1.0715892314910889,-2.397355079650879,0.08921239525079727,0.0,0.6393519043922424,0,0,0.1,0.5555711984634399,98.55316162109375,58.03776931762695,0.27538869208606875,0.11143926616046769,deterministic_value_jacobian_separate_b,torch.float64,1.0,1.793650883474034e-13,1.3115390983698124e-11,symmetric_jacobi_cholesky_fp64,512,0.0001,0.45362532138824463,147.8,4.2,1563,0.7820419073104858,0.09956593066453934,-0.014036785811185837,0.1128343939781189,0.0001,539,2211840,1450.4849660559557,2211840,1.0,1e-06,5.0525078773498535,0.12054335325956345,-0.46189987659454346,1.8829083442687988,-0.6008813381195068,-1.2256747484207153,0.2386246919631958
9,2,1.7750293016433716,3741.472412109375,paper_sampled_score_separate_b,0.0020665728952735662,512,-1.1297416687011719,0.36200612783432007,-1.1207154989242554,-3.2781410217285156,0.09952251613140106,0.0,0.2675117254257202,0,0,0.1,0.4425816833972931,100.66040802001953,64.4291000366211,0.2762288607730876,0.1169467452846566,deterministic_value_jacobian_separate_b,torch.float64,1.0,1.719972371296019e-13,1.2680797238762296e-11,symmetric_jacobi_cholesky_fp64,512,0.0001,0.39872121810913086,113.79,4.7,1564,1.8690769672393799,0.8373909592628479,-0.055635660886764526,0.18158741295337677,0.0001,549,2252800,1477.5289821447805,2252800,1.0,1e-06,10.0,0.10000000149011612,0.6587290167808533,2.1842896938323975,0.6522251963615417,-1.0680198669433594,0.12357034534215927
9,2,0.5005298852920532,795.0792846679688,paper_sampled_score_separate_b,0.001238908269442618,512,-1.0107223987579346,1.420291781425476,-0.9605931639671326,-3.998086929321289,0.38100364804267883,0.0,0.5833969116210938,0,0,0.1,0.7703421711921692,53.820526123046875,64.83609008789062,0.2706611951989114,0.10720328854731592,deterministic_value_jacobian_separate_b,torch.float64,1.0,6.573829484835791e-13,4.079128255047845e-11,symmetric_jacobi_cholesky_fp64,512,0.0001,0.4424308240413666,150.92,6.9,1389,0.8570494055747986,0.1172797828912735,0.008005553856492043,0.6540560722351074,0.0001,559,2293760,1504.6719937077723,2293760,1.0,1e-06,4.713260650634766,0.13401120901107788,0.9649304151535034,2.488130807876587,0.8650433421134949,-1.0751101970672607,0.8875586986541748
9,2,0.34577617049217224,311.77581787109375,paper_sampled_score_separate_b,0.0031444961205124855,512,-1.2744426727294922,0.16108952462673187,-1.225258231163025,-4.427218437194824,0.3429153561592102,0.0,0.5964271426200867,0,0,0.1,0.7607940435409546,42.663780212402344,38.227840423583984,0.27987742894537704,0.11792610218641719,deterministic_value_jacobian_separate_b,torch.float64,1.0,4.674089082325797e-13,2.5903640152406364e-11,symmetric_jacobi_cholesky_fp64,512,0.0001,0.4401993751525879,75.09,7.4,1388,0.8383253216743469,0.052746810019016266,-0.04450073465704918,0.2525901794433594,0.0001,569,2334720,1531.4488843837753,2334720,1.0,1e-06,5.726320266723633,0.3255324065685272,1.7421379089355469,2.886284828186035,1.8657028675079346,-1.0823842287063599,0.40886762738227844
9,2,0.46082720160484314,353.4671936035156,paper_sampled_score_separate_b,0.00791188795119524,512,-1.3142001628875732,2.947995901107788,-1.2426435947418213,-4.196269989013672,0.39563360810279846,0.0,0.4890902042388916,0,0,0.1,0.9171859622001648,140.32614135742188,55.439552307128906,0.28096530955984406,0.1145594648202587,deterministic_value_jacobian_separate_b,torch.float64,1.0,3.3330131085826404e-13,3.0614020517443555e-11,symmetric_jacobi_cholesky_fp64,512,0.0001,0.403665691614151,69.61,5.5,1555,1.0223063230514526,0.13580062985420227,-0.04963469132781029,0.4636927843093872,0.0001,579,2375680,1558.268763418775,2375680,1.0,1e-06,5.304677963256836,0.12113393843173981,1.390294075012207,2.431326389312744,1.3897613286972046,-1.094651222229004,0.5900020003318787
9,2,0.5818898677825928,663.6132202148438,paper_sampled_score_separate_b,0.004445293452590704,512,-1.0872092247009277,0.9347886443138123,-1.1276730298995972,-2.108616590499878,0.11025501042604446,0.0,0.5442749261856079,0,0,0.1,0.5833775401115417,320.216552734375,105.68293762207031,0.2731809945780123,0.12987065778111698,deterministic_value_jacobian_separate_b,torch.float64,1.0,7.508048694589534e-14,9.702871476964979e-12,symmetric_jacobi_cholesky_fp64,512,0.0001,0.522796630859375,266.56,3.7,1557,0.9186534285545349,0.04325680062174797,0.08176089078187943,0.1724986582994461,0.0001,589,2416640,1585.85483036004,2416640,1.0,1e-06,3.5119247436523438,0.23220449686050415,-0.3616876006126404,1.7984899282455444,-0.30471503734588623,-1.3252314329147339,0.2345520555973053
9,2,0.5264182686805725,146.3015899658203,paper_sampled_score_separate_b,0.002332596341148019,512,-1.3213567733764648,-0.2693561613559723,-1.2172157764434814,-4.382036209106445,0.20317044854164124,0.0,0.5764365792274475,0,0,0.1,0.6779083013534546,12.317512512207031,20.441003799438477,0.2981246713324376,0.12705617365520042,deterministic_value_jacobian_separate_b,torch.float64,1.0,5.402369071463495e-13,1.9426872520033376e-11,symmetric_jacobi_cholesky_fp64,512,0.0005062500000000001,0.5192639827728271,304.97,2.6,1555,0.8673981428146362,0.04590694606304169,-0.00379659840837121,0.15302002429962158,0.00033750000000000007,599,2457600,1612.9048963789828,2457600,1.0,1e-06,2.465076446533203,0.23165485262870789,1.4068313837051392,2.3941497802734375,1.6789181232452393,-1.113739252090454,0.428634375333786
9,2,0.4202280342578888,800.6210327148438,paper_sampled_score_separate_b,0.008131763897836208,512,-1.2336812019348145,-0.3561415374279022,-1.1927858591079712,-4.036262035369873,0.1326955258846283,0.0,0.7262895703315735,0,0,0.1,0.5111708045005798,242.0267333984375,117.56966400146484,0.29248241350513704,0.12934298204616235,deterministic_value_jacobian_separate_b,torch.float64,1.0,1.341243853713433e-13,1.5168960815282157e-11,symmetric_jacobi_cholesky_fp64,512,0.0001,0.398754358291626,374.67,2.9,1559,0.688430666923523,0.06641889363527298,-0.027701523154973984,0.11030478775501251,0.0001,609,2498560,1640.0147445229813,2498560,1.0,1e-06,3.894129753112793,0.14339913427829742,1.2064540386199951,1.8137997388839722,1.273377776145935,-1.1250604391098022,0.17447933554649353
9,2,0.47880926728248596,348.8683166503906,paper_sampled_score_separate_b,0.0018457667902112007,512,-1.3075793981552124,0.49396729469299316,-1.2407563924789429,-3.8193702697753906,0.23083901405334473,0.0,0.4933989942073822,0,0,0.1,0.8073609471321106,34.65534973144531,47.03752899169922,0.2935631499415663,0.1324962081171679,deterministic_value_jacobian_separate_b,torch.float64,1.0,3.86213954198441e-13,1.961265796364295e-11,symmetric_jacobi_cholesky_fp64,512,0.0001,0.3736591935157776,201.68,4.3,1556,1.013378620147705,0.06109653040766716,-0.004580814391374588,0.2832986116409302,0.0001,619,2539520,1666.6608642400242,2539520,1.0,1e-06,2.6192362308502197,0.2949237525463104,0.8205951452255249,2.208164691925049,0.8147855401039124,-1.137171745300293,0.5424721837043762
9,2,3.4705448150634766,3155.157958984375,paper_sampled_score_separate_b,0.004037579987198114,512,-1.3161855936050415,0.1635134518146515,-1.223372220993042,-3.907646656036377,0.2098873257637024,0.0,0.1431613713502884,0,0,0.1,0.6117225885391235,331.8401184082031,137.78651428222656,0.25177021333905153,0.11135810741019907,deterministic_value_jacobian_separate_b,torch.float64,1.0,1.6640537049111623e-13,2.2048872687921427e-11,symmetric_jacobi_cholesky_fp64,512,0.0007593750000000001,0.20152392983436584,96.29,5.9,1556,3.4925622940063477,0.3077094554901123,-0.006617456208914518,0.19938910007476807,0.0005062500000000001,629,2580480,1693.1735306978226,2580480,1.0,1e-06,9.70242691040039,0.10000000149011612,0.9104538559913635,2.1418418884277344,0.9398846626281738,-1.1476080417633057,0.521097719669342
9,2,0.5199779868125916,432.8517150878906,paper_sampled_score_separate_b,0.004838765598833561,512,-1.142509937286377,0.5507049560546875,-1.1695014238357544,-2.091933250427246,0.0486844964325428,0.0,0.624470055103302,0,0,0.1,0.5248549580574036,107.02349853515625,68.29000091552734,0.25916579186404787,0.12245795064122116,deterministic_value_jacobian_separate_b,torch.float64,1.0,1.6593635742707293e-13,1.2592701759023187e-11,symmetric_jacobi_cholesky_fp64,512,0.0001,0.6421304941177368,319.03,3.3,1560,0.8006789088249207,0.08033652603626251,0.09813295304775238,0.11987122148275375,0.0001,639,2621440,1720.2164242118597,2621440,1.0,1e-06,3.9253339767456055,0.328220009803772,-0.6531295776367188,1.695677638053894,-0.7473818063735962,-1.2745970487594604,0.20096677541732788
9,2,0.5130036473274231,480.5191650390625,paper_sampled_score_separate_b,0.0037407204508781433,512,-1.2037124633789062,0.6893996596336365,-1.1796354055404663,-2.864135980606079,0.09141852706670761,0.0,0.5965426564216614,0,0,0.1,0.5081003904342651,136.30056762695312,73.43474578857422,0.25610433122044174,0.12485474377182462,deterministic_value_jacobian_separate_b,torch.float64,1.0,1.806147109692043e-13,1.5476227572540636e-11,symmetric_jacobi_cholesky_fp64,512,0.0001,0.5966489315032959,218.42,3.6,1562,0.8381630182266235,0.13044559955596924,-0.009756999090313911,0.0908510684967041,0.0001,649,2662400,1747.2839921209961,2662400,1.0,1e-06,4.451874732971191,0.12062365561723709,0.4257984757423401,1.9271581172943115,0.4612995386123657,-1.1513704061508179,0.2142951339483261
9,2,0.2964102625846863,189.91773986816406,paper_sampled_score_separate_b,0.003254322102293372,512,-1.2418324947357178,0.5875853300094604,-1.244566559791565,-3.888838529586792,0.2825067341327667,0.0,0.6295607686042786,0,0,0.1,0.7271331548690796,24.559362411499023,25.875564575195312,0.25507245498002673,0.11206148291921131,deterministic_value_jacobian_separate_b,torch.float64,1.0,5.633615919112788e-13,2.60126502854935e-11,symmetric_jacobi_cholesky_fp64,512,0.008649755859375,0.32184886932373047,132.42,5.9,1410,0.7942044734954834,0.035640425980091095,0.03270983323454857,0.27829357981681824,0.008649755859375,659,2703360,1774.320095648989,2703360,1.0,1e-06,3.9882116317749023,0.1724867969751358,0.8822369575500488,2.1756322383880615,0.7337276935577393,-1.1600004434585571,0.6471582055091858
9,2,0.4474138617515564,510.1495666503906,paper_sampled_score_separate_b,0.006929973140358925,512,-1.0885529518127441,0.7783328890800476,-1.1386772394180298,-3.9601259231567383,0.15850740671157837,0.0,0.6070072650909424,0,0,0.1,0.6353272795677185,76.51238250732422,80.33260345458984,0.2165349318528249,0.09585632079417793,deterministic_value_jacobian_separate_b,torch.float64,1.0,3.9948560827348607e-13,2.6452581357284248e-11,symmetric_jacobi_cholesky_fp64,512,0.0011390625,0.49760621786117554,82.08,5.3,1424,0.8237133622169495,0.016581546515226364,-0.058922234922647476,0.26234662532806396,0.0011390625,669,2744320,1801.072135433089,2744320,1.0,1e-06,2.012289524078369,0.5736225843429565,-0.5104959011077881,1.7499185800552368,-1.1416198015213013,-1.9731639623641968,1.4009450674057007
9,2,0.5633373260498047,638.52294921875,paper_sampled_score_separate_b,0.005094306543469429,512,-1.0455622673034668,0.8498826622962952,-1.0750656127929688,-2.3175208568573,0.09544125199317932,0.0,0.5916078090667725,0,0,0.1,0.5485398173332214,125.38870239257812,88.3638687133789,0.23145110040971875,0.10298792921115954,deterministic_value_jacobian_separate_b,torch.float64,1.0,1.82389728668814e-13,1.4946225489535312e-11,symmetric_jacobi_cholesky_fp64,512,0.0001,0.5814298391342163,265.21,4.2,1560,0.8451545238494873,0.048847511410713196,0.03033129870891571,0.14088422060012817,0.0001,679,2785280,1827.8403419218957,2785280,1.0,1e-06,3.483996868133545,0.2182588130235672,-1.5894699096679688,1.7039520740509033,-1.5123814344406128,-2.761472463607788,0.7171493172645569
9,2,0.3576711118221283,578.72509765625,paper_sampled_score_separate_b,0.01701660268008709,512,-1.130387306213379,-0.02344243787229061,-1.1142034530639648,-2.1228837966918945,0.03758743405342102,0.0,0.9333136081695557,0,0,0.1,0.4329735040664673,48.90647506713867,61.44248962402344,0.241693460513986,0.11349263845115976,deterministic_value_jacobian_separate_b,torch.float64,1.0,1.841841561098199e-13,9.488297278363489e-12,symmetric_jacobi_cholesky_fp64,512,0.0001,0.6224702596664429,298.94,3.5,1561,0.5357255935668945,0.07182584702968597,-0.1599079966545105,0.11904232203960419,0.0001,689,2826240,1854.4210872929543,2826240,1.0,1e-06,2.5950334072113037,0.18311914801597595,-0.5379000902175903,1.7190349102020264,-0.6279090046882629,-1.1075575351715088,0.1213870719075203
9,2,0.4150429964065552,461.63604736328125,paper_sampled_score_separate_b,0.004683070816099644,512,-1.1368722915649414,0.28917521238327026,-1.1120917797088623,-2.242332935333252,0.06397610157728195,0.0,0.7129517793655396,0,0,0.1,0.5055909752845764,264.4697570800781,61.51424026489258,0.2605374444668969,0.1140736535852053,deterministic_value_jacobian_separate_b,torch.float64,1.0,9.371672603111546e-14,1.1005332173708473e-11,symmetric_jacobi_cholesky_fp64,512,0.0001,0.5144987106323242,160.13,5.0,1559,0.7013096809387207,0.1723157912492752,-0.0800611674785614,1.25881028175354,0.0001,699,2867200,1881.094765199814,2867200,1.0,1e-06,10.0,0.10000000149011612,0.11160515248775482,1.7526564598083496,-0.13732169568538666,-1.1104687452316284,0.463716596364975
13,2,0.45402780175209045,488.4410095214844,paper_sampled_score_separate_b,0.008108638226985931,512,-1.1333643198013306,0.3801584243774414,-1.1259233951568604,-3.536770820617676,0.0911531075835228,0.0,0.6376254558563232,0,0,0.1,0.5478078126907349,69.40398406982422,55.05513000488281,0.29254852357954,0.12295572898493365,deterministic_value_jacobian_separate_b,torch.float64,1.0,1.9925369185181282e-13,1.2385138997683728e-11,symmetric_jacobi_cholesky_fp64,512,0.0001,0.5106509923934937,334.32,3.3,1551,0.7841594219207764,0.07037114351987839,-0.08051435649394989,0.12366913259029388,0.0001,709,2908160,1908.2069888440892,2908160,1.0,1e-06,3.5863780975341797,0.13294169306755066,-0.2516791820526123,2.305727958679199,-0.4703487455844879,-1.1075140237808228,0.4684964120388031
9,2,0.42335838079452515,410.1412353515625,paper_sampled_score_separate_b,0.005478762090206146,512,-1.147464394569397,0.10703202337026596,-1.1422494649887085,-2.787140369415283,0.10871906578540802,0.0,0.6808211803436279,0,0,0.1,0.5313166379928589,96.00540161132812,58.92964172363281,0.28510805520793847,0.12062384754616769,deterministic_value_jacobian_separate_b,torch.float64,1.0,1.684281117848742e-13,1.2244974917177553e-11,symmetric_jacobi_cholesky_fp64,512,0.00033750000000000007,0.4167012572288513,218.36,4.7,1546,0.7344072461128235,0.0438012070953846,-0.05377313867211342,0.1285492330789566,0.00022500000000000005,719,2949120,1935.4330033930019,2949120,1.0,1e-06,2.6662817001342773,0.10897195339202881,-0.04540443420410156,1.728564739227295,-0.1436905562877655,-1.1622902154922485,0.5344416499137878
13,2,1.2968604564666748,1685.927001953125,paper_sampled_score_separate_b,0.0018083506729453802,512,-1.0966681241989136,0.5431159138679504,-1.1300463676452637,-1.9496681690216064,0.07503651082515717,0.0,0.3751281797885895,0,0,0.1,0.26268330216407776,144.41213989257812,86.33094787597656,0.2823082826349701,0.12245563864812296,deterministic_value_jacobian_separate_b,torch.float64,1.0,6.611633665172604e-14,5.722264947811522e-12,symmetric_jacobi_cholesky_fp64,512,0.0001,0.6406962871551514,253.04,4.4,1560,1.3328777551651,0.23868128657341003,-0.09523110836744308,0.14159180223941803,0.0001,729,2990080,1962.3996243057773,2990080,1.0,1e-06,10.0,0.1584371030330658,-0.7651108503341675,1.7368547916412354,-0.8713591694831848,-1.9424688816070557,0.21680426597595215
13,0,0.5799374580383301,509.6394348144531,paper_sampled_score_separate_b,0.0026220541913062334,512,-1.1138495206832886,0.24753470718860626,-1.1083277463912964,-2.243960380554199,0.06019946560263634,0.0,0.5916555523872375,0,0,0.1,0.4435766041278839,81.27804565429688,71.38017272949219,0.2891452542608559,0.1205818845336818,deterministic_value_jacobian_separate_b,torch.float64,1.0,1.0107273194453416e-13,6.661181826514881e-12,symmetric_jacobi_cholesky_fp64,512,0.0001,0.5528165102005005,252.04,3.6,1561,0.8450862765312195,0.04211355000734329,-0.06881088018417358,0.06389934569597244,0.0001,739,3031040,1989.5074990759604,3031040,1.0,1e-06,2.684091329574585,0.3010784685611725,-0.38629698753356934,2.1618869304656982,-0.5763760805130005,-1.1081126928329468,0.47764691710472107
13,0,0.4979763925075531,310.7378845214844,paper_sampled_score_separate_b,0.009980791248381138,512,-1.3455440998077393,-0.07285300642251968,-1.2168890237808228,-4.034190654754639,0.34662771224975586,0.0,0.5469016432762146,0,0,0.1,0.7356498837471008,26.879051208496094,40.45018005371094,0.27339401172940947,0.11957618027700592,deterministic_value_jacobian_separate_b,torch.float64,1.0,5.251897768115607e-13,2.483634619700084e-11,symmetric_jacobi_cholesky_fp64,512,0.00022500000000000005,0.6645565629005432,183.43,4.1,1561,0.9142411947250366,0.07645556330680847,-0.08264197409152985,0.20139196515083313,0.00015000000000000004,749,3072000,2016.369180243928,3072000,1.0,1e-06,2.9213666915893555,0.24104227125644684,1.2175500392913818,2.656743288040161,1.2011064291000366,-1.0957255363464355,0.5621352791786194
9,0,0.3826952874660492,945.0792236328125,paper_sampled_score_separate_b,0.011360795237123966,512,-1.320416808128357,0.3002806305885315,-1.2082194089889526,-3.5632126331329346,0.24934430420398712,0.0,0.6193773150444031,0,0,0.1,0.7224461436271667,345.4125671386719,140.7779998779297,0.23746731716035663,0.10446818833865566,deterministic_value_jacobian_separate_b,torch.float64,1.0,1.793838728470323e-13,2.4336685133457245e-11,symmetric_jacobi_cholesky_fp64,512,0.00010000000000000003,0.26202327013015747,59.3,6.0,1559,0.8072623610496521,0.08132952451705933,-0.01404039841145277,0.20246754586696625,0.0001,759,3112960,2042.889794874005,3112960,1.0,1e-06,5.318658351898193,0.14901284873485565,1.40199875831604,2.5373167991638184,1.6948281526565552,-1.713486909866333,0.6618503928184509
13,0,0.4731111526489258,557.8226318359375,paper_sampled_score_separate_b,0.003553773509338498,512,-1.1073992252349854,0.4673602283000946,-1.10862398147583,-3.158702850341797,0.11089728772640228,0.0,0.639337420463562,0,0,0.1,0.6201026439666748,169.70272827148438,82.60714721679688,0.24262140472854132,0.10730943379642109,deterministic_value_jacobian_separate_b,torch.float64,1.0,1.598279434953082e-13,1.5217642530465617e-11,symmetric_jacobi_cholesky_fp64,512,0.0001,0.5291314721107483,85.77,6.1,1559,0.7820596694946289,0.05956145003437996,0.031576789915561676,0.1199449747800827,0.0001,769,3153920,2069.4142248737626,3153920,1.0,1e-06,2.831210136413574,0.16681748628616333,0.2586451470851898,1.7105225324630737,-0.06296347826719284,-1.1176483631134033,0.7880706191062927
9,0,0.3766591548919678,520.4562377929688,paper_sampled_score_separate_b,0.004123549442738295,512,-1.124776005744934,0.11692207306623459,-1.1332685947418213,-2.211577892303467,0.04527270048856735,0.0,0.769298791885376,0,0,0.1,0.5120266675949097,234.71826171875,77.9262466430664,0.27761043016896975,0.11063875664934789,deterministic_value_jacobian_separate_b,torch.float64,1.0,6.292924208078144e-14,6.954536619491917e-12,symmetric_jacobi_cholesky_fp64,512,0.0001,0.3488689661026001,192.62,3.9,1558,0.6499425172805786,0.0645073801279068,-0.12858974933624268,0.4394211769104004,0.0001,779,3194880,2096.3775609289296,3194880,1.0,1e-06,3.308016777038574,0.1425153762102127,-0.5169510841369629,1.7151706218719482,-0.4361293315887451,-1.41468346118927,0.21622700989246368
9,0,0.4081594944000244,325.3703308105469,paper_sampled_score_separate_b,0.00366059853695333,512,-1.4560582637786865,0.8888778686523438,-1.3708016872406006,-4.461648464202881,0.4868096113204956,0.0,0.4938424825668335,0,0,0.1,0.9109702706336975,71.58181762695312,53.23065185546875,0.2400259612077962,0.1044835842146539,deterministic_value_jacobian_separate_b,torch.float64,1.0,4.4383453161279224e-13,3.070477393053315e-11,symmetric_jacobi_cholesky_fp64,512,0.0001,0.4617747664451599,70.79,6.4,1560,1.0124685764312744,0.07961401343345642,-0.046550288796424866,0.27943286299705505,0.0001,789,3235840,2123.469843579922,3235840,1.0,1e-06,6.549533843994141,0.2569320499897003,1.4491363763809204,2.8556249141693115,1.7339823246002197,-1.1142977476119995,0.6309992671012878
9,0,0.6423900723457336,975.3959350585938,paper_sampled_score_separate_b,0.001405715593136847,512,-1.0969419479370117,0.3308437764644623,-1.135001301765442,-2.2055912017822266,0.0873228907585144,0.0,0.5997456908226013,0,0,0.1,0.49718794226646423,60.724857330322266,54.749244689941406,0.27085928343038407,0.11508263361984837,deterministic_value_jacobian_separate_b,torch.float64,1.0,1.879240911527363e-13,1.0928581539255071e-11,symmetric_jacobi_cholesky_fp64,512,0.0001,0.5148662328720093,115.02,4.9,1561,0.8336867094039917,0.16760878264904022,-0.05382591485977173,0.12176530063152313,0.0001,799,3276800,2150.5260207210667,3276800,1.0,1e-06,6.497171401977539,0.10000000149011612,-0.22594338655471802,1.704177737236023,-0.5376141667366028,-1.208746314048767,0.5192676186561584
9,0,0.3933924436569214,849.7342529296875,paper_sampled_score_separate_b,0.0031091058626770973,512,-0.9806865453720093,0.7557669878005981,-0.9812687039375305,-2.7654364109039307,0.19919951260089874,0.0,0.6355618238449097,0,0,0.1,0.672606348991394,692.688720703125,134.50247192382812,0.23648522100201344,0.10500476240714636,deterministic_value_jacobian_separate_b,torch.float64,1.0,1.4267652130981046e-13,2.7085635587006422e-11,symmetric_jacobi_cholesky_fp64,512,0.0001,0.5097721815109253,66.66,5.1,1561,0.7867055535316467,0.0738597959280014,-0.018137477338314056,0.7129263877868652,0.0001,809,3317760,2177.6184994531795,3317760,1.0,1e-06,7.08645486831665,0.1514388769865036,-0.1432872712612152,1.7000787258148193,-0.5488153100013733,-1.5209444761276245,1.0600934028625488
9,0,0.639772891998291,2150.177978515625,paper_sampled_score_separate_b,0.007494882680475712,512,-0.9760797023773193,1.378371238708496,-1.0073105096817017,-2.711064100265503,0.16143189370632172,0.0,0.5450683236122131,0,0,0.1,0.6150715351104736,461.3323974609375,191.67337036132812,0.23025864175560537,0.10647975165021753,deterministic_value_jacobian_separate_b,torch.float64,1.0,1.2669424321253812e-13,1.9675953468502905e-11,symmetric_jacobi_cholesky_fp64,512,0.0001,0.46086400747299194,204.45,4.7,1562,0.917316198348999,0.09829521179199219,-0.007920289412140846,0.45924893021583557,0.0001,819,3358720,2204.7033644737676,3358720,1.0,1e-06,3.2930185794830322,0.10000000149011612,-0.8712555170059204,1.7195323705673218,-1.1115078926086426,-2.2273895740509033,1.1499269008636475
9,0,0.47762808203697205,475.93939208984375,paper_sampled_score_separate_b,0.002990484004840255,512,-1.163045883178711,0.9278568625450134,-1.180780053138733,-3.144115447998047,0.3214530050754547,0.0,0.5712023973464966,0,0,0.1,0.7734595537185669,130.8642578125,67.9533462524414,0.26097144653137105,0.10470344184795888,deterministic_value_jacobian_separate_b,torch.float64,1.0,4.1892077503861464e-13,3.6611994000689336e-11,symmetric_jacobi_cholesky_fp64,512,0.0001,0.5111831426620483,55.56,5.2,1560,0.8753464818000793,0.06761530041694641,0.033287037163972855,0.29739147424697876,0.0001,829,3399680,2231.365898213815,3399680,1.0,1e-06,2.707594633102417,0.14604885876178741,0.5659075975418091,2.0858242511749268,0.39165687561035156,-1.1017228364944458,0.7616474628448486
13,0,0.3541302978992462,428.9106750488281,paper_sampled_score_separate_b,0.009145601652562618,512,-1.2078070640563965,0.8022454977035522,-1.1853113174438477,-3.2736563682556152,0.2279522866010666,0.0,0.6106381416320801,0,0,0.1,0.7200785875320435,191.39663696289062,58.668373107910156,0.25420099630395376,0.10175308659157407,deterministic_value_jacobian_separate_b,torch.float64,1.0,2.7046215165153003e-13,2.767902423418846e-11,symmetric_jacobi_cholesky_fp64,512,0.0001,0.43906891345977783,72.61,5.8,1561,0.8188155293464661,0.06561115384101868,-0.029391467571258545,0.6766070127487183,0.0001,839,3440640,2257.879200125113,3440640,1.0,1e-06,4.277487754821777,0.23866909742355347,0.844767689704895,2.1688404083251953,0.8642946481704712,-1.1074403524398804,0.7178805470466614
9,0,0.4287564158439636,230.30374145507812,paper_sampled_score_separate_b,0.0019671551417559385,512,-1.3755086660385132,0.6728639006614685,-1.301493763923645,-3.515486478805542,0.21344618499279022,0.0,0.6063840985298157,0,0,0.1,0.6950939297676086,17.168956756591797,32.47441864013672,0.2583195542303496,0.10434541294410536,deterministic_value_jacobian_separate_b,torch.float64,1.0,7.46495801885055e-13,3.0157804320568885e-11,symmetric_jacobi_cholesky_fp64,512,0.0001,0.5219276547431946,85.61,5.6,1461,0.8245598673820496,0.06754027307033539,-0.03718828409910202,0.19885510206222534,0.0001,849,3481600,2284.8502964498475,3481600,1.0,1e-06,4.203753471374512,0.2030705362558365,0.8566954135894775,2.6300575733184814,0.7761158347129822,-1.1146866083145142,0.5945792198181152
9,0,0.4709133803844452,1438.1357421875,paper_sampled_score_separate_b,0.002740912139415741,512,-1.0626161098480225,0.22939269244670868,-1.0679987668991089,-2.2441658973693848,0.06338468194007874,0.0,0.6817597150802612,0,0,0.1,0.48760876059532166,1191.461181640625,222.7311248779297,0.26149088357654343,0.10690871611452032,deterministic_value_jacobian_separate_b,torch.float64,1.0,3.724265838550329e-14,9.214421644063908e-12,symmetric_jacobi_cholesky_fp64,512,0.00010000000000000003,0.6104335784912109,173.38,4.8,1396,0.7333962321281433,0.04377875104546547,-0.012874362990260124,0.16508761048316956,0.0001,859,3522560,2311.732006699778,3522560,1.0,1e-06,2.8055121898651123,0.2771880328655243,-1.101372480392456,1.6793962717056274,-1.3670015335083008,-2.063624620437622,0.6788778305053711
13,0,0.5794091820716858,1285.9791259765625,paper_sampled_score_separate_b,0.003156225197017193,512,-1.07132887840271,0.33150431513786316,-1.0892105102539062,-2.01861834526062,0.046723462641239166,0.0,0.6775438189506531,0,0,0.1,0.4098609983921051,95.48770141601562,66.50491333007812,0.2617999823889383,0.10904575488735427,deterministic_value_jacobian_separate_b,torch.float64,1.0,1.160668560147355e-13,8.234709037100233e-12,symmetric_jacobi_cholesky_fp64,512,0.0001,0.6164257526397705,190.33,4.9,1560,0.7379596829414368,0.14672327041625977,0.03673144802451134,0.1163826733827591,0.0001,869,3563520,2338.549437465146,3563520,1.0,1e-06,4.431626319885254,0.10982359200716019,-0.7560038566589355,1.687634825706482,-1.0380975008010864,-1.2687112092971802,0.5740439891815186
9,0,0.41673681139945984,431.4657897949219,paper_sampled_score_separate_b,0.0051453798078000546,512,-1.1095482110977173,0.43832239508628845,-1.141297459602356,-2.6076319217681885,0.14627093076705933,0.0,0.8023505806922913,0,0,0.1,0.4499375522136688,127.32960510253906,54.97970962524414,0.2486167776758007,0.10705174810282432,deterministic_value_jacobian_separate_b,torch.float64,1.0,1.112615205803496e-13,9.132749266672548e-12,symmetric_jacobi_cholesky_fp64,512,0.0001,0.48532143235206604,63.41,4.9,1558,0.6231690049171448,0.05696047097444534,0.04764815792441368,0.25291943550109863,0.0001,879,3604480,2365.6567468470894,3604480,1.0,1e-06,2.975987434387207,0.31411272287368774,-0.557918906211853,1.687708854675293,-0.6203820705413818,-1.450304388999939,0.2274480164051056
13,0,0.41287174820899963,728.5945434570312,paper_sampled_score_separate_b,0.003835436189547181,512,-1.1123828887939453,0.07153857499361038,-1.10149347782135,-3.0508968830108643,0.06594619899988174,0.0,0.6701706051826477,0,0,0.1,0.5619921088218689,324.3851318359375,106.81224060058594,0.2750762818110032,0.11216754273036043,deterministic_value_jacobian_separate_b,torch.float64,1.0,7.582830398667308e-14,9.847168729267761e-12,symmetric_jacobi_cholesky_fp64,512,0.0001,0.5950157642364502,270.68,4.5,1558,0.7460786700248718,0.06412158161401749,-0.027118708938360214,0.14822466671466827,0.0001,889,3645440,2392.792622935958,3645440,1.0,1e-06,2.6992266178131104,0.24804891645908356,0.04080241918563843,2.124161958694458,-0.17199094593524933,-1.0839778184890747,0.3114303648471832
13,0,0.47978463768959045,364.277587890625,paper_sampled_score_separate_b,0.0014021915849298239,512,-1.1110694408416748,0.4546865224838257,-1.0927560329437256,-2.4856138229370117,0.06814820319414139,0.0,0.7422752976417542,0,0,0.1,0.4574853777885437,55.716644287109375,55.285404205322266,0.293772635381826,0.12359592028862228,deterministic_value_jacobian_separate_b,torch.float64,1.0,1.307216202141582e-13,7.1994495777879e-12,symmetric_jacobi_cholesky_fp64,512,0.0011390625,0.6849161386489868,273.53,3.2,1557,0.6736045479774475,0.02987132966518402,-0.04658079892396927,0.0380471907556057,0.0011390625,899,3686400,2419.606153059751,3686400,1.0,1e-06,2.6964163780212402,0.34486427903175354,-0.16570842266082764,1.8337314128875732,-0.30165016651153564,-1.0851134061813354,0.22440549731254578
13,0,0.35580259561538696,606.4373168945312,paper_sampled_score_separate_b,0.0015404208097606897,512,-1.0462311506271362,0.2168203592300415,-1.060591697692871,-2.2553608417510986,0.06229407340288162,0.0,0.7589128017425537,0,0,0.1,0.5258735418319702,284.7587890625,100.34526062011719,0.3116656077287683,0.13170401902854612,deterministic_value_jacobian_separate_b,torch.float64,1.0,5.982082679197242e-14,7.28215834313564e-12,symmetric_jacobi_cholesky_fp64,512,0.0001,0.654429018497467,389.17,3.1,1557,0.6588371992111206,0.09973427653312683,-0.006706817075610161,0.12863007187843323,0.0001,909,3727360,2446.144194659777,3727360,1.0,1e-06,4.76174259185791,0.11235851794481277,-1.0890889167785645,1.7071582078933716,-1.3313113451004028,-1.7299431562423706,0.47868481278419495
13,0,0.4674709439277649,1081.021240234375,paper_sampled_score_separate_b,0.0046992520801723,512,-1.1036961078643799,0.0600886344909668,-1.1245088577270508,-2.5193185806274414,0.08772740513086319,0.0,0.6450342535972595,0,0,0.1,0.5150973200798035,227.5818634033203,140.66336059570312,0.2909730531122004,0.12623968889717532,deterministic_value_jacobian_separate_b,torch.float64,1.0,7.591345187143366e-14,8.282005783144278e-12,symmetric_jacobi_cholesky_fp64,512,0.0001,0.574344277381897,270.93,3.1,1557,0.7751526236534119,0.10994084179401398,-0.03760770335793495,0.4050114154815674,0.0001,919,3768320,2473.107887926046,3768320,1.0,1e-06,6.350366115570068,0.10000000149011612,-0.07720925658941269,1.7068344354629517,0.07909007370471954,-1.3908426761627197,0.21145199239253998
9,0,0.5496430993080139,367.0137023925781,paper_sampled_score_separate_b,0.0046934704296290874,512,-1.1697880029678345,-0.23787042498588562,-1.1379975080490112,-2.651899576187134,0.06823430210351944,0.0,0.6557715535163879,0,0,0.1,0.4107745587825775,22.16545867919922,53.26140213012695,0.28126090104881035,0.12910429249349462,deterministic_value_jacobian_separate_b,torch.float64,1.0,2.4334299648132086e-13,9.081169817239925e-12,symmetric_jacobi_cholesky_fp64,512,0.0011390625,0.7723942995071411,270.22,4.4,1556,0.7624606490135193,0.05414425954222679,-0.11390592902898788,0.31600597500801086,0.0007593750000000001,929,3809280,2500.171822443139,3809280,1.0,1e-06,2.2693722248077393,0.29499348998069763,0.13206255435943604,1.7122808694839478,0.2306470274925232,-1.08565354347229,0.11924339085817337
13,0,0.473819762468338,826.4005737304688,paper_sampled_score_separate_b,0.005260053090751171,512,-1.0991384983062744,0.4893858730792999,-1.0883097648620605,-3.0598068237304688,0.10323215276002884,0.0,0.698259174823761,0,0,0.1,0.5398851633071899,321.2467956542969,116.81068420410156,0.29262118773461965,0.13569176943845734,deterministic_value_jacobian_separate_b,torch.float64,1.0,6.696073112033953e-14,8.660883490329839e-12,symmetric_jacobi_cholesky_fp64,512,0.0001,0.6983731985092163,358.47,3.1,1557,0.7160664796829224,0.0934363380074501,0.008012981154024601,0.08965533971786499,0.0001,939,3850240,2527.299209516961,3850240,1.0,1e-06,3.3922057151794434,0.16815857589244843,-0.14301948249340057,1.964648723602295,-0.40929946303367615,-1.077889084815979,0.6304380297660828
13,0,0.5009671449661255,339.4194641113281,paper_sampled_score_separate_b,0.0077282944694161415,512,-1.1352075338363647,-0.042168404906988144,-1.129486083984375,-2.804753065109253,0.09130238741636276,0.0,0.690876841545105,0,0,0.1,0.46831896901130676,98.91258239746094,47.255924224853516,0.3106584912075618,0.1406647294925077,deterministic_value_jacobian_separate_b,torch.float64,1.0,1.0710520736267626e-13,7.807852772068938e-12,symmetric_jacobi_cholesky_fp64,512,0.0001,0.7209647297859192,352.94,3.4,1443,0.723717987537384,0.08589459210634232,-0.08770959079265594,0.2616197466850281,0.0001,949,3891200,2554.3203608877957,3891200,1.0,1e-06,3.622591733932495,0.3110658824443817,0.3519827425479889,1.8499138355255127,0.19619685411453247,-1.0746121406555176,0.31836000084877014
13,0,0.4794163107872009,725.4443359375,paper_sampled_score_separate_b,0.004047881346195936,512,-1.0648937225341797,0.6991362571716309,-1.0969864130020142,-2.1820783615112305,0.0920461043715477,0.0,0.6744977235794067,0,0,0.1,0.5397136807441711,367.3338928222656,118.88264465332031,0.3165085776997327,0.13945444379033192,deterministic_value_jacobian_separate_b,torch.float64,1.0,6.942834663046023e-14,9.605738919231719e-12,symmetric_jacobi_cholesky_fp64,512,0.0001,0.6566264629364014,206.12,4.7,1411,0.7412923574447632,0.10438288748264313,-0.013636140152812004,0.1334875077009201,0.0001,959,3932160,2581.1818255521357,3932160,1.0,1e-06,10.0,0.15400969982147217,-0.3638186454772949,1.7158268690109253,-0.5401801466941833,-1.2784209251403809,0.5476218461990356
13,0,0.3275238871574402,495.8786315917969,paper_sampled_score_separate_b,0.014895915053784847,512,-1.1817327737808228,0.6879145503044128,-1.1784218549728394,-3.6971323490142822,0.22227947413921356,0.0,0.6945539116859436,0,0,0.1,0.6508997082710266,64.18141174316406,51.98038864135742,0.26702979140864774,0.11453754455847688,deterministic_value_jacobian_separate_b,torch.float64,1.0,3.6859873727222886e-13,2.2902823822791987e-11,symmetric_jacobi_cholesky_fp64,512,0.00033750000000000007,0.30648428201675415,68.73,6.2,1555,0.7198865413665771,0.057943426072597504,0.02543635666370392,0.1519499123096466,0.00022500000000000005,969,3973120,2608.049313364085,3973120,1.0,1e-06,6.972951889038086,0.10000000149011612,0.8693630695343018,2.2522354125976562,1.0893371105194092,-1.084757685661316,1.0062692165374756
8,2,0.46853548288345337,448.76885986328125,paper_sampled_score_separate_b,0.008990047499537468,512,-1.193269968032837,0.6305763125419617,-1.1296147108078003,-3.890587568283081,0.12825971841812134,0.0,0.7143236398696899,0,0,0.1,0.5257848501205444,59.24794006347656,64.57669830322266,0.24653349815360284,0.10575603702449757,deterministic_value_jacobian_separate_b,torch.float64,1.0,1.6118334876531885e-13,9.207756600411284e-12,symmetric_jacobi_cholesky_fp64,512,0.0005062500000000001,0.10337020456790924,103.55,7.1,1548,0.699962854385376,0.028293153271079063,-0.20303145051002502,0.21260108053684235,0.0005062500000000001,979,4014080,2634.8851895881817,4014080,1.0,1e-06,2.093374490737915,0.10000000149011612,1.3182449340820312,2.45611834526062,1.4530060291290283,-1.1036368608474731,0.4422697424888611
14,0,0.369859516620636,112.9921875,paper_sampled_score_separate_b,8.191653614630923e-05,512,-0.9485071897506714,0.9673726558685303,-1.012642502784729,-3.2807044982910156,0.16789096593856812,0.0,0.7476847767829895,0,0,0.1,0.5484940409660339,4.521783828735352,14.428526878356934,0.9613200429827574,0.4697830890739894,deterministic_value_jacobian_separate_b,torch.float64,1.0,2.109479865033833e-14,5.388024778011935e-13,symmetric_jacobi_cholesky_fp64,512,0.0005062500000000001,0.35018372535705566,71.81,3.2,1551,0.6687310338020325,0.06425122916698456,0.06393592059612274,0.08928994834423065,0.00033750000000000007,989,4055040,2661.4374196040444,4055040,1.0,1e-06,2.442007303237915,0.10000000149011612,-0.5403839945793152,1.7230650186538696,-0.9654293656349182,-1.6476625204086304,0.8314359188079834
12,0,0.4448378086090088,453.5816955566406,paper_sampled_score_separate_b,0.0009425848256796598,512,-1.1035892963409424,0.168631449341774,-1.0813286304473877,-2.503202199935913,0.06995479017496109,0.0,0.7570430040359497,0,0,0.1,0.4226137101650238,230.57809448242188,75.56637573242188,0.605919914776604,0.2541192596792413,deterministic_value_jacobian_separate_b,torch.float64,1.0,1.0934565885218107e-14,1.1973369850296408e-12,symmetric_jacobi_cholesky_fp64,512,0.0001,0.32839083671569824,198.17,3.6,1558,0.6604644656181335,0.063870370388031,-0.12985971570014954,0.26584330201148987,0.0001,999,4096000,2688.4633908569813,4096000,1.0,1e-06,2.9443042278289795,0.15437158942222595,-0.0016441885381937027,2.296511650085449,-0.07769602537155151,-0.9201498627662659,0.40120214223861694
13,0,0.5449444651603699,314.30419921875,paper_sampled_score_separate_b,0.0002820916997734457,512,-1.144167184829712,-0.11650587618350983,-1.1316663026809692,-2.913344144821167,0.04971931129693985,0.0,0.6647228002548218,0,0,0.1,0.4605536162853241,62.42431640625,51.15762710571289,0.7496452174719306,0.30318635000758426,deterministic_value_jacobian_separate_b,torch.float64,1.0,1.542110409400227e-14,9.050607825890361e-13,symmetric_jacobi_cholesky_fp64,512,0.0001,0.8207287788391113,585.63,3.0,1559,0.7521932125091553,0.0733327567577362,-0.06103605404496193,0.050327956676483154,0.0001,1009,4136960,2715.5391549170017,4136960,1.0,1e-06,3.038767099380493,0.3475073277950287,0.35901159048080444,1.7476921081542969,0.4783254563808441,-1.2021702527999878,0.3240726590156555
13,2,0.4246263802051544,341.82550048828125,paper_sampled_score_separate_b,0.0004376832803245634,512,-1.1642868518829346,0.1363411545753479,-1.1013755798339844,-2.4306561946868896,0.06569655984640121,0.0,0.7518585920333862,0,0,0.1,0.47479528188705444,78.1589126586914,54.67158889770508,0.6568251643916215,0.3051732124861193,deterministic_value_jacobian_separate_b,torch.float64,1.0,1.3563032702837387e-14,8.827635652070973e-13,symmetric_jacobi_cholesky_fp64,512,0.0001,0.4158056974411011,373.97,3.2,1554,0.6650186777114868,0.05595021694898605,-0.14144298434257507,0.06834402680397034,0.0001,1019,4177920,2742.6618181439117,4177920,1.0,1e-06,3.557818651199341,0.1437235325574875,-0.16562864184379578,2.0627126693725586,-0.18473662436008453,-1.1807258129119873,0.6367409825325012
9,2,0.24882200360298157,1796.04248046875,paper_sampled_score_separate_b,0.0007001966587267816,512,-1.0932908058166504,-0.019908038899302483,-1.0819331407546997,-2.2107255458831787,0.009379493072628975,0.0,0.931724488735199,0,0,0.1,0.4873625934123993,1870.0076904296875,284.00860595703125,0.6400798326638919,0.2987450096266516,deterministic_value_jacobian_separate_b,torch.float64,1.0,1.8198720409344126e-15,5.635009118410486e-13,symmetric_jacobi_cholesky_fp64,512,0.0001,0.029224181547760963,334.76,2.9,1558,0.5366393327713013,0.07658259570598602,-0.2708892226219177,0.1334514021873474,0.0001,1029,4218880,2769.725248531904,4218880,1.0,1e-06,3.70520281791687,0.10000000149011612,-1.1955459117889404,1.714099407196045,-1.3788974285125732,-1.5856897830963135,0.22654496133327484
9,2,0.5022550821304321,427.6062316894531,paper_sampled_score_separate_b,0.00013152086467016488,512,-1.1122462749481201,-0.7183337807655334,-1.093114972114563,-1.9988137483596802,0.006832967046648264,0.0,0.9242370128631592,0,0,0.1,0.21316799521446228,139.67520141601562,38.885372161865234,0.6210195870729652,0.3514995565310105,deterministic_value_jacobian_separate_b,torch.float64,1.0,3.3306953729443822e-15,2.8244213396813657e-13,symmetric_jacobi_cholesky_fp64,512,0.008649755859374999,0.38778334856033325,379.18,2.3,1558,0.5409867763519287,1.268345832824707,-0.018434716388583183,0.49182772636413574,0.005766503906249999,1039,4259840,2796.82357057184,4259840,1.0,1e-06,10.0,0.10000000149011612,-0.06882331520318985,2.448906660079956,-0.1977871209383011,-1.0764938592910767,0.6304590702056885
13,2,0.5519640445709229,230.5232696533203,paper_sampled_score_separate_b,0.001327107660472393,512,-1.2195944786071777,0.03192054107785225,-1.1209267377853394,-5.0064921379089355,0.17236998677253723,0.0,0.7409170866012573,0,0,0.1,0.4529305398464203,25.728294372558594,30.404560089111328,0.6284684500219431,0.3013349605184943,deterministic_value_jacobian_separate_b,torch.float64,1.0,3.930374956384073e-14,1.833799164480273e-12,symmetric_jacobi_cholesky_fp64,512,0.0001,0.5348852872848511,674.97,1.3,1417,0.6748393177986145,0.13503095507621765,-0.07004064321517944,0.18502064049243927,0.0001,1049,4300800,2823.62703996012,4300800,1.0,1e-06,10.0,0.1263827234506607,1.4486064910888672,2.7695817947387695,1.2800219058990479,-1.080257534980774,0.6459871530532837
9,1,0.4387543499469757,336.1694030761719,paper_sampled_score_separate_b,0.00040214284672401845,512,-1.1457747220993042,0.7230427265167236,-1.1217254400253296,-3.840057849884033,0.13230307400226593,0.0,0.7508900761604309,0,0,0.1,0.5184218883514404,72.57301330566406,50.05986022949219,0.6626236358857239,0.3170438883053915,deterministic_value_jacobian_separate_b,torch.float64,1.0,2.096668624883193e-14,1.3441667085417471e-12,symmetric_jacobi_cholesky_fp64,512,0.0001,0.549715518951416,892.79,0.8,1557,0.6658764481544495,0.06757707893848419,-0.13978523015975952,0.11152353137731552,0.0001,1059,4341760,2850.098744386807,4341760,1.0,1e-06,4.338269233703613,0.10000000149011612,1.0940786600112915,3.09466814994812,0.9591158628463745,-1.0871130228042603,0.616725504398346
13,2,0.4660661816596985,254.36611938476562,paper_sampled_score_separate_b,0.00037525396328419447,512,-1.1683895587921143,-0.6293107867240906,-1.130072832107544,-4.022214412689209,0.041872430592775345,0.0,0.8665070533752441,0,0,0.1,0.3743540048599243,29.051809310913086,33.64947509765625,0.7359723846883346,0.33785421640427143,deterministic_value_jacobian_separate_b,torch.float64,1.0,1.3023827323202218e-14,5.251801323906434e-13,symmetric_jacobi_cholesky_fp64,512,0.0001,0.6917451620101929,898.71,0.9,1553,0.5770293474197388,0.09912056475877762,-0.07513982057571411,0.03225373476743698,0.0001,1069,4382720,2876.609965221025,4382720,1.0,1e-06,2.682528257369995,0.10000000149011612,1.0781865119934082,1.8459150791168213,1.0557650327682495,-1.093382477760315,0.13333125412464142
13,2,0.5054713487625122,476.1501159667969,paper_sampled_score_separate_b,0.0012567697558552027,512,-1.1615207195281982,-0.28925544023513794,-1.1264253854751587,-3.138279676437378,0.05401637777686119,0.0,0.6643383502960205,0,0,0.1,0.4144795835018158,117.9759292602539,66.16483306884766,0.7120604890484965,0.3543278677190914,deterministic_value_jacobian_separate_b,torch.float64,1.0,1.1240237184275178e-14,8.874391475896948e-13,symmetric_jacobi_cholesky_fp64,512,0.0001,0.6905494928359985,935.63,0.5,1546,0.75262850522995,0.06220196187496185,-0.03636030852794647,0.07060223817825317,0.0001,1079,4423680,2903.579922684934,4423680,1.0,1e-06,2.4709296226501465,0.23767875134944916,0.6000421643257141,1.4167413711547852,0.7255831956863403,-1.101949691772461,0.1346501260995865
13,2,0.5679900050163269,255.8806610107422,paper_sampled_score_separate_b,0.0014635854167863727,512,-1.1255793571472168,-0.04811738058924675,-1.124489665031433,-3.03838849067688,0.030105384066700935,0.0,0.7276240587234497,0,0,0.1,0.3618091344833374,19.877958297729492,28.63048553466797,0.7826623619888129,0.36319064123971184,deterministic_value_jacobian_separate_b,torch.float64,1.0,1.6177161586520626e-14,5.47233962996893e-13,symmetric_jacobi_cholesky_fp64,512,0.0001,0.5210249423980713,630.26,2.3,1549,0.6871680617332458,0.06449666619300842,0.010740667581558228,0.02474796399474144,0.0001,1089,4464640,2930.7766956640407,4464640,1.0,1e-06,3.085691452026367,0.115029476583004,-0.3339797854423523,1.6295548677444458,-0.39881426095962524,-1.1078674793243408,0.09586567431688309
13,2,0.5426499843597412,203.31256103515625,paper_sampled_score_separate_b,0.0005521848215721548,512,-1.1731221675872803,-0.19464050233364105,-1.135335087776184,-2.707329034805298,0.05533482879400253,0.0,0.7530068159103394,0,0,0.1,0.37597179412841797,14.801984786987305,26.742752075195312,0.6960936238478979,0.3032707941679889,deterministic_value_jacobian_separate_b,torch.float64,1.0,5.258988476613592e-14,1.6374965694105729e-12,symmetric_jacobi_cholesky_fp64,512,0.0001,0.741699755191803,312.49,2.8,1553,0.6640046238899231,0.057651929557323456,-0.1296263039112091,0.05309569090604782,0.0001,1099,4505600,2957.8562395269983,4505600,1.0,1e-06,3.8385350704193115,0.30882444977760315,0.21279461681842804,1.6326959133148193,0.31174376606941223,-1.1126679182052612,0.1611563116312027
14,2,0.5058419108390808,290.0476379394531,paper_sampled_score_separate_b,0.0012818555114790797,512,-1.207226037979126,-0.03022577427327633,-1.1944323778152466,-3.3482959270477295,0.08530247956514359,0.0,0.773952305316925,0,0,0.1,0.40179088711738586,23.743465423583984,27.378732681274414,0.5972211235290629,0.274793346596039,deterministic_value_jacobian_separate_b,torch.float64,1.0,3.2135280473560724e-14,1.2221296326302197e-12,symmetric_jacobi_cholesky_fp64,512,0.00010000000000000003,0.47940731048583984,392.55,2.6,1553,0.6460346579551697,0.11722268164157867,-0.09724903851747513,0.06585130095481873,0.0001,1109,4546560,2985.0769124268554,4546560,1.0,1e-06,3.284540891647339,0.10000000149011612,0.9071722030639648,2.5726592540740967,0.9880300760269165,-1.1173160076141357,0.5822085738182068
10,1,0.5238106846809387,248.17581176757812,paper_sampled_score_separate_b,0.0012310425518080592,512,-1.1722676753997803,-0.05806919187307358,-1.1547030210494995,-2.5330333709716797,0.04093214496970177,0.0,0.6934034824371338,0,0,0.1,0.3827701210975647,24.10793685913086,37.78512191772461,0.6313140120314834,0.28226906132452323,deterministic_value_jacobian_separate_b,torch.float64,1.0,4.088309972791827e-14,1.5335053096336278e-12,symmetric_jacobi_cholesky_fp64,512,0.0001,0.6074615716934204,561.04,2.3,1555,0.7210808992385864,0.06181972473859787,0.03797787427902222,0.03735386207699776,0.0001,1119,4587520,3012.181110232137,4587520,1.0,1e-06,3.761613130569458,0.2660812437534332,0.23096925020217896,1.6335340738296509,0.22529354691505432,-1.1245908737182617,0.13857261836528778
10,2,0.37838876247406006,932.7254028320312,paper_sampled_score_separate_b,0.0006146651576273143,512,-1.1263362169265747,0.05341796204447746,-1.137958288192749,-1.7858165502548218,0.01950276643037796,0.0,0.8068914413452148,0,0,0.1,0.45097020268440247,542.0498046875,146.57186889648438,0.6470256704512972,0.2712194350469944,deterministic_value_jacobian_separate_b,torch.float64,1.0,3.1896812395507535e-15,5.325651785054844e-13,symmetric_jacobi_cholesky_fp64,512,0.0001,0.26759082078933716,254.29,2.7,1551,0.6196620464324951,0.06122571974992752,0.11724049597978592,0.09012486040592194,0.0001,1129,4628480,3038.8916874220595,4628480,1.0,1e-06,7.900882244110107,0.14118386805057526,-0.6194601655006409,1.6780167818069458,-0.717577338218689,-1.2316371202468872,0.1667485386133194
14,2,0.4296557903289795,359.49102783203125,paper_sampled_score_separate_b,0.0010857739252969623,512,-1.1791167259216309,0.009115971624851227,-1.134863257408142,-2.652517557144165,0.048300500959157944,0.0,0.7994492053985596,0,0,0.1,0.42010191082954407,46.856143951416016,50.898555755615234,0.5616382905729703,0.23445950464024268,deterministic_value_jacobian_separate_b,torch.float64,1.0,3.2140933185758244e-14,1.6364248108376297e-12,symmetric_jacobi_cholesky_fp64,512,0.0001,0.49103033542633057,373.58,2.6,1546,0.6254305839538574,0.0515521839261055,-0.20613916218280792,0.043550170958042145,0.0001,1139,4669440,3065.362116987817,4669440,1.0,1e-06,4.731710433959961,0.21871064603328705,-0.05316345766186714,1.8159146308898926,-0.21238550543785095,-1.1243846416473389,0.37980762124061584
10,2,0.5880414843559265,384.8256530761719,paper_sampled_score_separate_b,0.0018055564723908901,512,-1.119265079498291,-0.06785409897565842,-1.1211601495742798,-1.9197008609771729,0.029433658346533775,0.0,0.7818426489830017,0,0,0.1,0.3660898506641388,44.127403259277344,48.458152770996094,0.6374855217351151,0.27045003547026725,deterministic_value_jacobian_separate_b,torch.float64,1.0,2.553046275079635e-14,1.2455764251571302e-12,symmetric_jacobi_cholesky_fp64,512,0.00170859375,0.8190505504608154,540.08,2.3,1386,0.6395148634910583,0.04690548777580261,-0.1372784674167633,0.02422051876783371,0.0011390625,1149,4710400,3092.2064808798023,4710400,1.0,1e-06,2.665231466293335,0.2962489426136017,-1.0868852138519287,1.6477537155151367,-1.13292396068573,-2.1250219345092773,0.07415767759084702
14,2,0.5921278595924377,195.5605010986328,paper_sampled_score_separate_b,0.0011381240328773856,512,-1.1622323989868164,-0.556571364402771,-1.1541329622268677,-2.3029489517211914,0.041529539972543716,0.0,0.7187414169311523,0,0,0.1,0.3436797857284546,7.839248180389404,26.78951644897461,0.6396278630185546,0.27431173579212353,deterministic_value_jacobian_separate_b,torch.float64,1.0,5.506856613798351e-14,1.3100785239166506e-12,symmetric_jacobi_cholesky_fp64,512,0.0001,0.8809168338775635,654.08,1.4,1546,0.6956604719161987,0.05457596853375435,-0.024251529946923256,0.10519015789031982,0.0001,1159,4751360,3118.8650590861216,4751360,1.0,1e-06,2.5707197189331055,0.33394479751586914,-0.210365429520607,0.6724494099617004,-0.131700336933136,-1.109412670135498,0.08796000480651855
14,0,0.7286514043807983,394.32470703125,paper_sampled_score_separate_b,0.0002778814814519137,512,-1.1340386867523193,-0.4907776117324829,-1.127906084060669,-1.8159788846969604,0.018494093790650368,0.0,0.48649534583091736,0,0,0.1,0.41857585310935974,89.91867065429688,59.54304504394531,0.674435348551313,0.31691144832331486,deterministic_value_jacobian_separate_b,torch.float64,1.0,9.87440506549906e-15,6.795098957787494e-13,symmetric_jacobi_cholesky_fp64,512,0.0001,0.8632763624191284,735.18,1.5,1530,1.027759075164795,0.05163382738828659,-0.05634491518139839,0.035190220922231674,0.0001,1169,4792320,3145.9896764880978,4792320,1.0,1e-06,2.894880771636963,0.23287233710289001,-0.5961942076683044,1.6636078357696533,-0.6308699250221252,-1.1103395223617554,0.07326564937829971
14,2,0.4560845196247101,502.1687927246094,paper_sampled_score_separate_b,0.0013366038911044598,512,-1.1522067785263062,-0.033749520778656006,-1.1262017488479614,-2.945363759994507,0.035248249769210815,0.0,0.7478038668632507,0,0,0.1,0.447089284658432,180.09173583984375,78.816162109375,0.6056937606453228,0.2835863366628308,deterministic_value_jacobian_separate_b,torch.float64,1.0,1.3255542385288682e-14,1.2859743918064149e-12,symmetric_jacobi_cholesky_fp64,512,0.0001,0.7902788519859314,357.63,3.4,1547,0.6686245203018188,0.05457258224487305,-0.14793848991394043,0.08713565766811371,0.0001,1179,4833280,3173.3608804438263,4833280,1.0,1e-06,2.6076409816741943,0.2953301668167114,-0.5892163515090942,1.6912801265716553,-0.6846985220909119,-1.3794543743133545,0.350221186876297
14,2,0.48701778054237366,379.4505615234375,paper_sampled_score_separate_b,0.0009467381751164794,512,-1.0836679935455322,0.9298149943351746,-1.1156762838363647,-1.9751337766647339,0.08755739778280258,0.0,0.721305787563324,0,0,0.1,0.46277979016304016,65.17415618896484,44.946311950683594,0.6360026367470039,0.28066697174448435,deterministic_value_jacobian_separate_b,torch.float64,1.0,4.1916444351423494e-14,2.528653787920277e-12,symmetric_jacobi_cholesky_fp64,512,0.0001,0.7536324262619019,309.73,3.1,1545,0.6931872963905334,0.07161599397659302,0.018574317917227745,0.09143736213445663,0.0001,1189,4874240,3200.451089474838,4874240,1.0,1e-06,10.0,0.29399925470352173,-0.8624195456504822,1.7434378862380981,-0.9397861957550049,-1.510211706161499,0.3597138822078705
14,2,0.5228335857391357,254.42913818359375,paper_sampled_score_separate_b,0.00036391144385561347,512,-1.1523377895355225,-0.06251785904169083,-1.138594627380371,-2.684769868850708,0.043624844402074814,0.0,0.8028393387794495,0,0,0.1,0.3522912561893463,33.467323303222656,24.62164878845215,0.5501567726697627,0.25373930306209086,deterministic_value_jacobian_separate_b,torch.float64,1.0,3.307033342833273e-14,1.426758489971136e-12,symmetric_jacobi_cholesky_fp64,512,0.0001,0.536213755607605,258.39,3.7,1545,0.6227896213531494,0.07993604242801666,-0.026674387976527214,0.09248008579015732,0.0001,1199,4915200,3227.5424308101647,4915200,1.0,1e-06,5.791569709777832,0.10000000149011612,0.25047528743743896,0.9382004737854004,0.21027834713459015,-1.112358808517456,0.10505025088787079
14,2,0.54738450050354,200.06256103515625,paper_sampled_score_separate_b,0.0006357180536724627,512,-1.2063452005386353,-0.4281564950942993,-1.1807018518447876,-3.4638054370880127,0.06414179503917694,0.0,0.7278898358345032,0,0,0.1,0.4101187586784363,15.780071258544922,24.566139221191406,0.5825155802911116,0.24896700044983253,deterministic_value_jacobian_separate_b,torch.float64,1.0,9.733451758027407e-14,3.200547453905566e-12,symmetric_jacobi_cholesky_fp64,512,0.0001,0.697376012802124,551.26,3.5,1560,0.6869171261787415,0.06542274355888367,-0.08289173990488052,0.05608145147562027,0.0001,1209,4956160,3254.275279821828,4956160,1.0,1e-06,3.445727825164795,0.27553272247314453,0.877468466758728,1.9139217138290405,0.8802082538604736,-1.1195497512817383,0.1398923546075821
14,2,0.490890234708786,344.7027893066406,paper_sampled_score_separate_b,0.0007604212150909007,512,-1.1803251504898071,-0.2987162470817566,-1.1579617261886597,-2.892174005508423,0.047646138817071915,0.0,0.8394137024879456,0,0,0.1,0.36668580770492554,71.5799789428711,53.91476058959961,0.5482761715170406,0.25871182614100624,deterministic_value_jacobian_separate_b,torch.float64,1.0,1.8557559611492198e-14,1.1463218266882376e-12,symmetric_jacobi_cholesky_fp64,512,0.0001,0.6876657009124756,426.12,2.8,1559,0.5956538319587708,0.07581181824207306,0.03227175027132034,0.03239257633686066,0.0001,1219,4997120,3280.6838337569498,4997120,1.0,1e-06,3.5325803756713867,0.17159870266914368,0.4492264986038208,2.0893802642822266,0.5314208269119263,-1.1269944906234741,0.061957765370607376
14,2,0.4537283182144165,206.87844848632812,paper_sampled_score_separate_b,0.0019606431014835835,512,-1.12925124168396,0.33452108502388,-1.1458317041397095,-2.035101890563965,0.03840440511703491,0.0,0.8829982876777649,0,0,0.1,0.3523622155189514,25.121601104736328,34.200965881347656,0.6378486180504126,0.2848701820577101,deterministic_value_jacobian_separate_b,torch.float64,1.0,3.891716113256585e-14,1.469037440365295e-12,symmetric_jacobi_cholesky_fp64,512,0.00010000000000000003,0.927168607711792,527.62,2.8,1559,0.5662525296211243,0.04628961533308029,0.016666226089000702,0.0363675132393837,0.0001,1229,5038080,3307.573506209068,5038080,1.0,1e-06,3.2821414470672607,0.2725684344768524,-0.1834641396999359,1.996026635169983,-0.31359803676605225,-1.1309033632278442,0.2261374443769455
14,2,0.5870478749275208,315.2023010253906,paper_sampled_score_separate_b,0.0011035521747544408,512,-1.1874938011169434,-0.11520732939243317,-1.1705983877182007,-3.254472255706787,0.04850373789668083,0.0,0.6605765223503113,0,0,0.1,0.46270430088043213,112.7083511352539,48.520477294921875,0.5526263955938758,0.25663651680001387,deterministic_value_jacobian_separate_b,torch.float64,1.0,2.479509825639459e-14,1.9186759061827244e-12,symmetric_jacobi_cholesky_fp64,512,0.0001,0.7430171370506287,227.68,3.3,1400,0.7569145560264587,0.10123418271541595,-0.11354807764291763,0.21881318092346191,0.0001,1239,5079040,3334.532129392959,5079040,1.0,1e-06,4.150788307189941,0.11186845600605011,-0.16654862463474274,1.9118467569351196,-0.2668733298778534,-1.1337136030197144,0.290997713804245
14,0,0.4723011255264282,319.3606262207031,paper_sampled_score_separate_b,0.0007516228361055255,512,-1.184359073638916,-0.18506833910942078,-1.16648530960083,-3.8984434604644775,0.06350618600845337,0.0,0.7042699456214905,0,0,0.1,0.4520290791988373,30.414989471435547,29.31085777282715,0.5842105575966213,0.2718990708029164,deterministic_value_jacobian_separate_b,torch.float64,1.0,4.049935772721203e-14,1.7041623556650371e-12,symmetric_jacobi_cholesky_fp64,512,0.0001,0.9005335569381714,478.01,3.1,1398,0.7099550366401672,0.11731314659118652,-0.06697642058134079,0.1983337253332138,0.0001,1249,5120000,3361.220770086162,5120000,1.0,1e-06,3.8079960346221924,0.11099910736083984,-0.26658427715301514,1.7476513385772705,-0.3700607717037201,-1.1338168382644653,0.1952073574066162
14,2,0.5306573510169983,422.9189758300781,paper_sampled_score_separate_b,0.001515433075837791,512,-1.1591490507125854,-0.42760759592056274,-1.1582120656967163,-3.168384075164795,0.027038339525461197,0.0,0.7037484049797058,0,0,0.1,0.4212685525417328,154.62356567382812,54.56349182128906,0.573774187588761,0.25185396300029556,deterministic_value_jacobian_separate_b,torch.float64,1.0,1.2413192633953277e-14,1.1144030943776925e-12,symmetric_jacobi_cholesky_fp64,512,0.0001,0.9616386890411377,316.91,3.2,1559,0.7104811668395996,0.09292092174291611,-0.06758341193199158,0.28043925762176514,0.0001,1259,5160960,3387.875603888184,5160960,1.0,1e-06,5.768983364105225,0.10792388767004013,-0.3053642511367798,1.6998724937438965,-0.33472126722335815,-1.1348379850387573,0.13837891817092896
14,0,0.5320708751678467,365.9978942871094,paper_sampled_score_separate_b,0.0003708320145960897,512,-1.1667041778564453,-0.5981723070144653,-1.1599966287612915,-2.121516704559326,0.01779933273792267,0.0,0.7380070686340332,0,0,0.1,0.36422067880630493,114.25653076171875,52.26866912841797,0.5891085036854131,0.2831526218884392,deterministic_value_jacobian_separate_b,torch.float64,1.0,1.1023844923943283e-14,8.511622839273917e-13,symmetric_jacobi_cholesky_fp64,512,0.0001,0.7308686971664429,620.82,2.8,1559,0.677500307559967,0.061446525156497955,-0.0789126381278038,0.1461186707019806,0.0001,1269,5201920,3414.4007676099427,5201920,1.0,1e-06,2.379237174987793,0.27945250272750854,-0.3681371510028839,0.5363585352897644,-0.23581938445568085,-1.1354892253875732,0.12424200773239136
14,2,0.6378526091575623,291.99053955078125,paper_sampled_score_separate_b,0.00030768197029829025,512,-1.1509127616882324,-0.3663785755634308,-1.1442676782608032,-2.1696653366088867,0.019027289003133774,0.0,0.6413626074790955,0,0,0.1,0.3396565914154053,39.108253479003906,37.773826599121094,0.5764996007989398,0.2712007088752913,deterministic_value_jacobian_separate_b,torch.float64,1.0,2.4298397531422418e-14,1.1195586746458637e-12,symmetric_jacobi_cholesky_fp64,512,0.0001,0.8938611745834351,792.15,2.1,1559,0.7795901894569397,0.05207023024559021,0.07674956321716309,0.046467769891023636,0.0001,1279,5242880,3441.0660162661225,5242880,1.0,1e-06,2.7252871990203857,0.2953706979751587,-0.3381119966506958,1.714529037475586,-0.4277231991291046,-1.1364961862564087,0.11855725944042206
14,2,0.5510997772216797,639.7012939453125,paper_sampled_score_separate_b,0.000857191625982523,512,-1.1167219877243042,-0.6658144593238831,-1.1216753721237183,-1.4220821857452393,0.008571896702051163,0.0,0.7387745380401611,0,0,0.1,0.3443780243396759,226.73361206054688,89.26667022705078,0.6123964127331287,0.2944130635781189,deterministic_value_jacobian_separate_b,torch.float64,1.0,5.267259419246368e-15,5.695710303931275e-13,symmetric_jacobi_cholesky_fp64,512,0.0001,1.0642293691635132,885.79,1.5,1557,0.6767964959144592,0.3003968894481659,-0.14271225035190582,0.08278502523899078,0.0001,1289,5283840,3468.018585773185,5283840,1.0,1e-06,5.81707763671875,0.13242794573307037,-1.3854219913482666,-1.0851019620895386,-1.3974512815475464,-1.592294454574585,0.011744091287255287
14,1,0.5014129281044006,516.96630859375,paper_sampled_score_separate_b,0.0003138572210446,512,-1.1139217615127563,-0.06927532702684402,-1.1165333986282349,-1.5572148561477661,0.020169377326965332,0.0,0.8270063400268555,0,0,0.1,0.3312142491340637,28.066909790039062,34.05144500732422,0.5897863505640673,0.282397656020305,deterministic_value_jacobian_separate_b,torch.float64,1.0,1.90281286732858e-14,7.425893995327797e-13,symmetric_jacobi_cholesky_fp64,512,0.0001,0.737410306930542,843.97,1.8,1557,0.6045902967453003,0.11478400230407715,-0.04381841421127319,0.024477960541844368,0.0001,1299,5324800,3494.970383015927,5324800,1.0,1e-06,2.569164276123047,0.10000000149011612,-0.7993872165679932,0.3832363486289978,-0.8676421642303467,-1.1906579732894897,0.08378062397241592
14,2,0.48899832367897034,506.35888671875,paper_sampled_score_separate_b,0.0002745520614553243,512,-1.16256844997406,0.025984501466155052,-1.152013897895813,-2.720618724822998,0.04091157764196396,0.0,0.6881561279296875,0,0,0.1,0.4331703782081604,135.25991821289062,76.55004119873047,0.563227947595494,0.2606769337945888,deterministic_value_jacobian_separate_b,torch.float64,1.0,2.3331624804657556e-14,1.9739065512804276e-12,symmetric_jacobi_cholesky_fp64,512,0.0001,1.0570001602172852,720.79,3.0,1555,0.7265793085098267,0.04871058464050293,-0.04397895559668541,0.05085445195436478,0.0001,1309,5365760,3521.6566857369617,5365760,1.0,1e-06,2.590081214904785,0.31108003854751587,0.38059696555137634,2.015254259109497,0.31482863426208496,-1.1146090030670166,0.20982725918293
14,2,0.5151659846305847,425.1692810058594,paper_sampled_score_separate_b,0.001263629412278533,512,-1.1349869966506958,-0.10409155488014221,-1.1305310726165771,-3.4547970294952393,0.039598479866981506,0.0,0.6071693301200867,0,0,0.1,0.5065232515335083,83.09190368652344,60.64604187011719,0.6011611558840511,0.2682201864609958,deterministic_value_jacobian_separate_b,torch.float64,1.0,2.6331349725196754e-14,1.7642219533103225e-12,symmetric_jacobi_cholesky_fp64,512,0.0001,1.028275966644287,605.4,3.7,1563,0.823493480682373,0.06769819557666779,-0.05531606823205948,0.04680721461772919,0.0001,1319,5406720,3548.0634551257826,5406720,1.0,1e-06,2.9295949935913086,0.25062310695648193,-0.06404871493577957,1.90833580493927,-0.14629487693309784,-1.113686203956604,0.2318611741065979
14,2,0.4953714907169342,180.6347198486328,paper_sampled_score_separate_b,0.0016414764104411006,512,-1.1450364589691162,-0.5957122445106506,-1.1308424472808838,-2.2882285118103027,0.013978064060211182,0.0,0.8229795694351196,0,0,0.1,0.289485901594162,12.376792907714844,22.168804168701172,0.6122676328317145,0.27008549198950027,deterministic_value_jacobian_separate_b,torch.float64,1.0,3.4675286138699677e-14,9.297170679902505e-13,symmetric_jacobi_cholesky_fp64,512,0.0001,1.1207821369171143,738.22,2.4,1431,0.6075484752655029,0.12876351177692413,-0.09173648059368134,0.017373818904161453,0.0001,1329,5447680,3574.9412556169555,5447680,1.0,1e-06,4.842365264892578,0.13479416072368622,-0.15206539630889893,0.46374276280403137,-0.1933087557554245,-1.1161458492279053,0.03133003041148186
14,2,0.49847203493118286,299.6361389160156,paper_sampled_score_separate_b,0.0005026077851653099,512,-1.1942849159240723,0.19405266642570496,-1.1345226764678955,-3.0226354598999023,0.06551927328109741,0.0,0.8252502083778381,0,0,0.1,0.291681170463562,23.889259338378906,36.93259811401367,0.6082086613584502,0.2908644724775242,deterministic_value_jacobian_separate_b,torch.float64,1.0,5.3254558648218044e-14,2.046918115230001e-12,symmetric_jacobi_cholesky_fp64,512,0.0001,0.8383440375328064,783.19,1.8,1407,0.6058768630027771,0.059714190661907196,0.06006458401679993,0.09769932925701141,0.0001,1339,5488640,3601.616579512134,5488640,1.0,1e-06,3.5064191818237305,0.16117233037948608,0.5518863797187805,1.7484688758850098,0.5592909455299377,-1.1208076477050781,0.11605048179626465
14,1,0.393548846244812,339.16925048828125,paper_sampled_score_separate_b,0.0002109250199282542,512,-1.1088290214538574,-0.6343410015106201,-1.1093047857284546,-1.3260600566864014,0.002664034254848957,0.0,0.8006291389465332,0,0,0.1,0.3759296238422394,70.93367004394531,43.467350006103516,0.7174648747916461,0.39425007121210104,deterministic_value_jacobian_separate_b,torch.float64,1.0,6.548525867914586e-15,3.992537356070691e-13,symmetric_jacobi_cholesky_fp64,512,0.0001,0.5053804516792297,757.97,2.1,1552,0.6245088577270508,0.12248960137367249,-0.30554842948913574,0.07610458135604858,0.0001,1349,5529600,3628.284334712196,5529600,1.0,1e-06,2.942934513092041,0.10000000149011612,-1.4888577461242676,-0.9131882190704346,-1.586531639099121,-1.6789214611053467,0.026341132819652557
14,1,0.5462339520454407,404.6348571777344,paper_sampled_score_separate_b,0.0007280936115421355,512,-1.0826990604400635,0.3042739927768707,-1.0957437753677368,-1.9283441305160522,0.03131973743438721,0.0,0.7402204871177673,0,0,0.1,0.3413093686103821,115.37910461425781,64.19144439697266,0.6901337429153114,0.30289326500182656,deterministic_value_jacobian_separate_b,torch.float64,1.0,8.89231038396387e-15,6.891257250625963e-13,symmetric_jacobi_cholesky_fp64,512,0.0001,1.309527039527893,898.78,1.1,1555,0.6754744052886963,0.09581467509269714,-0.03900717943906784,0.049908753484487534,0.0001,1359,5570560,3655.2773277987726,5570560,1.0,1e-06,4.057168006896973,0.10000000149011612,-0.793703556060791,1.76119065284729,-0.9563446640968323,-1.1376577615737915,0.19808852672576904
14,1,0.44117167592048645,223.02699279785156,paper_sampled_score_separate_b,0.0014790331479161978,512,-1.0902665853500366,0.23778505623340607,-1.1055091619491577,-2.314528703689575,0.026370249688625336,0.0,0.854850172996521,0,0,0.1,0.3352702260017395,17.099456787109375,26.32274055480957,0.6704137087981084,0.29927482081935197,deterministic_value_jacobian_separate_b,torch.float64,1.0,2.4397873689767322e-14,7.632631414277099e-13,symmetric_jacobi_cholesky_fp64,512,0.0001,1.4326350688934326,868.73,1.6,1560,0.5848978161811829,0.06841285526752472,-0.01041730772703886,0.018343385308980942,0.0001,1369,5611520,3681.7712582889944,5611520,1.0,1e-06,3.399843454360962,0.11215969175100327,-0.3464815318584442,1.769115924835205,-0.5110891461372375,-1.1074002981185913,0.23885351419448853
14,1,0.47171303629875183,413.39788818359375,paper_sampled_score_separate_b,0.0006374687654897571,512,-1.1269850730895996,0.4460914433002472,-1.1212959289550781,-3.7761714458465576,0.08319155126810074,0.0,0.7165249586105347,0,0,0.1,0.4749007225036621,113.8538818359375,60.757389068603516,0.5908075382820549,0.26056501836563567,deterministic_value_jacobian_separate_b,torch.float64,1.0,2.481032717516144e-14,1.9397971222173392e-12,symmetric_jacobi_cholesky_fp64,512,0.0001,1.2312548160552979,519.26,3.3,1560,0.6978123784065247,0.04556158185005188,-0.021599791944026947,0.09990525990724564,0.0001,1379,5652480,3708.4185194917955,5652480,1.0,1e-06,3.7781693935394287,0.2548627257347107,-0.22841081023216248,2.274700403213501,-0.45803648233413696,-1.1060333251953125,0.3917275369167328
14,1,0.4099423289299011,706.4111938476562,paper_sampled_score_separate_b,0.0017309567192569375,512,-1.1988431215286255,-0.577366292476654,-1.168524980545044,-2.985299587249756,0.06334186345338821,0.0,0.973450779914856,0,0,0.1,0.2943621873855591,188.4087371826172,107.9023208618164,0.5823810007993485,0.3236194222341833,deterministic_value_jacobian_separate_b,torch.float64,1.0,1.8949858776952448e-14,1.8952986619565793e-12,symmetric_jacobi_cholesky_fp64,512,0.0005062500000000001,1.0321863889694214,250.96,4.8,1560,0.5136366486549377,0.05999176204204559,-0.11445385217666626,0.0936485230922699,0.00033750000000000007,1389,5693440,3735.4024429838173,5693440,1.0,1e-06,7.209231376647949,0.205513134598732,0.6084139943122864,1.7259827852249146,0.6345487236976624,-1.111467957496643,0.08462681621313095
14,0,0.5839464664459229,451.46038818359375,paper_sampled_score_separate_b,0.0007652896456420422,512,-1.177770972251892,0.1370859444141388,-1.1473699808120728,-3.174067497253418,0.043683797121047974,0.0,0.7903578281402588,0,0,0.1,0.21688063442707062,2.822172164916992,13.682859420776367,0.6077496179757695,0.2685994060498411,deterministic_value_jacobian_separate_b,torch.float64,1.0,6.489268468702171e-14,1.0492601684524804e-12,symmetric_jacobi_cholesky_fp64,512,0.0001,1.2638397216796875,557.22,3.5,1559,0.6326248645782471,0.0693255141377449,-0.06546413898468018,0.04071749746799469,0.0001,1399,5734400,3762.3439777540043,5734400,1.0,1e-06,4.019725322723389,0.11544942855834961,0.5539582967758179,1.8149632215499878,0.5399872660636902,-1.1178746223449707,0.07544626295566559
14,1,0.3963615596294403,363.79632568359375,paper_sampled_score_separate_b,0.0010380602907389402,512,-1.1663861274719238,0.9331862926483154,-1.164969563484192,-2.8464605808258057,0.061990052461624146,0.0,0.909928023815155,0,0,0.1,0.3670099973678589,64.78262329101562,55.7724494934082,0.5926278857193051,0.2508546975970688,deterministic_value_jacobian_separate_b,torch.float64,1.0,3.3477326216217694e-14,1.9912191615088793e-12,symmetric_jacobi_cholesky_fp64,512,0.0001,1.0142900943756104,269.29,5.0,1560,0.5494940280914307,0.053915366530418396,0.0013698320835828781,0.047398682683706284,0.0001,1409,5775360,3789.014616582077,5775360,1.0,1e-06,3.667278528213501,0.2159319967031479,0.5020555853843689,1.7803515195846558,0.5600606799125671,-1.1234865188598633,0.13931162655353546
14,1,0.49809926748275757,124.16121673583984,paper_sampled_score_separate_b,0.0007711990037932992,512,-1.1445144414901733,0.007679431699216366,-1.1519114971160889,-1.5436242818832397,0.011722651310265064,0.0,0.8431426882743835,0,0,0.1,0.2796875536441803,8.468053817749023,16.612905502319336,0.5947314788267728,0.2633578339827316,deterministic_value_jacobian_separate_b,torch.float64,1.0,2.9526199821804467e-14,6.573576433102036e-13,symmetric_jacobi_cholesky_fp64,512,0.0001,1.1278575658798218,305.94,4.9,1560,0.593019425868988,0.06672888994216919,-0.15171481668949127,0.01634315587580204,0.0001,1419,5816320,3815.4385719108395,5816320,1.0,1e-06,2.7282676696777344,0.2719539403915405,0.017418289557099342,1.774755835533142,-0.06544743478298187,-0.21957090497016907,0.10813295841217041
14,1,0.5064287781715393,219.5194091796875,paper_sampled_score_separate_b,0.0002758546033874154,512,-1.1401140689849854,0.03181665018200874,-1.1196650266647339,-2.318114757537842,0.03424490988254547,0.0,0.9042103290557861,0,0,0.1,0.3008706867694855,30.811664581298828,28.72829818725586,0.596796720363764,0.25614069156598884,deterministic_value_jacobian_separate_b,torch.float64,1.0,2.4637099670853793e-14,1.011818843424349e-12,symmetric_jacobi_cholesky_fp64,512,0.0001,1.0451712608337402,462.07,5.2,1400,0.5529686808586121,0.11117611080408096,-0.15853069722652435,0.05422968417406082,0.0001,1429,5857280,3842.1475346991792,5857280,1.0,1e-06,4.043064117431641,0.11507997661828995,0.0009170062839984894,1.8006861209869385,-0.11317920684814453,-1.132274866104126,0.13170211017131805
14,1,0.48568543791770935,288.57659912109375,paper_sampled_score_separate_b,0.0010316937696188688,512,-1.1168748140335083,0.37311267852783203,-1.1000068187713623,-3.3650360107421875,0.1912849396467209,0.0,0.541993260383606,0,0,0.1,0.6993342638015747,62.283634185791016,46.77318572998047,0.5646127089424227,0.23423552470123762,deterministic_value_jacobian_separate_b,torch.float64,1.0,7.714945417601572e-14,4.838081261473388e-12,symmetric_jacobi_cholesky_fp64,512,0.00010000000000000003,0.8114233016967773,159.56,5.2,1559,0.9225206971168518,0.04854489117860794,-0.00665697269141674,0.182998925447464,0.0001,1439,5898240,3868.772390800994,5898240,1.0,1e-06,2.5621566772460938,0.20716474950313568,0.7298940420150757,1.9195196628570557,0.7790220975875854,-1.1345123052597046,0.5545411109924316
14,1,0.6020066738128662,324.0943298339844,paper_sampled_score_separate_b,0.0005033847410231829,512,-1.069934368133545,0.383992999792099,-1.0921916961669922,-3.107903480529785,0.1314987987279892,0.0,0.5255601406097412,0,0,0.1,0.5847817659378052,64.89384460449219,46.9505615234375,0.4879052273048808,0.20537194949074652,deterministic_value_jacobian_separate_b,torch.float64,1.0,7.054697328704512e-14,4.326559496674113e-12,symmetric_jacobi_cholesky_fp64,512,0.0001,0.7638904452323914,109.91,6.3,1559,0.9513659477233887,0.059790559113025665,0.02157978154718876,0.12064056843519211,0.0001,1449,5939200,3895.771033566911,5939200,1.0,1e-06,2.7047550678253174,0.173924058675766,0.015361711382865906,1.7920809984207153,-0.2736499011516571,-1.1935603618621826,0.6874316334724426
14,1,0.4153375029563904,160.7642822265625,paper_sampled_score_separate_b,0.001927548786625266,512,-1.132286787033081,0.17275288701057434,-1.1381479501724243,-3.0799546241760254,0.08676855266094208,0.0,0.756392776966095,0,0,0.1,0.4740118980407715,28.08238410949707,26.289031982421875,0.44683501547484206,0.18879688472065465,deterministic_value_jacobian_separate_b,torch.float64,1.0,8.896085516873298e-14,3.657438929119563e-12,symmetric_jacobi_cholesky_fp64,512,0.0001,0.6833480000495911,112.76,6.4,1559,0.6610321998596191,0.0431094653904438,-0.0012225210666656494,0.11121813952922821,0.0001,1459,5980160,3922.817229489796,5980160,1.0,1e-06,3.873194694519043,0.19054463505744934,-0.1984623670578003,1.7812851667404175,-0.5286242365837097,-1.154924750328064,0.49849364161491394
