Setting seed: 2
Logging to logs/shared.ppo.karzmarz_False.resnet.dropout_0.0.damping_0.1.lr_0.001/starpilot-easy-0-10.20260721-001414_2
creating environment
Running on device: cuda:0
training...

Number of parameters: 938979.0

------------------------------------
| action_max            | 14       |
| action_min            | 0        |
| adv_avg               | -0.731   |
| adv_max               | 2.72     |
| adv_med               | -0.903   |
| adv_min               | -3.69    |
| adv_var               | 0.696    |
| clipfrac              | 0.346    |
| curr_lr               | 0.001    |
| entropy               | 2.52     |
| eplenmean             | 82.7     |
| eprewmean             | 2.61     |
| fps                   | 6.01e+03 |
| grad_norm             | 4.16     |
| kl                    | 0.0241   |
| loss_pi               | -0.0356  |
| loss_v                | 0.471    |
| lr                    | 0.001    |
| misc/nupdates         | 9        |
| misc/serial_timesteps | 4.1e+04  |
| misc/time_elapsed     | 7.18     |
| misc/total_timesteps  | 4.1e+04  |
| ratio_max             | 1.95     |
| ratio_min             | 0.471    |
| ret_avg               | 0.879    |
| ret_max               | 5.35     |
| ret_med               | 0.358    |
| ret_min               | -0.951   |
| ret_var               | 2.26     |
------------------------------------
------------------------------------
| action_max            | 14       |
| action_min            | 0        |
| adv_avg               | -0.933   |
| adv_max               | 2.33     |
| adv_med               | -0.937   |
| adv_min               | -3.84    |
| adv_var               | 0.359    |
| clipfrac              | 0.338    |
| curr_lr               | 0.001    |
| entropy               | 2.27     |
| eplenmean             | 99.3     |
| eprewmean             | 5.3      |
| fps                   | 5.97e+03 |
| grad_norm             | 3.71     |
| kl                    | 0.0233   |
| loss_pi               | -0.0517  |
| loss_v                | 0.16     |
| lr                    | 0.001    |
| misc/nupdates         | 19       |
| misc/serial_timesteps | 8.19e+04 |
| misc/time_elapsed     | 14       |
| misc/total_timesteps  | 8.19e+04 |
| ratio_max             | 2.21     |
| ratio_min             | 0.462    |
| ret_avg               | 1.03     |
| ret_max               | 3.97     |
| ret_med               | 0.836    |
| ret_min               | -1.01    |
| ret_var               | 1.37     |
------------------------------------
------------------------------------
| action_max            | 14       |
| action_min            | 0        |
| adv_avg               | -1.12    |
| adv_max               | 0.407    |
| adv_med               | -1.12    |
| adv_min               | -2.91    |
| adv_var               | 0.173    |
| clipfrac              | 0.385    |
| curr_lr               | 0.001    |
| entropy               | 2.18     |
| eplenmean             | 113      |
| eprewmean             | 6.6      |
| fps                   | 5.98e+03 |
| grad_norm             | 2.68     |
| kl                    | 0.0331   |
| loss_pi               | -0.0475  |
| loss_v                | 0.0908   |
| lr                    | 0.001    |
| misc/nupdates         | 29       |
| misc/serial_timesteps | 1.23e+05 |
| misc/time_elapsed     | 20.9     |
| misc/total_timesteps  | 1.23e+05 |
| ratio_max             | 2.92     |
| ratio_min             | 0.316    |
| ret_avg               | 0.84     |
| ret_max               | 3.52     |
| ret_med               | 0.797    |
| ret_min               | -1.11    |
| ret_var               | 1.3      |
------------------------------------
------------------------------------
| action_max            | 14       |
| action_min            | 0        |
| adv_avg               | -1.17    |
| adv_max               | 0.243    |
| adv_med               | -1.15    |
| adv_min               | -5.62    |
| adv_var               | 0.17     |
| clipfrac              | 0.357    |
| curr_lr               | 0.001    |
| entropy               | 2.12     |
| eplenmean             | 112      |
| eprewmean             | 7.37     |
| fps                   | 6.21e+03 |
| grad_norm             | 1.62     |
| kl                    | 0.0297   |
| loss_pi               | -0.0576  |
| loss_v                | 0.0769   |
| lr                    | 0.001    |
| misc/nupdates         | 39       |
| misc/serial_timesteps | 1.64e+05 |
| misc/time_elapsed     | 27.7     |
| misc/total_timesteps  | 1.64e+05 |
| ratio_max             | 2.52     |
| ratio_min             | 0.372    |
| ret_avg               | 0.606    |
| ret_max               | 3.64     |
| ret_med               | 0.546    |
| ret_min               | -1.18    |
| ret_var               | 1.29     |
------------------------------------
------------------------------------
| action_max            | 14       |
| action_min            | 0        |
| adv_avg               | -1.17    |
| adv_max               | 0.717    |
| adv_med               | -1.18    |
| adv_min               | -3.06    |
| adv_var               | 0.139    |
| clipfrac              | 0.346    |
| curr_lr               | 0.001    |
| entropy               | 1.92     |
| eplenmean             | 118      |
| eprewmean             | 8.17     |
| fps                   | 6.15e+03 |
| grad_norm             | 1.39     |
| kl                    | 0.0263   |
| loss_pi               | -0.0499  |
| loss_v                | 0.0611   |
| lr                    | 0.001    |
| misc/nupdates         | 49       |
| misc/serial_timesteps | 2.05e+05 |
| misc/time_elapsed     | 34.3     |
| misc/total_timesteps  | 2.05e+05 |
| ratio_max             | 3.01     |
| ratio_min             | 0.424    |
| ret_avg               | 0.664    |
| ret_max               | 3.52     |
| ret_med               | 0.578    |
| ret_min               | -1.25    |
| ret_var               | 1.41     |
------------------------------------
------------------------------------
| action_max            | 14       |
| action_min            | 0        |
| adv_avg               | -1.28    |
| adv_max               | 0.404    |
| adv_med               | -1.24    |
| adv_min               | -4.32    |
| adv_var               | 0.172    |
| clipfrac              | 0.375    |
| curr_lr               | 0.001    |
| entropy               | 1.83     |
| eplenmean             | 123      |
| eprewmean             | 8.97     |
| fps                   | 6.18e+03 |
| grad_norm             | 1.29     |
| kl                    | 0.0334   |
| loss_pi               | -0.0567  |
| loss_v                | 0.0575   |
| lr                    | 0.001    |
| misc/nupdates         | 59       |
| misc/serial_timesteps | 2.46e+05 |
| misc/time_elapsed     | 41       |
| misc/total_timesteps  | 2.46e+05 |
| ratio_max             | 2.45     |
| ratio_min             | 0.263    |
| ret_avg               | 0.626    |
| ret_max               | 3.91     |
| ret_med               | 0.674    |
| ret_min               | -1.25    |
| ret_var               | 1.27     |
------------------------------------
------------------------------------
| action_max            | 14       |
| action_min            | 0        |
| adv_avg               | -1.24    |
| adv_max               | 0.215    |
| adv_med               | -1.24    |
| adv_min               | -2.78    |
| adv_var               | 0.126    |
| clipfrac              | 0.43     |
| curr_lr               | 0.001    |
| entropy               | 1.73     |
| eplenmean             | 145      |
| eprewmean             | 10.6     |
| fps                   | 6.05e+03 |
| grad_norm             | 1.36     |
| kl                    | 0.0408   |
| loss_pi               | -0.0711  |
| loss_v                | 0.0508   |
| lr                    | 0.001    |
| misc/nupdates         | 69       |
| misc/serial_timesteps | 2.87e+05 |
| misc/time_elapsed     | 47.8     |
| misc/total_timesteps  | 2.87e+05 |
| ratio_max             | 3.49     |
| ratio_min             | 0.344    |
| ret_avg               | 0.584    |
| ret_max               | 3.33     |
| ret_med               | 0.72     |
| ret_min               | -1.29    |
| ret_var               | 1.15     |
------------------------------------
------------------------------------
| action_max            | 14       |
| action_min            | 0        |
| adv_avg               | -1.29    |
| adv_max               | -0.126   |
| adv_med               | -1.27    |
| adv_min               | -4.09    |
| adv_var               | 0.126    |
| clipfrac              | 0.439    |
| curr_lr               | 0.001    |
| entropy               | 1.59     |
| eplenmean             | 142      |
| eprewmean             | 10.9     |
| fps                   | 5.92e+03 |
| grad_norm             | 1.96     |
| kl                    | 0.0444   |
| loss_pi               | -0.069   |
| loss_v                | 0.0574   |
| lr                    | 0.001    |
| misc/nupdates         | 79       |
| misc/serial_timesteps | 3.28e+05 |
| misc/time_elapsed     | 54.7     |
| misc/total_timesteps  | 3.28e+05 |
| ratio_max             | 4.56     |
| ratio_min             | 0.223    |
| ret_avg               | 0.616    |
| ret_max               | 3.13     |
| ret_med               | 0.659    |
| ret_min               | -1.3     |
| ret_var               | 1.56     |
------------------------------------
------------------------------------
| action_max            | 14       |
| action_min            | 0        |
| adv_avg               | -1.32    |
| adv_max               | -0.102   |
| adv_med               | -1.3     |
| adv_min               | -3.15    |
| adv_var               | 0.0947   |
| clipfrac              | 0.438    |
| curr_lr               | 0.001    |
| entropy               | 1.55     |
| eplenmean             | 137      |
| eprewmean             | 10.8     |
| fps                   | 5.91e+03 |
| grad_norm             | 1.4      |
| kl                    | 0.0513   |
| loss_pi               | -0.0815  |
| loss_v                | 0.0398   |
| lr                    | 0.001    |
| misc/nupdates         | 89       |
| misc/serial_timesteps | 3.69e+05 |
| misc/time_elapsed     | 61.6     |
| misc/total_timesteps  | 3.69e+05 |
| ratio_max             | 4.74     |
| ratio_min             | 0.191    |
| ret_avg               | 0.494    |
| ret_max               | 3.24     |
| ret_med               | 0.365    |
| ret_min               | -1.32    |
| ret_var               | 1.37     |
------------------------------------
------------------------------------
| action_max            | 14       |
| action_min            | 0        |
| adv_avg               | -1.32    |
| adv_max               | 0.0932   |
| adv_med               | -1.3     |
| adv_min               | -2.86    |
| adv_var               | 0.0698   |
| clipfrac              | 0.438    |
| curr_lr               | 0.001    |
| entropy               | 1.41     |
| eplenmean             | 150      |
| eprewmean             | 11.6     |
| fps                   | 5.94e+03 |
| grad_norm             | 1.36     |
| kl                    | 0.0512   |
| loss_pi               | -0.0746  |
| loss_v                | 0.0369   |
| lr                    | 0.001    |
| misc/nupdates         | 99       |
| misc/serial_timesteps | 4.1e+05  |
| misc/time_elapsed     | 68.5     |
| misc/total_timesteps  | 4.1e+05  |
| ratio_max             | 5.39     |
| ratio_min             | 0.176    |
| ret_avg               | 0.377    |
| ret_max               | 3.11     |
| ret_med               | 0.166    |
| ret_min               | -1.32    |
| ret_var               | 1.3      |
------------------------------------
------------------------------------
| action_max            | 14       |
| action_min            | 0        |
| adv_avg               | -1.27    |
| adv_max               | 0.5      |
| adv_med               | -1.26    |
| adv_min               | -3.05    |
| adv_var               | 0.0939   |
| clipfrac              | 0.498    |
| curr_lr               | 0.001    |
| entropy               | 1.5      |
| eplenmean             | 159      |
| eprewmean             | 12.4     |
| fps                   | 6.24e+03 |
| grad_norm             | 0.897    |
| kl                    | 0.0614   |
| loss_pi               | -0.086   |
| loss_v                | 0.0312   |
| lr                    | 0.001    |
| misc/nupdates         | 109      |
| misc/serial_timesteps | 4.51e+05 |
| misc/time_elapsed     | 75.2     |
| misc/total_timesteps  | 4.51e+05 |
| ratio_max             | 3.78     |
| ratio_min             | 0.0608   |
| ret_avg               | 0.327    |
| ret_max               | 3.11     |
| ret_med               | 0.0119   |
| ret_min               | -1.33    |
| ret_var               | 1.12     |
------------------------------------
------------------------------------
| action_max            | 14       |
| action_min            | 0        |
| adv_avg               | -1.33    |
| adv_max               | -0.314   |
| adv_med               | -1.31    |
| adv_min               | -2.91    |
| adv_var               | 0.0747   |
| clipfrac              | 0.438    |
| curr_lr               | 0.001    |
| entropy               | 1.48     |
| eplenmean             | 158      |
| eprewmean             | 12.1     |
| fps                   | 5.96e+03 |
| grad_norm             | 1.08     |
| kl                    | 0.0442   |
| loss_pi               | -0.0743  |
| loss_v                | 0.0272   |
| lr                    | 0.001    |
| misc/nupdates         | 119      |
| misc/serial_timesteps | 4.92e+05 |
| misc/time_elapsed     | 81.9     |
| misc/total_timesteps  | 4.92e+05 |
| ratio_max             | 3        |
| ratio_min             | 0.217    |
| ret_avg               | 0.198    |
| ret_max               | 2.86     |
| ret_med               | -0.0606  |
| ret_min               | -1.33    |
| ret_var               | 1.17     |
------------------------------------
------------------------------------
| action_max            | 14       |
| action_min            | 0        |
| adv_avg               | -1.29    |
| adv_max               | -0.261   |
| adv_med               | -1.29    |
| adv_min               | -3       |
| adv_var               | 0.0717   |
| clipfrac              | 0.396    |
| curr_lr               | 0.001    |
| entropy               | 1.45     |
| eplenmean             | 154      |
| eprewmean             | 11.6     |
| fps                   | 5.85e+03 |
| grad_norm             | 1        |
| kl                    | 0.0471   |
| loss_pi               | -0.0652  |
| loss_v                | 0.0364   |
| lr                    | 0.001    |
| misc/nupdates         | 129      |
| misc/serial_timesteps | 5.32e+05 |
| misc/time_elapsed     | 88.8     |
| misc/total_timesteps  | 5.32e+05 |
| ratio_max             | 2.54     |
| ratio_min             | 0.0444   |
| ret_avg               | 0.197    |
| ret_max               | 2.71     |
| ret_med               | -0.0482  |
| ret_min               | -1.34    |
| ret_var               | 0.979    |
------------------------------------
------------------------------------
| action_max            | 14       |
| action_min            | 0        |
| adv_avg               | -1.37    |
| adv_max               | -0.38    |
| adv_med               | -1.32    |
| adv_min               | -4.89    |
| adv_var               | 0.17     |
| clipfrac              | 0.426    |
| curr_lr               | 0.001    |
| entropy               | 1.25     |
| eplenmean             | 155      |
| eprewmean             | 11.8     |
| fps                   | 5.82e+03 |
| grad_norm             | 1.67     |
| kl                    | 0.0502   |
| loss_pi               | -0.0723  |
| loss_v                | 0.0505   |
| lr                    | 0.001    |
| misc/nupdates         | 139      |
| misc/serial_timesteps | 5.73e+05 |
| misc/time_elapsed     | 95.7     |
| misc/total_timesteps  | 5.73e+05 |
| ratio_max             | 4.95     |
| ratio_min             | 0.143    |
| ret_avg               | 0.195    |
| ret_max               | 2.71     |
| ret_med               | 0.0178   |
| ret_min               | -1.35    |
| ret_var               | 0.931    |
------------------------------------
------------------------------------
| action_max            | 14       |
| action_min            | 0        |
| adv_avg               | -1.36    |
| adv_max               | -0.426   |
| adv_med               | -1.35    |
| adv_min               | -3.01    |
| adv_var               | 0.0831   |
| clipfrac              | 0.438    |
| curr_lr               | 0.001    |
| entropy               | 1.23     |
| eplenmean             | 161      |
| eprewmean             | 12.7     |
| fps                   | 5.97e+03 |
| grad_norm             | 1.22     |
| kl                    | 0.0499   |
| loss_pi               | -0.0796  |
| loss_v                | 0.0341   |
| lr                    | 0.001    |
| misc/nupdates         | 149      |
| misc/serial_timesteps | 6.14e+05 |
| misc/time_elapsed     | 103      |
| misc/total_timesteps  | 6.14e+05 |
| ratio_max             | 8.06     |
| ratio_min             | 0.174    |
| ret_avg               | 0.529    |
| ret_max               | 3.66     |
| ret_med               | 0.275    |
| ret_min               | -1.36    |
| ret_var               | 1.56     |
------------------------------------
------------------------------------
| action_max            | 14       |
| action_min            | 0        |
| adv_avg               | -1.36    |
| adv_max               | -0.442   |
| adv_med               | -1.36    |
| adv_min               | -2.99    |
| adv_var               | 0.074    |
| clipfrac              | 0.436    |
| curr_lr               | 0.001    |
| entropy               | 1.19     |
| eplenmean             | 166      |
| eprewmean             | 12.7     |
| fps                   | 6.17e+03 |
| grad_norm             | 1.21     |
| kl                    | 0.0608   |
| loss_pi               | -0.0799  |
| loss_v                | 0.0286   |
| lr                    | 0.001    |
| misc/nupdates         | 159      |
| misc/serial_timesteps | 6.55e+05 |
| misc/time_elapsed     | 109      |
| misc/total_timesteps  | 6.55e+05 |
| ratio_max             | 13.1     |
| ratio_min             | 0.0703   |
| ret_avg               | 0.518    |
| ret_max               | 3.45     |
| ret_med               | 0.196    |
| ret_min               | -1.36    |
| ret_var               | 1.77     |
------------------------------------
------------------------------------
| action_max            | 14       |
| action_min            | 0        |
| adv_avg               | -1.36    |
| adv_max               | -0.0332  |
| adv_med               | -1.35    |
| adv_min               | -3.67    |
| adv_var               | 0.0851   |
| clipfrac              | 0.459    |
| curr_lr               | 0.001    |
| entropy               | 1.26     |
| eplenmean             | 171      |
| eprewmean             | 13       |
| fps                   | 5.96e+03 |
| grad_norm             | 0.996    |
| kl                    | 0.0543   |
| loss_pi               | -0.0802  |
| loss_v                | 0.0454   |
| lr                    | 0.001    |
| misc/nupdates         | 169      |
| misc/serial_timesteps | 6.96e+05 |
| misc/time_elapsed     | 116      |
| misc/total_timesteps  | 6.96e+05 |
| ratio_max             | 4.17     |
| ratio_min             | 0.0756   |
| ret_avg               | 0.345    |
| ret_max               | 3.12     |
| ret_med               | 0.202    |
| ret_min               | -1.37    |
| ret_var               | 1.24     |
------------------------------------
------------------------------------
| action_max            | 14       |
| action_min            | 0        |
| adv_avg               | -1.37    |
| adv_max               | -0.22    |
| adv_med               | -1.35    |
| adv_min               | -2.78    |
| adv_var               | 0.098    |
| clipfrac              | 0.42     |
| curr_lr               | 0.001    |
| entropy               | 1.19     |
| eplenmean             | 195      |
| eprewmean             | 14       |
| fps                   | 6.21e+03 |
| grad_norm             | 2.92     |
| kl                    | 0.0611   |
| loss_pi               | -0.0635  |
| loss_v                | 0.0497   |
| lr                    | 0.001    |
| misc/nupdates         | 179      |
| misc/serial_timesteps | 7.37e+05 |
| misc/time_elapsed     | 123      |
| misc/total_timesteps  | 7.37e+05 |
| ratio_max             | 4.88     |
| ratio_min             | 0.108    |
| ret_avg               | 0.348    |
| ret_max               | 3.51     |
| ret_med               | 0.147    |
| ret_min               | -1.37    |
| ret_var               | 1.28     |
------------------------------------
------------------------------------
| action_max            | 14       |
| action_min            | 0        |
| adv_avg               | -1.4     |
| adv_max               | -0.0273  |
| adv_med               | -1.39    |
| adv_min               | -2.98    |
| adv_var               | 0.0897   |
| clipfrac              | 0.461    |
| curr_lr               | 0.001    |
| entropy               | 1.08     |
| eplenmean             | 192      |
| eprewmean             | 14.2     |
| fps                   | 5.88e+03 |
| grad_norm             | 0.747    |
| kl                    | 0.0672   |
| loss_pi               | -0.0742  |
| loss_v                | 0.0345   |
| lr                    | 0.001    |
| misc/nupdates         | 189      |
| misc/serial_timesteps | 7.78e+05 |
| misc/time_elapsed     | 129      |
| misc/total_timesteps  | 7.78e+05 |
| ratio_max             | 4.59     |
| ratio_min             | 0.0841   |
| ret_avg               | 0.644    |
| ret_max               | 3.19     |
| ret_med               | 0.457    |
| ret_min               | -1.38    |
| ret_var               | 1.48     |
------------------------------------
------------------------------------
| action_max            | 14       |
| action_min            | 0        |
| adv_avg               | -1.35    |
| adv_max               | 0.242    |
| adv_med               | -1.34    |
| adv_min               | -3.99    |
| adv_var               | 0.105    |
| clipfrac              | 0.418    |
| curr_lr               | 0.001    |
| entropy               | 1.05     |
| eplenmean             | 195      |
| eprewmean             | 15.2     |
| fps                   | 5.96e+03 |
| grad_norm             | 2.06     |
| kl                    | 0.0615   |
| loss_pi               | -0.076   |
| loss_v                | 0.0511   |
| lr                    | 0.001    |
| misc/nupdates         | 199      |
| misc/serial_timesteps | 8.19e+05 |
| misc/time_elapsed     | 136      |
| misc/total_timesteps  | 8.19e+05 |
| ratio_max             | 3.42     |
| ratio_min             | 0.102    |
| ret_avg               | 0.649    |
| ret_max               | 4.01     |
| ret_med               | 0.244    |
| ret_min               | -1.37    |
| ret_var               | 1.84     |
------------------------------------
------------------------------------
| action_max            | 14       |
| action_min            | 0        |
| adv_avg               | -1.38    |
| adv_max               | -0.278   |
| adv_med               | -1.37    |
| adv_min               | -4.48    |
| adv_var               | 0.0881   |
| clipfrac              | 0.42     |
| curr_lr               | 0.001    |
| entropy               | 1.07     |
| eplenmean             | 208      |
| eprewmean             | 15.2     |
| fps                   | 5.95e+03 |
| grad_norm             | 0.635    |
| kl                    | 0.0632   |
| loss_pi               | -0.0722  |
| loss_v                | 0.025    |
| lr                    | 0.001    |
| misc/nupdates         | 209      |
| misc/serial_timesteps | 8.6e+05  |
| misc/time_elapsed     | 143      |
| misc/total_timesteps  | 8.6e+05  |
| ratio_max             | 3.63     |
| ratio_min             | 0.0885   |
| ret_avg               | 0.346    |
| ret_max               | 3.86     |
| ret_med               | 0.134    |
| ret_min               | -1.37    |
| ret_var               | 1.31     |
------------------------------------
------------------------------------
| action_max            | 14       |
| action_min            | 0        |
| adv_avg               | -1.36    |
| adv_max               | 0.129    |
| adv_med               | -1.35    |
| adv_min               | -2.9     |
| adv_var               | 0.0932   |
| clipfrac              | 0.443    |
| curr_lr               | 0.001    |
| entropy               | 0.973    |
| eplenmean             | 190      |
| eprewmean             | 14.5     |
| fps                   | 6.01e+03 |
| grad_norm             | 0.728    |
| kl                    | 0.084    |
| loss_pi               | -0.0738  |
| loss_v                | 0.0279   |
| lr                    | 0.001    |
| misc/nupdates         | 219      |
| misc/serial_timesteps | 9.01e+05 |
| misc/time_elapsed     | 150      |
| misc/total_timesteps  | 9.01e+05 |
| ratio_max             | 4.44     |
| ratio_min             | 0.0497   |
| ret_avg               | 0.406    |
| ret_max               | 3.27     |
| ret_med               | 0.279    |
| ret_min               | -1.37    |
| ret_var               | 1.16     |
------------------------------------
------------------------------------
| action_max            | 14       |
| action_min            | 0        |
| adv_avg               | -1.4     |
| adv_max               | -0.355   |
| adv_med               | -1.37    |
| adv_min               | -3.41    |
| adv_var               | 0.0956   |
| clipfrac              | 0.41     |
| curr_lr               | 0.001    |
| entropy               | 0.957    |
| eplenmean             | 201      |
| eprewmean             | 15.4     |
| fps                   | 5.98e+03 |
| grad_norm             | 0.961    |
| kl                    | 0.0796   |
| loss_pi               | -0.0707  |
| loss_v                | 0.035    |
| lr                    | 0.001    |
| misc/nupdates         | 229      |
| misc/serial_timesteps | 9.42e+05 |
| misc/time_elapsed     | 157      |
| misc/total_timesteps  | 9.42e+05 |
| ratio_max             | 5.08     |
| ratio_min             | 0.0665   |
| ret_avg               | 0.58     |
| ret_max               | 3.39     |
| ret_med               | 0.471    |
| ret_min               | -1.37    |
| ret_var               | 1.48     |
------------------------------------
------------------------------------
| action_max            | 14       |
| action_min            | 0        |
| adv_avg               | -1.36    |
| adv_max               | -0.455   |
| adv_med               | -1.33    |
| adv_min               | -3.52    |
| adv_var               | 0.0714   |
| clipfrac              | 0.441    |
| curr_lr               | 0.001    |
| entropy               | 0.991    |
| eplenmean             | 220      |
| eprewmean             | 16.3     |
| fps                   | 6.14e+03 |
| grad_norm             | 1.43     |
| kl                    | 0.0668   |
| loss_pi               | -0.0846  |
| loss_v                | 0.0357   |
| lr                    | 0.001    |
| misc/nupdates         | 239      |
| misc/serial_timesteps | 9.83e+05 |
| misc/time_elapsed     | 164      |
| misc/total_timesteps  | 9.83e+05 |
| ratio_max             | 5.84     |
| ratio_min             | 0.0159   |
| ret_avg               | 0.552    |
| ret_max               | 3.3      |
| ret_med               | 0.201    |
| ret_min               | -1.37    |
| ret_var               | 1.46     |
------------------------------------
------------------------------------
| action_max            | 14       |
| action_min            | 0        |
| adv_avg               | -1.37    |
| adv_max               | 0.256    |
| adv_med               | -1.35    |
| adv_min               | -2.57    |
| adv_var               | 0.0683   |
| clipfrac              | 0.463    |
| curr_lr               | 0.001    |
| entropy               | 0.913    |
| eplenmean             | 207      |
| eprewmean             | 15.3     |
| fps                   | 6.25e+03 |
| grad_norm             | 1.45     |
| kl                    | 0.0863   |
| loss_pi               | -0.0647  |
| loss_v                | 0.043    |
| lr                    | 0.001    |
| misc/nupdates         | 249      |
| misc/serial_timesteps | 1.02e+06 |
| misc/time_elapsed     | 170      |
| misc/total_timesteps  | 1.02e+06 |
| ratio_max             | 3.78     |
| ratio_min             | 0.0462   |
| ret_avg               | 0.401    |
| ret_max               | 3.64     |
| ret_med               | 0.283    |
| ret_min               | -1.37    |
| ret_var               | 1.24     |
------------------------------------
------------------------------------
| action_max            | 14       |
| action_min            | 0        |
| adv_avg               | -1.38    |
| adv_max               | 0.439    |
| adv_med               | -1.39    |
| adv_min               | -3.24    |
| adv_var               | 0.106    |
| clipfrac              | 0.451    |
| curr_lr               | 0.001    |
| entropy               | 0.922    |
| eplenmean             | 167      |
| eprewmean             | 11.8     |
| fps                   | 6.18e+03 |
| grad_norm             | 0.811    |
| kl                    | 0.0895   |
| loss_pi               | -0.0771  |
| loss_v                | 0.0395   |
| lr                    | 0.001    |
| misc/nupdates         | 259      |
| misc/serial_timesteps | 1.06e+06 |
| misc/time_elapsed     | 177      |
| misc/total_timesteps  | 1.06e+06 |
| ratio_max             | 9.36     |
| ratio_min             | 0.00214  |
| ret_avg               | 0.304    |
| ret_max               | 2.89     |
| ret_med               | 0.0704   |
| ret_min               | -1.38    |
| ret_var               | 1.18     |
------------------------------------
------------------------------------
| action_max            | 14       |
| action_min            | 0        |
| adv_avg               | -1.35    |
| adv_max               | -0.387   |
| adv_med               | -1.34    |
| adv_min               | -3.69    |
| adv_var               | 0.106    |
| clipfrac              | 0.475    |
| curr_lr               | 0.001    |
| entropy               | 1.21     |
| eplenmean             | 180      |
| eprewmean             | 12.8     |
| fps                   | 6.16e+03 |
| grad_norm             | 1.43     |
| kl                    | 0.0847   |
| loss_pi               | -0.0737  |
| loss_v                | 0.053    |
| lr                    | 0.001    |
| misc/nupdates         | 269      |
| misc/serial_timesteps | 1.11e+06 |
| misc/time_elapsed     | 184      |
| misc/total_timesteps  | 1.11e+06 |
| ratio_max             | 8        |
| ratio_min             | 0.0141   |
| ret_avg               | 0.209    |
| ret_max               | 2.33     |
| ret_med               | 0.117    |
| ret_min               | -1.39    |
| ret_var               | 0.864    |
------------------------------------
------------------------------------
| action_max            | 14       |
| action_min            | 0        |
| adv_avg               | -1.42    |
| adv_max               | -0.272   |
| adv_med               | -1.39    |
| adv_min               | -3.49    |
| adv_var               | 0.11     |
| clipfrac              | 0.459    |
| curr_lr               | 0.001    |
| entropy               | 1.2      |
| eplenmean             | 204      |
| eprewmean             | 13.8     |
| fps                   | 6.03e+03 |
| grad_norm             | 0.845    |
| kl                    | 0.0797   |
| loss_pi               | -0.0799  |
| loss_v                | 0.038    |
| lr                    | 0.001    |
| misc/nupdates         | 279      |
| misc/serial_timesteps | 1.15e+06 |
| misc/time_elapsed     | 191      |
| misc/total_timesteps  | 1.15e+06 |
| ratio_max             | 11.1     |
| ratio_min             | 0.0124   |
| ret_avg               | -0.0819  |
| ret_max               | 2.94     |
| ret_med               | -0.252   |
| ret_min               | -1.39    |
| ret_var               | 0.867    |
------------------------------------
------------------------------------
| action_max            | 14       |
| action_min            | 0        |
| adv_avg               | -1.35    |
| adv_max               | -0.2     |
| adv_med               | -1.34    |
| adv_min               | -3.34    |
| adv_var               | 0.115    |
| clipfrac              | 0.445    |
| curr_lr               | 0.001    |
| entropy               | 1.14     |
| eplenmean             | 188      |
| eprewmean             | 12.7     |
| fps                   | 6.02e+03 |
| grad_norm             | 0.813    |
| kl                    | 0.0875   |
| loss_pi               | -0.0824  |
| loss_v                | 0.0417   |
| lr                    | 0.001    |
| misc/nupdates         | 289      |
| misc/serial_timesteps | 1.19e+06 |
| misc/time_elapsed     | 197      |
| misc/total_timesteps  | 1.19e+06 |
| ratio_max             | 9.78     |
| ratio_min             | 0.0105   |
| ret_avg               | 0.0918   |
| ret_max               | 2.98     |
| ret_med               | -0.169   |
| ret_min               | -1.39    |
| ret_var               | 0.931    |
------------------------------------
------------------------------------
| action_max            | 14       |
| action_min            | 0        |
| adv_avg               | -1.39    |
| adv_max               | -0.215   |
| adv_med               | -1.38    |
| adv_min               | -4.25    |
| adv_var               | 0.11     |
| clipfrac              | 0.43     |
| curr_lr               | 0.001    |
| entropy               | 0.908    |
| eplenmean             | 199      |
| eprewmean             | 13.6     |
| fps                   | 5.98e+03 |
| grad_norm             | 1.1      |
| kl                    | 0.0831   |
| loss_pi               | -0.0739  |
| loss_v                | 0.0527   |
| lr                    | 0.001    |
| misc/nupdates         | 299      |
| misc/serial_timesteps | 1.23e+06 |
| misc/time_elapsed     | 204      |
| misc/total_timesteps  | 1.23e+06 |
| ratio_max             | 5.56     |
| ratio_min             | 0.0552   |
| ret_avg               | 0.44     |
| ret_max               | 2.72     |
| ret_med               | 0.325    |
| ret_min               | -1.4     |
| ret_var               | 1.17     |
------------------------------------
------------------------------------
| action_max            | 14       |
| action_min            | 0        |
| adv_avg               | -1.36    |
| adv_max               | 0.112    |
| adv_med               | -1.35    |
| adv_min               | -3.13    |
| adv_var               | 0.0878   |
| clipfrac              | 0.471    |
| curr_lr               | 0.001    |
| entropy               | 0.944    |
| eplenmean             | 190      |
| eprewmean             | 13.4     |
| fps                   | 5.9e+03  |
| grad_norm             | 0.685    |
| kl                    | 0.0978   |
| loss_pi               | -0.0877  |
| loss_v                | 0.0308   |
| lr                    | 0.001    |
| misc/nupdates         | 309      |
| misc/serial_timesteps | 1.27e+06 |
| misc/time_elapsed     | 211      |
| misc/total_timesteps  | 1.27e+06 |
| ratio_max             | 7.35     |
| ratio_min             | 0.000329 |
| ret_avg               | 0.318    |
| ret_max               | 2.84     |
| ret_med               | 0.116    |
| ret_min               | -1.4     |
| ret_var               | 1.2      |
------------------------------------
------------------------------------
| action_max            | 14       |
| action_min            | 0        |
| adv_avg               | -1.39    |
| adv_max               | -0.0974  |
| adv_med               | -1.37    |
| adv_min               | -3.38    |
| adv_var               | 0.114    |
| clipfrac              | 0.463    |
| curr_lr               | 0.001    |
| entropy               | 0.968    |
| eplenmean             | 183      |
| eprewmean             | 13       |
| fps                   | 6.03e+03 |
| grad_norm             | 1.11     |
| kl                    | 0.0724   |
| loss_pi               | -0.0764  |
| loss_v                | 0.0437   |
| lr                    | 0.001    |
| misc/nupdates         | 319      |
| misc/serial_timesteps | 1.31e+06 |
| misc/time_elapsed     | 218      |
| misc/total_timesteps  | 1.31e+06 |
| ratio_max             | 7.88     |
| ratio_min             | 0.0512   |
| ret_avg               | 0.209    |
| ret_max               | 3.01     |
| ret_med               | 0.154    |
| ret_min               | -1.4     |
| ret_var               | 1.01     |
------------------------------------
------------------------------------
| action_max            | 14       |
| action_min            | 0        |
| adv_avg               | -1.37    |
| adv_max               | -0.307   |
| adv_med               | -1.37    |
| adv_min               | -2.83    |
| adv_var               | 0.0773   |
| clipfrac              | 0.408    |
| curr_lr               | 0.001    |
| entropy               | 0.888    |
| eplenmean             | 219      |
| eprewmean             | 16.1     |
| fps                   | 5.98e+03 |
| grad_norm             | 0.622    |
| kl                    | 0.0801   |
| loss_pi               | -0.0791  |
| loss_v                | 0.0262   |
| lr                    | 0.001    |
| misc/nupdates         | 329      |
| misc/serial_timesteps | 1.35e+06 |
| misc/time_elapsed     | 225      |
| misc/total_timesteps  | 1.35e+06 |
| ratio_max             | 5.55     |
| ratio_min             | 0.0602   |
| ret_avg               | 0.28     |
| ret_max               | 3.53     |
| ret_med               | -0.0105  |
| ret_min               | -1.41    |
| ret_var               | 1.08     |
------------------------------------
------------------------------------
| action_max            | 14       |
| action_min            | 0        |
| adv_avg               | -1.38    |
| adv_max               | -0.00823 |
| adv_med               | -1.37    |
| adv_min               | -3.12    |
| adv_var               | 0.0884   |
| clipfrac              | 0.416    |
| curr_lr               | 0.001    |
| entropy               | 0.744    |
| eplenmean             | 234      |
| eprewmean             | 16.7     |
| fps                   | 6.29e+03 |
| grad_norm             | 1.8      |
| kl                    | 0.122    |
| loss_pi               | -0.0676  |
| loss_v                | 0.0329   |
| lr                    | 0.001    |
| misc/nupdates         | 339      |
| misc/serial_timesteps | 1.39e+06 |
| misc/time_elapsed     | 232      |
| misc/total_timesteps  | 1.39e+06 |
| ratio_max             | 8.92     |
| ratio_min             | 0.00498  |
| ret_avg               | 0.494    |
| ret_max               | 3.24     |
| ret_med               | 0.204    |
| ret_min               | -1.4     |
| ret_var               | 1.67     |
------------------------------------
------------------------------------
| action_max            | 14       |
| action_min            | 0        |
| adv_avg               | -1.38    |
| adv_max               | 0.252    |
| adv_med               | -1.36    |
| adv_min               | -4.01    |
| adv_var               | 0.0973   |
| clipfrac              | 0.406    |
| curr_lr               | 0.001    |
| entropy               | 0.745    |
| eplenmean             | 222      |
| eprewmean             | 15.7     |
| fps                   | 5.94e+03 |
| grad_norm             | 1.05     |
| kl                    | 0.0916   |
| loss_pi               | -0.0718  |
| loss_v                | 0.0322   |
| lr                    | 0.001    |
| misc/nupdates         | 349      |
| misc/serial_timesteps | 1.43e+06 |
| misc/time_elapsed     | 238      |
| misc/total_timesteps  | 1.43e+06 |
| ratio_max             | 11.6     |
| ratio_min             | 0.0164   |
| ret_avg               | 0.523    |
| ret_max               | 3.98     |
| ret_med               | 0.295    |
| ret_min               | -1.4     |
| ret_var               | 1.35     |
------------------------------------
------------------------------------
| action_max            | 14       |
| action_min            | 0        |
| adv_avg               | -1.38    |
| adv_max               | 0.276    |
| adv_med               | -1.37    |
| adv_min               | -3.13    |
| adv_var               | 0.0825   |
| clipfrac              | 0.426    |
| curr_lr               | 0.001    |
| entropy               | 0.764    |
| eplenmean             | 222      |
| eprewmean             | 16.3     |
| fps                   | 6.16e+03 |
| grad_norm             | 1.12     |
| kl                    | 0.103    |
| loss_pi               | -0.0648  |
| loss_v                | 0.0329   |
| lr                    | 0.001    |
| misc/nupdates         | 359      |
| misc/serial_timesteps | 1.47e+06 |
| misc/time_elapsed     | 245      |
| misc/total_timesteps  | 1.47e+06 |
| ratio_max             | 3.87     |
| ratio_min             | 5.32e-08 |
| ret_avg               | 0.587    |
| ret_max               | 3.47     |
| ret_med               | 0.427    |
| ret_min               | -1.4     |
| ret_var               | 1.53     |
------------------------------------
------------------------------------
| action_max            | 14       |
| action_min            | 0        |
| adv_avg               | -1.4     |
| adv_max               | -0.114   |
| adv_med               | -1.37    |
| adv_min               | -3.19    |
| adv_var               | 0.0934   |
| clipfrac              | 0.414    |
| curr_lr               | 0.001    |
| entropy               | 0.715    |
| eplenmean             | 237      |
| eprewmean             | 17.3     |
| fps                   | 5.98e+03 |
| grad_norm             | 0.858    |
| kl                    | 0.113    |
| loss_pi               | -0.0807  |
| loss_v                | 0.0458   |
| lr                    | 0.001    |
| misc/nupdates         | 369      |
| misc/serial_timesteps | 1.52e+06 |
| misc/time_elapsed     | 252      |
| misc/total_timesteps  | 1.52e+06 |
| ratio_max             | 4.77     |
| ratio_min             | 0.00824  |
| ret_avg               | 0.44     |
| ret_max               | 3.3      |
| ret_med               | 0.466    |
| ret_min               | -1.41    |
| ret_var               | 1.01     |
------------------------------------
------------------------------------
| action_max            | 14       |
| action_min            | 0        |
| adv_avg               | -1.38    |
| adv_max               | -0.31    |
| adv_med               | -1.37    |
| adv_min               | -4.24    |
| adv_var               | 0.119    |
| clipfrac              | 0.412    |
| curr_lr               | 0.001    |
| entropy               | 0.815    |
| eplenmean             | 240      |
| eprewmean             | 17.3     |
| fps                   | 6.25e+03 |
| grad_norm             | 0.874    |
| kl                    | 0.0828   |
| loss_pi               | -0.0673  |
| loss_v                | 0.0482   |
| lr                    | 0.001    |
| misc/nupdates         | 379      |
| misc/serial_timesteps | 1.56e+06 |
| misc/time_elapsed     | 259      |
| misc/total_timesteps  | 1.56e+06 |
| ratio_max             | 9.71     |
| ratio_min             | 0.00958  |
| ret_avg               | 0.411    |
| ret_max               | 3.3      |
| ret_med               | 0.222    |
| ret_min               | -1.43    |
| ret_var               | 1.2      |
------------------------------------
------------------------------------
| action_max            | 14       |
| action_min            | 0        |
| adv_avg               | -1.42    |
| adv_max               | -0.179   |
| adv_med               | -1.39    |
| adv_min               | -3.92    |
| adv_var               | 0.127    |
| clipfrac              | 0.381    |
| curr_lr               | 0.001    |
| entropy               | 0.799    |
| eplenmean             | 243      |
| eprewmean             | 17.8     |
| fps                   | 6.02e+03 |
| grad_norm             | 1.18     |
| kl                    | 0.0766   |
| loss_pi               | -0.0632  |
| loss_v                | 0.0369   |
| lr                    | 0.001    |
| misc/nupdates         | 389      |
| misc/serial_timesteps | 1.6e+06  |
| misc/time_elapsed     | 265      |
| misc/total_timesteps  | 1.6e+06  |
| ratio_max             | 5.54     |
| ratio_min             | 0.1      |
| ret_avg               | 0.561    |
| ret_max               | 3.25     |
| ret_med               | 0.624    |
| ret_min               | -1.41    |
| ret_var               | 1.29     |
------------------------------------
------------------------------------
| action_max            | 14       |
| action_min            | 0        |
| adv_avg               | -1.43    |
| adv_max               | -0.158   |
| adv_med               | -1.39    |
| adv_min               | -4.8     |
| adv_var               | 0.102    |
| clipfrac              | 0.367    |
| curr_lr               | 0.001    |
| entropy               | 0.787    |
| eplenmean             | 209      |
| eprewmean             | 15.6     |
| fps                   | 6e+03    |
| grad_norm             | 1.78     |
| kl                    | 0.0907   |
| loss_pi               | -0.0595  |
| loss_v                | 0.0512   |
| lr                    | 0.001    |
| misc/nupdates         | 399      |
| misc/serial_timesteps | 1.64e+06 |
| misc/time_elapsed     | 272      |
| misc/total_timesteps  | 1.64e+06 |
| ratio_max             | 5.08     |
| ratio_min             | 0.0238   |
| ret_avg               | 0.63     |
| ret_max               | 4.01     |
| ret_med               | 0.21     |
| ret_min               | -1.41    |
| ret_var               | 2.13     |
------------------------------------
------------------------------------
| action_max            | 14       |
| action_min            | 0        |
| adv_avg               | -1.38    |
| adv_max               | 0.0617   |
| adv_med               | -1.37    |
| adv_min               | -3.78    |
| adv_var               | 0.0928   |
| clipfrac              | 0.371    |
| curr_lr               | 0.001    |
| entropy               | 0.722    |
| eplenmean             | 190      |
| eprewmean             | 14.2     |
| fps                   | 5.87e+03 |
| grad_norm             | 0.994    |
| kl                    | 0.0769   |
| loss_pi               | -0.0658  |
| loss_v                | 0.0312   |
| lr                    | 0.001    |
| misc/nupdates         | 409      |
| misc/serial_timesteps | 1.68e+06 |
| misc/time_elapsed     | 279      |
| misc/total_timesteps  | 1.68e+06 |
| ratio_max             | 7.4      |
| ratio_min             | 0.00929  |
| ret_avg               | 0.828    |
| ret_max               | 4.07     |
| ret_med               | 0.584    |
| ret_min               | -1.4     |
| ret_var               | 2.17     |
------------------------------------
------------------------------------
| action_max            | 14       |
| action_min            | 0        |
| adv_avg               | -1.39    |
| adv_max               | -0.192   |
| adv_med               | -1.36    |
| adv_min               | -3.58    |
| adv_var               | 0.11     |
| clipfrac              | 0.406    |
| curr_lr               | 0.001    |
| entropy               | 0.838    |
| eplenmean             | 178      |
| eprewmean             | 13.8     |
| fps                   | 6.16e+03 |
| grad_norm             | 1.3      |
| kl                    | 0.0862   |
| loss_pi               | -0.075   |
| loss_v                | 0.0399   |
| lr                    | 0.001    |
| misc/nupdates         | 419      |
| misc/serial_timesteps | 1.72e+06 |
| misc/time_elapsed     | 286      |
| misc/total_timesteps  | 1.72e+06 |
| ratio_max             | 6.13     |
| ratio_min             | 0.00527  |
| ret_avg               | 0.534    |
| ret_max               | 3.71     |
| ret_med               | 0.178    |
| ret_min               | -1.39    |
| ret_var               | 1.65     |
------------------------------------
------------------------------------
| action_max            | 14       |
| action_min            | 0        |
| adv_avg               | -1.42    |
| adv_max               | -0.332   |
| adv_med               | -1.39    |
| adv_min               | -4.37    |
| adv_var               | 0.106    |
| clipfrac              | 0.359    |
| curr_lr               | 0.001    |
| entropy               | 0.837    |
| eplenmean             | 222      |
| eprewmean             | 16.5     |
| fps                   | 6.05e+03 |
| grad_norm             | 1.67     |
| kl                    | 0.0678   |
| loss_pi               | -0.0649  |
| loss_v                | 0.0546   |
| lr                    | 0.001    |
| misc/nupdates         | 429      |
| misc/serial_timesteps | 1.76e+06 |
| misc/time_elapsed     | 293      |
| misc/total_timesteps  | 1.76e+06 |
| ratio_max             | 5.35     |
| ratio_min             | 0.000553 |
| ret_avg               | 0.485    |
| ret_max               | 3.84     |
| ret_med               | 0.209    |
| ret_min               | -1.39    |
| ret_var               | 1.65     |
------------------------------------
------------------------------------
| action_max            | 14       |
| action_min            | 0        |
| adv_avg               | -1.4     |
| adv_max               | -0.412   |
| adv_med               | -1.36    |
| adv_min               | -5.34    |
| adv_var               | 0.114    |
| clipfrac              | 0.432    |
| curr_lr               | 0.001    |
| entropy               | 0.868    |
| eplenmean             | 199      |
| eprewmean             | 14.5     |
| fps                   | 5.97e+03 |
| grad_norm             | 1.1      |
| kl                    | 0.106    |
| loss_pi               | -0.0625  |
| loss_v                | 0.0335   |
| lr                    | 0.001    |
| misc/nupdates         | 439      |
| misc/serial_timesteps | 1.8e+06  |
| misc/time_elapsed     | 300      |
| misc/total_timesteps  | 1.8e+06  |
| ratio_max             | 4.8      |
| ratio_min             | 0.0198   |
| ret_avg               | -0.0674  |
| ret_max               | 3.16     |
| ret_med               | -0.155   |
| ret_min               | -1.39    |
| ret_var               | 0.899    |
------------------------------------
------------------------------------
| action_max            | 14       |
| action_min            | 0        |
| adv_avg               | -1.35    |
| adv_max               | -0.269   |
| adv_med               | -1.35    |
| adv_min               | -2.61    |
| adv_var               | 0.0648   |
| clipfrac              | 0.41     |
| curr_lr               | 0.001    |
| entropy               | 0.791    |
| eplenmean             | 225      |
| eprewmean             | 16.4     |
| fps                   | 5.97e+03 |
| grad_norm             | 1.27     |
| kl                    | 0.0914   |
| loss_pi               | -0.0752  |
| loss_v                | 0.0303   |
| lr                    | 0.001    |
| misc/nupdates         | 449      |
| misc/serial_timesteps | 1.84e+06 |
| misc/time_elapsed     | 307      |
| misc/total_timesteps  | 1.84e+06 |
| ratio_max             | 6.58     |
| ratio_min             | 0.0206   |
| ret_avg               | 0.23     |
| ret_max               | 3.4      |
| ret_med               | 0.0556   |
| ret_min               | -1.4     |
| ret_var               | 1.18     |
------------------------------------
------------------------------------
| action_max            | 14       |
| action_min            | 0        |
| adv_avg               | -1.41    |
| adv_max               | -0.0169  |
| adv_med               | -1.38    |
| adv_min               | -3.71    |
| adv_var               | 0.122    |
| clipfrac              | 0.377    |
| curr_lr               | 0.001    |
| entropy               | 0.731    |
| eplenmean             | 223      |
| eprewmean             | 16       |
| fps                   | 6.02e+03 |
| grad_norm             | 0.772    |
| kl                    | 0.111    |
| loss_pi               | -0.0662  |
| loss_v                | 0.0387   |
| lr                    | 0.001    |
| misc/nupdates         | 459      |
| misc/serial_timesteps | 1.88e+06 |
| misc/time_elapsed     | 313      |
| misc/total_timesteps  | 1.88e+06 |
| ratio_max             | 5.99     |
| ratio_min             | 0.000165 |
| ret_avg               | 0.512    |
| ret_max               | 4.32     |
| ret_med               | 0.424    |
| ret_min               | -1.4     |
| ret_var               | 1.44     |
------------------------------------
------------------------------------
| action_max            | 14       |
| action_min            | 0        |
| adv_avg               | -1.42    |
| adv_max               | -0.321   |
| adv_med               | -1.39    |
| adv_min               | -5.29    |
| adv_var               | 0.13     |
| clipfrac              | 0.391    |
| curr_lr               | 0.001    |
| entropy               | 0.928    |
| eplenmean             | 244      |
| eprewmean             | 17.8     |
| fps                   | 5.93e+03 |
| grad_norm             | 0.839    |
| kl                    | 0.0774   |
| loss_pi               | -0.0642  |
| loss_v                | 0.0603   |
| lr                    | 0.001    |
| misc/nupdates         | 469      |
| misc/serial_timesteps | 1.93e+06 |
| misc/time_elapsed     | 320      |
| misc/total_timesteps  | 1.93e+06 |
| ratio_max             | 7.95     |
| ratio_min             | 0.0808   |
| ret_avg               | 0.521    |
| ret_max               | 3.21     |
| ret_med               | 0.379    |
| ret_min               | -1.4     |
| ret_var               | 1.49     |
------------------------------------
------------------------------------
| action_max            | 14       |
| action_min            | 0        |
| adv_avg               | -1.38    |
| adv_max               | -0.125   |
| adv_med               | -1.37    |
| adv_min               | -4.06    |
| adv_var               | 0.111    |
| clipfrac              | 0.412    |
| curr_lr               | 0.001    |
| entropy               | 0.793    |
| eplenmean             | 238      |
| eprewmean             | 17.8     |
| fps                   | 6.26e+03 |
| grad_norm             | 1.03     |
| kl                    | 0.0849   |
| loss_pi               | -0.0719  |
| loss_v                | 0.0393   |
| lr                    | 0.001    |
| misc/nupdates         | 479      |
| misc/serial_timesteps | 1.97e+06 |
| misc/time_elapsed     | 327      |
| misc/total_timesteps  | 1.97e+06 |
| ratio_max             | 8.54     |
| ratio_min             | 0.0367   |
| ret_avg               | 0.65     |
| ret_max               | 3.8      |
| ret_med               | 0.611    |
| ret_min               | -1.4     |
| ret_var               | 1.55     |
------------------------------------
------------------------------------
| action_max            | 14       |
| action_min            | 0        |
| adv_avg               | -1.44    |
| adv_max               | 0.228    |
| adv_med               | -1.41    |
| adv_min               | -3.33    |
| adv_var               | 0.0864   |
| clipfrac              | 0.396    |
| curr_lr               | 0.001    |
| entropy               | 0.881    |
| eplenmean             | 251      |
| eprewmean             | 18.1     |
| fps                   | 5.96e+03 |
| grad_norm             | 0.732    |
| kl                    | 0.101    |
| loss_pi               | -0.0716  |
| loss_v                | 0.0322   |
| lr                    | 0.001    |
| misc/nupdates         | 489      |
| misc/serial_timesteps | 2.01e+06 |
| misc/time_elapsed     | 334      |
| misc/total_timesteps  | 2.01e+06 |
| ratio_max             | 5.23     |
| ratio_min             | 0.00945  |
| ret_avg               | 0.231    |
| ret_max               | 2.96     |
| ret_med               | 0.00661  |
| ret_min               | -1.4     |
| ret_var               | 1.34     |
------------------------------------
------------------------------------
| action_max            | 14       |
| action_min            | 0        |
| adv_avg               | -1.35    |
| adv_max               | -0.203   |
| adv_med               | -1.36    |
| adv_min               | -2.31    |
| adv_var               | 0.0613   |
| clipfrac              | 0.393    |
| curr_lr               | 0.001    |
| entropy               | 0.754    |
| eplenmean             | 237      |
| eprewmean             | 18.6     |
| fps                   | 6.04e+03 |
| grad_norm             | 1.03     |
| kl                    | 0.083    |
| loss_pi               | -0.0629  |
| loss_v                | 0.0284   |
| lr                    | 0.001    |
| misc/nupdates         | 499      |
| misc/serial_timesteps | 2.05e+06 |
| misc/time_elapsed     | 341      |
| misc/total_timesteps  | 2.05e+06 |
| ratio_max             | 8.66     |
| ratio_min             | 0.0645   |
| ret_avg               | 0.623    |
| ret_max               | 4.51     |
| ret_med               | 0.263    |
| ret_min               | -1.4     |
| ret_var               | 2.42     |
------------------------------------
------------------------------------
| action_max            | 14       |
| action_min            | 0        |
| adv_avg               | -1.39    |
| adv_max               | -0.374   |
| adv_med               | -1.37    |
| adv_min               | -3.66    |
| adv_var               | 0.084    |
| clipfrac              | 0.424    |
| curr_lr               | 0.001    |
| entropy               | 0.944    |
| eplenmean             | 209      |
| eprewmean             | 16.7     |
| fps                   | 6.01e+03 |
| grad_norm             | 0.965    |
| kl                    | 0.0749   |
| loss_pi               | -0.0674  |
| loss_v                | 0.0414   |
| lr                    | 0.001    |
| misc/nupdates         | 509      |
| misc/serial_timesteps | 2.09e+06 |
| misc/time_elapsed     | 347      |
| misc/total_timesteps  | 2.09e+06 |
| ratio_max             | 5.09     |
| ratio_min             | 0.086    |
| ret_avg               | 0.279    |
| ret_max               | 4.86     |
| ret_med               | -0.078   |
| ret_min               | -1.39    |
| ret_var               | 1.99     |
------------------------------------
------------------------------------
| action_max            | 14       |
| action_min            | 0        |
| adv_avg               | -1.33    |
| adv_max               | -0.158   |
| adv_med               | -1.33    |
| adv_min               | -2.88    |
| adv_var               | 0.066    |
| clipfrac              | 0.43     |
| curr_lr               | 0.001    |
| entropy               | 0.894    |
| eplenmean             | 186      |
| eprewmean             | 13.3     |
| fps                   | 5.94e+03 |
| grad_norm             | 0.716    |
| kl                    | 0.0931   |
| loss_pi               | -0.0742  |
| loss_v                | 0.0305   |
| lr                    | 0.001    |
| misc/nupdates         | 519      |
| misc/serial_timesteps | 2.13e+06 |
| misc/time_elapsed     | 354      |
| misc/total_timesteps  | 2.13e+06 |
| ratio_max             | 4.25     |
| ratio_min             | 0.0474   |
| ret_avg               | 0.38     |
| ret_max               | 4.96     |
| ret_med               | 0.0843   |
| ret_min               | -1.38    |
| ret_var               | 1.85     |
------------------------------------
------------------------------------
| action_max            | 14       |
| action_min            | 0        |
| adv_avg               | -1.32    |
| adv_max               | -0.191   |
| adv_med               | -1.33    |
| adv_min               | -2.85    |
| adv_var               | 0.0614   |
| clipfrac              | 0.443    |
| curr_lr               | 0.001    |
| entropy               | 1.01     |
| eplenmean             | 193      |
| eprewmean             | 15.1     |
| fps                   | 6.33e+03 |
| grad_norm             | 1.27     |
| kl                    | 0.074    |
| loss_pi               | -0.0711  |
| loss_v                | 0.028    |
| lr                    | 0.001    |
| misc/nupdates         | 529      |
| misc/serial_timesteps | 2.17e+06 |
| misc/time_elapsed     | 361      |
| misc/total_timesteps  | 2.17e+06 |
| ratio_max             | 7.12     |
| ratio_min             | 0.103    |
| ret_avg               | 0.0561   |
| ret_max               | 4.18     |
| ret_med               | -0.0768  |
| ret_min               | -1.38    |
| ret_var               | 0.908    |
------------------------------------
------------------------------------
| action_max            | 14       |
| action_min            | 0        |
| adv_avg               | -1.31    |
| adv_max               | -0.261   |
| adv_med               | -1.3     |
| adv_min               | -3.08    |
| adv_var               | 0.0797   |
| clipfrac              | 0.453    |
| curr_lr               | 0.001    |
| entropy               | 0.799    |
| eplenmean             | 203      |
| eprewmean             | 16.5     |
| fps                   | 6.16e+03 |
| grad_norm             | 0.774    |
| kl                    | 0.107    |
| loss_pi               | -0.0787  |
| loss_v                | 0.0393   |
| lr                    | 0.001    |
| misc/nupdates         | 539      |
| misc/serial_timesteps | 2.21e+06 |
| misc/time_elapsed     | 368      |
| misc/total_timesteps  | 2.21e+06 |
| ratio_max             | 21.4     |
| ratio_min             | 0.0605   |
| ret_avg               | 0.223    |
| ret_max               | 2.84     |
| ret_med               | 0.152    |
| ret_min               | -1.38    |
| ret_var               | 0.656    |
------------------------------------
------------------------------------
| action_max            | 14       |
| action_min            | 0        |
| adv_avg               | -1.41    |
| adv_max               | 0.175    |
| adv_med               | -1.38    |
| adv_min               | -5.67    |
| adv_var               | 0.195    |
| clipfrac              | 0.398    |
| curr_lr               | 0.001    |
| entropy               | 0.875    |
| eplenmean             | 214      |
| eprewmean             | 16.4     |
| fps                   | 5.99e+03 |
| grad_norm             | 1.5      |
| kl                    | 0.0895   |
| loss_pi               | -0.0602  |
| loss_v                | 0.0601   |
| lr                    | 0.001    |
| misc/nupdates         | 549      |
| misc/serial_timesteps | 2.25e+06 |
| misc/time_elapsed     | 374      |
| misc/total_timesteps  | 2.25e+06 |
| ratio_max             | 14.8     |
| ratio_min             | 0.0134   |
| ret_avg               | 0.419    |
| ret_max               | 4.17     |
| ret_med               | 0.0323   |
| ret_min               | -1.38    |
| ret_var               | 1.66     |
------------------------------------
------------------------------------
| action_max            | 14       |
| action_min            | 0        |
| adv_avg               | -1.39    |
| adv_max               | -0.23    |
| adv_med               | -1.36    |
| adv_min               | -5.94    |
| adv_var               | 0.136    |
| clipfrac              | 0.441    |
| curr_lr               | 0.001    |
| entropy               | 0.871    |
| eplenmean             | 229      |
| eprewmean             | 18.2     |
| fps                   | 5.92e+03 |
| grad_norm             | 2.09     |
| kl                    | 0.0978   |
| loss_pi               | -0.0467  |
| loss_v                | 0.069    |
| lr                    | 0.001    |
| misc/nupdates         | 559      |
| misc/serial_timesteps | 2.29e+06 |
| misc/time_elapsed     | 381      |
| misc/total_timesteps  | 2.29e+06 |
| ratio_max             | 11.9     |
| ratio_min             | 0.00778  |
| ret_avg               | 0.515    |
| ret_max               | 4.2      |
| ret_med               | 0.281    |
| ret_min               | -1.38    |
| ret_var               | 1.73     |
------------------------------------
------------------------------------
| action_max            | 14       |
| action_min            | 0        |
| adv_avg               | -1.36    |
| adv_max               | -0.224   |
| adv_med               | -1.33    |
| adv_min               | -4.7     |
| adv_var               | 0.118    |
| clipfrac              | 0.42     |
| curr_lr               | 0.001    |
| entropy               | 0.897    |
| eplenmean             | 230      |
| eprewmean             | 18       |
| fps                   | 5.95e+03 |
| grad_norm             | 1.47     |
| kl                    | 0.0784   |
| loss_pi               | -0.0661  |
| loss_v                | 0.0505   |
| lr                    | 0.001    |
| misc/nupdates         | 569      |
| misc/serial_timesteps | 2.33e+06 |
| misc/time_elapsed     | 388      |
| misc/total_timesteps  | 2.33e+06 |
| ratio_max             | 3.18     |
| ratio_min             | 0.127    |
| ret_avg               | 0.297    |
| ret_max               | 3.74     |
| ret_med               | -0.0223  |
| ret_min               | -1.38    |
| ret_var               | 1.19     |
------------------------------------
------------------------------------
| action_max            | 14       |
| action_min            | 0        |
| adv_avg               | -1.39    |
| adv_max               | -0.536   |
| adv_med               | -1.36    |
| adv_min               | -4.57    |
| adv_var               | 0.0907   |
| clipfrac              | 0.412    |
| curr_lr               | 0.001    |
| entropy               | 0.911    |
| eplenmean             | 220      |
| eprewmean             | 17.4     |
| fps                   | 6.33e+03 |
| grad_norm             | 0.947    |
| kl                    | 0.0746   |
| loss_pi               | -0.0621  |
| loss_v                | 0.0392   |
| lr                    | 0.001    |
| misc/nupdates         | 579      |
| misc/serial_timesteps | 2.38e+06 |
| misc/time_elapsed     | 395      |
| misc/total_timesteps  | 2.38e+06 |
| ratio_max             | 6.15     |
| ratio_min             | 0.0704   |
| ret_avg               | 0.213    |
| ret_max               | 3.22     |
| ret_med               | 0.00252  |
| ret_min               | -1.38    |
| ret_var               | 1.01     |
------------------------------------
------------------------------------
| action_max            | 14       |
| action_min            | 0        |
| adv_avg               | -1.4     |
| adv_max               | -0.181   |
| adv_med               | -1.37    |
| adv_min               | -3.53    |
| adv_var               | 0.105    |
| clipfrac              | 0.455    |
| curr_lr               | 0.001    |
| entropy               | 0.939    |
| eplenmean             | 218      |
| eprewmean             | 17       |
| fps                   | 6.16e+03 |
| grad_norm             | 2.35     |
| kl                    | 0.0863   |
| loss_pi               | -0.061   |
| loss_v                | 0.034    |
| lr                    | 0.001    |
| misc/nupdates         | 589      |
| misc/serial_timesteps | 2.42e+06 |
| misc/time_elapsed     | 401      |
| misc/total_timesteps  | 2.42e+06 |
| ratio_max             | 16.3     |
| ratio_min             | 0.0222   |
| ret_avg               | 0.311    |
| ret_max               | 3.57     |
| ret_med               | 0.189    |
| ret_min               | -1.39    |
| ret_var               | 0.955    |
------------------------------------
------------------------------------
| action_max            | 14       |
| action_min            | 0        |
| adv_avg               | -1.36    |
| adv_max               | -0.264   |
| adv_med               | -1.35    |
| adv_min               | -3.47    |
| adv_var               | 0.0814   |
| clipfrac              | 0.371    |
| curr_lr               | 0.001    |
| entropy               | 0.708    |
| eplenmean             | 227      |
| eprewmean             | 17.6     |
| fps                   | 5.95e+03 |
| grad_norm             | 0.826    |
| kl                    | 0.0911   |
| loss_pi               | -0.0732  |
| loss_v                | 0.0334   |
| lr                    | 0.001    |
| misc/nupdates         | 599      |
| misc/serial_timesteps | 2.46e+06 |
| misc/time_elapsed     | 408      |
| misc/total_timesteps  | 2.46e+06 |
| ratio_max             | 73.2     |
| ratio_min             | 0.00923  |
| ret_avg               | 0.591    |
| ret_max               | 3.47     |
| ret_med               | 0.541    |
| ret_min               | -1.39    |
| ret_var               | 1.01     |
------------------------------------
------------------------------------
| action_max            | 14       |
| action_min            | 0        |
| adv_avg               | -1.42    |
| adv_max               | -0.152   |
| adv_med               | -1.42    |
| adv_min               | -4.52    |
| adv_var               | 0.102    |
| clipfrac              | 0.359    |
| curr_lr               | 0.001    |
| entropy               | 0.729    |
| eplenmean             | 228      |
| eprewmean             | 18       |
| fps                   | 5.99e+03 |
| grad_norm             | 0.917    |
| kl                    | 0.107    |
| loss_pi               | -0.0601  |
| loss_v                | 0.0409   |
| lr                    | 0.001    |
| misc/nupdates         | 609      |
| misc/serial_timesteps | 2.5e+06  |
| misc/time_elapsed     | 415      |
| misc/total_timesteps  | 2.5e+06  |
| ratio_max             | 6.87     |
| ratio_min             | 7.7e-06  |
| ret_avg               | 0.425    |
| ret_max               | 3        |
| ret_med               | 0.376    |
| ret_min               | -1.39    |
| ret_var               | 1.31     |
------------------------------------
------------------------------------
| action_max            | 14       |
| action_min            | 0        |
| adv_avg               | -1.36    |
| adv_max               | -0.315   |
| adv_med               | -1.36    |
| adv_min               | -2.97    |
| adv_var               | 0.0928   |
| clipfrac              | 0.43     |
| curr_lr               | 0.001    |
| entropy               | 0.786    |
| eplenmean             | 247      |
| eprewmean             | 19.8     |
| fps                   | 5.97e+03 |
| grad_norm             | 0.929    |
| kl                    | 0.0962   |
| loss_pi               | -0.0679  |
| loss_v                | 0.0316   |
| lr                    | 0.001    |
| misc/nupdates         | 619      |
| misc/serial_timesteps | 2.54e+06 |
| misc/time_elapsed     | 422      |
| misc/total_timesteps  | 2.54e+06 |
| ratio_max             | 5.25     |
| ratio_min             | 0.0186   |
| ret_avg               | 0.481    |
| ret_max               | 2.85     |
| ret_med               | 0.423    |
| ret_min               | -1.4     |
| ret_var               | 1.31     |
------------------------------------
------------------------------------
| action_max            | 14       |
| action_min            | 0        |
| adv_avg               | -1.39    |
| adv_max               | 0.282    |
| adv_med               | -1.38    |
| adv_min               | -3.46    |
| adv_var               | 0.115    |
| clipfrac              | 0.418    |
| curr_lr               | 0.001    |
| entropy               | 0.818    |
| eplenmean             | 213      |
| eprewmean             | 16.2     |
| fps                   | 5.92e+03 |
| grad_norm             | 0.636    |
| kl                    | 0.0945   |
| loss_pi               | -0.0647  |
| loss_v                | 0.044    |
| lr                    | 0.001    |
| misc/nupdates         | 629      |
| misc/serial_timesteps | 2.58e+06 |
| misc/time_elapsed     | 429      |
| misc/total_timesteps  | 2.58e+06 |
| ratio_max             | 6.66     |
| ratio_min             | 0.00078  |
| ret_avg               | 0.221    |
| ret_max               | 2.94     |
| ret_med               | 0.0623   |
| ret_min               | -1.4     |
| ret_var               | 1.21     |
------------------------------------
------------------------------------
| action_max            | 14       |
| action_min            | 0        |
| adv_avg               | -1.38    |
| adv_max               | -0.149   |
| adv_med               | -1.37    |
| adv_min               | -3.43    |
| adv_var               | 0.082    |
| clipfrac              | 0.336    |
| curr_lr               | 0.001    |
| entropy               | 0.643    |
| eplenmean             | 253      |
| eprewmean             | 20.8     |
| fps                   | 6.06e+03 |
| grad_norm             | 0.859    |
| kl                    | 0.083    |
| loss_pi               | -0.0559  |
| loss_v                | 0.0297   |
| lr                    | 0.001    |
| misc/nupdates         | 639      |
| misc/serial_timesteps | 2.62e+06 |
| misc/time_elapsed     | 436      |
| misc/total_timesteps  | 2.62e+06 |
| ratio_max             | 7.65     |
| ratio_min             | 0.0198   |
| ret_avg               | 0.875    |
| ret_max               | 3.37     |
| ret_med               | 0.832    |
| ret_min               | -1.4     |
| ret_var               | 1.34     |
------------------------------------
------------------------------------
| action_max            | 14       |
| action_min            | 0        |
| adv_avg               | -1.38    |
| adv_max               | -0.143   |
| adv_med               | -1.38    |
| adv_min               | -3.6     |
| adv_var               | 0.0851   |
| clipfrac              | 0.4      |
| curr_lr               | 0.001    |
| entropy               | 0.734    |
| eplenmean             | 244      |
| eprewmean             | 20.7     |
| fps                   | 6.07e+03 |
| grad_norm             | 0.675    |
| kl                    | 0.105    |
| loss_pi               | -0.0673  |
| loss_v                | 0.0382   |
| lr                    | 0.001    |
| misc/nupdates         | 649      |
| misc/serial_timesteps | 2.66e+06 |
| misc/time_elapsed     | 442      |
| misc/total_timesteps  | 2.66e+06 |
| ratio_max             | 4.17     |
| ratio_min             | 0.00482  |
| ret_avg               | 0.6      |
| ret_max               | 4.23     |
| ret_med               | 0.305    |
| ret_min               | -1.4     |
| ret_var               | 1.59     |
------------------------------------
------------------------------------
| action_max            | 14       |
| action_min            | 0        |
| adv_avg               | -1.4     |
| adv_max               | -0.327   |
| adv_med               | -1.37    |
| adv_min               | -5.48    |
| adv_var               | 0.099    |
| clipfrac              | 0.35     |
| curr_lr               | 0.001    |
| entropy               | 0.832    |
| eplenmean             | 215      |
| eprewmean             | 16.2     |
| fps                   | 6.18e+03 |
| grad_norm             | 1.18     |
| kl                    | 0.0854   |
| loss_pi               | -0.0562  |
| loss_v                | 0.049    |
| lr                    | 0.001    |
| misc/nupdates         | 659      |
| misc/serial_timesteps | 2.7e+06  |
| misc/time_elapsed     | 449      |
| misc/total_timesteps  | 2.7e+06  |
| ratio_max             | 6.04     |
| ratio_min             | 0.000543 |
| ret_avg               | 0.452    |
| ret_max               | 4.1      |
| ret_med               | 0.238    |
| ret_min               | -1.43    |
| ret_var               | 2.03     |
------------------------------------
------------------------------------
| action_max            | 14       |
| action_min            | 0        |
| adv_avg               | -1.38    |
| adv_max               | -0.19    |
| adv_med               | -1.37    |
| adv_min               | -2.79    |
| adv_var               | 0.0851   |
| clipfrac              | 0.35     |
| curr_lr               | 0.001    |
| entropy               | 0.68     |
| eplenmean             | 249      |
| eprewmean             | 19.1     |
| fps                   | 5.92e+03 |
| grad_norm             | 0.982    |
| kl                    | 0.0839   |
| loss_pi               | -0.0686  |
| loss_v                | 0.0464   |
| lr                    | 0.001    |
| misc/nupdates         | 669      |
| misc/serial_timesteps | 2.74e+06 |
| misc/time_elapsed     | 456      |
| misc/total_timesteps  | 2.74e+06 |
| ratio_max             | 29.9     |
| ratio_min             | 0.00623  |
| ret_avg               | 0.452    |
| ret_max               | 3.48     |
| ret_med               | 0.197    |
| ret_min               | -1.4     |
| ret_var               | 1.34     |
------------------------------------
------------------------------------
| action_max            | 14       |
| action_min            | 0        |
| adv_avg               | -1.36    |
| adv_max               | 0.409    |
| adv_med               | -1.36    |
| adv_min               | -4.1     |
| adv_var               | 0.0834   |
| clipfrac              | 0.359    |
| curr_lr               | 0.001    |
| entropy               | 0.69     |
| eplenmean             | 242      |
| eprewmean             | 19       |
| fps                   | 5.95e+03 |
| grad_norm             | 0.812    |
| kl                    | 0.0942   |
| loss_pi               | -0.0628  |
| loss_v                | 0.038    |
| lr                    | 0.001    |
| misc/nupdates         | 679      |
| misc/serial_timesteps | 2.79e+06 |
| misc/time_elapsed     | 463      |
| misc/total_timesteps  | 2.79e+06 |
| ratio_max             | 6.96     |
| ratio_min             | 0.00838  |
| ret_avg               | 0.58     |
| ret_max               | 2.86     |
| ret_med               | 0.624    |
| ret_min               | -1.4     |
| ret_var               | 1.01     |
------------------------------------
------------------------------------
| action_max            | 14       |
| action_min            | 0        |
| adv_avg               | -1.36    |
| adv_max               | -0.52    |
| adv_med               | -1.35    |
| adv_min               | -4.34    |
| adv_var               | 0.0745   |
| clipfrac              | 0.406    |
| curr_lr               | 0.001    |
| entropy               | 0.68     |
| eplenmean             | 241      |
| eprewmean             | 18.9     |
| fps                   | 5.96e+03 |
| grad_norm             | 0.654    |
| kl                    | 0.119    |
| loss_pi               | -0.064   |
| loss_v                | 0.033    |
| lr                    | 0.001    |
| misc/nupdates         | 689      |
| misc/serial_timesteps | 2.83e+06 |
| misc/time_elapsed     | 470      |
| misc/total_timesteps  | 2.83e+06 |
| ratio_max             | 10.2     |
| ratio_min             | 0.00149  |
| ret_avg               | 0.365    |
| ret_max               | 2.56     |
| ret_med               | 0.0885   |
| ret_min               | -1.4     |
| ret_var               | 1.04     |
------------------------------------
------------------------------------
| action_max            | 14       |
| action_min            | 0        |
| adv_avg               | -1.42    |
| adv_max               | -0.171   |
| adv_med               | -1.4     |
| adv_min               | -3.99    |
| adv_var               | 0.108    |
| clipfrac              | 0.346    |
| curr_lr               | 0.001    |
| entropy               | 0.635    |
| eplenmean             | 236      |
| eprewmean             | 18.9     |
| fps                   | 5.96e+03 |
| grad_norm             | 0.665    |
| kl                    | 0.0965   |
| loss_pi               | -0.0665  |
| loss_v                | 0.0344   |
| lr                    | 0.001    |
| misc/nupdates         | 699      |
| misc/serial_timesteps | 2.87e+06 |
| misc/time_elapsed     | 477      |
| misc/total_timesteps  | 2.87e+06 |
| ratio_max             | 9.07     |
| ratio_min             | 0.0116   |
| ret_avg               | 0.584    |
| ret_max               | 2.84     |
| ret_med               | 0.496    |
| ret_min               | -1.4     |
| ret_var               | 1.25     |
------------------------------------
------------------------------------
| action_max            | 14       |
| action_min            | 0        |
| adv_avg               | -1.44    |
| adv_max               | -0.378   |
| adv_med               | -1.4     |
| adv_min               | -3.97    |
| adv_var               | 0.0938   |
| clipfrac              | 0.377    |
| curr_lr               | 0.001    |
| entropy               | 0.714    |
| eplenmean             | 256      |
| eprewmean             | 20.9     |
| fps                   | 6.19e+03 |
| grad_norm             | 0.642    |
| kl                    | 0.117    |
| loss_pi               | -0.0658  |
| loss_v                | 0.0471   |
| lr                    | 0.001    |
| misc/nupdates         | 709      |
| misc/serial_timesteps | 2.91e+06 |
| misc/time_elapsed     | 483      |
| misc/total_timesteps  | 2.91e+06 |
| ratio_max             | 5.81     |
| ratio_min             | 0.000139 |
| ret_avg               | 0.311    |
| ret_max               | 2.79     |
| ret_med               | 0.0863   |
| ret_min               | -1.41    |
| ret_var               | 1.12     |
------------------------------------
------------------------------------
| action_max            | 14       |
| action_min            | 0        |
| adv_avg               | -1.39    |
| adv_max               | -0.17    |
| adv_med               | -1.37    |
| adv_min               | -3.08    |
| adv_var               | 0.0803   |
| clipfrac              | 0.449    |
| curr_lr               | 0.001    |
| entropy               | 0.875    |
| eplenmean             | 210      |
| eprewmean             | 16.7     |
| fps                   | 6.26e+03 |
| grad_norm             | 0.918    |
| kl                    | 0.124    |
| loss_pi               | -0.0633  |
| loss_v                | 0.0331   |
| lr                    | 0.001    |
| misc/nupdates         | 719      |
| misc/serial_timesteps | 2.95e+06 |
| misc/time_elapsed     | 490      |
| misc/total_timesteps  | 2.95e+06 |
| ratio_max             | 9.45     |
| ratio_min             | 4.05e-05 |
| ret_avg               | 0.056    |
| ret_max               | 2.24     |
| ret_med               | -0.0292  |
| ret_min               | -1.41    |
| ret_var               | 0.848    |
------------------------------------
------------------------------------
| action_max            | 14       |
| action_min            | 0        |
| adv_avg               | -1.38    |
| adv_max               | -0.461   |
| adv_med               | -1.37    |
| adv_min               | -3.83    |
| adv_var               | 0.0722   |
| clipfrac              | 0.322    |
| curr_lr               | 0.001    |
| entropy               | 0.641    |
| eplenmean             | 248      |
| eprewmean             | 19.6     |
| fps                   | 5.95e+03 |
| grad_norm             | 1.3      |
| kl                    | 0.0775   |
| loss_pi               | -0.0595  |
| loss_v                | 0.0269   |
| lr                    | 0.001    |
| misc/nupdates         | 729      |
| misc/serial_timesteps | 2.99e+06 |
| misc/time_elapsed     | 497      |
| misc/total_timesteps  | 2.99e+06 |
| ratio_max             | 3.77     |
| ratio_min             | 0.00336  |
| ret_avg               | 0.621    |
| ret_max               | 2.74     |
| ret_med               | 0.569    |
| ret_min               | -1.41    |
| ret_var               | 1.22     |
------------------------------------
------------------------------------
| action_max            | 14       |
| action_min            | 0        |
| adv_avg               | -1.43    |
| adv_max               | -0.506   |
| adv_med               | -1.42    |
| adv_min               | -3       |
| adv_var               | 0.0634   |
| clipfrac              | 0.389    |
| curr_lr               | 0.001    |
| entropy               | 0.672    |
| eplenmean             | 251      |
| eprewmean             | 19.6     |
| fps                   | 6.05e+03 |
| grad_norm             | 0.669    |
| kl                    | 0.097    |
| loss_pi               | -0.0722  |
| loss_v                | 0.0323   |
| lr                    | 0.001    |
| misc/nupdates         | 739      |
| misc/serial_timesteps | 3.03e+06 |
| misc/time_elapsed     | 504      |
| misc/total_timesteps  | 3.03e+06 |
| ratio_max             | 5.88     |
| ratio_min             | 0.00271  |
| ret_avg               | 0.469    |
| ret_max               | 2.82     |
| ret_med               | 0.35     |
| ret_min               | -1.42    |
| ret_var               | 1.16     |
------------------------------------
------------------------------------
| action_max            | 14       |
| action_min            | 0        |
| adv_avg               | -1.4     |
| adv_max               | -0.339   |
| adv_med               | -1.4     |
| adv_min               | -2.77    |
| adv_var               | 0.0609   |
| clipfrac              | 0.404    |
| curr_lr               | 0.001    |
| entropy               | 0.773    |
| eplenmean             | 254      |
| eprewmean             | 19.9     |
| fps                   | 5.98e+03 |
| grad_norm             | 1.3      |
| kl                    | 0.1      |
| loss_pi               | -0.0705  |
| loss_v                | 0.0279   |
| lr                    | 0.001    |
| misc/nupdates         | 749      |
| misc/serial_timesteps | 3.07e+06 |
| misc/time_elapsed     | 510      |
| misc/total_timesteps  | 3.07e+06 |
| ratio_max             | 4.72     |
| ratio_min             | 0.00575  |
| ret_avg               | 0.264    |
| ret_max               | 3.54     |
| ret_med               | -0.00303 |
| ret_min               | -1.42    |
| ret_var               | 1.28     |
------------------------------------
------------------------------------
| action_max            | 14       |
| action_min            | 0        |
| adv_avg               | -1.43    |
| adv_max               | -0.592   |
| adv_med               | -1.4     |
| adv_min               | -4.01    |
| adv_var               | 0.092    |
| clipfrac              | 0.379    |
| curr_lr               | 0.001    |
| entropy               | 0.743    |
| eplenmean             | 234      |
| eprewmean             | 18.3     |
| fps                   | 6.17e+03 |
| grad_norm             | 0.995    |
| kl                    | 0.083    |
| loss_pi               | -0.0654  |
| loss_v                | 0.0308   |
| lr                    | 0.001    |
| misc/nupdates         | 759      |
| misc/serial_timesteps | 3.11e+06 |
| misc/time_elapsed     | 517      |
| misc/total_timesteps  | 3.11e+06 |
| ratio_max             | 5.8      |
| ratio_min             | 0.0103   |
| ret_avg               | 0.473    |
| ret_max               | 2.83     |
| ret_med               | 0.489    |
| ret_min               | -1.42    |
| ret_var               | 1.16     |
------------------------------------
------------------------------------
| action_max            | 14       |
| action_min            | 0        |
| adv_avg               | -1.37    |
| adv_max               | -0.494   |
| adv_med               | -1.36    |
| adv_min               | -3.6     |
| adv_var               | 0.0554   |
| clipfrac              | 0.361    |
| curr_lr               | 0.001    |
| entropy               | 0.734    |
| eplenmean             | 255      |
| eprewmean             | 20.1     |
| fps                   | 5.95e+03 |
| grad_norm             | 0.761    |
| kl                    | 0.077    |
| loss_pi               | -0.0707  |
| loss_v                | 0.0312   |
| lr                    | 0.001    |
| misc/nupdates         | 769      |
| misc/serial_timesteps | 3.15e+06 |
| misc/time_elapsed     | 524      |
| misc/total_timesteps  | 3.15e+06 |
| ratio_max             | 7.62     |
| ratio_min             | 0.022    |
| ret_avg               | 0.557    |
| ret_max               | 2.61     |
| ret_med               | 0.784    |
| ret_min               | -1.42    |
| ret_var               | 1.05     |
------------------------------------
------------------------------------
| action_max            | 14       |
| action_min            | 0        |
| adv_avg               | -1.4     |
| adv_max               | -0.541   |
| adv_med               | -1.39    |
| adv_min               | -2.76    |
| adv_var               | 0.0564   |
| clipfrac              | 0.412    |
| curr_lr               | 0.001    |
| entropy               | 0.894    |
| eplenmean             | 267      |
| eprewmean             | 22.2     |
| fps                   | 5.79e+03 |
| grad_norm             | 0.753    |
| kl                    | 0.0989   |
| loss_pi               | -0.066   |
| loss_v                | 0.0308   |
| lr                    | 0.001    |
| misc/nupdates         | 779      |
| misc/serial_timesteps | 3.19e+06 |
| misc/time_elapsed     | 531      |
| misc/total_timesteps  | 3.19e+06 |
| ratio_max             | 9.39     |
| ratio_min             | 0.0115   |
| ret_avg               | 0.133    |
| ret_max               | 3.05     |
| ret_med               | -0.191   |
| ret_min               | -1.42    |
| ret_var               | 1.14     |
------------------------------------
------------------------------------
| action_max            | 14       |
| action_min            | 0        |
| adv_avg               | -1.41    |
| adv_max               | -0.573   |
| adv_med               | -1.39    |
| adv_min               | -3.42    |
| adv_var               | 0.0561   |
| clipfrac              | 0.402    |
| curr_lr               | 0.001    |
| entropy               | 0.729    |
| eplenmean             | 260      |
| eprewmean             | 20.6     |
| fps                   | 5.9e+03  |
| grad_norm             | 0.71     |
| kl                    | 0.0964   |
| loss_pi               | -0.0665  |
| loss_v                | 0.0239   |
| lr                    | 0.001    |
| misc/nupdates         | 789      |
| misc/serial_timesteps | 3.24e+06 |
| misc/time_elapsed     | 538      |
| misc/total_timesteps  | 3.24e+06 |
| ratio_max             | 5.27     |
| ratio_min             | 0.00907  |
| ret_avg               | 0.37     |
| ret_max               | 3.19     |
| ret_med               | 0.11     |
| ret_min               | -1.42    |
| ret_var               | 1.35     |
------------------------------------
------------------------------------
| action_max            | 14       |
| action_min            | 0        |
| adv_avg               | -1.4     |
| adv_max               | -0.285   |
| adv_med               | -1.39    |
| adv_min               | -3.86    |
| adv_var               | 0.0582   |
| clipfrac              | 0.389    |
| curr_lr               | 0.001    |
| entropy               | 0.764    |
| eplenmean             | 230      |
| eprewmean             | 19       |
| fps                   | 5.89e+03 |
| grad_norm             | 0.725    |
| kl                    | 0.0973   |
| loss_pi               | -0.0698  |
| loss_v                | 0.0246   |
| lr                    | 0.001    |
| misc/nupdates         | 799      |
| misc/serial_timesteps | 3.28e+06 |
| misc/time_elapsed     | 545      |
| misc/total_timesteps  | 3.28e+06 |
| ratio_max             | 11.7     |
| ratio_min             | 0.0249   |
| ret_avg               | 0.417    |
| ret_max               | 3.15     |
| ret_med               | 0.239    |
| ret_min               | -1.42    |
| ret_var               | 1.27     |
------------------------------------
------------------------------------
| action_max            | 14       |
| action_min            | 0        |
| adv_avg               | -1.46    |
| adv_max               | -0.522   |
| adv_med               | -1.42    |
| adv_min               | -4.09    |
| adv_var               | 0.0838   |
| clipfrac              | 0.404    |
| curr_lr               | 0.001    |
| entropy               | 0.825    |
| eplenmean             | 238      |
| eprewmean             | 19.6     |
| fps                   | 5.98e+03 |
| grad_norm             | 0.883    |
| kl                    | 0.0915   |
| loss_pi               | -0.0683  |
| loss_v                | 0.0424   |
| lr                    | 0.001    |
| misc/nupdates         | 809      |
| misc/serial_timesteps | 3.32e+06 |
| misc/time_elapsed     | 552      |
| misc/total_timesteps  | 3.32e+06 |
| ratio_max             | 7.94     |
| ratio_min             | 0.00487  |
| ret_avg               | 0.385    |
| ret_max               | 2.87     |
| ret_med               | 0.255    |
| ret_min               | -1.43    |
| ret_var               | 1.1      |
------------------------------------
------------------------------------
| action_max            | 14       |
| action_min            | 0        |
| adv_avg               | -1.39    |
| adv_max               | -0.0139  |
| adv_med               | -1.38    |
| adv_min               | -3.54    |
| adv_var               | 0.0926   |
| clipfrac              | 0.355    |
| curr_lr               | 0.001    |
| entropy               | 0.671    |
| eplenmean             | 270      |
| eprewmean             | 21.8     |
| fps                   | 5.98e+03 |
| grad_norm             | 1.01     |
| kl                    | 0.0863   |
| loss_pi               | -0.0724  |
| loss_v                | 0.0365   |
| lr                    | 0.001    |
| misc/nupdates         | 819      |
| misc/serial_timesteps | 3.36e+06 |
| misc/time_elapsed     | 559      |
| misc/total_timesteps  | 3.36e+06 |
| ratio_max             | 17.8     |
| ratio_min             | 0.00291  |
| ret_avg               | 0.61     |
| ret_max               | 2.63     |
| ret_med               | 0.64     |
| ret_min               | -1.43    |
| ret_var               | 0.928    |
------------------------------------
------------------------------------
| action_max            | 14       |
| action_min            | 0        |
| adv_avg               | -1.44    |
| adv_max               | -0.229   |
| adv_med               | -1.41    |
| adv_min               | -3.95    |
| adv_var               | 0.0853   |
| clipfrac              | 0.326    |
| curr_lr               | 0.001    |
| entropy               | 0.617    |
| eplenmean             | 262      |
| eprewmean             | 21.4     |
| fps                   | 6.32e+03 |
| grad_norm             | 0.684    |
| kl                    | 0.0716   |
| loss_pi               | -0.0594  |
| loss_v                | 0.0376   |
| lr                    | 0.001    |
| misc/nupdates         | 829      |
| misc/serial_timesteps | 3.4e+06  |
| misc/time_elapsed     | 565      |
| misc/total_timesteps  | 3.4e+06  |
| ratio_max             | 3.34     |
| ratio_min             | 0.0565   |
| ret_avg               | 0.782    |
| ret_max               | 2.83     |
| ret_med               | 0.79     |
| ret_min               | -1.43    |
| ret_var               | 1.21     |
------------------------------------
------------------------------------
| action_max            | 14       |
| action_min            | 0        |
| adv_avg               | -1.38    |
| adv_max               | -0.324   |
| adv_med               | -1.37    |
| adv_min               | -3.1     |
| adv_var               | 0.0687   |
| clipfrac              | 0.346    |
| curr_lr               | 0.001    |
| entropy               | 0.732    |
| eplenmean             | 268      |
| eprewmean             | 21       |
| fps                   | 5.96e+03 |
| grad_norm             | 1.46     |
| kl                    | 0.0812   |
| loss_pi               | -0.0647  |
| loss_v                | 0.0356   |
| lr                    | 0.001    |
| misc/nupdates         | 839      |
| misc/serial_timesteps | 3.44e+06 |
| misc/time_elapsed     | 572      |
| misc/total_timesteps  | 3.44e+06 |
| ratio_max             | 5.73     |
| ratio_min             | 0.0291   |
| ret_avg               | 0.484    |
| ret_max               | 3.14     |
| ret_med               | 0.347    |
| ret_min               | -1.43    |
| ret_var               | 1.09     |
------------------------------------
------------------------------------
| action_max            | 14       |
| action_min            | 0        |
| adv_avg               | -1.46    |
| adv_max               | -0.479   |
| adv_med               | -1.43    |
| adv_min               | -3.13    |
| adv_var               | 0.0858   |
| clipfrac              | 0.393    |
| curr_lr               | 0.001    |
| entropy               | 0.759    |
| eplenmean             | 259      |
| eprewmean             | 20.4     |
| fps                   | 6.09e+03 |
| grad_norm             | 0.981    |
| kl                    | 0.0827   |
| loss_pi               | -0.075   |
| loss_v                | 0.0418   |
| lr                    | 0.001    |
| misc/nupdates         | 849      |
| misc/serial_timesteps | 3.48e+06 |
| misc/time_elapsed     | 579      |
| misc/total_timesteps  | 3.48e+06 |
| ratio_max             | 11.3     |
| ratio_min             | 0.0429   |
| ret_avg               | 0.422    |
| ret_max               | 3.42     |
| ret_med               | 0.163    |
| ret_min               | -1.43    |
| ret_var               | 1.41     |
------------------------------------
------------------------------------
| action_max            | 14       |
| action_min            | 0        |
| adv_avg               | -1.41    |
| adv_max               | 0.148    |
| adv_med               | -1.4     |
| adv_min               | -3.91    |
| adv_var               | 0.117    |
| clipfrac              | 0.312    |
| curr_lr               | 0.001    |
| entropy               | 0.616    |
| eplenmean             | 277      |
| eprewmean             | 22.2     |
| fps                   | 6.17e+03 |
| grad_norm             | 0.757    |
| kl                    | 0.0943   |
| loss_pi               | -0.0538  |
| loss_v                | 0.0486   |
| lr                    | 0.001    |
| misc/nupdates         | 859      |
| misc/serial_timesteps | 3.52e+06 |
| misc/time_elapsed     | 585      |
| misc/total_timesteps  | 3.52e+06 |
| ratio_max             | 9.83     |
| ratio_min             | 0.00551  |
| ret_avg               | 0.838    |
| ret_max               | 3.86     |
| ret_med               | 0.784    |
| ret_min               | -1.44    |
| ret_var               | 1.37     |
------------------------------------
------------------------------------
| action_max            | 14       |
| action_min            | 0        |
| adv_avg               | -1.47    |
| adv_max               | 0.555    |
| adv_med               | -1.45    |
| adv_min               | -2.74    |
| adv_var               | 0.086    |
| clipfrac              | 0.406    |
| curr_lr               | 0.001    |
| entropy               | 0.638    |
| eplenmean             | 265      |
| eprewmean             | 22.5     |
| fps                   | 5.96e+03 |
| grad_norm             | 0.961    |
| kl                    | 0.114    |
| loss_pi               | -0.0628  |
| loss_v                | 0.0351   |
| lr                    | 0.001    |
| misc/nupdates         | 869      |
| misc/serial_timesteps | 3.56e+06 |
| misc/time_elapsed     | 592      |
| misc/total_timesteps  | 3.56e+06 |
| ratio_max             | 4.26     |
| ratio_min             | 0.00142  |
| ret_avg               | 0.433    |
| ret_max               | 4.23     |
| ret_med               | 0.21     |
| ret_min               | -1.43    |
| ret_var               | 1.33     |
------------------------------------
------------------------------------
| action_max            | 14       |
| action_min            | 0        |
| adv_avg               | -1.4     |
| adv_max               | -0.195   |
| adv_med               | -1.39    |
| adv_min               | -3.02    |
| adv_var               | 0.061    |
| clipfrac              | 0.398    |
| curr_lr               | 0.001    |
| entropy               | 0.7      |
| eplenmean             | 273      |
| eprewmean             | 21.7     |
| fps                   | 5.87e+03 |
| grad_norm             | 1.6      |
| kl                    | 0.127    |
| loss_pi               | -0.064   |
| loss_v                | 0.0317   |
| lr                    | 0.001    |
| misc/nupdates         | 879      |
| misc/serial_timesteps | 3.6e+06  |
| misc/time_elapsed     | 599      |
| misc/total_timesteps  | 3.6e+06  |
| ratio_max             | 10.4     |
| ratio_min             | 0.000182 |
| ret_avg               | 0.309    |
| ret_max               | 2.55     |
| ret_med               | 0.179    |
| ret_min               | -1.44    |
| ret_var               | 0.954    |
------------------------------------
------------------------------------
| action_max            | 14       |
| action_min            | 0        |
| adv_avg               | -1.43    |
| adv_max               | 0.238    |
| adv_med               | -1.42    |
| adv_min               | -2.96    |
| adv_var               | 0.101    |
| clipfrac              | 0.371    |
| curr_lr               | 0.001    |
| entropy               | 0.691    |
| eplenmean             | 270      |
| eprewmean             | 22.4     |
| fps                   | 6.19e+03 |
| grad_norm             | 0.853    |
| kl                    | 0.0934   |
| loss_pi               | -0.062   |
| loss_v                | 0.0366   |
| lr                    | 0.001    |
| misc/nupdates         | 889      |
| misc/serial_timesteps | 3.65e+06 |
| misc/time_elapsed     | 606      |
| misc/total_timesteps  | 3.65e+06 |
| ratio_max             | 3.28     |
| ratio_min             | 0.0103   |
| ret_avg               | 0.506    |
| ret_max               | 3.25     |
| ret_med               | 0.385    |
| ret_min               | -1.44    |
| ret_var               | 1.39     |
------------------------------------
------------------------------------
| action_max            | 14       |
| action_min            | 0        |
| adv_avg               | -1.44    |
| adv_max               | -0.377   |
| adv_med               | -1.39    |
| adv_min               | -4.32    |
| adv_var               | 0.109    |
| clipfrac              | 0.365    |
| curr_lr               | 0.001    |
| entropy               | 0.651    |
| eplenmean             | 248      |
| eprewmean             | 19.8     |
| fps                   | 5.94e+03 |
| grad_norm             | 0.725    |
| kl                    | 0.0821   |
| loss_pi               | -0.0573  |
| loss_v                | 0.0388   |
| lr                    | 0.001    |
| misc/nupdates         | 899      |
| misc/serial_timesteps | 3.69e+06 |
| misc/time_elapsed     | 613      |
| misc/total_timesteps  | 3.69e+06 |
| ratio_max             | 5.35     |
| ratio_min             | 0.00763  |
| ret_avg               | 0.268    |
| ret_max               | 3.26     |
| ret_med               | -0.0212  |
| ret_min               | -1.44    |
| ret_var               | 1.05     |
------------------------------------
------------------------------------
| action_max            | 14       |
| action_min            | 0        |
| adv_avg               | -1.43    |
| adv_max               | 0.182    |
| adv_med               | -1.42    |
| adv_min               | -3.28    |
| adv_var               | 0.092    |
| clipfrac              | 0.355    |
| curr_lr               | 0.001    |
| entropy               | 0.656    |
| eplenmean             | 277      |
| eprewmean             | 22.4     |
| fps                   | 5.96e+03 |
| grad_norm             | 1.19     |
| kl                    | 0.0901   |
| loss_pi               | -0.0736  |
| loss_v                | 0.0414   |
| lr                    | 0.001    |
| misc/nupdates         | 909      |
| misc/serial_timesteps | 3.73e+06 |
| misc/time_elapsed     | 620      |
| misc/total_timesteps  | 3.73e+06 |
| ratio_max             | 16.4     |
| ratio_min             | 0.0111   |
| ret_avg               | 0.647    |
| ret_max               | 3.2      |
| ret_med               | 0.548    |
| ret_min               | -1.44    |
| ret_var               | 1.35     |
------------------------------------
------------------------------------
| action_max            | 14       |
| action_min            | 0        |
| adv_avg               | -1.39    |
| adv_max               | 0.3      |
| adv_med               | -1.39    |
| adv_min               | -3.93    |
| adv_var               | 0.102    |
| clipfrac              | 0.369    |
| curr_lr               | 0.001    |
| entropy               | 0.64     |
| eplenmean             | 250      |
| eprewmean             | 20.1     |
| fps                   | 6.28e+03 |
| grad_norm             | 0.838    |
| kl                    | 0.113    |
| loss_pi               | -0.0667  |
| loss_v                | 0.0321   |
| lr                    | 0.001    |
| misc/nupdates         | 919      |
| misc/serial_timesteps | 3.77e+06 |
| misc/time_elapsed     | 626      |
| misc/total_timesteps  | 3.77e+06 |
| ratio_max             | 86.1     |
| ratio_min             | 0.00935  |
| ret_avg               | 0.573    |
| ret_max               | 3.16     |
| ret_med               | 0.374    |
| ret_min               | -1.44    |
| ret_var               | 1.39     |
------------------------------------
------------------------------------
| action_max            | 14       |
| action_min            | 0        |
| adv_avg               | -1.46    |
| adv_max               | -0.39    |
| adv_med               | -1.42    |
| adv_min               | -3.6     |
| adv_var               | 0.1      |
| clipfrac              | 0.385    |
| curr_lr               | 0.001    |
| entropy               | 0.612    |
| eplenmean             | 254      |
| eprewmean             | 20       |
| fps                   | 6.28e+03 |
| grad_norm             | 0.86     |
| kl                    | 0.119    |
| loss_pi               | -0.0635  |
| loss_v                | 0.044    |
| lr                    | 0.001    |
| misc/nupdates         | 929      |
| misc/serial_timesteps | 3.81e+06 |
| misc/time_elapsed     | 633      |
| misc/total_timesteps  | 3.81e+06 |
| ratio_max             | 4.19     |
| ratio_min             | 0.00176  |
| ret_avg               | 0.512    |
| ret_max               | 3.53     |
| ret_med               | 0.291    |
| ret_min               | -1.44    |
| ret_var               | 1.2      |
------------------------------------
------------------------------------
| action_max            | 14       |
| action_min            | 0        |
| adv_avg               | -1.45    |
| adv_max               | -0.152   |
| adv_med               | -1.42    |
| adv_min               | -3.81    |
| adv_var               | 0.0902   |
| clipfrac              | 0.357    |
| curr_lr               | 0.001    |
| entropy               | 0.661    |
| eplenmean             | 286      |
| eprewmean             | 24.2     |
| fps                   | 5.92e+03 |
| grad_norm             | 0.831    |
| kl                    | 0.098    |
| loss_pi               | -0.0682  |
| loss_v                | 0.0443   |
| lr                    | 0.001    |
| misc/nupdates         | 939      |
| misc/serial_timesteps | 3.85e+06 |
| misc/time_elapsed     | 640      |
| misc/total_timesteps  | 3.85e+06 |
| ratio_max             | 8.54     |
| ratio_min             | 0.0603   |
| ret_avg               | 0.373    |
| ret_max               | 3.94     |
| ret_med               | 0.147    |
| ret_min               | -1.44    |
| ret_var               | 1.02     |
------------------------------------
------------------------------------
| action_max            | 14       |
| action_min            | 0        |
| adv_avg               | -1.39    |
| adv_max               | -0.182   |
| adv_med               | -1.37    |
| adv_min               | -3.09    |
| adv_var               | 0.0623   |
| clipfrac              | 0.375    |
| curr_lr               | 0.001    |
| entropy               | 0.582    |
| eplenmean             | 275      |
| eprewmean             | 22.3     |
| fps                   | 5.96e+03 |
| grad_norm             | 0.788    |
| kl                    | 0.119    |
| loss_pi               | -0.0573  |
| loss_v                | 0.033    |
| lr                    | 0.001    |
| misc/nupdates         | 949      |
| misc/serial_timesteps | 3.89e+06 |
| misc/time_elapsed     | 647      |
| misc/total_timesteps  | 3.89e+06 |
| ratio_max             | 15.7     |
| ratio_min             | 0.00709  |
| ret_avg               | 0.269    |
| ret_max               | 2.56     |
| ret_med               | -0.0241  |
| ret_min               | -1.44    |
| ret_var               | 0.848    |
------------------------------------
------------------------------------
| action_max            | 14       |
| action_min            | 0        |
| adv_avg               | -1.46    |
| adv_max               | -0.387   |
| adv_med               | -1.42    |
| adv_min               | -5.9     |
| adv_var               | 0.106    |
| clipfrac              | 0.355    |
| curr_lr               | 0.001    |
| entropy               | 0.607    |
| eplenmean             | 278      |
| eprewmean             | 21.5     |
| fps                   | 6.08e+03 |
| grad_norm             | 0.673    |
| kl                    | 0.0966   |
| loss_pi               | -0.0581  |
| loss_v                | 0.0411   |
| lr                    | 0.001    |
| misc/nupdates         | 959      |
| misc/serial_timesteps | 3.93e+06 |
| misc/time_elapsed     | 654      |
| misc/total_timesteps  | 3.93e+06 |
| ratio_max             | 4.82     |
| ratio_min             | 0.014    |
| ret_avg               | 0.426    |
| ret_max               | 3.06     |
| ret_med               | 0.341    |
| ret_min               | -1.45    |
| ret_var               | 0.964    |
------------------------------------
------------------------------------
| action_max            | 14       |
| action_min            | 0        |
| adv_avg               | -1.5     |
| adv_max               | -0.39    |
| adv_med               | -1.46    |
| adv_min               | -3.81    |
| adv_var               | 0.109    |
| clipfrac              | 0.338    |
| curr_lr               | 0.001    |
| entropy               | 0.557    |
| eplenmean             | 257      |
| eprewmean             | 21.3     |
| fps                   | 6.23e+03 |
| grad_norm             | 0.874    |
| kl                    | 0.106    |
| loss_pi               | -0.0573  |
| loss_v                | 0.0614   |
| lr                    | 0.001    |
| misc/nupdates         | 969      |
| misc/serial_timesteps | 3.97e+06 |
| misc/time_elapsed     | 660      |
| misc/total_timesteps  | 3.97e+06 |
| ratio_max             | 27.4     |
| ratio_min             | 0.00531  |
| ret_avg               | 0.686    |
| ret_max               | 3.33     |
| ret_med               | 0.486    |
| ret_min               | -1.45    |
| ret_var               | 1.4      |
------------------------------------
------------------------------------
| action_max            | 14       |
| action_min            | 0        |
| adv_avg               | -1.45    |
| adv_max               | -0.566   |
| adv_med               | -1.42    |
| adv_min               | -3.7     |
| adv_var               | 0.0874   |
| clipfrac              | 0.342    |
| curr_lr               | 0.001    |
| entropy               | 0.598    |
| eplenmean             | 269      |
| eprewmean             | 21.3     |
| fps                   | 5.94e+03 |
| grad_norm             | 1.31     |
| kl                    | 0.109    |
| loss_pi               | -0.0606  |
| loss_v                | 0.0386   |
| lr                    | 0.001    |
| misc/nupdates         | 979      |
| misc/serial_timesteps | 4.01e+06 |
| misc/time_elapsed     | 667      |
| misc/total_timesteps  | 4.01e+06 |
| ratio_max             | 7.3      |
| ratio_min             | 0.0131   |
| ret_avg               | 0.397    |
| ret_max               | 3.42     |
| ret_med               | 0.23     |
| ret_min               | -1.45    |
| ret_var               | 1.27     |
------------------------------------
------------------------------------
| action_max            | 14       |
| action_min            | 0        |
| adv_avg               | -1.47    |
| adv_max               | -0.212   |
| adv_med               | -1.44    |
| adv_min               | -4.46    |
| adv_var               | 0.119    |
| clipfrac              | 0.428    |
| curr_lr               | 0.001    |
| entropy               | 0.725    |
| eplenmean             | 265      |
| eprewmean             | 21       |
| fps                   | 5.86e+03 |
| grad_norm             | 1.17     |
| kl                    | 0.134    |
| loss_pi               | -0.0674  |
| loss_v                | 0.0513   |
| lr                    | 0.001    |
| misc/nupdates         | 989      |
| misc/serial_timesteps | 4.06e+06 |
| misc/time_elapsed     | 674      |
| misc/total_timesteps  | 4.06e+06 |
| ratio_max             | 8.86     |
| ratio_min             | 0.00154  |
| ret_avg               | 0.445    |
| ret_max               | 3.04     |
| ret_med               | 0.339    |
| ret_min               | -1.45    |
| ret_var               | 1.12     |
------------------------------------
------------------------------------
| action_max            | 14       |
| action_min            | 0        |
| adv_avg               | -1.46    |
| adv_max               | 0.0882   |
| adv_med               | -1.44    |
| adv_min               | -3.39    |
| adv_var               | 0.0822   |
| clipfrac              | 0.311    |
| curr_lr               | 0.001    |
| entropy               | 0.569    |
| eplenmean             | 259      |
| eprewmean             | 20.7     |
| fps                   | 5.94e+03 |
| grad_norm             | 0.704    |
| kl                    | 0.123    |
| loss_pi               | -0.0584  |
| loss_v                | 0.0335   |
| lr                    | 0.001    |
| misc/nupdates         | 999      |
| misc/serial_timesteps | 4.1e+06  |
| misc/time_elapsed     | 681      |
| misc/total_timesteps  | 4.1e+06  |
| ratio_max             | 5.47     |
| ratio_min             | 1.44e-05 |
| ret_avg               | 0.495    |
| ret_max               | 2.49     |
| ret_med               | 0.304    |
| ret_min               | -1.46    |
| ret_var               | 1.01     |
------------------------------------
------------------------------------
| action_max            | 14       |
| action_min            | 0        |
| adv_avg               | -1.48    |
| adv_max               | -0.506   |
| adv_med               | -1.45    |
| adv_min               | -3.26    |
| adv_var               | 0.0759   |
| clipfrac              | 0.35     |
| curr_lr               | 0.001    |
| entropy               | 0.563    |
| eplenmean             | 242      |
| eprewmean             | 19.7     |
| fps                   | 6.02e+03 |
| grad_norm             | 0.923    |
| kl                    | 0.0881   |
| loss_pi               | -0.0641  |
| loss_v                | 0.038    |
| lr                    | 0.001    |
| misc/nupdates         | 1.01e+03 |
| misc/serial_timesteps | 4.14e+06 |
| misc/time_elapsed     | 688      |
| misc/total_timesteps  | 4.14e+06 |
| ratio_max             | 13.9     |
| ratio_min             | 0.00038  |
| ret_avg               | 0.5      |
| ret_max               | 2.84     |
| ret_med               | 0.312    |
| ret_min               | -1.46    |
| ret_var               | 1.33     |
------------------------------------
------------------------------------
| action_max            | 14       |
| action_min            | 0        |
| adv_avg               | -1.45    |
| adv_max               | -0.426   |
| adv_med               | -1.45    |
| adv_min               | -3.05    |
| adv_var               | 0.0619   |
| clipfrac              | 0.381    |
| curr_lr               | 0.001    |
| entropy               | 0.591    |
| eplenmean             | 248      |
| eprewmean             | 20.8     |
| fps                   | 6.26e+03 |
| grad_norm             | 0.695    |
| kl                    | 0.147    |
| loss_pi               | -0.0601  |
| loss_v                | 0.0376   |
| lr                    | 0.001    |
| misc/nupdates         | 1.02e+03 |
| misc/serial_timesteps | 4.18e+06 |
| misc/time_elapsed     | 695      |
| misc/total_timesteps  | 4.18e+06 |
| ratio_max             | 6.57     |
| ratio_min             | 0.0011   |
| ret_avg               | 0.229    |
| ret_max               | 2.57     |
| ret_med               | 0.148    |
| ret_min               | -1.46    |
| ret_var               | 0.867    |
------------------------------------
------------------------------------
| action_max            | 14       |
| action_min            | 0        |
| adv_avg               | -1.47    |
| adv_max               | -0.237   |
| adv_med               | -1.45    |
| adv_min               | -4.18    |
| adv_var               | 0.103    |
| clipfrac              | 0.385    |
| curr_lr               | 0.001    |
| entropy               | 0.58     |
| eplenmean             | 256      |
| eprewmean             | 20.9     |
| fps                   | 5.9e+03  |
| grad_norm             | 1.11     |
| kl                    | 0.134    |
| loss_pi               | -0.0559  |
| loss_v                | 0.0568   |
| lr                    | 0.001    |
| misc/nupdates         | 1.03e+03 |
| misc/serial_timesteps | 4.22e+06 |
| misc/time_elapsed     | 702      |
| misc/total_timesteps  | 4.22e+06 |
| ratio_max             | 10.8     |
| ratio_min             | 0.00392  |
| ret_avg               | 0.367    |
| ret_max               | 2.66     |
| ret_med               | 0.356    |
| ret_min               | -1.46    |
| ret_var               | 0.801    |
------------------------------------
------------------------------------
| action_max            | 14       |
| action_min            | 0        |
| adv_avg               | -1.45    |
| adv_max               | -0.36    |
| adv_med               | -1.45    |
| adv_min               | -3.37    |
| adv_var               | 0.0873   |
| clipfrac              | 0.359    |
| curr_lr               | 0.001    |
| entropy               | 0.633    |
| eplenmean             | 269      |
| eprewmean             | 21.3     |
| fps                   | 6.23e+03 |
| grad_norm             | 0.998    |
| kl                    | 0.0903   |
| loss_pi               | -0.061   |
| loss_v                | 0.0446   |
| lr                    | 0.001    |
| misc/nupdates         | 1.04e+03 |
| misc/serial_timesteps | 4.26e+06 |
| misc/time_elapsed     | 708      |
| misc/total_timesteps  | 4.26e+06 |
| ratio_max             | 12.7     |
| ratio_min             | 0.031    |
| ret_avg               | 0.267    |
| ret_max               | 3.07     |
| ret_med               | 0.209    |
| ret_min               | -1.46    |
| ret_var               | 0.912    |
------------------------------------
------------------------------------
| action_max            | 14       |
| action_min            | 0        |
| adv_avg               | -1.42    |
| adv_max               | -0.615   |
| adv_med               | -1.42    |
| adv_min               | -2.41    |
| adv_var               | 0.0477   |
| clipfrac              | 0.359    |
| curr_lr               | 0.001    |
| entropy               | 0.61     |
| eplenmean             | 263      |
| eprewmean             | 20.7     |
| fps                   | 5.9e+03  |
| grad_norm             | 0.645    |
| kl                    | 0.0992   |
| loss_pi               | -0.0697  |
| loss_v                | 0.0208   |
| lr                    | 0.001    |
| misc/nupdates         | 1.05e+03 |
| misc/serial_timesteps | 4.3e+06  |
| misc/time_elapsed     | 715      |
| misc/total_timesteps  | 4.3e+06  |
| ratio_max             | 5.63     |
| ratio_min             | 0.00573  |
| ret_avg               | 0.0336   |
| ret_max               | 3.37     |
| ret_med               | -0.168   |
| ret_min               | -1.47    |
| ret_var               | 0.785    |
------------------------------------
------------------------------------
| action_max            | 14       |
| action_min            | 0        |
| adv_avg               | -1.46    |
| adv_max               | -0.0676  |
| adv_med               | -1.46    |
| adv_min               | -3.13    |
| adv_var               | 0.0942   |
| clipfrac              | 0.418    |
| curr_lr               | 0.001    |
| entropy               | 0.727    |
| eplenmean             | 286      |
| eprewmean             | 23.3     |
| fps                   | 5.93e+03 |
| grad_norm             | 1.09     |
| kl                    | 0.104    |
| loss_pi               | -0.0694  |
| loss_v                | 0.0468   |
| lr                    | 0.001    |
| misc/nupdates         | 1.06e+03 |
| misc/serial_timesteps | 4.34e+06 |
| misc/time_elapsed     | 722      |
| misc/total_timesteps  | 4.34e+06 |
| ratio_max             | 8.99     |
| ratio_min             | 0.0197   |
| ret_avg               | 0.35     |
| ret_max               | 3.3      |
| ret_med               | 0.196    |
| ret_min               | -1.47    |
| ret_var               | 1.25     |
------------------------------------
------------------------------------
| action_max            | 14       |
| action_min            | 0        |
| adv_avg               | -1.45    |
| adv_max               | -0.285   |
| adv_med               | -1.43    |
| adv_min               | -3.36    |
| adv_var               | 0.0691   |
| clipfrac              | 0.373    |
| curr_lr               | 0.001    |
| entropy               | 0.654    |
| eplenmean             | 292      |
| eprewmean             | 23.3     |
| fps                   | 5.92e+03 |
| grad_norm             | 0.554    |
| kl                    | 0.112    |
| loss_pi               | -0.0661  |
| loss_v                | 0.0355   |
| lr                    | 0.001    |
| misc/nupdates         | 1.07e+03 |
| misc/serial_timesteps | 4.38e+06 |
| misc/time_elapsed     | 729      |
| misc/total_timesteps  | 4.38e+06 |
| ratio_max             | 8.57     |
| ratio_min             | 0.00275  |
| ret_avg               | 0.415    |
| ret_max               | 2.93     |
| ret_med               | 0.293    |
| ret_min               | -1.47    |
| ret_var               | 1.19     |
------------------------------------
------------------------------------
| action_max            | 14       |
| action_min            | 0        |
| adv_avg               | -1.5     |
| adv_max               | -0.192   |
| adv_med               | -1.48    |
| adv_min               | -3.6     |
| adv_var               | 0.0757   |
| clipfrac              | 0.373    |
| curr_lr               | 0.001    |
| entropy               | 0.655    |
| eplenmean             | 302      |
| eprewmean             | 23.9     |
| fps                   | 6.15e+03 |
| grad_norm             | 0.768    |
| kl                    | 0.0977   |
| loss_pi               | -0.0659  |
| loss_v                | 0.0304   |
| lr                    | 0.001    |
| misc/nupdates         | 1.08e+03 |
| misc/serial_timesteps | 4.42e+06 |
| misc/time_elapsed     | 736      |
| misc/total_timesteps  | 4.42e+06 |
| ratio_max             | 21.7     |
| ratio_min             | 0.00421  |
| ret_avg               | 0.708    |
| ret_max               | 3.34     |
| ret_med               | 0.586    |
| ret_min               | -1.47    |
| ret_var               | 1.56     |
------------------------------------
------------------------------------
| action_max            | 14       |
| action_min            | 0        |
| adv_avg               | -1.49    |
| adv_max               | -0.447   |
| adv_med               | -1.44    |
| adv_min               | -3.61    |
| adv_var               | 0.0985   |
| clipfrac              | 0.334    |
| curr_lr               | 0.001    |
| entropy               | 0.596    |
| eplenmean             | 290      |
| eprewmean             | 22.9     |
| fps                   | 6.1e+03  |
| grad_norm             | 0.735    |
| kl                    | 0.1      |
| loss_pi               | -0.0618  |
| loss_v                | 0.0379   |
| lr                    | 0.001    |
| misc/nupdates         | 1.09e+03 |
| misc/serial_timesteps | 4.46e+06 |
| misc/time_elapsed     | 742      |
| misc/total_timesteps  | 4.46e+06 |
| ratio_max             | 7.54     |
| ratio_min             | 0.00145  |
| ret_avg               | 0.687    |
| ret_max               | 3.31     |
| ret_med               | 0.511    |
| ret_min               | -1.47    |
| ret_var               | 1.34     |
------------------------------------
------------------------------------
| action_max            | 14       |
| action_min            | 0        |
| adv_avg               | -1.51    |
| adv_max               | 0.0923   |
| adv_med               | -1.5     |
| adv_min               | -3.93    |
| adv_var               | 0.0765   |
| clipfrac              | 0.322    |
| curr_lr               | 0.001    |
| entropy               | 0.618    |
| eplenmean             | 252      |
| eprewmean             | 20.8     |
| fps                   | 5.88e+03 |
| grad_norm             | 1.47     |
| kl                    | 0.0926   |
| loss_pi               | -0.056   |
| loss_v                | 0.0349   |
| lr                    | 0.001    |
| misc/nupdates         | 1.1e+03  |
| misc/serial_timesteps | 4.51e+06 |
| misc/time_elapsed     | 749      |
| misc/total_timesteps  | 4.51e+06 |
| ratio_max             | 32       |
| ratio_min             | 0.0231   |
| ret_avg               | 0.382    |
| ret_max               | 3.68     |
| ret_med               | 0.15     |
| ret_min               | -1.47    |
| ret_var               | 1.62     |
------------------------------------
------------------------------------
| action_max            | 14       |
| action_min            | 0        |
| adv_avg               | -1.49    |
| adv_max               | -0.509   |
| adv_med               | -1.46    |
| adv_min               | -4.12    |
| adv_var               | 0.089    |
| clipfrac              | 0.371    |
| curr_lr               | 0.001    |
| entropy               | 0.608    |
| eplenmean             | 261      |
| eprewmean             | 21       |
| fps                   | 5.87e+03 |
| grad_norm             | 0.825    |
| kl                    | 0.121    |
| loss_pi               | -0.0594  |
| loss_v                | 0.0339   |
| lr                    | 0.001    |
| misc/nupdates         | 1.11e+03 |
| misc/serial_timesteps | 4.55e+06 |
| misc/time_elapsed     | 756      |
| misc/total_timesteps  | 4.55e+06 |
| ratio_max             | 6.91     |
| ratio_min             | 0.00716  |
| ret_avg               | 0.52     |
| ret_max               | 4.09     |
| ret_med               | 0.107    |
| ret_min               | -1.47    |
| ret_var               | 1.99     |
------------------------------------
------------------------------------
| action_max            | 14       |
| action_min            | 0        |
| adv_avg               | -1.46    |
| adv_max               | -0.462   |
| adv_med               | -1.45    |
| adv_min               | -2.44    |
| adv_var               | 0.0488   |
| clipfrac              | 0.342    |
| curr_lr               | 0.001    |
| entropy               | 0.611    |
| eplenmean             | 285      |
| eprewmean             | 25.2     |
| fps                   | 5.99e+03 |
| grad_norm             | 0.987    |
| kl                    | 0.0789   |
| loss_pi               | -0.0633  |
| loss_v                | 0.0258   |
| lr                    | 0.001    |
| misc/nupdates         | 1.12e+03 |
| misc/serial_timesteps | 4.59e+06 |
| misc/time_elapsed     | 763      |
| misc/total_timesteps  | 4.59e+06 |
| ratio_max             | 6.94     |
| ratio_min             | 0.00901  |
| ret_avg               | 0.342    |
| ret_max               | 4.46     |
| ret_med               | 0.221    |
| ret_min               | -1.47    |
| ret_var               | 1.05     |
------------------------------------
------------------------------------
| action_max            | 14       |
| action_min            | 0        |
| adv_avg               | -1.45    |
| adv_max               | -0.201   |
| adv_med               | -1.44    |
| adv_min               | -3.35    |
| adv_var               | 0.0778   |
| clipfrac              | 0.375    |
| curr_lr               | 0.001    |
| entropy               | 0.693    |
| eplenmean             | 263      |
| eprewmean             | 21.3     |
| fps                   | 5.94e+03 |
| grad_norm             | 1.07     |
| kl                    | 0.101    |
| loss_pi               | -0.0621  |
| loss_v                | 0.0392   |
| lr                    | 0.001    |
| misc/nupdates         | 1.13e+03 |
| misc/serial_timesteps | 4.63e+06 |
| misc/time_elapsed     | 770      |
| misc/total_timesteps  | 4.63e+06 |
| ratio_max             | 9.95     |
| ratio_min             | 0.00109  |
| ret_avg               | 0.26     |
| ret_max               | 4.57     |
| ret_med               | 0.108    |
| ret_min               | -1.47    |
| ret_var               | 1.17     |
------------------------------------
------------------------------------
| action_max            | 14       |
| action_min            | 0        |
| adv_avg               | -1.45    |
| adv_max               | -0.5     |
| adv_med               | -1.44    |
| adv_min               | -4.04    |
| adv_var               | 0.0658   |
| clipfrac              | 0.326    |
| curr_lr               | 0.001    |
| entropy               | 0.638    |
| eplenmean             | 297      |
| eprewmean             | 23.9     |
| fps                   | 6e+03    |
| grad_norm             | 1.35     |
| kl                    | 0.0685   |
| loss_pi               | -0.0589  |
| loss_v                | 0.0289   |
| lr                    | 0.001    |
| misc/nupdates         | 1.14e+03 |
| misc/serial_timesteps | 4.67e+06 |
| misc/time_elapsed     | 777      |
| misc/total_timesteps  | 4.67e+06 |
| ratio_max             | 16.8     |
| ratio_min             | 0.0419   |
| ret_avg               | 0.418    |
| ret_max               | 3.06     |
| ret_med               | 0.367    |
| ret_min               | -1.47    |
| ret_var               | 0.919    |
------------------------------------
------------------------------------
| action_max            | 14       |
| action_min            | 0        |
| adv_avg               | -1.46    |
| adv_max               | -0.299   |
| adv_med               | -1.44    |
| adv_min               | -3.81    |
| adv_var               | 0.096    |
| clipfrac              | 0.332    |
| curr_lr               | 0.001    |
| entropy               | 0.657    |
| eplenmean             | 282      |
| eprewmean             | 24.3     |
| fps                   | 6.01e+03 |
| grad_norm             | 1.02     |
| kl                    | 0.0793   |
| loss_pi               | -0.0567  |
| loss_v                | 0.0346   |
| lr                    | 0.001    |
| misc/nupdates         | 1.15e+03 |
| misc/serial_timesteps | 4.71e+06 |
| misc/time_elapsed     | 784      |
| misc/total_timesteps  | 4.71e+06 |
| ratio_max             | 18.9     |
| ratio_min             | 0.00428  |
| ret_avg               | 0.73     |
| ret_max               | 4.42     |
| ret_med               | 0.742    |
| ret_min               | -1.47    |
| ret_var               | 1.57     |
------------------------------------
------------------------------------
| action_max            | 14       |
| action_min            | 0        |
| adv_avg               | -1.48    |
| adv_max               | -0.446   |
| adv_med               | -1.44    |
| adv_min               | -3.62    |
| adv_var               | 0.093    |
| clipfrac              | 0.361    |
| curr_lr               | 0.001    |
| entropy               | 0.644    |
| eplenmean             | 307      |
| eprewmean             | 25.9     |
| fps                   | 6e+03    |
| grad_norm             | 0.696    |
| kl                    | 0.105    |
| loss_pi               | -0.0576  |
| loss_v                | 0.0362   |
| lr                    | 0.001    |
| misc/nupdates         | 1.16e+03 |
| misc/serial_timesteps | 4.75e+06 |
| misc/time_elapsed     | 791      |
| misc/total_timesteps  | 4.75e+06 |
| ratio_max             | 5.15     |
| ratio_min             | 0.00351  |
| ret_avg               | 0.298    |
| ret_max               | 2.42     |
| ret_med               | 0.0915   |
| ret_min               | -1.47    |
| ret_var               | 0.987    |
------------------------------------
------------------------------------
| action_max            | 14       |
| action_min            | 0        |
| adv_avg               | -1.45    |
| adv_max               | -0.193   |
| adv_med               | -1.45    |
| adv_min               | -3.53    |
| adv_var               | 0.0779   |
| clipfrac              | 0.383    |
| curr_lr               | 0.001    |
| entropy               | 0.711    |
| eplenmean             | 271      |
| eprewmean             | 21.3     |
| fps                   | 5.98e+03 |
| grad_norm             | 0.844    |
| kl                    | 0.0943   |
| loss_pi               | -0.0701  |
| loss_v                | 0.0341   |
| lr                    | 0.001    |
| misc/nupdates         | 1.17e+03 |
| misc/serial_timesteps | 4.79e+06 |
| misc/time_elapsed     | 798      |
| misc/total_timesteps  | 4.79e+06 |
| ratio_max             | 18.6     |
| ratio_min             | 0.00136  |
| ret_avg               | 0.126    |
| ret_max               | 4.53     |
| ret_med               | -0.0465  |
| ret_min               | -1.47    |
| ret_var               | 1.08     |
------------------------------------
------------------------------------
| action_max            | 14       |
| action_min            | 0        |
| adv_avg               | -1.44    |
| adv_max               | -0.349   |
| adv_med               | -1.43    |
| adv_min               | -3.06    |
| adv_var               | 0.0651   |
| clipfrac              | 0.367    |
| curr_lr               | 0.001    |
| entropy               | 0.664    |
| eplenmean             | 281      |
| eprewmean             | 23.1     |
| fps                   | 5.97e+03 |
| grad_norm             | 1.15     |
| kl                    | 0.103    |
| loss_pi               | -0.063   |
| loss_v                | 0.0298   |
| lr                    | 0.001    |
| misc/nupdates         | 1.18e+03 |
| misc/serial_timesteps | 4.83e+06 |
| misc/time_elapsed     | 804      |
| misc/total_timesteps  | 4.83e+06 |
| ratio_max             | 16.2     |
| ratio_min             | 0.00561  |
| ret_avg               | 0.826    |
| ret_max               | 3.82     |
| ret_med               | 0.781    |
| ret_min               | -1.47    |
| ret_var               | 1.59     |
------------------------------------
------------------------------------
| action_max            | 14       |
| action_min            | 0        |
| adv_avg               | -1.49    |
| adv_max               | 0.331    |
| adv_med               | -1.47    |
| adv_min               | -3.63    |
| adv_var               | 0.0956   |
| clipfrac              | 0.342    |
| curr_lr               | 0.001    |
| entropy               | 0.537    |
| eplenmean             | 237      |
| eprewmean             | 19.5     |
| fps                   | 6.13e+03 |
| grad_norm             | 0.845    |
| kl                    | 0.102    |
| loss_pi               | -0.054   |
| loss_v                | 0.0365   |
| lr                    | 0.001    |
| misc/nupdates         | 1.19e+03 |
| misc/serial_timesteps | 4.87e+06 |
| misc/time_elapsed     | 811      |
| misc/total_timesteps  | 4.87e+06 |
| ratio_max             | 22.9     |
| ratio_min             | 0.00291  |
| ret_avg               | 0.787    |
| ret_max               | 4.49     |
| ret_med               | 0.542    |
| ret_min               | -1.47    |
| ret_var               | 1.83     |
------------------------------------
------------------------------------
| action_max            | 14       |
| action_min            | 0        |
| adv_avg               | -1.43    |
| adv_max               | 0.792    |
| adv_med               | -1.45    |
| adv_min               | -3.55    |
| adv_var               | 0.111    |
| clipfrac              | 0.33     |
| curr_lr               | 0.001    |
| entropy               | 0.66     |
| eplenmean             | 249      |
| eprewmean             | 19.9     |
| fps                   | 6.14e+03 |
| grad_norm             | 1.31     |
| kl                    | 0.0899   |
| loss_pi               | -0.0454  |
| loss_v                | 0.0311   |
| lr                    | 0.001    |
| misc/nupdates         | 1.2e+03  |
| misc/serial_timesteps | 4.92e+06 |
| misc/time_elapsed     | 818      |
| misc/total_timesteps  | 4.92e+06 |
| ratio_max             | 5.01     |
| ratio_min             | 0.0125   |
| ret_avg               | 0.553    |
| ret_max               | 3.67     |
| ret_med               | 0.333    |
| ret_min               | -1.47    |
| ret_var               | 1.53     |
------------------------------------
------------------------------------
| action_max            | 14       |
| action_min            | 0        |
| adv_avg               | -1.45    |
| adv_max               | -0.47    |
| adv_med               | -1.43    |
| adv_min               | -6.05    |
| adv_var               | 0.0942   |
| clipfrac              | 0.311    |
| curr_lr               | 0.001    |
| entropy               | 0.66     |
| eplenmean             | 286      |
| eprewmean             | 23.5     |
| fps                   | 5.92e+03 |
| grad_norm             | 1.55     |
| kl                    | 0.0721   |
| loss_pi               | -0.0362  |
| loss_v                | 0.0653   |
| lr                    | 0.001    |
| misc/nupdates         | 1.21e+03 |
| misc/serial_timesteps | 4.96e+06 |
| misc/time_elapsed     | 825      |
| misc/total_timesteps  | 4.96e+06 |
| ratio_max             | 3.43     |
| ratio_min             | 0.000371 |
| ret_avg               | 0.593    |
| ret_max               | 4.46     |
| ret_med               | 0.172    |
| ret_min               | -1.46    |
| ret_var               | 1.92     |
------------------------------------
------------------------------------
| action_max            | 14       |
| action_min            | 0        |
| adv_avg               | -1.5     |
| adv_max               | -0.298   |
| adv_med               | -1.45    |
| adv_min               | -3.9     |
| adv_var               | 0.111    |
| clipfrac              | 0.361    |
| curr_lr               | 0.001    |
| entropy               | 0.734    |
| eplenmean             | 253      |
| eprewmean             | 21.3     |
| fps                   | 5.99e+03 |
| grad_norm             | 0.837    |
| kl                    | 0.0903   |
| loss_pi               | -0.0593  |
| loss_v                | 0.0414   |
| lr                    | 0.001    |
| misc/nupdates         | 1.22e+03 |
| misc/serial_timesteps | 5e+06    |
| misc/time_elapsed     | 832      |
| misc/total_timesteps  | 5e+06    |
| ratio_max             | 4.81     |
| ratio_min             | 1.54e-05 |
| ret_avg               | 0.444    |
| ret_max               | 3.8      |
| ret_med               | 0.29     |
| ret_min               | -1.47    |
| ret_var               | 1.77     |
------------------------------------
------------------------------------
| action_max            | 14       |
| action_min            | 0        |
| adv_avg               | -1.44    |
| adv_max               | -0.33    |
| adv_med               | -1.42    |
| adv_min               | -3.35    |
| adv_var               | 0.0641   |
| clipfrac              | 0.344    |
| curr_lr               | 0.001    |
| entropy               | 0.64     |
| eplenmean             | 286      |
| eprewmean             | 24.6     |
| fps                   | 6.24e+03 |
| grad_norm             | 0.585    |
| kl                    | 0.101    |
| loss_pi               | -0.0596  |
| loss_v                | 0.0254   |
| lr                    | 0.001    |
| misc/nupdates         | 1.23e+03 |
| misc/serial_timesteps | 5.04e+06 |
| misc/time_elapsed     | 839      |
| misc/total_timesteps  | 5.04e+06 |
| ratio_max             | 5.96     |
| ratio_min             | 0.00263  |
| ret_avg               | 0.305    |
| ret_max               | 4.23     |
| ret_med               | 0.129    |
| ret_min               | -1.46    |
| ret_var               | 1.14     |
------------------------------------
------------------------------------
| action_max            | 14       |
| action_min            | 0        |
| adv_avg               | -1.44    |
| adv_max               | -0.0918  |
| adv_med               | -1.44    |
| adv_min               | -3.67    |
| adv_var               | 0.0942   |
| clipfrac              | 0.348    |
| curr_lr               | 0.001    |
| entropy               | 0.751    |
| eplenmean             | 284      |
| eprewmean             | 23.7     |
| fps                   | 5.91e+03 |
| grad_norm             | 1.26     |
| kl                    | 0.0638   |
| loss_pi               | -0.0588  |
| loss_v                | 0.0422   |
| lr                    | 0.001    |
| misc/nupdates         | 1.24e+03 |
| misc/serial_timesteps | 5.08e+06 |
| misc/time_elapsed     | 846      |
| misc/total_timesteps  | 5.08e+06 |
| ratio_max             | 5.63     |
| ratio_min             | 0.0482   |
| ret_avg               | 0.718    |
| ret_max               | 4.64     |
| ret_med               | 0.577    |
| ret_min               | -1.46    |
| ret_var               | 1.98     |
------------------------------------
------------------------------------
| action_max            | 14       |
| action_min            | 0        |
| adv_avg               | -1.46    |
| adv_max               | 0.288    |
| adv_med               | -1.45    |
| adv_min               | -3.65    |
| adv_var               | 0.0844   |
| clipfrac              | 0.361    |
| curr_lr               | 0.001    |
| entropy               | 0.695    |
| eplenmean             | 295      |
| eprewmean             | 25.5     |
| fps                   | 5.94e+03 |
| grad_norm             | 1.05     |
| kl                    | 0.102    |
| loss_pi               | -0.0619  |
| loss_v                | 0.0373   |
| lr                    | 0.001    |
| misc/nupdates         | 1.25e+03 |
| misc/serial_timesteps | 5.12e+06 |
| misc/time_elapsed     | 852      |
| misc/total_timesteps  | 5.12e+06 |
| ratio_max             | 4.18     |
| ratio_min             | 0.00214  |
| ret_avg               | 0.744    |
| ret_max               | 5.38     |
| ret_med               | 0.512    |
| ret_min               | -1.46    |
| ret_var               | 2.14     |
------------------------------------
------------------------------------
| action_max            | 14       |
| action_min            | 0        |
| adv_avg               | -1.48    |
| adv_max               | -0.608   |
| adv_med               | -1.44    |
| adv_min               | -6.81    |
| adv_var               | 0.129    |
| clipfrac              | 0.291    |
| curr_lr               | 0.001    |
| entropy               | 0.708    |
| eplenmean             | 293      |
| eprewmean             | 25.6     |
| fps                   | 5.96e+03 |
| grad_norm             | 1.07     |
| kl                    | 0.0762   |
| loss_pi               | -0.0355  |
| loss_v                | 0.0602   |
| lr                    | 0.001    |
| misc/nupdates         | 1.26e+03 |
| misc/serial_timesteps | 5.16e+06 |
| misc/time_elapsed     | 859      |
| misc/total_timesteps  | 5.16e+06 |
| ratio_max             | 8.58     |
| ratio_min             | 0.00284  |
| ret_avg               | 0.613    |
| ret_max               | 4.9      |
| ret_med               | 0.082    |
| ret_min               | -1.45    |
| ret_var               | 2.58     |
------------------------------------
------------------------------------
| action_max            | 14       |
| action_min            | 0        |
| adv_avg               | -1.45    |
| adv_max               | -0.241   |
| adv_med               | -1.44    |
| adv_min               | -4.16    |
| adv_var               | 0.0857   |
| clipfrac              | 0.316    |
| curr_lr               | 0.001    |
| entropy               | 0.699    |
| eplenmean             | 287      |
| eprewmean             | 24       |
| fps                   | 6.01e+03 |
| grad_norm             | 1.41     |
| kl                    | 0.106    |
| loss_pi               | -0.0463  |
| loss_v                | 0.0314   |
| lr                    | 0.001    |
| misc/nupdates         | 1.27e+03 |
| misc/serial_timesteps | 5.2e+06  |
| misc/time_elapsed     | 866      |
| misc/total_timesteps  | 5.2e+06  |
| ratio_max             | 4.46     |
| ratio_min             | 0.000641 |
| ret_avg               | 0.407    |
| ret_max               | 4.54     |
| ret_med               | 0.167    |
| ret_min               | -1.45    |
| ret_var               | 1.57     |
------------------------------------
------------------------------------
| action_max            | 14       |
| action_min            | 0        |
| adv_avg               | -1.46    |
| adv_max               | -0.119   |
| adv_med               | -1.44    |
| adv_min               | -3.15    |
| adv_var               | 0.0702   |
| clipfrac              | 0.385    |
| curr_lr               | 0.001    |
| entropy               | 0.731    |
| eplenmean             | 268      |
| eprewmean             | 21.4     |
| fps                   | 5.89e+03 |
| grad_norm             | 0.815    |
| kl                    | 0.0978   |
| loss_pi               | -0.0631  |
| loss_v                | 0.0279   |
| lr                    | 0.001    |
| misc/nupdates         | 1.28e+03 |
| misc/serial_timesteps | 5.24e+06 |
| misc/time_elapsed     | 873      |
| misc/total_timesteps  | 5.24e+06 |
| ratio_max             | 8.42     |
| ratio_min             | 0.00449  |
| ret_avg               | 0.701    |
| ret_max               | 4.17     |
| ret_med               | 0.129    |
| ret_min               | -1.45    |
| ret_var               | 2.88     |
------------------------------------
------------------------------------
| action_max            | 14       |
| action_min            | 0        |
| adv_avg               | -1.43    |
| adv_max               | -0.521   |
| adv_med               | -1.42    |
| adv_min               | -3.22    |
| adv_var               | 0.0509   |
| clipfrac              | 0.348    |
| curr_lr               | 0.001    |
| entropy               | 0.657    |
| eplenmean             | 227      |
| eprewmean             | 16.9     |
| fps                   | 6.11e+03 |
| grad_norm             | 1.17     |
| kl                    | 0.0967   |
| loss_pi               | -0.0597  |
| loss_v                | 0.0228   |
| lr                    | 0.001    |
| misc/nupdates         | 1.29e+03 |
| misc/serial_timesteps | 5.28e+06 |
| misc/time_elapsed     | 880      |
| misc/total_timesteps  | 5.28e+06 |
| ratio_max             | 6.12     |
| ratio_min             | 0.00358  |
| ret_avg               | 0.277    |
| ret_max               | 3.53     |
| ret_med               | 0.191    |
| ret_min               | -1.45    |
| ret_var               | 1.11     |
------------------------------------
------------------------------------
| action_max            | 14       |
| action_min            | 0        |
| adv_avg               | -1.41    |
| adv_max               | -0.703   |
| adv_med               | -1.41    |
| adv_min               | -2.61    |
| adv_var               | 0.0436   |
| clipfrac              | 0.387    |
| curr_lr               | 0.001    |
| entropy               | 0.909    |
| eplenmean             | 246      |
| eprewmean             | 20.6     |
| fps                   | 5.95e+03 |
| grad_norm             | 1.12     |
| kl                    | 0.0948   |
| loss_pi               | -0.0746  |
| loss_v                | 0.0222   |
| lr                    | 0.001    |
| misc/nupdates         | 1.3e+03  |
| misc/serial_timesteps | 5.32e+06 |
| misc/time_elapsed     | 887      |
| misc/total_timesteps  | 5.32e+06 |
| ratio_max             | 12.6     |
| ratio_min             | 0.033    |
| ret_avg               | 0.0558   |
| ret_max               | 4.13     |
| ret_med               | -0.293   |
| ret_min               | -1.45    |
| ret_var               | 1.46     |
------------------------------------
------------------------------------
| action_max            | 14       |
| action_min            | 0        |
| adv_avg               | -1.41    |
| adv_max               | -0.364   |
| adv_med               | -1.4     |
| adv_min               | -2.83    |
| adv_var               | 0.0609   |
| clipfrac              | 0.441    |
| curr_lr               | 0.001    |
| entropy               | 0.858    |
| eplenmean             | 268      |
| eprewmean             | 21.1     |
| fps                   | 6.02e+03 |
| grad_norm             | 0.684    |
| kl                    | 0.127    |
| loss_pi               | -0.0806  |
| loss_v                | 0.0319   |
| lr                    | 0.001    |
| misc/nupdates         | 1.31e+03 |
| misc/serial_timesteps | 5.37e+06 |
| misc/time_elapsed     | 894      |
| misc/total_timesteps  | 5.37e+06 |
| ratio_max             | 10.4     |
| ratio_min             | 0.000699 |
| ret_avg               | 0.104    |
| ret_max               | 2.41     |
| ret_med               | 0.0129   |
| ret_min               | -1.45    |
| ret_var               | 0.8      |
------------------------------------
------------------------------------
| action_max            | 14       |
| action_min            | 0        |
| adv_avg               | -1.43    |
| adv_max               | -0.464   |
| adv_med               | -1.41    |
| adv_min               | -3.62    |
| adv_var               | 0.0696   |
| clipfrac              | 0.391    |
| curr_lr               | 0.001    |
| entropy               | 0.686    |
| eplenmean             | 286      |
| eprewmean             | 22.8     |
| fps                   | 6.15e+03 |
| grad_norm             | 0.723    |
| kl                    | 0.113    |
| loss_pi               | -0.0801  |
| loss_v                | 0.0416   |
| lr                    | 0.001    |
| misc/nupdates         | 1.32e+03 |
| misc/serial_timesteps | 5.41e+06 |
| misc/time_elapsed     | 900      |
| misc/total_timesteps  | 5.41e+06 |
| ratio_max             | 10.1     |
| ratio_min             | 0.000121 |
| ret_avg               | 0.367    |
| ret_max               | 2.4      |
| ret_med               | 0.194    |
| ret_min               | -1.45    |
| ret_var               | 0.776    |
------------------------------------
------------------------------------
| action_max            | 14       |
| action_min            | 0        |
| adv_avg               | -1.45    |
| adv_max               | -0.246   |
| adv_med               | -1.43    |
| adv_min               | -3.8     |
| adv_var               | 0.0915   |
| clipfrac              | 0.361    |
| curr_lr               | 0.001    |
| entropy               | 0.605    |
| eplenmean             | 315      |
| eprewmean             | 27.6     |
| fps                   | 6.02e+03 |
| grad_norm             | 1.29     |
| kl                    | 0.134    |
| loss_pi               | -0.0458  |
| loss_v                | 0.0337   |
| lr                    | 0.001    |
| misc/nupdates         | 1.33e+03 |
| misc/serial_timesteps | 5.45e+06 |
| misc/time_elapsed     | 907      |
| misc/total_timesteps  | 5.45e+06 |
| ratio_max             | 18       |
| ratio_min             | 0.000382 |
| ret_avg               | 0.945    |
| ret_max               | 4.18     |
| ret_med               | 1.01     |
| ret_min               | -1.45    |
| ret_var               | 1.8      |
------------------------------------
------------------------------------
| action_max            | 14       |
| action_min            | 0        |
| adv_avg               | -1.44    |
| adv_max               | -0.568   |
| adv_med               | -1.43    |
| adv_min               | -3.38    |
| adv_var               | 0.0664   |
| clipfrac              | 0.355    |
| curr_lr               | 0.001    |
| entropy               | 0.567    |
| eplenmean             | 322      |
| eprewmean             | 28       |
| fps                   | 6.02e+03 |
| grad_norm             | 0.796    |
| kl                    | 0.106    |
| loss_pi               | -0.0529  |
| loss_v                | 0.0319   |
| lr                    | 0.001    |
| misc/nupdates         | 1.34e+03 |
| misc/serial_timesteps | 5.49e+06 |
| misc/time_elapsed     | 914      |
| misc/total_timesteps  | 5.49e+06 |
| ratio_max             | 3.97     |
| ratio_min             | 0.00677  |
| ret_avg               | 0.921    |
| ret_max               | 4.88     |
| ret_med               | 0.592    |
| ret_min               | -1.45    |
| ret_var               | 2.3      |
------------------------------------
------------------------------------
| action_max            | 14       |
| action_min            | 0        |
| adv_avg               | -1.44    |
| adv_max               | -0.573   |
| adv_med               | -1.42    |
| adv_min               | -3.46    |
| adv_var               | 0.0764   |
| clipfrac              | 0.42     |
| curr_lr               | 0.001    |
| entropy               | 0.869    |
| eplenmean             | 254      |
| eprewmean             | 19.5     |
| fps                   | 5.74e+03 |
| grad_norm             | 1.27     |
| kl                    | 0.0962   |
| loss_pi               | -0.0736  |
| loss_v                | 0.043    |
| lr                    | 0.001    |
| misc/nupdates         | 1.35e+03 |
| misc/serial_timesteps | 5.53e+06 |
| misc/time_elapsed     | 921      |
| misc/total_timesteps  | 5.53e+06 |
| ratio_max             | 8.18     |
| ratio_min             | 0.00128  |
| ret_avg               | 0.0731   |
| ret_max               | 4.11     |
| ret_med               | -0.214   |
| ret_min               | -1.45    |
| ret_var               | 0.96     |
------------------------------------
------------------------------------
| action_max            | 14       |
| action_min            | 0        |
| adv_avg               | -1.43    |
| adv_max               | -0.501   |
| adv_med               | -1.41    |
| adv_min               | -3.24    |
| adv_var               | 0.0563   |
| clipfrac              | 0.35     |
| curr_lr               | 0.001    |
| entropy               | 0.6      |
| eplenmean             | 253      |
| eprewmean             | 21.7     |
| fps                   | 6.14e+03 |
| grad_norm             | 0.913    |
| kl                    | 0.113    |
| loss_pi               | -0.0598  |
| loss_v                | 0.0208   |
| lr                    | 0.001    |
| misc/nupdates         | 1.36e+03 |
| misc/serial_timesteps | 5.57e+06 |
| misc/time_elapsed     | 928      |
| misc/total_timesteps  | 5.57e+06 |
| ratio_max             | 9.88     |
| ratio_min             | 0.000174 |
| ret_avg               | 0.649    |
| ret_max               | 3.63     |
| ret_med               | 0.374    |
| ret_min               | -1.45    |
| ret_var               | 1.83     |
------------------------------------
------------------------------------
| action_max            | 14       |
| action_min            | 0        |
| adv_avg               | -1.44    |
| adv_max               | -0.781   |
| adv_med               | -1.42    |
| adv_min               | -2.67    |
| adv_var               | 0.0495   |
| clipfrac              | 0.412    |
| curr_lr               | 0.001    |
| entropy               | 0.677    |
| eplenmean             | 271      |
| eprewmean             | 23.7     |
| fps                   | 5.98e+03 |
| grad_norm             | 1.12     |
| kl                    | 0.122    |
| loss_pi               | -0.0614  |
| loss_v                | 0.0313   |
| lr                    | 0.001    |
| misc/nupdates         | 1.37e+03 |
| misc/serial_timesteps | 5.61e+06 |
| misc/time_elapsed     | 934      |
| misc/total_timesteps  | 5.61e+06 |
| ratio_max             | 7.88     |
| ratio_min             | 0.00145  |
| ret_avg               | -0.00238 |
| ret_max               | 3.05     |
| ret_med               | -0.141   |
| ret_min               | -1.45    |
| ret_var               | 0.778    |
------------------------------------
------------------------------------
| action_max            | 14       |
| action_min            | 0        |
| adv_avg               | -1.46    |
| adv_max               | 0.248    |
| adv_med               | -1.44    |
| adv_min               | -4.45    |
| adv_var               | 0.0971   |
| clipfrac              | 0.326    |
| curr_lr               | 0.001    |
| entropy               | 0.607    |
| eplenmean             | 258      |
| eprewmean             | 22.1     |
| fps                   | 6.02e+03 |
| grad_norm             | 1.49     |
| kl                    | 0.0865   |
| loss_pi               | -0.0464  |
| loss_v                | 0.0811   |
| lr                    | 0.001    |
| misc/nupdates         | 1.38e+03 |
| misc/serial_timesteps | 5.65e+06 |
| misc/time_elapsed     | 941      |
| misc/total_timesteps  | 5.65e+06 |
| ratio_max             | 5.12     |
| ratio_min             | 0.000249 |
| ret_avg               | 0.612    |
| ret_max               | 4        |
| ret_med               | 0.484    |
| ret_min               | -1.45    |
| ret_var               | 1.55     |
------------------------------------
------------------------------------
| action_max            | 14       |
| action_min            | 0        |
| adv_avg               | -1.44    |
| adv_max               | -0.126   |
| adv_med               | -1.43    |
| adv_min               | -4.56    |
| adv_var               | 0.112    |
| clipfrac              | 0.344    |
| curr_lr               | 0.001    |
| entropy               | 0.707    |
| eplenmean             | 270      |
| eprewmean             | 23.1     |
| fps                   | 5.93e+03 |
| grad_norm             | 0.751    |
| kl                    | 0.0842   |
| loss_pi               | -0.0478  |
| loss_v                | 0.0387   |
| lr                    | 0.001    |
| misc/nupdates         | 1.39e+03 |
| misc/serial_timesteps | 5.69e+06 |
| misc/time_elapsed     | 948      |
| misc/total_timesteps  | 5.69e+06 |
| ratio_max             | 3.79     |
| ratio_min             | 0.000571 |
| ret_avg               | 0.313    |
| ret_max               | 3.51     |
| ret_med               | 0.113    |
| ret_min               | -1.44    |
| ret_var               | 1.3      |
------------------------------------
------------------------------------
| action_max            | 14       |
| action_min            | 0        |
| adv_avg               | -1.45    |
| adv_max               | -0.218   |
| adv_med               | -1.43    |
| adv_min               | -3.33    |
| adv_var               | 0.069    |
| clipfrac              | 0.299    |
| curr_lr               | 0.001    |
| entropy               | 0.588    |
| eplenmean             | 254      |
| eprewmean             | 20.5     |
| fps                   | 6.24e+03 |
| grad_norm             | 0.962    |
| kl                    | 0.108    |
| loss_pi               | -0.0476  |
| loss_v                | 0.0335   |
| lr                    | 0.001    |
| misc/nupdates         | 1.4e+03  |
| misc/serial_timesteps | 5.73e+06 |
| misc/time_elapsed     | 955      |
| misc/total_timesteps  | 5.73e+06 |
| ratio_max             | 6.1      |
| ratio_min             | 0.000351 |
| ret_avg               | 0.456    |
| ret_max               | 3.12     |
| ret_med               | 0.181    |
| ret_min               | -1.44    |
| ret_var               | 1.2      |
------------------------------------
------------------------------------
| action_max            | 14       |
| action_min            | 0        |
| adv_avg               | -1.42    |
| adv_max               | -0.534   |
| adv_med               | -1.42    |
| adv_min               | -3.09    |
| adv_var               | 0.0626   |
| clipfrac              | 0.387    |
| curr_lr               | 0.001    |
| entropy               | 0.777    |
| eplenmean             | 268      |
| eprewmean             | 21.3     |
| fps                   | 6.11e+03 |
| grad_norm             | 1.16     |
| kl                    | 0.0878   |
| loss_pi               | -0.0665  |
| loss_v                | 0.0361   |
| lr                    | 0.001    |
| misc/nupdates         | 1.41e+03 |
| misc/serial_timesteps | 5.78e+06 |
| misc/time_elapsed     | 962      |
| misc/total_timesteps  | 5.78e+06 |
| ratio_max             | 8.08     |
| ratio_min             | 0.00362  |
| ret_avg               | 0.183    |
| ret_max               | 2.23     |
| ret_med               | -0.084   |
| ret_min               | -1.45    |
| ret_var               | 0.989    |
------------------------------------
------------------------------------
| action_max            | 14       |
| action_min            | 0        |
| adv_avg               | -1.45    |
| adv_max               | -0.298   |
| adv_med               | -1.44    |
| adv_min               | -3.61    |
| adv_var               | 0.0581   |
| clipfrac              | 0.328    |
| curr_lr               | 0.001    |
| entropy               | 0.569    |
| eplenmean             | 267      |
| eprewmean             | 21.9     |
| fps                   | 5.93e+03 |
| grad_norm             | 0.996    |
| kl                    | 0.111    |
| loss_pi               | -0.0501  |
| loss_v                | 0.0271   |
| lr                    | 0.001    |
| misc/nupdates         | 1.42e+03 |
| misc/serial_timesteps | 5.82e+06 |
| misc/time_elapsed     | 969      |
| misc/total_timesteps  | 5.82e+06 |
| ratio_max             | 8.7      |
| ratio_min             | 0.0146   |
| ret_avg               | 0.589    |
| ret_max               | 2.98     |
| ret_med               | 0.502    |
| ret_min               | -1.45    |
| ret_var               | 1.38     |
------------------------------------
------------------------------------
| action_max            | 14       |
| action_min            | 0        |
| adv_avg               | -1.41    |
| adv_max               | -0.164   |
| adv_med               | -1.41    |
| adv_min               | -3.47    |
| adv_var               | 0.08     |
| clipfrac              | 0.365    |
| curr_lr               | 0.001    |
| entropy               | 0.607    |
| eplenmean             | 252      |
| eprewmean             | 21       |
| fps                   | 6.02e+03 |
| grad_norm             | 0.842    |
| kl                    | 0.111    |
| loss_pi               | -0.0609  |
| loss_v                | 0.032    |
| lr                    | 0.001    |
| misc/nupdates         | 1.43e+03 |
| misc/serial_timesteps | 5.86e+06 |
| misc/time_elapsed     | 976      |
| misc/total_timesteps  | 5.86e+06 |
| ratio_max             | 4.84     |
| ratio_min             | 0.000158 |
| ret_avg               | 0.242    |
| ret_max               | 2.57     |
| ret_med               | 0.252    |
| ret_min               | -1.45    |
| ret_var               | 1.03     |
------------------------------------
------------------------------------
| action_max            | 14       |
| action_min            | 0        |
| adv_avg               | -1.51    |
| adv_max               | -0.637   |
| adv_med               | -1.46    |
| adv_min               | -3.24    |
| adv_var               | 0.0959   |
| clipfrac              | 0.387    |
| curr_lr               | 0.001    |
| entropy               | 0.651    |
| eplenmean             | 274      |
| eprewmean             | 22.9     |
| fps                   | 6.18e+03 |
| grad_norm             | 0.837    |
| kl                    | 0.159    |
| loss_pi               | -0.0653  |
| loss_v                | 0.0389   |
| lr                    | 0.001    |
| misc/nupdates         | 1.44e+03 |
| misc/serial_timesteps | 5.9e+06  |
| misc/time_elapsed     | 982      |
| misc/total_timesteps  | 5.9e+06  |
| ratio_max             | 9.49     |
| ratio_min             | 0.000752 |
| ret_avg               | 0.27     |
| ret_max               | 2.78     |
| ret_med               | 0.00575  |
| ret_min               | -1.45    |
| ret_var               | 1.18     |
------------------------------------
------------------------------------
| action_max            | 14       |
| action_min            | 0        |
| adv_avg               | -1.41    |
| adv_max               | -0.315   |
| adv_med               | -1.4     |
| adv_min               | -2.38    |
| adv_var               | 0.0476   |
| clipfrac              | 0.379    |
| curr_lr               | 0.001    |
| entropy               | 0.621    |
| eplenmean             | 290      |
| eprewmean             | 24.5     |
| fps                   | 6.17e+03 |
| grad_norm             | 0.929    |
| kl                    | 0.113    |
| loss_pi               | -0.0694  |
| loss_v                | 0.016    |
| lr                    | 0.001    |
| misc/nupdates         | 1.45e+03 |
| misc/serial_timesteps | 5.94e+06 |
| misc/time_elapsed     | 989      |
| misc/total_timesteps  | 5.94e+06 |
| ratio_max             | 11.7     |
| ratio_min             | 0.00506  |
| ret_avg               | 0.163    |
| ret_max               | 2.71     |
| ret_med               | -0.0317  |
| ret_min               | -1.45    |
| ret_var               | 0.835    |
------------------------------------
------------------------------------
| action_max            | 14       |
| action_min            | 0        |
| adv_avg               | -1.44    |
| adv_max               | -0.217   |
| adv_med               | -1.44    |
| adv_min               | -2.49    |
| adv_var               | 0.0488   |
| clipfrac              | 0.398    |
| curr_lr               | 0.001    |
| entropy               | 0.63     |
| eplenmean             | 254      |
| eprewmean             | 19.6     |
| fps                   | 6.17e+03 |
| grad_norm             | 0.692    |
| kl                    | 0.147    |
| loss_pi               | -0.0667  |
| loss_v                | 0.0177   |
| lr                    | 0.001    |
| misc/nupdates         | 1.46e+03 |
| misc/serial_timesteps | 5.98e+06 |
| misc/time_elapsed     | 996      |
| misc/total_timesteps  | 5.98e+06 |
| ratio_max             | 7.51     |
| ratio_min             | 0.00892  |
| ret_avg               | 0.0552   |
| ret_max               | 2.49     |
| ret_med               | -0.0999  |
| ret_min               | -1.45    |
| ret_var               | 0.805    |
------------------------------------
