Setting seed: 3
Logging to logs/shared.ppo.karzmarz_False.resnet.dropout_0.0.damping_0.1.lr_0.001/caveflyer-easy-0-10.20260720-232449_3
creating environment
Running on device: cuda:0
training...

Number of parameters: 938979.0

------------------------------------
| action_max            | 14       |
| action_min            | 0        |
| adv_avg               | -0.59    |
| adv_max               | 8.2      |
| adv_med               | -0.589   |
| adv_min               | -3.4     |
| adv_var               | 0.385    |
| clipfrac              | 0.223    |
| curr_lr               | 0.001    |
| entropy               | 2.63     |
| eplenmean             | 484      |
| eprewmean             | 2.53     |
| fps                   | 5.91e+03 |
| grad_norm             | 1.78     |
| kl                    | 0.0167   |
| loss_pi               | 0.00765  |
| loss_v                | 0.169    |
| lr                    | 0.001    |
| misc/nupdates         | 9        |
| misc/serial_timesteps | 4.1e+04  |
| misc/time_elapsed     | 7.7      |
| misc/total_timesteps  | 4.1e+04  |
| ratio_max             | 2.14     |
| ratio_min             | 0.281    |
| ret_avg               | 0.353    |
| ret_max               | 8.94     |
| ret_med               | 0.135    |
| ret_min               | -0.572   |
| ret_var               | 1.03     |
------------------------------------
------------------------------------
| action_max            | 14       |
| action_min            | 0        |
| adv_avg               | -0.722   |
| adv_max               | 0.987    |
| adv_med               | -0.7     |
| adv_min               | -3.22    |
| adv_var               | 0.0615   |
| clipfrac              | 0.0938   |
| curr_lr               | 0.001    |
| entropy               | 2.64     |
| eplenmean             | 552      |
| eprewmean             | 2.4      |
| fps                   | 5.9e+03  |
| grad_norm             | 0.855    |
| kl                    | 0.00799  |
| loss_pi               | -0.0186  |
| loss_v                | 0.0161   |
| lr                    | 0.001    |
| misc/nupdates         | 19       |
| misc/serial_timesteps | 8.19e+04 |
| misc/time_elapsed     | 14.7     |
| misc/total_timesteps  | 8.19e+04 |
| ratio_max             | 2.43     |
| ratio_min             | 0.582    |
| ret_avg               | -0.0244  |
| ret_max               | 3.3      |
| ret_med               | -0.118   |
| ret_min               | -0.696   |
| ret_var               | 0.217    |
------------------------------------
------------------------------------
| action_max            | 14       |
| action_min            | 0        |
| adv_avg               | -0.683   |
| adv_max               | 5.56     |
| adv_med               | -0.73    |
| adv_min               | -2.52    |
| adv_var               | 0.206    |
| clipfrac              | 0.117    |
| curr_lr               | 0.001    |
| entropy               | 2.63     |
| eplenmean             | 598      |
| eprewmean             | 2.1      |
| fps                   | 5.71e+03 |
| grad_norm             | 1.24     |
| kl                    | 0.00921  |
| loss_pi               | -0.001   |
| loss_v                | 0.0327   |
| lr                    | 0.001    |
| misc/nupdates         | 29       |
| misc/serial_timesteps | 1.23e+05 |
| misc/time_elapsed     | 21.9     |
| misc/total_timesteps  | 1.23e+05 |
| ratio_max             | 1.64     |
| ratio_min             | 0.503    |
| ret_avg               | 0.0114   |
| ret_max               | 6.68     |
| ret_med               | -0.178   |
| ret_min               | -0.744   |
| ret_var               | 0.71     |
------------------------------------
------------------------------------
| action_max            | 14       |
| action_min            | 0        |
| adv_avg               | -0.691   |
| adv_max               | 6.13     |
| adv_med               | -0.737   |
| adv_min               | -2.38    |
| adv_var               | 0.262    |
| clipfrac              | 0.213    |
| curr_lr               | 0.001    |
| entropy               | 2.6      |
| eplenmean             | 526      |
| eprewmean             | 2.2      |
| fps                   | 5.57e+03 |
| grad_norm             | 1.15     |
| kl                    | 0.0165   |
| loss_pi               | 0.0193   |
| loss_v                | 0.0921   |
| lr                    | 0.001    |
| misc/nupdates         | 39       |
| misc/serial_timesteps | 1.64e+05 |
| misc/time_elapsed     | 29       |
| misc/total_timesteps  | 1.64e+05 |
| ratio_max             | 1.8      |
| ratio_min             | 0.2      |
| ret_avg               | 0.0458   |
| ret_max               | 6.74     |
| ret_med               | -0.285   |
| ret_min               | -0.726   |
| ret_var               | 0.81     |
------------------------------------
------------------------------------
| action_max            | 14       |
| action_min            | 0        |
| adv_avg               | -0.747   |
| adv_max               | 4.63     |
| adv_med               | -0.75    |
| adv_min               | -4.29    |
| adv_var               | 0.164    |
| clipfrac              | 0.0527   |
| curr_lr               | 0.001    |
| entropy               | 2.62     |
| eplenmean             | 455      |
| eprewmean             | 2.1      |
| fps                   | 5.46e+03 |
| grad_norm             | 0.718    |
| kl                    | 0.00477  |
| loss_pi               | -0.0194  |
| loss_v                | 0.0137   |
| lr                    | 0.001    |
| misc/nupdates         | 49       |
| misc/serial_timesteps | 2.05e+05 |
| misc/time_elapsed     | 36.6     |
| misc/total_timesteps  | 2.05e+05 |
| ratio_max             | 1.81     |
| ratio_min             | 0.621    |
| ret_avg               | -0.141   |
| ret_max               | 7.03     |
| ret_med               | -0.261   |
| ret_min               | -0.739   |
| ret_var               | 0.439    |
------------------------------------
------------------------------------
| action_max            | 14       |
| action_min            | 0        |
| adv_avg               | -0.744   |
| adv_max               | 3.64     |
| adv_med               | -0.76    |
| adv_min               | -4.65    |
| adv_var               | 0.167    |
| clipfrac              | 0.107    |
| curr_lr               | 0.001    |
| entropy               | 2.57     |
| eplenmean             | 557      |
| eprewmean             | 1.7      |
| fps                   | 5.66e+03 |
| grad_norm             | 1.24     |
| kl                    | 0.008    |
| loss_pi               | -0.00401 |
| loss_v                | 0.0356   |
| lr                    | 0.001    |
| misc/nupdates         | 59       |
| misc/serial_timesteps | 2.46e+05 |
| misc/time_elapsed     | 44       |
| misc/total_timesteps  | 2.46e+05 |
| ratio_max             | 1.62     |
| ratio_min             | 0.593    |
| ret_avg               | -0.0374  |
| ret_max               | 7.13     |
| ret_med               | -0.26    |
| ret_min               | -0.755   |
| ret_var               | 0.655    |
------------------------------------
------------------------------------
| action_max            | 14       |
| action_min            | 0        |
| adv_avg               | -0.78    |
| adv_max               | -0.449   |
| adv_med               | -0.77    |
| adv_min               | -1.42    |
| adv_var               | 0.00532  |
| clipfrac              | 0.174    |
| curr_lr               | 0.001    |
| entropy               | 2.43     |
| eplenmean             | 542      |
| eprewmean             | 1.3      |
| fps                   | 5.53e+03 |
| grad_norm             | 0.425    |
| kl                    | 0.0109   |
| loss_pi               | -0.02    |
| loss_v                | 0.00368  |
| lr                    | 0.001    |
| misc/nupdates         | 69       |
| misc/serial_timesteps | 2.87e+05 |
| misc/time_elapsed     | 51.5     |
| misc/total_timesteps  | 2.87e+05 |
| ratio_max             | 1.51     |
| ratio_min             | 0.485    |
| ret_avg               | -0.274   |
| ret_max               | 0.716    |
| ret_med               | -0.414   |
| ret_min               | -0.762   |
| ret_var               | 0.086    |
------------------------------------
------------------------------------
| action_max            | 14       |
| action_min            | 0        |
| adv_avg               | -0.774   |
| adv_max               | 0.974    |
| adv_med               | -0.764   |
| adv_min               | -3.46    |
| adv_var               | 0.0437   |
| clipfrac              | 0.143    |
| curr_lr               | 0.001    |
| entropy               | 2.41     |
| eplenmean             | 597      |
| eprewmean             | 1.79     |
| fps                   | 5.27e+03 |
| grad_norm             | 0.837    |
| kl                    | 0.0112   |
| loss_pi               | -0.0193  |
| loss_v                | 0.0092   |
| lr                    | 0.001    |
| misc/nupdates         | 79       |
| misc/serial_timesteps | 3.28e+05 |
| misc/time_elapsed     | 58.9     |
| misc/total_timesteps  | 3.28e+05 |
| ratio_max             | 1.61     |
| ratio_min             | 0.394    |
| ret_avg               | -0.186   |
| ret_max               | 7.61     |
| ret_med               | -0.372   |
| ret_min               | -0.752   |
| ret_var               | 0.93     |
------------------------------------
------------------------------------
| action_max            | 14       |
| action_min            | 0        |
| adv_avg               | -0.666   |
| adv_max               | 6.05     |
| adv_med               | -0.735   |
| adv_min               | -3.27    |
| adv_var               | 0.301    |
| clipfrac              | 0.182    |
| curr_lr               | 0.001    |
| entropy               | 2.42     |
| eplenmean             | 549      |
| eprewmean             | 1.68     |
| fps                   | 5.22e+03 |
| grad_norm             | 0.896    |
| kl                    | 0.0133   |
| loss_pi               | -0.0183  |
| loss_v                | 0.0627   |
| lr                    | 0.001    |
| misc/nupdates         | 89       |
| misc/serial_timesteps | 3.69e+05 |
| misc/time_elapsed     | 66.7     |
| misc/total_timesteps  | 3.69e+05 |
| ratio_max             | 1.68     |
| ratio_min             | 0.446    |
| ret_avg               | 0.0169   |
| ret_max               | 7.68     |
| ret_med               | -0.467   |
| ret_min               | -0.731   |
| ret_var               | 1.92     |
------------------------------------
------------------------------------
| action_max            | 14       |
| action_min            | 0        |
| adv_avg               | -0.729   |
| adv_max               | 0.807    |
| adv_med               | -0.723   |
| adv_min               | -3.01    |
| adv_var               | 0.0324   |
| clipfrac              | 0.119    |
| curr_lr               | 0.001    |
| entropy               | 2.38     |
| eplenmean             | 617      |
| eprewmean             | 2.02     |
| fps                   | 5.18e+03 |
| grad_norm             | 0.536    |
| kl                    | 0.0099   |
| loss_pi               | -0.00849 |
| loss_v                | 0.00646  |
| lr                    | 0.001    |
| misc/nupdates         | 99       |
| misc/serial_timesteps | 4.1e+05  |
| misc/time_elapsed     | 74.5     |
| misc/total_timesteps  | 4.1e+05  |
| ratio_max             | 2.04     |
| ratio_min             | 0.402    |
| ret_avg               | -0.287   |
| ret_max               | 3.24     |
| ret_med               | -0.432   |
| ret_min               | -0.715   |
| ret_var               | 0.371    |
------------------------------------
------------------------------------
| action_max            | 14       |
| action_min            | 0        |
| adv_avg               | -0.688   |
| adv_max               | 2.83     |
| adv_med               | -0.707   |
| adv_min               | -2.17    |
| adv_var               | 0.11     |
| clipfrac              | 0.0859   |
| curr_lr               | 0.001    |
| entropy               | 2.48     |
| eplenmean             | 621      |
| eprewmean             | 1.46     |
| fps                   | 5.62e+03 |
| grad_norm             | 1.44     |
| kl                    | 0.00684  |
| loss_pi               | -0.0024  |
| loss_v                | 0.0326   |
| lr                    | 0.001    |
| misc/nupdates         | 109      |
| misc/serial_timesteps | 4.51e+05 |
| misc/time_elapsed     | 82.2     |
| misc/total_timesteps  | 4.51e+05 |
| ratio_max             | 1.77     |
| ratio_min             | 0.54     |
| ret_avg               | 0.106    |
| ret_max               | 7.83     |
| ret_med               | -0.439   |
| ret_min               | -0.704   |
| ret_var               | 1.21     |
------------------------------------
------------------------------------
| action_max            | 14       |
| action_min            | 0        |
| adv_avg               | -0.699   |
| adv_max               | 3.73     |
| adv_med               | -0.716   |
| adv_min               | -1.46    |
| adv_var               | 0.0818   |
| clipfrac              | 0.105    |
| curr_lr               | 0.001    |
| entropy               | 2.33     |
| eplenmean             | 645      |
| eprewmean             | 1        |
| fps                   | 5.43e+03 |
| grad_norm             | 0.397    |
| kl                    | 0.00776  |
| loss_pi               | -0.0146  |
| loss_v                | 0.009    |
| lr                    | 0.001    |
| misc/nupdates         | 119      |
| misc/serial_timesteps | 4.92e+05 |
| misc/time_elapsed     | 89.6     |
| misc/total_timesteps  | 4.92e+05 |
| ratio_max             | 1.78     |
| ratio_min             | 0.319    |
| ret_avg               | -0.0701  |
| ret_max               | 7.83     |
| ret_med               | -0.378   |
| ret_min               | -0.709   |
| ret_var               | 0.71     |
------------------------------------
------------------------------------
| action_max            | 14       |
| action_min            | 0        |
| adv_avg               | -0.717   |
| adv_max               | -0.377   |
| adv_med               | -0.714   |
| adv_min               | -1.24    |
| adv_var               | 0.00279  |
| clipfrac              | 0.156    |
| curr_lr               | 0.001    |
| entropy               | 2.32     |
| eplenmean             | 624      |
| eprewmean             | 1.26     |
| fps                   | 5.53e+03 |
| grad_norm             | 0.387    |
| kl                    | 0.0113   |
| loss_pi               | -0.00283 |
| loss_v                | 0.00159  |
| lr                    | 0.001    |
| misc/nupdates         | 129      |
| misc/serial_timesteps | 5.32e+05 |
| misc/time_elapsed     | 97       |
| misc/total_timesteps  | 5.32e+05 |
| ratio_max             | 1.87     |
| ratio_min             | 0.556    |
| ret_avg               | -0.447   |
| ret_max               | 0.0326   |
| ret_med               | -0.453   |
| ret_min               | -0.708   |
| ret_var               | 0.00481  |
------------------------------------
------------------------------------
| action_max            | 14       |
| action_min            | 0        |
| adv_avg               | -0.669   |
| adv_max               | 4.63     |
| adv_med               | -0.694   |
| adv_min               | -1.38    |
| adv_var               | 0.115    |
| clipfrac              | 0.18     |
| curr_lr               | 0.001    |
| entropy               | 2.5      |
| eplenmean             | 515      |
| eprewmean             | 1.83     |
| fps                   | 5.59e+03 |
| grad_norm             | 1.05     |
| kl                    | 0.0136   |
| loss_pi               | -0.0101  |
| loss_v                | 0.00594  |
| lr                    | 0.001    |
| misc/nupdates         | 139      |
| misc/serial_timesteps | 5.73e+05 |
| misc/time_elapsed     | 104      |
| misc/total_timesteps  | 5.73e+05 |
| ratio_max             | 1.8      |
| ratio_min             | 0.488    |
| ret_avg               | -0.189   |
| ret_max               | 7.74     |
| ret_med               | -0.357   |
| ret_min               | -0.69    |
| ret_var               | 0.315    |
------------------------------------
------------------------------------
| action_max            | 14       |
| action_min            | 0        |
| adv_avg               | -0.678   |
| adv_max               | 2.99     |
| adv_med               | -0.695   |
| adv_min               | -2.59    |
| adv_var               | 0.104    |
| clipfrac              | 0.111    |
| curr_lr               | 0.001    |
| entropy               | 2.37     |
| eplenmean             | 588      |
| eprewmean             | 1.86     |
| fps                   | 5.79e+03 |
| grad_norm             | 1.12     |
| kl                    | 0.0093   |
| loss_pi               | -0.00733 |
| loss_v                | 0.0374   |
| lr                    | 0.001    |
| misc/nupdates         | 149      |
| misc/serial_timesteps | 6.14e+05 |
| misc/time_elapsed     | 112      |
| misc/total_timesteps  | 6.14e+05 |
| ratio_max             | 1.74     |
| ratio_min             | 0.396    |
| ret_avg               | 0.0955   |
| ret_max               | 7.62     |
| ret_med               | -0.374   |
| ret_min               | -0.69    |
| ret_var               | 1.17     |
------------------------------------
------------------------------------
| action_max            | 14       |
| action_min            | 0        |
| adv_avg               | -0.693   |
| adv_max               | 5.77     |
| adv_med               | -0.69    |
| adv_min               | -3.12    |
| adv_var               | 0.178    |
| clipfrac              | 0.133    |
| curr_lr               | 0.001    |
| entropy               | 2.26     |
| eplenmean             | 595      |
| eprewmean             | 1.93     |
| fps                   | 5.89e+03 |
| grad_norm             | 1.35     |
| kl                    | 0.00997  |
| loss_pi               | 0.00975  |
| loss_v                | 0.0532   |
| lr                    | 0.001    |
| misc/nupdates         | 159      |
| misc/serial_timesteps | 6.55e+05 |
| misc/time_elapsed     | 119      |
| misc/total_timesteps  | 6.55e+05 |
| ratio_max             | 1.56     |
| ratio_min             | 0.247    |
| ret_avg               | 0.252    |
| ret_max               | 7.59     |
| ret_med               | -0.388   |
| ret_min               | -0.684   |
| ret_var               | 1.74     |
------------------------------------
------------------------------------
| action_max            | 14       |
| action_min            | 0        |
| adv_avg               | -0.694   |
| adv_max               | 0.297    |
| adv_med               | -0.68    |
| adv_min               | -2.26    |
| adv_var               | 0.0286   |
| clipfrac              | 0.131    |
| curr_lr               | 0.001    |
| entropy               | 2.22     |
| eplenmean             | 509      |
| eprewmean             | 2.69     |
| fps                   | 5.78e+03 |
| grad_norm             | 0.614    |
| kl                    | 0.0103   |
| loss_pi               | -0.0141  |
| loss_v                | 0.00594  |
| lr                    | 0.001    |
| misc/nupdates         | 169      |
| misc/serial_timesteps | 6.96e+05 |
| misc/time_elapsed     | 126      |
| misc/total_timesteps  | 6.96e+05 |
| ratio_max             | 1.54     |
| ratio_min             | 0.544    |
| ret_avg               | -0.0508  |
| ret_max               | 7.5      |
| ret_med               | -0.357   |
| ret_min               | -0.486   |
| ret_var               | 0.973    |
------------------------------------
------------------------------------
| action_max            | 14       |
| action_min            | 0        |
| adv_avg               | -0.674   |
| adv_max               | 0.872    |
| adv_med               | -0.672   |
| adv_min               | -2.16    |
| adv_var               | 0.0278   |
| clipfrac              | 0.135    |
| curr_lr               | 0.001    |
| entropy               | 2.28     |
| eplenmean             | 572      |
| eprewmean             | 2.73     |
| fps                   | 5.89e+03 |
| grad_norm             | 0.652    |
| kl                    | 0.00969  |
| loss_pi               | 0.00151  |
| loss_v                | 0.0112   |
| lr                    | 0.001    |
| misc/nupdates         | 179      |
| misc/serial_timesteps | 7.37e+05 |
| misc/time_elapsed     | 133      |
| misc/total_timesteps  | 7.37e+05 |
| ratio_max             | 1.59     |
| ratio_min             | 0.569    |
| ret_avg               | -0.0116  |
| ret_max               | 7.44     |
| ret_med               | -0.411   |
| ret_min               | -0.667   |
| ret_var               | 1.74     |
------------------------------------
------------------------------------
| action_max            | 14       |
| action_min            | 0        |
| adv_avg               | -0.649   |
| adv_max               | 5.64     |
| adv_med               | -0.66    |
| adv_min               | -1.98    |
| adv_var               | 0.0908   |
| clipfrac              | 0.15     |
| curr_lr               | 0.001    |
| entropy               | 2.31     |
| eplenmean             | 464      |
| eprewmean             | 2.03     |
| fps                   | 5.9e+03  |
| grad_norm             | 1.16     |
| kl                    | 0.0119   |
| loss_pi               | -0.0395  |
| loss_v                | 0.0243   |
| lr                    | 0.001    |
| misc/nupdates         | 189      |
| misc/serial_timesteps | 7.78e+05 |
| misc/time_elapsed     | 140      |
| misc/total_timesteps  | 7.78e+05 |
| ratio_max             | 1.87     |
| ratio_min             | 0.552    |
| ret_avg               | -0.00442 |
| ret_max               | 7.28     |
| ret_med               | -0.424   |
| ret_min               | -0.657   |
| ret_var               | 0.883    |
------------------------------------
------------------------------------
| action_max            | 14       |
| action_min            | 0        |
| adv_avg               | -0.585   |
| adv_max               | 2.93     |
| adv_med               | -0.651   |
| adv_min               | -2.06    |
| adv_var               | 0.142    |
| clipfrac              | 0.152    |
| curr_lr               | 0.001    |
| entropy               | 2.45     |
| eplenmean             | 470      |
| eprewmean             | 2        |
| fps                   | 5.03e+03 |
| grad_norm             | 1.09     |
| kl                    | 0.0122   |
| loss_pi               | -0.0164  |
| loss_v                | 0.02     |
| lr                    | 0.001    |
| misc/nupdates         | 199      |
| misc/serial_timesteps | 8.19e+05 |
| misc/time_elapsed     | 148      |
| misc/total_timesteps  | 8.19e+05 |
| ratio_max             | 1.89     |
| ratio_min             | 0.6      |
| ret_avg               | 0.0145   |
| ret_max               | 7.24     |
| ret_med               | -0.428   |
| ret_min               | -0.65    |
| ret_var               | 1.92     |
------------------------------------
------------------------------------
| action_max            | 14       |
| action_min            | 0        |
| adv_avg               | -0.637   |
| adv_max               | 1.94     |
| adv_med               | -0.646   |
| adv_min               | -3.66    |
| adv_var               | 0.0568   |
| clipfrac              | 0.121    |
| curr_lr               | 0.001    |
| entropy               | 2.43     |
| eplenmean             | 521      |
| eprewmean             | 2.13     |
| fps                   | 5.27e+03 |
| grad_norm             | 0.609    |
| kl                    | 0.00938  |
| loss_pi               | 0.00272  |
| loss_v                | 0.00441  |
| lr                    | 0.001    |
| misc/nupdates         | 209      |
| misc/serial_timesteps | 8.6e+05  |
| misc/time_elapsed     | 156      |
| misc/total_timesteps  | 8.6e+05  |
| ratio_max             | 1.72     |
| ratio_min             | 0.467    |
| ret_avg               | -0.267   |
| ret_max               | 7.17     |
| ret_med               | -0.384   |
| ret_min               | -0.641   |
| ret_var               | 0.507    |
------------------------------------
------------------------------------
| action_max            | 14       |
| action_min            | 0        |
| adv_avg               | -0.648   |
| adv_max               | 1.06     |
| adv_med               | -0.637   |
| adv_min               | -2.76    |
| adv_var               | 0.0568   |
| clipfrac              | 0.104    |
| curr_lr               | 0.001    |
| entropy               | 2.39     |
| eplenmean             | 503      |
| eprewmean             | 1.63     |
| fps                   | 5.34e+03 |
| grad_norm             | 0.554    |
| kl                    | 0.00835  |
| loss_pi               | -0.0157  |
| loss_v                | 0.014    |
| lr                    | 0.001    |
| misc/nupdates         | 219      |
| misc/serial_timesteps | 9.01e+05 |
| misc/time_elapsed     | 164      |
| misc/total_timesteps  | 9.01e+05 |
| ratio_max             | 1.61     |
| ratio_min             | 0.582    |
| ret_avg               | -0.0469  |
| ret_max               | 7.16     |
| ret_med               | -0.424   |
| ret_min               | -0.632   |
| ret_var               | 1.38     |
------------------------------------
------------------------------------
| action_max            | 14       |
| action_min            | 0        |
| adv_avg               | -0.626   |
| adv_max               | 2.48     |
| adv_med               | -0.633   |
| adv_min               | -2       |
| adv_var               | 0.0611   |
| clipfrac              | 0.0918   |
| curr_lr               | 0.001    |
| entropy               | 2.38     |
| eplenmean             | 484      |
| eprewmean             | 1.73     |
| fps                   | 4.98e+03 |
| grad_norm             | 0.685    |
| kl                    | 0.00748  |
| loss_pi               | -0.0248  |
| loss_v                | 0.0171   |
| lr                    | 0.001    |
| misc/nupdates         | 229      |
| misc/serial_timesteps | 9.42e+05 |
| misc/time_elapsed     | 172      |
| misc/total_timesteps  | 9.42e+05 |
| ratio_max             | 1.92     |
| ratio_min             | 0.68     |
| ret_avg               | -0.0567  |
| ret_max               | 7.12     |
| ret_med               | -0.424   |
| ret_min               | -0.626   |
| ret_var               | 1.37     |
------------------------------------
------------------------------------
| action_max            | 14       |
| action_min            | 0        |
| adv_avg               | -0.589   |
| adv_max               | 4.63     |
| adv_med               | -0.621   |
| adv_min               | -1.01    |
| adv_var               | 0.111    |
| clipfrac              | 0.221    |
| curr_lr               | 0.001    |
| entropy               | 2.4      |
| eplenmean             | 496      |
| eprewmean             | 2.2      |
| fps                   | 4.94e+03 |
| grad_norm             | 0.687    |
| kl                    | 0.0158   |
| loss_pi               | 0.00222  |
| loss_v                | 0.00423  |
| lr                    | 0.001    |
| misc/nupdates         | 239      |
| misc/serial_timesteps | 9.83e+05 |
| misc/time_elapsed     | 180      |
| misc/total_timesteps  | 9.83e+05 |
| ratio_max             | 1.91     |
| ratio_min             | 0.358    |
| ret_avg               | -0.386   |
| ret_max               | 7.07     |
| ret_med               | -0.425   |
| ret_min               | -0.616   |
| ret_var               | 0.174    |
------------------------------------
------------------------------------
| action_max            | 14       |
| action_min            | 0        |
| adv_avg               | -0.615   |
| adv_max               | 0.224    |
| adv_med               | -0.611   |
| adv_min               | -2.15    |
| adv_var               | 0.019    |
| clipfrac              | 0.256    |
| curr_lr               | 0.001    |
| entropy               | 2.37     |
| eplenmean             | 567      |
| eprewmean             | 1.76     |
| fps                   | 4.81e+03 |
| grad_norm             | 0.405    |
| kl                    | 0.0164   |
| loss_pi               | -0.0247  |
| loss_v                | 0.00384  |
| lr                    | 0.001    |
| misc/nupdates         | 249      |
| misc/serial_timesteps | 1.02e+06 |
| misc/time_elapsed     | 188      |
| misc/total_timesteps  | 1.02e+06 |
| ratio_max             | 1.77     |
| ratio_min             | 0.471    |
| ret_avg               | -0.354   |
| ret_max               | 3.03     |
| ret_med               | -0.43    |
| ret_min               | -0.62    |
| ret_var               | 0.145    |
------------------------------------
------------------------------------
| action_max            | 14       |
| action_min            | 0        |
| adv_avg               | -0.609   |
| adv_max               | 0.737    |
| adv_med               | -0.605   |
| adv_min               | -2.22    |
| adv_var               | 0.0203   |
| clipfrac              | 0.232    |
| curr_lr               | 0.001    |
| entropy               | 2.19     |
| eplenmean             | 558      |
| eprewmean             | 1.75     |
| fps                   | 4.95e+03 |
| grad_norm             | 0.487    |
| kl                    | 0.0174   |
| loss_pi               | -0.0321  |
| loss_v                | 0.00377  |
| lr                    | 0.001    |
| misc/nupdates         | 259      |
| misc/serial_timesteps | 1.06e+06 |
| misc/time_elapsed     | 196      |
| misc/total_timesteps  | 1.06e+06 |
| ratio_max             | 2.01     |
| ratio_min             | 0.514    |
| ret_avg               | -0.15    |
| ret_max               | 7.05     |
| ret_med               | -0.418   |
| ret_min               | -0.6     |
| ret_var               | 0.92     |
------------------------------------
------------------------------------
| action_max            | 14       |
| action_min            | 0        |
| adv_avg               | -0.591   |
| adv_max               | 1.03     |
| adv_med               | -0.597   |
| adv_min               | -1.9     |
| adv_var               | 0.0312   |
| clipfrac              | 0.27     |
| curr_lr               | 0.001    |
| entropy               | 2.22     |
| eplenmean             | 589      |
| eprewmean             | 1.79     |
| fps                   | 4.94e+03 |
| grad_norm             | 0.886    |
| kl                    | 0.0184   |
| loss_pi               | -0.0157  |
| loss_v                | 0.00957  |
| lr                    | 0.001    |
| misc/nupdates         | 269      |
| misc/serial_timesteps | 1.11e+06 |
| misc/time_elapsed     | 205      |
| misc/total_timesteps  | 1.11e+06 |
| ratio_max             | 1.85     |
| ratio_min             | 0.545    |
| ret_avg               | -0.0502  |
| ret_max               | 7.01     |
| ret_med               | -0.393   |
| ret_min               | -0.594   |
| ret_var               | 1.61     |
------------------------------------
------------------------------------
| action_max            | 14       |
| action_min            | 0        |
| adv_avg               | -0.605   |
| adv_max               | 1.77     |
| adv_med               | -0.585   |
| adv_min               | -3.86    |
| adv_var               | 0.0999   |
| clipfrac              | 0.227    |
| curr_lr               | 0.001    |
| entropy               | 2.28     |
| eplenmean             | 518      |
| eprewmean             | 3.16     |
| fps                   | 4.91e+03 |
| grad_norm             | 0.7      |
| kl                    | 0.0149   |
| loss_pi               | -0.0235  |
| loss_v                | 0.0154   |
| lr                    | 0.001    |
| misc/nupdates         | 279      |
| misc/serial_timesteps | 1.15e+06 |
| misc/time_elapsed     | 213      |
| misc/total_timesteps  | 1.15e+06 |
| ratio_max             | 2.03     |
| ratio_min             | 0.4      |
| ret_avg               | -0.0228  |
| ret_max               | 6.74     |
| ret_med               | -0.403   |
| ret_min               | -0.582   |
| ret_var               | 1.41     |
------------------------------------
------------------------------------
| action_max            | 14       |
| action_min            | 0        |
| adv_avg               | -0.585   |
| adv_max               | 1.22     |
| adv_med               | -0.581   |
| adv_min               | -3.46    |
| adv_var               | 0.061    |
| clipfrac              | 0.285    |
| curr_lr               | 0.001    |
| entropy               | 2.22     |
| eplenmean             | 551      |
| eprewmean             | 2.36     |
| fps                   | 5.6e+03  |
| grad_norm             | 0.612    |
| kl                    | 0.027    |
| loss_pi               | -0.0304  |
| loss_v                | 0.0196   |
| lr                    | 0.001    |
| misc/nupdates         | 289      |
| misc/serial_timesteps | 1.19e+06 |
| misc/time_elapsed     | 221      |
| misc/total_timesteps  | 1.19e+06 |
| ratio_max             | 2.1      |
| ratio_min             | 0.32     |
| ret_avg               | -0.259   |
| ret_max               | 3.28     |
| ret_med               | -0.352   |
| ret_min               | -0.595   |
| ret_var               | 0.129    |
------------------------------------
------------------------------------
| action_max            | 14       |
| action_min            | 0        |
| adv_avg               | -0.586   |
| adv_max               | 0.855    |
| adv_med               | -0.581   |
| adv_min               | -1.23    |
| adv_var               | 0.00627  |
| clipfrac              | 0.32     |
| curr_lr               | 0.001    |
| entropy               | 2.07     |
| eplenmean             | 648      |
| eprewmean             | 1.45     |
| fps                   | 5.65e+03 |
| grad_norm             | 0.457    |
| kl                    | 0.0283   |
| loss_pi               | -0.032   |
| loss_v                | 0.00244  |
| lr                    | 0.001    |
| misc/nupdates         | 299      |
| misc/serial_timesteps | 1.23e+06 |
| misc/time_elapsed     | 228      |
| misc/total_timesteps  | 1.23e+06 |
| ratio_max             | 1.98     |
| ratio_min             | 0.437    |
| ret_avg               | -0.294   |
| ret_max               | 6.73     |
| ret_med               | -0.371   |
| ret_min               | -0.575   |
| ret_var               | 0.22     |
------------------------------------
------------------------------------
| action_max            | 14       |
| action_min            | 0        |
| adv_avg               | -0.555   |
| adv_max               | 2.59     |
| adv_med               | -0.577   |
| adv_min               | -2.46    |
| adv_var               | 0.0921   |
| clipfrac              | 0.223    |
| curr_lr               | 0.001    |
| entropy               | 2.01     |
| eplenmean             | 580      |
| eprewmean             | 1.63     |
| fps                   | 5.65e+03 |
| grad_norm             | 0.66     |
| kl                    | 0.0234   |
| loss_pi               | -0.0163  |
| loss_v                | 0.0168   |
| lr                    | 0.001    |
| misc/nupdates         | 309      |
| misc/serial_timesteps | 1.27e+06 |
| misc/time_elapsed     | 235      |
| misc/total_timesteps  | 1.27e+06 |
| ratio_max             | 4.53     |
| ratio_min             | 0.428    |
| ret_avg               | 0.0543   |
| ret_max               | 6.67     |
| ret_med               | -0.348   |
| ret_min               | -0.572   |
| ret_var               | 1.42     |
------------------------------------
------------------------------------
| action_max            | 14       |
| action_min            | 0        |
| adv_avg               | -0.593   |
| adv_max               | 1.3      |
| adv_med               | -0.575   |
| adv_min               | -2.42    |
| adv_var               | 0.0407   |
| clipfrac              | 0.275    |
| curr_lr               | 0.001    |
| entropy               | 2.17     |
| eplenmean             | 543      |
| eprewmean             | 2.09     |
| fps                   | 5.89e+03 |
| grad_norm             | 0.8      |
| kl                    | 0.0189   |
| loss_pi               | -0.03    |
| loss_v                | 0.00607  |
| lr                    | 0.001    |
| misc/nupdates         | 319      |
| misc/serial_timesteps | 1.31e+06 |
| misc/time_elapsed     | 242      |
| misc/total_timesteps  | 1.31e+06 |
| ratio_max             | 2.08     |
| ratio_min             | 0.414    |
| ret_avg               | -0.0638  |
| ret_max               | 6.7      |
| ret_med               | -0.316   |
| ret_min               | -0.569   |
| ret_var               | 1.32     |
------------------------------------
------------------------------------
| action_max            | 14       |
| action_min            | 0        |
| adv_avg               | -0.579   |
| adv_max               | -0.352   |
| adv_med               | -0.573   |
| adv_min               | -1.38    |
| adv_var               | 0.00372  |
| clipfrac              | 0.342    |
| curr_lr               | 0.001    |
| entropy               | 2.08     |
| eplenmean             | 599      |
| eprewmean             | 1.8      |
| fps                   | 5.85e+03 |
| grad_norm             | 0.385    |
| kl                    | 0.0259   |
| loss_pi               | -0.0554  |
| loss_v                | 0.00212  |
| lr                    | 0.001    |
| misc/nupdates         | 329      |
| misc/serial_timesteps | 1.35e+06 |
| misc/time_elapsed     | 250      |
| misc/total_timesteps  | 1.35e+06 |
| ratio_max             | 1.89     |
| ratio_min             | 0.399    |
| ret_avg               | -0.318   |
| ret_max               | 0.442    |
| ret_med               | -0.347   |
| ret_min               | -0.568   |
| ret_var               | 0.018    |
------------------------------------
------------------------------------
| action_max            | 14       |
| action_min            | 0        |
| adv_avg               | -0.542   |
| adv_max               | 3.65     |
| adv_med               | -0.565   |
| adv_min               | -3.79    |
| adv_var               | 0.153    |
| clipfrac              | 0.225    |
| curr_lr               | 0.001    |
| entropy               | 2.19     |
| eplenmean             | 647      |
| eprewmean             | 2.1      |
| fps                   | 5.94e+03 |
| grad_norm             | 0.734    |
| kl                    | 0.0218   |
| loss_pi               | -0.0337  |
| loss_v                | 0.057    |
| lr                    | 0.001    |
| misc/nupdates         | 339      |
| misc/serial_timesteps | 1.39e+06 |
| misc/time_elapsed     | 257      |
| misc/total_timesteps  | 1.39e+06 |
| ratio_max             | 2.57     |
| ratio_min             | 0.276    |
| ret_avg               | 0.281    |
| ret_max               | 6.66     |
| ret_med               | -0.239   |
| ret_min               | -0.565   |
| ret_var               | 1.84     |
------------------------------------
------------------------------------
| action_max            | 14       |
| action_min            | 0        |
| adv_avg               | -0.527   |
| adv_max               | 1.6      |
| adv_med               | -0.569   |
| adv_min               | -1.22    |
| adv_var               | 0.0581   |
| clipfrac              | 0.211    |
| curr_lr               | 0.001    |
| entropy               | 2.07     |
| eplenmean             | 679      |
| eprewmean             | 2.3      |
| fps                   | 5.99e+03 |
| grad_norm             | 0.739    |
| kl                    | 0.0148   |
| loss_pi               | -0.0266  |
| loss_v                | 0.0285   |
| lr                    | 0.001    |
| misc/nupdates         | 349      |
| misc/serial_timesteps | 1.43e+06 |
| misc/time_elapsed     | 264      |
| misc/total_timesteps  | 1.43e+06 |
| ratio_max             | 1.6      |
| ratio_min             | 0.533    |
| ret_avg               | -0.0715  |
| ret_max               | 6.66     |
| ret_med               | -0.314   |
| ret_min               | -0.563   |
| ret_var               | 1.08     |
------------------------------------
------------------------------------
| action_max            | 14       |
| action_min            | 0        |
| adv_avg               | -0.571   |
| adv_max               | 0.159    |
| adv_med               | -0.568   |
| adv_min               | -1.47    |
| adv_var               | 0.0109   |
| clipfrac              | 0.256    |
| curr_lr               | 0.001    |
| entropy               | 2.16     |
| eplenmean             | 661      |
| eprewmean             | 1.66     |
| fps                   | 5.64e+03 |
| grad_norm             | 0.456    |
| kl                    | 0.0216   |
| loss_pi               | -0.0422  |
| loss_v                | 0.00415  |
| lr                    | 0.001    |
| misc/nupdates         | 359      |
| misc/serial_timesteps | 1.47e+06 |
| misc/time_elapsed     | 271      |
| misc/total_timesteps  | 1.47e+06 |
| ratio_max             | 2.43     |
| ratio_min             | 0.473    |
| ret_avg               | -0.254   |
| ret_max               | 1.19     |
| ret_med               | -0.338   |
| ret_min               | -0.561   |
| ret_var               | 0.0667   |
------------------------------------
------------------------------------
| action_max            | 14       |
| action_min            | 0        |
| adv_avg               | -0.572   |
| adv_max               | 0.897    |
| adv_med               | -0.562   |
| adv_min               | -3.89    |
| adv_var               | 0.0422   |
| clipfrac              | 0.256    |
| curr_lr               | 0.001    |
| entropy               | 2.06     |
| eplenmean             | 583      |
| eprewmean             | 2.3      |
| fps                   | 5.75e+03 |
| grad_norm             | 0.988    |
| kl                    | 0.015    |
| loss_pi               | -0.0387  |
| loss_v                | 0.0109   |
| lr                    | 0.001    |
| misc/nupdates         | 369      |
| misc/serial_timesteps | 1.52e+06 |
| misc/time_elapsed     | 278      |
| misc/total_timesteps  | 1.52e+06 |
| ratio_max             | 1.88     |
| ratio_min             | 0.401    |
| ret_avg               | 0.605    |
| ret_max               | 6.41     |
| ret_med               | -0.221   |
| ret_min               | -0.556   |
| ret_var               | 4.07     |
------------------------------------
------------------------------------
| action_max            | 14       |
| action_min            | 0        |
| adv_avg               | -0.547   |
| adv_max               | 0.914    |
| adv_med               | -0.551   |
| adv_min               | -1.93    |
| adv_var               | 0.0155   |
| clipfrac              | 0.307    |
| curr_lr               | 0.001    |
| entropy               | 2.11     |
| eplenmean             | 610      |
| eprewmean             | 1.92     |
| fps                   | 5.87e+03 |
| grad_norm             | 0.39     |
| kl                    | 0.0206   |
| loss_pi               | -0.0374  |
| loss_v                | 0.00562  |
| lr                    | 0.001    |
| misc/nupdates         | 379      |
| misc/serial_timesteps | 1.56e+06 |
| misc/time_elapsed     | 285      |
| misc/total_timesteps  | 1.56e+06 |
| ratio_max             | 2.97     |
| ratio_min             | 0.384    |
| ret_avg               | -0.252   |
| ret_max               | 6.32     |
| ret_med               | -0.35    |
| ret_min               | -0.55    |
| ret_var               | 0.306    |
------------------------------------
------------------------------------
| action_max            | 14       |
| action_min            | 0        |
| adv_avg               | -0.537   |
| adv_max               | 1.36     |
| adv_med               | -0.549   |
| adv_min               | -1.39    |
| adv_var               | 0.0208   |
| clipfrac              | 0.363    |
| curr_lr               | 0.001    |
| entropy               | 2.08     |
| eplenmean             | 681      |
| eprewmean             | 2.22     |
| fps                   | 6.05e+03 |
| grad_norm             | 0.437    |
| kl                    | 0.0259   |
| loss_pi               | -0.0395  |
| loss_v                | 0.00585  |
| lr                    | 0.001    |
| misc/nupdates         | 389      |
| misc/serial_timesteps | 1.6e+06  |
| misc/time_elapsed     | 292      |
| misc/total_timesteps  | 1.6e+06  |
| ratio_max             | 2.69     |
| ratio_min             | 0.499    |
| ret_avg               | 0.0534   |
| ret_max               | 4.36     |
| ret_med               | -0.305   |
| ret_min               | -0.581   |
| ret_var               | 1.3      |
------------------------------------
------------------------------------
| action_max            | 14       |
| action_min            | 0        |
| adv_avg               | -0.542   |
| adv_max               | 1.47     |
| adv_med               | -0.552   |
| adv_min               | -2.39    |
| adv_var               | 0.0511   |
| clipfrac              | 0.244    |
| curr_lr               | 0.001    |
| entropy               | 1.89     |
| eplenmean             | 662      |
| eprewmean             | 2.16     |
| fps                   | 5.86e+03 |
| grad_norm             | 0.537    |
| kl                    | 0.0177   |
| loss_pi               | -0.0268  |
| loss_v                | 0.0156   |
| lr                    | 0.001    |
| misc/nupdates         | 399      |
| misc/serial_timesteps | 1.64e+06 |
| misc/time_elapsed     | 299      |
| misc/total_timesteps  | 1.64e+06 |
| ratio_max             | 1.66     |
| ratio_min             | 0.366    |
| ret_avg               | 0.281    |
| ret_max               | 6.29     |
| ret_med               | -0.279   |
| ret_min               | -0.548   |
| ret_var               | 1.77     |
------------------------------------
------------------------------------
| action_max            | 14       |
| action_min            | 0        |
| adv_avg               | -0.525   |
| adv_max               | 3.98     |
| adv_med               | -0.549   |
| adv_min               | -2.89    |
| adv_var               | 0.228    |
| clipfrac              | 0.283    |
| curr_lr               | 0.001    |
| entropy               | 2.04     |
| eplenmean             | 675      |
| eprewmean             | 2.06     |
| fps                   | 5.79e+03 |
| grad_norm             | 1.65     |
| kl                    | 0.018    |
| loss_pi               | -0.0287  |
| loss_v                | 0.0375   |
| lr                    | 0.001    |
| misc/nupdates         | 409      |
| misc/serial_timesteps | 1.68e+06 |
| misc/time_elapsed     | 306      |
| misc/total_timesteps  | 1.68e+06 |
| ratio_max             | 2.27     |
| ratio_min             | 0.446    |
| ret_avg               | 0.399    |
| ret_max               | 6.26     |
| ret_med               | -0.263   |
| ret_min               | -0.549   |
| ret_var               | 2.19     |
------------------------------------
------------------------------------
| action_max            | 14       |
| action_min            | 0        |
| adv_avg               | -0.582   |
| adv_max               | 0.805    |
| adv_med               | -0.557   |
| adv_min               | -2.92    |
| adv_var               | 0.053    |
| clipfrac              | 0.256    |
| curr_lr               | 0.001    |
| entropy               | 2.24     |
| eplenmean             | 635      |
| eprewmean             | 2.13     |
| fps                   | 5.89e+03 |
| grad_norm             | 0.702    |
| kl                    | 0.018    |
| loss_pi               | -0.0497  |
| loss_v                | 0.0132   |
| lr                    | 0.001    |
| misc/nupdates         | 419      |
| misc/serial_timesteps | 1.72e+06 |
| misc/time_elapsed     | 313      |
| misc/total_timesteps  | 1.72e+06 |
| ratio_max             | 1.8      |
| ratio_min             | 0.461    |
| ret_avg               | 0.174    |
| ret_max               | 4.7      |
| ret_med               | -0.26    |
| ret_min               | -0.55    |
| ret_var               | 1.08     |
------------------------------------
------------------------------------
| action_max            | 14       |
| action_min            | 0        |
| adv_avg               | -0.534   |
| adv_max               | 4.43     |
| adv_med               | -0.555   |
| adv_min               | -5.74    |
| adv_var               | 0.181    |
| clipfrac              | 0.301    |
| curr_lr               | 0.001    |
| entropy               | 2.11     |
| eplenmean             | 533      |
| eprewmean             | 2.86     |
| fps                   | 5.81e+03 |
| grad_norm             | 0.392    |
| kl                    | 0.0279   |
| loss_pi               | -0.0401  |
| loss_v                | 0.023    |
| lr                    | 0.001    |
| misc/nupdates         | 429      |
| misc/serial_timesteps | 1.76e+06 |
| misc/time_elapsed     | 320      |
| misc/total_timesteps  | 1.76e+06 |
| ratio_max             | 3.27     |
| ratio_min             | 0.341    |
| ret_avg               | 0.166    |
| ret_max               | 6.2      |
| ret_med               | -0.189   |
| ret_min               | -0.553   |
| ret_var               | 1.04     |
------------------------------------
------------------------------------
| action_max            | 14       |
| action_min            | 0        |
| adv_avg               | -0.539   |
| adv_max               | 1.01     |
| adv_med               | -0.56    |
| adv_min               | -1.51    |
| adv_var               | 0.0384   |
| clipfrac              | 0.184    |
| curr_lr               | 0.001    |
| entropy               | 2.13     |
| eplenmean             | 558      |
| eprewmean             | 2.33     |
| fps                   | 5.9e+03  |
| grad_norm             | 1.73     |
| kl                    | 0.0136   |
| loss_pi               | -0.0248  |
| loss_v                | 0.0144   |
| lr                    | 0.001    |
| misc/nupdates         | 439      |
| misc/serial_timesteps | 1.8e+06  |
| misc/time_elapsed     | 327      |
| misc/total_timesteps  | 1.8e+06  |
| ratio_max             | 1.71     |
| ratio_min             | 0.608    |
| ret_avg               | 0.35     |
| ret_max               | 6.27     |
| ret_med               | -0.298   |
| ret_min               | -0.553   |
| ret_var               | 2.74     |
------------------------------------
------------------------------------
| action_max            | 14       |
| action_min            | 0        |
| adv_avg               | -0.531   |
| adv_max               | 2.35     |
| adv_med               | -0.56    |
| adv_min               | -2.83    |
| adv_var               | 0.109    |
| clipfrac              | 0.332    |
| curr_lr               | 0.001    |
| entropy               | 2.14     |
| eplenmean             | 448      |
| eprewmean             | 3.06     |
| fps                   | 5.48e+03 |
| grad_norm             | 0.568    |
| kl                    | 0.0283   |
| loss_pi               | -0.0407  |
| loss_v                | 0.0209   |
| lr                    | 0.001    |
| misc/nupdates         | 449      |
| misc/serial_timesteps | 1.84e+06 |
| misc/time_elapsed     | 335      |
| misc/total_timesteps  | 1.84e+06 |
| ratio_max             | 2.07     |
| ratio_min             | 0.315    |
| ret_avg               | 0.558    |
| ret_max               | 6.12     |
| ret_med               | -0.289   |
| ret_min               | -0.554   |
| ret_var               | 2.71     |
------------------------------------
------------------------------------
| action_max            | 14       |
| action_min            | 0        |
| adv_avg               | -0.528   |
| adv_max               | 2.67     |
| adv_med               | -0.563   |
| adv_min               | -2.6     |
| adv_var               | 0.11     |
| clipfrac              | 0.275    |
| curr_lr               | 0.001    |
| entropy               | 1.84     |
| eplenmean             | 468      |
| eprewmean             | 3.16     |
| fps                   | 5.32e+03 |
| grad_norm             | 0.885    |
| kl                    | 0.0229   |
| loss_pi               | -0.0404  |
| loss_v                | 0.0256   |
| lr                    | 0.001    |
| misc/nupdates         | 459      |
| misc/serial_timesteps | 1.88e+06 |
| misc/time_elapsed     | 342      |
| misc/total_timesteps  | 1.88e+06 |
| ratio_max             | 2.29     |
| ratio_min             | 0.325    |
| ret_avg               | 0.819    |
| ret_max               | 5.99     |
| ret_med               | -0.0312  |
| ret_min               | -0.556   |
| ret_var               | 2.55     |
------------------------------------
------------------------------------
| action_max            | 14       |
| action_min            | 0        |
| adv_avg               | -0.582   |
| adv_max               | 1.23     |
| adv_med               | -0.567   |
| adv_min               | -3.87    |
| adv_var               | 0.053    |
| clipfrac              | 0.256    |
| curr_lr               | 0.001    |
| entropy               | 2.17     |
| eplenmean             | 466      |
| eprewmean             | 3.58     |
| fps                   | 5.48e+03 |
| grad_norm             | 0.238    |
| kl                    | 0.0244   |
| loss_pi               | -0.0432  |
| loss_v                | 0.00963  |
| lr                    | 0.001    |
| misc/nupdates         | 469      |
| misc/serial_timesteps | 1.93e+06 |
| misc/time_elapsed     | 350      |
| misc/total_timesteps  | 1.93e+06 |
| ratio_max             | 2.16     |
| ratio_min             | 0.143    |
| ret_avg               | -0.0677  |
| ret_max               | 4.43     |
| ret_med               | -0.293   |
| ret_min               | -0.562   |
| ret_var               | 0.349    |
------------------------------------
------------------------------------
| action_max            | 14       |
| action_min            | 0        |
| adv_avg               | -0.569   |
| adv_max               | 4.28     |
| adv_med               | -0.573   |
| adv_min               | -5.97    |
| adv_var               | 0.173    |
| clipfrac              | 0.355    |
| curr_lr               | 0.001    |
| entropy               | 2.08     |
| eplenmean             | 501      |
| eprewmean             | 2.67     |
| fps                   | 5.37e+03 |
| grad_norm             | 0.621    |
| kl                    | 0.0289   |
| loss_pi               | -0.0241  |
| loss_v                | 0.0311   |
| lr                    | 0.001    |
| misc/nupdates         | 479      |
| misc/serial_timesteps | 1.97e+06 |
| misc/time_elapsed     | 357      |
| misc/total_timesteps  | 1.97e+06 |
| ratio_max             | 2.37     |
| ratio_min             | 0.312    |
| ret_avg               | 0.213    |
| ret_max               | 5.87     |
| ret_med               | -0.297   |
| ret_min               | -0.562   |
| ret_var               | 1.66     |
------------------------------------
------------------------------------
| action_max            | 14       |
| action_min            | 0        |
| adv_avg               | -0.564   |
| adv_max               | 0.978    |
| adv_med               | -0.576   |
| adv_min               | -2.06    |
| adv_var               | 0.0501   |
| clipfrac              | 0.355    |
| curr_lr               | 0.001    |
| entropy               | 1.95     |
| eplenmean             | 554      |
| eprewmean             | 2.47     |
| fps                   | 5.52e+03 |
| grad_norm             | 0.607    |
| kl                    | 0.0305   |
| loss_pi               | -0.0463  |
| loss_v                | 0.0132   |
| lr                    | 0.001    |
| misc/nupdates         | 489      |
| misc/serial_timesteps | 2.01e+06 |
| misc/time_elapsed     | 365      |
| misc/total_timesteps  | 2.01e+06 |
| ratio_max             | 1.93     |
| ratio_min             | 0.41     |
| ret_avg               | 0.271    |
| ret_max               | 5.85     |
| ret_med               | -0.236   |
| ret_min               | -0.565   |
| ret_var               | 1.1      |
------------------------------------
------------------------------------
| action_max            | 14       |
| action_min            | 0        |
| adv_avg               | -0.58    |
| adv_max               | 2.99     |
| adv_med               | -0.572   |
| adv_min               | -6.86    |
| adv_var               | 0.214    |
| clipfrac              | 0.256    |
| curr_lr               | 0.001    |
| entropy               | 1.75     |
| eplenmean             | 615      |
| eprewmean             | 2.65     |
| fps                   | 5.42e+03 |
| grad_norm             | 1.08     |
| kl                    | 0.0265   |
| loss_pi               | -0.04    |
| loss_v                | 0.0424   |
| lr                    | 0.001    |
| misc/nupdates         | 499      |
| misc/serial_timesteps | 2.05e+06 |
| misc/time_elapsed     | 372      |
| misc/total_timesteps  | 2.05e+06 |
| ratio_max             | 2.03     |
| ratio_min             | 0.36     |
| ret_avg               | 0.311    |
| ret_max               | 5.79     |
| ret_med               | -0.309   |
| ret_min               | -0.565   |
| ret_var               | 1.55     |
------------------------------------
------------------------------------
| action_max            | 14       |
| action_min            | 0        |
| adv_avg               | -0.564   |
| adv_max               | 0.668    |
| adv_med               | -0.571   |
| adv_min               | -1.51    |
| adv_var               | 0.0276   |
| clipfrac              | 0.248    |
| curr_lr               | 0.001    |
| entropy               | 1.73     |
| eplenmean             | 494      |
| eprewmean             | 3.92     |
| fps                   | 5.64e+03 |
| grad_norm             | 0.792    |
| kl                    | 0.0236   |
| loss_pi               | -0.0524  |
| loss_v                | 0.0141   |
| lr                    | 0.001    |
| misc/nupdates         | 509      |
| misc/serial_timesteps | 2.09e+06 |
| misc/time_elapsed     | 380      |
| misc/total_timesteps  | 2.09e+06 |
| ratio_max             | 2.51     |
| ratio_min             | 0.409    |
| ret_avg               | 0.302    |
| ret_max               | 5.66     |
| ret_med               | -0.259   |
| ret_min               | -0.567   |
| ret_var               | 1.12     |
------------------------------------
------------------------------------
| action_max            | 14       |
| action_min            | 0        |
| adv_avg               | -0.58    |
| adv_max               | 2.87     |
| adv_med               | -0.576   |
| adv_min               | -3.71    |
| adv_var               | 0.0829   |
| clipfrac              | 0.338    |
| curr_lr               | 0.001    |
| entropy               | 2.09     |
| eplenmean             | 560      |
| eprewmean             | 3.53     |
| fps                   | 5.85e+03 |
| grad_norm             | 1.4      |
| kl                    | 0.0216   |
| loss_pi               | -0.0417  |
| loss_v                | 0.0288   |
| lr                    | 0.001    |
| misc/nupdates         | 519      |
| misc/serial_timesteps | 2.13e+06 |
| misc/time_elapsed     | 387      |
| misc/total_timesteps  | 2.13e+06 |
| ratio_max             | 2.28     |
| ratio_min             | 0.428    |
| ret_avg               | -0.0262  |
| ret_max               | 6.17     |
| ret_med               | -0.319   |
| ret_min               | -0.568   |
| ret_var               | 0.876    |
------------------------------------
------------------------------------
| action_max            | 14       |
| action_min            | 0        |
| adv_avg               | -0.574   |
| adv_max               | 0.636    |
| adv_med               | -0.577   |
| adv_min               | -1.49    |
| adv_var               | 0.0284   |
| clipfrac              | 0.373    |
| curr_lr               | 0.001    |
| entropy               | 1.98     |
| eplenmean             | 482      |
| eprewmean             | 3.94     |
| fps                   | 5.79e+03 |
| grad_norm             | 0.615    |
| kl                    | 0.0297   |
| loss_pi               | -0.0576  |
| loss_v                | 0.00737  |
| lr                    | 0.001    |
| misc/nupdates         | 529      |
| misc/serial_timesteps | 2.17e+06 |
| misc/time_elapsed     | 394      |
| misc/total_timesteps  | 2.17e+06 |
| ratio_max             | 2.41     |
| ratio_min             | 0.163    |
| ret_avg               | 0.132    |
| ret_max               | 5.58     |
| ret_med               | -0.243   |
| ret_min               | -0.57    |
| ret_var               | 0.929    |
------------------------------------
------------------------------------
| action_max            | 14       |
| action_min            | 0        |
| adv_avg               | -0.566   |
| adv_max               | 0.436    |
| adv_med               | -0.574   |
| adv_min               | -1.55    |
| adv_var               | 0.0222   |
| clipfrac              | 0.402    |
| curr_lr               | 0.001    |
| entropy               | 2.1      |
| eplenmean             | 534      |
| eprewmean             | 3.17     |
| fps                   | 5.81e+03 |
| grad_norm             | 0.439    |
| kl                    | 0.0357   |
| loss_pi               | -0.0462  |
| loss_v                | 0.00466  |
| lr                    | 0.001    |
| misc/nupdates         | 539      |
| misc/serial_timesteps | 2.21e+06 |
| misc/time_elapsed     | 401      |
| misc/total_timesteps  | 2.21e+06 |
| ratio_max             | 2.53     |
| ratio_min             | 0.282    |
| ret_avg               | -0.0711  |
| ret_max               | 5.56     |
| ret_med               | -0.295   |
| ret_min               | -0.571   |
| ret_var               | 0.526    |
------------------------------------
------------------------------------
| action_max            | 14       |
| action_min            | 0        |
| adv_avg               | -0.572   |
| adv_max               | 1.1      |
| adv_med               | -0.576   |
| adv_min               | -6.31    |
| adv_var               | 0.179    |
| clipfrac              | 0.268    |
| curr_lr               | 0.001    |
| entropy               | 2.08     |
| eplenmean             | 541      |
| eprewmean             | 3.6      |
| fps                   | 5.62e+03 |
| grad_norm             | 0.643    |
| kl                    | 0.0225   |
| loss_pi               | -0.0358  |
| loss_v                | 0.027    |
| lr                    | 0.001    |
| misc/nupdates         | 549      |
| misc/serial_timesteps | 2.25e+06 |
| misc/time_elapsed     | 409      |
| misc/total_timesteps  | 2.25e+06 |
| ratio_max             | 2.32     |
| ratio_min             | 0.222    |
| ret_avg               | 0.435    |
| ret_max               | 5.59     |
| ret_med               | -0.282   |
| ret_min               | -0.573   |
| ret_var               | 2.37     |
------------------------------------
------------------------------------
| action_max            | 14       |
| action_min            | 0        |
| adv_avg               | -0.552   |
| adv_max               | 1.41     |
| adv_med               | -0.58    |
| adv_min               | -2.06    |
| adv_var               | 0.0752   |
| clipfrac              | 0.307    |
| curr_lr               | 0.001    |
| entropy               | 2.09     |
| eplenmean             | 504      |
| eprewmean             | 3.41     |
| fps                   | 5.75e+03 |
| grad_norm             | 0.648    |
| kl                    | 0.025    |
| loss_pi               | -0.0428  |
| loss_v                | 0.0228   |
| lr                    | 0.001    |
| misc/nupdates         | 559      |
| misc/serial_timesteps | 2.29e+06 |
| misc/time_elapsed     | 416      |
| misc/total_timesteps  | 2.29e+06 |
| ratio_max             | 1.82     |
| ratio_min             | 0.343    |
| ret_avg               | 0.577    |
| ret_max               | 5.43     |
| ret_med               | -0.28    |
| ret_min               | -0.575   |
| ret_var               | 2.35     |
------------------------------------
------------------------------------
| action_max            | 14       |
| action_min            | 0        |
| adv_avg               | -0.573   |
| adv_max               | 1.05     |
| adv_med               | -0.58    |
| adv_min               | -2.97    |
| adv_var               | 0.0704   |
| clipfrac              | 0.35     |
| curr_lr               | 0.001    |
| entropy               | 1.93     |
| eplenmean             | 455      |
| eprewmean             | 5.25     |
| fps                   | 5.57e+03 |
| grad_norm             | 1.02     |
| kl                    | 0.029    |
| loss_pi               | -0.0509  |
| loss_v                | 0.0247   |
| lr                    | 0.001    |
| misc/nupdates         | 569      |
| misc/serial_timesteps | 2.33e+06 |
| misc/time_elapsed     | 423      |
| misc/total_timesteps  | 2.33e+06 |
| ratio_max             | 2.6      |
| ratio_min             | 0.32     |
| ret_avg               | 0.922    |
| ret_max               | 5.33     |
| ret_med               | -0.197   |
| ret_min               | -0.577   |
| ret_var               | 3.16     |
------------------------------------
------------------------------------
| action_max            | 14       |
| action_min            | 0        |
| adv_avg               | -0.598   |
| adv_max               | 1.61     |
| adv_med               | -0.585   |
| adv_min               | -4.15    |
| adv_var               | 0.0901   |
| clipfrac              | 0.316    |
| curr_lr               | 0.001    |
| entropy               | 1.8      |
| eplenmean             | 422      |
| eprewmean             | 4.92     |
| fps                   | 5.89e+03 |
| grad_norm             | 0.742    |
| kl                    | 0.0292   |
| loss_pi               | -0.0369  |
| loss_v                | 0.0427   |
| lr                    | 0.001    |
| misc/nupdates         | 579      |
| misc/serial_timesteps | 2.38e+06 |
| misc/time_elapsed     | 430      |
| misc/total_timesteps  | 2.38e+06 |
| ratio_max             | 4.42     |
| ratio_min             | 0.221    |
| ret_avg               | 0.421    |
| ret_max               | 5.16     |
| ret_med               | -0.257   |
| ret_min               | -0.577   |
| ret_var               | 1.58     |
------------------------------------
------------------------------------
| action_max            | 14       |
| action_min            | 0        |
| adv_avg               | -0.587   |
| adv_max               | 1.19     |
| adv_med               | -0.58    |
| adv_min               | -2.57    |
| adv_var               | 0.0767   |
| clipfrac              | 0.367    |
| curr_lr               | 0.001    |
| entropy               | 1.71     |
| eplenmean             | 418      |
| eprewmean             | 4.91     |
| fps                   | 5.78e+03 |
| grad_norm             | 0.632    |
| kl                    | 0.0376   |
| loss_pi               | -0.0478  |
| loss_v                | 0.0298   |
| lr                    | 0.001    |
| misc/nupdates         | 589      |
| misc/serial_timesteps | 2.42e+06 |
| misc/time_elapsed     | 437      |
| misc/total_timesteps  | 2.42e+06 |
| ratio_max             | 2.39     |
| ratio_min             | 0.0764   |
| ret_avg               | 0.702    |
| ret_max               | 5.04     |
| ret_med               | -0.308   |
| ret_min               | -0.577   |
| ret_var               | 2.82     |
------------------------------------
------------------------------------
| action_max            | 14       |
| action_min            | 0        |
| adv_avg               | -0.563   |
| adv_max               | 1.17     |
| adv_med               | -0.58    |
| adv_min               | -1.62    |
| adv_var               | 0.0428   |
| clipfrac              | 0.291    |
| curr_lr               | 0.001    |
| entropy               | 1.37     |
| eplenmean             | 447      |
| eprewmean             | 4.7      |
| fps                   | 5.56e+03 |
| grad_norm             | 0.667    |
| kl                    | 0.0333   |
| loss_pi               | -0.0492  |
| loss_v                | 0.0095   |
| lr                    | 0.001    |
| misc/nupdates         | 599      |
| misc/serial_timesteps | 2.46e+06 |
| misc/time_elapsed     | 444      |
| misc/total_timesteps  | 2.46e+06 |
| ratio_max             | 2.72     |
| ratio_min             | 0.232    |
| ret_avg               | 0.596    |
| ret_max               | 4.94     |
| ret_med               | -0.362   |
| ret_min               | -0.577   |
| ret_var               | 2.17     |
------------------------------------
------------------------------------
| action_max            | 14       |
| action_min            | 0        |
| adv_avg               | -0.567   |
| adv_max               | 0.633    |
| adv_med               | -0.579   |
| adv_min               | -1.9     |
| adv_var               | 0.0161   |
| clipfrac              | 0.367    |
| curr_lr               | 0.001    |
| entropy               | 1.91     |
| eplenmean             | 528      |
| eprewmean             | 3.9      |
| fps                   | 5.85e+03 |
| grad_norm             | 0.345    |
| kl                    | 0.0347   |
| loss_pi               | -0.0387  |
| loss_v                | 0.00338  |
| lr                    | 0.001    |
| misc/nupdates         | 609      |
| misc/serial_timesteps | 2.5e+06  |
| misc/time_elapsed     | 451      |
| misc/total_timesteps  | 2.5e+06  |
| ratio_max             | 2.78     |
| ratio_min             | 0.178    |
| ret_avg               | -0.0491  |
| ret_max               | 4.95     |
| ret_med               | -0.41    |
| ret_min               | -0.577   |
| ret_var               | 1.26     |
------------------------------------
------------------------------------
| action_max            | 14       |
| action_min            | 0        |
| adv_avg               | -0.553   |
| adv_max               | 1.71     |
| adv_med               | -0.577   |
| adv_min               | -1.23    |
| adv_var               | 0.0426   |
| clipfrac              | 0.328    |
| curr_lr               | 0.001    |
| entropy               | 1.79     |
| eplenmean             | 366      |
| eprewmean             | 5.53     |
| fps                   | 6.04e+03 |
| grad_norm             | 0.507    |
| kl                    | 0.035    |
| loss_pi               | -0.0437  |
| loss_v                | 0.0109   |
| lr                    | 0.001    |
| misc/nupdates         | 619      |
| misc/serial_timesteps | 2.54e+06 |
| misc/time_elapsed     | 458      |
| misc/total_timesteps  | 2.54e+06 |
| ratio_max             | 4.16     |
| ratio_min             | 0.225    |
| ret_avg               | 0.403    |
| ret_max               | 4.82     |
| ret_med               | -0.397   |
| ret_min               | -0.574   |
| ret_var               | 2.66     |
------------------------------------
------------------------------------
| action_max            | 14       |
| action_min            | 0        |
| adv_avg               | -0.584   |
| adv_max               | 0.553    |
| adv_med               | -0.578   |
| adv_min               | -2.15    |
| adv_var               | 0.0268   |
| clipfrac              | 0.297    |
| curr_lr               | 0.001    |
| entropy               | 1.47     |
| eplenmean             | 406      |
| eprewmean             | 4.23     |
| fps                   | 5.82e+03 |
| grad_norm             | 0.492    |
| kl                    | 0.0428   |
| loss_pi               | -0.0382  |
| loss_v                | 0.00765  |
| lr                    | 0.001    |
| misc/nupdates         | 629      |
| misc/serial_timesteps | 2.58e+06 |
| misc/time_elapsed     | 465      |
| misc/total_timesteps  | 2.58e+06 |
| ratio_max             | 2.7      |
| ratio_min             | 0.131    |
| ret_avg               | 0.571    |
| ret_max               | 4.82     |
| ret_med               | -0.368   |
| ret_min               | -0.573   |
| ret_var               | 2.43     |
------------------------------------
------------------------------------
| action_max            | 14       |
| action_min            | 0        |
| adv_avg               | -0.566   |
| adv_max               | 0.985    |
| adv_med               | -0.574   |
| adv_min               | -1.4     |
| adv_var               | 0.0227   |
| clipfrac              | 0.318    |
| curr_lr               | 0.001    |
| entropy               | 1.47     |
| eplenmean             | 462      |
| eprewmean             | 3.74     |
| fps                   | 5.93e+03 |
| grad_norm             | 0.555    |
| kl                    | 0.0342   |
| loss_pi               | -0.0479  |
| loss_v                | 0.00606  |
| lr                    | 0.001    |
| misc/nupdates         | 639      |
| misc/serial_timesteps | 2.62e+06 |
| misc/time_elapsed     | 473      |
| misc/total_timesteps  | 2.62e+06 |
| ratio_max             | 8.75     |
| ratio_min             | 0.262    |
| ret_avg               | -0.112   |
| ret_max               | 4.8      |
| ret_med               | -0.459   |
| ret_min               | -0.573   |
| ret_var               | 0.964    |
------------------------------------
------------------------------------
| action_max            | 14       |
| action_min            | 0        |
| adv_avg               | -0.574   |
| adv_max               | 0.404    |
| adv_med               | -0.574   |
| adv_min               | -1.36    |
| adv_var               | 0.00648  |
| clipfrac              | 0.289    |
| curr_lr               | 0.001    |
| entropy               | 1.34     |
| eplenmean             | 476      |
| eprewmean             | 3.63     |
| fps                   | 5.78e+03 |
| grad_norm             | 0.51     |
| kl                    | 0.0327   |
| loss_pi               | -0.0516  |
| loss_v                | 0.00273  |
| lr                    | 0.001    |
| misc/nupdates         | 649      |
| misc/serial_timesteps | 2.66e+06 |
| misc/time_elapsed     | 480      |
| misc/total_timesteps  | 2.66e+06 |
| ratio_max             | 2.96     |
| ratio_min             | 0.272    |
| ret_avg               | 0.135    |
| ret_max               | 4.41     |
| ret_med               | -0.462   |
| ret_min               | -0.571   |
| ret_var               | 2.03     |
------------------------------------
------------------------------------
| action_max            | 14       |
| action_min            | 0        |
| adv_avg               | -0.562   |
| adv_max               | 0.216    |
| adv_med               | -0.571   |
| adv_min               | -1.09    |
| adv_var               | 0.0113   |
| clipfrac              | 0.346    |
| curr_lr               | 0.001    |
| entropy               | 1.73     |
| eplenmean             | 559      |
| eprewmean             | 4.18     |
| fps                   | 5.92e+03 |
| grad_norm             | 0.747    |
| kl                    | 0.0338   |
| loss_pi               | -0.0392  |
| loss_v                | 0.00416  |
| lr                    | 0.001    |
| misc/nupdates         | 659      |
| misc/serial_timesteps | 2.7e+06  |
| misc/time_elapsed     | 487      |
| misc/total_timesteps  | 2.7e+06  |
| ratio_max             | 2.33     |
| ratio_min             | 0.0729   |
| ret_avg               | 0.287    |
| ret_max               | 4.61     |
| ret_med               | -0.45    |
| ret_min               | -0.57    |
| ret_var               | 2.43     |
------------------------------------
------------------------------------
| action_max            | 14       |
| action_min            | 0        |
| adv_avg               | -0.567   |
| adv_max               | 0.249    |
| adv_med               | -0.57    |
| adv_min               | -1.19    |
| adv_var               | 0.00843  |
| clipfrac              | 0.365    |
| curr_lr               | 0.001    |
| entropy               | 1.83     |
| eplenmean             | 432      |
| eprewmean             | 4.3      |
| fps                   | 5.99e+03 |
| grad_norm             | 0.437    |
| kl                    | 0.0407   |
| loss_pi               | -0.0442  |
| loss_v                | 0.00281  |
| lr                    | 0.001    |
| misc/nupdates         | 669      |
| misc/serial_timesteps | 2.74e+06 |
| misc/time_elapsed     | 494      |
| misc/total_timesteps  | 2.74e+06 |
| ratio_max             | 3.11     |
| ratio_min             | 0.0521   |
| ret_avg               | -0.133   |
| ret_max               | 4.59     |
| ret_med               | -0.441   |
| ret_min               | -0.568   |
| ret_var               | 0.671    |
------------------------------------
------------------------------------
| action_max            | 14       |
| action_min            | 0        |
| adv_avg               | -0.591   |
| adv_max               | 0.24     |
| adv_med               | -0.57    |
| adv_min               | -1.79    |
| adv_var               | 0.0172   |
| clipfrac              | 0.295    |
| curr_lr               | 0.001    |
| entropy               | 1.36     |
| eplenmean             | 472      |
| eprewmean             | 4.14     |
| fps                   | 5.95e+03 |
| grad_norm             | 0.486    |
| kl                    | 0.0385   |
| loss_pi               | -0.0625  |
| loss_v                | 0.00502  |
| lr                    | 0.001    |
| misc/nupdates         | 679      |
| misc/serial_timesteps | 2.79e+06 |
| misc/time_elapsed     | 501      |
| misc/total_timesteps  | 2.79e+06 |
| ratio_max             | 7.2      |
| ratio_min             | 0.228    |
| ret_avg               | 0.192    |
| ret_max               | 4.85     |
| ret_med               | -0.416   |
| ret_min               | -0.567   |
| ret_var               | 1.95     |
------------------------------------
------------------------------------
| action_max            | 14       |
| action_min            | 0        |
| adv_avg               | -0.566   |
| adv_max               | 0.98     |
| adv_med               | -0.568   |
| adv_min               | -1.78    |
| adv_var               | 0.0313   |
| clipfrac              | 0.266    |
| curr_lr               | 0.001    |
| entropy               | 1.49     |
| eplenmean             | 489      |
| eprewmean             | 3.67     |
| fps                   | 5.5e+03  |
| grad_norm             | 0.698    |
| kl                    | 0.0285   |
| loss_pi               | -0.0421  |
| loss_v                | 0.00688  |
| lr                    | 0.001    |
| misc/nupdates         | 689      |
| misc/serial_timesteps | 2.83e+06 |
| misc/time_elapsed     | 508      |
| misc/total_timesteps  | 2.83e+06 |
| ratio_max             | 2.58     |
| ratio_min             | 0.171    |
| ret_avg               | -0.208   |
| ret_max               | 4.53     |
| ret_med               | -0.451   |
| ret_min               | -0.566   |
| ret_var               | 0.608    |
------------------------------------
------------------------------------
| action_max            | 14       |
| action_min            | 0        |
| adv_avg               | -0.548   |
| adv_max               | 0.744    |
| adv_med               | -0.565   |
| adv_min               | -1.88    |
| adv_var               | 0.0321   |
| clipfrac              | 0.303    |
| curr_lr               | 0.001    |
| entropy               | 1.56     |
| eplenmean             | 479      |
| eprewmean             | 3.6      |
| fps                   | 5.83e+03 |
| grad_norm             | 0.613    |
| kl                    | 0.0296   |
| loss_pi               | -0.0534  |
| loss_v                | 0.0111   |
| lr                    | 0.001    |
| misc/nupdates         | 699      |
| misc/serial_timesteps | 2.87e+06 |
| misc/time_elapsed     | 515      |
| misc/total_timesteps  | 2.87e+06 |
| ratio_max             | 5.03     |
| ratio_min             | 0.176    |
| ret_avg               | 0.311    |
| ret_max               | 4.49     |
| ret_med               | -0.441   |
| ret_min               | -0.568   |
| ret_var               | 1.97     |
------------------------------------
------------------------------------
| action_max            | 14       |
| action_min            | 0        |
| adv_avg               | -0.57    |
| adv_max               | 0.168    |
| adv_med               | -0.57    |
| adv_min               | -1.33    |
| adv_var               | 0.00509  |
| clipfrac              | 0.426    |
| curr_lr               | 0.001    |
| entropy               | 1.63     |
| eplenmean             | 454      |
| eprewmean             | 4.1      |
| fps                   | 5.78e+03 |
| grad_norm             | 0.37     |
| kl                    | 0.0396   |
| loss_pi               | -0.0361  |
| loss_v                | 0.0039   |
| lr                    | 0.001    |
| misc/nupdates         | 709      |
| misc/serial_timesteps | 2.91e+06 |
| misc/time_elapsed     | 522      |
| misc/total_timesteps  | 2.91e+06 |
| ratio_max             | 2.4      |
| ratio_min             | 0.0423   |
| ret_avg               | -0.286   |
| ret_max               | 4.27     |
| ret_med               | -0.432   |
| ret_min               | -0.598   |
| ret_var               | 0.32     |
------------------------------------
------------------------------------
| action_max            | 14       |
| action_min            | 0        |
| adv_avg               | -0.558   |
| adv_max               | 0.941    |
| adv_med               | -0.567   |
| adv_min               | -2.59    |
| adv_var               | 0.0246   |
| clipfrac              | 0.391    |
| curr_lr               | 0.001    |
| entropy               | 1.59     |
| eplenmean             | 490      |
| eprewmean             | 3.77     |
| fps                   | 5.63e+03 |
| grad_norm             | 0.779    |
| kl                    | 0.0406   |
| loss_pi               | -0.0328  |
| loss_v                | 0.00551  |
| lr                    | 0.001    |
| misc/nupdates         | 719      |
| misc/serial_timesteps | 2.95e+06 |
| misc/time_elapsed     | 529      |
| misc/total_timesteps  | 2.95e+06 |
| ratio_max             | 2.52     |
| ratio_min             | 0.205    |
| ret_avg               | 0.00808  |
| ret_max               | 4.85     |
| ret_med               | -0.409   |
| ret_min               | -0.566   |
| ret_var               | 1.49     |
------------------------------------
------------------------------------
| action_max            | 14       |
| action_min            | 0        |
| adv_avg               | -0.566   |
| adv_max               | 0.635    |
| adv_med               | -0.564   |
| adv_min               | -1.8     |
| adv_var               | 0.0145   |
| clipfrac              | 0.273    |
| curr_lr               | 0.001    |
| entropy               | 1.66     |
| eplenmean             | 440      |
| eprewmean             | 4.64     |
| fps                   | 5.8e+03  |
| grad_norm             | 0.474    |
| kl                    | 0.0346   |
| loss_pi               | -0.0424  |
| loss_v                | 0.00452  |
| lr                    | 0.001    |
| misc/nupdates         | 729      |
| misc/serial_timesteps | 2.99e+06 |
| misc/time_elapsed     | 536      |
| misc/total_timesteps  | 2.99e+06 |
| ratio_max             | 3.42     |
| ratio_min             | 0.289    |
| ret_avg               | -0.0785  |
| ret_max               | 4.43     |
| ret_med               | -0.485   |
| ret_min               | -0.579   |
| ret_var               | 1.56     |
------------------------------------
------------------------------------
| action_max            | 14       |
| action_min            | 0        |
| adv_avg               | -0.568   |
| adv_max               | 0.899    |
| adv_med               | -0.564   |
| adv_min               | -1.26    |
| adv_var               | 0.011    |
| clipfrac              | 0.41     |
| curr_lr               | 0.001    |
| entropy               | 1.83     |
| eplenmean             | 505      |
| eprewmean             | 4.17     |
| fps                   | 5.75e+03 |
| grad_norm             | 0.48     |
| kl                    | 0.0536   |
| loss_pi               | -0.0435  |
| loss_v                | 0.00634  |
| lr                    | 0.001    |
| misc/nupdates         | 739      |
| misc/serial_timesteps | 3.03e+06 |
| misc/time_elapsed     | 543      |
| misc/total_timesteps  | 3.03e+06 |
| ratio_max             | 5.91     |
| ratio_min             | 0.0283   |
| ret_avg               | -0.151   |
| ret_max               | 4.16     |
| ret_med               | -0.402   |
| ret_min               | -0.561   |
| ret_var               | 0.948    |
------------------------------------
------------------------------------
| action_max            | 14       |
| action_min            | 0        |
| adv_avg               | -0.569   |
| adv_max               | 0.246    |
| adv_med               | -0.563   |
| adv_min               | -1.68    |
| adv_var               | 0.00934  |
| clipfrac              | 0.42     |
| curr_lr               | 0.001    |
| entropy               | 1.87     |
| eplenmean             | 456      |
| eprewmean             | 4.14     |
| fps                   | 5.74e+03 |
| grad_norm             | 0.464    |
| kl                    | 0.0483   |
| loss_pi               | -0.0466  |
| loss_v                | 0.00481  |
| lr                    | 0.001    |
| misc/nupdates         | 749      |
| misc/serial_timesteps | 3.07e+06 |
| misc/time_elapsed     | 551      |
| misc/total_timesteps  | 3.07e+06 |
| ratio_max             | 2.36     |
| ratio_min             | 0.106    |
| ret_avg               | -0.195   |
| ret_max               | 4.42     |
| ret_med               | -0.428   |
| ret_min               | -0.56    |
| ret_var               | 0.799    |
------------------------------------
------------------------------------
| action_max            | 14       |
| action_min            | 0        |
| adv_avg               | -0.569   |
| adv_max               | -0.0343  |
| adv_med               | -0.565   |
| adv_min               | -1.35    |
| adv_var               | 0.00475  |
| clipfrac              | 0.342    |
| curr_lr               | 0.001    |
| entropy               | 1.57     |
| eplenmean             | 395      |
| eprewmean             | 4.29     |
| fps                   | 5.69e+03 |
| grad_norm             | 0.304    |
| kl                    | 0.04     |
| loss_pi               | -0.0435  |
| loss_v                | 0.00152  |
| lr                    | 0.001    |
| misc/nupdates         | 759      |
| misc/serial_timesteps | 3.11e+06 |
| misc/time_elapsed     | 558      |
| misc/total_timesteps  | 3.11e+06 |
| ratio_max             | 4.39     |
| ratio_min             | 0.158    |
| ret_avg               | -0.19    |
| ret_max               | 4.38     |
| ret_med               | -0.423   |
| ret_min               | -0.559   |
| ret_var               | 0.495    |
------------------------------------
------------------------------------
| action_max            | 14       |
| action_min            | 0        |
| adv_avg               | -0.557   |
| adv_max               | 0.11     |
| adv_med               | -0.559   |
| adv_min               | -1.06    |
| adv_var               | 0.00752  |
| clipfrac              | 0.395    |
| curr_lr               | 0.001    |
| entropy               | 1.7      |
| eplenmean             | 392      |
| eprewmean             | 4.7      |
| fps                   | 5.68e+03 |
| grad_norm             | 0.481    |
| kl                    | 0.0386   |
| loss_pi               | -0.0572  |
| loss_v                | 0.00375  |
| lr                    | 0.001    |
| misc/nupdates         | 769      |
| misc/serial_timesteps | 3.15e+06 |
| misc/time_elapsed     | 565      |
| misc/total_timesteps  | 3.15e+06 |
| ratio_max             | 2.84     |
| ratio_min             | 0.214    |
| ret_avg               | -0.245   |
| ret_max               | 4.46     |
| ret_med               | -0.399   |
| ret_min               | -0.558   |
| ret_var               | 0.473    |
------------------------------------
------------------------------------
| action_max            | 14       |
| action_min            | 0        |
| adv_avg               | -0.563   |
| adv_max               | 0.232    |
| adv_med               | -0.558   |
| adv_min               | -0.947   |
| adv_var               | 0.00231  |
| clipfrac              | 0.424    |
| curr_lr               | 0.001    |
| entropy               | 1.88     |
| eplenmean             | 429      |
| eprewmean             | 3.1      |
| fps                   | 5.57e+03 |
| grad_norm             | 0.62     |
| kl                    | 0.0374   |
| loss_pi               | -0.0533  |
| loss_v                | 0.000793 |
| lr                    | 0.001    |
| misc/nupdates         | 779      |
| misc/serial_timesteps | 3.19e+06 |
| misc/time_elapsed     | 572      |
| misc/total_timesteps  | 3.19e+06 |
| ratio_max             | 2.37     |
| ratio_min             | 0.117    |
| ret_avg               | -0.349   |
| ret_max               | 4.36     |
| ret_med               | -0.426   |
| ret_min               | -0.556   |
| ret_var               | 0.343    |
------------------------------------
------------------------------------
| action_max            | 14       |
| action_min            | 0        |
| adv_avg               | -0.547   |
| adv_max               | 0.273    |
| adv_med               | -0.555   |
| adv_min               | -2.82    |
| adv_var               | 0.0111   |
| clipfrac              | 0.334    |
| curr_lr               | 0.001    |
| entropy               | 1.68     |
| eplenmean             | 376      |
| eprewmean             | 4.1      |
| fps                   | 5.62e+03 |
| grad_norm             | 0.515    |
| kl                    | 0.0323   |
| loss_pi               | -0.0295  |
| loss_v                | 0.00342  |
| lr                    | 0.001    |
| misc/nupdates         | 789      |
| misc/serial_timesteps | 3.24e+06 |
| misc/time_elapsed     | 580      |
| misc/total_timesteps  | 3.24e+06 |
| ratio_max             | 3.3      |
| ratio_min             | 0.0404   |
| ret_avg               | -0.147   |
| ret_max               | 4.35     |
| ret_med               | -0.456   |
| ret_min               | -0.586   |
| ret_var               | 1.3      |
------------------------------------
------------------------------------
| action_max            | 14       |
| action_min            | 0        |
| adv_avg               | -0.556   |
| adv_max               | -0.12    |
| adv_med               | -0.554   |
| adv_min               | -0.903   |
| adv_var               | 0.00185  |
| clipfrac              | 0.416    |
| curr_lr               | 0.001    |
| entropy               | 1.87     |
| eplenmean             | 420      |
| eprewmean             | 4.2      |
| fps                   | 5.5e+03  |
| grad_norm             | 0.427    |
| kl                    | 0.0348   |
| loss_pi               | -0.0446  |
| loss_v                | 0.00131  |
| lr                    | 0.001    |
| misc/nupdates         | 799      |
| misc/serial_timesteps | 3.28e+06 |
| misc/time_elapsed     | 587      |
| misc/total_timesteps  | 3.28e+06 |
| ratio_max             | 2.69     |
| ratio_min             | 0.238    |
| ret_avg               | -0.343   |
| ret_max               | 4.35     |
| ret_med               | -0.446   |
| ret_min               | -0.551   |
| ret_var               | 0.442    |
------------------------------------
------------------------------------
| action_max            | 14       |
| action_min            | 0        |
| adv_avg               | -0.557   |
| adv_max               | 0.138    |
| adv_med               | -0.551   |
| adv_min               | -2.23    |
| adv_var               | 0.0079   |
| clipfrac              | 0.322    |
| curr_lr               | 0.001    |
| entropy               | 1.49     |
| eplenmean             | 400      |
| eprewmean             | 4.1      |
| fps                   | 5.5e+03  |
| grad_norm             | 0.405    |
| kl                    | 0.0452   |
| loss_pi               | -0.0378  |
| loss_v                | 0.00269  |
| lr                    | 0.001    |
| misc/nupdates         | 809      |
| misc/serial_timesteps | 3.32e+06 |
| misc/time_elapsed     | 595      |
| misc/total_timesteps  | 3.32e+06 |
| ratio_max             | 3.66     |
| ratio_min             | 0.0137   |
| ret_avg               | -0.0335  |
| ret_max               | 4.33     |
| ret_med               | -0.452   |
| ret_min               | -0.549   |
| ret_var               | 1.47     |
------------------------------------
------------------------------------
| action_max            | 14       |
| action_min            | 0        |
| adv_avg               | -0.549   |
| adv_max               | 0.398    |
| adv_med               | -0.553   |
| adv_min               | -1.11    |
| adv_var               | 0.00685  |
| clipfrac              | 0.271    |
| curr_lr               | 0.001    |
| entropy               | 1.27     |
| eplenmean             | 491      |
| eprewmean             | 3.6      |
| fps                   | 5.42e+03 |
| grad_norm             | 0.749    |
| kl                    | 0.0301   |
| loss_pi               | -0.0355  |
| loss_v                | 0.00257  |
| lr                    | 0.001    |
| misc/nupdates         | 819      |
| misc/serial_timesteps | 3.36e+06 |
| misc/time_elapsed     | 602      |
| misc/total_timesteps  | 3.36e+06 |
| ratio_max             | 2.53     |
| ratio_min             | 0.0679   |
| ret_avg               | 0.297    |
| ret_max               | 4.31     |
| ret_med               | -0.428   |
| ret_min               | -0.561   |
| ret_var               | 1.85     |
------------------------------------
------------------------------------
| action_max            | 14       |
| action_min            | 0        |
| adv_avg               | -0.567   |
| adv_max               | 0.352    |
| adv_med               | -0.548   |
| adv_min               | -3.25    |
| adv_var               | 0.0333   |
| clipfrac              | 0.215    |
| curr_lr               | 0.001    |
| entropy               | 1.07     |
| eplenmean             | 481      |
| eprewmean             | 3.9      |
| fps                   | 5.7e+03  |
| grad_norm             | 0.425    |
| kl                    | 0.035    |
| loss_pi               | -0.0372  |
| loss_v                | 0.0123   |
| lr                    | 0.001    |
| misc/nupdates         | 829      |
| misc/serial_timesteps | 3.4e+06  |
| misc/time_elapsed     | 609      |
| misc/total_timesteps  | 3.4e+06  |
| ratio_max             | 2.31     |
| ratio_min             | 0.194    |
| ret_avg               | -0.0444  |
| ret_max               | 4.66     |
| ret_med               | -0.454   |
| ret_min               | -0.547   |
| ret_var               | 1.46     |
------------------------------------
------------------------------------
| action_max            | 14       |
| action_min            | 0        |
| adv_avg               | -0.546   |
| adv_max               | 1.01     |
| adv_med               | -0.545   |
| adv_min               | -2.68    |
| adv_var               | 0.0584   |
| clipfrac              | 0.299    |
| curr_lr               | 0.001    |
| entropy               | 1.43     |
| eplenmean             | 483      |
| eprewmean             | 3.7      |
| fps                   | 5.45e+03 |
| grad_norm             | 0.846    |
| kl                    | 0.0284   |
| loss_pi               | -0.0617  |
| loss_v                | 0.0228   |
| lr                    | 0.001    |
| misc/nupdates         | 839      |
| misc/serial_timesteps | 3.44e+06 |
| misc/time_elapsed     | 617      |
| misc/total_timesteps  | 3.44e+06 |
| ratio_max             | 2.94     |
| ratio_min             | 0.151    |
| ret_avg               | -0.0823  |
| ret_max               | 4.29     |
| ret_med               | -0.479   |
| ret_min               | -0.603   |
| ret_var               | 1.12     |
------------------------------------
------------------------------------
| action_max            | 14       |
| action_min            | 0        |
| adv_avg               | -0.538   |
| adv_max               | 0.938    |
| adv_med               | -0.544   |
| adv_min               | -1.03    |
| adv_var               | 0.00772  |
| clipfrac              | 0.402    |
| curr_lr               | 0.001    |
| entropy               | 1.9      |
| eplenmean             | 525      |
| eprewmean             | 3.33     |
| fps                   | 5.45e+03 |
| grad_norm             | 0.355    |
| kl                    | 0.0375   |
| loss_pi               | -0.0347  |
| loss_v                | 0.000984 |
| lr                    | 0.001    |
| misc/nupdates         | 849      |
| misc/serial_timesteps | 3.48e+06 |
| misc/time_elapsed     | 624      |
| misc/total_timesteps  | 3.48e+06 |
| ratio_max             | 2.59     |
| ratio_min             | 0.179    |
| ret_avg               | -0.361   |
| ret_max               | 4.29     |
| ret_med               | -0.452   |
| ret_min               | -0.555   |
| ret_var               | 0.278    |
------------------------------------
------------------------------------
| action_max            | 14       |
| action_min            | 0        |
| adv_avg               | -0.543   |
| adv_max               | 0.707    |
| adv_med               | -0.545   |
| adv_min               | -1.64    |
| adv_var               | 0.0131   |
| clipfrac              | 0.297    |
| curr_lr               | 0.001    |
| entropy               | 1.71     |
| eplenmean             | 440      |
| eprewmean             | 3.46     |
| fps                   | 5.53e+03 |
| grad_norm             | 0.687    |
| kl                    | 0.0315   |
| loss_pi               | -0.0253  |
| loss_v                | 0.00535  |
| lr                    | 0.001    |
| misc/nupdates         | 859      |
| misc/serial_timesteps | 3.52e+06 |
| misc/time_elapsed     | 632      |
| misc/total_timesteps  | 3.52e+06 |
| ratio_max             | 2.01     |
| ratio_min             | 0.0256   |
| ret_avg               | 0.0036   |
| ret_max               | 4.36     |
| ret_med               | -0.403   |
| ret_min               | -0.542   |
| ret_var               | 1.53     |
------------------------------------
------------------------------------
| action_max            | 14       |
| action_min            | 0        |
| adv_avg               | -0.516   |
| adv_max               | 2.63     |
| adv_med               | -0.54    |
| adv_min               | -2.5     |
| adv_var               | 0.067    |
| clipfrac              | 0.367    |
| curr_lr               | 0.001    |
| entropy               | 1.83     |
| eplenmean             | 401      |
| eprewmean             | 3.03     |
| fps                   | 5.47e+03 |
| grad_norm             | 0.467    |
| kl                    | 0.0441   |
| loss_pi               | -0.0409  |
| loss_v                | 0.00708  |
| lr                    | 0.001    |
| misc/nupdates         | 869      |
| misc/serial_timesteps | 3.56e+06 |
| misc/time_elapsed     | 639      |
| misc/total_timesteps  | 3.56e+06 |
| ratio_max             | 3.36     |
| ratio_min             | 0.0768   |
| ret_avg               | -0.108   |
| ret_max               | 4.32     |
| ret_med               | -0.423   |
| ret_min               | -0.54    |
| ret_var               | 0.768    |
------------------------------------
------------------------------------
| action_max            | 14       |
| action_min            | 0        |
| adv_avg               | -0.538   |
| adv_max               | 1.28     |
| adv_med               | -0.541   |
| adv_min               | -1.07    |
| adv_var               | 0.00478  |
| clipfrac              | 0.455    |
| curr_lr               | 0.001    |
| entropy               | 1.74     |
| eplenmean             | 470      |
| eprewmean             | 2.4      |
| fps                   | 5.49e+03 |
| grad_norm             | 0.446    |
| kl                    | 0.054    |
| loss_pi               | -0.0416  |
| loss_v                | 0.00257  |
| lr                    | 0.001    |
| misc/nupdates         | 879      |
| misc/serial_timesteps | 3.6e+06  |
| misc/time_elapsed     | 647      |
| misc/total_timesteps  | 3.6e+06  |
| ratio_max             | 2.58     |
| ratio_min             | 0.0738   |
| ret_avg               | -0.257   |
| ret_max               | 4.31     |
| ret_med               | -0.416   |
| ret_min               | -0.539   |
| ret_var               | 0.504    |
------------------------------------
------------------------------------
| action_max            | 14       |
| action_min            | 0        |
| adv_avg               | -0.504   |
| adv_max               | 0.901    |
| adv_med               | -0.539   |
| adv_min               | -2.4     |
| adv_var               | 0.0702   |
| clipfrac              | 0.359    |
| curr_lr               | 0.001    |
| entropy               | 1.28     |
| eplenmean             | 518      |
| eprewmean             | 3.89     |
| fps                   | 5.63e+03 |
| grad_norm             | 0.767    |
| kl                    | 0.049    |
| loss_pi               | -0.044   |
| loss_v                | 0.0299   |
| lr                    | 0.001    |
| misc/nupdates         | 889      |
| misc/serial_timesteps | 3.65e+06 |
| misc/time_elapsed     | 654      |
| misc/total_timesteps  | 3.65e+06 |
| ratio_max             | 3.29     |
| ratio_min             | 0.224    |
| ret_avg               | 1.17     |
| ret_max               | 4.43     |
| ret_med               | -0.317   |
| ret_min               | -0.547   |
| ret_var               | 3.58     |
------------------------------------
------------------------------------
| action_max            | 14       |
| action_min            | 0        |
| adv_avg               | -0.536   |
| adv_max               | 0.892    |
| adv_med               | -0.541   |
| adv_min               | -1.21    |
| adv_var               | 0.00916  |
| clipfrac              | 0.434    |
| curr_lr               | 0.001    |
| entropy               | 1.67     |
| eplenmean             | 418      |
| eprewmean             | 4.36     |
| fps                   | 5.83e+03 |
| grad_norm             | 0.722    |
| kl                    | 0.0657   |
| loss_pi               | -0.0557  |
| loss_v                | 0.00352  |
| lr                    | 0.001    |
| misc/nupdates         | 899      |
| misc/serial_timesteps | 3.69e+06 |
| misc/time_elapsed     | 661      |
| misc/total_timesteps  | 3.69e+06 |
| ratio_max             | 3.22     |
| ratio_min             | 0.0109   |
| ret_avg               | -0.0087  |
| ret_max               | 4.26     |
| ret_med               | -0.405   |
| ret_min               | -0.538   |
| ret_var               | 1.34     |
------------------------------------
------------------------------------
| action_max            | 14       |
| action_min            | 0        |
| adv_avg               | -0.542   |
| adv_max               | 1.7      |
| adv_med               | -0.545   |
| adv_min               | -5.07    |
| adv_var               | 0.0932   |
| clipfrac              | 0.295    |
| curr_lr               | 0.001    |
| entropy               | 1.52     |
| eplenmean             | 382      |
| eprewmean             | 4.16     |
| fps                   | 5.81e+03 |
| grad_norm             | 0.497    |
| kl                    | 0.0327   |
| loss_pi               | -0.0187  |
| loss_v                | 0.064    |
| lr                    | 0.001    |
| misc/nupdates         | 909      |
| misc/serial_timesteps | 3.73e+06 |
| misc/time_elapsed     | 668      |
| misc/total_timesteps  | 3.73e+06 |
| ratio_max             | 2.55     |
| ratio_min             | 0.326    |
| ret_avg               | 0.373    |
| ret_max               | 4.23     |
| ret_med               | -0.349   |
| ret_min               | -0.538   |
| ret_var               | 2.25     |
------------------------------------
------------------------------------
| action_max            | 14       |
| action_min            | 0        |
| adv_avg               | -0.519   |
| adv_max               | 2.43     |
| adv_med               | -0.541   |
| adv_min               | -3.7     |
| adv_var               | 0.0893   |
| clipfrac              | 0.314    |
| curr_lr               | 0.001    |
| entropy               | 1.54     |
| eplenmean             | 320      |
| eprewmean             | 4.98     |
| fps                   | 5.66e+03 |
| grad_norm             | 0.994    |
| kl                    | 0.0477   |
| loss_pi               | -0.033   |
| loss_v                | 0.0345   |
| lr                    | 0.001    |
| misc/nupdates         | 919      |
| misc/serial_timesteps | 3.77e+06 |
| misc/time_elapsed     | 675      |
| misc/total_timesteps  | 3.77e+06 |
| ratio_max             | 6.93     |
| ratio_min             | 0.127    |
| ret_avg               | 0.468    |
| ret_max               | 4.24     |
| ret_med               | -0.322   |
| ret_min               | -0.538   |
| ret_var               | 2.61     |
------------------------------------
------------------------------------
| action_max            | 14       |
| action_min            | 0        |
| adv_avg               | -0.542   |
| adv_max               | 0.656    |
| adv_med               | -0.54    |
| adv_min               | -2.76    |
| adv_var               | 0.0196   |
| clipfrac              | 0.369    |
| curr_lr               | 0.001    |
| entropy               | 1.66     |
| eplenmean             | 381      |
| eprewmean             | 4.06     |
| fps                   | 5.8e+03  |
| grad_norm             | 0.387    |
| kl                    | 0.0488   |
| loss_pi               | -0.0365  |
| loss_v                | 0.00463  |
| lr                    | 0.001    |
| misc/nupdates         | 929      |
| misc/serial_timesteps | 3.81e+06 |
| misc/time_elapsed     | 682      |
| misc/total_timesteps  | 3.81e+06 |
| ratio_max             | 4.15     |
| ratio_min             | 0.036    |
| ret_avg               | 0.0553   |
| ret_max               | 4.23     |
| ret_med               | -0.38    |
| ret_min               | -0.538   |
| ret_var               | 1.47     |
------------------------------------
------------------------------------
| action_max            | 14       |
| action_min            | 0        |
| adv_avg               | -0.559   |
| adv_max               | 0.256    |
| adv_med               | -0.544   |
| adv_min               | -3.04    |
| adv_var               | 0.0237   |
| clipfrac              | 0.361    |
| curr_lr               | 0.001    |
| entropy               | 1.66     |
| eplenmean             | 461      |
| eprewmean             | 3.57     |
| fps                   | 5.73e+03 |
| grad_norm             | 0.61     |
| kl                    | 0.0375   |
| loss_pi               | -0.044   |
| loss_v                | 0.0138   |
| lr                    | 0.001    |
| misc/nupdates         | 939      |
| misc/serial_timesteps | 3.85e+06 |
| misc/time_elapsed     | 690      |
| misc/total_timesteps  | 3.85e+06 |
| ratio_max             | 2.02     |
| ratio_min             | 0.191    |
| ret_avg               | 0.157    |
| ret_max               | 2.18     |
| ret_med               | -0.316   |
| ret_min               | -0.538   |
| ret_var               | 0.779    |
------------------------------------
------------------------------------
| action_max            | 14       |
| action_min            | 0        |
| adv_avg               | -0.553   |
| adv_max               | 0.636    |
| adv_med               | -0.544   |
| adv_min               | -2.37    |
| adv_var               | 0.0259   |
| clipfrac              | 0.293    |
| curr_lr               | 0.001    |
| entropy               | 1.48     |
| eplenmean             | 496      |
| eprewmean             | 3.28     |
| fps                   | 5.7e+03  |
| grad_norm             | 0.551    |
| kl                    | 0.0253   |
| loss_pi               | -0.0443  |
| loss_v                | 0.0146   |
| lr                    | 0.001    |
| misc/nupdates         | 949      |
| misc/serial_timesteps | 3.89e+06 |
| misc/time_elapsed     | 697      |
| misc/total_timesteps  | 3.89e+06 |
| ratio_max             | 2.82     |
| ratio_min             | 0.404    |
| ret_avg               | 0.208    |
| ret_max               | 4.31     |
| ret_med               | -0.381   |
| ret_min               | -0.539   |
| ret_var               | 1.24     |
------------------------------------
------------------------------------
| action_max            | 14       |
| action_min            | 0        |
| adv_avg               | -0.527   |
| adv_max               | 0.591    |
| adv_med               | -0.542   |
| adv_min               | -1.81    |
| adv_var               | 0.0313   |
| clipfrac              | 0.395    |
| curr_lr               | 0.001    |
| entropy               | 1.74     |
| eplenmean             | 500      |
| eprewmean             | 2.76     |
| fps                   | 5.9e+03  |
| grad_norm             | 0.757    |
| kl                    | 0.0453   |
| loss_pi               | -0.0568  |
| loss_v                | 0.0135   |
| lr                    | 0.001    |
| misc/nupdates         | 959      |
| misc/serial_timesteps | 3.93e+06 |
| misc/time_elapsed     | 704      |
| misc/total_timesteps  | 3.93e+06 |
| ratio_max             | 3.23     |
| ratio_min             | 0.271    |
| ret_avg               | -0.0294  |
| ret_max               | 4.19     |
| ret_med               | -0.364   |
| ret_min               | -0.539   |
| ret_var               | 0.633    |
------------------------------------
------------------------------------
| action_max            | 14       |
| action_min            | 0        |
| adv_avg               | -0.511   |
| adv_max               | 1.86     |
| adv_med               | -0.539   |
| adv_min               | -1.69    |
| adv_var               | 0.0545   |
| clipfrac              | 0.383    |
| curr_lr               | 0.001    |
| entropy               | 1.61     |
| eplenmean             | 563      |
| eprewmean             | 3.02     |
| fps                   | 5.76e+03 |
| grad_norm             | 0.427    |
| kl                    | 0.0505   |
| loss_pi               | -0.0477  |
| loss_v                | 0.012    |
| lr                    | 0.001    |
| misc/nupdates         | 969      |
| misc/serial_timesteps | 3.97e+06 |
| misc/time_elapsed     | 711      |
| misc/total_timesteps  | 3.97e+06 |
| ratio_max             | 8.13     |
| ratio_min             | 0.0634   |
| ret_avg               | 0.228    |
| ret_max               | 4.19     |
| ret_med               | -0.351   |
| ret_min               | -0.546   |
| ret_var               | 1.33     |
------------------------------------
------------------------------------
| action_max            | 14       |
| action_min            | 0        |
| adv_avg               | -0.552   |
| adv_max               | 0.378    |
| adv_med               | -0.547   |
| adv_min               | -1.49    |
| adv_var               | 0.00781  |
| clipfrac              | 0.391    |
| curr_lr               | 0.001    |
| entropy               | 1.69     |
| eplenmean             | 485      |
| eprewmean             | 3.29     |
| fps                   | 5.86e+03 |
| grad_norm             | 0.662    |
| kl                    | 0.0439   |
| loss_pi               | -0.0603  |
| loss_v                | 0.00303  |
| lr                    | 0.001    |
| misc/nupdates         | 979      |
| misc/serial_timesteps | 4.01e+06 |
| misc/time_elapsed     | 718      |
| misc/total_timesteps  | 4.01e+06 |
| ratio_max             | 2.54     |
| ratio_min             | 0.0367   |
| ret_avg               | -0.178   |
| ret_max               | 4.22     |
| ret_med               | -0.353   |
| ret_min               | -0.54    |
| ret_var               | 0.395    |
------------------------------------
------------------------------------
| action_max            | 14       |
| action_min            | 0        |
| adv_avg               | -0.523   |
| adv_max               | 1.05     |
| adv_med               | -0.543   |
| adv_min               | -1.83    |
| adv_var               | 0.0455   |
| clipfrac              | 0.307    |
| curr_lr               | 0.001    |
| entropy               | 1.56     |
| eplenmean             | 427      |
| eprewmean             | 4.35     |
| fps                   | 5.82e+03 |
| grad_norm             | 1.43     |
| kl                    | 0.0486   |
| loss_pi               | -0.0278  |
| loss_v                | 0.0141   |
| lr                    | 0.001    |
| misc/nupdates         | 989      |
| misc/serial_timesteps | 4.06e+06 |
| misc/time_elapsed     | 725      |
| misc/total_timesteps  | 4.06e+06 |
| ratio_max             | 2.44     |
| ratio_min             | 0.00427  |
| ret_avg               | -0.0509  |
| ret_max               | 4.2      |
| ret_med               | -0.385   |
| ret_min               | -0.54    |
| ret_var               | 0.776    |
------------------------------------
------------------------------------
| action_max            | 14       |
| action_min            | 0        |
| adv_avg               | -0.558   |
| adv_max               | 0.227    |
| adv_med               | -0.545   |
| adv_min               | -1.79    |
| adv_var               | 0.0254   |
| clipfrac              | 0.311    |
| curr_lr               | 0.001    |
| entropy               | 1.45     |
| eplenmean             | 394      |
| eprewmean             | 4.56     |
| fps                   | 5.93e+03 |
| grad_norm             | 0.663    |
| kl                    | 0.0328   |
| loss_pi               | -0.044   |
| loss_v                | 0.00925  |
| lr                    | 0.001    |
| misc/nupdates         | 999      |
| misc/serial_timesteps | 4.1e+06  |
| misc/time_elapsed     | 732      |
| misc/total_timesteps  | 4.1e+06  |
| ratio_max             | 3.37     |
| ratio_min             | 0.222    |
| ret_avg               | 0.453    |
| ret_max               | 4.16     |
| ret_med               | -0.349   |
| ret_min               | -0.542   |
| ret_var               | 1.98     |
------------------------------------
------------------------------------
| action_max            | 14       |
| action_min            | 0        |
| adv_avg               | -0.538   |
| adv_max               | 1.28     |
| adv_med               | -0.545   |
| adv_min               | -2.16    |
| adv_var               | 0.0354   |
| clipfrac              | 0.346    |
| curr_lr               | 0.001    |
| entropy               | 1.52     |
| eplenmean             | 403      |
| eprewmean             | 4.28     |
| fps                   | 5.94e+03 |
| grad_norm             | 0.621    |
| kl                    | 0.048    |
| loss_pi               | -0.0519  |
| loss_v                | 0.0112   |
| lr                    | 0.001    |
| misc/nupdates         | 1.01e+03 |
| misc/serial_timesteps | 4.14e+06 |
| misc/time_elapsed     | 739      |
| misc/total_timesteps  | 4.14e+06 |
| ratio_max             | 3.63     |
| ratio_min             | 0.056    |
| ret_avg               | 0.313    |
| ret_max               | 4.16     |
| ret_med               | -0.275   |
| ret_min               | -0.543   |
| ret_var               | 1.56     |
------------------------------------
------------------------------------
| action_max            | 14       |
| action_min            | 0        |
| adv_avg               | -0.521   |
| adv_max               | 3.71     |
| adv_med               | -0.545   |
| adv_min               | -2.07    |
| adv_var               | 0.0623   |
| clipfrac              | 0.445    |
| curr_lr               | 0.001    |
| entropy               | 1.68     |
| eplenmean             | 438      |
| eprewmean             | 4.98     |
| fps                   | 5.82e+03 |
| grad_norm             | 1.07     |
| kl                    | 0.0655   |
| loss_pi               | -0.0388  |
| loss_v                | 0.00875  |
| lr                    | 0.001    |
| misc/nupdates         | 1.02e+03 |
| misc/serial_timesteps | 4.18e+06 |
| misc/time_elapsed     | 746      |
| misc/total_timesteps  | 4.18e+06 |
| ratio_max             | 10.6     |
| ratio_min             | 0.0527   |
| ret_avg               | -0.0359  |
| ret_max               | 4.09     |
| ret_med               | -0.299   |
| ret_min               | -0.544   |
| ret_var               | 0.746    |
------------------------------------
------------------------------------
| action_max            | 14       |
| action_min            | 0        |
| adv_avg               | -0.535   |
| adv_max               | 0.761    |
| adv_med               | -0.548   |
| adv_min               | -4.28    |
| adv_var               | 0.0585   |
| clipfrac              | 0.314    |
| curr_lr               | 0.001    |
| entropy               | 1.53     |
| eplenmean             | 374      |
| eprewmean             | 4.71     |
| fps                   | 5.81e+03 |
| grad_norm             | 0.979    |
| kl                    | 0.0485   |
| loss_pi               | -0.0304  |
| loss_v                | 0.0176   |
| lr                    | 0.001    |
| misc/nupdates         | 1.03e+03 |
| misc/serial_timesteps | 4.22e+06 |
| misc/time_elapsed     | 754      |
| misc/total_timesteps  | 4.22e+06 |
| ratio_max             | 1.94     |
| ratio_min             | 0.121    |
| ret_avg               | 0.236    |
| ret_max               | 4.14     |
| ret_med               | -0.32    |
| ret_min               | -0.545   |
| ret_var               | 1.6      |
------------------------------------
------------------------------------
| action_max            | 14       |
| action_min            | 0        |
| adv_avg               | -0.521   |
| adv_max               | 1.65     |
| adv_med               | -0.552   |
| adv_min               | -1.34    |
| adv_var               | 0.0435   |
| clipfrac              | 0.367    |
| curr_lr               | 0.001    |
| entropy               | 1.63     |
| eplenmean             | 374      |
| eprewmean             | 5.07     |
| fps                   | 5.78e+03 |
| grad_norm             | 1.77     |
| kl                    | 0.04     |
| loss_pi               | -0.0477  |
| loss_v                | 0.0179   |
| lr                    | 0.001    |
| misc/nupdates         | 1.04e+03 |
| misc/serial_timesteps | 4.26e+06 |
| misc/time_elapsed     | 761      |
| misc/total_timesteps  | 4.26e+06 |
| ratio_max             | 6.85     |
| ratio_min             | 0.125    |
| ret_avg               | 0.258    |
| ret_max               | 4.05     |
| ret_med               | -0.296   |
| ret_min               | -0.546   |
| ret_var               | 1.1      |
------------------------------------
------------------------------------
| action_max            | 14       |
| action_min            | 0        |
| adv_avg               | -0.522   |
| adv_max               | 1.68     |
| adv_med               | -0.55    |
| adv_min               | -1.71    |
| adv_var               | 0.0439   |
| clipfrac              | 0.389    |
| curr_lr               | 0.001    |
| entropy               | 1.72     |
| eplenmean             | 386      |
| eprewmean             | 5.61     |
| fps                   | 5.81e+03 |
| grad_norm             | 0.592    |
| kl                    | 0.0489   |
| loss_pi               | -0.0453  |
| loss_v                | 0.00919  |
| lr                    | 0.001    |
| misc/nupdates         | 1.05e+03 |
| misc/serial_timesteps | 4.3e+06  |
| misc/time_elapsed     | 768      |
| misc/total_timesteps  | 4.3e+06  |
| ratio_max             | 5.83     |
| ratio_min             | 0.319    |
| ret_avg               | 0.256    |
| ret_max               | 4.04     |
| ret_med               | -0.343   |
| ret_min               | -0.549   |
| ret_var               | 1.57     |
------------------------------------
------------------------------------
| action_max            | 14       |
| action_min            | 0        |
| adv_avg               | -0.569   |
| adv_max               | 1.47     |
| adv_med               | -0.559   |
| adv_min               | -2.64    |
| adv_var               | 0.0919   |
| clipfrac              | 0.229    |
| curr_lr               | 0.001    |
| entropy               | 1.1      |
| eplenmean             | 341      |
| eprewmean             | 5.91     |
| fps                   | 5.65e+03 |
| grad_norm             | 2.41     |
| kl                    | 0.0259   |
| loss_pi               | -0.0415  |
| loss_v                | 0.0405   |
| lr                    | 0.001    |
| misc/nupdates         | 1.06e+03 |
| misc/serial_timesteps | 4.34e+06 |
| misc/time_elapsed     | 775      |
| misc/total_timesteps  | 4.34e+06 |
| ratio_max             | 5.85     |
| ratio_min             | 0.395    |
| ret_avg               | 1.27     |
| ret_max               | 3.98     |
| ret_med               | 0.162    |
| ret_min               | -0.55    |
| ret_var               | 3.35     |
------------------------------------
------------------------------------
| action_max            | 14       |
| action_min            | 0        |
| adv_avg               | -0.552   |
| adv_max               | 0.831    |
| adv_med               | -0.551   |
| adv_min               | -1.45    |
| adv_var               | 0.0168   |
| clipfrac              | 0.379    |
| curr_lr               | 0.001    |
| entropy               | 1.61     |
| eplenmean             | 380      |
| eprewmean             | 5.51     |
| fps                   | 5.84e+03 |
| grad_norm             | 0.974    |
| kl                    | 0.0418   |
| loss_pi               | -0.0471  |
| loss_v                | 0.00541  |
| lr                    | 0.001    |
| misc/nupdates         | 1.07e+03 |
| misc/serial_timesteps | 4.38e+06 |
| misc/time_elapsed     | 782      |
| misc/total_timesteps  | 4.38e+06 |
| ratio_max             | 2.57     |
| ratio_min             | 0.0962   |
| ret_avg               | 0.0323   |
| ret_max               | 3.93     |
| ret_med               | -0.358   |
| ret_min               | -0.55    |
| ret_var               | 1.14     |
------------------------------------
------------------------------------
| action_max            | 14       |
| action_min            | 0        |
| adv_avg               | -0.567   |
| adv_max               | 1.2      |
| adv_med               | -0.558   |
| adv_min               | -4.26    |
| adv_var               | 0.0692   |
| clipfrac              | 0.295    |
| curr_lr               | 0.001    |
| entropy               | 1.33     |
| eplenmean             | 333      |
| eprewmean             | 5.21     |
| fps                   | 5.46e+03 |
| grad_norm             | 0.794    |
| kl                    | 0.046    |
| loss_pi               | -0.0479  |
| loss_v                | 0.0206   |
| lr                    | 0.001    |
| misc/nupdates         | 1.08e+03 |
| misc/serial_timesteps | 4.42e+06 |
| misc/time_elapsed     | 790      |
| misc/total_timesteps  | 4.42e+06 |
| ratio_max             | 3.64     |
| ratio_min             | 0.0474   |
| ret_avg               | 0.427    |
| ret_max               | 3.9      |
| ret_med               | -0.379   |
| ret_min               | -0.576   |
| ret_var               | 1.64     |
------------------------------------
------------------------------------
| action_max            | 14       |
| action_min            | 0        |
| adv_avg               | -0.557   |
| adv_max               | 1.82     |
| adv_med               | -0.557   |
| adv_min               | -3.36    |
| adv_var               | 0.0627   |
| clipfrac              | 0.338    |
| curr_lr               | 0.001    |
| entropy               | 1.58     |
| eplenmean             | 315      |
| eprewmean             | 5.22     |
| fps                   | 5.49e+03 |
| grad_norm             | 1.44     |
| kl                    | 0.0531   |
| loss_pi               | -0.0402  |
| loss_v                | 0.00853  |
| lr                    | 0.001    |
| misc/nupdates         | 1.09e+03 |
| misc/serial_timesteps | 4.46e+06 |
| misc/time_elapsed     | 797      |
| misc/total_timesteps  | 4.46e+06 |
| ratio_max             | 5.02     |
| ratio_min             | 0.0836   |
| ret_avg               | 0.118    |
| ret_max               | 3.88     |
| ret_med               | -0.401   |
| ret_min               | -0.553   |
| ret_var               | 1.27     |
------------------------------------
------------------------------------
| action_max            | 14       |
| action_min            | 0        |
| adv_avg               | -0.573   |
| adv_max               | 0.426    |
| adv_med               | -0.557   |
| adv_min               | -2.36    |
| adv_var               | 0.0457   |
| clipfrac              | 0.297    |
| curr_lr               | 0.001    |
| entropy               | 1.36     |
| eplenmean             | 277      |
| eprewmean             | 5.62     |
| fps                   | 5.38e+03 |
| grad_norm             | 0.773    |
| kl                    | 0.0373   |
| loss_pi               | -0.0526  |
| loss_v                | 0.0185   |
| lr                    | 0.001    |
| misc/nupdates         | 1.1e+03  |
| misc/serial_timesteps | 4.51e+06 |
| misc/time_elapsed     | 805      |
| misc/total_timesteps  | 4.51e+06 |
| ratio_max             | 5.84     |
| ratio_min             | 0.221    |
| ret_avg               | 0.711    |
| ret_max               | 3.85     |
| ret_med               | -0.334   |
| ret_min               | -0.554   |
| ret_var               | 2.32     |
------------------------------------
------------------------------------
| action_max            | 14       |
| action_min            | 0        |
| adv_avg               | -0.561   |
| adv_max               | 1.51     |
| adv_med               | -0.57    |
| adv_min               | -1.41    |
| adv_var               | 0.0339   |
| clipfrac              | 0.395    |
| curr_lr               | 0.001    |
| entropy               | 1.58     |
| eplenmean             | 429      |
| eprewmean             | 5.18     |
| fps                   | 5.59e+03 |
| grad_norm             | 0.885    |
| kl                    | 0.0419   |
| loss_pi               | -0.0335  |
| loss_v                | 0.0139   |
| lr                    | 0.001    |
| misc/nupdates         | 1.11e+03 |
| misc/serial_timesteps | 4.55e+06 |
| misc/time_elapsed     | 812      |
| misc/total_timesteps  | 4.55e+06 |
| ratio_max             | 3.68     |
| ratio_min             | 0.355    |
| ret_avg               | 0.478    |
| ret_max               | 3.86     |
| ret_med               | -0.341   |
| ret_min               | -0.555   |
| ret_var               | 1.45     |
------------------------------------
------------------------------------
| action_max            | 14       |
| action_min            | 0        |
| adv_avg               | -0.577   |
| adv_max               | 1.59     |
| adv_med               | -0.563   |
| adv_min               | -3.47    |
| adv_var               | 0.0604   |
| clipfrac              | 0.357    |
| curr_lr               | 0.001    |
| entropy               | 1.63     |
| eplenmean             | 386      |
| eprewmean             | 4.31     |
| fps                   | 5.51e+03 |
| grad_norm             | 1.37     |
| kl                    | 0.0593   |
| loss_pi               | -0.0515  |
| loss_v                | 0.0172   |
| lr                    | 0.001    |
| misc/nupdates         | 1.12e+03 |
| misc/serial_timesteps | 4.59e+06 |
| misc/time_elapsed     | 820      |
| misc/total_timesteps  | 4.59e+06 |
| ratio_max             | 5.02     |
| ratio_min             | 0.107    |
| ret_avg               | 0.154    |
| ret_max               | 3.87     |
| ret_med               | -0.385   |
| ret_min               | -0.556   |
| ret_var               | 1.19     |
------------------------------------
------------------------------------
| action_max            | 14       |
| action_min            | 0        |
| adv_avg               | -0.549   |
| adv_max               | 0.797    |
| adv_med               | -0.56    |
| adv_min               | -1.53    |
| adv_var               | 0.0234   |
| clipfrac              | 0.359    |
| curr_lr               | 0.001    |
| entropy               | 1.66     |
| eplenmean             | 298      |
| eprewmean             | 5.15     |
| fps                   | 5.77e+03 |
| grad_norm             | 0.978    |
| kl                    | 0.0448   |
| loss_pi               | -0.0453  |
| loss_v                | 0.00542  |
| lr                    | 0.001    |
| misc/nupdates         | 1.13e+03 |
| misc/serial_timesteps | 4.63e+06 |
| misc/time_elapsed     | 827      |
| misc/total_timesteps  | 4.63e+06 |
| ratio_max             | 4.19     |
| ratio_min             | 0.196    |
| ret_avg               | 0.238    |
| ret_max               | 3.96     |
| ret_med               | -0.359   |
| ret_min               | -0.557   |
| ret_var               | 1.96     |
------------------------------------
------------------------------------
| action_max            | 14       |
| action_min            | 0        |
| adv_avg               | -0.568   |
| adv_max               | 0.878    |
| adv_med               | -0.565   |
| adv_min               | -2.13    |
| adv_var               | 0.0288   |
| clipfrac              | 0.312    |
| curr_lr               | 0.001    |
| entropy               | 1.42     |
| eplenmean             | 363      |
| eprewmean             | 5.18     |
| fps                   | 5.86e+03 |
| grad_norm             | 0.464    |
| kl                    | 0.0456   |
| loss_pi               | -0.0411  |
| loss_v                | 0.011    |
| lr                    | 0.001    |
| misc/nupdates         | 1.14e+03 |
| misc/serial_timesteps | 4.67e+06 |
| misc/time_elapsed     | 834      |
| misc/total_timesteps  | 4.67e+06 |
| ratio_max             | 5.42     |
| ratio_min             | 0.121    |
| ret_avg               | 0.699    |
| ret_max               | 3.78     |
| ret_med               | -0.311   |
| ret_min               | -0.558   |
| ret_var               | 2.5      |
------------------------------------
------------------------------------
| action_max            | 14       |
| action_min            | 0        |
| adv_avg               | -0.534   |
| adv_max               | 2.67     |
| adv_med               | -0.559   |
| adv_min               | -1.95    |
| adv_var               | 0.0702   |
| clipfrac              | 0.385    |
| curr_lr               | 0.001    |
| entropy               | 1.77     |
| eplenmean             | 320      |
| eprewmean             | 4.93     |
| fps                   | 5.75e+03 |
| grad_norm             | 0.804    |
| kl                    | 0.0488   |
| loss_pi               | -0.0295  |
| loss_v                | 0.0145   |
| lr                    | 0.001    |
| misc/nupdates         | 1.15e+03 |
| misc/serial_timesteps | 4.71e+06 |
| misc/time_elapsed     | 841      |
| misc/total_timesteps  | 4.71e+06 |
| ratio_max             | 5.15     |
| ratio_min             | 0.369    |
| ret_avg               | 0.161    |
| ret_max               | 3.77     |
| ret_med               | -0.393   |
| ret_min               | -0.558   |
| ret_var               | 1.37     |
------------------------------------
------------------------------------
| action_max            | 14       |
| action_min            | 0        |
| adv_avg               | -0.546   |
| adv_max               | 1.06     |
| adv_med               | -0.563   |
| adv_min               | -1.82    |
| adv_var               | 0.0364   |
| clipfrac              | 0.385    |
| curr_lr               | 0.001    |
| entropy               | 1.56     |
| eplenmean             | 376      |
| eprewmean             | 5.24     |
| fps                   | 5.65e+03 |
| grad_norm             | 0.821    |
| kl                    | 0.0461   |
| loss_pi               | -0.0537  |
| loss_v                | 0.0127   |
| lr                    | 0.001    |
| misc/nupdates         | 1.16e+03 |
| misc/serial_timesteps | 4.75e+06 |
| misc/time_elapsed     | 848      |
| misc/total_timesteps  | 4.75e+06 |
| ratio_max             | 12.2     |
| ratio_min             | 0.107    |
| ret_avg               | 0.151    |
| ret_max               | 3.74     |
| ret_med               | -0.38    |
| ret_min               | -0.56    |
| ret_var               | 1.13     |
------------------------------------
------------------------------------
| action_max            | 14       |
| action_min            | 0        |
| adv_avg               | -0.557   |
| adv_max               | 0.756    |
| adv_med               | -0.564   |
| adv_min               | -2.45    |
| adv_var               | 0.0419   |
| clipfrac              | 0.336    |
| curr_lr               | 0.001    |
| entropy               | 1.51     |
| eplenmean             | 302      |
| eprewmean             | 6.09     |
| fps                   | 5.13e+03 |
| grad_norm             | 1.02     |
| kl                    | 0.0416   |
| loss_pi               | -0.0412  |
| loss_v                | 0.0121   |
| lr                    | 0.001    |
| misc/nupdates         | 1.17e+03 |
| misc/serial_timesteps | 4.79e+06 |
| misc/time_elapsed     | 856      |
| misc/total_timesteps  | 4.79e+06 |
| ratio_max             | 5.34     |
| ratio_min             | 0.0254   |
| ret_avg               | 0.562    |
| ret_max               | 3.98     |
| ret_med               | -0.325   |
| ret_min               | -0.561   |
| ret_var               | 2.52     |
------------------------------------
------------------------------------
| action_max            | 14       |
| action_min            | 0        |
| adv_avg               | -0.571   |
| adv_max               | 1.21     |
| adv_med               | -0.566   |
| adv_min               | -2.37    |
| adv_var               | 0.0262   |
| clipfrac              | 0.426    |
| curr_lr               | 0.001    |
| entropy               | 1.7      |
| eplenmean             | 304      |
| eprewmean             | 6.15     |
| fps                   | 5.13e+03 |
| grad_norm             | 1.15     |
| kl                    | 0.0598   |
| loss_pi               | -0.0292  |
| loss_v                | 0.00789  |
| lr                    | 0.001    |
| misc/nupdates         | 1.18e+03 |
| misc/serial_timesteps | 4.83e+06 |
| misc/time_elapsed     | 864      |
| misc/total_timesteps  | 4.83e+06 |
| ratio_max             | 3.85     |
| ratio_min             | 0.0128   |
| ret_avg               | 0.15     |
| ret_max               | 4.32     |
| ret_med               | -0.353   |
| ret_min               | -0.561   |
| ret_var               | 1.55     |
------------------------------------
------------------------------------
| action_max            | 14       |
| action_min            | 0        |
| adv_avg               | -0.534   |
| adv_max               | 1.34     |
| adv_med               | -0.564   |
| adv_min               | -1.24    |
| adv_var               | 0.0314   |
| clipfrac              | 0.406    |
| curr_lr               | 0.001    |
| entropy               | 1.65     |
| eplenmean             | 297      |
| eprewmean             | 5.76     |
| fps                   | 5.17e+03 |
| grad_norm             | 0.861    |
| kl                    | 0.111    |
| loss_pi               | -0.0427  |
| loss_v                | 0.00715  |
| lr                    | 0.001    |
| misc/nupdates         | 1.19e+03 |
| misc/serial_timesteps | 4.87e+06 |
| misc/time_elapsed     | 872      |
| misc/total_timesteps  | 4.87e+06 |
| ratio_max             | 6.19     |
| ratio_min             | 0.0695   |
| ret_avg               | 0.409    |
| ret_max               | 4.22     |
| ret_med               | -0.444   |
| ret_min               | -0.582   |
| ret_var               | 2.25     |
------------------------------------
------------------------------------
| action_max            | 14       |
| action_min            | 0        |
| adv_avg               | -0.575   |
| adv_max               | 1.14     |
| adv_med               | -0.568   |
| adv_min               | -1.93    |
| adv_var               | 0.0359   |
| clipfrac              | 0.377    |
| curr_lr               | 0.001    |
| entropy               | 1.6      |
| eplenmean             | 316      |
| eprewmean             | 6.2      |
| fps                   | 4.84e+03 |
| grad_norm             | 1.71     |
| kl                    | 0.0415   |
| loss_pi               | -0.0182  |
| loss_v                | 0.0183   |
| lr                    | 0.001    |
| misc/nupdates         | 1.2e+03  |
| misc/serial_timesteps | 4.92e+06 |
| misc/time_elapsed     | 880      |
| misc/total_timesteps  | 4.92e+06 |
| ratio_max             | 5.87     |
| ratio_min             | 0.177    |
| ret_avg               | 0.281    |
| ret_max               | 3.64     |
| ret_med               | -0.361   |
| ret_min               | -0.563   |
| ret_var               | 1.47     |
------------------------------------
------------------------------------
| action_max            | 14       |
| action_min            | 0        |
| adv_avg               | -0.563   |
| adv_max               | 0.304    |
| adv_med               | -0.566   |
| adv_min               | -1.05    |
| adv_var               | 0.00645  |
| clipfrac              | 0.432    |
| curr_lr               | 0.001    |
| entropy               | 1.65     |
| eplenmean             | 348      |
| eprewmean             | 5.28     |
| fps                   | 5.05e+03 |
| grad_norm             | 0.888    |
| kl                    | 0.0809   |
| loss_pi               | -0.0487  |
| loss_v                | 0.00304  |
| lr                    | 0.001    |
| misc/nupdates         | 1.21e+03 |
| misc/serial_timesteps | 4.96e+06 |
| misc/time_elapsed     | 888      |
| misc/total_timesteps  | 4.96e+06 |
| ratio_max             | 57.9     |
| ratio_min             | 0.00343  |
| ret_avg               | -0.0375  |
| ret_max               | 3.62     |
| ret_med               | -0.429   |
| ret_min               | -0.594   |
| ret_var               | 1.18     |
------------------------------------
------------------------------------
| action_max            | 14       |
| action_min            | 0        |
| adv_avg               | -0.548   |
| adv_max               | 1.22     |
| adv_med               | -0.566   |
| adv_min               | -1.95    |
| adv_var               | 0.0392   |
| clipfrac              | 0.455    |
| curr_lr               | 0.001    |
| entropy               | 1.67     |
| eplenmean             | 309      |
| eprewmean             | 5.26     |
| fps                   | 5.16e+03 |
| grad_norm             | 0.829    |
| kl                    | 0.057    |
| loss_pi               | -0.0541  |
| loss_v                | 0.0113   |
| lr                    | 0.001    |
| misc/nupdates         | 1.22e+03 |
| misc/serial_timesteps | 5e+06    |
| misc/time_elapsed     | 896      |
| misc/total_timesteps  | 5e+06    |
| ratio_max             | 8.8      |
| ratio_min             | 0.134    |
| ret_avg               | 0.0902   |
| ret_max               | 3.61     |
| ret_med               | -0.383   |
| ret_min               | -0.565   |
| ret_var               | 0.997    |
------------------------------------
------------------------------------
| action_max            | 14       |
| action_min            | 0        |
| adv_avg               | -0.572   |
| adv_max               | 0.71     |
| adv_med               | -0.569   |
| adv_min               | -1.92    |
| adv_var               | 0.0255   |
| clipfrac              | 0.385    |
| curr_lr               | 0.001    |
| entropy               | 1.68     |
| eplenmean             | 348      |
| eprewmean             | 4.98     |
| fps                   | 5.14e+03 |
| grad_norm             | 0.87     |
| kl                    | 0.061    |
| loss_pi               | -0.035   |
| loss_v                | 0.00995  |
| lr                    | 0.001    |
| misc/nupdates         | 1.23e+03 |
| misc/serial_timesteps | 5.04e+06 |
| misc/time_elapsed     | 904      |
| misc/total_timesteps  | 5.04e+06 |
| ratio_max             | 13       |
| ratio_min             | 0.0295   |
| ret_avg               | 0.0975   |
| ret_max               | 3.7      |
| ret_med               | -0.348   |
| ret_min               | -0.565   |
| ret_var               | 1.01     |
------------------------------------
------------------------------------
| action_max            | 14       |
| action_min            | 0        |
| adv_avg               | -0.591   |
| adv_max               | 0.669    |
| adv_med               | -0.572   |
| adv_min               | -2.28    |
| adv_var               | 0.0396   |
| clipfrac              | 0.387    |
| curr_lr               | 0.001    |
| entropy               | 1.61     |
| eplenmean             | 374      |
| eprewmean             | 5.64     |
| fps                   | 5.25e+03 |
| grad_norm             | 0.804    |
| kl                    | 0.0596   |
| loss_pi               | -0.0447  |
| loss_v                | 0.0133   |
| lr                    | 0.001    |
| misc/nupdates         | 1.24e+03 |
| misc/serial_timesteps | 5.08e+06 |
| misc/time_elapsed     | 912      |
| misc/total_timesteps  | 5.08e+06 |
| ratio_max             | 5.81     |
| ratio_min             | 0.0249   |
| ret_avg               | 0.397    |
| ret_max               | 3.68     |
| ret_med               | -0.392   |
| ret_min               | -0.566   |
| ret_var               | 1.68     |
------------------------------------
------------------------------------
| action_max            | 14       |
| action_min            | 0        |
| adv_avg               | -0.526   |
| adv_max               | 1.62     |
| adv_med               | -0.566   |
| adv_min               | -1.45    |
| adv_var               | 0.0538   |
| clipfrac              | 0.443    |
| curr_lr               | 0.001    |
| entropy               | 1.76     |
| eplenmean             | 348      |
| eprewmean             | 5.44     |
| fps                   | 5.01e+03 |
| grad_norm             | 1.07     |
| kl                    | 0.055    |
| loss_pi               | -0.0598  |
| loss_v                | 0.0206   |
| lr                    | 0.001    |
| misc/nupdates         | 1.25e+03 |
| misc/serial_timesteps | 5.12e+06 |
| misc/time_elapsed     | 921      |
| misc/total_timesteps  | 5.12e+06 |
| ratio_max             | 8.65     |
| ratio_min             | 0.0428   |
| ret_avg               | 0.177    |
| ret_max               | 3.58     |
| ret_med               | -0.404   |
| ret_min               | -0.567   |
| ret_var               | 1.26     |
------------------------------------
------------------------------------
| action_max            | 14       |
| action_min            | 0        |
| adv_avg               | -0.57    |
| adv_max               | 0.485    |
| adv_med               | -0.571   |
| adv_min               | -1.79    |
| adv_var               | 0.013    |
| clipfrac              | 0.428    |
| curr_lr               | 0.001    |
| entropy               | 1.89     |
| eplenmean             | 358      |
| eprewmean             | 5.73     |
| fps                   | 5.86e+03 |
| grad_norm             | 1.1      |
| kl                    | 0.0613   |
| loss_pi               | -0.0467  |
| loss_v                | 0.00507  |
| lr                    | 0.001    |
| misc/nupdates         | 1.26e+03 |
| misc/serial_timesteps | 5.16e+06 |
| misc/time_elapsed     | 928      |
| misc/total_timesteps  | 5.16e+06 |
| ratio_max             | 7.65     |
| ratio_min             | 0.0988   |
| ret_avg               | 0.0101   |
| ret_max               | 3.61     |
| ret_med               | -0.413   |
| ret_min               | -0.568   |
| ret_var               | 1.09     |
------------------------------------
------------------------------------
| action_max            | 14       |
| action_min            | 0        |
| adv_avg               | -0.559   |
| adv_max               | 0.712    |
| adv_med               | -0.569   |
| adv_min               | -1.85    |
| adv_var               | 0.0228   |
| clipfrac              | 0.344    |
| curr_lr               | 0.001    |
| entropy               | 1.54     |
| eplenmean             | 382      |
| eprewmean             | 5.87     |
| fps                   | 5.71e+03 |
| grad_norm             | 1.06     |
| kl                    | 0.0357   |
| loss_pi               | -0.0459  |
| loss_v                | 0.0164   |
| lr                    | 0.001    |
| misc/nupdates         | 1.27e+03 |
| misc/serial_timesteps | 5.2e+06  |
| misc/time_elapsed     | 935      |
| misc/total_timesteps  | 5.2e+06  |
| ratio_max             | 4.19     |
| ratio_min             | 0.268    |
| ret_avg               | 0.29     |
| ret_max               | 3.57     |
| ret_med               | -0.392   |
| ret_min               | -0.568   |
| ret_var               | 1.76     |
------------------------------------
------------------------------------
| action_max            | 14       |
| action_min            | 0        |
| adv_avg               | -0.563   |
| adv_max               | 0.846    |
| adv_med               | -0.571   |
| adv_min               | -2.39    |
| adv_var               | 0.0365   |
| clipfrac              | 0.4      |
| curr_lr               | 0.001    |
| entropy               | 1.42     |
| eplenmean             | 324      |
| eprewmean             | 5.46     |
| fps                   | 5.87e+03 |
| grad_norm             | 0.866    |
| kl                    | 0.0593   |
| loss_pi               | -0.0394  |
| loss_v                | 0.00987  |
| lr                    | 0.001    |
| misc/nupdates         | 1.28e+03 |
| misc/serial_timesteps | 5.24e+06 |
| misc/time_elapsed     | 942      |
| misc/total_timesteps  | 5.24e+06 |
| ratio_max             | 3.77     |
| ratio_min             | 0.0854   |
| ret_avg               | 0.659    |
| ret_max               | 4.07     |
| ret_med               | -0.422   |
| ret_min               | -0.569   |
| ret_var               | 2.3      |
------------------------------------
------------------------------------
| action_max            | 14       |
| action_min            | 0        |
| adv_avg               | -0.548   |
| adv_max               | 1.41     |
| adv_med               | -0.572   |
| adv_min               | -1.23    |
| adv_var               | 0.0349   |
| clipfrac              | 0.432    |
| curr_lr               | 0.001    |
| entropy               | 1.67     |
| eplenmean             | 332      |
| eprewmean             | 4.79     |
| fps                   | 5.84e+03 |
| grad_norm             | 1.28     |
| kl                    | 0.0558   |
| loss_pi               | -0.0511  |
| loss_v                | 0.0161   |
| lr                    | 0.001    |
| misc/nupdates         | 1.29e+03 |
| misc/serial_timesteps | 5.28e+06 |
| misc/time_elapsed     | 949      |
| misc/total_timesteps  | 5.28e+06 |
| ratio_max             | 21.3     |
| ratio_min             | 0.00899  |
| ret_avg               | 0.0965   |
| ret_max               | 3.69     |
| ret_med               | -0.365   |
| ret_min               | -0.57    |
| ret_var               | 0.891    |
------------------------------------
------------------------------------
| action_max            | 14       |
| action_min            | 0        |
| adv_avg               | -0.571   |
| adv_max               | 0.657    |
| adv_med               | -0.574   |
| adv_min               | -1.3     |
| adv_var               | 0.0171   |
| clipfrac              | 0.449    |
| curr_lr               | 0.001    |
| entropy               | 1.71     |
| eplenmean             | 333      |
| eprewmean             | 6.46     |
| fps                   | 5.93e+03 |
| grad_norm             | 0.953    |
| kl                    | 0.0613   |
| loss_pi               | -0.0616  |
| loss_v                | 0.00837  |
| lr                    | 0.001    |
| misc/nupdates         | 1.3e+03  |
| misc/serial_timesteps | 5.32e+06 |
| misc/time_elapsed     | 956      |
| misc/total_timesteps  | 5.32e+06 |
| ratio_max             | 2.7      |
| ratio_min             | 0.283    |
| ret_avg               | 0.1      |
| ret_max               | 4.27     |
| ret_med               | -0.367   |
| ret_min               | -0.572   |
| ret_var               | 1.34     |
------------------------------------
------------------------------------
| action_max            | 14       |
| action_min            | 0        |
| adv_avg               | -0.562   |
| adv_max               | 0.396    |
| adv_med               | -0.579   |
| adv_min               | -1.74    |
| adv_var               | 0.0184   |
| clipfrac              | 0.438    |
| curr_lr               | 0.001    |
| entropy               | 1.62     |
| eplenmean             | 377      |
| eprewmean             | 4.75     |
| fps                   | 5.98e+03 |
| grad_norm             | 0.867    |
| kl                    | 0.0534   |
| loss_pi               | -0.0573  |
| loss_v                | 0.00686  |
| lr                    | 0.001    |
| misc/nupdates         | 1.31e+03 |
| misc/serial_timesteps | 5.37e+06 |
| misc/time_elapsed     | 963      |
| misc/total_timesteps  | 5.37e+06 |
| ratio_max             | 3.64     |
| ratio_min             | 0.117    |
| ret_avg               | 0.409    |
| ret_max               | 3.52     |
| ret_med               | -0.375   |
| ret_min               | -0.573   |
| ret_var               | 1.77     |
------------------------------------
------------------------------------
| action_max            | 14       |
| action_min            | 0        |
| adv_avg               | -0.573   |
| adv_max               | 0.52     |
| adv_med               | -0.577   |
| adv_min               | -1.33    |
| adv_var               | 0.0136   |
| clipfrac              | 0.422    |
| curr_lr               | 0.001    |
| entropy               | 1.6      |
| eplenmean             | 294      |
| eprewmean             | 6.69     |
| fps                   | 5.64e+03 |
| grad_norm             | 0.776    |
| kl                    | 0.0507   |
| loss_pi               | -0.0475  |
| loss_v                | 0.00793  |
| lr                    | 0.001    |
| misc/nupdates         | 1.32e+03 |
| misc/serial_timesteps | 5.41e+06 |
| misc/time_elapsed     | 970      |
| misc/total_timesteps  | 5.41e+06 |
| ratio_max             | 6.52     |
| ratio_min             | 0.0748   |
| ret_avg               | 0.194    |
| ret_max               | 3.49     |
| ret_med               | -0.424   |
| ret_min               | -0.573   |
| ret_var               | 1.59     |
------------------------------------
------------------------------------
| action_max            | 14       |
| action_min            | 0        |
| adv_avg               | -0.528   |
| adv_max               | 1.43     |
| adv_med               | -0.571   |
| adv_min               | -3.49    |
| adv_var               | 0.0644   |
| clipfrac              | 0.406    |
| curr_lr               | 0.001    |
| entropy               | 1.54     |
| eplenmean             | 273      |
| eprewmean             | 6.27     |
| fps                   | 5.57e+03 |
| grad_norm             | 0.675    |
| kl                    | 0.0506   |
| loss_pi               | -0.0442  |
| loss_v                | 0.042    |
| lr                    | 0.001    |
| misc/nupdates         | 1.33e+03 |
| misc/serial_timesteps | 5.45e+06 |
| misc/time_elapsed     | 978      |
| misc/total_timesteps  | 5.45e+06 |
| ratio_max             | 3.26     |
| ratio_min             | 0.0198   |
| ret_avg               | 0.532    |
| ret_max               | 3.44     |
| ret_med               | -0.344   |
| ret_min               | -0.574   |
| ret_var               | 2.02     |
------------------------------------
------------------------------------
| action_max            | 14       |
| action_min            | 0        |
| adv_avg               | -0.599   |
| adv_max               | 0.701    |
| adv_med               | -0.581   |
| adv_min               | -3.39    |
| adv_var               | 0.0313   |
| clipfrac              | 0.354    |
| curr_lr               | 0.001    |
| entropy               | 1.72     |
| eplenmean             | 362      |
| eprewmean             | 5.75     |
| fps                   | 5.45e+03 |
| grad_norm             | 1.29     |
| kl                    | 0.0506   |
| loss_pi               | -0.0462  |
| loss_v                | 0.0058   |
| lr                    | 0.001    |
| misc/nupdates         | 1.34e+03 |
| misc/serial_timesteps | 5.49e+06 |
| misc/time_elapsed     | 985      |
| misc/total_timesteps  | 5.49e+06 |
| ratio_max             | 2.16     |
| ratio_min             | 0.0124   |
| ret_avg               | 0.124    |
| ret_max               | 3.44     |
| ret_med               | -0.363   |
| ret_min               | -0.575   |
| ret_var               | 1.23     |
------------------------------------
------------------------------------
| action_max            | 14       |
| action_min            | 0        |
| adv_avg               | -0.592   |
| adv_max               | 0.484    |
| adv_med               | -0.58    |
| adv_min               | -1.57    |
| adv_var               | 0.0151   |
| clipfrac              | 0.342    |
| curr_lr               | 0.001    |
| entropy               | 1.75     |
| eplenmean             | 281      |
| eprewmean             | 6.94     |
| fps                   | 5.41e+03 |
| grad_norm             | 0.658    |
| kl                    | 0.0368   |
| loss_pi               | -0.0538  |
| loss_v                | 0.00569  |
| lr                    | 0.001    |
| misc/nupdates         | 1.35e+03 |
| misc/serial_timesteps | 5.53e+06 |
| misc/time_elapsed     | 993      |
| misc/total_timesteps  | 5.53e+06 |
| ratio_max             | 2.93     |
| ratio_min             | 0.00434  |
| ret_avg               | 0.213    |
| ret_max               | 4.36     |
| ret_med               | -0.401   |
| ret_min               | -0.575   |
| ret_var               | 1.69     |
------------------------------------
------------------------------------
| action_max            | 14       |
| action_min            | 0        |
| adv_avg               | -0.568   |
| adv_max               | 0.576    |
| adv_med               | -0.576   |
| adv_min               | -1.1     |
| adv_var               | 0.0111   |
| clipfrac              | 0.441    |
| curr_lr               | 0.001    |
| entropy               | 1.78     |
| eplenmean             | 300      |
| eprewmean             | 5.53     |
| fps                   | 5.5e+03  |
| grad_norm             | 0.509    |
| kl                    | 0.0558   |
| loss_pi               | -0.0405  |
| loss_v                | 0.00599  |
| lr                    | 0.001    |
| misc/nupdates         | 1.36e+03 |
| misc/serial_timesteps | 5.57e+06 |
| misc/time_elapsed     | 1e+03    |
| misc/total_timesteps  | 5.57e+06 |
| ratio_max             | 3.93     |
| ratio_min             | 0.0859   |
| ret_avg               | -0.0405  |
| ret_max               | 3.43     |
| ret_med               | -0.403   |
| ret_min               | -0.575   |
| ret_var               | 1.12     |
------------------------------------
------------------------------------
| action_max            | 14       |
| action_min            | 0        |
| adv_avg               | -0.561   |
| adv_max               | 0.662    |
| adv_med               | -0.579   |
| adv_min               | -1.56    |
| adv_var               | 0.0279   |
| clipfrac              | 0.379    |
| curr_lr               | 0.001    |
| entropy               | 1.59     |
| eplenmean             | 282      |
| eprewmean             | 6.39     |
| fps                   | 5.46e+03 |
| grad_norm             | 1.09     |
| kl                    | 0.0526   |
| loss_pi               | -0.0493  |
| loss_v                | 0.0132   |
| lr                    | 0.001    |
| misc/nupdates         | 1.37e+03 |
| misc/serial_timesteps | 5.61e+06 |
| misc/time_elapsed     | 1.01e+03 |
| misc/total_timesteps  | 5.61e+06 |
| ratio_max             | 7.96     |
| ratio_min             | 0.0603   |
| ret_avg               | 0.465    |
| ret_max               | 4.01     |
| ret_med               | -0.395   |
| ret_min               | -0.576   |
| ret_var               | 2.15     |
------------------------------------
------------------------------------
| action_max            | 14       |
| action_min            | 0        |
| adv_avg               | -0.574   |
| adv_max               | 0.686    |
| adv_med               | -0.577   |
| adv_min               | -1.41    |
| adv_var               | 0.0161   |
| clipfrac              | 0.404    |
| curr_lr               | 0.001    |
| entropy               | 1.73     |
| eplenmean             | 386      |
| eprewmean             | 6.21     |
| fps                   | 5.4e+03  |
| grad_norm             | 0.901    |
| kl                    | 0.0488   |
| loss_pi               | -0.0638  |
| loss_v                | 0.00799  |
| lr                    | 0.001    |
| misc/nupdates         | 1.38e+03 |
| misc/serial_timesteps | 5.65e+06 |
| misc/time_elapsed     | 1.01e+03 |
| misc/total_timesteps  | 5.65e+06 |
| ratio_max             | 3.64     |
| ratio_min             | 0.0369   |
| ret_avg               | 0.0631   |
| ret_max               | 3.41     |
| ret_med               | -0.427   |
| ret_min               | -0.576   |
| ret_var               | 1.17     |
------------------------------------
------------------------------------
| action_max            | 14       |
| action_min            | 0        |
| adv_avg               | -0.568   |
| adv_max               | 0.603    |
| adv_med               | -0.577   |
| adv_min               | -1.6     |
| adv_var               | 0.0177   |
| clipfrac              | 0.389    |
| curr_lr               | 0.001    |
| entropy               | 1.75     |
| eplenmean             | 315      |
| eprewmean             | 7.29     |
| fps                   | 5.45e+03 |
| grad_norm             | 0.515    |
| kl                    | 0.0703   |
| loss_pi               | -0.0467  |
| loss_v                | 0.00846  |
| lr                    | 0.001    |
| misc/nupdates         | 1.39e+03 |
| misc/serial_timesteps | 5.69e+06 |
| misc/time_elapsed     | 1.02e+03 |
| misc/total_timesteps  | 5.69e+06 |
| ratio_max             | 16.2     |
| ratio_min             | 0.00152  |
| ret_avg               | 0.201    |
| ret_max               | 3.96     |
| ret_med               | -0.424   |
| ret_min               | -0.576   |
| ret_var               | 1.86     |
------------------------------------
------------------------------------
| action_max            | 14       |
| action_min            | 0        |
| adv_avg               | -0.605   |
| adv_max               | 0.422    |
| adv_med               | -0.582   |
| adv_min               | -3.39    |
| adv_var               | 0.0589   |
| clipfrac              | 0.266    |
| curr_lr               | 0.001    |
| entropy               | 1.33     |
| eplenmean             | 291      |
| eprewmean             | 5.98     |
| fps                   | 5.47e+03 |
| grad_norm             | 1.15     |
| kl                    | 0.0373   |
| loss_pi               | -0.0366  |
| loss_v                | 0.0316   |
| lr                    | 0.001    |
| misc/nupdates         | 1.4e+03  |
| misc/serial_timesteps | 5.73e+06 |
| misc/time_elapsed     | 1.03e+03 |
| misc/total_timesteps  | 5.73e+06 |
| ratio_max             | 2.49     |
| ratio_min             | 0.0801   |
| ret_avg               | 0.342    |
| ret_max               | 4.04     |
| ret_med               | -0.386   |
| ret_min               | -0.576   |
| ret_var               | 1.79     |
------------------------------------
------------------------------------
| action_max            | 14       |
| action_min            | 0        |
| adv_avg               | -0.582   |
| adv_max               | 1.16     |
| adv_med               | -0.587   |
| adv_min               | -1.95    |
| adv_var               | 0.0363   |
| clipfrac              | 0.289    |
| curr_lr               | 0.001    |
| entropy               | 1.25     |
| eplenmean             | 424      |
| eprewmean             | 5.79     |
| fps                   | 5.43e+03 |
| grad_norm             | 1.16     |
| kl                    | 0.0448   |
| loss_pi               | -0.0396  |
| loss_v                | 0.012    |
| lr                    | 0.001    |
| misc/nupdates         | 1.41e+03 |
| misc/serial_timesteps | 5.78e+06 |
| misc/time_elapsed     | 1.04e+03 |
| misc/total_timesteps  | 5.78e+06 |
| ratio_max             | 17.7     |
| ratio_min             | 0.154    |
| ret_avg               | 0.58     |
| ret_max               | 3.75     |
| ret_med               | -0.415   |
| ret_min               | -0.577   |
| ret_var               | 2.28     |
------------------------------------
------------------------------------
| action_max            | 14       |
| action_min            | 0        |
| adv_avg               | -0.572   |
| adv_max               | 0.457    |
| adv_med               | -0.585   |
| adv_min               | -1.77    |
| adv_var               | 0.0274   |
| clipfrac              | 0.377    |
| curr_lr               | 0.001    |
| entropy               | 1.17     |
| eplenmean             | 375      |
| eprewmean             | 6.52     |
| fps                   | 5.38e+03 |
| grad_norm             | 1.15     |
| kl                    | 0.122    |
| loss_pi               | -0.0501  |
| loss_v                | 0.0108   |
| lr                    | 0.001    |
| misc/nupdates         | 1.42e+03 |
| misc/serial_timesteps | 5.82e+06 |
| misc/time_elapsed     | 1.04e+03 |
| misc/total_timesteps  | 5.82e+06 |
| ratio_max             | 6.82     |
| ratio_min             | 0.000494 |
| ret_avg               | 0.617    |
| ret_max               | 3.93     |
| ret_med               | -0.137   |
| ret_min               | -0.578   |
| ret_var               | 1.87     |
------------------------------------
------------------------------------
| action_max            | 14       |
| action_min            | 0        |
| adv_avg               | -0.567   |
| adv_max               | 0.498    |
| adv_med               | -0.579   |
| adv_min               | -1.23    |
| adv_var               | 0.0188   |
| clipfrac              | 0.385    |
| curr_lr               | 0.001    |
| entropy               | 1.5      |
| eplenmean             | 305      |
| eprewmean             | 6.31     |
| fps                   | 5.38e+03 |
| grad_norm             | 0.616    |
| kl                    | 0.0578   |
| loss_pi               | -0.0457  |
| loss_v                | 0.00817  |
| lr                    | 0.001    |
| misc/nupdates         | 1.43e+03 |
| misc/serial_timesteps | 5.86e+06 |
| misc/time_elapsed     | 1.05e+03 |
| misc/total_timesteps  | 5.86e+06 |
| ratio_max             | 7.75     |
| ratio_min             | 0.0422   |
| ret_avg               | 0.287    |
| ret_max               | 3.82     |
| ret_med               | -0.424   |
| ret_min               | -0.578   |
| ret_var               | 1.78     |
------------------------------------
------------------------------------
| action_max            | 14       |
| action_min            | 0        |
| adv_avg               | -0.595   |
| adv_max               | 0.337    |
| adv_med               | -0.586   |
| adv_min               | -1.59    |
| adv_var               | 0.0209   |
| clipfrac              | 0.309    |
| curr_lr               | 0.001    |
| entropy               | 1.29     |
| eplenmean             | 363      |
| eprewmean             | 6.59     |
| fps                   | 5.5e+03  |
| grad_norm             | 1.21     |
| kl                    | 0.0412   |
| loss_pi               | -0.034   |
| loss_v                | 0.00981  |
| lr                    | 0.001    |
| misc/nupdates         | 1.44e+03 |
| misc/serial_timesteps | 5.9e+06  |
| misc/time_elapsed     | 1.06e+03 |
| misc/total_timesteps  | 5.9e+06  |
| ratio_max             | 5.21     |
| ratio_min             | 0.0784   |
| ret_avg               | 0.46     |
| ret_max               | 4        |
| ret_med               | -0.405   |
| ret_min               | -0.579   |
| ret_var               | 2.01     |
------------------------------------
------------------------------------
| action_max            | 14       |
| action_min            | 0        |
| adv_avg               | -0.586   |
| adv_max               | 0.958    |
| adv_med               | -0.583   |
| adv_min               | -2.73    |
| adv_var               | 0.0362   |
| clipfrac              | 0.416    |
| curr_lr               | 0.001    |
| entropy               | 1.56     |
| eplenmean             | 369      |
| eprewmean             | 5.99     |
| fps                   | 5.39e+03 |
| grad_norm             | 0.516    |
| kl                    | 0.0617   |
| loss_pi               | -0.0438  |
| loss_v                | 0.00699  |
| lr                    | 0.001    |
| misc/nupdates         | 1.45e+03 |
| misc/serial_timesteps | 5.94e+06 |
| misc/time_elapsed     | 1.07e+03 |
| misc/total_timesteps  | 5.94e+06 |
| ratio_max             | 6.27     |
| ratio_min             | 0.0124   |
| ret_avg               | 0.206    |
| ret_max               | 4.24     |
| ret_med               | -0.418   |
| ret_min               | -0.58    |
| ret_var               | 1.56     |
------------------------------------
------------------------------------
| action_max            | 14       |
| action_min            | 0        |
| adv_avg               | -0.604   |
| adv_max               | 0.408    |
| adv_med               | -0.592   |
| adv_min               | -1.65    |
| adv_var               | 0.0135   |
| clipfrac              | 0.299    |
| curr_lr               | 0.001    |
| entropy               | 1.14     |
| eplenmean             | 342      |
| eprewmean             | 5.89     |
| fps                   | 5.49e+03 |
| grad_norm             | 1.41     |
| kl                    | 0.0433   |
| loss_pi               | -0.0413  |
| loss_v                | 0.00731  |
| lr                    | 0.001    |
| misc/nupdates         | 1.46e+03 |
| misc/serial_timesteps | 5.98e+06 |
| misc/time_elapsed     | 1.08e+03 |
| misc/total_timesteps  | 5.98e+06 |
| ratio_max             | 2.53     |
| ratio_min             | 0.0543   |
| ret_avg               | 0.925    |
| ret_max               | 4.27     |
| ret_med               | -0.39    |
| ret_min               | -0.58    |
| ret_var               | 3.7      |
------------------------------------
