Setting seed: 4
Logging to logs/shared.adv.karzmarz_False.resnet.dropout_0.0.damping_0.5.lr_0.5/coinrun-easy-0-10.20260721-090245_4
creating environment
Running on device: cuda:0
training...

Number of parameters: 938979.0

------------------------------------
| action_max            | 14       |
| action_min            | 0        |
| adv_avg               | -0.306   |
| adv_max               | 4.03     |
| adv_med               | -0.359   |
| adv_min               | -6.94    |
| adv_var               | 0.724    |
| clipfrac              | 0        |
| curr_lr               | 0.333    |
| entropy               | 2.57     |
| eplenmean             | 386      |
| eprewmean             | 2.76     |
| fps                   | 2.43e+03 |
| grad_norm             | 5.07     |
| kl                    | 0.0224   |
| loss_pi               | 0.0199   |
| loss_v                | 0.752    |
| lr                    | 0.333    |
| misc/nupdates         | 9        |
| misc/serial_timesteps | 4.1e+04  |
| misc/time_elapsed     | 17.8     |
| misc/total_timesteps  | 4.1e+04  |
| ratio_max             | 1.73     |
| ratio_min             | 0.228    |
| ret_avg               | 0.69     |
| ret_max               | 6.45     |
| ret_med               | 0.0996   |
| ret_min               | -0.366   |
| ret_var               | 2.16     |
------------------------------------
------------------------------------
| action_max            | 14       |
| action_min            | 0        |
| adv_avg               | -0.761   |
| adv_max               | 1.1      |
| adv_med               | -0.781   |
| adv_min               | -2.64    |
| adv_var               | 0.115    |
| clipfrac              | 0        |
| curr_lr               | 0.5      |
| entropy               | 2.63     |
| eplenmean             | 210      |
| eprewmean             | 3.8      |
| fps                   | 2.38e+03 |
| grad_norm             | 1.34     |
| kl                    | 0.0101   |
| loss_pi               | 0.0724   |
| loss_v                | 0.173    |
| lr                    | 0.5      |
| misc/nupdates         | 19       |
| misc/serial_timesteps | 8.19e+04 |
| misc/time_elapsed     | 35       |
| misc/total_timesteps  | 8.19e+04 |
| ratio_max             | 1.87     |
| ratio_min             | 0.518    |
| ret_avg               | 0.706    |
| ret_max               | 3.54     |
| ret_med               | 0.421    |
| ret_min               | -0.769   |
| ret_var               | 0.728    |
------------------------------------
------------------------------------
| action_max            | 14       |
| action_min            | 0        |
| adv_avg               | -0.909   |
| adv_max               | 1.55     |
| adv_med               | -0.875   |
| adv_min               | -4.84    |
| adv_var               | 0.181    |
| clipfrac              | 0        |
| curr_lr               | 0.333    |
| entropy               | 2.63     |
| eplenmean             | 251      |
| eprewmean             | 3.5      |
| fps                   | 2.4e+03  |
| grad_norm             | 2.51     |
| kl                    | 0.00684  |
| loss_pi               | -0.0545  |
| loss_v                | 0.186    |
| lr                    | 0.333    |
| misc/nupdates         | 29       |
| misc/serial_timesteps | 1.23e+05 |
| misc/time_elapsed     | 52.1     |
| misc/total_timesteps  | 1.23e+05 |
| ratio_max             | 1.79     |
| ratio_min             | 0.423    |
| ret_avg               | 0.89     |
| ret_max               | 5.16     |
| ret_med               | -0.00211 |
| ret_min               | -0.854   |
| ret_var               | 2.85     |
------------------------------------
------------------------------------
| action_max            | 14       |
| action_min            | 0        |
| adv_avg               | -0.871   |
| adv_max               | 0.97     |
| adv_med               | -0.79    |
| adv_min               | -6.54    |
| adv_var               | 0.241    |
| clipfrac              | 0        |
| curr_lr               | 0.5      |
| entropy               | 2.57     |
| eplenmean             | 319      |
| eprewmean             | 2.8      |
| fps                   | 2.42e+03 |
| grad_norm             | 3.77     |
| kl                    | 0.00991  |
| loss_pi               | -0.0391  |
| loss_v                | 0.389    |
| lr                    | 0.5      |
| misc/nupdates         | 39       |
| misc/serial_timesteps | 1.64e+05 |
| misc/time_elapsed     | 69.2     |
| misc/total_timesteps  | 1.64e+05 |
| ratio_max             | 2.11     |
| ratio_min             | 0.541    |
| ret_avg               | 1.46     |
| ret_max               | 4.68     |
| ret_med               | 0.668    |
| ret_min               | -0.753   |
| ret_var               | 3.01     |
------------------------------------
------------------------------------
| action_max            | 14       |
| action_min            | 0        |
| adv_avg               | -0.807   |
| adv_max               | 0.799    |
| adv_med               | -0.753   |
| adv_min               | -4.32    |
| adv_var               | 0.109    |
| clipfrac              | 0        |
| curr_lr               | 0.5      |
| entropy               | 2.6      |
| eplenmean             | 438      |
| eprewmean             | 3.1      |
| fps                   | 2.36e+03 |
| grad_norm             | 2.86     |
| kl                    | 0.0116   |
| loss_pi               | -0.0693  |
| loss_v                | 0.238    |
| lr                    | 0.5      |
| misc/nupdates         | 49       |
| misc/serial_timesteps | 2.05e+05 |
| misc/time_elapsed     | 86.5     |
| misc/total_timesteps  | 2.05e+05 |
| ratio_max             | 1.77     |
| ratio_min             | 0.376    |
| ret_avg               | 1.01     |
| ret_max               | 2.99     |
| ret_med               | 0.323    |
| ret_min               | -0.736   |
| ret_var               | 1.34     |
------------------------------------
------------------------------------
| action_max            | 14       |
| action_min            | 0        |
| adv_avg               | -0.896   |
| adv_max               | 0.415    |
| adv_med               | -0.87    |
| adv_min               | -2.34    |
| adv_var               | 0.053    |
| clipfrac              | 0        |
| curr_lr               | 0.333    |
| entropy               | 2.57     |
| eplenmean             | 565      |
| eprewmean             | 1.4      |
| fps                   | 2.36e+03 |
| grad_norm             | 1.06     |
| kl                    | 0.0426   |
| loss_pi               | -0.0742  |
| loss_v                | 0.0675   |
| lr                    | 0.222    |
| misc/nupdates         | 59       |
| misc/serial_timesteps | 2.46e+05 |
| misc/time_elapsed     | 104      |
| misc/total_timesteps  | 2.46e+05 |
| ratio_max             | 3.98     |
| ratio_min             | 0.248    |
| ret_avg               | 0.724    |
| ret_max               | 2.46     |
| ret_med               | 0.374    |
| ret_min               | -0.841   |
| ret_var               | 0.612    |
------------------------------------
------------------------------------
| action_max            | 14       |
| action_min            | 0        |
| adv_avg               | -0.945   |
| adv_max               | 0.685    |
| adv_med               | -0.943   |
| adv_min               | -1.48    |
| adv_var               | 0.0137   |
| clipfrac              | 0        |
| curr_lr               | 0.148    |
| entropy               | 2.49     |
| eplenmean             | 739      |
| eprewmean             | 0.6      |
| fps                   | 2.35e+03 |
| grad_norm             | 0.588    |
| kl                    | 0.0264   |
| loss_pi               | -0.118   |
| loss_v                | 0.0105   |
| lr                    | 0.148    |
| misc/nupdates         | 69       |
| misc/serial_timesteps | 2.87e+05 |
| misc/time_elapsed     | 121      |
| misc/total_timesteps  | 2.87e+05 |
| ratio_max             | 2.11     |
| ratio_min             | 0.266    |
| ret_avg               | 0.151    |
| ret_max               | 1.8      |
| ret_med               | -0.2     |
| ret_min               | -0.537   |
| ret_var               | 0.398    |
------------------------------------
------------------------------------
| action_max            | 14       |
| action_min            | 0        |
| adv_avg               | -1.04    |
| adv_max               | 0.00841  |
| adv_med               | -1.03    |
| adv_min               | -2.24    |
| adv_var               | 0.0143   |
| clipfrac              | 0        |
| curr_lr               | 0.0658   |
| entropy               | 2.41     |
| eplenmean             | 881      |
| eprewmean             | 0.3      |
| fps                   | 2.39e+03 |
| grad_norm             | 0.533    |
| kl                    | 0.0137   |
| loss_pi               | -0.0132  |
| loss_v                | 0.015    |
| lr                    | 0.0658   |
| misc/nupdates         | 79       |
| misc/serial_timesteps | 3.28e+05 |
| misc/time_elapsed     | 138      |
| misc/total_timesteps  | 3.28e+05 |
| ratio_max             | 1.95     |
| ratio_min             | 0.555    |
| ret_avg               | 0.378    |
| ret_max               | 1.45     |
| ret_med               | 0.422    |
| ret_min               | -0.998   |
| ret_var               | 0.345    |
------------------------------------
------------------------------------
| action_max            | 14       |
| action_min            | 0        |
| adv_avg               | -1.1     |
| adv_max               | -0.701   |
| adv_med               | -1.09    |
| adv_min               | -2.79    |
| adv_var               | 0.0124   |
| clipfrac              | 0        |
| curr_lr               | 0.0658   |
| entropy               | 2.32     |
| eplenmean             | 952      |
| eprewmean             | 0.4      |
| fps                   | 2.4e+03  |
| grad_norm             | 0.585    |
| kl                    | 0.0395   |
| loss_pi               | -0.102   |
| loss_v                | 0.0107   |
| lr                    | 0.0658   |
| misc/nupdates         | 89       |
| misc/serial_timesteps | 3.69e+05 |
| misc/time_elapsed     | 155      |
| misc/total_timesteps  | 3.69e+05 |
| ratio_max             | 5.34     |
| ratio_min             | 0.1      |
| ret_avg               | -0.00645 |
| ret_max               | 0.851    |
| ret_med               | -0.119   |
| ret_min               | -1.06    |
| ret_var               | 0.137    |
------------------------------------
------------------------------------
| action_max            | 14       |
| action_min            | 0        |
| adv_avg               | -1.12    |
| adv_max               | -0.819   |
| adv_med               | -1.11    |
| adv_min               | -2.33    |
| adv_var               | 0.00925  |
| clipfrac              | 0        |
| curr_lr               | 0.0658   |
| entropy               | 2.4      |
| eplenmean             | 973      |
| eprewmean             | 0.4      |
| fps                   | 2.37e+03 |
| grad_norm             | 0.821    |
| kl                    | 0.0198   |
| loss_pi               | -0.0115  |
| loss_v                | 0.00996  |
| lr                    | 0.0658   |
| misc/nupdates         | 99       |
| misc/serial_timesteps | 4.1e+05  |
| misc/time_elapsed     | 173      |
| misc/total_timesteps  | 4.1e+05  |
| ratio_max             | 2.2      |
| ratio_min             | 0.218    |
| ret_avg               | -0.276   |
| ret_max               | 0.456    |
| ret_med               | -0.426   |
| ret_min               | -1.09    |
| ret_var               | 0.0702   |
------------------------------------
------------------------------------
| action_max            | 14       |
| action_min            | 0        |
| adv_avg               | -1.14    |
| adv_max               | -0.86    |
| adv_med               | -1.13    |
| adv_min               | -2.07    |
| adv_var               | 0.00846  |
| clipfrac              | 0        |
| curr_lr               | 0.0439   |
| entropy               | 2.2      |
| eplenmean             | 986      |
| eprewmean             | 0.1      |
| fps                   | 2.41e+03 |
| grad_norm             | 0.583    |
| kl                    | 0.0179   |
| loss_pi               | -0.0508  |
| loss_v                | 0.00424  |
| lr                    | 0.0439   |
| misc/nupdates         | 109      |
| misc/serial_timesteps | 4.51e+05 |
| misc/time_elapsed     | 190      |
| misc/total_timesteps  | 4.51e+05 |
| ratio_max             | 1.79     |
| ratio_min             | 0.29     |
| ret_avg               | -0.297   |
| ret_max               | 0.157    |
| ret_med               | -0.333   |
| ret_min               | -1.11    |
| ret_var               | 0.0359   |
------------------------------------
------------------------------------
| action_max            | 14       |
| action_min            | 0        |
| adv_avg               | -1.16    |
| adv_max               | -0.8     |
| adv_med               | -1.15    |
| adv_min               | -2.15    |
| adv_var               | 0.0124   |
| clipfrac              | 0        |
| curr_lr               | 0.0439   |
| entropy               | 2.19     |
| eplenmean             | 960      |
| eprewmean             | 0.1      |
| fps                   | 2.36e+03 |
| grad_norm             | 0.64     |
| kl                    | 0.0178   |
| loss_pi               | 0.0104   |
| loss_v                | 0.0124   |
| lr                    | 0.0439   |
| misc/nupdates         | 119      |
| misc/serial_timesteps | 4.92e+05 |
| misc/time_elapsed     | 207      |
| misc/total_timesteps  | 4.92e+05 |
| ratio_max             | 1.85     |
| ratio_min             | 0.396    |
| ret_avg               | -0.295   |
| ret_max               | -0.0266  |
| ret_med               | -0.337   |
| ret_min               | -1.12    |
| ret_var               | 0.028    |
------------------------------------
------------------------------------
| action_max            | 14       |
| action_min            | 0        |
| adv_avg               | -1.18    |
| adv_max               | -0.528   |
| adv_med               | -1.17    |
| adv_min               | -2.14    |
| adv_var               | 0.00902  |
| clipfrac              | 0        |
| curr_lr               | 0.0439   |
| entropy               | 2.1      |
| eplenmean             | 889      |
| eprewmean             | 0.7      |
| fps                   | 2.39e+03 |
| grad_norm             | 0.697    |
| kl                    | 0.0208   |
| loss_pi               | -0.0273  |
| loss_v                | 0.00643  |
| lr                    | 0.0439   |
| misc/nupdates         | 129      |
| misc/serial_timesteps | 5.32e+05 |
| misc/time_elapsed     | 224      |
| misc/total_timesteps  | 5.32e+05 |
| ratio_max             | 1.99     |
| ratio_min             | 0.308    |
| ret_avg               | -0.256   |
| ret_max               | 0.221    |
| ret_med               | -0.223   |
| ret_min               | -1.15    |
| ret_var               | 0.021    |
------------------------------------
------------------------------------
| action_max            | 14       |
| action_min            | 0        |
| adv_avg               | -1.21    |
| adv_max               | -0.96    |
| adv_med               | -1.2     |
| adv_min               | -2.25    |
| adv_var               | 0.0138   |
| clipfrac              | 0        |
| curr_lr               | 0.0439   |
| entropy               | 2.04     |
| eplenmean             | 845      |
| eprewmean             | 1.1      |
| fps                   | 2.36e+03 |
| grad_norm             | 0.601    |
| kl                    | 0.029    |
| loss_pi               | -0.0406  |
| loss_v                | 0.00671  |
| lr                    | 0.0439   |
| misc/nupdates         | 139      |
| misc/serial_timesteps | 5.73e+05 |
| misc/time_elapsed     | 241      |
| misc/total_timesteps  | 5.73e+05 |
| ratio_max             | 2.59     |
| ratio_min             | 0.286    |
| ret_avg               | -0.172   |
| ret_max               | 0.113    |
| ret_med               | -0.189   |
| ret_min               | -1.17    |
| ret_var               | 0.0208   |
------------------------------------
------------------------------------
| action_max            | 14       |
| action_min            | 0        |
| adv_avg               | -1.23    |
| adv_max               | -1.02    |
| adv_med               | -1.21    |
| adv_min               | -2.09    |
| adv_var               | 0.00835  |
| clipfrac              | 0        |
| curr_lr               | 0.0293   |
| entropy               | 2.01     |
| eplenmean             | 902      |
| eprewmean             | 0.6      |
| fps                   | 2.42e+03 |
| grad_norm             | 0.622    |
| kl                    | 0.0169   |
| loss_pi               | -0.0318  |
| loss_v                | 0.00305  |
| lr                    | 0.0293   |
| misc/nupdates         | 149      |
| misc/serial_timesteps | 6.14e+05 |
| misc/time_elapsed     | 259      |
| misc/total_timesteps  | 6.14e+05 |
| ratio_max             | 1.76     |
| ratio_min             | 0.446    |
| ret_avg               | -0.35    |
| ret_max               | -0.179   |
| ret_med               | -0.357   |
| ret_min               | -1.19    |
| ret_var               | 0.011    |
------------------------------------
------------------------------------
| action_max            | 14       |
| action_min            | 0        |
| adv_avg               | -1.24    |
| adv_max               | -0.496   |
| adv_med               | -1.22    |
| adv_min               | -3.47    |
| adv_var               | 0.0338   |
| clipfrac              | 0        |
| curr_lr               | 0.0195   |
| entropy               | 1.88     |
| eplenmean             | 932      |
| eprewmean             | 0.2      |
| fps                   | 2.44e+03 |
| grad_norm             | 0.379    |
| kl                    | 0.0324   |
| loss_pi               | -0.0383  |
| loss_v                | 0.00576  |
| lr                    | 0.0195   |
| misc/nupdates         | 159      |
| misc/serial_timesteps | 6.55e+05 |
| misc/time_elapsed     | 276      |
| misc/total_timesteps  | 6.55e+05 |
| ratio_max             | 4.39     |
| ratio_min             | 0.1      |
| ret_avg               | -0.285   |
| ret_max               | 0.686    |
| ret_med               | -0.318   |
| ret_min               | -1.21    |
| ret_var               | 0.0282   |
------------------------------------
------------------------------------
| action_max            | 14       |
| action_min            | 0        |
| adv_avg               | -1.25    |
| adv_max               | 0.0682   |
| adv_med               | -1.23    |
| adv_min               | -2.49    |
| adv_var               | 0.0126   |
| clipfrac              | 0        |
| curr_lr               | 0.0195   |
| entropy               | 1.69     |
| eplenmean             | 937      |
| eprewmean             | 0.7      |
| fps                   | 2.37e+03 |
| grad_norm             | 0.727    |
| kl                    | 0.00925  |
| loss_pi               | -0.0341  |
| loss_v                | 0.00471  |
| lr                    | 0.0195   |
| misc/nupdates         | 169      |
| misc/serial_timesteps | 6.96e+05 |
| misc/time_elapsed     | 293      |
| misc/total_timesteps  | 6.96e+05 |
| ratio_max             | 1.81     |
| ratio_min             | 0.526    |
| ret_avg               | -0.418   |
| ret_max               | 0.0248   |
| ret_med               | -0.476   |
| ret_min               | -1.21    |
| ret_var               | 0.0268   |
------------------------------------
------------------------------------
| action_max            | 14       |
| action_min            | 0        |
| adv_avg               | -1.27    |
| adv_max               | -0.981   |
| adv_med               | -1.25    |
| adv_min               | -2.56    |
| adv_var               | 0.0165   |
| clipfrac              | 0        |
| curr_lr               | 0.0195   |
| entropy               | 1.66     |
| eplenmean             | 888      |
| eprewmean             | 1        |
| fps                   | 2.36e+03 |
| grad_norm             | 0.815    |
| kl                    | 0.0161   |
| loss_pi               | -0.0307  |
| loss_v                | 0.00811  |
| lr                    | 0.0195   |
| misc/nupdates         | 179      |
| misc/serial_timesteps | 7.37e+05 |
| misc/time_elapsed     | 311      |
| misc/total_timesteps  | 7.37e+05 |
| ratio_max             | 2.3      |
| ratio_min             | 0.406    |
| ret_avg               | -0.278   |
| ret_max               | 0.0867   |
| ret_med               | -0.333   |
| ret_min               | -1.23    |
| ret_var               | 0.0309   |
------------------------------------
------------------------------------
| action_max            | 14       |
| action_min            | 0        |
| adv_avg               | -1.26    |
| adv_max               | -0.781   |
| adv_med               | -1.25    |
| adv_min               | -2.17    |
| adv_var               | 0.00341  |
| clipfrac              | 0        |
| curr_lr               | 0.0195   |
| entropy               | 1.69     |
| eplenmean             | 834      |
| eprewmean             | 1.1      |
| fps                   | 2.37e+03 |
| grad_norm             | 0.688    |
| kl                    | 0.0123   |
| loss_pi               | -0.0586  |
| loss_v                | 0.00152  |
| lr                    | 0.0195   |
| misc/nupdates         | 189      |
| misc/serial_timesteps | 7.78e+05 |
| misc/time_elapsed     | 328      |
| misc/total_timesteps  | 7.78e+05 |
| ratio_max             | 1.52     |
| ratio_min             | 0.466    |
| ret_avg               | -0.343   |
| ret_max               | -0.0956  |
| ret_med               | -0.379   |
| ret_min               | -1.24    |
| ret_var               | 0.00937  |
------------------------------------
------------------------------------
| action_max            | 14       |
| action_min            | 0        |
| adv_avg               | -1.28    |
| adv_max               | -0.708   |
| adv_med               | -1.26    |
| adv_min               | -2.29    |
| adv_var               | 0.0154   |
| clipfrac              | 0        |
| curr_lr               | 0.0195   |
| entropy               | 1.61     |
| eplenmean             | 813      |
| eprewmean             | 1.4      |
| fps                   | 2.43e+03 |
| grad_norm             | 0.656    |
| kl                    | 0.0136   |
| loss_pi               | -0.0747  |
| loss_v                | 0.00749  |
| lr                    | 0.0195   |
| misc/nupdates         | 199      |
| misc/serial_timesteps | 8.19e+05 |
| misc/time_elapsed     | 345      |
| misc/total_timesteps  | 8.19e+05 |
| ratio_max             | 1.68     |
| ratio_min             | 0.439    |
| ret_avg               | -0.319   |
| ret_max               | 0.411    |
| ret_med               | -0.346   |
| ret_min               | -1.24    |
| ret_var               | 0.0307   |
------------------------------------
------------------------------------
| action_max            | 14       |
| action_min            | 0        |
| adv_avg               | -1.3     |
| adv_max               | -0.95    |
| adv_med               | -1.28    |
| adv_min               | -2.49    |
| adv_var               | 0.0141   |
| clipfrac              | 0        |
| curr_lr               | 0.0195   |
| entropy               | 1.59     |
| eplenmean             | 676      |
| eprewmean             | 2        |
| fps                   | 2.37e+03 |
| grad_norm             | 0.759    |
| kl                    | 0.0141   |
| loss_pi               | -0.045   |
| loss_v                | 0.00751  |
| lr                    | 0.0195   |
| misc/nupdates         | 209      |
| misc/serial_timesteps | 8.6e+05  |
| misc/time_elapsed     | 362      |
| misc/total_timesteps  | 8.6e+05  |
| ratio_max             | 2.47     |
| ratio_min             | 0.379    |
| ret_avg               | -0.125   |
| ret_max               | 0.687    |
| ret_med               | -0.239   |
| ret_min               | -1.26    |
| ret_var               | 0.0899   |
------------------------------------
------------------------------------
| action_max            | 14       |
| action_min            | 0        |
| adv_avg               | -1.31    |
| adv_max               | -0.577   |
| adv_med               | -1.29    |
| adv_min               | -2.43    |
| adv_var               | 0.0147   |
| clipfrac              | 0        |
| curr_lr               | 0.0195   |
| entropy               | 1.37     |
| eplenmean             | 651      |
| eprewmean             | 2        |
| fps                   | 2.37e+03 |
| grad_norm             | 0.957    |
| kl                    | 0.0117   |
| loss_pi               | -0.0658  |
| loss_v                | 0.00362  |
| lr                    | 0.0195   |
| misc/nupdates         | 219      |
| misc/serial_timesteps | 9.01e+05 |
| misc/time_elapsed     | 379      |
| misc/total_timesteps  | 9.01e+05 |
| ratio_max             | 1.8      |
| ratio_min             | 0.48     |
| ret_avg               | -0.399   |
| ret_max               | 0.456    |
| ret_med               | -0.411   |
| ret_min               | -1.27    |
| ret_var               | 0.0274   |
------------------------------------
------------------------------------
| action_max            | 14       |
| action_min            | 0        |
| adv_avg               | -1.31    |
| adv_max               | -1.01    |
| adv_med               | -1.29    |
| adv_min               | -2.23    |
| adv_var               | 0.00877  |
| clipfrac              | 0        |
| curr_lr               | 0.0195   |
| entropy               | 1.43     |
| eplenmean             | 752      |
| eprewmean             | 1.3      |
| fps                   | 2.41e+03 |
| grad_norm             | 0.537    |
| kl                    | 0.0505   |
| loss_pi               | -0.0698  |
| loss_v                | 0.000976 |
| lr                    | 0.013    |
| misc/nupdates         | 229      |
| misc/serial_timesteps | 9.42e+05 |
| misc/time_elapsed     | 396      |
| misc/total_timesteps  | 9.42e+05 |
| ratio_max             | 2.08     |
| ratio_min             | 0.148    |
| ret_avg               | -0.347   |
| ret_max               | -0.0679  |
| ret_med               | -0.348   |
| ret_min               | -1.28    |
| ret_var               | 0.0107   |
------------------------------------
------------------------------------
| action_max            | 14       |
| action_min            | 0        |
| adv_avg               | -1.33    |
| adv_max               | -0.776   |
| adv_med               | -1.31    |
| adv_min               | -2.28    |
| adv_var               | 0.0168   |
| clipfrac              | 0        |
| curr_lr               | 0.013    |
| entropy               | 1.3      |
| eplenmean             | 842      |
| eprewmean             | 1        |
| fps                   | 2.36e+03 |
| grad_norm             | 0.592    |
| kl                    | 0.016    |
| loss_pi               | -0.0536  |
| loss_v                | 0.00648  |
| lr                    | 0.013    |
| misc/nupdates         | 239      |
| misc/serial_timesteps | 9.83e+05 |
| misc/time_elapsed     | 414      |
| misc/total_timesteps  | 9.83e+05 |
| ratio_max             | 2.05     |
| ratio_min             | 0.469    |
| ret_avg               | -0.39    |
| ret_max               | 0.504    |
| ret_med               | -0.38    |
| ret_min               | -1.29    |
| ret_var               | 0.0291   |
------------------------------------
------------------------------------
| action_max            | 14       |
| action_min            | 0        |
| adv_avg               | -1.35    |
| adv_max               | -1.02    |
| adv_med               | -1.32    |
| adv_min               | -2.5     |
| adv_var               | 0.0197   |
| clipfrac              | 0        |
| curr_lr               | 0.0293   |
| entropy               | 1.4      |
| eplenmean             | 824      |
| eprewmean             | 1        |
| fps                   | 2.37e+03 |
| grad_norm             | 0.806    |
| kl                    | 0.0324   |
| loss_pi               | -0.0859  |
| loss_v                | 0.00524  |
| lr                    | 0.0293   |
| misc/nupdates         | 249      |
| misc/serial_timesteps | 1.02e+06 |
| misc/time_elapsed     | 431      |
| misc/total_timesteps  | 1.02e+06 |
| ratio_max             | 2.22     |
| ratio_min             | 0.244    |
| ret_avg               | -0.218   |
| ret_max               | 0.527    |
| ret_med               | -0.205   |
| ret_min               | -1.3     |
| ret_var               | 0.0206   |
------------------------------------
------------------------------------
| action_max            | 14       |
| action_min            | 0        |
| adv_avg               | -1.36    |
| adv_max               | -0.586   |
| adv_med               | -1.34    |
| adv_min               | -2.49    |
| adv_var               | 0.02     |
| clipfrac              | 0        |
| curr_lr               | 0.0195   |
| entropy               | 1.33     |
| eplenmean             | 765      |
| eprewmean             | 1.3      |
| fps                   | 2.39e+03 |
| grad_norm             | 0.969    |
| kl                    | 0.0201   |
| loss_pi               | -0.0899  |
| loss_v                | 0.00283  |
| lr                    | 0.0195   |
| misc/nupdates         | 259      |
| misc/serial_timesteps | 1.06e+06 |
| misc/time_elapsed     | 448      |
| misc/total_timesteps  | 1.06e+06 |
| ratio_max             | 2        |
| ratio_min             | 0.458    |
| ret_avg               | -0.295   |
| ret_max               | 0.545    |
| ret_med               | -0.282   |
| ret_min               | -1.31    |
| ret_var               | 0.0227   |
------------------------------------
------------------------------------
| action_max            | 14       |
| action_min            | 0        |
| adv_avg               | -1.36    |
| adv_max               | -0.962   |
| adv_med               | -1.35    |
| adv_min               | -2.69    |
| adv_var               | 0.0119   |
| clipfrac              | 0        |
| curr_lr               | 0.0195   |
| entropy               | 1.3      |
| eplenmean             | 722      |
| eprewmean             | 1.8      |
| fps                   | 2.38e+03 |
| grad_norm             | 0.808    |
| kl                    | 0.0202   |
| loss_pi               | -0.0961  |
| loss_v                | 0.00308  |
| lr                    | 0.0195   |
| misc/nupdates         | 269      |
| misc/serial_timesteps | 1.11e+06 |
| misc/time_elapsed     | 466      |
| misc/total_timesteps  | 1.11e+06 |
| ratio_max             | 1.92     |
| ratio_min             | 0.542    |
| ret_avg               | -0.212   |
| ret_max               | 0.0407   |
| ret_med               | -0.213   |
| ret_min               | -1.33    |
| ret_var               | 0.0111   |
------------------------------------
------------------------------------
| action_max            | 14       |
| action_min            | 0        |
| adv_avg               | -1.39    |
| adv_max               | -0.597   |
| adv_med               | -1.36    |
| adv_min               | -2.44    |
| adv_var               | 0.024    |
| clipfrac              | 0        |
| curr_lr               | 0.0195   |
| entropy               | 1.34     |
| eplenmean             | 733      |
| eprewmean             | 2.2      |
| fps                   | 2.36e+03 |
| grad_norm             | 1.24     |
| kl                    | 0.015    |
| loss_pi               | -0.071   |
| loss_v                | 0.00782  |
| lr                    | 0.0195   |
| misc/nupdates         | 279      |
| misc/serial_timesteps | 1.15e+06 |
| misc/time_elapsed     | 483      |
| misc/total_timesteps  | 1.15e+06 |
| ratio_max             | 2.53     |
| ratio_min             | 0.582    |
| ret_avg               | -0.393   |
| ret_max               | 0.581    |
| ret_med               | -0.342   |
| ret_min               | -1.34    |
| ret_var               | 0.0388   |
------------------------------------
------------------------------------
| action_max            | 14       |
| action_min            | 0        |
| adv_avg               | -1.37    |
| adv_max               | -1.15    |
| adv_med               | -1.37    |
| adv_min               | -2.29    |
| adv_var               | 0.00516  |
| clipfrac              | 0        |
| curr_lr               | 0.013    |
| entropy               | 1.15     |
| eplenmean             | 779      |
| eprewmean             | 2.3      |
| fps                   | 2.36e+03 |
| grad_norm             | 0.909    |
| kl                    | 0.0136   |
| loss_pi               | -0.0926  |
| loss_v                | 0.00221  |
| lr                    | 0.013    |
| misc/nupdates         | 289      |
| misc/serial_timesteps | 1.19e+06 |
| misc/time_elapsed     | 500      |
| misc/total_timesteps  | 1.19e+06 |
| ratio_max             | 1.71     |
| ratio_min             | 0.319    |
| ret_avg               | -0.32    |
| ret_max               | 0.0978   |
| ret_med               | -0.328   |
| ret_min               | -1.35    |
| ret_var               | 0.0144   |
------------------------------------
------------------------------------
| action_max            | 14       |
| action_min            | 0        |
| adv_avg               | -1.4     |
| adv_max               | -0.643   |
| adv_med               | -1.38    |
| adv_min               | -2.65    |
| adv_var               | 0.0242   |
| clipfrac              | 0        |
| curr_lr               | 0.013    |
| entropy               | 1.21     |
| eplenmean             | 792      |
| eprewmean             | 1.7      |
| fps                   | 2.41e+03 |
| grad_norm             | 1.34     |
| kl                    | 0.00892  |
| loss_pi               | -0.07    |
| loss_v                | 0.00433  |
| lr                    | 0.013    |
| misc/nupdates         | 299      |
| misc/serial_timesteps | 1.23e+06 |
| misc/time_elapsed     | 517      |
| misc/total_timesteps  | 1.23e+06 |
| ratio_max             | 2.05     |
| ratio_min             | 0.385    |
| ret_avg               | -0.368   |
| ret_max               | 0.965    |
| ret_med               | -0.38    |
| ret_min               | -1.36    |
| ret_var               | 0.0319   |
------------------------------------
------------------------------------
| action_max            | 14       |
| action_min            | 0        |
| adv_avg               | -1.42    |
| adv_max               | -1.19    |
| adv_med               | -1.39    |
| adv_min               | -2.89    |
| adv_var               | 0.0207   |
| clipfrac              | 0        |
| curr_lr               | 0.013    |
| entropy               | 1.23     |
| eplenmean             | 786      |
| eprewmean             | 1.1      |
| fps                   | 2.37e+03 |
| grad_norm             | 0.722    |
| kl                    | 0.0136   |
| loss_pi               | -0.0579  |
| loss_v                | 0.00481  |
| lr                    | 0.013    |
| misc/nupdates         | 309      |
| misc/serial_timesteps | 1.27e+06 |
| misc/time_elapsed     | 534      |
| misc/total_timesteps  | 1.27e+06 |
| ratio_max             | 1.8      |
| ratio_min             | 0.436    |
| ret_avg               | -0.284   |
| ret_max               | -0.0419  |
| ret_med               | -0.268   |
| ret_min               | -1.37    |
| ret_var               | 0.0193   |
------------------------------------
------------------------------------
| action_max            | 14       |
| action_min            | 0        |
| adv_avg               | -1.43    |
| adv_max               | -0.761   |
| adv_med               | -1.4     |
| adv_min               | -2.96    |
| adv_var               | 0.0233   |
| clipfrac              | 0        |
| curr_lr               | 0.013    |
| entropy               | 1.06     |
| eplenmean             | 767      |
| eprewmean             | 1.8      |
| fps                   | 2.4e+03  |
| grad_norm             | 0.853    |
| kl                    | 0.0113   |
| loss_pi               | -0.00722 |
| loss_v                | 0.0111   |
| lr                    | 0.013    |
| misc/nupdates         | 319      |
| misc/serial_timesteps | 1.31e+06 |
| misc/time_elapsed     | 552      |
| misc/total_timesteps  | 1.31e+06 |
| ratio_max             | 2.07     |
| ratio_min             | 0.646    |
| ret_avg               | -0.282   |
| ret_max               | 0.698    |
| ret_med               | -0.278   |
| ret_min               | -1.38    |
| ret_var               | 0.0394   |
------------------------------------
------------------------------------
| action_max            | 14       |
| action_min            | 0        |
| adv_avg               | -1.41    |
| adv_max               | -0.875   |
| adv_med               | -1.41    |
| adv_min               | -2.49    |
| adv_var               | 0.00727  |
| clipfrac              | 0        |
| curr_lr               | 0.013    |
| entropy               | 0.954    |
| eplenmean             | 709      |
| eprewmean             | 2.4      |
| fps                   | 2.45e+03 |
| grad_norm             | 0.95     |
| kl                    | 0.00826  |
| loss_pi               | -0.0772  |
| loss_v                | 0.00231  |
| lr                    | 0.013    |
| misc/nupdates         | 329      |
| misc/serial_timesteps | 1.35e+06 |
| misc/time_elapsed     | 569      |
| misc/total_timesteps  | 1.35e+06 |
| ratio_max             | 2.87     |
| ratio_min             | 0.544    |
| ret_avg               | -0.3     |
| ret_max               | 0.741    |
| ret_med               | -0.33    |
| ret_min               | -1.39    |
| ret_var               | 0.0354   |
------------------------------------
------------------------------------
| action_max            | 14       |
| action_min            | 0        |
| adv_avg               | -1.45    |
| adv_max               | -1.05    |
| adv_med               | -1.42    |
| adv_min               | -2.8     |
| adv_var               | 0.0228   |
| clipfrac              | 0        |
| curr_lr               | 0.013    |
| entropy               | 0.852    |
| eplenmean             | 710      |
| eprewmean             | 2.3      |
| fps                   | 2.37e+03 |
| grad_norm             | 1.5      |
| kl                    | 0.00908  |
| loss_pi               | -0.0912  |
| loss_v                | 0.00637  |
| lr                    | 0.013    |
| misc/nupdates         | 339      |
| misc/serial_timesteps | 1.39e+06 |
| misc/time_elapsed     | 586      |
| misc/total_timesteps  | 1.39e+06 |
| ratio_max             | 2.15     |
| ratio_min             | 0.585    |
| ret_avg               | -0.104   |
| ret_max               | 0.692    |
| ret_med               | -0.166   |
| ret_min               | -1.4     |
| ret_var               | 0.0745   |
------------------------------------
------------------------------------
| action_max            | 14       |
| action_min            | 0        |
| adv_avg               | -1.45    |
| adv_max               | -1.04    |
| adv_med               | -1.43    |
| adv_min               | -2.79    |
| adv_var               | 0.016    |
| clipfrac              | 0        |
| curr_lr               | 0.013    |
| entropy               | 0.932    |
| eplenmean             | 708      |
| eprewmean             | 1.9      |
| fps                   | 2.35e+03 |
| grad_norm             | 1.12     |
| kl                    | 0.00617  |
| loss_pi               | -0.0678  |
| loss_v                | 0.00573  |
| lr                    | 0.013    |
| misc/nupdates         | 349      |
| misc/serial_timesteps | 1.43e+06 |
| misc/time_elapsed     | 603      |
| misc/total_timesteps  | 1.43e+06 |
| ratio_max             | 2.18     |
| ratio_min             | 0.643    |
| ret_avg               | -0.366   |
| ret_max               | 0.287    |
| ret_med               | -0.342   |
| ret_min               | -1.41    |
| ret_var               | 0.0201   |
------------------------------------
------------------------------------
| action_max            | 14       |
| action_min            | 0        |
| adv_avg               | -1.48    |
| adv_max               | -1.14    |
| adv_med               | -1.45    |
| adv_min               | -2.89    |
| adv_var               | 0.0281   |
| clipfrac              | 0        |
| curr_lr               | 0.013    |
| entropy               | 0.943    |
| eplenmean             | 674      |
| eprewmean             | 1.7      |
| fps                   | 2.45e+03 |
| grad_norm             | 0.719    |
| kl                    | 0.0142   |
| loss_pi               | -0.0158  |
| loss_v                | 0.0126   |
| lr                    | 0.013    |
| misc/nupdates         | 359      |
| misc/serial_timesteps | 1.47e+06 |
| misc/time_elapsed     | 620      |
| misc/total_timesteps  | 1.47e+06 |
| ratio_max             | 1.76     |
| ratio_min             | 0.533    |
| ret_avg               | -0.264   |
| ret_max               | 0.0233   |
| ret_med               | -0.248   |
| ret_min               | -1.42    |
| ret_var               | 0.027    |
------------------------------------
------------------------------------
| action_max            | 14       |
| action_min            | 0        |
| adv_avg               | -1.5     |
| adv_max               | -0.928   |
| adv_med               | -1.46    |
| adv_min               | -3.06    |
| adv_var               | 0.0345   |
| clipfrac              | 0        |
| curr_lr               | 0.013    |
| entropy               | 0.968    |
| eplenmean             | 722      |
| eprewmean             | 1.6      |
| fps                   | 2.38e+03 |
| grad_norm             | 0.852    |
| kl                    | 0.0166   |
| loss_pi               | -0.0766  |
| loss_v                | 0.00886  |
| lr                    | 0.013    |
| misc/nupdates         | 369      |
| misc/serial_timesteps | 1.52e+06 |
| misc/time_elapsed     | 637      |
| misc/total_timesteps  | 1.52e+06 |
| ratio_max             | 3.52     |
| ratio_min             | 0.385    |
| ret_avg               | -0.0674  |
| ret_max               | 0.84     |
| ret_med               | -0.0665  |
| ret_min               | -1.43    |
| ret_var               | 0.0608   |
------------------------------------
------------------------------------
| action_max            | 14       |
| action_min            | 0        |
| adv_avg               | -1.5     |
| adv_max               | -1.02    |
| adv_med               | -1.47    |
| adv_min               | -3.28    |
| adv_var               | 0.0292   |
| clipfrac              | 0        |
| curr_lr               | 0.013    |
| entropy               | 0.929    |
| eplenmean             | 634      |
| eprewmean             | 2.5      |
| fps                   | 2.36e+03 |
| grad_norm             | 1.38     |
| kl                    | 0.00703  |
| loss_pi               | -0.115   |
| loss_v                | 0.0049   |
| lr                    | 0.013    |
| misc/nupdates         | 379      |
| misc/serial_timesteps | 1.56e+06 |
| misc/time_elapsed     | 654      |
| misc/total_timesteps  | 1.56e+06 |
| ratio_max             | 1.79     |
| ratio_min             | 0.501    |
| ret_avg               | -0.0971  |
| ret_max               | 0.881    |
| ret_med               | -0.137   |
| ret_min               | -1.45    |
| ret_var               | 0.0701   |
------------------------------------
------------------------------------
| action_max            | 14       |
| action_min            | 0        |
| adv_avg               | -1.49    |
| adv_max               | -0.86    |
| adv_med               | -1.48    |
| adv_min               | -2.75    |
| adv_var               | 0.0238   |
| clipfrac              | 0        |
| curr_lr               | 0.013    |
| entropy               | 0.9      |
| eplenmean             | 656      |
| eprewmean             | 2.3      |
| fps                   | 2.36e+03 |
| grad_norm             | 1.6      |
| kl                    | 0.0127   |
| loss_pi               | -0.127   |
| loss_v                | 0.00425  |
| lr                    | 0.013    |
| misc/nupdates         | 389      |
| misc/serial_timesteps | 1.6e+06  |
| misc/time_elapsed     | 672      |
| misc/total_timesteps  | 1.6e+06  |
| ratio_max             | 1.69     |
| ratio_min             | 0.1      |
| ret_avg               | -0.283   |
| ret_max               | 0.768    |
| ret_med               | -0.325   |
| ret_min               | -1.46    |
| ret_var               | 0.0677   |
------------------------------------
------------------------------------
| action_max            | 14       |
| action_min            | 0        |
| adv_avg               | -1.55    |
| adv_max               | -1.13    |
| adv_med               | -1.5     |
| adv_min               | -3.45    |
| adv_var               | 0.0459   |
| clipfrac              | 0        |
| curr_lr               | 0.0195   |
| entropy               | 0.989    |
| eplenmean             | 669      |
| eprewmean             | 2.7      |
| fps                   | 2.44e+03 |
| grad_norm             | 1.28     |
| kl                    | 0.0247   |
| loss_pi               | -0.0828  |
| loss_v                | 0.01     |
| lr                    | 0.0195   |
| misc/nupdates         | 399      |
| misc/serial_timesteps | 1.64e+06 |
| misc/time_elapsed     | 689      |
| misc/total_timesteps  | 1.64e+06 |
| ratio_max             | 1.92     |
| ratio_min             | 0.238    |
| ret_avg               | -0.236   |
| ret_max               | 0.251    |
| ret_med               | -0.194   |
| ret_min               | -1.47    |
| ret_var               | 0.0369   |
------------------------------------
------------------------------------
| action_max            | 14       |
| action_min            | 0        |
| adv_avg               | -1.54    |
| adv_max               | -1.02    |
| adv_med               | -1.51    |
| adv_min               | -3.31    |
| adv_var               | 0.0361   |
| clipfrac              | 0        |
| curr_lr               | 0.013    |
| entropy               | 0.904    |
| eplenmean             | 640      |
| eprewmean             | 2.2      |
| fps                   | 2.35e+03 |
| grad_norm             | 0.956    |
| kl                    | 0.0125   |
| loss_pi               | -0.118   |
| loss_v                | 0.00661  |
| lr                    | 0.013    |
| misc/nupdates         | 409      |
| misc/serial_timesteps | 1.68e+06 |
| misc/time_elapsed     | 706      |
| misc/total_timesteps  | 1.68e+06 |
| ratio_max             | 2.09     |
| ratio_min             | 0.414    |
| ret_avg               | -0.0528  |
| ret_max               | 0.916    |
| ret_med               | -0.0897  |
| ret_min               | -1.48    |
| ret_var               | 0.0786   |
------------------------------------
------------------------------------
| action_max            | 14       |
| action_min            | 0        |
| adv_avg               | -1.54    |
| adv_max               | -1.19    |
| adv_med               | -1.52    |
| adv_min               | -3.31    |
| adv_var               | 0.0163   |
| clipfrac              | 0        |
| curr_lr               | 0.013    |
| entropy               | 0.735    |
| eplenmean             | 637      |
| eprewmean             | 1.8      |
| fps                   | 2.35e+03 |
| grad_norm             | 1.36     |
| kl                    | 0.00776  |
| loss_pi               | -0.0924  |
| loss_v                | 0.00421  |
| lr                    | 0.013    |
| misc/nupdates         | 419      |
| misc/serial_timesteps | 1.72e+06 |
| misc/time_elapsed     | 723      |
| misc/total_timesteps  | 1.72e+06 |
| ratio_max             | 1.78     |
| ratio_min             | 0.497    |
| ret_avg               | -0.188   |
| ret_max               | 0.00444  |
| ret_med               | -0.182   |
| ret_min               | -1.5     |
| ret_var               | 0.0128   |
------------------------------------
------------------------------------
| action_max            | 14       |
| action_min            | 0        |
| adv_avg               | -1.56    |
| adv_max               | -0.868   |
| adv_med               | -1.53    |
| adv_min               | -3.62    |
| adv_var               | 0.0373   |
| clipfrac              | 0        |
| curr_lr               | 0.013    |
| entropy               | 0.777    |
| eplenmean             | 607      |
| eprewmean             | 2.5      |
| fps                   | 2.41e+03 |
| grad_norm             | 1.24     |
| kl                    | 0.00618  |
| loss_pi               | -0.0714  |
| loss_v                | 0.0106   |
| lr                    | 0.013    |
| misc/nupdates         | 429      |
| misc/serial_timesteps | 1.76e+06 |
| misc/time_elapsed     | 740      |
| misc/total_timesteps  | 1.76e+06 |
| ratio_max             | 1.79     |
| ratio_min             | 0.414    |
| ret_avg               | -0.152   |
| ret_max               | 0.966    |
| ret_med               | -0.209   |
| ret_min               | -1.51    |
| ret_var               | 0.0833   |
------------------------------------
------------------------------------
| action_max            | 14       |
| action_min            | 0        |
| adv_avg               | -1.58    |
| adv_max               | -1.01    |
| adv_med               | -1.55    |
| adv_min               | -3.14    |
| adv_var               | 0.0309   |
| clipfrac              | 0        |
| curr_lr               | 0.013    |
| entropy               | 0.882    |
| eplenmean             | 640      |
| eprewmean             | 2.9      |
| fps                   | 2.41e+03 |
| grad_norm             | 1.99     |
| kl                    | 0.00835  |
| loss_pi               | -0.106   |
| loss_v                | 0.00774  |
| lr                    | 0.013    |
| misc/nupdates         | 439      |
| misc/serial_timesteps | 1.8e+06  |
| misc/time_elapsed     | 757      |
| misc/total_timesteps  | 1.8e+06  |
| ratio_max             | 1.58     |
| ratio_min             | 0.406    |
| ret_avg               | -0.251   |
| ret_max               | 0.888    |
| ret_med               | -0.241   |
| ret_min               | -1.52    |
| ret_var               | 0.0547   |
------------------------------------
------------------------------------
| action_max            | 14       |
| action_min            | 0        |
| adv_avg               | -1.58    |
| adv_max               | -0.815   |
| adv_med               | -1.54    |
| adv_min               | -3.58    |
| adv_var               | 0.0294   |
| clipfrac              | 0        |
| curr_lr               | 0.0195   |
| entropy               | 0.766    |
| eplenmean             | 633      |
| eprewmean             | 2        |
| fps                   | 2.39e+03 |
| grad_norm             | 3.62     |
| kl                    | 0.00542  |
| loss_pi               | -0.159   |
| loss_v                | 0.0105   |
| lr                    | 0.0195   |
| misc/nupdates         | 449      |
| misc/serial_timesteps | 1.84e+06 |
| misc/time_elapsed     | 774      |
| misc/total_timesteps  | 1.84e+06 |
| ratio_max             | 1.58     |
| ratio_min             | 0.559    |
| ret_avg               | -0.328   |
| ret_max               | 0.87     |
| ret_med               | -0.289   |
| ret_min               | -1.53    |
| ret_var               | 0.0859   |
------------------------------------
------------------------------------
| action_max            | 14       |
| action_min            | 0        |
| adv_avg               | -1.59    |
| adv_max               | -1.11    |
| adv_med               | -1.56    |
| adv_min               | -3.35    |
| adv_var               | 0.0252   |
| clipfrac              | 0        |
| curr_lr               | 0.0195   |
| entropy               | 0.928    |
| eplenmean             | 598      |
| eprewmean             | 1.5      |
| fps                   | 2.36e+03 |
| grad_norm             | 0.963    |
| kl                    | 0.0229   |
| loss_pi               | -0.108   |
| loss_v                | 0.00498  |
| lr                    | 0.0195   |
| misc/nupdates         | 459      |
| misc/serial_timesteps | 1.88e+06 |
| misc/time_elapsed     | 792      |
| misc/total_timesteps  | 1.88e+06 |
| ratio_max             | 2.18     |
| ratio_min             | 0.369    |
| ret_avg               | -0.226   |
| ret_max               | 0.133    |
| ret_med               | -0.207   |
| ret_min               | -1.54    |
| ret_var               | 0.0283   |
------------------------------------
------------------------------------
| action_max            | 14       |
| action_min            | 0        |
| adv_avg               | -1.61    |
| adv_max               | -1.03    |
| adv_med               | -1.58    |
| adv_min               | -3.12    |
| adv_var               | 0.0333   |
| clipfrac              | 0        |
| curr_lr               | 0.013    |
| entropy               | 0.768    |
| eplenmean             | 597      |
| eprewmean             | 1.6      |
| fps                   | 2.39e+03 |
| grad_norm             | 1.15     |
| kl                    | 0.00262  |
| loss_pi               | -0.093   |
| loss_v                | 0.0083   |
| lr                    | 0.0195   |
| misc/nupdates         | 469      |
| misc/serial_timesteps | 1.93e+06 |
| misc/time_elapsed     | 809      |
| misc/total_timesteps  | 1.93e+06 |
| ratio_max             | 1.26     |
| ratio_min             | 0.617    |
| ret_avg               | -0.207   |
| ret_max               | 0.88     |
| ret_med               | -0.261   |
| ret_min               | -1.55    |
| ret_var               | 0.106    |
------------------------------------
------------------------------------
| action_max            | 14       |
| action_min            | 0        |
| adv_avg               | -1.63    |
| adv_max               | -1.25    |
| adv_med               | -1.58    |
| adv_min               | -3.28    |
| adv_var               | 0.0449   |
| clipfrac              | 0        |
| curr_lr               | 0.0195   |
| entropy               | 0.862    |
| eplenmean             | 634      |
| eprewmean             | 2.2      |
| fps                   | 2.37e+03 |
| grad_norm             | 2        |
| kl                    | 0.0135   |
| loss_pi               | -0.0954  |
| loss_v                | 0.011    |
| lr                    | 0.0195   |
| misc/nupdates         | 479      |
| misc/serial_timesteps | 1.97e+06 |
| misc/time_elapsed     | 826      |
| misc/total_timesteps  | 1.97e+06 |
| ratio_max             | 1.71     |
| ratio_min             | 0.184    |
| ret_avg               | -0.235   |
| ret_max               | 0.902    |
| ret_med               | -0.232   |
| ret_min               | -1.55    |
| ret_var               | 0.0972   |
------------------------------------
------------------------------------
| action_max            | 14       |
| action_min            | 0        |
| adv_avg               | -1.62    |
| adv_max               | -1.23    |
| adv_med               | -1.59    |
| adv_min               | -3.53    |
| adv_var               | 0.034    |
| clipfrac              | 0        |
| curr_lr               | 0.0195   |
| entropy               | 0.739    |
| eplenmean             | 623      |
| eprewmean             | 2        |
| fps                   | 2.35e+03 |
| grad_norm             | 1.53     |
| kl                    | 0.0121   |
| loss_pi               | -0.111   |
| loss_v                | 0.00781  |
| lr                    | 0.0195   |
| misc/nupdates         | 489      |
| misc/serial_timesteps | 2.01e+06 |
| misc/time_elapsed     | 843      |
| misc/total_timesteps  | 2.01e+06 |
| ratio_max             | 2.11     |
| ratio_min             | 0.24     |
| ret_avg               | -0.147   |
| ret_max               | 0.902    |
| ret_med               | -0.141   |
| ret_min               | -1.56    |
| ret_var               | 0.067    |
------------------------------------
------------------------------------
| action_max            | 14       |
| action_min            | 0        |
| adv_avg               | -1.65    |
| adv_max               | -0.979   |
| adv_med               | -1.6     |
| adv_min               | -3.08    |
| adv_var               | 0.0411   |
| clipfrac              | 0        |
| curr_lr               | 0.0195   |
| entropy               | 0.821    |
| eplenmean             | 616      |
| eprewmean             | 1.9      |
| fps                   | 2.36e+03 |
| grad_norm             | 1.28     |
| kl                    | 0.0104   |
| loss_pi               | -0.0782  |
| loss_v                | 0.018    |
| lr                    | 0.0195   |
| misc/nupdates         | 499      |
| misc/serial_timesteps | 2.05e+06 |
| misc/time_elapsed     | 861      |
| misc/total_timesteps  | 2.05e+06 |
| ratio_max             | 2.56     |
| ratio_min             | 0.574    |
| ret_avg               | -0.264   |
| ret_max               | 0.914    |
| ret_med               | -0.243   |
| ret_min               | -1.57    |
| ret_var               | 0.0545   |
------------------------------------
------------------------------------
| action_max            | 14       |
| action_min            | 0        |
| adv_avg               | -1.63    |
| adv_max               | -1.12    |
| adv_med               | -1.6     |
| adv_min               | -3.18    |
| adv_var               | 0.0221   |
| clipfrac              | 0        |
| curr_lr               | 0.013    |
| entropy               | 0.802    |
| eplenmean             | 673      |
| eprewmean             | 2        |
| fps                   | 2.36e+03 |
| grad_norm             | 1.57     |
| kl                    | 0.00883  |
| loss_pi               | -0.152   |
| loss_v                | 0.00679  |
| lr                    | 0.013    |
| misc/nupdates         | 509      |
| misc/serial_timesteps | 2.09e+06 |
| misc/time_elapsed     | 878      |
| misc/total_timesteps  | 2.09e+06 |
| ratio_max             | 1.61     |
| ratio_min             | 0.366    |
| ret_avg               | -0.428   |
| ret_max               | 0.93     |
| ret_med               | -0.443   |
| ret_min               | -1.58    |
| ret_var               | 0.043    |
------------------------------------
------------------------------------
| action_max            | 14       |
| action_min            | 0        |
| adv_avg               | -1.62    |
| adv_max               | -1.05    |
| adv_med               | -1.61    |
| adv_min               | -3.13    |
| adv_var               | 0.0269   |
| clipfrac              | 0        |
| curr_lr               | 0.0293   |
| entropy               | 0.837    |
| eplenmean             | 693      |
| eprewmean             | 1.6      |
| fps                   | 2.43e+03 |
| grad_norm             | 2.61     |
| kl                    | 0.0185   |
| loss_pi               | -0.167   |
| loss_v                | 0.0123   |
| lr                    | 0.0293   |
| misc/nupdates         | 519      |
| misc/serial_timesteps | 2.13e+06 |
| misc/time_elapsed     | 895      |
| misc/total_timesteps  | 2.13e+06 |
| ratio_max             | 2.03     |
| ratio_min             | 0.228    |
| ret_avg               | -0.566   |
| ret_max               | 0.316    |
| ret_med               | -0.568   |
| ret_min               | -1.59    |
| ret_var               | 0.0973   |
------------------------------------
------------------------------------
| action_max            | 14       |
| action_min            | 0        |
| adv_avg               | -1.62    |
| adv_max               | -1.05    |
| adv_med               | -1.61    |
| adv_min               | -2.97    |
| adv_var               | 0.0133   |
| clipfrac              | 0        |
| curr_lr               | 0.013    |
| entropy               | 0.975    |
| eplenmean             | 648      |
| eprewmean             | 1.6      |
| fps                   | 2.45e+03 |
| grad_norm             | 1.57     |
| kl                    | 0.00615  |
| loss_pi               | -0.0924  |
| loss_v                | 0.00371  |
| lr                    | 0.013    |
| misc/nupdates         | 529      |
| misc/serial_timesteps | 2.17e+06 |
| misc/time_elapsed     | 912      |
| misc/total_timesteps  | 2.17e+06 |
| ratio_max             | 1.9      |
| ratio_min             | 0.299    |
| ret_avg               | -0.412   |
| ret_max               | 0.956    |
| ret_med               | -0.396   |
| ret_min               | -1.59    |
| ret_var               | 0.0524   |
------------------------------------
------------------------------------
| action_max            | 14       |
| action_min            | 0        |
| adv_avg               | -1.65    |
| adv_max               | -1.05    |
| adv_med               | -1.63    |
| adv_min               | -3.47    |
| adv_var               | 0.0282   |
| clipfrac              | 0        |
| curr_lr               | 0.0195   |
| entropy               | 0.98     |
| eplenmean             | 591      |
| eprewmean             | 2.5      |
| fps                   | 2.54e+03 |
| grad_norm             | 1.63     |
| kl                    | 0.019    |
| loss_pi               | -0.0289  |
| loss_v                | 0.0115   |
| lr                    | 0.0195   |
| misc/nupdates         | 539      |
| misc/serial_timesteps | 2.21e+06 |
| misc/time_elapsed     | 928      |
| misc/total_timesteps  | 2.21e+06 |
| ratio_max             | 2.66     |
| ratio_min             | 0.214    |
| ret_avg               | -0.262   |
| ret_max               | 0.994    |
| ret_med               | -0.248   |
| ret_min               | -1.6     |
| ret_var               | 0.128    |
------------------------------------
------------------------------------
| action_max            | 14       |
| action_min            | 0        |
| adv_avg               | -1.66    |
| adv_max               | -1.03    |
| adv_med               | -1.64    |
| adv_min               | -3.56    |
| adv_var               | 0.0404   |
| clipfrac              | 0        |
| curr_lr               | 0.0195   |
| entropy               | 0.947    |
| eplenmean             | 537      |
| eprewmean             | 2.2      |
| fps                   | 2.43e+03 |
| grad_norm             | 0.591    |
| kl                    | 0.0254   |
| loss_pi               | -0.0424  |
| loss_v                | 0.0131   |
| lr                    | 0.0195   |
| misc/nupdates         | 549      |
| misc/serial_timesteps | 2.25e+06 |
| misc/time_elapsed     | 945      |
| misc/total_timesteps  | 2.25e+06 |
| ratio_max             | 1.86     |
| ratio_min             | 0.329    |
| ret_avg               | -0.221   |
| ret_max               | 0.984    |
| ret_med               | -0.272   |
| ret_min               | -1.61    |
| ret_var               | 0.0847   |
------------------------------------
------------------------------------
| action_max            | 14       |
| action_min            | 0        |
| adv_avg               | -1.65    |
| adv_max               | -0.999   |
| adv_med               | -1.64    |
| adv_min               | -3.33    |
| adv_var               | 0.0211   |
| clipfrac              | 0        |
| curr_lr               | 0.013    |
| entropy               | 0.755    |
| eplenmean             | 592      |
| eprewmean             | 2.3      |
| fps                   | 2.53e+03 |
| grad_norm             | 1.13     |
| kl                    | 0.0114   |
| loss_pi               | -0.124   |
| loss_v                | 0.00323  |
| lr                    | 0.013    |
| misc/nupdates         | 559      |
| misc/serial_timesteps | 2.29e+06 |
| misc/time_elapsed     | 962      |
| misc/total_timesteps  | 2.29e+06 |
| ratio_max             | 1.72     |
| ratio_min             | 0.576    |
| ret_avg               | -0.344   |
| ret_max               | 0.993    |
| ret_med               | -0.396   |
| ret_min               | -1.61    |
| ret_var               | 0.0856   |
------------------------------------
------------------------------------
| action_max            | 14       |
| action_min            | 0        |
| adv_avg               | -1.65    |
| adv_max               | -1.1     |
| adv_med               | -1.64    |
| adv_min               | -2.87    |
| adv_var               | 0.0188   |
| clipfrac              | 0        |
| curr_lr               | 0.013    |
| entropy               | 0.778    |
| eplenmean             | 698      |
| eprewmean             | 2.1      |
| fps                   | 2.42e+03 |
| grad_norm             | 1.39     |
| kl                    | 0.00444  |
| loss_pi               | -0.0934  |
| loss_v                | 0.00458  |
| lr                    | 0.0195   |
| misc/nupdates         | 569      |
| misc/serial_timesteps | 2.33e+06 |
| misc/time_elapsed     | 978      |
| misc/total_timesteps  | 2.33e+06 |
| ratio_max             | 1.62     |
| ratio_min             | 0.486    |
| ret_avg               | -0.362   |
| ret_max               | 1.04     |
| ret_med               | -0.421   |
| ret_min               | -1.62    |
| ret_var               | 0.0675   |
------------------------------------
------------------------------------
| action_max            | 14       |
| action_min            | 0        |
| adv_avg               | -1.66    |
| adv_max               | -0.953   |
| adv_med               | -1.64    |
| adv_min               | -3.04    |
| adv_var               | 0.0236   |
| clipfrac              | 0        |
| curr_lr               | 0.0195   |
| entropy               | 0.775    |
| eplenmean             | 691      |
| eprewmean             | 1.7      |
| fps                   | 2.42e+03 |
| grad_norm             | 2.51     |
| kl                    | 0.0112   |
| loss_pi               | -0.106   |
| loss_v                | 0.0105   |
| lr                    | 0.0195   |
| misc/nupdates         | 579      |
| misc/serial_timesteps | 2.38e+06 |
| misc/time_elapsed     | 995      |
| misc/total_timesteps  | 2.38e+06 |
| ratio_max             | 2.46     |
| ratio_min             | 0.498    |
| ret_avg               | -0.248   |
| ret_max               | 1.13     |
| ret_med               | -0.213   |
| ret_min               | -1.62    |
| ret_var               | 0.0876   |
------------------------------------
------------------------------------
| action_max            | 14       |
| action_min            | 0        |
| adv_avg               | -1.68    |
| adv_max               | -1.3     |
| adv_med               | -1.66    |
| adv_min               | -3.26    |
| adv_var               | 0.025    |
| clipfrac              | 0        |
| curr_lr               | 0.0195   |
| entropy               | 1.07     |
| eplenmean             | 676      |
| eprewmean             | 1.7      |
| fps                   | 2.42e+03 |
| grad_norm             | 1.15     |
| kl                    | 0.0145   |
| loss_pi               | -0.103   |
| loss_v                | 0.00505  |
| lr                    | 0.0195   |
| misc/nupdates         | 589      |
| misc/serial_timesteps | 2.42e+06 |
| misc/time_elapsed     | 1.01e+03 |
| misc/total_timesteps  | 2.42e+06 |
| ratio_max             | 2.49     |
| ratio_min             | 0.438    |
| ret_avg               | -0.281   |
| ret_max               | 0.151    |
| ret_med               | -0.297   |
| ret_min               | -1.63    |
| ret_var               | 0.0262   |
------------------------------------
------------------------------------
| action_max            | 14       |
| action_min            | 0        |
| adv_avg               | -1.7     |
| adv_max               | -0.159   |
| adv_med               | -1.67    |
| adv_min               | -3.94    |
| adv_var               | 0.046    |
| clipfrac              | 0        |
| curr_lr               | 0.0195   |
| entropy               | 0.966    |
| eplenmean             | 706      |
| eprewmean             | 1.6      |
| fps                   | 2.42e+03 |
| grad_norm             | 1.06     |
| kl                    | 0.109    |
| loss_pi               | -0.0877  |
| loss_v                | 0.00814  |
| lr                    | 0.013    |
| misc/nupdates         | 599      |
| misc/serial_timesteps | 2.46e+06 |
| misc/time_elapsed     | 1.03e+03 |
| misc/total_timesteps  | 2.46e+06 |
| ratio_max             | 4.22     |
| ratio_min             | 0.1      |
| ret_avg               | -0.306   |
| ret_max               | 1.08     |
| ret_med               | -0.271   |
| ret_min               | -1.64    |
| ret_var               | 0.0747   |
------------------------------------
------------------------------------
| action_max            | 14       |
| action_min            | 0        |
| adv_avg               | -1.68    |
| adv_max               | -1.06    |
| adv_med               | -1.67    |
| adv_min               | -3.66    |
| adv_var               | 0.0233   |
| clipfrac              | 0        |
| curr_lr               | 0.0195   |
| entropy               | 0.849    |
| eplenmean             | 729      |
| eprewmean             | 2.3      |
| fps                   | 2.42e+03 |
| grad_norm             | 1.02     |
| kl                    | 0.0152   |
| loss_pi               | -0.108   |
| loss_v                | 0.00532  |
| lr                    | 0.0195   |
| misc/nupdates         | 609      |
| misc/serial_timesteps | 2.5e+06  |
| misc/time_elapsed     | 1.05e+03 |
| misc/total_timesteps  | 2.5e+06  |
| ratio_max             | 1.78     |
| ratio_min             | 0.264    |
| ret_avg               | -0.223   |
| ret_max               | 1.06     |
| ret_med               | -0.286   |
| ret_min               | -1.64    |
| ret_var               | 0.0942   |
------------------------------------
------------------------------------
| action_max            | 14       |
| action_min            | 0        |
| adv_avg               | -1.67    |
| adv_max               | -0.835   |
| adv_med               | -1.66    |
| adv_min               | -3.44    |
| adv_var               | 0.0246   |
| clipfrac              | 0        |
| curr_lr               | 0.013    |
| entropy               | 0.923    |
| eplenmean             | 667      |
| eprewmean             | 3.5      |
| fps                   | 2.42e+03 |
| grad_norm             | 1.23     |
| kl                    | 0.0134   |
| loss_pi               | -0.0925  |
| loss_v                | 0.0111   |
| lr                    | 0.013    |
| misc/nupdates         | 619      |
| misc/serial_timesteps | 2.54e+06 |
| misc/time_elapsed     | 1.06e+03 |
| misc/total_timesteps  | 2.54e+06 |
| ratio_max             | 2.32     |
| ratio_min             | 0.415    |
| ret_avg               | -0.291   |
| ret_max               | 1.26     |
| ret_med               | -0.309   |
| ret_min               | -1.65    |
| ret_var               | 0.0958   |
------------------------------------
------------------------------------
| action_max            | 14       |
| action_min            | 0        |
| adv_avg               | -1.69    |
| adv_max               | -0.775   |
| adv_med               | -1.67    |
| adv_min               | -3.71    |
| adv_var               | 0.0329   |
| clipfrac              | 0        |
| curr_lr               | 0.0195   |
| entropy               | 0.942    |
| eplenmean             | 596      |
| eprewmean             | 3        |
| fps                   | 2.42e+03 |
| grad_norm             | 4.74     |
| kl                    | 0.00714  |
| loss_pi               | -0.109   |
| loss_v                | 0.0151   |
| lr                    | 0.0195   |
| misc/nupdates         | 629      |
| misc/serial_timesteps | 2.58e+06 |
| misc/time_elapsed     | 1.08e+03 |
| misc/total_timesteps  | 2.58e+06 |
| ratio_max             | 1.5      |
| ratio_min             | 0.626    |
| ret_avg               | -0.478   |
| ret_max               | 1.54     |
| ret_med               | -0.542   |
| ret_min               | -1.65    |
| ret_var               | 0.285    |
------------------------------------
------------------------------------
| action_max            | 14       |
| action_min            | 0        |
| adv_avg               | -1.71    |
| adv_max               | -1.39    |
| adv_med               | -1.68    |
| adv_min               | -3.65    |
| adv_var               | 0.0294   |
| clipfrac              | 0        |
| curr_lr               | 0.0195   |
| entropy               | 0.809    |
| eplenmean             | 647      |
| eprewmean             | 2.3      |
| fps                   | 2.42e+03 |
| grad_norm             | 3.06     |
| kl                    | 0.0185   |
| loss_pi               | -0.129   |
| loss_v                | 0.0149   |
| lr                    | 0.0195   |
| misc/nupdates         | 639      |
| misc/serial_timesteps | 2.62e+06 |
| misc/time_elapsed     | 1.1e+03  |
| misc/total_timesteps  | 2.62e+06 |
| ratio_max             | 2.74     |
| ratio_min             | 0.103    |
| ret_avg               | -0.432   |
| ret_max               | 0.0335   |
| ret_med               | -0.421   |
| ret_min               | -1.65    |
| ret_var               | 0.0282   |
------------------------------------
------------------------------------
| action_max            | 14       |
| action_min            | 0        |
| adv_avg               | -1.7     |
| adv_max               | -0.98    |
| adv_med               | -1.68    |
| adv_min               | -3.21    |
| adv_var               | 0.0248   |
| clipfrac              | 0        |
| curr_lr               | 0.0195   |
| entropy               | 0.755    |
| eplenmean             | 662      |
| eprewmean             | 2.1      |
| fps                   | 2.42e+03 |
| grad_norm             | 2.01     |
| kl                    | 0.011    |
| loss_pi               | -0.0733  |
| loss_v                | 0.0193   |
| lr                    | 0.0195   |
| misc/nupdates         | 649      |
| misc/serial_timesteps | 2.66e+06 |
| misc/time_elapsed     | 1.11e+03 |
| misc/total_timesteps  | 2.66e+06 |
| ratio_max             | 2.19     |
| ratio_min             | 0.526    |
| ret_avg               | -0.485   |
| ret_max               | 1.18     |
| ret_med               | -0.598   |
| ret_min               | -1.66    |
| ret_var               | 0.193    |
------------------------------------
------------------------------------
| action_max            | 14       |
| action_min            | 0        |
| adv_avg               | -1.71    |
| adv_max               | -1.21    |
| adv_med               | -1.68    |
| adv_min               | -3.66    |
| adv_var               | 0.0356   |
| clipfrac              | 0        |
| curr_lr               | 0.0293   |
| entropy               | 0.935    |
| eplenmean             | 728      |
| eprewmean             | 1.7      |
| fps                   | 2.42e+03 |
| grad_norm             | 1.74     |
| kl                    | 0.0206   |
| loss_pi               | -0.171   |
| loss_v                | 0.0105   |
| lr                    | 0.0293   |
| misc/nupdates         | 659      |
| misc/serial_timesteps | 2.7e+06  |
| misc/time_elapsed     | 1.13e+03 |
| misc/total_timesteps  | 2.7e+06  |
| ratio_max             | 2.4      |
| ratio_min             | 0.313    |
| ret_avg               | -0.317   |
| ret_max               | 0.96     |
| ret_med               | -0.362   |
| ret_min               | -1.65    |
| ret_var               | 0.17     |
------------------------------------
------------------------------------
| action_max            | 14       |
| action_min            | 0        |
| adv_avg               | -1.65    |
| adv_max               | -0.568   |
| adv_med               | -1.64    |
| adv_min               | -3.59    |
| adv_var               | 0.0464   |
| clipfrac              | 0        |
| curr_lr               | 0.0658   |
| entropy               | 0.752    |
| eplenmean             | 622      |
| eprewmean             | 3        |
| fps                   | 2.42e+03 |
| grad_norm             | 20.6     |
| kl                    | 0.0134   |
| loss_pi               | -0.0601  |
| loss_v                | 0.278    |
| lr                    | 0.0658   |
| misc/nupdates         | 669      |
| misc/serial_timesteps | 2.74e+06 |
| misc/time_elapsed     | 1.15e+03 |
| misc/total_timesteps  | 2.74e+06 |
| ratio_max             | 4        |
| ratio_min             | 0.337    |
| ret_avg               | -1.19    |
| ret_max               | 1.14     |
| ret_med               | -0.84    |
| ret_min               | -2.83    |
| ret_var               | 0.72     |
------------------------------------
------------------------------------
| action_max            | 14       |
| action_min            | 0        |
| adv_avg               | -1.54    |
| adv_max               | 4.43     |
| adv_med               | -1.53    |
| adv_min               | -7.88    |
| adv_var               | 0.298    |
| clipfrac              | 0        |
| curr_lr               | 0.0988   |
| entropy               | 1.46     |
| eplenmean             | 661      |
| eprewmean             | 2.7      |
| fps                   | 2.42e+03 |
| grad_norm             | 60.2     |
| kl                    | 0.0113   |
| loss_pi               | -0.105   |
| loss_v                | 1.42     |
| lr                    | 0.0988   |
| misc/nupdates         | 679      |
| misc/serial_timesteps | 2.79e+06 |
| misc/time_elapsed     | 1.16e+03 |
| misc/total_timesteps  | 2.79e+06 |
| ratio_max             | 3.29     |
| ratio_min             | 0.471    |
| ret_avg               | -2.42    |
| ret_max               | 1.11     |
| ret_med               | -1.12    |
| ret_min               | -8.44    |
| ret_var               | 7.01     |
------------------------------------
------------------------------------
| action_max            | 14       |
| action_min            | 0        |
| adv_avg               | -1.31    |
| adv_max               | 5.19     |
| adv_med               | -1.34    |
| adv_min               | -4       |
| adv_var               | 0.267    |
| clipfrac              | 0        |
| curr_lr               | 0.222    |
| entropy               | 2.06     |
| eplenmean             | 748      |
| eprewmean             | 2.3      |
| fps                   | 2.42e+03 |
| grad_norm             | 12       |
| kl                    | 0.00175  |
| loss_pi               | -0.103   |
| loss_v                | 0.558    |
| lr                    | 0.333    |
| misc/nupdates         | 689      |
| misc/serial_timesteps | 2.83e+06 |
| misc/time_elapsed     | 1.18e+03 |
| misc/total_timesteps  | 2.83e+06 |
| ratio_max             | 2.87     |
| ratio_min             | 0.652    |
| ret_avg               | -2.69    |
| ret_max               | -0.527   |
| ret_med               | -2.28    |
| ret_min               | -7.58    |
| ret_var               | 4.14     |
------------------------------------
------------------------------------
| action_max            | 14       |
| action_min            | 0        |
| adv_avg               | -0.889   |
| adv_max               | 4.72     |
| adv_med               | -1.01    |
| adv_min               | -3.29    |
| adv_var               | 0.371    |
| clipfrac              | 0        |
| curr_lr               | 0.5      |
| entropy               | 2.53     |
| eplenmean             | 794      |
| eprewmean             | 1.5      |
| fps                   | 2.42e+03 |
| grad_norm             | 9.39     |
| kl                    | 0.00487  |
| loss_pi               | -0.0105  |
| loss_v                | 1.08     |
| lr                    | 0.5      |
| misc/nupdates         | 699      |
| misc/serial_timesteps | 2.87e+06 |
| misc/time_elapsed     | 1.2e+03  |
| misc/total_timesteps  | 2.87e+06 |
| ratio_max             | 2.41     |
| ratio_min             | 0.57     |
| ret_avg               | -4.49    |
| ret_max               | 0.973    |
| ret_med               | -5.13    |
| ret_min               | -7.28    |
| ret_var               | 2.45     |
------------------------------------
------------------------------------
| action_max            | 14       |
| action_min            | 0        |
| adv_avg               | -0.671   |
| adv_max               | 1.18     |
| adv_med               | -0.706   |
| adv_min               | -1.88    |
| adv_var               | 0.166    |
| clipfrac              | 0        |
| curr_lr               | 0.5      |
| entropy               | 2.38     |
| eplenmean             | 79.5     |
| eprewmean             | 4.2      |
| fps                   | 2.42e+03 |
| grad_norm             | 1.43     |
| kl                    | 0.0144   |
| loss_pi               | -0.0757  |
| loss_v                | 0.143    |
| lr                    | 0.5      |
| misc/nupdates         | 709      |
| misc/serial_timesteps | 2.91e+06 |
| misc/time_elapsed     | 1.21e+03 |
| misc/total_timesteps  | 2.91e+06 |
| ratio_max             | 1.92     |
| ratio_min             | 0.57     |
| ret_avg               | -0.646   |
| ret_max               | 1.61     |
| ret_med               | -1.03    |
| ret_min               | -3.61    |
| ret_var               | 1.15     |
------------------------------------
------------------------------------
| action_max            | 14       |
| action_min            | 0        |
| adv_avg               | -0.89    |
| adv_max               | 0.454    |
| adv_med               | -0.878   |
| adv_min               | -2.64    |
| adv_var               | 0.0502   |
| clipfrac              | 0        |
| curr_lr               | 0.148    |
| entropy               | 1.71     |
| eplenmean             | 52.6     |
| eprewmean             | 5.7      |
| fps                   | 2.42e+03 |
| grad_norm             | 0.956    |
| kl                    | 0.0248   |
| loss_pi               | -0.0554  |
| loss_v                | 0.03     |
| lr                    | 0.148    |
| misc/nupdates         | 719      |
| misc/serial_timesteps | 2.95e+06 |
| misc/time_elapsed     | 1.23e+03 |
| misc/total_timesteps  | 2.95e+06 |
| ratio_max             | 2.12     |
| ratio_min             | 0.257    |
| ret_avg               | 0.0933   |
| ret_max               | 0.934    |
| ret_med               | 0.41     |
| ret_min               | -1.07    |
| ret_var               | 0.54     |
------------------------------------
------------------------------------
| action_max            | 14       |
| action_min            | 0        |
| adv_avg               | -0.894   |
| adv_max               | 0.364    |
| adv_med               | -0.905   |
| adv_min               | -2.55    |
| adv_var               | 0.0565   |
| clipfrac              | 0        |
| curr_lr               | 0.148    |
| entropy               | 1.78     |
| eplenmean             | 55.9     |
| eprewmean             | 6.9      |
| fps                   | 2.42e+03 |
| grad_norm             | 0.748    |
| kl                    | 0.0308   |
| loss_pi               | -0.0744  |
| loss_v                | 0.0341   |
| lr                    | 0.148    |
| misc/nupdates         | 729      |
| misc/serial_timesteps | 2.99e+06 |
| misc/time_elapsed     | 1.25e+03 |
| misc/total_timesteps  | 2.99e+06 |
| ratio_max             | 3.14     |
| ratio_min             | 0.259    |
| ret_avg               | 0.229    |
| ret_max               | 0.938    |
| ret_med               | 0.514    |
| ret_min               | -1.07    |
| ret_var               | 0.432    |
------------------------------------
------------------------------------
| action_max            | 14       |
| action_min            | 0        |
| adv_avg               | -0.949   |
| adv_max               | 0.369    |
| adv_med               | -0.936   |
| adv_min               | -2.64    |
| adv_var               | 0.0548   |
| clipfrac              | 0        |
| curr_lr               | 0.0988   |
| entropy               | 1.59     |
| eplenmean             | 64       |
| eprewmean             | 7.6      |
| fps                   | 2.54e+03 |
| grad_norm             | 0.644    |
| kl                    | 0.0288   |
| loss_pi               | -0.0506  |
| loss_v                | 0.0243   |
| lr                    | 0.0988   |
| misc/nupdates         | 739      |
| misc/serial_timesteps | 3.03e+06 |
| misc/time_elapsed     | 1.26e+03 |
| misc/total_timesteps  | 3.03e+06 |
| ratio_max             | 4.47     |
| ratio_min             | 0.359    |
| ret_avg               | 0.282    |
| ret_max               | 0.941    |
| ret_med               | 0.552    |
| ret_min               | -1.02    |
| ret_var               | 0.377    |
------------------------------------
------------------------------------
| action_max            | 14       |
| action_min            | 0        |
| adv_avg               | -0.934   |
| adv_max               | 0.127    |
| adv_med               | -0.936   |
| adv_min               | -2.25    |
| adv_var               | 0.0271   |
| clipfrac              | 0        |
| curr_lr               | 0.0988   |
| entropy               | 1.42     |
| eplenmean             | 69       |
| eprewmean             | 9.3      |
| fps                   | 2.42e+03 |
| grad_norm             | 0.872    |
| kl                    | 0.0407   |
| loss_pi               | -0.163   |
| loss_v                | 0.0142   |
| lr                    | 0.0658   |
| misc/nupdates         | 749      |
| misc/serial_timesteps | 3.07e+06 |
| misc/time_elapsed     | 1.28e+03 |
| misc/total_timesteps  | 3.07e+06 |
| ratio_max             | 3.2      |
| ratio_min             | 0.21     |
| ret_avg               | 0.541    |
| ret_max               | 0.951    |
| ret_med               | 0.711    |
| ret_min               | -1.06    |
| ret_var               | 0.176    |
------------------------------------
------------------------------------
| action_max            | 14       |
| action_min            | 0        |
| adv_avg               | -0.981   |
| adv_max               | 0.249    |
| adv_med               | -0.972   |
| adv_min               | -2.52    |
| adv_var               | 0.0283   |
| clipfrac              | 0        |
| curr_lr               | 0.0658   |
| entropy               | 1.16     |
| eplenmean             | 72.5     |
| eprewmean             | 9.6      |
| fps                   | 2.43e+03 |
| grad_norm             | 0.987    |
| kl                    | 0.0229   |
| loss_pi               | -0.0738  |
| loss_v                | 0.0207   |
| lr                    | 0.0658   |
| misc/nupdates         | 759      |
| misc/serial_timesteps | 3.11e+06 |
| misc/time_elapsed     | 1.3e+03  |
| misc/total_timesteps  | 3.11e+06 |
| ratio_max             | 2.13     |
| ratio_min             | 0.139    |
| ret_avg               | 0.585    |
| ret_max               | 0.932    |
| ret_med               | 0.71     |
| ret_min               | -1.04    |
| ret_var               | 0.139    |
------------------------------------
------------------------------------
| action_max            | 14       |
| action_min            | 0        |
| adv_avg               | -0.985   |
| adv_max               | -0.596   |
| adv_med               | -0.98    |
| adv_min               | -2.58    |
| adv_var               | 0.0113   |
| clipfrac              | 0        |
| curr_lr               | 0.0658   |
| entropy               | 1.14     |
| eplenmean             | 66.9     |
| eprewmean             | 9.7      |
| fps                   | 2.42e+03 |
| grad_norm             | 0.777    |
| kl                    | 0.013    |
| loss_pi               | -0.0627  |
| loss_v                | 0.00851  |
| lr                    | 0.0658   |
| misc/nupdates         | 769      |
| misc/serial_timesteps | 3.15e+06 |
| misc/time_elapsed     | 1.31e+03 |
| misc/total_timesteps  | 3.15e+06 |
| ratio_max             | 1.75     |
| ratio_min             | 0.41     |
| ret_avg               | 0.68     |
| ret_max               | 0.926    |
| ret_med               | 0.721    |
| ret_min               | -1.06    |
| ret_var               | 0.0539   |
------------------------------------
------------------------------------
| action_max            | 14       |
| action_min            | 0        |
| adv_avg               | -1.06    |
| adv_max               | -0.53    |
| adv_med               | -1.05    |
| adv_min               | -2.8     |
| adv_var               | 0.026    |
| clipfrac              | 0        |
| curr_lr               | 0.0439   |
| entropy               | 1.11     |
| eplenmean             | 62.5     |
| eprewmean             | 9.6      |
| fps                   | 2.43e+03 |
| grad_norm             | 0.487    |
| kl                    | 0.0258   |
| loss_pi               | -0.0356  |
| loss_v                | 0.0162   |
| lr                    | 0.0439   |
| misc/nupdates         | 779      |
| misc/serial_timesteps | 3.19e+06 |
| misc/time_elapsed     | 1.33e+03 |
| misc/total_timesteps  | 3.19e+06 |
| ratio_max             | 4.09     |
| ratio_min             | 0.1      |
| ret_avg               | 0.753    |
| ret_max               | 1.03     |
| ret_med               | 0.867    |
| ret_min               | -1.06    |
| ret_var               | 0.0733   |
------------------------------------
------------------------------------
| action_max            | 14       |
| action_min            | 0        |
| adv_avg               | -1.04    |
| adv_max               | -0.116   |
| adv_med               | -1.03    |
| adv_min               | -2.73    |
| adv_var               | 0.0154   |
| clipfrac              | 0        |
| curr_lr               | 0.0439   |
| entropy               | 1.04     |
| eplenmean             | 73.2     |
| eprewmean             | 9.6      |
| fps                   | 2.43e+03 |
| grad_norm             | 0.402    |
| kl                    | 0.0151   |
| loss_pi               | -0.0501  |
| loss_v                | 0.00658  |
| lr                    | 0.0439   |
| misc/nupdates         | 789      |
| misc/serial_timesteps | 3.24e+06 |
| misc/time_elapsed     | 1.35e+03 |
| misc/total_timesteps  | 3.24e+06 |
| ratio_max             | 2.05     |
| ratio_min             | 0.1      |
| ret_avg               | 0.702    |
| ret_max               | 0.918    |
| ret_med               | 0.756    |
| ret_min               | -1.08    |
| ret_var               | 0.054    |
------------------------------------
------------------------------------
| action_max            | 14       |
| action_min            | 0        |
| adv_avg               | -1.06    |
| adv_max               | -0.709   |
| adv_med               | -1.06    |
| adv_min               | -1.33    |
| adv_var               | 0.00309  |
| clipfrac              | 0        |
| curr_lr               | 0.0439   |
| entropy               | 1.04     |
| eplenmean             | 66.3     |
| eprewmean             | 9.9      |
| fps                   | 2.42e+03 |
| grad_norm             | 0.545    |
| kl                    | 0.015    |
| loss_pi               | -0.0643  |
| loss_v                | 0.00266  |
| lr                    | 0.0439   |
| misc/nupdates         | 799      |
| misc/serial_timesteps | 3.28e+06 |
| misc/time_elapsed     | 1.36e+03 |
| misc/total_timesteps  | 3.28e+06 |
| ratio_max             | 2.53     |
| ratio_min             | 0.363    |
| ret_avg               | 0.736    |
| ret_max               | 0.904    |
| ret_med               | 0.765    |
| ret_min               | 0.344    |
| ret_var               | 0.0189   |
------------------------------------
------------------------------------
| action_max            | 14       |
| action_min            | 0        |
| adv_avg               | -1.15    |
| adv_max               | -0.537   |
| adv_med               | -1.15    |
| adv_min               | -1.52    |
| adv_var               | 0.00462  |
| clipfrac              | 0        |
| curr_lr               | 0.0439   |
| entropy               | 0.953    |
| eplenmean             | 73.5     |
| eprewmean             | 10       |
| fps                   | 2.42e+03 |
| grad_norm             | 0.757    |
| kl                    | 0.0148   |
| loss_pi               | -0.136   |
| loss_v                | 0.00552  |
| lr                    | 0.0439   |
| misc/nupdates         | 809      |
| misc/serial_timesteps | 3.32e+06 |
| misc/time_elapsed     | 1.38e+03 |
| misc/total_timesteps  | 3.32e+06 |
| ratio_max             | 1.72     |
| ratio_min             | 0.36     |
| ret_avg               | 0.921    |
| ret_max               | 1.08     |
| ret_med               | 0.91     |
| ret_min               | 0.772    |
| ret_var               | 0.00279  |
------------------------------------
------------------------------------
| action_max            | 14       |
| action_min            | 0        |
| adv_avg               | -1.16    |
| adv_max               | -0.401   |
| adv_med               | -1.17    |
| adv_min               | -1.68    |
| adv_var               | 0.006    |
| clipfrac              | 0        |
| curr_lr               | 0.0439   |
| entropy               | 0.933    |
| eplenmean             | 72.1     |
| eprewmean             | 9.9      |
| fps                   | 2.54e+03 |
| grad_norm             | 0.569    |
| kl                    | 0.0153   |
| loss_pi               | -0.0966  |
| loss_v                | 0.00476  |
| lr                    | 0.0439   |
| misc/nupdates         | 819      |
| misc/serial_timesteps | 3.36e+06 |
| misc/time_elapsed     | 1.4e+03  |
| misc/total_timesteps  | 3.36e+06 |
| ratio_max             | 1.72     |
| ratio_min             | 0.361    |
| ret_avg               | 0.887    |
| ret_max               | 1.11     |
| ret_med               | 0.884    |
| ret_min               | 0.358    |
| ret_var               | 0.00327  |
------------------------------------
------------------------------------
| action_max            | 14       |
| action_min            | 0        |
| adv_avg               | -1.18    |
| adv_max               | -0.899   |
| adv_med               | -1.17    |
| adv_min               | -1.43    |
| adv_var               | 0.00297  |
| clipfrac              | 0        |
| curr_lr               | 0.0439   |
| entropy               | 0.767    |
| eplenmean             | 72.1     |
| eprewmean             | 10       |
| fps                   | 2.42e+03 |
| grad_norm             | 0.674    |
| kl                    | 0.0137   |
| loss_pi               | -0.0968  |
| loss_v                | 0.00367  |
| lr                    | 0.0439   |
| misc/nupdates         | 829      |
| misc/serial_timesteps | 3.4e+06  |
| misc/time_elapsed     | 1.42e+03 |
| misc/total_timesteps  | 3.4e+06  |
| ratio_max             | 4.33     |
| ratio_min             | 0.362    |
| ret_avg               | 0.914    |
| ret_max               | 1.22     |
| ret_med               | 0.907    |
| ret_min               | 0.836    |
| ret_var               | 0.00162  |
------------------------------------
------------------------------------
| action_max            | 14       |
| action_min            | 0        |
| adv_avg               | -1.21    |
| adv_max               | -0.856   |
| adv_med               | -1.2     |
| adv_min               | -3.02    |
| adv_var               | 0.0107   |
| clipfrac              | 0        |
| curr_lr               | 0.0439   |
| entropy               | 0.684    |
| eplenmean             | 78       |
| eprewmean             | 9.9      |
| fps                   | 2.43e+03 |
| grad_norm             | 0.711    |
| kl                    | 0.00878  |
| loss_pi               | 0.000311 |
| loss_v                | 0.00719  |
| lr                    | 0.0439   |
| misc/nupdates         | 839      |
| misc/serial_timesteps | 3.44e+06 |
| misc/time_elapsed     | 1.43e+03 |
| misc/total_timesteps  | 3.44e+06 |
| ratio_max             | 1.39     |
| ratio_min             | 0.394    |
| ret_avg               | 0.93     |
| ret_max               | 1.17     |
| ret_med               | 0.935    |
| ret_min               | -1.14    |
| ret_var               | 0.0128   |
------------------------------------
------------------------------------
| action_max            | 14       |
| action_min            | 0        |
| adv_avg               | -1.21    |
| adv_max               | -0.911   |
| adv_med               | -1.21    |
| adv_min               | -1.42    |
| adv_var               | 0.00258  |
| clipfrac              | 0        |
| curr_lr               | 0.0439   |
| entropy               | 0.651    |
| eplenmean             | 76.1     |
| eprewmean             | 10       |
| fps                   | 2.55e+03 |
| grad_norm             | 0.782    |
| kl                    | 0.0143   |
| loss_pi               | -0.0325  |
| loss_v                | 0.00441  |
| lr                    | 0.0439   |
| misc/nupdates         | 849      |
| misc/serial_timesteps | 3.48e+06 |
| misc/time_elapsed     | 1.45e+03 |
| misc/total_timesteps  | 3.48e+06 |
| ratio_max             | 1.82     |
| ratio_min             | 0.471    |
| ret_avg               | 0.924    |
| ret_max               | 1.08     |
| ret_med               | 0.923    |
| ret_min               | 0.819    |
| ret_var               | 0.00275  |
------------------------------------
------------------------------------
| action_max            | 14       |
| action_min            | 0        |
| adv_avg               | -1.24    |
| adv_max               | -0.946   |
| adv_med               | -1.22    |
| adv_min               | -3.05    |
| adv_var               | 0.0211   |
| clipfrac              | 0        |
| curr_lr               | 0.0439   |
| entropy               | 0.751    |
| eplenmean             | 82.8     |
| eprewmean             | 9.8      |
| fps                   | 2.42e+03 |
| grad_norm             | 1.06     |
| kl                    | 0.00714  |
| loss_pi               | -0.0795  |
| loss_v                | 0.0139   |
| lr                    | 0.0439   |
| misc/nupdates         | 859      |
| misc/serial_timesteps | 3.52e+06 |
| misc/time_elapsed     | 1.47e+03 |
| misc/total_timesteps  | 3.52e+06 |
| ratio_max             | 1.65     |
| ratio_min             | 0.429    |
| ret_avg               | 0.985    |
| ret_max               | 1.33     |
| ret_med               | 0.964    |
| ret_min               | -1.16    |
| ret_var               | 0.0375   |
------------------------------------
------------------------------------
| action_max            | 14       |
| action_min            | 0        |
| adv_avg               | -1.23    |
| adv_max               | -0.908   |
| adv_med               | -1.23    |
| adv_min               | -1.75    |
| adv_var               | 0.00407  |
| clipfrac              | 0        |
| curr_lr               | 0.0439   |
| entropy               | 0.811    |
| eplenmean             | 80.7     |
| eprewmean             | 10       |
| fps                   | 2.44e+03 |
| grad_norm             | 0.761    |
| kl                    | 0.0193   |
| loss_pi               | -0.166   |
| loss_v                | 0.00444  |
| lr                    | 0.0439   |
| misc/nupdates         | 869      |
| misc/serial_timesteps | 3.56e+06 |
| misc/time_elapsed     | 1.48e+03 |
| misc/total_timesteps  | 3.56e+06 |
| ratio_max             | 2.18     |
| ratio_min             | 0.356    |
| ret_avg               | 0.926    |
| ret_max               | 1.11     |
| ret_med               | 0.904    |
| ret_min               | 0.606    |
| ret_var               | 0.00699  |
------------------------------------
------------------------------------
| action_max            | 14       |
| action_min            | 0        |
| adv_avg               | -1.24    |
| adv_max               | -0.743   |
| adv_med               | -1.24    |
| adv_min               | -1.58    |
| adv_var               | 0.00443  |
| clipfrac              | 0        |
| curr_lr               | 0.0439   |
| entropy               | 0.616    |
| eplenmean             | 84.8     |
| eprewmean             | 9.8      |
| fps                   | 2.55e+03 |
| grad_norm             | 0.675    |
| kl                    | 0.016    |
| loss_pi               | -0.0363  |
| loss_v                | 0.00381  |
| lr                    | 0.0439   |
| misc/nupdates         | 879      |
| misc/serial_timesteps | 3.6e+06  |
| misc/time_elapsed     | 1.5e+03  |
| misc/total_timesteps  | 3.6e+06  |
| ratio_max             | 1.91     |
| ratio_min             | 0.264    |
| ret_avg               | 0.861    |
| ret_max               | 1.15     |
| ret_med               | 0.845    |
| ret_min               | -1.18    |
| ret_var               | 0.00826  |
------------------------------------
------------------------------------
| action_max            | 14       |
| action_min            | 0        |
| adv_avg               | -1.29    |
| adv_max               | -0.717   |
| adv_med               | -1.27    |
| adv_min               | -3.44    |
| adv_var               | 0.0282   |
| clipfrac              | 0        |
| curr_lr               | 0.0658   |
| entropy               | 0.681    |
| eplenmean             | 105      |
| eprewmean             | 9.8      |
| fps                   | 2.51e+03 |
| grad_norm             | 1.18     |
| kl                    | 0.0396   |
| loss_pi               | -0.115   |
| loss_v                | 0.0192   |
| lr                    | 0.0658   |
| misc/nupdates         | 889      |
| misc/serial_timesteps | 3.65e+06 |
| misc/time_elapsed     | 1.52e+03 |
| misc/total_timesteps  | 3.65e+06 |
| ratio_max             | 1.6      |
| ratio_min             | 0.15     |
| ret_avg               | 0.919    |
| ret_max               | 1.59     |
| ret_med               | 0.918    |
| ret_min               | -1.19    |
| ret_var               | 0.0428   |
------------------------------------
------------------------------------
| action_max            | 14       |
| action_min            | 0        |
| adv_avg               | -1.24    |
| adv_max               | -0.364   |
| adv_med               | -1.25    |
| adv_min               | -1.5     |
| adv_var               | 0.00488  |
| clipfrac              | 0        |
| curr_lr               | 0.0439   |
| entropy               | 0.936    |
| eplenmean             | 100      |
| eprewmean             | 9.8      |
| fps                   | 2.54e+03 |
| grad_norm             | 0.928    |
| kl                    | 0.0184   |
| loss_pi               | -0.0376  |
| loss_v                | 0.00564  |
| lr                    | 0.0439   |
| misc/nupdates         | 899      |
| misc/serial_timesteps | 3.69e+06 |
| misc/time_elapsed     | 1.53e+03 |
| misc/total_timesteps  | 3.69e+06 |
| ratio_max             | 6.1      |
| ratio_min             | 0.223    |
| ret_avg               | 0.937    |
| ret_max               | 1.2      |
| ret_med               | 0.911    |
| ret_min               | 0.689    |
| ret_var               | 0.0188   |
------------------------------------
------------------------------------
| action_max            | 14       |
| action_min            | 0        |
| adv_avg               | -1.23    |
| adv_max               | -0.689   |
| adv_med               | -1.22    |
| adv_min               | -3.22    |
| adv_var               | 0.0108   |
| clipfrac              | 0        |
| curr_lr               | 0.0293   |
| entropy               | 0.659    |
| eplenmean             | 83.5     |
| eprewmean             | 9.8      |
| fps                   | 2.54e+03 |
| grad_norm             | 0.373    |
| kl                    | 0.00582  |
| loss_pi               | -0.0301  |
| loss_v                | 0.0131   |
| lr                    | 0.0293   |
| misc/nupdates         | 909      |
| misc/serial_timesteps | 3.73e+06 |
| misc/time_elapsed     | 1.55e+03 |
| misc/total_timesteps  | 3.73e+06 |
| ratio_max             | 1.4      |
| ratio_min             | 0.446    |
| ret_avg               | 0.703    |
| ret_max               | 0.817    |
| ret_med               | 0.73     |
| ret_min               | -1.22    |
| ret_var               | 0.0125   |
------------------------------------
------------------------------------
| action_max            | 14       |
| action_min            | 0        |
| adv_avg               | -1.2     |
| adv_max               | -0.627   |
| adv_med               | -1.2     |
| adv_min               | -3.05    |
| adv_var               | 0.0105   |
| clipfrac              | 0        |
| curr_lr               | 0.0293   |
| entropy               | 0.593    |
| eplenmean             | 75.8     |
| eprewmean             | 9.9      |
| fps                   | 2.43e+03 |
| grad_norm             | 0.541    |
| kl                    | 0.00764  |
| loss_pi               | -0.044   |
| loss_v                | 0.00815  |
| lr                    | 0.0293   |
| misc/nupdates         | 919      |
| misc/serial_timesteps | 3.77e+06 |
| misc/time_elapsed     | 1.56e+03 |
| misc/total_timesteps  | 3.77e+06 |
| ratio_max             | 1.58     |
| ratio_min             | 0.409    |
| ret_avg               | 0.602    |
| ret_max               | 0.852    |
| ret_med               | 0.61     |
| ret_min               | -1.23    |
| ret_var               | 0.0246   |
------------------------------------
------------------------------------
| action_max            | 14       |
| action_min            | 0        |
| adv_avg               | -1.21    |
| adv_max               | -0.893   |
| adv_med               | -1.21    |
| adv_min               | -1.48    |
| adv_var               | 0.00303  |
| clipfrac              | 0        |
| curr_lr               | 0.0439   |
| entropy               | 0.564    |
| eplenmean             | 71.6     |
| eprewmean             | 9.9      |
| fps                   | 2.43e+03 |
| grad_norm             | 0.981    |
| kl                    | 0.0131   |
| loss_pi               | -0.0934  |
| loss_v                | 0.00534  |
| lr                    | 0.0439   |
| misc/nupdates         | 929      |
| misc/serial_timesteps | 3.81e+06 |
| misc/time_elapsed     | 1.58e+03 |
| misc/total_timesteps  | 3.81e+06 |
| ratio_max             | 2        |
| ratio_min             | 0.521    |
| ret_avg               | 0.604    |
| ret_max               | 0.793    |
| ret_med               | 0.622    |
| ret_min               | 0.221    |
| ret_var               | 0.0154   |
------------------------------------
------------------------------------
| action_max            | 14       |
| action_min            | 0        |
| adv_avg               | -1.19    |
| adv_max               | -0.428   |
| adv_med               | -1.2     |
| adv_min               | -1.54    |
| adv_var               | 0.00468  |
| clipfrac              | 0        |
| curr_lr               | 0.0439   |
| entropy               | 0.645    |
| eplenmean             | 65.1     |
| eprewmean             | 9.9      |
| fps                   | 2.43e+03 |
| grad_norm             | 0.59     |
| kl                    | 0.0149   |
| loss_pi               | -0.0986  |
| loss_v                | 0.00327  |
| lr                    | 0.0439   |
| misc/nupdates         | 939      |
| misc/serial_timesteps | 3.85e+06 |
| misc/time_elapsed     | 1.6e+03  |
| misc/total_timesteps  | 3.85e+06 |
| ratio_max             | 1.9      |
| ratio_min             | 0.327    |
| ret_avg               | 0.537    |
| ret_max               | 0.783    |
| ret_med               | 0.556    |
| ret_min               | 0.144    |
| ret_var               | 0.0314   |
------------------------------------
------------------------------------
| action_max            | 14       |
| action_min            | 0        |
| adv_avg               | -1.21    |
| adv_max               | -0.668   |
| adv_med               | -1.2     |
| adv_min               | -2.89    |
| adv_var               | 0.0145   |
| clipfrac              | 0        |
| curr_lr               | 0.0439   |
| entropy               | 0.682    |
| eplenmean             | 63.4     |
| eprewmean             | 9.8      |
| fps                   | 2.42e+03 |
| grad_norm             | 0.582    |
| kl                    | 0.0101   |
| loss_pi               | -0.0827  |
| loss_v                | 0.00536  |
| lr                    | 0.0439   |
| misc/nupdates         | 949      |
| misc/serial_timesteps | 3.89e+06 |
| misc/time_elapsed     | 1.61e+03 |
| misc/total_timesteps  | 3.89e+06 |
| ratio_max             | 1.89     |
| ratio_min             | 0.471    |
| ret_avg               | 0.563    |
| ret_max               | 0.782    |
| ret_med               | 0.62     |
| ret_min               | -1.26    |
| ret_var               | 0.0504   |
------------------------------------
------------------------------------
| action_max            | 14       |
| action_min            | 0        |
| adv_avg               | -1.27    |
| adv_max               | -0.519   |
| adv_med               | -1.26    |
| adv_min               | -2.86    |
| adv_var               | 0.02     |
| clipfrac              | 0        |
| curr_lr               | 0.0439   |
| entropy               | 0.686    |
| eplenmean             | 66.3     |
| eprewmean             | 9.6      |
| fps                   | 2.54e+03 |
| grad_norm             | 0.59     |
| kl                    | 0.015    |
| loss_pi               | -0.08    |
| loss_v                | 0.00661  |
| lr                    | 0.0439   |
| misc/nupdates         | 959      |
| misc/serial_timesteps | 3.93e+06 |
| misc/time_elapsed     | 1.63e+03 |
| misc/total_timesteps  | 3.93e+06 |
| ratio_max             | 5.2      |
| ratio_min             | 0.245    |
| ret_avg               | 0.633    |
| ret_max               | 0.82     |
| ret_med               | 0.697    |
| ret_min               | -1.27    |
| ret_var               | 0.0394   |
------------------------------------
------------------------------------
| action_max            | 14       |
| action_min            | 0        |
| adv_avg               | -1.31    |
| adv_max               | -0.394   |
| adv_med               | -1.29    |
| adv_min               | -2.92    |
| adv_var               | 0.0224   |
| clipfrac              | 0        |
| curr_lr               | 0.0439   |
| entropy               | 0.655    |
| eplenmean             | 70       |
| eprewmean             | 9.6      |
| fps                   | 2.42e+03 |
| grad_norm             | 0.528    |
| kl                    | 0.013    |
| loss_pi               | -0.0841  |
| loss_v                | 0.00792  |
| lr                    | 0.0439   |
| misc/nupdates         | 969      |
| misc/serial_timesteps | 3.97e+06 |
| misc/time_elapsed     | 1.65e+03 |
| misc/total_timesteps  | 3.97e+06 |
| ratio_max             | 3.23     |
| ratio_min             | 0.131    |
| ret_avg               | 0.615    |
| ret_max               | 0.785    |
| ret_med               | 0.699    |
| ret_min               | -1.28    |
| ret_var               | 0.0743   |
------------------------------------
------------------------------------
| action_max            | 14       |
| action_min            | 0        |
| adv_avg               | -1.35    |
| adv_max               | -0.472   |
| adv_med               | -1.35    |
| adv_min               | -1.76    |
| adv_var               | 0.00368  |
| clipfrac              | 0        |
| curr_lr               | 0.0439   |
| entropy               | 0.575    |
| eplenmean             | 67.6     |
| eprewmean             | 10       |
| fps                   | 2.42e+03 |
| grad_norm             | 0.794    |
| kl                    | 0.0135   |
| loss_pi               | -0.049   |
| loss_v                | 0.00503  |
| lr                    | 0.0439   |
| misc/nupdates         | 979      |
| misc/serial_timesteps | 4.01e+06 |
| misc/time_elapsed     | 1.66e+03 |
| misc/total_timesteps  | 4.01e+06 |
| ratio_max             | 1.79     |
| ratio_min             | 0.354    |
| ret_avg               | 0.795    |
| ret_max               | 0.942    |
| ret_med               | 0.784    |
| ret_min               | 0.576    |
| ret_var               | 0.00218  |
------------------------------------
------------------------------------
| action_max            | 14       |
| action_min            | 0        |
| adv_avg               | -1.37    |
| adv_max               | -0.939   |
| adv_med               | -1.37    |
| adv_min               | -3.37    |
| adv_var               | 0.0124   |
| clipfrac              | 0        |
| curr_lr               | 0.0439   |
| entropy               | 0.437    |
| eplenmean             | 73.6     |
| eprewmean             | 9.9      |
| fps                   | 2.42e+03 |
| grad_norm             | 0.884    |
| kl                    | 0.0137   |
| loss_pi               | -0.0519  |
| loss_v                | 0.00873  |
| lr                    | 0.0439   |
| misc/nupdates         | 989      |
| misc/serial_timesteps | 4.06e+06 |
| misc/time_elapsed     | 1.68e+03 |
| misc/total_timesteps  | 4.06e+06 |
| ratio_max             | 2.01     |
| ratio_min             | 0.238    |
| ret_avg               | 0.8      |
| ret_max               | 0.997    |
| ret_med               | 0.808    |
| ret_min               | -1.3     |
| ret_var               | 0.013    |
------------------------------------
------------------------------------
| action_max            | 14       |
| action_min            | 0        |
| adv_avg               | -1.31    |
| adv_max               | -0.918   |
| adv_med               | -1.32    |
| adv_min               | -1.54    |
| adv_var               | 0.00264  |
| clipfrac              | 0        |
| curr_lr               | 0.0293   |
| entropy               | 0.524    |
| eplenmean             | 76.1     |
| eprewmean             | 9.9      |
| fps                   | 2.44e+03 |
| grad_norm             | 0.571    |
| kl                    | 0.0166   |
| loss_pi               | -0.0443  |
| loss_v                | 0.00256  |
| lr                    | 0.0293   |
| misc/nupdates         | 999      |
| misc/serial_timesteps | 4.1e+06  |
| misc/time_elapsed     | 1.7e+03  |
| misc/total_timesteps  | 4.1e+06  |
| ratio_max             | 2.18     |
| ratio_min             | 0.355    |
| ret_avg               | 0.652    |
| ret_max               | 0.752    |
| ret_med               | 0.649    |
| ret_min               | 0.521    |
| ret_var               | 0.0025   |
------------------------------------
------------------------------------
| action_max            | 14       |
| action_min            | 0        |
| adv_avg               | -1.37    |
| adv_max               | -0.711   |
| adv_med               | -1.35    |
| adv_min               | -3.36    |
| adv_var               | 0.0198   |
| clipfrac              | 0        |
| curr_lr               | 0.0293   |
| entropy               | 0.454    |
| eplenmean             | 66.2     |
| eprewmean             | 9.8      |
| fps                   | 2.42e+03 |
| grad_norm             | 0.479    |
| kl                    | 0.00904  |
| loss_pi               | -0.0457  |
| loss_v                | 0.014    |
| lr                    | 0.0293   |
| misc/nupdates         | 1.01e+03 |
| misc/serial_timesteps | 4.14e+06 |
| misc/time_elapsed     | 1.71e+03 |
| misc/total_timesteps  | 4.14e+06 |
| ratio_max             | 1.77     |
| ratio_min             | 0.61     |
| ret_avg               | 0.704    |
| ret_max               | 0.983    |
| ret_med               | 0.741    |
| ret_min               | -1.32    |
| ret_var               | 0.0359   |
------------------------------------
------------------------------------
| action_max            | 14       |
| action_min            | 0        |
| adv_avg               | -1.3     |
| adv_max               | -1.11    |
| adv_med               | -1.3     |
| adv_min               | -1.52    |
| adv_var               | 0.0019   |
| clipfrac              | 0        |
| curr_lr               | 0.0293   |
| entropy               | 0.505    |
| eplenmean             | 60.7     |
| eprewmean             | 10       |
| fps                   | 2.41e+03 |
| grad_norm             | 0.668    |
| kl                    | 0.02     |
| loss_pi               | -0.142   |
| loss_v                | 0.00265  |
| lr                    | 0.0293   |
| misc/nupdates         | 1.02e+03 |
| misc/serial_timesteps | 4.18e+06 |
| misc/time_elapsed     | 1.73e+03 |
| misc/total_timesteps  | 4.18e+06 |
| ratio_max             | 2.23     |
| ratio_min             | 0.309    |
| ret_avg               | 0.574    |
| ret_max               | 0.743    |
| ret_med               | 0.583    |
| ret_min               | 0.306    |
| ret_var               | 0.0114   |
------------------------------------
------------------------------------
| action_max            | 14       |
| action_min            | 0        |
| adv_avg               | -1.31    |
| adv_max               | -0.452   |
| adv_med               | -1.31    |
| adv_min               | -1.62    |
| adv_var               | 0.00415  |
| clipfrac              | 0        |
| curr_lr               | 0.0293   |
| entropy               | 0.51     |
| eplenmean             | 73.8     |
| eprewmean             | 9.9      |
| fps                   | 2.47e+03 |
| grad_norm             | 0.649    |
| kl                    | 0.0217   |
| loss_pi               | -0.117   |
| loss_v                | 0.00372  |
| lr                    | 0.0293   |
| misc/nupdates         | 1.03e+03 |
| misc/serial_timesteps | 4.22e+06 |
| misc/time_elapsed     | 1.75e+03 |
| misc/total_timesteps  | 4.22e+06 |
| ratio_max             | 2.72     |
| ratio_min             | 0.303    |
| ret_avg               | 0.517    |
| ret_max               | 0.738    |
| ret_med               | 0.552    |
| ret_min               | 0.133    |
| ret_var               | 0.0282   |
------------------------------------
------------------------------------
| action_max            | 14       |
| action_min            | 0        |
| adv_avg               | -1.31    |
| adv_max               | -0.0947  |
| adv_med               | -1.31    |
| adv_min               | -3.04    |
| adv_var               | 0.0134   |
| clipfrac              | 0        |
| curr_lr               | 0.0293   |
| entropy               | 0.543    |
| eplenmean             | 67.4     |
| eprewmean             | 9.6      |
| fps                   | 2.47e+03 |
| grad_norm             | 0.348    |
| kl                    | 0.00893  |
| loss_pi               | -0.0558  |
| loss_v                | 0.00272  |
| lr                    | 0.0293   |
| misc/nupdates         | 1.04e+03 |
| misc/serial_timesteps | 4.26e+06 |
| misc/time_elapsed     | 1.76e+03 |
| misc/total_timesteps  | 4.26e+06 |
| ratio_max             | 2.24     |
| ratio_min             | 0.412    |
| ret_avg               | 0.517    |
| ret_max               | 0.735    |
| ret_med               | 0.54     |
| ret_min               | -1.35    |
| ret_var               | 0.0322   |
------------------------------------
------------------------------------
| action_max            | 14       |
| action_min            | 0        |
| adv_avg               | -1.37    |
| adv_max               | -0.699   |
| adv_med               | -1.35    |
| adv_min               | -3.34    |
| adv_var               | 0.0224   |
| clipfrac              | 0        |
| curr_lr               | 0.0293   |
| entropy               | 0.508    |
| eplenmean             | 67.1     |
| eprewmean             | 9.7      |
| fps                   | 2.48e+03 |
| grad_norm             | 0.584    |
| kl                    | 0.0105   |
| loss_pi               | 0.000154 |
| loss_v                | 0.0119   |
| lr                    | 0.0293   |
| misc/nupdates         | 1.05e+03 |
| misc/serial_timesteps | 4.3e+06  |
| misc/time_elapsed     | 1.78e+03 |
| misc/total_timesteps  | 4.3e+06  |
| ratio_max             | 9.83     |
| ratio_min             | 0.279    |
| ret_avg               | 0.613    |
| ret_max               | 0.778    |
| ret_med               | 0.68     |
| ret_min               | -1.36    |
| ret_var               | 0.0345   |
------------------------------------
------------------------------------
| action_max            | 14       |
| action_min            | 0        |
| adv_avg               | -1.37    |
| adv_max               | -0.613   |
| adv_med               | -1.37    |
| adv_min               | -2.87    |
| adv_var               | 0.0102   |
| clipfrac              | 0        |
| curr_lr               | 0.0293   |
| entropy               | 0.444    |
| eplenmean             | 73       |
| eprewmean             | 9.8      |
| fps                   | 2.38e+03 |
| grad_norm             | 0.687    |
| kl                    | 0.00637  |
| loss_pi               | -0.117   |
| loss_v                | 0.00372  |
| lr                    | 0.0293   |
| misc/nupdates         | 1.06e+03 |
| misc/serial_timesteps | 4.34e+06 |
| misc/time_elapsed     | 1.8e+03  |
| misc/total_timesteps  | 4.34e+06 |
| ratio_max             | 1.82     |
| ratio_min             | 0.439    |
| ret_avg               | 0.594    |
| ret_max               | 0.759    |
| ret_med               | 0.623    |
| ret_min               | -1.37    |
| ret_var               | 0.0298   |
------------------------------------
------------------------------------
| action_max            | 14       |
| action_min            | 0        |
| adv_avg               | -1.4     |
| adv_max               | -0.871   |
| adv_med               | -1.38    |
| adv_min               | -3.43    |
| adv_var               | 0.0254   |
| clipfrac              | 0        |
| curr_lr               | 0.0195   |
| entropy               | 0.421    |
| eplenmean             | 62       |
| eprewmean             | 9.5      |
| fps                   | 2.46e+03 |
| grad_norm             | 0.336    |
| kl                    | 0.00576  |
| loss_pi               | -0.0744  |
| loss_v                | 0.00511  |
| lr                    | 0.0195   |
| misc/nupdates         | 1.07e+03 |
| misc/serial_timesteps | 4.38e+06 |
| misc/time_elapsed     | 1.82e+03 |
| misc/total_timesteps  | 4.38e+06 |
| ratio_max             | 1.71     |
| ratio_min             | 0.327    |
| ret_avg               | 0.605    |
| ret_max               | 0.74     |
| ret_med               | 0.66     |
| ret_min               | -1.38    |
| ret_var               | 0.0452   |
------------------------------------
------------------------------------
| action_max            | 14       |
| action_min            | 0        |
| adv_avg               | -1.37    |
| adv_max               | -0.875   |
| adv_med               | -1.35    |
| adv_min               | -3.13    |
| adv_var               | 0.0191   |
| clipfrac              | 0        |
| curr_lr               | 0.0293   |
| entropy               | 0.465    |
| eplenmean             | 67.2     |
| eprewmean             | 9.8      |
| fps                   | 2.39e+03 |
| grad_norm             | 0.648    |
| kl                    | 0.00534  |
| loss_pi               | -0.0364  |
| loss_v                | 0.0149   |
| lr                    | 0.0293   |
| misc/nupdates         | 1.08e+03 |
| misc/serial_timesteps | 4.42e+06 |
| misc/time_elapsed     | 1.83e+03 |
| misc/total_timesteps  | 4.42e+06 |
| ratio_max             | 2.02     |
| ratio_min             | 0.421    |
| ret_avg               | 0.516    |
| ret_max               | 0.723    |
| ret_med               | 0.548    |
| ret_min               | -1.39    |
| ret_var               | 0.0383   |
------------------------------------
------------------------------------
| action_max            | 14       |
| action_min            | 0        |
| adv_avg               | -1.37    |
| adv_max               | -0.934   |
| adv_med               | -1.36    |
| adv_min               | -3.07    |
| adv_var               | 0.012    |
| clipfrac              | 0        |
| curr_lr               | 0.0293   |
| entropy               | 0.43     |
| eplenmean             | 67.2     |
| eprewmean             | 9.9      |
| fps                   | 2.37e+03 |
| grad_norm             | 0.751    |
| kl                    | 0.0106   |
| loss_pi               | -0.0293  |
| loss_v                | 0.0106   |
| lr                    | 0.0293   |
| misc/nupdates         | 1.09e+03 |
| misc/serial_timesteps | 4.46e+06 |
| misc/time_elapsed     | 1.85e+03 |
| misc/total_timesteps  | 4.46e+06 |
| ratio_max             | 1.4      |
| ratio_min             | 0.1      |
| ret_avg               | 0.535    |
| ret_max               | 0.726    |
| ret_med               | 0.564    |
| ret_min               | -1.4     |
| ret_var               | 0.0263   |
------------------------------------
------------------------------------
| action_max            | 14       |
| action_min            | 0        |
| adv_avg               | -1.39    |
| adv_max               | -1.04    |
| adv_med               | -1.38    |
| adv_min               | -1.84    |
| adv_var               | 0.00338  |
| clipfrac              | 0        |
| curr_lr               | 0.0293   |
| entropy               | 0.5      |
| eplenmean             | 71.7     |
| eprewmean             | 9.9      |
| fps                   | 2.44e+03 |
| grad_norm             | 0.567    |
| kl                    | 0.0164   |
| loss_pi               | -0.121   |
| loss_v                | 0.00238  |
| lr                    | 0.0293   |
| misc/nupdates         | 1.1e+03  |
| misc/serial_timesteps | 4.51e+06 |
| misc/time_elapsed     | 1.87e+03 |
| misc/total_timesteps  | 4.51e+06 |
| ratio_max             | 2.13     |
| ratio_min             | 0.319    |
| ret_avg               | 0.584    |
| ret_max               | 0.787    |
| ret_med               | 0.62     |
| ret_min               | 0.168    |
| ret_var               | 0.0159   |
------------------------------------
------------------------------------
| action_max            | 14       |
| action_min            | 0        |
| adv_avg               | -1.38    |
| adv_max               | -0.869   |
| adv_med               | -1.38    |
| adv_min               | -3.06    |
| adv_var               | 0.00419  |
| clipfrac              | 0        |
| curr_lr               | 0.0293   |
| entropy               | 0.589    |
| eplenmean             | 71.1     |
| eprewmean             | 9.9      |
| fps                   | 2.47e+03 |
| grad_norm             | 0.461    |
| kl                    | 0.0105   |
| loss_pi               | -0.103   |
| loss_v                | 0.00335  |
| lr                    | 0.0293   |
| misc/nupdates         | 1.11e+03 |
| misc/serial_timesteps | 4.55e+06 |
| misc/time_elapsed     | 1.88e+03 |
| misc/total_timesteps  | 4.55e+06 |
| ratio_max             | 2.08     |
| ratio_min             | 0.224    |
| ret_avg               | 0.516    |
| ret_max               | 0.724    |
| ret_med               | 0.538    |
| ret_min               | -1.42    |
| ret_var               | 0.0211   |
------------------------------------
------------------------------------
| action_max            | 14       |
| action_min            | 0        |
| adv_avg               | -1.4     |
| adv_max               | -0.778   |
| adv_med               | -1.4     |
| adv_min               | -3.05    |
| adv_var               | 0.0122   |
| clipfrac              | 0        |
| curr_lr               | 0.0293   |
| entropy               | 0.53     |
| eplenmean             | 64.1     |
| eprewmean             | 9.8      |
| fps                   | 2.45e+03 |
| grad_norm             | 0.792    |
| kl                    | 0.00715  |
| loss_pi               | -0.0587  |
| loss_v                | 0.0184   |
| lr                    | 0.0293   |
| misc/nupdates         | 1.12e+03 |
| misc/serial_timesteps | 4.59e+06 |
| misc/time_elapsed     | 1.9e+03  |
| misc/total_timesteps  | 4.59e+06 |
| ratio_max             | 1.5      |
| ratio_min             | 0.286    |
| ret_avg               | 0.551    |
| ret_max               | 0.71     |
| ret_med               | 0.596    |
| ret_min               | -1.43    |
| ret_var               | 0.0274   |
------------------------------------
------------------------------------
| action_max            | 14       |
| action_min            | 0        |
| adv_avg               | -1.48    |
| adv_max               | -0.77    |
| adv_med               | -1.48    |
| adv_min               | -1.74    |
| adv_var               | 0.00289  |
| clipfrac              | 0        |
| curr_lr               | 0.0293   |
| entropy               | 0.407    |
| eplenmean             | 56.8     |
| eprewmean             | 10       |
| fps                   | 2.38e+03 |
| grad_norm             | 0.787    |
| kl                    | 0.0106   |
| loss_pi               | -0.0561  |
| loss_v                | 0.00329  |
| lr                    | 0.0293   |
| misc/nupdates         | 1.13e+03 |
| misc/serial_timesteps | 4.63e+06 |
| misc/time_elapsed     | 1.92e+03 |
| misc/total_timesteps  | 4.63e+06 |
| ratio_max             | 1.84     |
| ratio_min             | 0.384    |
| ret_avg               | 0.716    |
| ret_max               | 0.854    |
| ret_med               | 0.717    |
| ret_min               | 0.601    |
| ret_var               | 0.000691 |
------------------------------------
------------------------------------
| action_max            | 14       |
| action_min            | 0        |
| adv_avg               | -1.49    |
| adv_max               | -0.814   |
| adv_med               | -1.5     |
| adv_min               | -1.92    |
| adv_var               | 0.00631  |
| clipfrac              | 0        |
| curr_lr               | 0.0658   |
| entropy               | 0.437    |
| eplenmean             | 64.4     |
| eprewmean             | 10       |
| fps                   | 2.46e+03 |
| grad_norm             | 1.12     |
| kl                    | 0.0361   |
| loss_pi               | -0.0794  |
| loss_v                | 0.00945  |
| lr                    | 0.0658   |
| misc/nupdates         | 1.14e+03 |
| misc/serial_timesteps | 4.67e+06 |
| misc/time_elapsed     | 1.93e+03 |
| misc/total_timesteps  | 4.67e+06 |
| ratio_max             | 2.26     |
| ratio_min             | 0.1      |
| ret_avg               | 0.668    |
| ret_max               | 0.853    |
| ret_med               | 0.664    |
| ret_min               | 0.493    |
| ret_var               | 0.00167  |
------------------------------------
------------------------------------
| action_max            | 14       |
| action_min            | 0        |
| adv_avg               | -1.45    |
| adv_max               | -0.836   |
| adv_med               | -1.45    |
| adv_min               | -1.66    |
| adv_var               | 0.00231  |
| clipfrac              | 0        |
| curr_lr               | 0.0293   |
| entropy               | 0.463    |
| eplenmean             | 64.8     |
| eprewmean             | 9.9      |
| fps                   | 2.46e+03 |
| grad_norm             | 0.281    |
| kl                    | 0.0202   |
| loss_pi               | -0.0878  |
| loss_v                | 0.00082  |
| lr                    | 0.0293   |
| misc/nupdates         | 1.15e+03 |
| misc/serial_timesteps | 4.71e+06 |
| misc/time_elapsed     | 1.95e+03 |
| misc/total_timesteps  | 4.71e+06 |
| ratio_max             | 2.92     |
| ratio_min             | 0.326    |
| ret_avg               | 0.594    |
| ret_max               | 0.7      |
| ret_med               | 0.589    |
| ret_min               | 0.448    |
| ret_var               | 0.00416  |
------------------------------------
------------------------------------
| action_max            | 14       |
| action_min            | 0        |
| adv_avg               | -1.49    |
| adv_max               | -0.908   |
| adv_med               | -1.48    |
| adv_min               | -3.58    |
| adv_var               | 0.0196   |
| clipfrac              | 0        |
| curr_lr               | 0.0293   |
| entropy               | 0.379    |
| eplenmean             | 66.8     |
| eprewmean             | 9.7      |
| fps                   | 2.4e+03  |
| grad_norm             | 0.654    |
| kl                    | 0.0102   |
| loss_pi               | 0.00838  |
| loss_v                | 0.0182   |
| lr                    | 0.0293   |
| misc/nupdates         | 1.16e+03 |
| misc/serial_timesteps | 4.75e+06 |
| misc/time_elapsed     | 1.97e+03 |
| misc/total_timesteps  | 4.75e+06 |
| ratio_max             | 1.89     |
| ratio_min             | 0.45     |
| ret_avg               | 0.618    |
| ret_max               | 0.752    |
| ret_med               | 0.65     |
| ret_min               | -1.46    |
| ret_var               | 0.0273   |
------------------------------------
------------------------------------
| action_max            | 14       |
| action_min            | 0        |
| adv_avg               | -1.53    |
| adv_max               | -1.17    |
| adv_med               | -1.5     |
| adv_min               | -3.47    |
| adv_var               | 0.0316   |
| clipfrac              | 0        |
| curr_lr               | 0.0293   |
| entropy               | 0.437    |
| eplenmean             | 58.7     |
| eprewmean             | 9.6      |
| fps                   | 2.37e+03 |
| grad_norm             | 0.506    |
| kl                    | 0.0108   |
| loss_pi               | -0.074   |
| loss_v                | 0.0179   |
| lr                    | 0.0293   |
| misc/nupdates         | 1.17e+03 |
| misc/serial_timesteps | 4.79e+06 |
| misc/time_elapsed     | 1.99e+03 |
| misc/total_timesteps  | 4.79e+06 |
| ratio_max             | 3.77     |
| ratio_min             | 0.247    |
| ret_avg               | 0.632    |
| ret_max               | 0.764    |
| ret_med               | 0.684    |
| ret_min               | -1.47    |
| ret_var               | 0.0619   |
------------------------------------
------------------------------------
| action_max            | 14       |
| action_min            | 0        |
| adv_avg               | -1.44    |
| adv_max               | -1.16    |
| adv_med               | -1.44    |
| adv_min               | -3.07    |
| adv_var               | 0.00867  |
| clipfrac              | 0        |
| curr_lr               | 0.0439   |
| entropy               | 0.504    |
| eplenmean             | 71.8     |
| eprewmean             | 9.9      |
| fps                   | 2.39e+03 |
| grad_norm             | 0.844    |
| kl                    | 0.0153   |
| loss_pi               | -0.089   |
| loss_v                | 0.00546  |
| lr                    | 0.0439   |
| misc/nupdates         | 1.18e+03 |
| misc/serial_timesteps | 4.83e+06 |
| misc/time_elapsed     | 2e+03    |
| misc/total_timesteps  | 4.83e+06 |
| ratio_max             | 1.87     |
| ratio_min             | 0.337    |
| ret_avg               | 0.474    |
| ret_max               | 0.686    |
| ret_med               | 0.478    |
| ret_min               | -1.48    |
| ret_var               | 0.0235   |
------------------------------------
------------------------------------
| action_max            | 14       |
| action_min            | 0        |
| adv_avg               | -1.46    |
| adv_max               | -0.768   |
| adv_med               | -1.46    |
| adv_min               | -1.75    |
| adv_var               | 0.00697  |
| clipfrac              | 0        |
| curr_lr               | 0.0439   |
| entropy               | 0.566    |
| eplenmean             | 71       |
| eprewmean             | 9.8      |
| fps                   | 2.41e+03 |
| grad_norm             | 0.507    |
| kl                    | 0.0349   |
| loss_pi               | -0.0256  |
| loss_v                | 0.00336  |
| lr                    | 0.0439   |
| misc/nupdates         | 1.19e+03 |
| misc/serial_timesteps | 4.87e+06 |
| misc/time_elapsed     | 2.02e+03 |
| misc/total_timesteps  | 4.87e+06 |
| ratio_max             | 2.23     |
| ratio_min             | 0.14     |
| ret_avg               | 0.534    |
| ret_max               | 0.776    |
| ret_med               | 0.546    |
| ret_min               | 0.191    |
| ret_var               | 0.0177   |
------------------------------------
------------------------------------
| action_max            | 14       |
| action_min            | 0        |
| adv_avg               | -1.52    |
| adv_max               | -1.31    |
| adv_med               | -1.52    |
| adv_min               | -1.88    |
| adv_var               | 0.00197  |
| clipfrac              | 0        |
| curr_lr               | 0.0293   |
| entropy               | 0.361    |
| eplenmean             | 58.9     |
| eprewmean             | 10       |
| fps                   | 2.38e+03 |
| grad_norm             | 0.698    |
| kl                    | 0.0151   |
| loss_pi               | -0.13    |
| loss_v                | 0.00299  |
| lr                    | 0.0293   |
| misc/nupdates         | 1.2e+03  |
| misc/serial_timesteps | 4.92e+06 |
| misc/time_elapsed     | 2.04e+03 |
| misc/total_timesteps  | 4.92e+06 |
| ratio_max             | 1.73     |
| ratio_min             | 0.286    |
| ret_avg               | 0.659    |
| ret_max               | 0.753    |
| ret_med               | 0.67     |
| ret_min               | 0.495    |
| ret_var               | 0.00113  |
------------------------------------
------------------------------------
| action_max            | 14       |
| action_min            | 0        |
| adv_avg               | -1.57    |
| adv_max               | -1.36    |
| adv_med               | -1.57    |
| adv_min               | -1.82    |
| adv_var               | 0.00214  |
| clipfrac              | 0        |
| curr_lr               | 0.0439   |
| entropy               | 0.302    |
| eplenmean             | 62       |
| eprewmean             | 10       |
| fps                   | 2.38e+03 |
| grad_norm             | 0.926    |
| kl                    | 0.0196   |
| loss_pi               | -0.0995  |
| loss_v                | 0.00533  |
| lr                    | 0.0439   |
| misc/nupdates         | 1.21e+03 |
| misc/serial_timesteps | 4.96e+06 |
| misc/time_elapsed     | 2.05e+03 |
| misc/total_timesteps  | 4.96e+06 |
| ratio_max             | 2.34     |
| ratio_min             | 0.195    |
| ret_avg               | 0.722    |
| ret_max               | 0.86     |
| ret_med               | 0.722    |
| ret_min               | 0.662    |
| ret_var               | 0.00112  |
------------------------------------
------------------------------------
| action_max            | 14       |
| action_min            | 0        |
| adv_avg               | -1.56    |
| adv_max               | -1.21    |
| adv_med               | -1.56    |
| adv_min               | -1.82    |
| adv_var               | 0.00376  |
| clipfrac              | 0        |
| curr_lr               | 0.0439   |
| entropy               | 0.406    |
| eplenmean             | 60.7     |
| eprewmean             | 9.9      |
| fps                   | 2.38e+03 |
| grad_norm             | 0.7      |
| kl                    | 0.0327   |
| loss_pi               | -0.0686  |
| loss_v                | 0.00394  |
| lr                    | 0.0439   |
| misc/nupdates         | 1.22e+03 |
| misc/serial_timesteps | 5e+06    |
| misc/time_elapsed     | 2.07e+03 |
| misc/total_timesteps  | 5e+06    |
| ratio_max             | 9.73     |
| ratio_min             | 0.232    |
| ret_avg               | 0.66     |
| ret_max               | 0.797    |
| ret_med               | 0.678    |
| ret_min               | 0.506    |
| ret_var               | 0.00255  |
------------------------------------
------------------------------------
| action_max            | 14       |
| action_min            | 0        |
| adv_avg               | -1.59    |
| adv_max               | -1.28    |
| adv_med               | -1.59    |
| adv_min               | -1.91    |
| adv_var               | 0.00194  |
| clipfrac              | 0        |
| curr_lr               | 0.0439   |
| entropy               | 0.325    |
| eplenmean             | 62.2     |
| eprewmean             | 10       |
| fps                   | 2.37e+03 |
| grad_norm             | 0.772    |
| kl                    | 0.0144   |
| loss_pi               | -0.0972  |
| loss_v                | 0.00419  |
| lr                    | 0.0439   |
| misc/nupdates         | 1.23e+03 |
| misc/serial_timesteps | 5.04e+06 |
| misc/time_elapsed     | 2.09e+03 |
| misc/total_timesteps  | 5.04e+06 |
| ratio_max             | 2.54     |
| ratio_min             | 0.336    |
| ret_avg               | 0.713    |
| ret_max               | 0.875    |
| ret_med               | 0.707    |
| ret_min               | 0.66     |
| ret_var               | 0.00102  |
------------------------------------
------------------------------------
| action_max            | 14       |
| action_min            | 0        |
| adv_avg               | -1.58    |
| adv_max               | -1.34    |
| adv_med               | -1.57    |
| adv_min               | -3.55    |
| adv_var               | 0.0209   |
| clipfrac              | 0        |
| curr_lr               | 0.0195   |
| entropy               | 0.316    |
| eplenmean             | 62.4     |
| eprewmean             | 9.8      |
| fps                   | 2.41e+03 |
| grad_norm             | 0.464    |
| kl                    | 0.0114   |
| loss_pi               | -0.0388  |
| loss_v                | 0.0128   |
| lr                    | 0.0195   |
| misc/nupdates         | 1.24e+03 |
| misc/serial_timesteps | 5.08e+06 |
| misc/time_elapsed     | 2.11e+03 |
| misc/total_timesteps  | 5.08e+06 |
| ratio_max             | 1.69     |
| ratio_min             | 0.29     |
| ret_avg               | 0.618    |
| ret_max               | 0.732    |
| ret_med               | 0.637    |
| ret_min               | -1.54    |
| ret_var               | 0.0254   |
------------------------------------
------------------------------------
| action_max            | 14       |
| action_min            | 0        |
| adv_avg               | -1.55    |
| adv_max               | -1.33    |
| adv_med               | -1.54    |
| adv_min               | -1.76    |
| adv_var               | 0.00158  |
| clipfrac              | 0        |
| curr_lr               | 0.0195   |
| entropy               | 0.367    |
| eplenmean             | 59.9     |
| eprewmean             | 10       |
| fps                   | 2.39e+03 |
| grad_norm             | 0.251    |
| kl                    | 0.00947  |
| loss_pi               | -0.12    |
| loss_v                | 0.000497 |
| lr                    | 0.0195   |
| misc/nupdates         | 1.25e+03 |
| misc/serial_timesteps | 5.12e+06 |
| misc/time_elapsed     | 2.12e+03 |
| misc/total_timesteps  | 5.12e+06 |
| ratio_max             | 1.83     |
| ratio_min             | 0.455    |
| ret_avg               | 0.593    |
| ret_max               | 0.666    |
| ret_med               | 0.599    |
| ret_min               | 0.422    |
| ret_var               | 0.00238  |
------------------------------------
------------------------------------
| action_max            | 14       |
| action_min            | 0        |
| adv_avg               | -1.59    |
| adv_max               | -1.33    |
| adv_med               | -1.56    |
| adv_min               | -3.63    |
| adv_var               | 0.0215   |
| clipfrac              | 0        |
| curr_lr               | 0.0293   |
| entropy               | 0.334    |
| eplenmean             | 62.7     |
| eprewmean             | 9.8      |
| fps                   | 2.45e+03 |
| grad_norm             | 0.458    |
| kl                    | 0.00897  |
| loss_pi               | -0.0358  |
| loss_v                | 0.0175   |
| lr                    | 0.0293   |
| misc/nupdates         | 1.26e+03 |
| misc/serial_timesteps | 5.16e+06 |
| misc/time_elapsed     | 2.14e+03 |
| misc/total_timesteps  | 5.16e+06 |
| ratio_max             | 1.68     |
| ratio_min             | 0.278    |
| ret_avg               | 0.579    |
| ret_max               | 0.7      |
| ret_med               | 0.619    |
| ret_min               | -1.55    |
| ret_var               | 0.0292   |
------------------------------------
------------------------------------
| action_max            | 14       |
| action_min            | 0        |
| adv_avg               | -1.61    |
| adv_max               | -1.38    |
| adv_med               | -1.61    |
| adv_min               | -1.83    |
| adv_var               | 0.00155  |
| clipfrac              | 0        |
| curr_lr               | 0.0293   |
| entropy               | 0.31     |
| eplenmean             | 64.1     |
| eprewmean             | 10       |
| fps                   | 2.35e+03 |
| grad_norm             | 0.629    |
| kl                    | 0.0191   |
| loss_pi               | -0.198   |
| loss_v                | 0.00251  |
| lr                    | 0.0293   |
| misc/nupdates         | 1.27e+03 |
| misc/serial_timesteps | 5.2e+06  |
| misc/time_elapsed     | 2.16e+03 |
| misc/total_timesteps  | 5.2e+06  |
| ratio_max             | 3.33     |
| ratio_min             | 0.358    |
| ret_avg               | 0.674    |
| ret_max               | 0.8      |
| ret_med               | 0.67     |
| ret_min               | 0.622    |
| ret_var               | 0.000448 |
------------------------------------
------------------------------------
| action_max            | 14       |
| action_min            | 0        |
| adv_avg               | -1.6     |
| adv_max               | -1.32    |
| adv_med               | -1.59    |
| adv_min               | -3.34    |
| adv_var               | 0.0105   |
| clipfrac              | 0        |
| curr_lr               | 0.0195   |
| entropy               | 0.255    |
| eplenmean             | 63.1     |
| eprewmean             | 9.9      |
| fps                   | 2.37e+03 |
| grad_norm             | 0.27     |
| kl                    | 0.00397  |
| loss_pi               | -0.0888  |
| loss_v                | 0.00144  |
| lr                    | 0.0293   |
| misc/nupdates         | 1.28e+03 |
| misc/serial_timesteps | 5.24e+06 |
| misc/time_elapsed     | 2.17e+03 |
| misc/total_timesteps  | 5.24e+06 |
| ratio_max             | 1.6      |
| ratio_min             | 0.353    |
| ret_avg               | 0.583    |
| ret_max               | 0.705    |
| ret_med               | 0.597    |
| ret_min               | -1.57    |
| ret_var               | 0.0247   |
------------------------------------
------------------------------------
| action_max            | 14       |
| action_min            | 0        |
| adv_avg               | -1.62    |
| adv_max               | -1.29    |
| adv_med               | -1.61    |
| adv_min               | -3.78    |
| adv_var               | 0.0128   |
| clipfrac              | 0        |
| curr_lr               | 0.0293   |
| entropy               | 0.305    |
| eplenmean             | 61.1     |
| eprewmean             | 9.9      |
| fps                   | 2.36e+03 |
| grad_norm             | 0.588    |
| kl                    | 0.00931  |
| loss_pi               | -0.106   |
| loss_v                | 0.00436  |
| lr                    | 0.0293   |
| misc/nupdates         | 1.29e+03 |
| misc/serial_timesteps | 5.28e+06 |
| misc/time_elapsed     | 2.19e+03 |
| misc/total_timesteps  | 5.28e+06 |
| ratio_max             | 1.82     |
| ratio_min             | 0.249    |
| ret_avg               | 0.622    |
| ret_max               | 0.706    |
| ret_med               | 0.643    |
| ret_min               | -1.58    |
| ret_var               | 0.0136   |
------------------------------------
------------------------------------
| action_max            | 14       |
| action_min            | 0        |
| adv_avg               | -1.65    |
| adv_max               | -0.976   |
| adv_med               | -1.65    |
| adv_min               | -3.56    |
| adv_var               | 0.00829  |
| clipfrac              | 0        |
| curr_lr               | 0.0439   |
| entropy               | 0.317    |
| eplenmean             | 61.3     |
| eprewmean             | 9.7      |
| fps                   | 2.41e+03 |
| grad_norm             | 0.798    |
| kl                    | 0.0226   |
| loss_pi               | -0.0868  |
| loss_v                | 0.0046   |
| lr                    | 0.0439   |
| misc/nupdates         | 1.3e+03  |
| misc/serial_timesteps | 5.32e+06 |
| misc/time_elapsed     | 2.21e+03 |
| misc/total_timesteps  | 5.32e+06 |
| ratio_max             | 2        |
| ratio_min             | 0.153    |
| ret_avg               | 0.657    |
| ret_max               | 0.851    |
| ret_med               | 0.654    |
| ret_min               | -1.59    |
| ret_var               | 0.00535  |
------------------------------------
------------------------------------
| action_max            | 14       |
| action_min            | 0        |
| adv_avg               | -1.66    |
| adv_max               | -1.26    |
| adv_med               | -1.65    |
| adv_min               | -3.92    |
| adv_var               | 0.0136   |
| clipfrac              | 0        |
| curr_lr               | 0.0439   |
| entropy               | 0.33     |
| eplenmean             | 62.7     |
| eprewmean             | 9.9      |
| fps                   | 2.42e+03 |
| grad_norm             | 0.562    |
| kl                    | 0.016    |
| loss_pi               | -0.0552  |
| loss_v                | 0.0111   |
| lr                    | 0.0439   |
| misc/nupdates         | 1.31e+03 |
| misc/serial_timesteps | 5.37e+06 |
| misc/time_elapsed     | 2.23e+03 |
| misc/total_timesteps  | 5.37e+06 |
| ratio_max             | 1.7      |
| ratio_min             | 0.196    |
| ret_avg               | 0.65     |
| ret_max               | 0.774    |
| ret_med               | 0.661    |
| ret_min               | -1.6     |
| ret_var               | 0.0139   |
------------------------------------
------------------------------------
| action_max            | 14       |
| action_min            | 0        |
| adv_avg               | -1.63    |
| adv_max               | -0.918   |
| adv_med               | -1.61    |
| adv_min               | -3.69    |
| adv_var               | 0.0206   |
| clipfrac              | 0        |
| curr_lr               | 0.0293   |
| entropy               | 0.341    |
| eplenmean             | 66.9     |
| eprewmean             | 9.8      |
| fps                   | 2.36e+03 |
| grad_norm             | 0.355    |
| kl                    | 0.00725  |
| loss_pi               | -0.0567  |
| loss_v                | 0.0117   |
| lr                    | 0.0293   |
| misc/nupdates         | 1.32e+03 |
| misc/serial_timesteps | 5.41e+06 |
| misc/time_elapsed     | 2.24e+03 |
| misc/total_timesteps  | 5.41e+06 |
| ratio_max             | 1.84     |
| ratio_min             | 0.274    |
| ret_avg               | 0.529    |
| ret_max               | 0.646    |
| ret_med               | 0.569    |
| ret_min               | -1.61    |
| ret_var               | 0.0537   |
------------------------------------
------------------------------------
| action_max            | 14       |
| action_min            | 0        |
| adv_avg               | -1.65    |
| adv_max               | -1.45    |
| adv_med               | -1.65    |
| adv_min               | -1.85    |
| adv_var               | 0.00141  |
| clipfrac              | 0        |
| curr_lr               | 0.0293   |
| entropy               | 0.3      |
| eplenmean             | 60.4     |
| eprewmean             | 10       |
| fps                   | 2.35e+03 |
| grad_norm             | 0.602    |
| kl                    | 0.0226   |
| loss_pi               | -0.121   |
| loss_v                | 0.0024   |
| lr                    | 0.0293   |
| misc/nupdates         | 1.33e+03 |
| misc/serial_timesteps | 5.45e+06 |
| misc/time_elapsed     | 2.26e+03 |
| misc/total_timesteps  | 5.45e+06 |
| ratio_max             | 1.93     |
| ratio_min             | 0.121    |
| ret_avg               | 0.634    |
| ret_max               | 0.735    |
| ret_med               | 0.634    |
| ret_min               | 0.555    |
| ret_var               | 0.000255 |
------------------------------------
------------------------------------
| action_max            | 14       |
| action_min            | 0        |
| adv_avg               | -1.66    |
| adv_max               | -1.22    |
| adv_med               | -1.66    |
| adv_min               | -1.86    |
| adv_var               | 0.00178  |
| clipfrac              | 0        |
| curr_lr               | 0.0293   |
| entropy               | 0.277    |
| eplenmean             | 58.1     |
| eprewmean             | 10       |
| fps                   | 2.43e+03 |
| grad_norm             | 0.599    |
| kl                    | 0.0135   |
| loss_pi               | -0.107   |
| loss_v                | 0.00238  |
| lr                    | 0.0293   |
| misc/nupdates         | 1.34e+03 |
| misc/serial_timesteps | 5.49e+06 |
| misc/time_elapsed     | 2.28e+03 |
| misc/total_timesteps  | 5.49e+06 |
| ratio_max             | 2.47     |
| ratio_min             | 0.282    |
| ret_avg               | 0.618    |
| ret_max               | 0.72     |
| ret_med               | 0.624    |
| ret_min               | 0.499    |
| ret_var               | 0.00055  |
------------------------------------
------------------------------------
| action_max            | 14       |
| action_min            | 0        |
| adv_avg               | -1.67    |
| adv_max               | -1.45    |
| adv_med               | -1.67    |
| adv_min               | -1.89    |
| adv_var               | 0.0015   |
| clipfrac              | 0        |
| curr_lr               | 0.0293   |
| entropy               | 0.249    |
| eplenmean             | 56.9     |
| eprewmean             | 10       |
| fps                   | 2.34e+03 |
| grad_norm             | 0.644    |
| kl                    | 0.0158   |
| loss_pi               | -0.201   |
| loss_v                | 0.00256  |
| lr                    | 0.0293   |
| misc/nupdates         | 1.35e+03 |
| misc/serial_timesteps | 5.53e+06 |
| misc/time_elapsed     | 2.29e+03 |
| misc/total_timesteps  | 5.53e+06 |
| ratio_max             | 2.11     |
| ratio_min             | 0.235    |
| ret_avg               | 0.636    |
| ret_max               | 0.761    |
| ret_med               | 0.633    |
| ret_min               | 0.506    |
| ret_var               | 0.000315 |
------------------------------------
------------------------------------
| action_max            | 14       |
| action_min            | 0        |
| adv_avg               | -1.68    |
| adv_max               | -1.43    |
| adv_med               | -1.67    |
| adv_min               | -1.89    |
| adv_var               | 0.00155  |
| clipfrac              | 0        |
| curr_lr               | 0.0293   |
| entropy               | 0.274    |
| eplenmean             | 65.4     |
| eprewmean             | 10       |
| fps                   | 2.41e+03 |
| grad_norm             | 0.628    |
| kl                    | 0.0161   |
| loss_pi               | -0.236   |
| loss_v                | 0.00256  |
| lr                    | 0.0293   |
| misc/nupdates         | 1.36e+03 |
| misc/serial_timesteps | 5.57e+06 |
| misc/time_elapsed     | 2.31e+03 |
| misc/total_timesteps  | 5.57e+06 |
| ratio_max             | 10       |
| ratio_min             | 0.132    |
| ret_avg               | 0.629    |
| ret_max               | 0.785    |
| ret_med               | 0.625    |
| ret_min               | 0.581    |
| ret_var               | 0.000285 |
------------------------------------
------------------------------------
| action_max            | 14       |
| action_min            | 0        |
| adv_avg               | -1.69    |
| adv_max               | -1.39    |
| adv_med               | -1.69    |
| adv_min               | -1.92    |
| adv_var               | 0.00113  |
| clipfrac              | 0        |
| curr_lr               | 0.0293   |
| entropy               | 0.397    |
| eplenmean             | 59       |
| eprewmean             | 10       |
| fps                   | 2.38e+03 |
| grad_norm             | 1.08     |
| kl                    | 0.0429   |
| loss_pi               | -0.142   |
| loss_v                | 0.00367  |
| lr                    | 0.0195   |
| misc/nupdates         | 1.37e+03 |
| misc/serial_timesteps | 5.61e+06 |
| misc/time_elapsed     | 2.33e+03 |
| misc/total_timesteps  | 5.61e+06 |
| ratio_max             | 10       |
| ratio_min             | 0.546    |
| ret_avg               | 0.648    |
| ret_max               | 0.843    |
| ret_med               | 0.624    |
| ret_min               | 0.577    |
| ret_var               | 0.00294  |
------------------------------------
------------------------------------
| action_max            | 14       |
| action_min            | 0        |
| adv_avg               | -1.66    |
| adv_max               | -1.24    |
| adv_med               | -1.66    |
| adv_min               | -2.22    |
| adv_var               | 0.00262  |
| clipfrac              | 0        |
| curr_lr               | 0.0293   |
| entropy               | 0.288    |
| eplenmean             | 62.2     |
| eprewmean             | 10       |
| fps                   | 2.37e+03 |
| grad_norm             | 0.677    |
| kl                    | 0.0277   |
| loss_pi               | -0.148   |
| loss_v                | 0.00304  |
| lr                    | 0.0293   |
| misc/nupdates         | 1.38e+03 |
| misc/serial_timesteps | 5.65e+06 |
| misc/time_elapsed     | 2.35e+03 |
| misc/total_timesteps  | 5.65e+06 |
| ratio_max             | 8.26     |
| ratio_min             | 0.103    |
| ret_avg               | 0.562    |
| ret_max               | 0.734    |
| ret_med               | 0.575    |
| ret_min               | -0.0885  |
| ret_var               | 0.00479  |
------------------------------------
------------------------------------
| action_max            | 14       |
| action_min            | 0        |
| adv_avg               | -1.69    |
| adv_max               | -0.559   |
| adv_med               | -1.68    |
| adv_min               | -3.58    |
| adv_var               | 0.0305   |
| clipfrac              | 0        |
| curr_lr               | 0.0293   |
| entropy               | 0.307    |
| eplenmean             | 61.1     |
| eprewmean             | 9.6      |
| fps                   | 2.43e+03 |
| grad_norm             | 0.556    |
| kl                    | 0.0169   |
| loss_pi               | -0.127   |
| loss_v                | 0.0172   |
| lr                    | 0.0293   |
| misc/nupdates         | 1.39e+03 |
| misc/serial_timesteps | 5.69e+06 |
| misc/time_elapsed     | 2.36e+03 |
| misc/total_timesteps  | 5.69e+06 |
| ratio_max             | 1.59     |
| ratio_min             | 0.1      |
| ret_avg               | 0.527    |
| ret_max               | 0.642    |
| ret_med               | 0.578    |
| ret_min               | -1.66    |
| ret_var               | 0.0473   |
------------------------------------
------------------------------------
| action_max            | 14       |
| action_min            | 0        |
| adv_avg               | -1.65    |
| adv_max               | -0.581   |
| adv_med               | -1.64    |
| adv_min               | -3.55    |
| adv_var               | 0.0136   |
| clipfrac              | 0        |
| curr_lr               | 0.0293   |
| entropy               | 0.314    |
| eplenmean             | 60.6     |
| eprewmean             | 9.9      |
| fps                   | 2.42e+03 |
| grad_norm             | 0.485    |
| kl                    | 0.0134   |
| loss_pi               | 0.00585  |
| loss_v                | 0.00977  |
| lr                    | 0.0293   |
| misc/nupdates         | 1.4e+03  |
| misc/serial_timesteps | 5.73e+06 |
| misc/time_elapsed     | 2.38e+03 |
| misc/total_timesteps  | 5.73e+06 |
| ratio_max             | 2.16     |
| ratio_min             | 0.208    |
| ret_avg               | 0.47     |
| ret_max               | 0.615    |
| ret_med               | 0.504    |
| ret_min               | -1.67    |
| ret_var               | 0.0239   |
------------------------------------
------------------------------------
| action_max            | 14       |
| action_min            | 0        |
| adv_avg               | -1.69    |
| adv_max               | -1.36    |
| adv_med               | -1.68    |
| adv_min               | -3.72    |
| adv_var               | 0.012    |
| clipfrac              | 0        |
| curr_lr               | 0.0439   |
| entropy               | 0.268    |
| eplenmean             | 60.2     |
| eprewmean             | 9.8      |
| fps                   | 2.34e+03 |
| grad_norm             | 0.959    |
| kl                    | 0.0106   |
| loss_pi               | -0.0409  |
| loss_v                | 0.0074   |
| lr                    | 0.0439   |
| misc/nupdates         | 1.41e+03 |
| misc/serial_timesteps | 5.78e+06 |
| misc/time_elapsed     | 2.4e+03  |
| misc/total_timesteps  | 5.78e+06 |
| ratio_max             | 2.09     |
| ratio_min             | 0.404    |
| ret_avg               | 0.517    |
| ret_max               | 0.612    |
| ret_med               | 0.533    |
| ret_min               | -1.68    |
| ret_var               | 0.0166   |
------------------------------------
------------------------------------
| action_max            | 14       |
| action_min            | 0        |
| adv_avg               | -1.66    |
| adv_max               | -1.18    |
| adv_med               | -1.65    |
| adv_min               | -3.78    |
| adv_var               | 0.0145   |
| clipfrac              | 0        |
| curr_lr               | 0.0439   |
| entropy               | 0.433    |
| eplenmean             | 64.5     |
| eprewmean             | 9.9      |
| fps                   | 2.36e+03 |
| grad_norm             | 0.304    |
| kl                    | 0.0182   |
| loss_pi               | -0.0628  |
| loss_v                | 0.00361  |
| lr                    | 0.0439   |
| misc/nupdates         | 1.42e+03 |
| misc/serial_timesteps | 5.82e+06 |
| misc/time_elapsed     | 2.42e+03 |
| misc/total_timesteps  | 5.82e+06 |
| ratio_max             | 2.27     |
| ratio_min             | 0.298    |
| ret_avg               | 0.42     |
| ret_max               | 0.609    |
| ret_med               | 0.432    |
| ret_min               | -1.69    |
| ret_var               | 0.0224   |
------------------------------------
------------------------------------
| action_max            | 14       |
| action_min            | 0        |
| adv_avg               | -1.68    |
| adv_max               | -1.18    |
| adv_med               | -1.68    |
| adv_min               | -1.97    |
| adv_var               | 0.00366  |
| clipfrac              | 0        |
| curr_lr               | 0.0195   |
| entropy               | 0.307    |
| eplenmean             | 64.6     |
| eprewmean             | 10       |
| fps                   | 2.35e+03 |
| grad_norm             | 0.263    |
| kl                    | 0.0154   |
| loss_pi               | -0.0528  |
| loss_v                | 0.00103  |
| lr                    | 0.0195   |
| misc/nupdates         | 1.43e+03 |
| misc/serial_timesteps | 5.86e+06 |
| misc/time_elapsed     | 2.43e+03 |
| misc/total_timesteps  | 5.86e+06 |
| ratio_max             | 3.48     |
| ratio_min             | 0.242    |
| ret_avg               | 0.505    |
| ret_max               | 0.648    |
| ret_med               | 0.538    |
| ret_min               | 0.0767   |
| ret_var               | 0.011    |
------------------------------------
------------------------------------
| action_max            | 14       |
| action_min            | 0        |
| adv_avg               | -1.7     |
| adv_max               | -1.47    |
| adv_med               | -1.7     |
| adv_min               | -1.87    |
| adv_var               | 0.00117  |
| clipfrac              | 0        |
| curr_lr               | 0.0195   |
| entropy               | 0.217    |
| eplenmean             | 61.1     |
| eprewmean             | 10       |
| fps                   | 2.34e+03 |
| grad_norm             | 0.202    |
| kl                    | 0.00561  |
| loss_pi               | -0.0243  |
| loss_v                | 0.000548 |
| lr                    | 0.0195   |
| misc/nupdates         | 1.44e+03 |
| misc/serial_timesteps | 5.9e+06  |
| misc/time_elapsed     | 2.45e+03 |
| misc/total_timesteps  | 5.9e+06  |
| ratio_max             | 2.54     |
| ratio_min             | 0.501    |
| ret_avg               | 0.536    |
| ret_max               | 0.689    |
| ret_med               | 0.548    |
| ret_min               | 0.361    |
| ret_var               | 0.00268  |
------------------------------------
------------------------------------
| action_max            | 14       |
| action_min            | 0        |
| adv_avg               | -1.72    |
| adv_max               | -1.58    |
| adv_med               | -1.71    |
| adv_min               | -1.89    |
| adv_var               | 0.000714 |
| clipfrac              | 0        |
| curr_lr               | 0.0195   |
| entropy               | 0.224    |
| eplenmean             | 61.8     |
| eprewmean             | 10       |
| fps                   | 2.41e+03 |
| grad_norm             | 0.235    |
| kl                    | 0.00963  |
| loss_pi               | -0.225   |
| loss_v                | 0.000259 |
| lr                    | 0.0195   |
| misc/nupdates         | 1.45e+03 |
| misc/serial_timesteps | 5.94e+06 |
| misc/time_elapsed     | 2.47e+03 |
| misc/total_timesteps  | 5.94e+06 |
| ratio_max             | 1.66     |
| ratio_min             | 0.275    |
| ret_avg               | 0.536    |
| ret_max               | 0.608    |
| ret_med               | 0.542    |
| ret_min               | 0.408    |
| ret_var               | 0.00211  |
------------------------------------
------------------------------------
| action_max            | 14       |
| action_min            | 0        |
| adv_avg               | -1.73    |
| adv_max               | -1.55    |
| adv_med               | -1.72    |
| adv_min               | -1.92    |
| adv_var               | 0.000772 |
| clipfrac              | 0        |
| curr_lr               | 0.0195   |
| entropy               | 0.243    |
| eplenmean             | 58.2     |
| eprewmean             | 10       |
| fps                   | 2.37e+03 |
| grad_norm             | 0.187    |
| kl                    | 0.0137   |
| loss_pi               | -0.132   |
| loss_v                | 0.000297 |
| lr                    | 0.0195   |
| misc/nupdates         | 1.46e+03 |
| misc/serial_timesteps | 5.98e+06 |
| misc/time_elapsed     | 2.48e+03 |
| misc/total_timesteps  | 5.98e+06 |
| ratio_max             | 3.71     |
| ratio_min             | 0.296    |
| ret_avg               | 0.547    |
| ret_max               | 0.652    |
| ret_med               | 0.551    |
| ret_min               | 0.439    |
| ret_var               | 0.00136  |
------------------------------------
