Setting seed: 1
Logging to logs/shared.ppo.karzmarz_False.resnet.dropout_0.0.damping_0.1.lr_0.001/caveflyer-easy-0-10.20260720-224846_1
creating environment
Running on device: cuda:0
training...

Number of parameters: 938979.0

------------------------------------
| action_max            | 14       |
| action_min            | 0        |
| adv_avg               | -0.215   |
| adv_max               | 5.21     |
| adv_med               | -0.307   |
| adv_min               | -9.43    |
| adv_var               | 0.907    |
| clipfrac              | 0.125    |
| curr_lr               | 0.001    |
| entropy               | 2.61     |
| eplenmean             | 435      |
| eprewmean             | 2        |
| fps                   | 5.76e+03 |
| grad_norm             | 11.2     |
| kl                    | 0.0252   |
| loss_pi               | 0.0132   |
| loss_v                | 0.361    |
| lr                    | 0.001    |
| misc/nupdates         | 9        |
| misc/serial_timesteps | 4.1e+04  |
| misc/time_elapsed     | 7.76     |
| misc/total_timesteps  | 4.1e+04  |
| ratio_max             | 2.23     |
| ratio_min             | 0.138    |
| ret_avg               | 0.474    |
| ret_max               | 11.8     |
| ret_med               | -0.201   |
| ret_min               | -0.306   |
| ret_var               | 2.96     |
------------------------------------
------------------------------------
| action_max            | 14       |
| action_min            | 0        |
| adv_avg               | -0.496   |
| adv_max               | 7.74     |
| adv_med               | -0.466   |
| adv_min               | -3.71    |
| adv_var               | 0.254    |
| clipfrac              | 0.0938   |
| curr_lr               | 0.001    |
| entropy               | 2.67     |
| eplenmean             | 457      |
| eprewmean             | 2.5      |
| fps                   | 5.82e+03 |
| grad_norm             | 1.68     |
| kl                    | 0.00882  |
| loss_pi               | -0.0128  |
| loss_v                | 0.0951   |
| lr                    | 0.001    |
| misc/nupdates         | 19       |
| misc/serial_timesteps | 8.19e+04 |
| misc/time_elapsed     | 14.8     |
| misc/total_timesteps  | 8.19e+04 |
| ratio_max             | 2.58     |
| ratio_min             | 0.464    |
| ret_avg               | 0.399    |
| ret_max               | 9.18     |
| ret_med               | 0.291    |
| ret_min               | -0.46    |
| ret_var               | 0.512    |
------------------------------------
------------------------------------
| action_max            | 14       |
| action_min            | 0        |
| adv_avg               | -0.58    |
| adv_max               | 8.09     |
| adv_med               | -0.594   |
| adv_min               | -2.6     |
| adv_var               | 0.218    |
| clipfrac              | 0.084    |
| curr_lr               | 0.001    |
| entropy               | 2.67     |
| eplenmean             | 518      |
| eprewmean             | 2        |
| fps                   | 5.82e+03 |
| grad_norm             | 4.02     |
| kl                    | 0.00634  |
| loss_pi               | -0.00368 |
| loss_v                | 0.0538   |
| lr                    | 0.001    |
| misc/nupdates         | 29       |
| misc/serial_timesteps | 1.23e+05 |
| misc/time_elapsed     | 21.9     |
| misc/total_timesteps  | 1.23e+05 |
| ratio_max             | 1.54     |
| ratio_min             | 0.494    |
| ret_avg               | 0.227    |
| ret_max               | 9.51     |
| ret_med               | 0.0207   |
| ret_min               | -0.59    |
| ret_var               | 0.445    |
------------------------------------
------------------------------------
| action_max            | 14       |
| action_min            | 0        |
| adv_avg               | -0.612   |
| adv_max               | 9.19     |
| adv_med               | -0.699   |
| adv_min               | -1.83    |
| adv_var               | 0.46     |
| clipfrac              | 0.0938   |
| curr_lr               | 0.001    |
| entropy               | 2.69     |
| eplenmean             | 534      |
| eprewmean             | 1.3      |
| fps                   | 5.8e+03  |
| grad_norm             | 3.71     |
| kl                    | 0.00735  |
| loss_pi               | 0.00892  |
| loss_v                | 0.164    |
| lr                    | 0.001    |
| misc/nupdates         | 39       |
| misc/serial_timesteps | 1.64e+05 |
| misc/time_elapsed     | 29       |
| misc/total_timesteps  | 1.64e+05 |
| ratio_max             | 1.67     |
| ratio_min             | 0.603    |
| ret_avg               | 0.15     |
| ret_max               | 9.93     |
| ret_med               | 0.013    |
| ret_min               | -0.694   |
| ret_var               | 0.618    |
------------------------------------
------------------------------------
| action_max            | 14       |
| action_min            | 0        |
| adv_avg               | -0.739   |
| adv_max               | 2.77     |
| adv_med               | -0.724   |
| adv_min               | -4.36    |
| adv_var               | 0.167    |
| clipfrac              | 0.00977  |
| curr_lr               | 0.001    |
| entropy               | 2.68     |
| eplenmean             | 587      |
| eprewmean             | 1.63     |
| fps                   | 5.69e+03 |
| grad_norm             | 1.85     |
| kl                    | 0.00226  |
| loss_pi               | -0.00761 |
| loss_v                | 0.0642   |
| lr                    | 0.001    |
| misc/nupdates         | 49       |
| misc/serial_timesteps | 2.05e+05 |
| misc/time_elapsed     | 36.1     |
| misc/total_timesteps  | 2.05e+05 |
| ratio_max             | 1.23     |
| ratio_min             | 0.685    |
| ret_avg               | 0.157    |
| ret_max               | 6.51     |
| ret_med               | -0.106   |
| ret_min               | -0.717   |
| ret_var               | 0.679    |
------------------------------------
------------------------------------
| action_max            | 14       |
| action_min            | 0        |
| adv_avg               | -0.672   |
| adv_max               | 9.43     |
| adv_med               | -0.756   |
| adv_min               | -2.06    |
| adv_var               | 0.479    |
| clipfrac              | 0.0176   |
| curr_lr               | 0.001    |
| entropy               | 2.7      |
| eplenmean             | 554      |
| eprewmean             | 1.69     |
| fps                   | 5.7e+03  |
| grad_norm             | 1.36     |
| kl                    | 0.00529  |
| loss_pi               | 0.0158   |
| loss_v                | 0.103    |
| lr                    | 0.001    |
| misc/nupdates         | 59       |
| misc/serial_timesteps | 2.46e+05 |
| misc/time_elapsed     | 43.2     |
| misc/total_timesteps  | 2.46e+05 |
| ratio_max             | 1.55     |
| ratio_min             | 0.0794   |
| ret_avg               | -0.0689  |
| ret_max               | 10.4     |
| ret_med               | -0.213   |
| ret_min               | -0.746   |
| ret_var               | 0.742    |
------------------------------------
------------------------------------
| action_max            | 14       |
| action_min            | 0        |
| adv_avg               | -0.66    |
| adv_max               | 5.63     |
| adv_med               | -0.769   |
| adv_min               | -2.85    |
| adv_var               | 0.326    |
| clipfrac              | 0.0293   |
| curr_lr               | 0.001    |
| entropy               | 2.69     |
| eplenmean             | 502      |
| eprewmean             | 2        |
| fps                   | 5.69e+03 |
| grad_norm             | 2.27     |
| kl                    | 0.00302  |
| loss_pi               | -0.0113  |
| loss_v                | 0.0727   |
| lr                    | 0.001    |
| misc/nupdates         | 69       |
| misc/serial_timesteps | 2.87e+05 |
| misc/time_elapsed     | 50.3     |
| misc/total_timesteps  | 2.87e+05 |
| ratio_max             | 1.42     |
| ratio_min             | 0.585    |
| ret_avg               | 0.344    |
| ret_max               | 10.2     |
| ret_med               | -0.0609  |
| ret_min               | -0.761   |
| ret_var               | 2.04     |
------------------------------------
------------------------------------
| action_max            | 14       |
| action_min            | 0        |
| adv_avg               | -0.725   |
| adv_max               | 7.71     |
| adv_med               | -0.791   |
| adv_min               | -2.11    |
| adv_var               | 0.433    |
| clipfrac              | 0.0879   |
| curr_lr               | 0.001    |
| entropy               | 2.69     |
| eplenmean             | 554      |
| eprewmean             | 2        |
| fps                   | 5.71e+03 |
| grad_norm             | 1.15     |
| kl                    | 0.0124   |
| loss_pi               | -0.018   |
| loss_v                | 0.0258   |
| lr                    | 0.001    |
| misc/nupdates         | 79       |
| misc/serial_timesteps | 3.28e+05 |
| misc/time_elapsed     | 57.5     |
| misc/total_timesteps  | 3.28e+05 |
| ratio_max             | 3.14     |
| ratio_min             | 0.319    |
| ret_avg               | 0.081    |
| ret_max               | 10.1     |
| ret_med               | -0.109   |
| ret_min               | -0.783   |
| ret_var               | 0.797    |
------------------------------------
------------------------------------
| action_max            | 14       |
| action_min            | 0        |
| adv_avg               | -0.716   |
| adv_max               | 4.83     |
| adv_med               | -0.798   |
| adv_min               | -4.43    |
| adv_var               | 0.485    |
| clipfrac              | 0.0703   |
| curr_lr               | 0.001    |
| entropy               | 2.67     |
| eplenmean             | 506      |
| eprewmean             | 2.7      |
| fps                   | 5.44e+03 |
| grad_norm             | 1.06     |
| kl                    | 0.00657  |
| loss_pi               | -0.0225  |
| loss_v                | 0.0667   |
| lr                    | 0.001    |
| misc/nupdates         | 89       |
| misc/serial_timesteps | 3.69e+05 |
| misc/time_elapsed     | 64.9     |
| misc/total_timesteps  | 3.69e+05 |
| ratio_max             | 1.69     |
| ratio_min             | 0.58     |
| ret_avg               | 0.504    |
| ret_max               | 9.54     |
| ret_med               | -0.0157  |
| ret_min               | -0.795   |
| ret_var               | 1.8      |
------------------------------------
------------------------------------
| action_max            | 14       |
| action_min            | 0        |
| adv_avg               | -0.77    |
| adv_max               | 3.58     |
| adv_med               | -0.807   |
| adv_min               | -2.87    |
| adv_var               | 0.223    |
| clipfrac              | 0.0371   |
| curr_lr               | 0.001    |
| entropy               | 2.68     |
| eplenmean             | 469      |
| eprewmean             | 2.6      |
| fps                   | 5.44e+03 |
| grad_norm             | 2.4      |
| kl                    | 0.00366  |
| loss_pi               | -0.0123  |
| loss_v                | 0.0485   |
| lr                    | 0.001    |
| misc/nupdates         | 99       |
| misc/serial_timesteps | 4.1e+05  |
| misc/time_elapsed     | 72.4     |
| misc/total_timesteps  | 4.1e+05  |
| ratio_max             | 1.42     |
| ratio_min             | 0.469    |
| ret_avg               | 0.376    |
| ret_max               | 8.84     |
| ret_med               | -0.123   |
| ret_min               | -0.797   |
| ret_var               | 1.18     |
------------------------------------
------------------------------------
| action_max            | 14       |
| action_min            | 0        |
| adv_avg               | -0.78    |
| adv_max               | 5.02     |
| adv_med               | -0.802   |
| adv_min               | -4.56    |
| adv_var               | 0.258    |
| clipfrac              | 0.0801   |
| curr_lr               | 0.001    |
| entropy               | 2.65     |
| eplenmean             | 498      |
| eprewmean             | 2.4      |
| fps                   | 5.6e+03  |
| grad_norm             | 1.29     |
| kl                    | 0.00698  |
| loss_pi               | -0.0117  |
| loss_v                | 0.0694   |
| lr                    | 0.001    |
| misc/nupdates         | 109      |
| misc/serial_timesteps | 4.51e+05 |
| misc/time_elapsed     | 79.8     |
| misc/total_timesteps  | 4.51e+05 |
| ratio_max             | 1.81     |
| ratio_min             | 0.48     |
| ret_avg               | 0.454    |
| ret_max               | 8.19     |
| ret_med               | -0.114   |
| ret_min               | -0.795   |
| ret_var               | 1.68     |
------------------------------------
------------------------------------
| action_max            | 14       |
| action_min            | 0        |
| adv_avg               | -0.842   |
| adv_max               | 1.86     |
| adv_med               | -0.804   |
| adv_min               | -4.18    |
| adv_var               | 0.14     |
| clipfrac              | 0.0605   |
| curr_lr               | 0.001    |
| entropy               | 2.66     |
| eplenmean             | 560      |
| eprewmean             | 2.3      |
| fps                   | 5.47e+03 |
| grad_norm             | 0.895    |
| kl                    | 0.00501  |
| loss_pi               | -0.0139  |
| loss_v                | 0.0736   |
| lr                    | 0.001    |
| misc/nupdates         | 119      |
| misc/serial_timesteps | 4.92e+05 |
| misc/time_elapsed     | 87.3     |
| misc/total_timesteps  | 4.92e+05 |
| ratio_max             | 1.61     |
| ratio_min             | 0.644    |
| ret_avg               | 0.572    |
| ret_max               | 7.87     |
| ret_med               | -0.25    |
| ret_min               | -0.794   |
| ret_var               | 2.3      |
------------------------------------
------------------------------------
| action_max            | 14       |
| action_min            | 0        |
| adv_avg               | -0.79    |
| adv_max               | 4.36     |
| adv_med               | -0.788   |
| adv_min               | -3.25    |
| adv_var               | 0.231    |
| clipfrac              | 0.0449   |
| curr_lr               | 0.001    |
| entropy               | 2.67     |
| eplenmean             | 561      |
| eprewmean             | 2.4      |
| fps                   | 5.66e+03 |
| grad_norm             | 1.06     |
| kl                    | 0.00525  |
| loss_pi               | -0.00972 |
| loss_v                | 0.0808   |
| lr                    | 0.001    |
| misc/nupdates         | 129      |
| misc/serial_timesteps | 5.32e+05 |
| misc/time_elapsed     | 94.7     |
| misc/total_timesteps  | 5.32e+05 |
| ratio_max             | 1.97     |
| ratio_min             | 0.756    |
| ret_avg               | 0.313    |
| ret_max               | 7.44     |
| ret_med               | -0.376   |
| ret_min               | -0.78    |
| ret_var               | 1.51     |
------------------------------------
------------------------------------
| action_max            | 14       |
| action_min            | 0        |
| adv_avg               | -0.765   |
| adv_max               | 6.37     |
| adv_med               | -0.784   |
| adv_min               | -4.23    |
| adv_var               | 0.329    |
| clipfrac              | 0.0684   |
| curr_lr               | 0.001    |
| entropy               | 2.67     |
| eplenmean             | 488      |
| eprewmean             | 3.3      |
| fps                   | 5.5e+03  |
| grad_norm             | 2.1      |
| kl                    | 0.00635  |
| loss_pi               | 0.00921  |
| loss_v                | 0.209    |
| lr                    | 0.001    |
| misc/nupdates         | 139      |
| misc/serial_timesteps | 5.73e+05 |
| misc/time_elapsed     | 102      |
| misc/total_timesteps  | 5.73e+05 |
| ratio_max             | 1.99     |
| ratio_min             | 0.254    |
| ret_avg               | 0.278    |
| ret_max               | 7.17     |
| ret_med               | -0.307   |
| ret_min               | -0.777   |
| ret_var               | 1.25     |
------------------------------------
------------------------------------
| action_max            | 14       |
| action_min            | 0        |
| adv_avg               | -0.764   |
| adv_max               | 2.7      |
| adv_med               | -0.791   |
| adv_min               | -2.75    |
| adv_var               | 0.148    |
| clipfrac              | 0.0527   |
| curr_lr               | 0.001    |
| entropy               | 2.63     |
| eplenmean             | 487      |
| eprewmean             | 3.06     |
| fps                   | 5.8e+03  |
| grad_norm             | 0.992    |
| kl                    | 0.00511  |
| loss_pi               | -0.0155  |
| loss_v                | 0.0399   |
| lr                    | 0.001    |
| misc/nupdates         | 149      |
| misc/serial_timesteps | 6.14e+05 |
| misc/time_elapsed     | 109      |
| misc/total_timesteps  | 6.14e+05 |
| ratio_max             | 1.55     |
| ratio_min             | 0.521    |
| ret_avg               | 0.428    |
| ret_max               | 6.82     |
| ret_med               | -0.197   |
| ret_min               | -0.783   |
| ret_var               | 1.75     |
------------------------------------
------------------------------------
| action_max            | 14       |
| action_min            | 0        |
| adv_avg               | -0.8     |
| adv_max               | 0.466    |
| adv_med               | -0.795   |
| adv_min               | -1.78    |
| adv_var               | 0.0247   |
| clipfrac              | 0.0391   |
| curr_lr               | 0.001    |
| entropy               | 2.69     |
| eplenmean             | 485      |
| eprewmean             | 2.03     |
| fps                   | 5.93e+03 |
| grad_norm             | 0.484    |
| kl                    | 0.00398  |
| loss_pi               | -0.00715 |
| loss_v                | 0.0102   |
| lr                    | 0.001    |
| misc/nupdates         | 159      |
| misc/serial_timesteps | 6.55e+05 |
| misc/time_elapsed     | 116      |
| misc/total_timesteps  | 6.55e+05 |
| ratio_max             | 1.43     |
| ratio_min             | 0.668    |
| ret_avg               | -0.123   |
| ret_max               | 1.73     |
| ret_med               | -0.328   |
| ret_min               | -0.787   |
| ret_var               | 0.191    |
------------------------------------
------------------------------------
| action_max            | 14       |
| action_min            | 0        |
| adv_avg               | -0.79    |
| adv_max               | 3.33     |
| adv_med               | -0.796   |
| adv_min               | -2.76    |
| adv_var               | 0.115    |
| clipfrac              | 0.0508   |
| curr_lr               | 0.001    |
| entropy               | 2.67     |
| eplenmean             | 479      |
| eprewmean             | 1.43     |
| fps                   | 5.85e+03 |
| grad_norm             | 1.07     |
| kl                    | 0.00409  |
| loss_pi               | -0.0216  |
| loss_v                | 0.0275   |
| lr                    | 0.001    |
| misc/nupdates         | 169      |
| misc/serial_timesteps | 6.96e+05 |
| misc/time_elapsed     | 123      |
| misc/total_timesteps  | 6.96e+05 |
| ratio_max             | 2.01     |
| ratio_min             | 0.628    |
| ret_avg               | -0.0164  |
| ret_max               | 6.58     |
| ret_med               | -0.379   |
| ret_min               | -0.789   |
| ret_var               | 0.733    |
------------------------------------
------------------------------------
| action_max            | 14       |
| action_min            | 0        |
| adv_avg               | -0.777   |
| adv_max               | 1.27     |
| adv_med               | -0.795   |
| adv_min               | -2.47    |
| adv_var               | 0.0853   |
| clipfrac              | 0.043    |
| curr_lr               | 0.001    |
| entropy               | 2.65     |
| eplenmean             | 420      |
| eprewmean             | 3.53     |
| fps                   | 5.78e+03 |
| grad_norm             | 1.29     |
| kl                    | 0.00399  |
| loss_pi               | -0.0144  |
| loss_v                | 0.0277   |
| lr                    | 0.001    |
| misc/nupdates         | 179      |
| misc/serial_timesteps | 7.37e+05 |
| misc/time_elapsed     | 130      |
| misc/total_timesteps  | 7.37e+05 |
| ratio_max             | 1.42     |
| ratio_min             | 0.69     |
| ret_avg               | 0.427    |
| ret_max               | 6.21     |
| ret_med               | -0.178   |
| ret_min               | -0.784   |
| ret_var               | 1.81     |
------------------------------------
------------------------------------
| action_max            | 14       |
| action_min            | 0        |
| adv_avg               | -0.797   |
| adv_max               | 0.085    |
| adv_med               | -0.778   |
| adv_min               | -2.12    |
| adv_var               | 0.0261   |
| clipfrac              | 0.0684   |
| curr_lr               | 0.001    |
| entropy               | 2.63     |
| eplenmean             | 435      |
| eprewmean             | 3.7      |
| fps                   | 5.71e+03 |
| grad_norm             | 1.42     |
| kl                    | 0.00447  |
| loss_pi               | -0.00246 |
| loss_v                | 0.0133   |
| lr                    | 0.001    |
| misc/nupdates         | 189      |
| misc/serial_timesteps | 7.78e+05 |
| misc/time_elapsed     | 138      |
| misc/total_timesteps  | 7.78e+05 |
| ratio_max             | 1.6      |
| ratio_min             | 0.509    |
| ret_avg               | 0.205    |
| ret_max               | 5.91     |
| ret_med               | -0.39    |
| ret_min               | -0.772   |
| ret_var               | 2.2      |
------------------------------------
------------------------------------
| action_max            | 14       |
| action_min            | 0        |
| adv_avg               | -0.749   |
| adv_max               | 1.54     |
| adv_med               | -0.77    |
| adv_min               | -2.36    |
| adv_var               | 0.0836   |
| clipfrac              | 0.0371   |
| curr_lr               | 0.001    |
| entropy               | 2.63     |
| eplenmean             | 442      |
| eprewmean             | 2.73     |
| fps                   | 5.92e+03 |
| grad_norm             | 1.13     |
| kl                    | 0.00348  |
| loss_pi               | -0.0164  |
| loss_v                | 0.0483   |
| lr                    | 0.001    |
| misc/nupdates         | 199      |
| misc/serial_timesteps | 8.19e+05 |
| misc/time_elapsed     | 145      |
| misc/total_timesteps  | 8.19e+05 |
| ratio_max             | 1.38     |
| ratio_min             | 0.658    |
| ret_avg               | 0.198    |
| ret_max               | 5.52     |
| ret_med               | -0.312   |
| ret_min               | -0.765   |
| ret_var               | 0.958    |
------------------------------------
------------------------------------
| action_max            | 14       |
| action_min            | 0        |
| adv_avg               | -0.758   |
| adv_max               | 0.89     |
| adv_med               | -0.771   |
| adv_min               | -3.55    |
| adv_var               | 0.0966   |
| clipfrac              | 0.082    |
| curr_lr               | 0.001    |
| entropy               | 2.51     |
| eplenmean             | 385      |
| eprewmean             | 2.8      |
| fps                   | 5.7e+03  |
| grad_norm             | 2.68     |
| kl                    | 0.00679  |
| loss_pi               | -0.0188  |
| loss_v                | 0.0431   |
| lr                    | 0.001    |
| misc/nupdates         | 209      |
| misc/serial_timesteps | 8.6e+05  |
| misc/time_elapsed     | 152      |
| misc/total_timesteps  | 8.6e+05  |
| ratio_max             | 1.48     |
| ratio_min             | 0.497    |
| ret_avg               | 1.07     |
| ret_max               | 5.41     |
| ret_med               | -0.1     |
| ret_min               | -0.766   |
| ret_var               | 3.29     |
------------------------------------
------------------------------------
| action_max            | 14       |
| action_min            | 0        |
| adv_avg               | -0.714   |
| adv_max               | 2.13     |
| adv_med               | -0.764   |
| adv_min               | -3.34    |
| adv_var               | 0.167    |
| clipfrac              | 0.0898   |
| curr_lr               | 0.001    |
| entropy               | 2.51     |
| eplenmean             | 383      |
| eprewmean             | 4.2      |
| fps                   | 5.74e+03 |
| grad_norm             | 2.66     |
| kl                    | 0.0071   |
| loss_pi               | -0.0123  |
| loss_v                | 0.0643   |
| lr                    | 0.001    |
| misc/nupdates         | 219      |
| misc/serial_timesteps | 9.01e+05 |
| misc/time_elapsed     | 159      |
| misc/total_timesteps  | 9.01e+05 |
| ratio_max             | 2.21     |
| ratio_min             | 0.622    |
| ret_avg               | 1.16     |
| ret_max               | 4.99     |
| ret_med               | 0.217    |
| ret_min               | -0.759   |
| ret_var               | 3.16     |
------------------------------------
------------------------------------
| action_max            | 14       |
| action_min            | 0        |
| adv_avg               | -0.729   |
| adv_max               | 0.686    |
| adv_med               | -0.756   |
| adv_min               | -2.31    |
| adv_var               | 0.0522   |
| clipfrac              | 0.0996   |
| curr_lr               | 0.001    |
| entropy               | 2.49     |
| eplenmean             | 293      |
| eprewmean             | 5.1      |
| fps                   | 5.75e+03 |
| grad_norm             | 3.06     |
| kl                    | 0.00763  |
| loss_pi               | -0.0147  |
| loss_v                | 0.0249   |
| lr                    | 0.001    |
| misc/nupdates         | 229      |
| misc/serial_timesteps | 9.42e+05 |
| misc/time_elapsed     | 166      |
| misc/total_timesteps  | 9.42e+05 |
| ratio_max             | 1.91     |
| ratio_min             | 0.391    |
| ret_avg               | 1.2      |
| ret_max               | 4.6      |
| ret_med               | -0.00527 |
| ret_min               | -0.751   |
| ret_var               | 3.53     |
------------------------------------
------------------------------------
| action_max            | 14       |
| action_min            | 0        |
| adv_avg               | -0.748   |
| adv_max               | 0.896    |
| adv_med               | -0.747   |
| adv_min               | -1.35    |
| adv_var               | 0.0214   |
| clipfrac              | 0.084    |
| curr_lr               | 0.001    |
| entropy               | 2.59     |
| eplenmean             | 355      |
| eprewmean             | 4.2      |
| fps                   | 5.69e+03 |
| grad_norm             | 0.894    |
| kl                    | 0.00706  |
| loss_pi               | -0.00261 |
| loss_v                | 0.00744  |
| lr                    | 0.001    |
| misc/nupdates         | 239      |
| misc/serial_timesteps | 9.83e+05 |
| misc/time_elapsed     | 173      |
| misc/total_timesteps  | 9.83e+05 |
| ratio_max             | 1.85     |
| ratio_min             | 0.622    |
| ret_avg               | 0.388    |
| ret_max               | 3.49     |
| ret_med               | -0.509   |
| ret_min               | -0.742   |
| ret_var               | 2.06     |
------------------------------------
------------------------------------
| action_max            | 14       |
| action_min            | 0        |
| adv_avg               | -0.729   |
| adv_max               | 1.07     |
| adv_med               | -0.738   |
| adv_min               | -2.41    |
| adv_var               | 0.0598   |
| clipfrac              | 0.0781   |
| curr_lr               | 0.001    |
| entropy               | 2.4      |
| eplenmean             | 265      |
| eprewmean             | 4.4      |
| fps                   | 5.79e+03 |
| grad_norm             | 0.998    |
| kl                    | 0.00602  |
| loss_pi               | -0.0138  |
| loss_v                | 0.0188   |
| lr                    | 0.001    |
| misc/nupdates         | 249      |
| misc/serial_timesteps | 1.02e+06 |
| misc/time_elapsed     | 181      |
| misc/total_timesteps  | 1.02e+06 |
| ratio_max             | 1.55     |
| ratio_min             | 0.726    |
| ret_avg               | 1.24     |
| ret_max               | 4.17     |
| ret_med               | 0.33     |
| ret_min               | -0.734   |
| ret_var               | 3.41     |
------------------------------------
------------------------------------
| action_max            | 14       |
| action_min            | 0        |
| adv_avg               | -0.744   |
| adv_max               | 0.793    |
| adv_med               | -0.735   |
| adv_min               | -3.25    |
| adv_var               | 0.0807   |
| clipfrac              | 0.18     |
| curr_lr               | 0.001    |
| entropy               | 2.45     |
| eplenmean             | 293      |
| eprewmean             | 4.3      |
| fps                   | 5.61e+03 |
| grad_norm             | 1.84     |
| kl                    | 0.0105   |
| loss_pi               | -0.0235  |
| loss_v                | 0.0568   |
| lr                    | 0.001    |
| misc/nupdates         | 259      |
| misc/serial_timesteps | 1.06e+06 |
| misc/time_elapsed     | 188      |
| misc/total_timesteps  | 1.06e+06 |
| ratio_max             | 2.04     |
| ratio_min             | 0.469    |
| ret_avg               | 0.556    |
| ret_max               | 3.96     |
| ret_med               | -0.529   |
| ret_min               | -0.731   |
| ret_var               | 2.73     |
------------------------------------
------------------------------------
| action_max            | 14       |
| action_min            | 0        |
| adv_avg               | -0.711   |
| adv_max               | 1.26     |
| adv_med               | -0.73    |
| adv_min               | -1.77    |
| adv_var               | 0.0417   |
| clipfrac              | 0.154    |
| curr_lr               | 0.001    |
| entropy               | 2.43     |
| eplenmean             | 307      |
| eprewmean             | 3.1      |
| fps                   | 4.88e+03 |
| grad_norm             | 1.54     |
| kl                    | 0.0108   |
| loss_pi               | -0.0261  |
| loss_v                | 0.0157   |
| lr                    | 0.001    |
| misc/nupdates         | 269      |
| misc/serial_timesteps | 1.11e+06 |
| misc/time_elapsed     | 196      |
| misc/total_timesteps  | 1.11e+06 |
| ratio_max             | 1.67     |
| ratio_min             | 0.432    |
| ret_avg               | 0.438    |
| ret_max               | 3.87     |
| ret_med               | -0.534   |
| ret_min               | -0.726   |
| ret_var               | 2.25     |
------------------------------------
------------------------------------
| action_max            | 14       |
| action_min            | 0        |
| adv_avg               | -0.736   |
| adv_max               | 0.194    |
| adv_med               | -0.722   |
| adv_min               | -1.61    |
| adv_var               | 0.0195   |
| clipfrac              | 0.0938   |
| curr_lr               | 0.001    |
| entropy               | 2.23     |
| eplenmean             | 276      |
| eprewmean             | 4.1      |
| fps                   | 5.11e+03 |
| grad_norm             | 1.07     |
| kl                    | 0.0101   |
| loss_pi               | -0.0293  |
| loss_v                | 0.00978  |
| lr                    | 0.001    |
| misc/nupdates         | 279      |
| misc/serial_timesteps | 1.15e+06 |
| misc/time_elapsed     | 204      |
| misc/total_timesteps  | 1.15e+06 |
| ratio_max             | 1.79     |
| ratio_min             | 0.602    |
| ret_avg               | 0.612    |
| ret_max               | 3.81     |
| ret_med               | -0.556   |
| ret_min               | -0.719   |
| ret_var               | 2.88     |
------------------------------------
------------------------------------
| action_max            | 14       |
| action_min            | 0        |
| adv_avg               | -0.732   |
| adv_max               | 0.257    |
| adv_med               | -0.716   |
| adv_min               | -2.26    |
| adv_var               | 0.019    |
| clipfrac              | 0.0762   |
| curr_lr               | 0.001    |
| entropy               | 2.44     |
| eplenmean             | 305      |
| eprewmean             | 3.73     |
| fps                   | 5.02e+03 |
| grad_norm             | 0.863    |
| kl                    | 0.00723  |
| loss_pi               | -0.0233  |
| loss_v                | 0.00736  |
| lr                    | 0.001    |
| misc/nupdates         | 289      |
| misc/serial_timesteps | 1.19e+06 |
| misc/time_elapsed     | 212      |
| misc/total_timesteps  | 1.19e+06 |
| ratio_max             | 1.54     |
| ratio_min             | 0.428    |
| ret_avg               | 0.0103   |
| ret_max               | 3.68     |
| ret_med               | -0.578   |
| ret_min               | -0.714   |
| ret_var               | 1.65     |
------------------------------------
------------------------------------
| action_max            | 14       |
| action_min            | 0        |
| adv_avg               | -0.702   |
| adv_max               | 0.504    |
| adv_med               | -0.714   |
| adv_min               | -1.32    |
| adv_var               | 0.0228   |
| clipfrac              | 0.0684   |
| curr_lr               | 0.001    |
| entropy               | 2.47     |
| eplenmean             | 278      |
| eprewmean             | 4        |
| fps                   | 5.13e+03 |
| grad_norm             | 1.67     |
| kl                    | 0.00562  |
| loss_pi               | -0.0184  |
| loss_v                | 0.0137   |
| lr                    | 0.001    |
| misc/nupdates         | 299      |
| misc/serial_timesteps | 1.23e+06 |
| misc/time_elapsed     | 220      |
| misc/total_timesteps  | 1.23e+06 |
| ratio_max             | 1.54     |
| ratio_min             | 0.596    |
| ret_avg               | 0.154    |
| ret_max               | 3.62     |
| ret_med               | -0.562   |
| ret_min               | -0.711   |
| ret_var               | 1.83     |
------------------------------------
------------------------------------
| action_max            | 14       |
| action_min            | 0        |
| adv_avg               | -0.736   |
| adv_max               | 0.0872   |
| adv_med               | -0.709   |
| adv_min               | -1.98    |
| adv_var               | 0.0245   |
| clipfrac              | 0.104    |
| curr_lr               | 0.001    |
| entropy               | 2.26     |
| eplenmean             | 286      |
| eprewmean             | 3.86     |
| fps                   | 5.34e+03 |
| grad_norm             | 1.81     |
| kl                    | 0.0132   |
| loss_pi               | -0.0334  |
| loss_v                | 0.0119   |
| lr                    | 0.001    |
| misc/nupdates         | 309      |
| misc/serial_timesteps | 1.27e+06 |
| misc/time_elapsed     | 228      |
| misc/total_timesteps  | 1.27e+06 |
| ratio_max             | 1.77     |
| ratio_min             | 0.147    |
| ret_avg               | 0.241    |
| ret_max               | 3.52     |
| ret_med               | -0.572   |
| ret_min               | -0.707   |
| ret_var               | 1.78     |
------------------------------------
------------------------------------
| action_max            | 14       |
| action_min            | 0        |
| adv_avg               | -0.705   |
| adv_max               | -0.597   |
| adv_med               | -0.701   |
| adv_min               | -0.94    |
| adv_var               | 0.000558 |
| clipfrac              | 0.0684   |
| curr_lr               | 0.001    |
| entropy               | 2.6      |
| eplenmean             | 259      |
| eprewmean             | 4        |
| fps                   | 5.03e+03 |
| grad_norm             | 0.455    |
| kl                    | 0.00599  |
| loss_pi               | -0.0143  |
| loss_v                | 0.000886 |
| lr                    | 0.001    |
| misc/nupdates         | 319      |
| misc/serial_timesteps | 1.31e+06 |
| misc/time_elapsed     | 236      |
| misc/total_timesteps  | 1.31e+06 |
| ratio_max             | 1.76     |
| ratio_min             | 0.446    |
| ret_avg               | -0.606   |
| ret_max               | 2.82     |
| ret_med               | -0.62    |
| ret_min               | -0.699   |
| ret_var               | 0.007    |
------------------------------------
------------------------------------
| action_max            | 14       |
| action_min            | 0        |
| adv_avg               | -0.67    |
| adv_max               | 1.06     |
| adv_med               | -0.699   |
| adv_min               | -1.74    |
| adv_var               | 0.0307   |
| clipfrac              | 0.0703   |
| curr_lr               | 0.001    |
| entropy               | 1.99     |
| eplenmean             | 253      |
| eprewmean             | 4.7      |
| fps                   | 5.19e+03 |
| grad_norm             | 1.68     |
| kl                    | 0.0076   |
| loss_pi               | -0.022   |
| loss_v                | 0.016    |
| lr                    | 0.001    |
| misc/nupdates         | 329      |
| misc/serial_timesteps | 1.35e+06 |
| misc/time_elapsed     | 244      |
| misc/total_timesteps  | 1.35e+06 |
| ratio_max             | 1.76     |
| ratio_min             | 0.614    |
| ret_avg               | 0.797    |
| ret_max               | 3.37     |
| ret_med               | -0.465   |
| ret_min               | -0.698   |
| ret_var               | 2.44     |
------------------------------------
------------------------------------
| action_max            | 14       |
| action_min            | 0        |
| adv_avg               | -0.68    |
| adv_max               | 0.226    |
| adv_med               | -0.695   |
| adv_min               | -1.96    |
| adv_var               | 0.0249   |
| clipfrac              | 0.107    |
| curr_lr               | 0.001    |
| entropy               | 1.97     |
| eplenmean             | 240      |
| eprewmean             | 4.7      |
| fps                   | 5.08e+03 |
| grad_norm             | 1.2      |
| kl                    | 0.00943  |
| loss_pi               | -0.0144  |
| loss_v                | 0.0129   |
| lr                    | 0.001    |
| misc/nupdates         | 339      |
| misc/serial_timesteps | 1.39e+06 |
| misc/time_elapsed     | 252      |
| misc/total_timesteps  | 1.39e+06 |
| ratio_max             | 1.68     |
| ratio_min             | 0.458    |
| ret_avg               | 0.661    |
| ret_max               | 3.41     |
| ret_med               | -0.605   |
| ret_min               | -0.693   |
| ret_var               | 2.95     |
------------------------------------
------------------------------------
| action_max            | 14       |
| action_min            | 0        |
| adv_avg               | -0.662   |
| adv_max               | 2.19     |
| adv_med               | -0.69    |
| adv_min               | -1.43    |
| adv_var               | 0.0439   |
| clipfrac              | 0.115    |
| curr_lr               | 0.001    |
| entropy               | 2.29     |
| eplenmean             | 260      |
| eprewmean             | 4.6      |
| fps                   | 5.7e+03  |
| grad_norm             | 1.14     |
| kl                    | 0.0106   |
| loss_pi               | -0.0105  |
| loss_v                | 0.0195   |
| lr                    | 0.001    |
| misc/nupdates         | 349      |
| misc/serial_timesteps | 1.43e+06 |
| misc/time_elapsed     | 260      |
| misc/total_timesteps  | 1.43e+06 |
| ratio_max             | 1.97     |
| ratio_min             | 0.399    |
| ret_avg               | 0.187    |
| ret_max               | 3.31     |
| ret_med               | -0.585   |
| ret_min               | -0.689   |
| ret_var               | 1.92     |
------------------------------------
------------------------------------
| action_max            | 14       |
| action_min            | 0        |
| adv_avg               | -0.686   |
| adv_max               | -0.0315  |
| adv_med               | -0.684   |
| adv_min               | -1.23    |
| adv_var               | 0.00589  |
| clipfrac              | 0.0469   |
| curr_lr               | 0.001    |
| entropy               | 2.53     |
| eplenmean             | 281      |
| eprewmean             | 4.23     |
| fps                   | 5.78e+03 |
| grad_norm             | 0.873    |
| kl                    | 0.00375  |
| loss_pi               | -0.0142  |
| loss_v                | 0.0016   |
| lr                    | 0.001    |
| misc/nupdates         | 359      |
| misc/serial_timesteps | 1.47e+06 |
| misc/time_elapsed     | 267      |
| misc/total_timesteps  | 1.47e+06 |
| ratio_max             | 1.73     |
| ratio_min             | 0.374    |
| ret_avg               | -0.193   |
| ret_max               | 3.24     |
| ret_med               | -0.593   |
| ret_min               | -0.682   |
| ret_var               | 1.22     |
------------------------------------
------------------------------------
| action_max            | 14       |
| action_min            | 0        |
| adv_avg               | -0.66    |
| adv_max               | 0.659    |
| adv_med               | -0.681   |
| adv_min               | -2.07    |
| adv_var               | 0.0244   |
| clipfrac              | 0.0703   |
| curr_lr               | 0.001    |
| entropy               | 2.45     |
| eplenmean             | 321      |
| eprewmean             | 4.7      |
| fps                   | 5.87e+03 |
| grad_norm             | 1.52     |
| kl                    | 0.0064   |
| loss_pi               | -0.0127  |
| loss_v                | 0.0116   |
| lr                    | 0.001    |
| misc/nupdates         | 369      |
| misc/serial_timesteps | 1.52e+06 |
| misc/time_elapsed     | 274      |
| misc/total_timesteps  | 1.52e+06 |
| ratio_max             | 2.69     |
| ratio_min             | 0.595    |
| ret_avg               | 0.0831   |
| ret_max               | 3.19     |
| ret_med               | -0.594   |
| ret_min               | -0.679   |
| ret_var               | 1.46     |
------------------------------------
------------------------------------
| action_max            | 14       |
| action_min            | 0        |
| adv_avg               | -0.674   |
| adv_max               | 1.34     |
| adv_med               | -0.682   |
| adv_min               | -1.49    |
| adv_var               | 0.028    |
| clipfrac              | 0.0566   |
| curr_lr               | 0.001    |
| entropy               | 2.38     |
| eplenmean             | 261      |
| eprewmean             | 4.83     |
| fps                   | 5.68e+03 |
| grad_norm             | 1.97     |
| kl                    | 0.00522  |
| loss_pi               | -0.0109  |
| loss_v                | 0.0172   |
| lr                    | 0.001    |
| misc/nupdates         | 379      |
| misc/serial_timesteps | 1.56e+06 |
| misc/time_elapsed     | 282      |
| misc/total_timesteps  | 1.56e+06 |
| ratio_max             | 1.61     |
| ratio_min             | 0.584    |
| ret_avg               | 0.0691   |
| ret_max               | 3.13     |
| ret_med               | -0.549   |
| ret_min               | -0.679   |
| ret_var               | 1.39     |
------------------------------------
------------------------------------
| action_max            | 14       |
| action_min            | 0        |
| adv_avg               | -0.689   |
| adv_max               | -0.164   |
| adv_med               | -0.682   |
| adv_min               | -1.45    |
| adv_var               | 0.00939  |
| clipfrac              | 0.0801   |
| curr_lr               | 0.001    |
| entropy               | 2.41     |
| eplenmean             | 307      |
| eprewmean             | 4.43     |
| fps                   | 5.87e+03 |
| grad_norm             | 0.901    |
| kl                    | 0.00677  |
| loss_pi               | -0.015   |
| loss_v                | 0.00685  |
| lr                    | 0.001    |
| misc/nupdates         | 389      |
| misc/serial_timesteps | 1.6e+06  |
| misc/time_elapsed     | 289      |
| misc/total_timesteps  | 1.6e+06  |
| ratio_max             | 1.74     |
| ratio_min             | 0.599    |
| ret_avg               | 0.114    |
| ret_max               | 3.15     |
| ret_med               | -0.517   |
| ret_min               | -0.678   |
| ret_var               | 1.59     |
------------------------------------
------------------------------------
| action_max            | 14       |
| action_min            | 0        |
| adv_avg               | -0.667   |
| adv_max               | 1.19     |
| adv_med               | -0.679   |
| adv_min               | -1.54    |
| adv_var               | 0.0258   |
| clipfrac              | 0.0723   |
| curr_lr               | 0.001    |
| entropy               | 2.4      |
| eplenmean             | 242      |
| eprewmean             | 4.1      |
| fps                   | 5.59e+03 |
| grad_norm             | 0.908    |
| kl                    | 0.00985  |
| loss_pi               | -0.00267 |
| loss_v                | 0.0104   |
| lr                    | 0.001    |
| misc/nupdates         | 399      |
| misc/serial_timesteps | 1.64e+06 |
| misc/time_elapsed     | 296      |
| misc/total_timesteps  | 1.64e+06 |
| ratio_max             | 5.77     |
| ratio_min             | 0.486    |
| ret_avg               | 0.131    |
| ret_max               | 3.07     |
| ret_med               | -0.533   |
| ret_min               | -0.676   |
| ret_var               | 1.46     |
------------------------------------
------------------------------------
| action_max            | 14       |
| action_min            | 0        |
| adv_avg               | -0.675   |
| adv_max               | 0.449    |
| adv_med               | -0.674   |
| adv_min               | -1.27    |
| adv_var               | 0.00858  |
| clipfrac              | 0.0703   |
| curr_lr               | 0.001    |
| entropy               | 2.46     |
| eplenmean             | 331      |
| eprewmean             | 3.7      |
| fps                   | 5.46e+03 |
| grad_norm             | 0.45     |
| kl                    | 0.00739  |
| loss_pi               | -0.0295  |
| loss_v                | 0.00345  |
| lr                    | 0.001    |
| misc/nupdates         | 409      |
| misc/serial_timesteps | 1.68e+06 |
| misc/time_elapsed     | 303      |
| misc/total_timesteps  | 1.68e+06 |
| ratio_max             | 2.64     |
| ratio_min             | 0.385    |
| ret_avg               | -0.147   |
| ret_max               | 3.23     |
| ret_med               | -0.567   |
| ret_min               | -0.672   |
| ret_var               | 1.25     |
------------------------------------
------------------------------------
| action_max            | 14       |
| action_min            | 0        |
| adv_avg               | -0.671   |
| adv_max               | 0.48     |
| adv_med               | -0.672   |
| adv_min               | -1.33    |
| adv_var               | 0.00777  |
| clipfrac              | 0.0898   |
| curr_lr               | 0.001    |
| entropy               | 2.41     |
| eplenmean             | 275      |
| eprewmean             | 3.93     |
| fps                   | 5.48e+03 |
| grad_norm             | 0.586    |
| kl                    | 0.0124   |
| loss_pi               | -0.0212  |
| loss_v                | 0.0032   |
| lr                    | 0.001    |
| misc/nupdates         | 419      |
| misc/serial_timesteps | 1.72e+06 |
| misc/time_elapsed     | 311      |
| misc/total_timesteps  | 1.72e+06 |
| ratio_max             | 1.66     |
| ratio_min             | 0.286    |
| ret_avg               | -0.133   |
| ret_max               | 3.18     |
| ret_med               | -0.589   |
| ret_min               | -0.67    |
| ret_var               | 1.24     |
------------------------------------
------------------------------------
| action_max            | 14       |
| action_min            | 0        |
| adv_avg               | -0.658   |
| adv_max               | 0.202    |
| adv_med               | -0.667   |
| adv_min               | -1.23    |
| adv_var               | 0.00887  |
| clipfrac              | 0.105    |
| curr_lr               | 0.001    |
| entropy               | 2.27     |
| eplenmean             | 326      |
| eprewmean             | 3.5      |
| fps                   | 5.57e+03 |
| grad_norm             | 0.604    |
| kl                    | 0.0108   |
| loss_pi               | -0.0166  |
| loss_v                | 0.00535  |
| lr                    | 0.001    |
| misc/nupdates         | 429      |
| misc/serial_timesteps | 1.76e+06 |
| misc/time_elapsed     | 318      |
| misc/total_timesteps  | 1.76e+06 |
| ratio_max             | 2.84     |
| ratio_min             | 0.556    |
| ret_avg               | -0.113   |
| ret_max               | 3.19     |
| ret_med               | -0.608   |
| ret_min               | -0.666   |
| ret_var               | 1.37     |
------------------------------------
------------------------------------
| action_max            | 14       |
| action_min            | 0        |
| adv_avg               | -0.66    |
| adv_max               | 1.31     |
| adv_med               | -0.661   |
| adv_min               | -2.1     |
| adv_var               | 0.0309   |
| clipfrac              | 0.0996   |
| curr_lr               | 0.001    |
| entropy               | 2.24     |
| eplenmean             | 226      |
| eprewmean             | 5.06     |
| fps                   | 5.5e+03  |
| grad_norm             | 1.66     |
| kl                    | 0.00961  |
| loss_pi               | 0.00644  |
| loss_v                | 0.0136   |
| lr                    | 0.001    |
| misc/nupdates         | 439      |
| misc/serial_timesteps | 1.8e+06  |
| misc/time_elapsed     | 326      |
| misc/total_timesteps  | 1.8e+06  |
| ratio_max             | 1.85     |
| ratio_min             | 0.254    |
| ret_avg               | 0.0262   |
| ret_max               | 3.16     |
| ret_med               | -0.597   |
| ret_min               | -0.66    |
| ret_var               | 1.65     |
------------------------------------
------------------------------------
| action_max            | 14       |
| action_min            | 0        |
| adv_avg               | -0.662   |
| adv_max               | 0.422    |
| adv_med               | -0.659   |
| adv_min               | -1.17    |
| adv_var               | 0.00987  |
| clipfrac              | 0.0723   |
| curr_lr               | 0.001    |
| entropy               | 2.1      |
| eplenmean             | 303      |
| eprewmean             | 3.93     |
| fps                   | 5.75e+03 |
| grad_norm             | 0.757    |
| kl                    | 0.00793  |
| loss_pi               | -0.00925 |
| loss_v                | 0.00809  |
| lr                    | 0.001    |
| misc/nupdates         | 449      |
| misc/serial_timesteps | 1.84e+06 |
| misc/time_elapsed     | 333      |
| misc/total_timesteps  | 1.84e+06 |
| ratio_max             | 2.18     |
| ratio_min             | 0.544    |
| ret_avg               | 0.371    |
| ret_max               | 3.02     |
| ret_med               | -0.575   |
| ret_min               | -0.658   |
| ret_var               | 1.95     |
------------------------------------
------------------------------------
| action_max            | 14       |
| action_min            | 0        |
| adv_avg               | -0.664   |
| adv_max               | -0.0559  |
| adv_med               | -0.657   |
| adv_min               | -1.46    |
| adv_var               | 0.00832  |
| clipfrac              | 0.0488   |
| curr_lr               | 0.001    |
| entropy               | 2.37     |
| eplenmean             | 285      |
| eprewmean             | 4.3      |
| fps                   | 5.4e+03  |
| grad_norm             | 0.944    |
| kl                    | 0.00524  |
| loss_pi               | -0.00368 |
| loss_v                | 0.00599  |
| lr                    | 0.001    |
| misc/nupdates         | 459      |
| misc/serial_timesteps | 1.88e+06 |
| misc/time_elapsed     | 340      |
| misc/total_timesteps  | 1.88e+06 |
| ratio_max             | 1.36     |
| ratio_min             | 0.472    |
| ret_avg               | -0.0576  |
| ret_max               | 3.03     |
| ret_med               | -0.558   |
| ret_min               | -0.655   |
| ret_var               | 1.28     |
------------------------------------
------------------------------------
| action_max            | 14       |
| action_min            | 0        |
| adv_avg               | -0.653   |
| adv_max               | -0.0378  |
| adv_med               | -0.654   |
| adv_min               | -1       |
| adv_var               | 0.00349  |
| clipfrac              | 0.113    |
| curr_lr               | 0.001    |
| entropy               | 2.4      |
| eplenmean             | 315      |
| eprewmean             | 4.4      |
| fps                   | 5.43e+03 |
| grad_norm             | 0.648    |
| kl                    | 0.0101   |
| loss_pi               | -0.0144  |
| loss_v                | 0.00396  |
| lr                    | 0.001    |
| misc/nupdates         | 469      |
| misc/serial_timesteps | 1.93e+06 |
| misc/time_elapsed     | 348      |
| misc/total_timesteps  | 1.93e+06 |
| ratio_max             | 1.83     |
| ratio_min             | 0.0946   |
| ret_avg               | -0.179   |
| ret_max               | 2.99     |
| ret_med               | -0.558   |
| ret_min               | -0.652   |
| ret_var               | 0.946    |
------------------------------------
------------------------------------
| action_max            | 14       |
| action_min            | 0        |
| adv_avg               | -0.645   |
| adv_max               | 2.45     |
| adv_med               | -0.651   |
| adv_min               | -1.48    |
| adv_var               | 0.0316   |
| clipfrac              | 0.0918   |
| curr_lr               | 0.001    |
| entropy               | 2.37     |
| eplenmean             | 312      |
| eprewmean             | 3.4      |
| fps                   | 5.72e+03 |
| grad_norm             | 1.88     |
| kl                    | 0.00784  |
| loss_pi               | -0.0137  |
| loss_v                | 0.0283   |
| lr                    | 0.001    |
| misc/nupdates         | 479      |
| misc/serial_timesteps | 1.97e+06 |
| misc/time_elapsed     | 355      |
| misc/total_timesteps  | 1.97e+06 |
| ratio_max             | 2.11     |
| ratio_min             | 0.558    |
| ret_avg               | 0.0111   |
| ret_max               | 3.06     |
| ret_med               | -0.524   |
| ret_min               | -0.649   |
| ret_var               | 1.22     |
------------------------------------
------------------------------------
| action_max            | 14       |
| action_min            | 0        |
| adv_avg               | -0.654   |
| adv_max               | -0.297   |
| adv_med               | -0.648   |
| adv_min               | -1.2     |
| adv_var               | 0.00152  |
| clipfrac              | 0.0859   |
| curr_lr               | 0.001    |
| entropy               | 2.59     |
| eplenmean             | 290      |
| eprewmean             | 3.53     |
| fps                   | 5.84e+03 |
| grad_norm             | 0.511    |
| kl                    | 0.0107   |
| loss_pi               | -0.00512 |
| loss_v                | 0.00076  |
| lr                    | 0.001    |
| misc/nupdates         | 489      |
| misc/serial_timesteps | 2.01e+06 |
| misc/time_elapsed     | 362      |
| misc/total_timesteps  | 2.01e+06 |
| ratio_max             | 2.02     |
| ratio_min             | 0.33     |
| ret_avg               | -0.395   |
| ret_max               | 2.99     |
| ret_med               | -0.555   |
| ret_min               | -0.646   |
| ret_var               | 0.459    |
------------------------------------
------------------------------------
| action_max            | 14       |
| action_min            | 0        |
| adv_avg               | -0.635   |
| adv_max               | 0.199    |
| adv_med               | -0.646   |
| adv_min               | -1.38    |
| adv_var               | 0.0147   |
| clipfrac              | 0.129    |
| curr_lr               | 0.001    |
| entropy               | 2.1      |
| eplenmean             | 222      |
| eprewmean             | 3.3      |
| fps                   | 5.59e+03 |
| grad_norm             | 0.771    |
| kl                    | 0.0125   |
| loss_pi               | -0.0202  |
| loss_v                | 0.0106   |
| lr                    | 0.001    |
| misc/nupdates         | 499      |
| misc/serial_timesteps | 2.05e+06 |
| misc/time_elapsed     | 369      |
| misc/total_timesteps  | 2.05e+06 |
| ratio_max             | 2.13     |
| ratio_min             | 0.493    |
| ret_avg               | 0.327    |
| ret_max               | 2.98     |
| ret_med               | -0.573   |
| ret_min               | -0.645   |
| ret_var               | 1.69     |
------------------------------------
------------------------------------
| action_max            | 14       |
| action_min            | 0        |
| adv_avg               | -0.622   |
| adv_max               | 1.63     |
| adv_med               | -0.644   |
| adv_min               | -1.02    |
| adv_var               | 0.0248   |
| clipfrac              | 0.0371   |
| curr_lr               | 0.001    |
| entropy               | 2.49     |
| eplenmean             | 267      |
| eprewmean             | 4.56     |
| fps                   | 5.79e+03 |
| grad_norm             | 0.842    |
| kl                    | 0.00478  |
| loss_pi               | -0.00365 |
| loss_v                | 0.0108   |
| lr                    | 0.001    |
| misc/nupdates         | 509      |
| misc/serial_timesteps | 2.09e+06 |
| misc/time_elapsed     | 376      |
| misc/total_timesteps  | 2.09e+06 |
| ratio_max             | 2.86     |
| ratio_min             | 0.505    |
| ret_avg               | -0.277   |
| ret_max               | 2.98     |
| ret_med               | -0.557   |
| ret_min               | -0.642   |
| ret_var               | 0.781    |
------------------------------------
------------------------------------
| action_max            | 14       |
| action_min            | 0        |
| adv_avg               | -0.631   |
| adv_max               | 0.973    |
| adv_med               | -0.642   |
| adv_min               | -1.52    |
| adv_var               | 0.0229   |
| clipfrac              | 0.139    |
| curr_lr               | 0.001    |
| entropy               | 2.39     |
| eplenmean             | 349      |
| eprewmean             | 3.83     |
| fps                   | 5.92e+03 |
| grad_norm             | 0.65     |
| kl                    | 0.0112   |
| loss_pi               | -0.0215  |
| loss_v                | 0.00674  |
| lr                    | 0.001    |
| misc/nupdates         | 519      |
| misc/serial_timesteps | 2.13e+06 |
| misc/time_elapsed     | 384      |
| misc/total_timesteps  | 2.13e+06 |
| ratio_max             | 1.89     |
| ratio_min             | 0.2      |
| ret_avg               | -0.0761  |
| ret_max               | 3.02     |
| ret_med               | -0.534   |
| ret_min               | -0.64    |
| ret_var               | 1.11     |
------------------------------------
------------------------------------
| action_max            | 14       |
| action_min            | 0        |
| adv_avg               | -0.612   |
| adv_max               | 2.82     |
| adv_med               | -0.64    |
| adv_min               | -1.24    |
| adv_var               | 0.0443   |
| clipfrac              | 0.109    |
| curr_lr               | 0.001    |
| entropy               | 2.49     |
| eplenmean             | 331      |
| eprewmean             | 3.59     |
| fps                   | 5.79e+03 |
| grad_norm             | 0.864    |
| kl                    | 0.0116   |
| loss_pi               | -0.0123  |
| loss_v                | 0.0224   |
| lr                    | 0.001    |
| misc/nupdates         | 529      |
| misc/serial_timesteps | 2.17e+06 |
| misc/time_elapsed     | 391      |
| misc/total_timesteps  | 2.17e+06 |
| ratio_max             | 1.7      |
| ratio_min             | 0.296    |
| ret_avg               | -0.126   |
| ret_max               | 2.97     |
| ret_med               | -0.498   |
| ret_min               | -0.638   |
| ret_var               | 0.962    |
------------------------------------
------------------------------------
| action_max            | 14       |
| action_min            | 0        |
| adv_avg               | -0.651   |
| adv_max               | 1.04     |
| adv_med               | -0.645   |
| adv_min               | -1.68    |
| adv_var               | 0.0176   |
| clipfrac              | 0.148    |
| curr_lr               | 0.001    |
| entropy               | 2.16     |
| eplenmean             | 290      |
| eprewmean             | 4.42     |
| fps                   | 5.32e+03 |
| grad_norm             | 0.957    |
| kl                    | 0.0134   |
| loss_pi               | -0.022   |
| loss_v                | 0.00874  |
| lr                    | 0.001    |
| misc/nupdates         | 539      |
| misc/serial_timesteps | 2.21e+06 |
| misc/time_elapsed     | 398      |
| misc/total_timesteps  | 2.21e+06 |
| ratio_max             | 2.8      |
| ratio_min             | 0.539    |
| ret_avg               | 0.554    |
| ret_max               | 2.96     |
| ret_med               | -0.392   |
| ret_min               | -0.639   |
| ret_var               | 1.94     |
------------------------------------
------------------------------------
| action_max            | 14       |
| action_min            | 0        |
| adv_avg               | -0.645   |
| adv_max               | 0.136    |
| adv_med               | -0.644   |
| adv_min               | -1.26    |
| adv_var               | 0.0103   |
| clipfrac              | 0.109    |
| curr_lr               | 0.001    |
| entropy               | 2.18     |
| eplenmean             | 283      |
| eprewmean             | 3.85     |
| fps                   | 5.51e+03 |
| grad_norm             | 0.718    |
| kl                    | 0.0131   |
| loss_pi               | -0.034   |
| loss_v                | 0.00614  |
| lr                    | 0.001    |
| misc/nupdates         | 549      |
| misc/serial_timesteps | 2.25e+06 |
| misc/time_elapsed     | 405      |
| misc/total_timesteps  | 2.25e+06 |
| ratio_max             | 1.96     |
| ratio_min             | 0.427    |
| ret_avg               | 0.31     |
| ret_max               | 3.15     |
| ret_med               | -0.451   |
| ret_min               | -0.639   |
| ret_var               | 1.87     |
------------------------------------
------------------------------------
| action_max            | 14       |
| action_min            | 0        |
| adv_avg               | -0.662   |
| adv_max               | 0.338    |
| adv_med               | -0.647   |
| adv_min               | -2.31    |
| adv_var               | 0.0222   |
| clipfrac              | 0.105    |
| curr_lr               | 0.001    |
| entropy               | 2.07     |
| eplenmean             | 248      |
| eprewmean             | 4.72     |
| fps                   | 5.12e+03 |
| grad_norm             | 0.565    |
| kl                    | 0.011    |
| loss_pi               | -0.0282  |
| loss_v                | 0.0114   |
| lr                    | 0.001    |
| misc/nupdates         | 559      |
| misc/serial_timesteps | 2.29e+06 |
| misc/time_elapsed     | 413      |
| misc/total_timesteps  | 2.29e+06 |
| ratio_max             | 2.25     |
| ratio_min             | 0.478    |
| ret_avg               | 0.522    |
| ret_max               | 2.92     |
| ret_med               | -0.412   |
| ret_min               | -0.64    |
| ret_var               | 1.98     |
------------------------------------
------------------------------------
| action_max            | 14       |
| action_min            | 0        |
| adv_avg               | -0.635   |
| adv_max               | 0.256    |
| adv_med               | -0.645   |
| adv_min               | -1.19    |
| adv_var               | 0.00894  |
| clipfrac              | 0.182    |
| curr_lr               | 0.001    |
| entropy               | 1.98     |
| eplenmean             | 240      |
| eprewmean             | 5.36     |
| fps                   | 5.01e+03 |
| grad_norm             | 0.96     |
| kl                    | 0.0158   |
| loss_pi               | -0.0126  |
| loss_v                | 0.00505  |
| lr                    | 0.001    |
| misc/nupdates         | 569      |
| misc/serial_timesteps | 2.33e+06 |
| misc/time_elapsed     | 422      |
| misc/total_timesteps  | 2.33e+06 |
| ratio_max             | 3.2      |
| ratio_min             | 0.37     |
| ret_avg               | 0.297    |
| ret_max               | 2.88     |
| ret_med               | -0.489   |
| ret_min               | -0.643   |
| ret_var               | 1.74     |
------------------------------------
------------------------------------
| action_max            | 14       |
| action_min            | 0        |
| adv_avg               | -0.647   |
| adv_max               | 0.0172   |
| adv_med               | -0.645   |
| adv_min               | -1.93    |
| adv_var               | 0.0119   |
| clipfrac              | 0.129    |
| curr_lr               | 0.001    |
| entropy               | 1.96     |
| eplenmean             | 302      |
| eprewmean             | 4.26     |
| fps                   | 4.96e+03 |
| grad_norm             | 0.741    |
| kl                    | 0.0129   |
| loss_pi               | -0.0283  |
| loss_v                | 0.00652  |
| lr                    | 0.001    |
| misc/nupdates         | 579      |
| misc/serial_timesteps | 2.38e+06 |
| misc/time_elapsed     | 430      |
| misc/total_timesteps  | 2.38e+06 |
| ratio_max             | 1.65     |
| ratio_min             | 0.414    |
| ret_avg               | 0.435    |
| ret_max               | 2.89     |
| ret_med               | -0.526   |
| ret_min               | -0.644   |
| ret_var               | 1.89     |
------------------------------------
------------------------------------
| action_max            | 14       |
| action_min            | 0        |
| adv_avg               | -0.604   |
| adv_max               | 1.49     |
| adv_med               | -0.644   |
| adv_min               | -1.07    |
| adv_var               | 0.0441   |
| clipfrac              | 0.127    |
| curr_lr               | 0.001    |
| entropy               | 2.02     |
| eplenmean             | 241      |
| eprewmean             | 4.48     |
| fps                   | 4.91e+03 |
| grad_norm             | 0.927    |
| kl                    | 0.014    |
| loss_pi               | -0.0117  |
| loss_v                | 0.0136   |
| lr                    | 0.001    |
| misc/nupdates         | 589      |
| misc/serial_timesteps | 2.42e+06 |
| misc/time_elapsed     | 438      |
| misc/total_timesteps  | 2.42e+06 |
| ratio_max             | 2        |
| ratio_min             | 0.398    |
| ret_avg               | 0.207    |
| ret_max               | 2.86     |
| ret_med               | -0.528   |
| ret_min               | -0.643   |
| ret_var               | 1.65     |
------------------------------------
------------------------------------
| action_max            | 14       |
| action_min            | 0        |
| adv_avg               | -0.643   |
| adv_max               | 0.259    |
| adv_med               | -0.646   |
| adv_min               | -1.53    |
| adv_var               | 0.0158   |
| clipfrac              | 0.193    |
| curr_lr               | 0.001    |
| entropy               | 1.97     |
| eplenmean             | 258      |
| eprewmean             | 4.98     |
| fps                   | 5.38e+03 |
| grad_norm             | 0.475    |
| kl                    | 0.0182   |
| loss_pi               | -0.0268  |
| loss_v                | 0.00972  |
| lr                    | 0.001    |
| misc/nupdates         | 599      |
| misc/serial_timesteps | 2.46e+06 |
| misc/time_elapsed     | 446      |
| misc/total_timesteps  | 2.46e+06 |
| ratio_max             | 1.97     |
| ratio_min             | 0.352    |
| ret_avg               | 0.385    |
| ret_max               | 2.81     |
| ret_med               | -0.477   |
| ret_min               | -0.644   |
| ret_var               | 1.5      |
------------------------------------
------------------------------------
| action_max            | 14       |
| action_min            | 0        |
| adv_avg               | -0.635   |
| adv_max               | 0.486    |
| adv_med               | -0.649   |
| adv_min               | -2.69    |
| adv_var               | 0.0472   |
| clipfrac              | 0.193    |
| curr_lr               | 0.001    |
| entropy               | 1.84     |
| eplenmean             | 323      |
| eprewmean             | 3.71     |
| fps                   | 5.45e+03 |
| grad_norm             | 1.24     |
| kl                    | 0.0146   |
| loss_pi               | -0.0286  |
| loss_v                | 0.0195   |
| lr                    | 0.001    |
| misc/nupdates         | 609      |
| misc/serial_timesteps | 2.5e+06  |
| misc/time_elapsed     | 453      |
| misc/total_timesteps  | 2.5e+06  |
| ratio_max             | 1.86     |
| ratio_min             | 0.531    |
| ret_avg               | 0.861    |
| ret_max               | 2.92     |
| ret_med               | 0.656    |
| ret_min               | -0.646   |
| ret_var               | 1.72     |
------------------------------------
------------------------------------
| action_max            | 14       |
| action_min            | 0        |
| adv_avg               | -0.641   |
| adv_max               | 0.0762   |
| adv_med               | -0.65    |
| adv_min               | -1.88    |
| adv_var               | 0.0156   |
| clipfrac              | 0.195    |
| curr_lr               | 0.001    |
| entropy               | 2.05     |
| eplenmean             | 234      |
| eprewmean             | 4.61     |
| fps                   | 5.52e+03 |
| grad_norm             | 0.637    |
| kl                    | 0.0172   |
| loss_pi               | -0.0382  |
| loss_v                | 0.0108   |
| lr                    | 0.001    |
| misc/nupdates         | 619      |
| misc/serial_timesteps | 2.54e+06 |
| misc/time_elapsed     | 461      |
| misc/total_timesteps  | 2.54e+06 |
| ratio_max             | 2.24     |
| ratio_min             | 0.497    |
| ret_avg               | 0.309    |
| ret_max               | 2.77     |
| ret_med               | -0.461   |
| ret_min               | -0.648   |
| ret_var               | 1.61     |
------------------------------------
------------------------------------
| action_max            | 14       |
| action_min            | 0        |
| adv_avg               | -0.634   |
| adv_max               | 0.432    |
| adv_med               | -0.649   |
| adv_min               | -1.28    |
| adv_var               | 0.0148   |
| clipfrac              | 0.133    |
| curr_lr               | 0.001    |
| entropy               | 2.05     |
| eplenmean             | 221      |
| eprewmean             | 4.31     |
| fps                   | 5.64e+03 |
| grad_norm             | 0.862    |
| kl                    | 0.0132   |
| loss_pi               | -0.0197  |
| loss_v                | 0.0151   |
| lr                    | 0.001    |
| misc/nupdates         | 629      |
| misc/serial_timesteps | 2.58e+06 |
| misc/time_elapsed     | 468      |
| misc/total_timesteps  | 2.58e+06 |
| ratio_max             | 1.75     |
| ratio_min             | 0.396    |
| ret_avg               | 0.227    |
| ret_max               | 2.78     |
| ret_med               | -0.457   |
| ret_min               | -0.649   |
| ret_var               | 1.49     |
------------------------------------
------------------------------------
| action_max            | 14       |
| action_min            | 0        |
| adv_avg               | -0.645   |
| adv_max               | 0.297    |
| adv_med               | -0.652   |
| adv_min               | -1.25    |
| adv_var               | 0.0111   |
| clipfrac              | 0.164    |
| curr_lr               | 0.001    |
| entropy               | 1.96     |
| eplenmean             | 319      |
| eprewmean             | 4.5      |
| fps                   | 5.7e+03  |
| grad_norm             | 1.08     |
| kl                    | 0.0176   |
| loss_pi               | -0.0255  |
| loss_v                | 0.00835  |
| lr                    | 0.001    |
| misc/nupdates         | 639      |
| misc/serial_timesteps | 2.62e+06 |
| misc/time_elapsed     | 475      |
| misc/total_timesteps  | 2.62e+06 |
| ratio_max             | 3.16     |
| ratio_min             | 0.258    |
| ret_avg               | 0.238    |
| ret_max               | 2.76     |
| ret_med               | -0.468   |
| ret_min               | -0.649   |
| ret_var               | 1.46     |
------------------------------------
------------------------------------
| action_max            | 14       |
| action_min            | 0        |
| adv_avg               | -0.632   |
| adv_max               | 1.1      |
| adv_med               | -0.649   |
| adv_min               | -1.17    |
| adv_var               | 0.0234   |
| clipfrac              | 0.148    |
| curr_lr               | 0.001    |
| entropy               | 2.18     |
| eplenmean             | 349      |
| eprewmean             | 4.17     |
| fps                   | 5.85e+03 |
| grad_norm             | 2.31     |
| kl                    | 0.0118   |
| loss_pi               | -0.0204  |
| loss_v                | 0.00956  |
| lr                    | 0.001    |
| misc/nupdates         | 649      |
| misc/serial_timesteps | 2.66e+06 |
| misc/time_elapsed     | 483      |
| misc/total_timesteps  | 2.66e+06 |
| ratio_max             | 1.92     |
| ratio_min             | 0.544    |
| ret_avg               | 0.193    |
| ret_max               | 2.8      |
| ret_med               | -0.461   |
| ret_min               | -0.649   |
| ret_var               | 1.38     |
------------------------------------
------------------------------------
| action_max            | 14       |
| action_min            | 0        |
| adv_avg               | -0.66    |
| adv_max               | 0.346    |
| adv_med               | -0.655   |
| adv_min               | -1.14    |
| adv_var               | 0.00885  |
| clipfrac              | 0.209    |
| curr_lr               | 0.001    |
| entropy               | 2.21     |
| eplenmean             | 362      |
| eprewmean             | 4.86     |
| fps                   | 5.82e+03 |
| grad_norm             | 0.589    |
| kl                    | 0.017    |
| loss_pi               | -0.0252  |
| loss_v                | 0.00506  |
| lr                    | 0.001    |
| misc/nupdates         | 659      |
| misc/serial_timesteps | 2.7e+06  |
| misc/time_elapsed     | 490      |
| misc/total_timesteps  | 2.7e+06  |
| ratio_max             | 3.32     |
| ratio_min             | 0.525    |
| ret_avg               | -0.108   |
| ret_max               | 2.74     |
| ret_med               | -0.472   |
| ret_min               | -0.65    |
| ret_var               | 0.77     |
------------------------------------
------------------------------------
| action_max            | 14       |
| action_min            | 0        |
| adv_avg               | -0.661   |
| adv_max               | 0.487    |
| adv_med               | -0.66    |
| adv_min               | -1.25    |
| adv_var               | 0.0153   |
| clipfrac              | 0.189    |
| curr_lr               | 0.001    |
| entropy               | 1.94     |
| eplenmean             | 382      |
| eprewmean             | 4.48     |
| fps                   | 5.86e+03 |
| grad_norm             | 0.963    |
| kl                    | 0.0158   |
| loss_pi               | -0.0257  |
| loss_v                | 0.0114   |
| lr                    | 0.001    |
| misc/nupdates         | 669      |
| misc/serial_timesteps | 2.74e+06 |
| misc/time_elapsed     | 497      |
| misc/total_timesteps  | 2.74e+06 |
| ratio_max             | 2.21     |
| ratio_min             | 0.274    |
| ret_avg               | 0.524    |
| ret_max               | 2.85     |
| ret_med               | -0.331   |
| ret_min               | -0.652   |
| ret_var               | 1.82     |
------------------------------------
------------------------------------
| action_max            | 14       |
| action_min            | 0        |
| adv_avg               | -0.659   |
| adv_max               | -0.145   |
| adv_med               | -0.657   |
| adv_min               | -1.32    |
| adv_var               | 0.00923  |
| clipfrac              | 0.203    |
| curr_lr               | 0.001    |
| entropy               | 1.82     |
| eplenmean             | 353      |
| eprewmean             | 4.45     |
| fps                   | 5.81e+03 |
| grad_norm             | 0.937    |
| kl                    | 0.0392   |
| loss_pi               | -0.0374  |
| loss_v                | 0.00733  |
| lr                    | 0.001    |
| misc/nupdates         | 679      |
| misc/serial_timesteps | 2.79e+06 |
| misc/time_elapsed     | 504      |
| misc/total_timesteps  | 2.79e+06 |
| ratio_max             | 2.52     |
| ratio_min             | 0.535    |
| ret_avg               | 0.348    |
| ret_max               | 2.71     |
| ret_med               | -0.246   |
| ret_min               | -0.654   |
| ret_var               | 1.34     |
------------------------------------
------------------------------------
| action_max            | 14       |
| action_min            | 0        |
| adv_avg               | -0.648   |
| adv_max               | 0.862    |
| adv_med               | -0.66    |
| adv_min               | -2.18    |
| adv_var               | 0.0301   |
| clipfrac              | 0.174    |
| curr_lr               | 0.001    |
| entropy               | 1.98     |
| eplenmean             | 350      |
| eprewmean             | 5.24     |
| fps                   | 5.9e+03  |
| grad_norm             | 0.804    |
| kl                    | 0.0183   |
| loss_pi               | -0.0319  |
| loss_v                | 0.0159   |
| lr                    | 0.001    |
| misc/nupdates         | 689      |
| misc/serial_timesteps | 2.83e+06 |
| misc/time_elapsed     | 511      |
| misc/total_timesteps  | 2.83e+06 |
| ratio_max             | 2.18     |
| ratio_min             | 0.385    |
| ret_avg               | 0.336    |
| ret_max               | 2.71     |
| ret_med               | -0.354   |
| ret_min               | -0.655   |
| ret_var               | 1.39     |
------------------------------------
------------------------------------
| action_max            | 14       |
| action_min            | 0        |
| adv_avg               | -0.645   |
| adv_max               | 0.452    |
| adv_med               | -0.658   |
| adv_min               | -1.33    |
| adv_var               | 0.017    |
| clipfrac              | 0.158    |
| curr_lr               | 0.001    |
| entropy               | 2.28     |
| eplenmean             | 348      |
| eprewmean             | 4.41     |
| fps                   | 5.56e+03 |
| grad_norm             | 1.01     |
| kl                    | 0.017    |
| loss_pi               | -0.034   |
| loss_v                | 0.00772  |
| lr                    | 0.001    |
| misc/nupdates         | 699      |
| misc/serial_timesteps | 2.87e+06 |
| misc/time_elapsed     | 518      |
| misc/total_timesteps  | 2.87e+06 |
| ratio_max             | 1.64     |
| ratio_min             | 0.36     |
| ret_avg               | -0.0235  |
| ret_max               | 2.76     |
| ret_med               | -0.453   |
| ret_min               | -0.656   |
| ret_var               | 1.03     |
------------------------------------
------------------------------------
| action_max            | 14       |
| action_min            | 0        |
| adv_avg               | -0.674   |
| adv_max               | 0.14     |
| adv_med               | -0.66    |
| adv_min               | -1.19    |
| adv_var               | 0.00701  |
| clipfrac              | 0.174    |
| curr_lr               | 0.001    |
| entropy               | 2.31     |
| eplenmean             | 361      |
| eprewmean             | 3.96     |
| fps                   | 5.46e+03 |
| grad_norm             | 0.798    |
| kl                    | 0.016    |
| loss_pi               | -0.0225  |
| loss_v                | 0.00585  |
| lr                    | 0.001    |
| misc/nupdates         | 709      |
| misc/serial_timesteps | 2.91e+06 |
| misc/time_elapsed     | 526      |
| misc/total_timesteps  | 2.91e+06 |
| ratio_max             | 2.42     |
| ratio_min             | 0.274    |
| ret_avg               | -0.00375 |
| ret_max               | 2.72     |
| ret_med               | -0.471   |
| ret_min               | -0.656   |
| ret_var               | 0.971    |
------------------------------------
------------------------------------
| action_max            | 14       |
| action_min            | 0        |
| adv_avg               | -0.676   |
| adv_max               | -0.0381  |
| adv_med               | -0.667   |
| adv_min               | -1.4     |
| adv_var               | 0.00746  |
| clipfrac              | 0.225    |
| curr_lr               | 0.001    |
| entropy               | 1.9      |
| eplenmean             | 449      |
| eprewmean             | 4.63     |
| fps                   | 5.58e+03 |
| grad_norm             | 0.94     |
| kl                    | 0.0206   |
| loss_pi               | -0.0378  |
| loss_v                | 0.00499  |
| lr                    | 0.001    |
| misc/nupdates         | 719      |
| misc/serial_timesteps | 2.95e+06 |
| misc/time_elapsed     | 533      |
| misc/total_timesteps  | 2.95e+06 |
| ratio_max             | 2.24     |
| ratio_min             | 0.434    |
| ret_avg               | 0.499    |
| ret_max               | 2.69     |
| ret_med               | -0.419   |
| ret_min               | -0.659   |
| ret_var               | 1.35     |
------------------------------------
------------------------------------
| action_max            | 14       |
| action_min            | 0        |
| adv_avg               | -0.671   |
| adv_max               | 0.776    |
| adv_med               | -0.664   |
| adv_min               | -2.99    |
| adv_var               | 0.0322   |
| clipfrac              | 0.188    |
| curr_lr               | 0.001    |
| entropy               | 2.14     |
| eplenmean             | 450      |
| eprewmean             | 4.34     |
| fps                   | 5.46e+03 |
| grad_norm             | 0.69     |
| kl                    | 0.0168   |
| loss_pi               | -0.0343  |
| loss_v                | 0.018    |
| lr                    | 0.001    |
| misc/nupdates         | 729      |
| misc/serial_timesteps | 2.99e+06 |
| misc/time_elapsed     | 541      |
| misc/total_timesteps  | 2.99e+06 |
| ratio_max             | 1.68     |
| ratio_min             | 0.276    |
| ret_avg               | 0.0697   |
| ret_max               | 2.7      |
| ret_med               | -0.517   |
| ret_min               | -0.662   |
| ret_var               | 0.773    |
------------------------------------
------------------------------------
| action_max            | 14       |
| action_min            | 0        |
| adv_avg               | -0.668   |
| adv_max               | 0.111    |
| adv_med               | -0.666   |
| adv_min               | -1.83    |
| adv_var               | 0.0132   |
| clipfrac              | 0.176    |
| curr_lr               | 0.001    |
| entropy               | 1.98     |
| eplenmean             | 344      |
| eprewmean             | 4.16     |
| fps                   | 5.54e+03 |
| grad_norm             | 0.93     |
| kl                    | 0.0152   |
| loss_pi               | -0.0274  |
| loss_v                | 0.00749  |
| lr                    | 0.001    |
| misc/nupdates         | 739      |
| misc/serial_timesteps | 3.03e+06 |
| misc/time_elapsed     | 548      |
| misc/total_timesteps  | 3.03e+06 |
| ratio_max             | 1.78     |
| ratio_min             | 0.447    |
| ret_avg               | -0.0454  |
| ret_max               | 2.93     |
| ret_med               | -0.471   |
| ret_min               | -0.663   |
| ret_var               | 0.738    |
------------------------------------
------------------------------------
| action_max            | 14       |
| action_min            | 0        |
| adv_avg               | -0.678   |
| adv_max               | 0.333    |
| adv_med               | -0.671   |
| adv_min               | -1.36    |
| adv_var               | 0.00648  |
| clipfrac              | 0.18     |
| curr_lr               | 0.001    |
| entropy               | 1.8      |
| eplenmean             | 388      |
| eprewmean             | 4.45     |
| fps                   | 5.6e+03  |
| grad_norm             | 1.07     |
| kl                    | 0.0222   |
| loss_pi               | -0.0252  |
| loss_v                | 0.00446  |
| lr                    | 0.001    |
| misc/nupdates         | 749      |
| misc/serial_timesteps | 3.07e+06 |
| misc/time_elapsed     | 555      |
| misc/total_timesteps  | 3.07e+06 |
| ratio_max             | 2.89     |
| ratio_min             | 0.404    |
| ret_avg               | 0.0404   |
| ret_max               | 2.8      |
| ret_med               | -0.404   |
| ret_min               | -0.763   |
| ret_var               | 0.775    |
------------------------------------
------------------------------------
| action_max            | 14       |
| action_min            | 0        |
| adv_avg               | -0.701   |
| adv_max               | 0.717    |
| adv_med               | -0.673   |
| adv_min               | -3.44    |
| adv_var               | 0.0379   |
| clipfrac              | 0.223    |
| curr_lr               | 0.001    |
| entropy               | 2.05     |
| eplenmean             | 415      |
| eprewmean             | 4.48     |
| fps                   | 5.52e+03 |
| grad_norm             | 0.663    |
| kl                    | 0.0195   |
| loss_pi               | -0.037   |
| loss_v                | 0.0294   |
| lr                    | 0.001    |
| misc/nupdates         | 759      |
| misc/serial_timesteps | 3.11e+06 |
| misc/time_elapsed     | 563      |
| misc/total_timesteps  | 3.11e+06 |
| ratio_max             | 1.62     |
| ratio_min             | 0.45     |
| ret_avg               | 0.48     |
| ret_max               | 2.67     |
| ret_med               | 0.294    |
| ret_min               | -0.669   |
| ret_var               | 0.917    |
------------------------------------
------------------------------------
| action_max            | 14       |
| action_min            | 0        |
| adv_avg               | -0.662   |
| adv_max               | 0.427    |
| adv_med               | -0.675   |
| adv_min               | -1.08    |
| adv_var               | 0.0126   |
| clipfrac              | 0.238    |
| curr_lr               | 0.001    |
| entropy               | 2.02     |
| eplenmean             | 419      |
| eprewmean             | 4.16     |
| fps                   | 5.51e+03 |
| grad_norm             | 0.647    |
| kl                    | 0.0191   |
| loss_pi               | -0.0357  |
| loss_v                | 0.00543  |
| lr                    | 0.001    |
| misc/nupdates         | 769      |
| misc/serial_timesteps | 3.15e+06 |
| misc/time_elapsed     | 570      |
| misc/total_timesteps  | 3.15e+06 |
| ratio_max             | 1.69     |
| ratio_min             | 0.369    |
| ret_avg               | -0.00458 |
| ret_max               | 2.67     |
| ret_med               | -0.471   |
| ret_min               | -0.673   |
| ret_var               | 0.591    |
------------------------------------
------------------------------------
| action_max            | 14       |
| action_min            | 0        |
| adv_avg               | -0.679   |
| adv_max               | 0.383    |
| adv_med               | -0.679   |
| adv_min               | -1.81    |
| adv_var               | 0.0123   |
| clipfrac              | 0.193    |
| curr_lr               | 0.001    |
| entropy               | 1.81     |
| eplenmean             | 472      |
| eprewmean             | 4.08     |
| fps                   | 5.86e+03 |
| grad_norm             | 0.961    |
| kl                    | 0.0159   |
| loss_pi               | -0.0322  |
| loss_v                | 0.00738  |
| lr                    | 0.001    |
| misc/nupdates         | 779      |
| misc/serial_timesteps | 3.19e+06 |
| misc/time_elapsed     | 577      |
| misc/total_timesteps  | 3.19e+06 |
| ratio_max             | 2.28     |
| ratio_min             | 0.161    |
| ret_avg               | -0.0629  |
| ret_max               | 3.05     |
| ret_med               | -0.426   |
| ret_min               | -0.675   |
| ret_var               | 0.478    |
------------------------------------
------------------------------------
| action_max            | 14       |
| action_min            | 0        |
| adv_avg               | -0.696   |
| adv_max               | 0.356    |
| adv_med               | -0.684   |
| adv_min               | -1.9     |
| adv_var               | 0.0162   |
| clipfrac              | 0.26     |
| curr_lr               | 0.001    |
| entropy               | 1.99     |
| eplenmean             | 530      |
| eprewmean             | 3.36     |
| fps                   | 5.7e+03  |
| grad_norm             | 0.679    |
| kl                    | 0.0199   |
| loss_pi               | -0.0299  |
| loss_v                | 0.00923  |
| lr                    | 0.001    |
| misc/nupdates         | 789      |
| misc/serial_timesteps | 3.24e+06 |
| misc/time_elapsed     | 585      |
| misc/total_timesteps  | 3.24e+06 |
| ratio_max             | 2.33     |
| ratio_min             | 0.395    |
| ret_avg               | -0.00307 |
| ret_max               | 2.69     |
| ret_med               | -0.279   |
| ret_min               | -0.677   |
| ret_var               | 0.455    |
------------------------------------
------------------------------------
| action_max            | 14       |
| action_min            | 0        |
| adv_avg               | -0.681   |
| adv_max               | 0.0196   |
| adv_med               | -0.683   |
| adv_min               | -1.53    |
| adv_var               | 0.00993  |
| clipfrac              | 0.301    |
| curr_lr               | 0.001    |
| entropy               | 2.09     |
| eplenmean             | 463      |
| eprewmean             | 4.12     |
| fps                   | 5.65e+03 |
| grad_norm             | 0.515    |
| kl                    | 0.0245   |
| loss_pi               | -0.0461  |
| loss_v                | 0.00662  |
| lr                    | 0.001    |
| misc/nupdates         | 799      |
| misc/serial_timesteps | 3.28e+06 |
| misc/time_elapsed     | 592      |
| misc/total_timesteps  | 3.28e+06 |
| ratio_max             | 2.16     |
| ratio_min             | 0.174    |
| ret_avg               | -0.257   |
| ret_max               | 2.81     |
| ret_med               | -0.43    |
| ret_min               | -0.679   |
| ret_var               | 0.34     |
------------------------------------
------------------------------------
| action_max            | 14       |
| action_min            | 0        |
| adv_avg               | -0.713   |
| adv_max               | 0.00575  |
| adv_med               | -0.687   |
| adv_min               | -2.94    |
| adv_var               | 0.0243   |
| clipfrac              | 0.209    |
| curr_lr               | 0.001    |
| entropy               | 1.95     |
| eplenmean             | 559      |
| eprewmean             | 3.7      |
| fps                   | 5.77e+03 |
| grad_norm             | 0.683    |
| kl                    | 0.0204   |
| loss_pi               | -0.0356  |
| loss_v                | 0.00981  |
| lr                    | 0.001    |
| misc/nupdates         | 809      |
| misc/serial_timesteps | 3.32e+06 |
| misc/time_elapsed     | 599      |
| misc/total_timesteps  | 3.32e+06 |
| ratio_max             | 1.83     |
| ratio_min             | 0.288    |
| ret_avg               | 0.0624   |
| ret_max               | 2.7      |
| ret_med               | -0.4     |
| ret_min               | -0.679   |
| ret_var               | 0.677    |
------------------------------------
------------------------------------
| action_max            | 14       |
| action_min            | 0        |
| adv_avg               | -0.682   |
| adv_max               | 0.391    |
| adv_med               | -0.685   |
| adv_min               | -1.56    |
| adv_var               | 0.0175   |
| clipfrac              | 0.256    |
| curr_lr               | 0.001    |
| entropy               | 1.96     |
| eplenmean             | 548      |
| eprewmean             | 4.22     |
| fps                   | 5.73e+03 |
| grad_norm             | 0.596    |
| kl                    | 0.0226   |
| loss_pi               | -0.0331  |
| loss_v                | 0.00589  |
| lr                    | 0.001    |
| misc/nupdates         | 819      |
| misc/serial_timesteps | 3.36e+06 |
| misc/time_elapsed     | 606      |
| misc/total_timesteps  | 3.36e+06 |
| ratio_max             | 2.89     |
| ratio_min             | 0.191    |
| ret_avg               | -0.0656  |
| ret_max               | 2.71     |
| ret_med               | -0.423   |
| ret_min               | -0.528   |
| ret_var               | 0.476    |
------------------------------------
------------------------------------
| action_max            | 14       |
| action_min            | 0        |
| adv_avg               | -0.699   |
| adv_max               | 0.335    |
| adv_med               | -0.688   |
| adv_min               | -1.71    |
| adv_var               | 0.0161   |
| clipfrac              | 0.246    |
| curr_lr               | 0.001    |
| entropy               | 1.94     |
| eplenmean             | 525      |
| eprewmean             | 3.24     |
| fps                   | 5.8e+03  |
| grad_norm             | 0.504    |
| kl                    | 0.0231   |
| loss_pi               | -0.0402  |
| loss_v                | 0.0088   |
| lr                    | 0.001    |
| misc/nupdates         | 829      |
| misc/serial_timesteps | 3.4e+06  |
| misc/time_elapsed     | 613      |
| misc/total_timesteps  | 3.4e+06  |
| ratio_max             | 1.86     |
| ratio_min             | 0.306    |
| ret_avg               | -0.0764  |
| ret_max               | 2.05     |
| ret_med               | -0.185   |
| ret_min               | -0.684   |
| ret_var               | 0.333    |
------------------------------------
------------------------------------
| action_max            | 14       |
| action_min            | 0        |
| adv_avg               | -0.7     |
| adv_max               | 0.418    |
| adv_med               | -0.689   |
| adv_min               | -3.37    |
| adv_var               | 0.0463   |
| clipfrac              | 0.238    |
| curr_lr               | 0.001    |
| entropy               | 1.91     |
| eplenmean             | 531      |
| eprewmean             | 2.79     |
| fps                   | 5.8e+03  |
| grad_norm             | 0.498    |
| kl                    | 0.0374   |
| loss_pi               | -0.0469  |
| loss_v                | 0.0365   |
| lr                    | 0.001    |
| misc/nupdates         | 839      |
| misc/serial_timesteps | 3.44e+06 |
| misc/time_elapsed     | 620      |
| misc/total_timesteps  | 3.44e+06 |
| ratio_max             | 3.45     |
| ratio_min             | 0.367    |
| ret_avg               | 0.0281   |
| ret_max               | 2.73     |
| ret_med               | -0.35    |
| ret_min               | -0.685   |
| ret_var               | 0.616    |
------------------------------------
------------------------------------
| action_max            | 14       |
| action_min            | 0        |
| adv_avg               | -0.67    |
| adv_max               | 0.995    |
| adv_med               | -0.69    |
| adv_min               | -2.44    |
| adv_var               | 0.0405   |
| clipfrac              | 0.287    |
| curr_lr               | 0.001    |
| entropy               | 1.93     |
| eplenmean             | 522      |
| eprewmean             | 4.07     |
| fps                   | 5.82e+03 |
| grad_norm             | 0.824    |
| kl                    | 0.0279   |
| loss_pi               | -0.0372  |
| loss_v                | 0.0136   |
| lr                    | 0.001    |
| misc/nupdates         | 849      |
| misc/serial_timesteps | 3.48e+06 |
| misc/time_elapsed     | 627      |
| misc/total_timesteps  | 3.48e+06 |
| ratio_max             | 2.39     |
| ratio_min             | 0.252    |
| ret_avg               | -0.124   |
| ret_max               | 2.84     |
| ret_med               | -0.395   |
| ret_min               | -0.686   |
| ret_var               | 0.414    |
------------------------------------
------------------------------------
| action_max            | 14       |
| action_min            | 0        |
| adv_avg               | -0.692   |
| adv_max               | 0.687    |
| adv_med               | -0.693   |
| adv_min               | -1.45    |
| adv_var               | 0.0228   |
| clipfrac              | 0.264    |
| curr_lr               | 0.001    |
| entropy               | 1.84     |
| eplenmean             | 448      |
| eprewmean             | 3.96     |
| fps                   | 5.77e+03 |
| grad_norm             | 1.19     |
| kl                    | 0.0246   |
| loss_pi               | -0.0359  |
| loss_v                | 0.00966  |
| lr                    | 0.001    |
| misc/nupdates         | 859      |
| misc/serial_timesteps | 3.52e+06 |
| misc/time_elapsed     | 634      |
| misc/total_timesteps  | 3.52e+06 |
| ratio_max             | 1.92     |
| ratio_min             | 0.211    |
| ret_avg               | 0.32     |
| ret_max               | 2.74     |
| ret_med               | -0.334   |
| ret_min               | -0.687   |
| ret_var               | 1.13     |
------------------------------------
------------------------------------
| action_max            | 14       |
| action_min            | 0        |
| adv_avg               | -0.676   |
| adv_max               | 1.14     |
| adv_med               | -0.691   |
| adv_min               | -1.87    |
| adv_var               | 0.0427   |
| clipfrac              | 0.305    |
| curr_lr               | 0.001    |
| entropy               | 1.86     |
| eplenmean             | 433      |
| eprewmean             | 4.04     |
| fps                   | 5.88e+03 |
| grad_norm             | 0.875    |
| kl                    | 0.0268   |
| loss_pi               | -0.0365  |
| loss_v                | 0.0185   |
| lr                    | 0.001    |
| misc/nupdates         | 869      |
| misc/serial_timesteps | 3.56e+06 |
| misc/time_elapsed     | 642      |
| misc/total_timesteps  | 3.56e+06 |
| ratio_max             | 2.74     |
| ratio_min             | 0.189    |
| ret_avg               | 0.386    |
| ret_max               | 2.84     |
| ret_med               | 0.115    |
| ret_min               | -0.688   |
| ret_var               | 0.888    |
------------------------------------
------------------------------------
| action_max            | 14       |
| action_min            | 0        |
| adv_avg               | -0.669   |
| adv_max               | 0.422    |
| adv_med               | -0.692   |
| adv_min               | -1.64    |
| adv_var               | 0.0213   |
| clipfrac              | 0.316    |
| curr_lr               | 0.001    |
| entropy               | 1.92     |
| eplenmean             | 454      |
| eprewmean             | 5.1      |
| fps                   | 5.82e+03 |
| grad_norm             | 0.687    |
| kl                    | 0.0307   |
| loss_pi               | -0.0547  |
| loss_v                | 0.00995  |
| lr                    | 0.001    |
| misc/nupdates         | 879      |
| misc/serial_timesteps | 3.6e+06  |
| misc/time_elapsed     | 649      |
| misc/total_timesteps  | 3.6e+06  |
| ratio_max             | 7        |
| ratio_min             | 0.304    |
| ret_avg               | 0.334    |
| ret_max               | 2.79     |
| ret_med               | -0.441   |
| ret_min               | -0.69    |
| ret_var               | 1.3      |
------------------------------------
------------------------------------
| action_max            | 14       |
| action_min            | 0        |
| adv_avg               | -0.683   |
| adv_max               | 0.797    |
| adv_med               | -0.695   |
| adv_min               | -1.62    |
| adv_var               | 0.033    |
| clipfrac              | 0.26     |
| curr_lr               | 0.001    |
| entropy               | 1.8      |
| eplenmean             | 432      |
| eprewmean             | 4.73     |
| fps                   | 5.78e+03 |
| grad_norm             | 1.51     |
| kl                    | 0.0257   |
| loss_pi               | -0.0446  |
| loss_v                | 0.013    |
| lr                    | 0.001    |
| misc/nupdates         | 889      |
| misc/serial_timesteps | 3.65e+06 |
| misc/time_elapsed     | 656      |
| misc/total_timesteps  | 3.65e+06 |
| ratio_max             | 2.52     |
| ratio_min             | 0.189    |
| ret_avg               | 0.387    |
| ret_max               | 2.77     |
| ret_med               | -0.398   |
| ret_min               | -0.691   |
| ret_var               | 1.38     |
------------------------------------
------------------------------------
| action_max            | 14       |
| action_min            | 0        |
| adv_avg               | -0.698   |
| adv_max               | 0.407    |
| adv_med               | -0.696   |
| adv_min               | -2.68    |
| adv_var               | 0.026    |
| clipfrac              | 0.215    |
| curr_lr               | 0.001    |
| entropy               | 1.62     |
| eplenmean             | 479      |
| eprewmean             | 5.01     |
| fps                   | 5.74e+03 |
| grad_norm             | 0.518    |
| kl                    | 0.0269   |
| loss_pi               | -0.0388  |
| loss_v                | 0.00849  |
| lr                    | 0.001    |
| misc/nupdates         | 899      |
| misc/serial_timesteps | 3.69e+06 |
| misc/time_elapsed     | 663      |
| misc/total_timesteps  | 3.69e+06 |
| ratio_max             | 2.9      |
| ratio_min             | 0.138    |
| ret_avg               | -0.142   |
| ret_max               | 3        |
| ret_med               | -0.463   |
| ret_min               | -0.693   |
| ret_var               | 0.602    |
------------------------------------
------------------------------------
| action_max            | 14       |
| action_min            | 0        |
| adv_avg               | -0.706   |
| adv_max               | 0.36     |
| adv_med               | -0.697   |
| adv_min               | -3.43    |
| adv_var               | 0.0471   |
| clipfrac              | 0.271    |
| curr_lr               | 0.001    |
| entropy               | 1.8      |
| eplenmean             | 481      |
| eprewmean             | 3.85     |
| fps                   | 5.82e+03 |
| grad_norm             | 0.981    |
| kl                    | 0.0274   |
| loss_pi               | -0.0281  |
| loss_v                | 0.0105   |
| lr                    | 0.001    |
| misc/nupdates         | 909      |
| misc/serial_timesteps | 3.73e+06 |
| misc/time_elapsed     | 670      |
| misc/total_timesteps  | 3.73e+06 |
| ratio_max             | 2.22     |
| ratio_min             | 0.244    |
| ret_avg               | -0.0456  |
| ret_max               | 2.75     |
| ret_med               | -0.473   |
| ret_min               | -0.694   |
| ret_var               | 0.717    |
------------------------------------
------------------------------------
| action_max            | 14       |
| action_min            | 0        |
| adv_avg               | -0.695   |
| adv_max               | 0.292    |
| adv_med               | -0.702   |
| adv_min               | -1.37    |
| adv_var               | 0.0162   |
| clipfrac              | 0.197    |
| curr_lr               | 0.001    |
| entropy               | 1.7      |
| eplenmean             | 459      |
| eprewmean             | 4.22     |
| fps                   | 5.68e+03 |
| grad_norm             | 1        |
| kl                    | 0.0156   |
| loss_pi               | -0.0277  |
| loss_v                | 0.0105   |
| lr                    | 0.001    |
| misc/nupdates         | 919      |
| misc/serial_timesteps | 3.77e+06 |
| misc/time_elapsed     | 677      |
| misc/total_timesteps  | 3.77e+06 |
| ratio_max             | 2.75     |
| ratio_min             | 0.322    |
| ret_avg               | -0.16    |
| ret_max               | 2.65     |
| ret_med               | -0.401   |
| ret_min               | -0.695   |
| ret_var               | 0.317    |
------------------------------------
------------------------------------
| action_max            | 14       |
| action_min            | 0        |
| adv_avg               | -0.723   |
| adv_max               | -0.114   |
| adv_med               | -0.701   |
| adv_min               | -2.71    |
| adv_var               | 0.0189   |
| clipfrac              | 0.223    |
| curr_lr               | 0.001    |
| entropy               | 1.85     |
| eplenmean             | 468      |
| eprewmean             | 4.46     |
| fps                   | 5.76e+03 |
| grad_norm             | 0.935    |
| kl                    | 0.0242   |
| loss_pi               | -0.0163  |
| loss_v                | 0.0202   |
| lr                    | 0.001    |
| misc/nupdates         | 929      |
| misc/serial_timesteps | 3.81e+06 |
| misc/time_elapsed     | 684      |
| misc/total_timesteps  | 3.81e+06 |
| ratio_max             | 3.4      |
| ratio_min             | 0.333    |
| ret_avg               | -0.0101  |
| ret_max               | 2.76     |
| ret_med               | -0.459   |
| ret_min               | -0.696   |
| ret_var               | 0.67     |
------------------------------------
------------------------------------
| action_max            | 14       |
| action_min            | 0        |
| adv_avg               | -0.724   |
| adv_max               | -0.0357  |
| adv_med               | -0.703   |
| adv_min               | -3.23    |
| adv_var               | 0.0295   |
| clipfrac              | 0.211    |
| curr_lr               | 0.001    |
| entropy               | 1.72     |
| eplenmean             | 437      |
| eprewmean             | 3.61     |
| fps                   | 5.8e+03  |
| grad_norm             | 1.08     |
| kl                    | 0.0229   |
| loss_pi               | -0.0252  |
| loss_v                | 0.0188   |
| lr                    | 0.001    |
| misc/nupdates         | 939      |
| misc/serial_timesteps | 3.85e+06 |
| misc/time_elapsed     | 691      |
| misc/total_timesteps  | 3.85e+06 |
| ratio_max             | 2.75     |
| ratio_min             | 0.386    |
| ret_avg               | -0.131   |
| ret_max               | 2.76     |
| ret_med               | -0.504   |
| ret_min               | -0.696   |
| ret_var               | 0.5      |
------------------------------------
------------------------------------
| action_max            | 14       |
| action_min            | 0        |
| adv_avg               | -0.689   |
| adv_max               | 0.525    |
| adv_med               | -0.7     |
| adv_min               | -1.52    |
| adv_var               | 0.0189   |
| clipfrac              | 0.225    |
| curr_lr               | 0.001    |
| entropy               | 1.76     |
| eplenmean             | 379      |
| eprewmean             | 4.33     |
| fps                   | 5.75e+03 |
| grad_norm             | 0.566    |
| kl                    | 0.0305   |
| loss_pi               | -0.0348  |
| loss_v                | 0.0147   |
| lr                    | 0.001    |
| misc/nupdates         | 949      |
| misc/serial_timesteps | 3.89e+06 |
| misc/time_elapsed     | 699      |
| misc/total_timesteps  | 3.89e+06 |
| ratio_max             | 2.3      |
| ratio_min             | 0.109    |
| ret_avg               | -0.0926  |
| ret_max               | 2.76     |
| ret_med               | -0.498   |
| ret_min               | -0.696   |
| ret_var               | 0.781    |
------------------------------------
------------------------------------
| action_max            | 14       |
| action_min            | 0        |
| adv_avg               | -0.688   |
| adv_max               | 0.359    |
| adv_med               | -0.7     |
| adv_min               | -1.15    |
| adv_var               | 0.0203   |
| clipfrac              | 0.246    |
| curr_lr               | 0.001    |
| entropy               | 1.71     |
| eplenmean             | 366      |
| eprewmean             | 4.47     |
| fps                   | 5.88e+03 |
| grad_norm             | 1.15     |
| kl                    | 0.0316   |
| loss_pi               | -0.0369  |
| loss_v                | 0.0117   |
| lr                    | 0.001    |
| misc/nupdates         | 959      |
| misc/serial_timesteps | 3.93e+06 |
| misc/time_elapsed     | 706      |
| misc/total_timesteps  | 3.93e+06 |
| ratio_max             | 3.52     |
| ratio_min             | 0.268    |
| ret_avg               | 0.175    |
| ret_max               | 2.76     |
| ret_med               | -0.524   |
| ret_min               | -0.697   |
| ret_var               | 1.25     |
------------------------------------
------------------------------------
| action_max            | 14       |
| action_min            | 0        |
| adv_avg               | -0.704   |
| adv_max               | 0.346    |
| adv_med               | -0.706   |
| adv_min               | -3       |
| adv_var               | 0.0344   |
| clipfrac              | 0.25     |
| curr_lr               | 0.001    |
| entropy               | 1.73     |
| eplenmean             | 366      |
| eprewmean             | 4.09     |
| fps                   | 5.87e+03 |
| grad_norm             | 0.834    |
| kl                    | 0.021    |
| loss_pi               | -0.0433  |
| loss_v                | 0.0214   |
| lr                    | 0.001    |
| misc/nupdates         | 969      |
| misc/serial_timesteps | 3.97e+06 |
| misc/time_elapsed     | 713      |
| misc/total_timesteps  | 3.97e+06 |
| ratio_max             | 2.55     |
| ratio_min             | 0.477    |
| ret_avg               | 0.425    |
| ret_max               | 2.76     |
| ret_med               | -0.276   |
| ret_min               | -0.698   |
| ret_var               | 1.28     |
------------------------------------
------------------------------------
| action_max            | 14       |
| action_min            | 0        |
| adv_avg               | -0.702   |
| adv_max               | 0.406    |
| adv_med               | -0.7     |
| adv_min               | -1.74    |
| adv_var               | 0.024    |
| clipfrac              | 0.303    |
| curr_lr               | 0.001    |
| entropy               | 1.83     |
| eplenmean             | 449      |
| eprewmean             | 4.35     |
| fps                   | 5.52e+03 |
| grad_norm             | 1.19     |
| kl                    | 0.0279   |
| loss_pi               | -0.0502  |
| loss_v                | 0.0167   |
| lr                    | 0.001    |
| misc/nupdates         | 979      |
| misc/serial_timesteps | 4.01e+06 |
| misc/time_elapsed     | 720      |
| misc/total_timesteps  | 4.01e+06 |
| ratio_max             | 3.44     |
| ratio_min             | 0.0647   |
| ret_avg               | 0.281    |
| ret_max               | 2.83     |
| ret_med               | -0.57    |
| ret_min               | -0.697   |
| ret_var               | 1.61     |
------------------------------------
------------------------------------
| action_max            | 14       |
| action_min            | 0        |
| adv_avg               | -0.697   |
| adv_max               | 0.363    |
| adv_med               | -0.698   |
| adv_min               | -2.82    |
| adv_var               | 0.0153   |
| clipfrac              | 0.311    |
| curr_lr               | 0.001    |
| entropy               | 1.86     |
| eplenmean             | 391      |
| eprewmean             | 4.24     |
| fps                   | 5.76e+03 |
| grad_norm             | 0.881    |
| kl                    | 0.032    |
| loss_pi               | -0.0207  |
| loss_v                | 0.00904  |
| lr                    | 0.001    |
| misc/nupdates         | 989      |
| misc/serial_timesteps | 4.06e+06 |
| misc/time_elapsed     | 727      |
| misc/total_timesteps  | 4.06e+06 |
| ratio_max             | 2.29     |
| ratio_min             | 0.276    |
| ret_avg               | -0.332   |
| ret_max               | 2.76     |
| ret_med               | -0.578   |
| ret_min               | -0.697   |
| ret_var               | 0.416    |
------------------------------------
------------------------------------
| action_max            | 14       |
| action_min            | 0        |
| adv_avg               | -0.699   |
| adv_max               | 0.0499   |
| adv_med               | -0.698   |
| adv_min               | -1.39    |
| adv_var               | 0.00884  |
| clipfrac              | 0.24     |
| curr_lr               | 0.001    |
| entropy               | 1.89     |
| eplenmean             | 432      |
| eprewmean             | 3.27     |
| fps                   | 5.88e+03 |
| grad_norm             | 0.623    |
| kl                    | 0.0349   |
| loss_pi               | -0.0289  |
| loss_v                | 0.00487  |
| lr                    | 0.001    |
| misc/nupdates         | 999      |
| misc/serial_timesteps | 4.1e+06  |
| misc/time_elapsed     | 734      |
| misc/total_timesteps  | 4.1e+06  |
| ratio_max             | 3.48     |
| ratio_min             | 0.0289   |
| ret_avg               | -0.026   |
| ret_max               | 2.81     |
| ret_med               | -0.568   |
| ret_min               | -0.695   |
| ret_var               | 1.28     |
------------------------------------
------------------------------------
| action_max            | 14       |
| action_min            | 0        |
| adv_avg               | -0.664   |
| adv_max               | 2.48     |
| adv_med               | -0.693   |
| adv_min               | -1.9     |
| adv_var               | 0.0512   |
| clipfrac              | 0.246    |
| curr_lr               | 0.001    |
| entropy               | 1.85     |
| eplenmean             | 388      |
| eprewmean             | 4.34     |
| fps                   | 5.56e+03 |
| grad_norm             | 0.682    |
| kl                    | 0.0293   |
| loss_pi               | -0.0258  |
| loss_v                | 0.024    |
| lr                    | 0.001    |
| misc/nupdates         | 1.01e+03 |
| misc/serial_timesteps | 4.14e+06 |
| misc/time_elapsed     | 741      |
| misc/total_timesteps  | 4.14e+06 |
| ratio_max             | 2.57     |
| ratio_min             | 0.26     |
| ret_avg               | 0.0354   |
| ret_max               | 3.06     |
| ret_med               | -0.567   |
| ret_min               | -0.693   |
| ret_var               | 1.3      |
------------------------------------
------------------------------------
| action_max            | 14       |
| action_min            | 0        |
| adv_avg               | -0.7     |
| adv_max               | 0.0506   |
| adv_med               | -0.694   |
| adv_min               | -2.03    |
| adv_var               | 0.011    |
| clipfrac              | 0.242    |
| curr_lr               | 0.001    |
| entropy               | 2.04     |
| eplenmean             | 397      |
| eprewmean             | 3.48     |
| fps                   | 5.74e+03 |
| grad_norm             | 0.524    |
| kl                    | 0.0222   |
| loss_pi               | -0.0413  |
| loss_v                | 0.00414  |
| lr                    | 0.001    |
| misc/nupdates         | 1.02e+03 |
| misc/serial_timesteps | 4.18e+06 |
| misc/time_elapsed     | 749      |
| misc/total_timesteps  | 4.18e+06 |
| ratio_max             | 3.77     |
| ratio_min             | 0.146    |
| ret_avg               | -0.151   |
| ret_max               | 2.77     |
| ret_med               | -0.553   |
| ret_min               | -0.692   |
| ret_var               | 0.835    |
------------------------------------
------------------------------------
| action_max            | 14       |
| action_min            | 0        |
| adv_avg               | -0.69    |
| adv_max               | 0.323    |
| adv_med               | -0.696   |
| adv_min               | -0.908   |
| adv_var               | 0.00366  |
| clipfrac              | 0.207    |
| curr_lr               | 0.001    |
| entropy               | 1.64     |
| eplenmean             | 378      |
| eprewmean             | 4.37     |
| fps                   | 5.85e+03 |
| grad_norm             | 0.692    |
| kl                    | 0.0202   |
| loss_pi               | -0.00495 |
| loss_v                | 0.00286  |
| lr                    | 0.001    |
| misc/nupdates         | 1.03e+03 |
| misc/serial_timesteps | 4.22e+06 |
| misc/time_elapsed     | 756      |
| misc/total_timesteps  | 4.22e+06 |
| ratio_max             | 2.95     |
| ratio_min             | 0.429    |
| ret_avg               | -0.416   |
| ret_max               | 2.77     |
| ret_med               | -0.551   |
| ret_min               | -0.692   |
| ret_var               | 0.196    |
------------------------------------
------------------------------------
| action_max            | 14       |
| action_min            | 0        |
| adv_avg               | -0.688   |
| adv_max               | 0.326    |
| adv_med               | -0.696   |
| adv_min               | -1.62    |
| adv_var               | 0.0114   |
| clipfrac              | 0.277    |
| curr_lr               | 0.001    |
| entropy               | 1.51     |
| eplenmean             | 336      |
| eprewmean             | 4.66     |
| fps                   | 5.73e+03 |
| grad_norm             | 0.932    |
| kl                    | 0.0287   |
| loss_pi               | -0.0178  |
| loss_v                | 0.00452  |
| lr                    | 0.001    |
| misc/nupdates         | 1.04e+03 |
| misc/serial_timesteps | 4.26e+06 |
| misc/time_elapsed     | 763      |
| misc/total_timesteps  | 4.26e+06 |
| ratio_max             | 4.5      |
| ratio_min             | 0.199    |
| ret_avg               | -0.285   |
| ret_max               | 2.68     |
| ret_med               | -0.541   |
| ret_min               | -0.691   |
| ret_var               | 0.523    |
------------------------------------
------------------------------------
| action_max            | 14       |
| action_min            | 0        |
| adv_avg               | -0.683   |
| adv_max               | 0.366    |
| adv_med               | -0.693   |
| adv_min               | -1.63    |
| adv_var               | 0.0247   |
| clipfrac              | 0.293    |
| curr_lr               | 0.001    |
| entropy               | 1.56     |
| eplenmean             | 486      |
| eprewmean             | 4.36     |
| fps                   | 5.64e+03 |
| grad_norm             | 1.35     |
| kl                    | 0.0342   |
| loss_pi               | -0.0429  |
| loss_v                | 0.0145   |
| lr                    | 0.001    |
| misc/nupdates         | 1.05e+03 |
| misc/serial_timesteps | 4.3e+06  |
| misc/time_elapsed     | 770      |
| misc/total_timesteps  | 4.3e+06  |
| ratio_max             | 3.26     |
| ratio_min             | 0.229    |
| ret_avg               | 0.261    |
| ret_max               | 2.82     |
| ret_med               | -0.36    |
| ret_min               | -0.691   |
| ret_var               | 1.38     |
------------------------------------
------------------------------------
| action_max            | 14       |
| action_min            | 0        |
| adv_avg               | -0.703   |
| adv_max               | 0.377    |
| adv_med               | -0.692   |
| adv_min               | -2.08    |
| adv_var               | 0.0196   |
| clipfrac              | 0.248    |
| curr_lr               | 0.001    |
| entropy               | 1.84     |
| eplenmean             | 404      |
| eprewmean             | 4.73     |
| fps                   | 5.83e+03 |
| grad_norm             | 0.769    |
| kl                    | 0.0259   |
| loss_pi               | -0.0511  |
| loss_v                | 0.0102   |
| lr                    | 0.001    |
| misc/nupdates         | 1.06e+03 |
| misc/serial_timesteps | 4.34e+06 |
| misc/time_elapsed     | 777      |
| misc/total_timesteps  | 4.34e+06 |
| ratio_max             | 3.03     |
| ratio_min             | 0.147    |
| ret_avg               | 0.121    |
| ret_max               | 2.79     |
| ret_med               | -0.521   |
| ret_min               | -0.691   |
| ret_var               | 1.19     |
------------------------------------
------------------------------------
| action_max            | 14       |
| action_min            | 0        |
| adv_avg               | -0.694   |
| adv_max               | -0.101   |
| adv_med               | -0.689   |
| adv_min               | -1.58    |
| adv_var               | 0.0076   |
| clipfrac              | 0.246    |
| curr_lr               | 0.001    |
| entropy               | 1.86     |
| eplenmean             | 373      |
| eprewmean             | 4.98     |
| fps                   | 5.65e+03 |
| grad_norm             | 0.555    |
| kl                    | 0.0216   |
| loss_pi               | -0.0461  |
| loss_v                | 0.00362  |
| lr                    | 0.001    |
| misc/nupdates         | 1.07e+03 |
| misc/serial_timesteps | 4.38e+06 |
| misc/time_elapsed     | 784      |
| misc/total_timesteps  | 4.38e+06 |
| ratio_max             | 5.3      |
| ratio_min             | 0.00558  |
| ret_avg               | -0.249   |
| ret_max               | 2.86     |
| ret_med               | -0.51    |
| ret_min               | -0.69    |
| ret_var               | 0.632    |
------------------------------------
------------------------------------
| action_max            | 14       |
| action_min            | 0        |
| adv_avg               | -0.696   |
| adv_max               | 0.351    |
| adv_med               | -0.694   |
| adv_min               | -1.6     |
| adv_var               | 0.0154   |
| clipfrac              | 0.287    |
| curr_lr               | 0.001    |
| entropy               | 1.68     |
| eplenmean             | 426      |
| eprewmean             | 4.16     |
| fps                   | 5.97e+03 |
| grad_norm             | 0.75     |
| kl                    | 0.029    |
| loss_pi               | -0.0363  |
| loss_v                | 0.00832  |
| lr                    | 0.001    |
| misc/nupdates         | 1.08e+03 |
| misc/serial_timesteps | 4.42e+06 |
| misc/time_elapsed     | 791      |
| misc/total_timesteps  | 4.42e+06 |
| ratio_max             | 2.29     |
| ratio_min             | 0.343    |
| ret_avg               | 0.39     |
| ret_max               | 2.76     |
| ret_med               | -0.43    |
| ret_min               | -0.69    |
| ret_var               | 1.38     |
------------------------------------
------------------------------------
| action_max            | 14       |
| action_min            | 0        |
| adv_avg               | -0.702   |
| adv_max               | 0.15     |
| adv_med               | -0.693   |
| adv_min               | -2.23    |
| adv_var               | 0.0211   |
| clipfrac              | 0.311    |
| curr_lr               | 0.001    |
| entropy               | 1.99     |
| eplenmean             | 409      |
| eprewmean             | 4.2      |
| fps                   | 5.69e+03 |
| grad_norm             | 1.01     |
| kl                    | 0.0318   |
| loss_pi               | -0.0557  |
| loss_v                | 0.0115   |
| lr                    | 0.001    |
| misc/nupdates         | 1.09e+03 |
| misc/serial_timesteps | 4.46e+06 |
| misc/time_elapsed     | 798      |
| misc/total_timesteps  | 4.46e+06 |
| ratio_max             | 2.15     |
| ratio_min             | 0.121    |
| ret_avg               | 0.0703   |
| ret_max               | 2.78     |
| ret_med               | -0.449   |
| ret_min               | -0.689   |
| ret_var               | 1.13     |
------------------------------------
------------------------------------
| action_max            | 14       |
| action_min            | 0        |
| adv_avg               | -0.694   |
| adv_max               | -0.092   |
| adv_med               | -0.692   |
| adv_min               | -1.45    |
| adv_var               | 0.00379  |
| clipfrac              | 0.219    |
| curr_lr               | 0.001    |
| entropy               | 2.14     |
| eplenmean             | 383      |
| eprewmean             | 4.58     |
| fps                   | 5.67e+03 |
| grad_norm             | 0.554    |
| kl                    | 0.0224   |
| loss_pi               | -0.0299  |
| loss_v                | 0.0013   |
| lr                    | 0.001    |
| misc/nupdates         | 1.1e+03  |
| misc/serial_timesteps | 4.51e+06 |
| misc/time_elapsed     | 806      |
| misc/total_timesteps  | 4.51e+06 |
| ratio_max             | 2.26     |
| ratio_min             | 0.357    |
| ret_avg               | -0.344   |
| ret_max               | 2.77     |
| ret_med               | -0.546   |
| ret_min               | -0.689   |
| ret_var               | 0.49     |
------------------------------------
------------------------------------
| action_max            | 14       |
| action_min            | 0        |
| adv_avg               | -0.686   |
| adv_max               | 0.316    |
| adv_med               | -0.69    |
| adv_min               | -1.28    |
| adv_var               | 0.00712  |
| clipfrac              | 0.273    |
| curr_lr               | 0.001    |
| entropy               | 1.43     |
| eplenmean             | 431      |
| eprewmean             | 3.85     |
| fps                   | 5.84e+03 |
| grad_norm             | 0.661    |
| kl                    | 0.0342   |
| loss_pi               | -0.032   |
| loss_v                | 0.00311  |
| lr                    | 0.001    |
| misc/nupdates         | 1.11e+03 |
| misc/serial_timesteps | 4.55e+06 |
| misc/time_elapsed     | 813      |
| misc/total_timesteps  | 4.55e+06 |
| ratio_max             | 5.69     |
| ratio_min             | 0.0635   |
| ret_avg               | -0.188   |
| ret_max               | 2.81     |
| ret_med               | -0.511   |
| ret_min               | -0.687   |
| ret_var               | 0.833    |
------------------------------------
------------------------------------
| action_max            | 14       |
| action_min            | 0        |
| adv_avg               | -0.686   |
| adv_max               | 0.318    |
| adv_med               | -0.687   |
| adv_min               | -1.63    |
| adv_var               | 0.00733  |
| clipfrac              | 0.275    |
| curr_lr               | 0.001    |
| entropy               | 1.92     |
| eplenmean             | 443      |
| eprewmean             | 4.55     |
| fps                   | 5.54e+03 |
| grad_norm             | 0.531    |
| kl                    | 0.031    |
| loss_pi               | -0.0352  |
| loss_v                | 0.00432  |
| lr                    | 0.001    |
| misc/nupdates         | 1.12e+03 |
| misc/serial_timesteps | 4.59e+06 |
| misc/time_elapsed     | 820      |
| misc/total_timesteps  | 4.59e+06 |
| ratio_max             | 2.15     |
| ratio_min             | 0.154    |
| ret_avg               | -0.382   |
| ret_max               | 2.83     |
| ret_med               | -0.554   |
| ret_min               | -0.686   |
| ret_var               | 0.402    |
------------------------------------
------------------------------------
| action_max            | 14       |
| action_min            | 0        |
| adv_avg               | -0.706   |
| adv_max               | -0.19    |
| adv_med               | -0.688   |
| adv_min               | -1.96    |
| adv_var               | 0.00966  |
| clipfrac              | 0.24     |
| curr_lr               | 0.001    |
| entropy               | 1.9      |
| eplenmean             | 394      |
| eprewmean             | 4.51     |
| fps                   | 5.66e+03 |
| grad_norm             | 0.802    |
| kl                    | 0.029    |
| loss_pi               | -0.023   |
| loss_v                | 0.00262  |
| lr                    | 0.001    |
| misc/nupdates         | 1.13e+03 |
| misc/serial_timesteps | 4.63e+06 |
| misc/time_elapsed     | 827      |
| misc/total_timesteps  | 4.63e+06 |
| ratio_max             | 2.86     |
| ratio_min             | 0.116    |
| ret_avg               | -0.228   |
| ret_max               | 2.51     |
| ret_med               | -0.524   |
| ret_min               | -0.685   |
| ret_var               | 0.598    |
------------------------------------
------------------------------------
| action_max            | 14       |
| action_min            | 0        |
| adv_avg               | -0.665   |
| adv_max               | 2.68     |
| adv_med               | -0.685   |
| adv_min               | -1.47    |
| adv_var               | 0.0458   |
| clipfrac              | 0.254    |
| curr_lr               | 0.001    |
| entropy               | 1.84     |
| eplenmean             | 313      |
| eprewmean             | 5.18     |
| fps                   | 5.95e+03 |
| grad_norm             | 0.437    |
| kl                    | 0.0345   |
| loss_pi               | -0.0282  |
| loss_v                | 0.0195   |
| lr                    | 0.001    |
| misc/nupdates         | 1.14e+03 |
| misc/serial_timesteps | 4.67e+06 |
| misc/time_elapsed     | 834      |
| misc/total_timesteps  | 4.67e+06 |
| ratio_max             | 2.79     |
| ratio_min             | 0.0697   |
| ret_avg               | -0.125   |
| ret_max               | 2.79     |
| ret_med               | -0.56    |
| ret_min               | -0.685   |
| ret_var               | 0.883    |
------------------------------------
------------------------------------
| action_max            | 14       |
| action_min            | 0        |
| adv_avg               | -0.684   |
| adv_max               | 0.29     |
| adv_med               | -0.685   |
| adv_min               | -1.34    |
| adv_var               | 0.00848  |
| clipfrac              | 0.281    |
| curr_lr               | 0.001    |
| entropy               | 1.6      |
| eplenmean             | 431      |
| eprewmean             | 4.21     |
| fps                   | 5.96e+03 |
| grad_norm             | 0.783    |
| kl                    | 0.0249   |
| loss_pi               | -0.023   |
| loss_v                | 0.00646  |
| lr                    | 0.001    |
| misc/nupdates         | 1.15e+03 |
| misc/serial_timesteps | 4.71e+06 |
| misc/time_elapsed     | 841      |
| misc/total_timesteps  | 4.71e+06 |
| ratio_max             | 5.28     |
| ratio_min             | 0.202    |
| ret_avg               | -0.288   |
| ret_max               | 2.79     |
| ret_med               | -0.551   |
| ret_min               | -0.683   |
| ret_var               | 0.518    |
------------------------------------
------------------------------------
| action_max            | 14       |
| action_min            | 0        |
| adv_avg               | -0.684   |
| adv_max               | 0.0961   |
| adv_med               | -0.687   |
| adv_min               | -1.35    |
| adv_var               | 0.00777  |
| clipfrac              | 0.225    |
| curr_lr               | 0.001    |
| entropy               | 1.37     |
| eplenmean             | 391      |
| eprewmean             | 4.51     |
| fps                   | 5.79e+03 |
| grad_norm             | 0.742    |
| kl                    | 0.0372   |
| loss_pi               | -0.0353  |
| loss_v                | 0.00634  |
| lr                    | 0.001    |
| misc/nupdates         | 1.16e+03 |
| misc/serial_timesteps | 4.75e+06 |
| misc/time_elapsed     | 848      |
| misc/total_timesteps  | 4.75e+06 |
| ratio_max             | 26.4     |
| ratio_min             | 0.298    |
| ret_avg               | 0.108    |
| ret_max               | 2.82     |
| ret_med               | -0.394   |
| ret_min               | -0.682   |
| ret_var               | 1.31     |
------------------------------------
------------------------------------
| action_max            | 14       |
| action_min            | 0        |
| adv_avg               | -0.688   |
| adv_max               | 0.172    |
| adv_med               | -0.684   |
| adv_min               | -1.55    |
| adv_var               | 0.00895  |
| clipfrac              | 0.32     |
| curr_lr               | 0.001    |
| entropy               | 1.72     |
| eplenmean             | 470      |
| eprewmean             | 4.45     |
| fps                   | 5.56e+03 |
| grad_norm             | 0.735    |
| kl                    | 0.0974   |
| loss_pi               | -0.0405  |
| loss_v                | 0.00677  |
| lr                    | 0.001    |
| misc/nupdates         | 1.17e+03 |
| misc/serial_timesteps | 4.79e+06 |
| misc/time_elapsed     | 855      |
| misc/total_timesteps  | 4.79e+06 |
| ratio_max             | 2.01     |
| ratio_min             | 0.0401   |
| ret_avg               | -0.107   |
| ret_max               | 2.8      |
| ret_med               | -0.541   |
| ret_min               | -0.681   |
| ret_var               | 0.86     |
------------------------------------
------------------------------------
| action_max            | 14       |
| action_min            | 0        |
| adv_avg               | -0.703   |
| adv_max               | 0.116    |
| adv_med               | -0.692   |
| adv_min               | -2.46    |
| adv_var               | 0.0217   |
| clipfrac              | 0.32     |
| curr_lr               | 0.001    |
| entropy               | 1.62     |
| eplenmean             | 437      |
| eprewmean             | 4.48     |
| fps                   | 5.6e+03  |
| grad_norm             | 1.11     |
| kl                    | 0.0452   |
| loss_pi               | -0.0295  |
| loss_v                | 0.0105   |
| lr                    | 0.001    |
| misc/nupdates         | 1.18e+03 |
| misc/serial_timesteps | 4.83e+06 |
| misc/time_elapsed     | 863      |
| misc/total_timesteps  | 4.83e+06 |
| ratio_max             | 9.29     |
| ratio_min             | 0.188    |
| ret_avg               | 0.387    |
| ret_max               | 2.78     |
| ret_med               | -0.501   |
| ret_min               | -0.683   |
| ret_var               | 1.42     |
------------------------------------
------------------------------------
| action_max            | 14       |
| action_min            | 0        |
| adv_avg               | -0.688   |
| adv_max               | 0.148    |
| adv_med               | -0.688   |
| adv_min               | -1.37    |
| adv_var               | 0.00949  |
| clipfrac              | 0.258    |
| curr_lr               | 0.001    |
| entropy               | 1.37     |
| eplenmean             | 469      |
| eprewmean             | 4.49     |
| fps                   | 5.5e+03  |
| grad_norm             | 1.16     |
| kl                    | 0.0324   |
| loss_pi               | -0.0121  |
| loss_v                | 0.00626  |
| lr                    | 0.001    |
| misc/nupdates         | 1.19e+03 |
| misc/serial_timesteps | 4.87e+06 |
| misc/time_elapsed     | 870      |
| misc/total_timesteps  | 4.87e+06 |
| ratio_max             | 7.5      |
| ratio_min             | 0.103    |
| ret_avg               | -0.09    |
| ret_max               | 2.8      |
| ret_med               | -0.274   |
| ret_min               | -0.685   |
| ret_var               | 0.422    |
------------------------------------
------------------------------------
| action_max            | 14       |
| action_min            | 0        |
| adv_avg               | -0.678   |
| adv_max               | 0.0758   |
| adv_med               | -0.685   |
| adv_min               | -1.12    |
| adv_var               | 0.00651  |
| clipfrac              | 0.395    |
| curr_lr               | 0.001    |
| entropy               | 1.59     |
| eplenmean             | 445      |
| eprewmean             | 4.91     |
| fps                   | 5.72e+03 |
| grad_norm             | 0.775    |
| kl                    | 0.338    |
| loss_pi               | -0.0499  |
| loss_v                | 0.00381  |
| lr                    | 0.001    |
| misc/nupdates         | 1.2e+03  |
| misc/serial_timesteps | 4.92e+06 |
| misc/time_elapsed     | 878      |
| misc/total_timesteps  | 4.92e+06 |
| ratio_max             | 6.95     |
| ratio_min             | 0.00729  |
| ret_avg               | -0.0803  |
| ret_max               | 2.84     |
| ret_med               | -0.592   |
| ret_min               | -0.684   |
| ret_var               | 1.08     |
------------------------------------
------------------------------------
| action_max            | 14       |
| action_min            | 0        |
| adv_avg               | -0.725   |
| adv_max               | 0.338    |
| adv_med               | -0.694   |
| adv_min               | -2.66    |
| adv_var               | 0.0533   |
| clipfrac              | 0.283    |
| curr_lr               | 0.001    |
| entropy               | 1.48     |
| eplenmean             | 435      |
| eprewmean             | 4.61     |
| fps                   | 5.47e+03 |
| grad_norm             | 1.31     |
| kl                    | 0.0364   |
| loss_pi               | -0.0459  |
| loss_v                | 0.0361   |
| lr                    | 0.001    |
| misc/nupdates         | 1.21e+03 |
| misc/serial_timesteps | 4.96e+06 |
| misc/time_elapsed     | 885      |
| misc/total_timesteps  | 4.96e+06 |
| ratio_max             | 3.61     |
| ratio_min             | 0.119    |
| ret_avg               | 0.424    |
| ret_max               | 2.85     |
| ret_med               | -0.142   |
| ret_min               | -0.684   |
| ret_var               | 1.48     |
------------------------------------
------------------------------------
| action_max            | 14       |
| action_min            | 0        |
| adv_avg               | -0.7     |
| adv_max               | -0.21    |
| adv_med               | -0.688   |
| adv_min               | -1.55    |
| adv_var               | 0.00726  |
| clipfrac              | 0.254    |
| curr_lr               | 0.001    |
| entropy               | 1.61     |
| eplenmean             | 403      |
| eprewmean             | 5        |
| fps                   | 5.44e+03 |
| grad_norm             | 1.02     |
| kl                    | 0.0289   |
| loss_pi               | -0.02    |
| loss_v                | 0.00596  |
| lr                    | 0.001    |
| misc/nupdates         | 1.22e+03 |
| misc/serial_timesteps | 5e+06    |
| misc/time_elapsed     | 892      |
| misc/total_timesteps  | 5e+06    |
| ratio_max             | 4.46     |
| ratio_min             | 0.38     |
| ret_avg               | -0.259   |
| ret_max               | 2.79     |
| ret_med               | -0.536   |
| ret_min               | -0.684   |
| ret_var               | 0.462    |
------------------------------------
------------------------------------
| action_max            | 14       |
| action_min            | 0        |
| adv_avg               | -0.681   |
| adv_max               | 0.106    |
| adv_med               | -0.685   |
| adv_min               | -1.69    |
| adv_var               | 0.0071   |
| clipfrac              | 0.289    |
| curr_lr               | 0.001    |
| entropy               | 1.33     |
| eplenmean             | 464      |
| eprewmean             | 4.41     |
| fps                   | 5.15e+03 |
| grad_norm             | 0.799    |
| kl                    | 0.0402   |
| loss_pi               | -0.0325  |
| loss_v                | 0.00642  |
| lr                    | 0.001    |
| misc/nupdates         | 1.23e+03 |
| misc/serial_timesteps | 5.04e+06 |
| misc/time_elapsed     | 900      |
| misc/total_timesteps  | 5.04e+06 |
| ratio_max             | 1.96     |
| ratio_min             | 0.00022  |
| ret_avg               | -0.00503 |
| ret_max               | 2.83     |
| ret_med               | -0.318   |
| ret_min               | -0.684   |
| ret_var               | 0.861    |
------------------------------------
------------------------------------
| action_max            | 14       |
| action_min            | 0        |
| adv_avg               | -0.69    |
| adv_max               | 0.181    |
| adv_med               | -0.698   |
| adv_min               | -1.77    |
| adv_var               | 0.0166   |
| clipfrac              | 0.166    |
| curr_lr               | 0.001    |
| entropy               | 0.755    |
| eplenmean             | 436      |
| eprewmean             | 4.51     |
| fps                   | 5.09e+03 |
| grad_norm             | 0.901    |
| kl                    | 0.0345   |
| loss_pi               | -0.0187  |
| loss_v                | 0.00972  |
| lr                    | 0.001    |
| misc/nupdates         | 1.24e+03 |
| misc/serial_timesteps | 5.08e+06 |
| misc/time_elapsed     | 909      |
| misc/total_timesteps  | 5.08e+06 |
| ratio_max             | 7.67     |
| ratio_min             | 0.0763   |
| ret_avg               | 0.505    |
| ret_max               | 2.8      |
| ret_med               | 0.18     |
| ret_min               | -0.685   |
| ret_var               | 1.17     |
------------------------------------
------------------------------------
| action_max            | 14       |
| action_min            | 0        |
| adv_avg               | -0.687   |
| adv_max               | 0.0539   |
| adv_med               | -0.689   |
| adv_min               | -1.61    |
| adv_var               | 0.0114   |
| clipfrac              | 0.232    |
| curr_lr               | 0.001    |
| entropy               | 1.12     |
| eplenmean             | 433      |
| eprewmean             | 5.41     |
| fps                   | 5.07e+03 |
| grad_norm             | 1.19     |
| kl                    | 0.0272   |
| loss_pi               | -0.0314  |
| loss_v                | 0.00526  |
| lr                    | 0.001    |
| misc/nupdates         | 1.25e+03 |
| misc/serial_timesteps | 5.12e+06 |
| misc/time_elapsed     | 917      |
| misc/total_timesteps  | 5.12e+06 |
| ratio_max             | 4.71     |
| ratio_min             | 0.137    |
| ret_avg               | 0.114    |
| ret_max               | 2.81     |
| ret_med               | -0.528   |
| ret_min               | -0.685   |
| ret_var               | 1.09     |
------------------------------------
------------------------------------
| action_max            | 14       |
| action_min            | 0        |
| adv_avg               | -0.688   |
| adv_max               | -0.0911  |
| adv_med               | -0.686   |
| adv_min               | -1.83    |
| adv_var               | 0.00939  |
| clipfrac              | 0.254    |
| curr_lr               | 0.001    |
| entropy               | 1.56     |
| eplenmean             | 481      |
| eprewmean             | 4.9      |
| fps                   | 5.13e+03 |
| grad_norm             | 0.971    |
| kl                    | 0.0261   |
| loss_pi               | -0.0369  |
| loss_v                | 0.00592  |
| lr                    | 0.001    |
| misc/nupdates         | 1.26e+03 |
| misc/serial_timesteps | 5.16e+06 |
| misc/time_elapsed     | 925      |
| misc/total_timesteps  | 5.16e+06 |
| ratio_max             | 8.54     |
| ratio_min             | 0.138    |
| ret_avg               | -0.0924  |
| ret_max               | 2.81     |
| ret_med               | -0.548   |
| ret_min               | -0.685   |
| ret_var               | 0.892    |
------------------------------------
------------------------------------
| action_max            | 14       |
| action_min            | 0        |
| adv_avg               | -0.682   |
| adv_max               | 0.234    |
| adv_med               | -0.685   |
| adv_min               | -1.36    |
| adv_var               | 0.00863  |
| clipfrac              | 0.238    |
| curr_lr               | 0.001    |
| entropy               | 1.65     |
| eplenmean             | 412      |
| eprewmean             | 4.47     |
| fps                   | 4.72e+03 |
| grad_norm             | 0.679    |
| kl                    | 0.0277   |
| loss_pi               | -0.0418  |
| loss_v                | 0.00646  |
| lr                    | 0.001    |
| misc/nupdates         | 1.27e+03 |
| misc/serial_timesteps | 5.2e+06  |
| misc/time_elapsed     | 933      |
| misc/total_timesteps  | 5.2e+06  |
| ratio_max             | 2.19     |
| ratio_min             | 0.127    |
| ret_avg               | -0.227   |
| ret_max               | 2.94     |
| ret_med               | -0.592   |
| ret_min               | -0.684   |
| ret_var               | 0.801    |
------------------------------------
------------------------------------
| action_max            | 14       |
| action_min            | 0        |
| adv_avg               | -0.68    |
| adv_max               | -0.0936  |
| adv_med               | -0.684   |
| adv_min               | -1.21    |
| adv_var               | 0.00513  |
| clipfrac              | 0.301    |
| curr_lr               | 0.001    |
| entropy               | 1.62     |
| eplenmean             | 356      |
| eprewmean             | 4.5      |
| fps                   | 4.84e+03 |
| grad_norm             | 0.754    |
| kl                    | 0.033    |
| loss_pi               | -0.038   |
| loss_v                | 0.003    |
| lr                    | 0.001    |
| misc/nupdates         | 1.28e+03 |
| misc/serial_timesteps | 5.24e+06 |
| misc/time_elapsed     | 941      |
| misc/total_timesteps  | 5.24e+06 |
| ratio_max             | 4.07     |
| ratio_min             | 0.239    |
| ret_avg               | -0.302   |
| ret_max               | 2.89     |
| ret_med               | -0.551   |
| ret_min               | -0.683   |
| ret_var               | 0.451    |
------------------------------------
------------------------------------
| action_max            | 14       |
| action_min            | 0        |
| adv_avg               | -0.692   |
| adv_max               | -0.0394  |
| adv_med               | -0.685   |
| adv_min               | -1.41    |
| adv_var               | 0.00594  |
| clipfrac              | 0.264    |
| curr_lr               | 0.001    |
| entropy               | 1.31     |
| eplenmean             | 419      |
| eprewmean             | 4.23     |
| fps                   | 4.97e+03 |
| grad_norm             | 0.69     |
| kl                    | 0.0803   |
| loss_pi               | -0.0283  |
| loss_v                | 0.00276  |
| lr                    | 0.001    |
| misc/nupdates         | 1.29e+03 |
| misc/serial_timesteps | 5.28e+06 |
| misc/time_elapsed     | 949      |
| misc/total_timesteps  | 5.28e+06 |
| ratio_max             | 48.7     |
| ratio_min             | 0.0308   |
| ret_avg               | -0.0665  |
| ret_max               | 2.89     |
| ret_med               | -0.59    |
| ret_min               | -0.706   |
| ret_var               | 1.34     |
------------------------------------
------------------------------------
| action_max            | 14       |
| action_min            | 0        |
| adv_avg               | -0.68    |
| adv_max               | 0.0282   |
| adv_med               | -0.682   |
| adv_min               | -1.51    |
| adv_var               | 0.0052   |
| clipfrac              | 0.324    |
| curr_lr               | 0.001    |
| entropy               | 1.57     |
| eplenmean             | 339      |
| eprewmean             | 5.04     |
| fps                   | 5.1e+03  |
| grad_norm             | 0.73     |
| kl                    | 0.0434   |
| loss_pi               | -0.0374  |
| loss_v                | 0.00151  |
| lr                    | 0.001    |
| misc/nupdates         | 1.3e+03  |
| misc/serial_timesteps | 5.32e+06 |
| misc/time_elapsed     | 957      |
| misc/total_timesteps  | 5.32e+06 |
| ratio_max             | 11.5     |
| ratio_min             | 0.0699   |
| ret_avg               | -0.115   |
| ret_max               | 2.82     |
| ret_med               | -0.605   |
| ret_min               | -0.68    |
| ret_var               | 1.26     |
------------------------------------
------------------------------------
| action_max            | 14       |
| action_min            | 0        |
| adv_avg               | -0.684   |
| adv_max               | -0.186   |
| adv_med               | -0.68    |
| adv_min               | -1.18    |
| adv_var               | 0.00234  |
| clipfrac              | 0.297    |
| curr_lr               | 0.001    |
| entropy               | 1.3      |
| eplenmean             | 436      |
| eprewmean             | 5.09     |
| fps                   | 5.21e+03 |
| grad_norm             | 0.405    |
| kl                    | 0.0446   |
| loss_pi               | -0.0402  |
| loss_v                | 0.00169  |
| lr                    | 0.001    |
| misc/nupdates         | 1.31e+03 |
| misc/serial_timesteps | 5.37e+06 |
| misc/time_elapsed     | 965      |
| misc/total_timesteps  | 5.37e+06 |
| ratio_max             | 3.06     |
| ratio_min             | 0.0623   |
| ret_avg               | -0.413   |
| ret_max               | 3.02     |
| ret_med               | -0.603   |
| ret_min               | -0.679   |
| ret_var               | 0.516    |
------------------------------------
------------------------------------
| action_max            | 14       |
| action_min            | 0        |
| adv_avg               | -0.679   |
| adv_max               | 0.0422   |
| adv_med               | -0.679   |
| adv_min               | -1.47    |
| adv_var               | 0.0115   |
| clipfrac              | 0.213    |
| curr_lr               | 0.001    |
| entropy               | 0.919    |
| eplenmean             | 456      |
| eprewmean             | 4.12     |
| fps                   | 5.58e+03 |
| grad_norm             | 0.456    |
| kl                    | 0.0456   |
| loss_pi               | -0.0328  |
| loss_v                | 0.00554  |
| lr                    | 0.001    |
| misc/nupdates         | 1.32e+03 |
| misc/serial_timesteps | 5.41e+06 |
| misc/time_elapsed     | 972      |
| misc/total_timesteps  | 5.41e+06 |
| ratio_max             | 3.52     |
| ratio_min             | 0.0173   |
| ret_avg               | -0.023   |
| ret_max               | 2.92     |
| ret_med               | -0.588   |
| ret_min               | -0.677   |
| ret_var               | 1.11     |
------------------------------------
------------------------------------
| action_max            | 14       |
| action_min            | 0        |
| adv_avg               | -0.677   |
| adv_max               | -0.032   |
| adv_med               | -0.681   |
| adv_min               | -1.06    |
| adv_var               | 0.00324  |
| clipfrac              | 0.289    |
| curr_lr               | 0.001    |
| entropy               | 1.18     |
| eplenmean             | 426      |
| eprewmean             | 4.76     |
| fps                   | 5.73e+03 |
| grad_norm             | 1.21     |
| kl                    | 0.0405   |
| loss_pi               | -0.0223  |
| loss_v                | 0.0028   |
| lr                    | 0.001    |
| misc/nupdates         | 1.33e+03 |
| misc/serial_timesteps | 5.45e+06 |
| misc/time_elapsed     | 979      |
| misc/total_timesteps  | 5.45e+06 |
| ratio_max             | 6.15     |
| ratio_min             | 0.082    |
| ret_avg               | -0.207   |
| ret_max               | 2.83     |
| ret_med               | -0.537   |
| ret_min               | -0.676   |
| ret_var               | 0.56     |
------------------------------------
------------------------------------
| action_max            | 14       |
| action_min            | 0        |
| adv_avg               | -0.682   |
| adv_max               | 0.00255  |
| adv_med               | -0.679   |
| adv_min               | -3.25    |
| adv_var               | 0.0123   |
| clipfrac              | 0.271    |
| curr_lr               | 0.001    |
| entropy               | 1.44     |
| eplenmean             | 481      |
| eprewmean             | 4.8      |
| fps                   | 5.71e+03 |
| grad_norm             | 0.832    |
| kl                    | 0.0335   |
| loss_pi               | -0.0271  |
| loss_v                | 0.00457  |
| lr                    | 0.001    |
| misc/nupdates         | 1.34e+03 |
| misc/serial_timesteps | 5.49e+06 |
| misc/time_elapsed     | 986      |
| misc/total_timesteps  | 5.49e+06 |
| ratio_max             | 2.35     |
| ratio_min             | 0.0447   |
| ret_avg               | -0.308   |
| ret_max               | 2.84     |
| ret_med               | -0.521   |
| ret_min               | -0.675   |
| ret_var               | 0.443    |
------------------------------------
------------------------------------
| action_max            | 14       |
| action_min            | 0        |
| adv_avg               | -0.683   |
| adv_max               | 0.157    |
| adv_med               | -0.678   |
| adv_min               | -1.59    |
| adv_var               | 0.00882  |
| clipfrac              | 0.266    |
| curr_lr               | 0.001    |
| entropy               | 0.911    |
| eplenmean             | 445      |
| eprewmean             | 4.64     |
| fps                   | 5.84e+03 |
| grad_norm             | 1.29     |
| kl                    | 0.0414   |
| loss_pi               | -0.0285  |
| loss_v                | 0.00431  |
| lr                    | 0.001    |
| misc/nupdates         | 1.35e+03 |
| misc/serial_timesteps | 5.53e+06 |
| misc/time_elapsed     | 993      |
| misc/total_timesteps  | 5.53e+06 |
| ratio_max             | 7.67     |
| ratio_min             | 0.102    |
| ret_avg               | 0.261    |
| ret_max               | 2.84     |
| ret_med               | -0.301   |
| ret_min               | -0.675   |
| ret_var               | 1.48     |
------------------------------------
------------------------------------
| action_max            | 14       |
| action_min            | 0        |
| adv_avg               | -0.676   |
| adv_max               | -0.211   |
| adv_med               | -0.677   |
| adv_min               | -1.22    |
| adv_var               | 0.00299  |
| clipfrac              | 0.191    |
| curr_lr               | 0.001    |
| entropy               | 0.878    |
| eplenmean             | 331      |
| eprewmean             | 4.69     |
| fps                   | 5.85e+03 |
| grad_norm             | 0.52     |
| kl                    | 0.0442   |
| loss_pi               | -0.019   |
| loss_v                | 0.00156  |
| lr                    | 0.001    |
| misc/nupdates         | 1.36e+03 |
| misc/serial_timesteps | 5.57e+06 |
| misc/time_elapsed     | 1e+03    |
| misc/total_timesteps  | 5.57e+06 |
| ratio_max             | 11.4     |
| ratio_min             | 0.0263   |
| ret_avg               | -0.082   |
| ret_max               | 2.93     |
| ret_med               | -0.508   |
| ret_min               | -0.674   |
| ret_var               | 1.16     |
------------------------------------
------------------------------------
| action_max            | 14       |
| action_min            | 0        |
| adv_avg               | -0.671   |
| adv_max               | 0.128    |
| adv_med               | -0.674   |
| adv_min               | -1.26    |
| adv_var               | 0.00317  |
| clipfrac              | 0.271    |
| curr_lr               | 0.001    |
| entropy               | 1.41     |
| eplenmean             | 426      |
| eprewmean             | 4.9      |
| fps                   | 5.82e+03 |
| grad_norm             | 0.511    |
| kl                    | 0.0426   |
| loss_pi               | -0.0276  |
| loss_v                | 0.00126  |
| lr                    | 0.001    |
| misc/nupdates         | 1.37e+03 |
| misc/serial_timesteps | 5.61e+06 |
| misc/time_elapsed     | 1.01e+03 |
| misc/total_timesteps  | 5.61e+06 |
| ratio_max             | 5.85     |
| ratio_min             | 0.113    |
| ret_avg               | -0.356   |
| ret_max               | 2.84     |
| ret_med               | -0.575   |
| ret_min               | -0.672   |
| ret_var               | 0.602    |
------------------------------------
------------------------------------
| action_max            | 14       |
| action_min            | 0        |
| adv_avg               | -0.679   |
| adv_max               | 0.461    |
| adv_med               | -0.677   |
| adv_min               | -1.83    |
| adv_var               | 0.0212   |
| clipfrac              | 0.254    |
| curr_lr               | 0.001    |
| entropy               | 1.23     |
| eplenmean             | 518      |
| eprewmean             | 4.17     |
| fps                   | 6.02e+03 |
| grad_norm             | 1.12     |
| kl                    | 0.0336   |
| loss_pi               | -0.043   |
| loss_v                | 0.00892  |
| lr                    | 0.001    |
| misc/nupdates         | 1.38e+03 |
| misc/serial_timesteps | 5.65e+06 |
| misc/time_elapsed     | 1.01e+03 |
| misc/total_timesteps  | 5.65e+06 |
| ratio_max             | 9.82     |
| ratio_min             | 0.322    |
| ret_avg               | 0.424    |
| ret_max               | 2.84     |
| ret_med               | -0.497   |
| ret_min               | -0.738   |
| ret_var               | 1.76     |
------------------------------------
------------------------------------
| action_max            | 14       |
| action_min            | 0        |
| adv_avg               | -0.672   |
| adv_max               | 0.16     |
| adv_med               | -0.672   |
| adv_min               | -1.41    |
| adv_var               | 0.00492  |
| clipfrac              | 0.283    |
| curr_lr               | 0.001    |
| entropy               | 1.69     |
| eplenmean             | 452      |
| eprewmean             | 4.94     |
| fps                   | 5.83e+03 |
| grad_norm             | 0.945    |
| kl                    | 0.0418   |
| loss_pi               | -0.0261  |
| loss_v                | 0.00342  |
| lr                    | 0.001    |
| misc/nupdates         | 1.39e+03 |
| misc/serial_timesteps | 5.69e+06 |
| misc/time_elapsed     | 1.02e+03 |
| misc/total_timesteps  | 5.69e+06 |
| ratio_max             | 2.32     |
| ratio_min             | 0.0189   |
| ret_avg               | -0.417   |
| ret_max               | 2.83     |
| ret_med               | -0.585   |
| ret_min               | -0.67    |
| ret_var               | 0.384    |
------------------------------------
------------------------------------
| action_max            | 14       |
| action_min            | 0        |
| adv_avg               | -0.678   |
| adv_max               | -0.0965  |
| adv_med               | -0.671   |
| adv_min               | -1.62    |
| adv_var               | 0.00446  |
| clipfrac              | 0.305    |
| curr_lr               | 0.001    |
| entropy               | 1.79     |
| eplenmean             | 453      |
| eprewmean             | 3.78     |
| fps                   | 6.03e+03 |
| grad_norm             | 1.09     |
| kl                    | 0.0272   |
| loss_pi               | -0.0384  |
| loss_v                | 0.00167  |
| lr                    | 0.001    |
| misc/nupdates         | 1.4e+03  |
| misc/serial_timesteps | 5.73e+06 |
| misc/time_elapsed     | 1.03e+03 |
| misc/total_timesteps  | 5.73e+06 |
| ratio_max             | 2.5      |
| ratio_min             | 0.152    |
| ret_avg               | -0.427   |
| ret_max               | 2.24     |
| ret_med               | -0.548   |
| ret_min               | -0.669   |
| ret_var               | 0.257    |
------------------------------------
------------------------------------
| action_max            | 14       |
| action_min            | 0        |
| adv_avg               | -0.675   |
| adv_max               | 0.233    |
| adv_med               | -0.669   |
| adv_min               | -1.48    |
| adv_var               | 0.00775  |
| clipfrac              | 0.191    |
| curr_lr               | 0.001    |
| entropy               | 1.47     |
| eplenmean             | 513      |
| eprewmean             | 4.05     |
| fps                   | 5.39e+03 |
| grad_norm             | 1.28     |
| kl                    | 0.0227   |
| loss_pi               | -0.021   |
| loss_v                | 0.00269  |
| lr                    | 0.001    |
| misc/nupdates         | 1.41e+03 |
| misc/serial_timesteps | 5.78e+06 |
| misc/time_elapsed     | 1.04e+03 |
| misc/total_timesteps  | 5.78e+06 |
| ratio_max             | 2.55     |
| ratio_min             | 0.0209   |
| ret_avg               | -0.345   |
| ret_max               | 2.71     |
| ret_med               | -0.561   |
| ret_min               | -0.667   |
| ret_var               | 0.433    |
------------------------------------
------------------------------------
| action_max            | 14       |
| action_min            | 0        |
| adv_avg               | -0.669   |
| adv_max               | 0.0958   |
| adv_med               | -0.666   |
| adv_min               | -1.41    |
| adv_var               | 0.00478  |
| clipfrac              | 0.27     |
| curr_lr               | 0.001    |
| entropy               | 1.47     |
| eplenmean             | 563      |
| eprewmean             | 3.52     |
| fps                   | 5.5e+03  |
| grad_norm             | 0.655    |
| kl                    | 0.041    |
| loss_pi               | -0.0317  |
| loss_v                | 0.00159  |
| lr                    | 0.001    |
| misc/nupdates         | 1.42e+03 |
| misc/serial_timesteps | 5.82e+06 |
| misc/time_elapsed     | 1.04e+03 |
| misc/total_timesteps  | 5.82e+06 |
| ratio_max             | 10.7     |
| ratio_min             | 0.0055   |
| ret_avg               | -0.363   |
| ret_max               | 3.11     |
| ret_med               | -0.594   |
| ret_min               | -0.666   |
| ret_var               | 0.633    |
------------------------------------
------------------------------------
| action_max            | 14       |
| action_min            | 0        |
| adv_avg               | -0.65    |
| adv_max               | 1.81     |
| adv_med               | -0.664   |
| adv_min               | -1.31    |
| adv_var               | 0.0166   |
| clipfrac              | 0.318    |
| curr_lr               | 0.001    |
| entropy               | 1.6      |
| eplenmean             | 540      |
| eprewmean             | 4.32     |
| fps                   | 5.49e+03 |
| grad_norm             | 0.808    |
| kl                    | 0.0317   |
| loss_pi               | -0.0425  |
| loss_v                | 0.00549  |
| lr                    | 0.001    |
| misc/nupdates         | 1.43e+03 |
| misc/serial_timesteps | 5.86e+06 |
| misc/time_elapsed     | 1.05e+03 |
| misc/total_timesteps  | 5.86e+06 |
| ratio_max             | 8.31     |
| ratio_min             | 0.256    |
| ret_avg               | -0.157   |
| ret_max               | 2.89     |
| ret_med               | -0.566   |
| ret_min               | -0.664   |
| ret_var               | 0.959    |
------------------------------------
------------------------------------
| action_max            | 14       |
| action_min            | 0        |
| adv_avg               | -0.671   |
| adv_max               | 0.0505   |
| adv_med               | -0.665   |
| adv_min               | -1.65    |
| adv_var               | 0.00454  |
| clipfrac              | 0.23     |
| curr_lr               | 0.001    |
| entropy               | 1.95     |
| eplenmean             | 464      |
| eprewmean             | 4.4      |
| fps                   | 5.58e+03 |
| grad_norm             | 0.84     |
| kl                    | 0.0366   |
| loss_pi               | -0.0207  |
| loss_v                | 0.0033   |
| lr                    | 0.001    |
| misc/nupdates         | 1.44e+03 |
| misc/serial_timesteps | 5.9e+06  |
| misc/time_elapsed     | 1.06e+03 |
| misc/total_timesteps  | 5.9e+06  |
| ratio_max             | 5.28     |
| ratio_min             | 0.0649   |
| ret_avg               | -0.456   |
| ret_max               | 2.83     |
| ret_med               | -0.551   |
| ret_min               | -0.663   |
| ret_var               | 0.221    |
------------------------------------
------------------------------------
| action_max            | 14       |
| action_min            | 0        |
| adv_avg               | -0.669   |
| adv_max               | -0.122   |
| adv_med               | -0.665   |
| adv_min               | -1.12    |
| adv_var               | 0.00274  |
| clipfrac              | 0.338    |
| curr_lr               | 0.001    |
| entropy               | 1.74     |
| eplenmean             | 379      |
| eprewmean             | 4.69     |
| fps                   | 5.45e+03 |
| grad_norm             | 0.53     |
| kl                    | 0.0557   |
| loss_pi               | -0.045   |
| loss_v                | 0.00175  |
| lr                    | 0.001    |
| misc/nupdates         | 1.45e+03 |
| misc/serial_timesteps | 5.94e+06 |
| misc/time_elapsed     | 1.07e+03 |
| misc/total_timesteps  | 5.94e+06 |
| ratio_max             | 10.4     |
| ratio_min             | 0.191    |
| ret_avg               | -0.15    |
| ret_max               | 2.88     |
| ret_med               | -0.552   |
| ret_min               | -0.662   |
| ret_var               | 1.08     |
------------------------------------
------------------------------------
| action_max            | 14       |
| action_min            | 0        |
| adv_avg               | -0.663   |
| adv_max               | -0.147   |
| adv_med               | -0.663   |
| adv_min               | -1.12    |
| adv_var               | 0.00341  |
| clipfrac              | 0.289    |
| curr_lr               | 0.001    |
| entropy               | 1.47     |
| eplenmean             | 333      |
| eprewmean             | 5.19     |
| fps                   | 5.49e+03 |
| grad_norm             | 0.969    |
| kl                    | 0.0462   |
| loss_pi               | -0.0258  |
| loss_v                | 0.00167  |
| lr                    | 0.001    |
| misc/nupdates         | 1.46e+03 |
| misc/serial_timesteps | 5.98e+06 |
| misc/time_elapsed     | 1.07e+03 |
| misc/total_timesteps  | 5.98e+06 |
| ratio_max             | 3.11     |
| ratio_min             | 0.0996   |
| ret_avg               | -0.205   |
| ret_max               | 3        |
| ret_med               | -0.565   |
| ret_min               | -0.66    |
| ret_var               | 0.942    |
------------------------------------
