action_max,action_min,adv_avg,adv_max,adv_med,adv_min,adv_var,clipfrac,curr_lr,entropy,eplenmean,eprewmean,fps,grad_norm,joint_optimizer_state_entries,kl,loss_pi,loss_v,lr,misc/nupdates,misc/serial_timesteps,misc/time_elapsed,misc/total_timesteps,ratio_max,ratio_min,ret_avg,ret_max,ret_med,ret_min,ret_var,critic_ratio_max,critic_ratio_min,critic_rows,joint_actor_fisher_quadratic,joint_actor_raw_scale,joint_applied_solve_residual,joint_cholesky_info_max,joint_clip_scale,joint_critic_curvature_coef,joint_critic_ggn_quadratic,joint_critic_objective_coef,joint_critic_raw_scale,joint_cross_block_frobenius,joint_direction_l2,joint_finite_scan_pass,joint_jacobi_scale_max,joint_jacobi_scale_min,joint_kernel_mode,joint_linear_solve_dtype,joint_predicted_step_kl,joint_relative_solve_residual,joint_solve_residual,joint_solver_mode,joint_system_rows,optimizer_history_correction,optimizer_momentum,optimizer_momentum_semantics
14,0,-1.171692132949829,2.2914161682128906,-1.174797773361206,-5.7115960121154785,0.4309624135494232,0.31640625,0.001,2.5693178176879883,132.35,1.77,1890,2.4543159008026123,0,0.022696081548929214,-0.03495898097753525,0.2394641488790512,0.001,9,40960,24.367304978892207,40960,1.8293522596359253,0.41995418071746826,0.5065669417381287,4.943594932556152,0.2212127298116684,-1.2090152502059937,1.3590112924575806,,,,,,,,,,,,,,,,,,,,,,,,,,,
14,0,-1.1819183826446533,2.5300629138946533,-1.2165489196777344,-4.038086414337158,0.2465520203113556,0.361328125,0.001,2.4918665885925293,162.87,2.35,1914,1.7729772329330444,0,0.02564220502972603,-0.04051399603486061,0.08066480606794357,0.001,19,81920,45.75260629178956,81920,2.013812780380249,0.3973422050476074,0.13252906501293182,4.157574653625488,-0.025675127282738686,-1.236994743347168,1.1849331855773926,,,,,,,,,,,,,,,,,,,,,,,,,,,
14,0,-1.1514129638671875,1.0712239742279053,-1.2013367414474487,-2.565481662750244,0.1743892878293991,0.376953125,0.001,2.3027334213256836,190.68,2.98,1966,0.783110499382019,0,0.02991209179162979,-0.053580597043037415,0.03914637863636017,0.001,29,122880,66.91605685092509,122880,1.899670958518982,0.40564680099487305,0.7737786173820496,4.131167888641357,0.510948896408081,-1.2230963706970215,1.716774582862854,,,,,,,,,,,,,,,,,,,,,,,,,,,
14,0,-1.2127199172973633,1.1803793907165527,-1.2464885711669922,-3.4224088191986084,0.1966875195503235,0.3984375,0.001,2.156160593032837,183.03,3.6,1967,1.2263824939727783,0,0.03689417243003845,-0.05668558552861214,0.042270477861166,0.001,39,163840,87.9071161467582,163840,2.1158761978149414,0.382998526096344,0.7718801498413086,5.3594465255737305,0.5787625908851624,-1.3598864078521729,1.709885835647583,,,,,,,,,,,,,,,,,,,,,,,,,,,
14,0,-1.2316200733184814,0.6699633002281189,-1.2066274881362915,-4.08033561706543,0.11262909322977066,0.3828125,0.001,2.125967502593994,189.72,4.41,1994,0.7521693110466003,0,0.03593266010284424,-0.061651382595300674,0.03816595301032066,0.001,49,204800,108.98751747887582,204800,2.335813045501709,0.27577608823776245,0.3180527687072754,4.482640743255615,0.2052450180053711,-1.2296199798583984,1.0877982378005981,,,,,,,,,,,,,,,,,,,,,,,,,,,
14,0,-1.119554877281189,1.3327316045761108,-1.1542097330093384,-3.0835683345794678,0.1793353259563446,0.359375,0.001,1.906541109085083,193.44,4.64,1923,3.280121326446533,0,0.035521797835826874,-0.052952174097299576,0.054757170379161835,0.001,59,245760,130.15050215506926,245760,2.8600549697875977,0.36889705061912537,0.8618631362915039,5.774283409118652,0.6539324522018433,-1.245013952255249,2.667843818664551,,,,,,,,,,,,,,,,,,,,,,,,,,,
14,0,-1.0965180397033691,0.43264129757881165,-1.0876331329345703,-2.8074944019317627,0.09661135077476501,0.47265625,0.001,1.856859803199768,193.01,4.75,1956,1.6566410064697266,0,0.05041509121656418,-0.07226071506738663,0.03297653794288635,0.001,69,286720,151.19119042297825,286720,3.0493886470794678,0.24660861492156982,0.7567408680915833,6.23136043548584,0.5408118367195129,-1.1663628816604614,2.276498556137085,,,,,,,,,,,,,,,,,,,,,,,,,,,
14,0,-1.1123517751693726,0.34205782413482666,-1.099465250968933,-4.470484256744385,0.10555242747068405,0.40625,0.001,1.5914713144302368,225.12,5.39,1963,1.0597460269927979,0,0.040969107300043106,-0.04597483202815056,0.040679868310689926,0.001,79,327680,172.1924114720896,327680,2.218153238296509,0.25662022829055786,1.058436393737793,3.9996349811553955,1.2335257530212402,-1.1730780601501465,1.1464564800262451,,,,,,,,,,,,,,,,,,,,,,,,,,,
14,0,-1.0740883350372314,1.754042625427246,-1.0879900455474854,-4.029344081878662,0.15796469151973724,0.3984375,0.001,1.732919692993164,236.3,6.93,1946,0.7343479990959167,0,0.03967924043536186,-0.06435222178697586,0.028325121849775314,0.001,89,368640,193.50368225574493,368640,3.352832317352295,0.05607793107628822,0.8754689693450928,3.0804049968719482,1.0570933818817139,-1.2189584970474243,1.332830786705017,,,,,,,,,,,,,,,,,,,,,,,,,,,
14,0,-1.1166303157806396,0.4619375765323639,-1.1267199516296387,-3.3630661964416504,0.06856106966733932,0.40234375,0.001,1.6534358263015747,249.23,7.89,1990,1.072887659072876,0,0.043186984956264496,-0.058205582201480865,0.015971187502145767,0.001,99,409600,214.6605892968364,409600,2.5839743614196777,0.30117762088775635,0.9193552136421204,4.084474086761475,1.0826674699783325,-1.19117271900177,1.5905550718307495,,,,,,,,,,,,,,,,,,,,,,,,,,,
14,0,-1.1032226085662842,-0.3074190020561218,-1.108292579650879,-2.438716411590576,0.04048537462949753,0.451171875,0.001,1.7352638244628906,281.31,9.49,1932,0.8748000860214233,0,0.039273880422115326,-0.05994192138314247,0.013703813776373863,0.001,109,450560,235.7582825757563,450560,2.3865416049957275,0.10104063153266907,0.597743034362793,3.7429864406585693,0.30220872163772583,-1.1395100355148315,1.6666187047958374,,,,,,,,,,,,,,,,,,,,,,,,,,,
14,0,-1.076960563659668,0.8911146521568298,-1.0696115493774414,-4.906206130981445,0.132692351937294,0.404296875,0.001,1.7214268445968628,260.25,7.7,1969,0.9808678030967712,0,0.03944063559174538,-0.04832475632429123,0.021135099232196808,0.001,119,491520,257.2271144557744,491520,16.412582397460938,0.14609038829803467,0.6033518314361572,5.0649542808532715,0.2169179916381836,-1.1902356147766113,1.880047082901001,,,,,,,,,,,,,,,,,,,,,,,,,,,
14,0,-1.0244477987289429,0.7318943738937378,-1.0271673202514648,-2.7948696613311768,0.06773482263088226,0.0,0.020250000000000004,1.5206019878387451,290.52,10.79,252,0.5986601710319519,26,0.00900259055197239,-0.019666865468025208,0.0377475880086422,0.020250000000000004,129,532480,377.122150872834,532480,1.5968223810195923,0.5840227007865906,0.994709849357605,6.531326770782471,0.594919741153717,-1.1585578918457031,2.899770498275757,1.0,1.0,512,0.3381737172603607,487.9459228515625,3.198214791652807e-14,0,0.8351983428001404,0.1,0.24821725487709045,1.0,645.827880859375,32.954017652852905,0.5986601710319519,1.0,1.4142135563200993,0.30965858998723655,exact_deterministic_ggn_2b,torch.float64,4.836588414036669e-05,1.138149309779639e-15,3.0856535983286416e-14,symmetrized_jacobi_fullfp64_chunked,1024,1.0,1e-06,paper_sgd_momentum_1e-6
14,0,-0.972652792930603,0.20143218338489532,-0.982559084892273,-1.8305580615997314,0.050800349563360214,0.0,0.020250000000000004,1.4122148752212524,277.1,9.38,252,0.5589598417282104,26,0.014002331532537937,-0.01947791688144207,0.03027322143316269,0.020250000000000004,139,573440,539.6884727771394,573440,1.576263189315796,0.5242524743080139,0.7153503894805908,5.959592342376709,0.22166720032691956,-1.0152708292007446,2.3780722618103027,1.0,1.0,512,0.32119086384773254,509.2652587890625,3.346460439733677e-14,0,0.8945186734199524,0.1,0.20358061790466309,1.0,739.0989990234375,41.47697125414842,0.5589598417282104,1.0,1.4142135623442114,0.3677630193090834,exact_deterministic_ggn_2b,torch.float64,5.2694103942485526e-05,1.219921226197007e-15,3.32070702357346e-14,symmetrized_jacobi_fullfp64_chunked,1024,1.0,1e-06,paper_sgd_momentum_1e-6
14,0,-0.9558438062667847,-0.08775168657302856,-0.9560419321060181,-1.91622793674469,0.040146488696336746,0.0,0.020250000000000004,1.4354153871536255,267.93,9.28,252,0.5399150848388672,26,0.02098272368311882,-0.017069213092327118,0.025342363864183426,0.020250000000000004,149,614400,702.711278682109,614400,2.0921974182128906,0.3581078052520752,0.7358102798461914,5.474850177764893,0.1788618266582489,-0.9798264503479004,2.445521354675293,1.0,1.0,512,0.2964401841163635,663.775146484375,5.453737290345785e-14,0,0.9260715246200562,0.1,0.22011837363243103,1.0,815.3621826171875,70.02925146142265,0.5399150848388672,1.0,1.4142135623730918,0.2208590882848685,exact_deterministic_ggn_2b,torch.float64,5.2125022193649784e-05,1.9922253466855406e-15,5.193583989193381e-14,symmetrized_jacobi_fullfp64_chunked,1024,1.0,1e-06,paper_sgd_momentum_1e-6
14,0,-0.9747726917266846,0.2084679752588272,-0.9672570824623108,-2.5775251388549805,0.046581804752349854,0.0,0.020250000000000004,1.3280112743377686,281.62,9.82,252,0.5633658170700073,26,0.01787550374865532,-0.024997567757964134,0.024281155318021774,0.020250000000000004,159,655360,865.5655994787812,655360,1.915154218673706,0.46948373317718506,0.7362431287765503,4.905157089233398,0.5031417608261108,-0.9529560208320618,1.5508031845092773,1.0,1.0,512,0.4634791612625122,724.6209716796875,4.5222022221685885e-14,0,0.88752281665802,0.1,0.17707559466362,1.0,887.6143798828125,58.7081761693319,0.5633658170700073,1.0,1.4142135472517166,0.30930918853238554,exact_deterministic_ggn_2b,torch.float64,7.485302194254473e-05,1.6795922781535325e-15,4.528050404936442e-14,symmetrized_jacobi_fullfp64_chunked,1024,1.0,1e-06,paper_sgd_momentum_1e-6
14,0,-0.9446301460266113,0.21031959354877472,-0.9549965858459473,-2.179422378540039,0.04441237822175026,0.0,0.013500000000000003,1.0918666124343872,301.23,9.9,252,0.5504035353660583,26,0.01299579069018364,-0.017380088567733765,0.025602813810110092,0.013500000000000003,169,696320,1028.6256389170885,696320,1.8404675722122192,0.4406116306781769,0.637662947177887,4.422175884246826,0.1966717541217804,-1.0256203413009644,1.4956461191177368,1.0,1.0,512,0.4479493796825409,844.6890869140625,6.270105554650064e-14,0,0.9084243774414062,0.1,0.28498217463493347,1.0,1219.1881103515625,78.56713393430526,0.5504035353660583,1.0,1.414213561987343,0.27878630108579616,exact_deterministic_ggn_2b,torch.float64,3.368558100191876e-05,2.2181238961884437e-15,6.229288608132247e-14,symmetrized_jacobi_fullfp64_chunked,1024,1.0,1e-06,paper_sgd_momentum_1e-6
14,0,-0.9355285167694092,0.14071889221668243,-0.947800874710083,-1.8507206439971924,0.03917057812213898,0.0,0.009000000000000003,1.047600269317627,284.33,9.17,252,0.533633828163147,26,0.007914524525403976,-0.007773268967866898,0.023812096565961838,0.009000000000000003,179,737280,1191.9684846457094,737280,2.288827657699585,0.46148958802223206,0.7039254903793335,4.074403285980225,0.034230899065732956,-0.9568460583686829,2.256917953491211,1.0,1.0,512,0.532712996006012,940.9849243164062,6.945182607837708e-14,0,0.9369719624519348,0.1,0.3220432996749878,1.0,1554.731689453125,71.35017032076631,0.5336338877677917,1.0,1.4142135623730951,0.23991546111643186,exact_deterministic_ggn_2b,torch.float64,1.8940936570288613e-05,2.4076125932046622e-15,7.080164541108811e-14,symmetrized_jacobi_fullfp64_chunked,1024,1.0,1e-06,paper_sgd_momentum_1e-6
14,0,-0.9425792694091797,-0.09734519571065903,-0.9419884085655212,-1.9552000761032104,0.02251218445599079,0.0,0.009000000000000003,1.2872800827026367,268.21,10.22,252,0.5817892551422119,26,0.006345120258629322,-0.009315918199717999,0.017067262902855873,0.009000000000000003,189,778240,1355.1656486308202,778240,1.9597978591918945,0.3167820870876312,0.24438101053237915,4.376214027404785,-0.2594318389892578,-0.9566372036933899,1.6837866306304932,1.0,1.0,512,0.7178575396537781,988.1055908203125,6.859262926105821e-14,0,0.8594177961349487,0.1,0.20478296279907227,1.0,1065.7386474609375,81.21105499076646,0.5817891955375671,1.0,1.414213562373095,0.20789093147899543,exact_deterministic_ggn_2b,torch.float64,2.147345367120579e-05,2.3663812962259886e-15,6.671092326864011e-14,symmetrized_jacobi_fullfp64_chunked,1024,1.0,1e-06,paper_sgd_momentum_1e-6
14,0,-0.909042239189148,0.3680289387702942,-0.9257518649101257,-1.8863831758499146,0.03170396760106087,0.0,0.009000000000000003,1.0406744480133057,266.5,9.04,251,0.4814440608024597,26,0.018936900421977043,0.003928333520889282,0.021774880588054657,0.009000000000000003,199,819200,1519.4077781327069,819200,2.7896831035614014,0.2552204132080078,0.983859658241272,4.012784957885742,-0.30372512340545654,-0.9472989439964294,3.529141664505005,1.0,1.0,512,1.0184062719345093,1013.5062255859375,1.5063913835920678e-13,0,1.0,0.1,0.3449506163597107,1.0,1839.514892578125,126.72017423415367,0.4814440906047821,1.0,1.4142135623730951,0.18417467505327093,exact_deterministic_ggn_2b,torch.float64,4.124545012018643e-05,4.49188217299075e-15,1.6775833092092142e-13,symmetrized_jacobi_fullfp64_chunked,1024,1.0,1e-06,paper_sgd_momentum_1e-6
14,0,-0.9344998598098755,0.10114356875419617,-0.9350106716156006,-1.7882593870162964,0.028254397213459015,0.0,0.009000000000000003,0.8953173160552979,267.68,10.3,247,0.5628700852394104,26,0.010407160967588425,-0.02228683978319168,0.015558619983494282,0.009000000000000003,209,860160,1683.9964465717785,860160,2.104541063308716,0.40625840425491333,0.9390006065368652,4.494129657745361,0.7283859848976135,-0.9395889639854431,1.7992841005325317,1.0,1.0,512,0.9956746697425842,1134.9859619140625,1.1356697919865708e-13,0,0.8883045315742493,0.1,0.17434239387512207,1.0,1763.934326171875,107.05736315602593,0.5628700256347656,1.0,1.4142135623730951,0.200138235323435,exact_deterministic_ggn_2b,torch.float64,3.1819708965485916e-05,3.5445750178924767e-15,1.0555267534531535e-13,symmetrized_jacobi_fullfp64_chunked,1024,1.0,1e-06,paper_sgd_momentum_1e-6
14,0,-0.9579911231994629,-0.18988998234272003,-0.9277737140655518,-5.475454807281494,0.07538498938083649,0.0,0.009000000000000003,1.0551581382751465,260.98,9.87,252,0.5946813225746155,26,0.006869759410619736,-0.02161637507379055,0.061196766793727875,0.009000000000000003,219,901120,1847.9381384318694,901120,1.8275700807571411,0.41143712401390076,0.3887004852294922,4.277556419372559,-0.05667674541473389,-0.936862587928772,1.516014814376831,1.0,1.0,512,0.8418843746185303,1036.335693359375,7.453493041608912e-14,0,0.8407864570617676,0.1,0.5990191698074341,1.0,1538.0863037109375,93.6756905433075,0.5946813225746155,1.0,1.4142135623730299,0.17908457260723695,exact_deterministic_ggn_2b,torch.float64,2.4103430405375548e-05,2.1328521106701424e-15,7.265132968823234e-14,symmetrized_jacobi_fullfp64_chunked,1024,1.0,1e-06,paper_sgd_momentum_1e-6
14,0,-0.9156421422958374,-0.2717207074165344,-0.9127034544944763,-1.6541039943695068,0.018427245318889618,0.0,0.009000000000000003,1.0175669193267822,259.66,9.21,245,0.5113504528999329,26,0.011194873601198196,-0.01722976565361023,0.013216424733400345,0.009000000000000003,229,942080,2012.4488984066993,942080,1.931205153465271,0.41126760840415955,0.28238236904144287,3.9140162467956543,-0.2447289526462555,-0.9345141053199768,1.5784883499145508,1.0,1.0,512,0.9806045293807983,1299.5303955078125,9.414051483875286e-14,0,0.9778029918670654,0.1,0.22421380877494812,1.0,1548.2904052734375,96.84802731530182,0.5113504528999329,1.0,1.4142135623730951,0.21597179097452393,exact_deterministic_ggn_2b,torch.float64,3.797095996560529e-05,3.008102510216875e-15,8.305634638354329e-14,symmetrized_jacobi_fullfp64_chunked,1024,1.0,1e-06,paper_sgd_momentum_1e-6
14,0,-0.920211911201477,-0.1512777954339981,-0.9204725027084351,-1.7758266925811768,0.025513334199786186,0.0,0.009000000000000003,0.8147176504135132,285.96,11.22,251,0.5200971364974976,26,0.016618411988019943,-0.01083310879766941,0.019694309681653976,0.009000000000000003,239,983040,2176.560317757074,983040,3.893941640853882,0.22032277286052704,1.2254033088684082,4.00600004196167,0.7541420459747314,-0.9329146146774292,2.506199836730957,1.0,1.0,512,1.1886205673217773,1400.962890625,1.7125896939089438e-13,0,0.961358904838562,0.1,0.3036443293094635,1.0,2250.692138671875,185.84990165849152,0.5200971364974976,1.0,1.4142135623730951,0.13098624248161372,exact_deterministic_ggn_2b,torch.float64,4.44907127530314e-05,4.823495862123391e-15,1.7449573871118197e-13,symmetrized_jacobi_fullfp64_chunked,1024,1.0,1e-06,paper_sgd_momentum_1e-6
14,0,-0.9119137525558472,-0.23534460365772247,-0.9116002917289734,-1.5696250200271606,0.02076086588203907,0.0,0.009000000000000003,0.806847333908081,289.47,11.73,250,0.5366997122764587,26,0.01757882535457611,-0.020512327551841736,0.01384582370519638,0.009000000000000003,249,1024000,2340.70469059702,1024000,1.7435778379440308,0.4260368049144745,0.5452114939689636,3.801325798034668,0.16062723100185394,-0.9150415658950806,1.5067774057388306,1.0,1.0,512,0.951076865196228,1264.793212890625,8.689874624033706e-14,0,0.9316197633743286,0.1,0.1523156762123108,1.0,2092.62255859375,159.564813301398,0.536699652671814,1.0,1.4142135623723464,0.2147781910339465,exact_deterministic_ggn_2b,torch.float64,3.343089701957069e-05,2.7693815825657896e-15,8.627918965463129e-14,symmetrized_jacobi_fullfp64_chunked,1024,1.0,1e-06,paper_sgd_momentum_1e-6
14,0,-0.9160158634185791,-0.28663429617881775,-0.911980926990509,-1.9377167224884033,0.0218496210873127,0.0,0.009000000000000003,0.8255970478057861,266.84,9.59,251,0.4831441640853882,26,0.014436569064855576,-0.015478283166885376,0.013676932081580162,0.009000000000000003,259,1064960,2504.440948748961,1064960,1.8117339611053467,0.10000000149011612,0.525409460067749,3.602369785308838,-0.15300938487052917,-0.9531291127204895,2.0643582344055176,1.0,1.0,512,1.2293378114700317,1428.980224609375,6.996323696592039e-14,0,1.0,0.1,0.3706779181957245,1.0,2331.18017578125,76.76115426846536,0.4831441640853882,1.0,1.4142135623730951,0.15789768558355147,exact_deterministic_ggn_2b,torch.float64,4.978817742085084e-05,1.970803844172114e-15,6.807372303611334e-14,symmetrized_jacobi_fullfp64_chunked,1024,1.0,1e-06,paper_sgd_momentum_1e-6
14,0,-0.9247918725013733,-0.28786709904670715,-0.9204255938529968,-3.9821314811706543,0.038302481174468994,0.0,0.009000000000000003,0.7558104395866394,274.89,9.62,251,0.48999589681625366,26,0.01871846430003643,-0.017382223159074783,0.036902718245983124,0.009000000000000003,269,1105920,2668.7565957307816,1105920,2.3036303520202637,0.40566325187683105,0.3969826102256775,3.160264730453491,-0.037203360348939896,-0.9219663143157959,1.3321634531021118,1.0,1.0,512,1.317948579788208,1458.0345458984375,1.1779013067122214e-13,0,1.0,0.1,0.46042001247406006,1.0,2517.69482421875,85.93575875084923,0.4899958670139313,1.0,1.4142135623730951,0.1592943309878112,exact_deterministic_ggn_2b,torch.float64,5.337691254680976e-05,3.1758720749818638e-15,1.1555597172708637e-13,symmetrized_jacobi_fullfp64_chunked,1024,1.0,1e-06,paper_sgd_momentum_1e-6
14,0,-0.9060308933258057,-0.33183911442756653,-0.9084411859512329,-1.4294589757919312,0.015477249398827553,0.0,0.009000000000000003,0.7479861974716187,258.28,8.58,252,0.5017566680908203,26,0.022774066776037216,-0.0059820981696248055,0.009762091562151909,0.009000000000000003,279,1146880,2832.6910246438347,1146880,2.5709586143493652,0.2735447287559509,0.2619103789329529,3.114042043685913,-0.04062531515955925,-0.9284504652023315,0.997129499912262,1.0,1.0,512,1.9983508586883545,1624.1402587890625,9.17866954794344e-14,0,0.9964989423751831,0.1,0.1752963364124298,1.0,2453.00634765625,76.0044539747007,0.5017566680908203,1.0,1.4142135623723258,0.1294408283000153,exact_deterministic_ggn_2b,torch.float64,8.036749204620719e-05,2.3350213712113866e-15,9.353910188429517e-14,symmetrized_jacobi_fullfp64_chunked,1024,1.0,1e-06,paper_sgd_momentum_1e-6
14,0,-0.9198066592216492,0.8309862613677979,-0.9283103346824646,-1.6131401062011719,0.032262254506349564,0.0,0.009000000000000003,0.8196324110031128,264.66,9.04,251,0.5190817713737488,26,0.016235893592238426,-0.031810905784368515,0.012043156661093235,0.009000000000000003,289,1187840,2996.8260868359357,1187840,2.2587857246398926,0.5241824984550476,-0.09109029173851013,2.6695923805236816,-0.301198273897171,-0.9316157698631287,0.5097092986106873,1.0,1.0,512,1.2712550163269043,1695.647705078125,1.1979140569962746e-13,0,0.9632393717765808,0.1,0.32974278926849365,1.0,2325.849853515625,61.3750229946874,0.5190817713737488,1.0,1.4142135623730951,0.17463484137989393,exact_deterministic_ggn_2b,torch.float64,4.777009235112928e-05,3.594681247172898e-15,1.0936536875536472e-13,symmetrized_jacobi_fullfp64_chunked,1024,1.0,1e-06,paper_sgd_momentum_1e-6
14,0,-0.9163058400154114,0.42848578095436096,-0.9227430820465088,-1.6092365980148315,0.031071260571479797,0.0,0.006000000000000002,0.6275186538696289,261.74,8.53,251,0.4457084834575653,26,0.008968081325292587,-0.0120087880641222,0.01104174368083477,0.006000000000000002,299,1228800,3161.092486492824,1228800,1.509305715560913,0.4238225221633911,0.26307931542396545,3.0698366165161133,-0.29164737462997437,-0.9455279111862183,1.30698561668396,1.0,1.0,512,1.0334056615829468,1399.7718505859375,8.278843491912399e-14,0,1.0,0.1,0.534247100353241,1.0,3111.169677734375,96.33018873336023,0.4457084834575653,1.0,1.4142135623730951,0.1800807914643433,exact_deterministic_ggn_2b,torch.float64,1.8601302144816145e-05,2.509506563153324e-15,7.979330976364789e-14,symmetrized_jacobi_fullfp64_chunked,1024,1.0,1e-06,paper_sgd_momentum_1e-6
14,0,-0.9393495321273804,0.19056347012519836,-0.9407175183296204,-1.7885633707046509,0.016559332609176636,0.0,0.006000000000000002,0.8414057493209839,327.52,11.15,248,0.542824387550354,26,0.007598144933581352,-0.00658724270761013,0.00897563248872757,0.006000000000000002,309,1269760,3325.3104234407656,1269760,1.4616243839263916,0.6416710615158081,0.19164380431175232,3.0193355083465576,-0.23334373533725739,-0.9422737956047058,1.1388466358184814,1.0,1.0,512,1.040793776512146,1613.115966796875,1.1523557656730043e-13,0,0.9211081862449646,0.1,0.20072245597839355,1.0,2402.624755859375,101.37122784316801,0.542824387550354,1.0,1.4142135623730951,0.15892384525437572,exact_deterministic_ggn_2b,torch.float64,1.5894926036708057e-05,3.6129801798736156e-15,1.1032772192674443e-13,symmetrized_jacobi_fullfp64_chunked,1024,1.0,1e-06,paper_sgd_momentum_1e-6
14,0,-0.9400049448013306,0.3029977083206177,-0.9447321891784668,-2.1835403442382812,0.025599714368581772,0.0,0.006000000000000002,0.8437739610671997,275.03,8.87,251,0.49555301666259766,26,0.008290983736515045,-0.012802520766854286,0.01307910867035389,0.006000000000000002,319,1310720,3489.6009481768124,1310720,2.031416893005371,0.45166686177253723,0.15626537799835205,2.8724629878997803,-0.26253271102905273,-0.9465894103050232,1.0008655786514282,1.0,1.0,512,1.533942699432373,1877.205078125,1.1144254562677647e-13,0,1.0,0.1,0.6392822265625,1.0,2785.166748046875,117.23824971563216,0.49555304646492004,1.0,1.4142135623730951,0.13628138393903164,exact_deterministic_ggn_2b,torch.float64,2.7610969482338987e-05,3.130710978488573e-15,1.0743573715063256e-13,symmetrized_jacobi_fullfp64_chunked,1024,1.0,1e-06,paper_sgd_momentum_1e-6
14,0,-0.9543211460113525,-0.4600759446620941,-0.9462906718254089,-2.407386064529419,0.01805846579372883,0.0,0.009000000000000003,0.7568719387054443,283.47,8.5,250,0.49144163727760315,26,0.027689140290021896,-0.01932383142411709,0.00937732681632042,0.009000000000000003,329,1351680,3653.4163479208946,1351680,2.5885095596313477,0.24426326155662537,0.10076794773340225,2.5468740463256836,-0.0774514228105545,-0.953770637512207,0.489062637090683,1.0,1.0,512,2.4379167556762695,2019.305419921875,9.643445862662803e-14,0,1.0,0.1,0.16485324501991272,1.0,2867.112060546875,97.54720091550155,0.49144163727760315,1.0,1.4142135623730951,0.16175032582886775,exact_deterministic_ggn_2b,torch.float64,9.873561793938279e-05,2.328514126650128e-15,1.0073741803625126e-13,symmetrized_jacobi_fullfp64_chunked,1024,1.0,1e-06,paper_sgd_momentum_1e-6
14,0,-0.9362374544143677,1.4951860904693604,-0.944791853427887,-1.4526959657669067,0.027075190097093582,0.0,0.009000000000000003,0.7286887764930725,271.53,8.6,250,0.421286016702652,26,0.019416045397520065,-0.009526475332677364,0.010390343144536018,0.009000000000000003,339,1392640,3817.614257541951,1392640,2.589531183242798,0.31157755851745605,0.09230080246925354,3.0453040599823,-0.08446214348077774,-1.0283451080322266,0.7676538228988647,1.0,1.0,512,1.584183692932129,1771.884521484375,7.595736530603552e-14,0,1.0,0.1,0.22367817163467407,1.0,3069.95947265625,94.98493835930988,0.421286016702652,1.0,1.4142135623730878,0.10407588024696944,exact_deterministic_ggn_2b,torch.float64,6.415943062165752e-05,2.0766920700668373e-15,7.183794627612925e-14,symmetrized_jacobi_fullfp64_chunked,1024,1.0,1e-06,paper_sgd_momentum_1e-6
14,0,-0.9462646842002869,-0.2043571025133133,-0.9535483121871948,-1.994402527809143,0.028204986825585365,0.0,0.009000000000000003,0.6409872174263,302.26,11.33,250,0.4467439353466034,26,0.02347860112786293,-0.004163125529885292,0.014352032914757729,0.009000000000000003,349,1433600,3983.2963255769573,1433600,2.7192189693450928,0.3721117079257965,0.669980525970459,3.1269991397857666,-0.18885430693626404,-1.0039998292922974,2.160383462905884,1.0,1.0,512,2.1810903549194336,1608.9306640625,9.352441369921712e-14,0,1.0,0.1,0.6003814935684204,1.0,4002.850830078125,127.63634175540129,0.4467439353466034,1.0,1.4142135623730951,0.12923002439133888,exact_deterministic_ggn_2b,torch.float64,8.833414904074743e-05,2.2632074571047815e-15,9.307824289495205e-14,symmetrized_jacobi_fullfp64_chunked,1024,1.0,1e-06,paper_sgd_momentum_1e-6
14,0,-0.9548299312591553,-0.11004968732595444,-0.956767737865448,-2.0925471782684326,0.032367873936891556,0.0,0.009000000000000003,0.5490401983261108,287.89,10.66,251,0.46982547640800476,26,0.05565996095538139,-0.022627584636211395,0.01877717673778534,0.006000000000000002,359,1474560,4147.7807563948445,1474560,4.628920078277588,0.10000000149011612,0.5581097602844238,2.8626835346221924,0.3124784231185913,-0.9876922369003296,1.3257179260253906,1.0,1.0,512,7.6649346351623535,2117.05029296875,1.188167712767237e-13,0,1.0,0.1,0.5509693622589111,1.0,4367.0400390625,111.22724468405171,0.46982547640800476,1.0,1.4142135623730951,0.06053405967736377,exact_deterministic_ggn_2b,torch.float64,0.00031042980845086277,1.744805624939236e-15,1.3654401382580665e-13,symmetrized_jacobi_fullfp64_chunked,1024,1.0,1e-06,paper_sgd_momentum_1e-6
14,0,-0.9552278518676758,-0.3300795257091522,-0.9556875824928284,-2.3641438484191895,0.017605576664209366,0.0,0.006000000000000002,0.7355366945266724,280.19,10.47,248,0.5190573334693909,26,0.007084605749696493,-0.007342990953475237,0.0154734430834651,0.006000000000000002,369,1515520,4312.551713192835,1515520,2.6042351722717285,0.43188178539276123,0.10011149197816849,2.9562323093414307,-0.30728742480278015,-1.0757063627243042,1.1109824180603027,1.0,1.0,512,1.3876430988311768,2109.65869140625,1.1372397099471533e-13,0,0.9632847309112549,0.1,0.4542320966720581,1.0,3186.0419921875,97.78620455986695,0.5190573334693909,1.0,1.4142135623730951,0.07211306458638124,exact_deterministic_ggn_2b,torch.float64,2.3177128241513856e-05,3.3167235221365688e-15,1.1061876136805279e-13,symmetrized_jacobi_fullfp64_chunked,1024,1.0,1e-06,paper_sgd_momentum_1e-6
14,0,-0.9663517475128174,-0.3756464719772339,-0.9668106436729431,-2.0066275596618652,0.019317829981446266,0.0,0.006000000000000002,0.662125289440155,279.41,8.84,248,0.5049126744270325,26,0.018743447959423065,-0.006290261633694172,0.012373845092952251,0.006000000000000002,379,1556480,4477.992234109901,1556480,3.8508431911468506,0.3482104241847992,0.2609081268310547,2.7160797119140625,-0.1778964251279831,-0.97544264793396,1.060605525970459,1.0,1.0,512,2.712306022644043,2187.331298828125,1.0717314224224444e-13,0,0.9902702569961548,0.1,0.35872361063957214,1.0,3782.11865234375,149.55556736894923,0.5049126744270325,1.0,1.4142135623730951,0.08584980827607162,exact_deterministic_ggn_2b,torch.float64,4.78760885016527e-05,2.464880995563119e-15,1.0988739847397598e-13,symmetrized_jacobi_fullfp64_chunked,1024,1.0,1e-06,paper_sgd_momentum_1e-6
14,0,-0.9640206098556519,-0.3153863847255707,-0.9702287316322327,-1.4791654348373413,0.016009081155061722,0.0,0.006000000000000002,0.6964403390884399,290.15,10.39,249,0.5237340331077576,26,0.02091635763645172,-0.00849946215748787,0.00952502153813839,0.006000000000000002,389,1597440,4642.535471688025,1597440,2.0803802013397217,0.34592363238334656,0.09960385411977768,2.541762113571167,-0.1850249022245407,-0.9797887206077576,0.7798469066619873,1.0,1.0,512,3.4659535884857178,2408.37744140625,1.3206982753693677e-13,0,0.9546830654144287,0.1,0.7651885747909546,1.0,3566.858154296875,105.96573422746225,0.5237340331077576,1.0,1.4142135623730951,0.07751201133016983,exact_deterministic_ggn_2b,torch.float64,5.6860895710997283e-05,2.7330321842155656e-15,1.1648521240309002e-13,symmetrized_jacobi_fullfp64_chunked,1024,1.0,1e-06,paper_sgd_momentum_1e-6
14,0,-0.9854801297187805,-0.44735124707221985,-0.9698546528816223,-2.3982949256896973,0.020541606470942497,0.0,0.006000000000000002,0.7221502065658569,276.87,9.85,251,0.5058120489120483,26,0.005156042519956827,-0.005769387818872929,0.01293869037181139,0.006000000000000002,399,1638400,4807.631354750134,1638400,2.4403059482574463,0.6089251637458801,-0.035795725882053375,2.482895851135254,-0.34016790986061096,-0.984373927116394,0.6493092775344849,1.0,1.0,512,1.4333384037017822,1878.4407958984375,1.1700847592498576e-13,0,0.988509476184845,0.1,0.37656471133232117,1.0,2977.23974609375,94.555324032084,0.5058120489120483,1.0,1.4142135623708785,0.09805353727349672,exact_deterministic_ggn_2b,torch.float64,2.5210585590684786e-05,3.3313856635916773e-15,1.3331880114728128e-13,symmetrized_jacobi_fullfp64_chunked,1024,1.0,1e-06,paper_sgd_momentum_1e-6
14,0,-0.9854861497879028,-0.45158815383911133,-0.9838589429855347,-1.6745508909225464,0.01367248222231865,0.0,0.006000000000000002,0.736233651638031,294.08,9.72,248,0.5087107419967651,26,0.010634267702698708,-0.0006991662085056305,0.009195409715175629,0.006000000000000002,409,1679360,4971.809770673979,1679360,2.3848342895507812,0.5084604620933533,0.02123873680830002,2.68212890625,-0.33172348141670227,-0.9893210530281067,0.8033737540245056,1.0,1.0,512,1.6051406860351562,2058.56982421875,1.1732711731921596e-13,0,0.982876718044281,0.1,0.16705186665058136,1.0,2939.71435546875,142.94615509707876,0.5087108016014099,1.0,1.4142135623730947,0.15224695648896688,exact_deterministic_ggn_2b,torch.float64,2.7911535653402098e-05,3.2840135085535116e-15,1.098854342533149e-13,symmetrized_jacobi_fullfp64_chunked,1024,1.0,1e-06,paper_sgd_momentum_1e-6
14,0,-0.9982664585113525,0.41084837913513184,-0.9881806969642639,-3.250762939453125,0.033158425241708755,0.0,0.006000000000000002,0.662671685218811,293.65,9.96,250,0.5208878517150879,26,0.013586478307843208,0.0023838020861148834,0.03951794654130936,0.006000000000000002,419,1720320,5136.384651973844,1720320,5.9509124755859375,0.4353490173816681,-0.11048400402069092,2.1679697036743164,-0.2470633089542389,-0.9951977729797363,0.4151993691921234,1.0,1.0,512,2.813638687133789,2379.99365234375,1.597486726512988e-13,0,0.9598995447158813,0.1,0.7141302824020386,1.0,3189.452880859375,90.11881380175967,0.5208878517150879,1.0,1.4142135623730951,0.07744946295166842,exact_deterministic_ggn_2b,torch.float64,4.666512904805131e-05,3.4694478138415033e-15,1.5025704159517546e-13,symmetrized_jacobi_fullfp64_chunked,1024,1.0,1e-06,paper_sgd_momentum_1e-6
14,0,-0.979759693145752,-0.4578610062599182,-0.9852687120437622,-2.1961913108825684,0.01705828867852688,0.0,0.006000000000000002,0.5204843878746033,313.18,11.93,249,0.4686785340309143,26,0.008320351131260395,-0.005451224744319916,0.01575552672147751,0.006000000000000002,429,1761280,5300.613238887861,1761280,1.9931720495224,0.5532064437866211,0.3763892352581024,2.420555591583252,-0.003398910630494356,-1.0011745691299438,1.0708056688308716,1.0,1.0,512,1.1226776838302612,1485.821044921875,8.022701649213812e-14,0,1.0,0.1,0.6226100921630859,1.0,4022.624267578125,97.60286146538435,0.4686785340309143,1.0,1.4142135623730951,0.1298044724508448,exact_deterministic_ggn_2b,torch.float64,2.020819920289796e-05,2.4155140794832588e-15,7.895262674484875e-14,symmetrized_jacobi_fullfp64_chunked,1024,1.0,1e-06,paper_sgd_momentum_1e-6
14,0,-0.990092396736145,0.16746051609516144,-0.9937647581100464,-1.9049042463302612,0.02206326276063919,0.0,0.006000000000000002,0.6957919597625732,279.32,8.07,248,0.45984289050102234,26,0.011389484629034996,0.02202591486275196,0.01146688126027584,0.006000000000000002,439,1802240,5465.687125456985,1802240,4.992824077606201,0.4080129563808441,-0.039312008768320084,2.6794826984405518,-0.3425278961658478,-1.0043845176696777,0.7345821857452393,1.0,1.0,512,2.5658369064331055,2351.138916015625,1.3603662928844303e-13,0,1.0,0.1,0.3227519392967224,1.0,3118.806640625,96.75339150407392,0.4598429203033447,1.0,1.4142135623730951,0.15003054034163002,exact_deterministic_ggn_2b,torch.float64,4.61850650026463e-05,3.2209387032332285e-15,1.214585257253024e-13,symmetrized_jacobi_fullfp64_chunked,1024,1.0,1e-06,paper_sgd_momentum_1e-6
14,0,-0.992023229598999,-0.1153295636177063,-0.9965131878852844,-1.7817893028259277,0.02303333394229412,0.0,0.006000000000000002,0.57270348072052,301.65,9.54,249,0.5053243637084961,26,0.01230117492377758,-0.01016307808458805,0.013636235147714615,0.006000000000000002,449,1843200,5630.162658428773,1843200,1.6330393552780151,0.44538965821266174,0.22659486532211304,2.5104780197143555,-0.08679334819316864,-1.0091367959976196,0.7801753878593445,1.0,1.0,512,1.4918524026870728,2028.0548095703125,1.426649545753509e-13,0,0.9894634485244751,0.1,0.584437906742096,1.0,4091.24853515625,121.0549867332139,0.5053243637084961,1.0,1.4142135623730951,0.11568662111559894,exact_deterministic_ggn_2b,torch.float64,2.6290443202015013e-05,3.9010981765904104e-15,1.377657930507047e-13,symmetrized_jacobi_fullfp64_chunked,1024,1.0,1e-06,paper_sgd_momentum_1e-6
14,0,-1.021618127822876,-0.18940173089504242,-1.0176619291305542,-2.7528278827667236,0.02258857898414135,0.0,0.006000000000000002,0.6694617867469788,292.89,9.71,251,0.5708253979682922,26,0.017430951818823814,-0.0169258713722229,0.019557178020477295,0.006000000000000002,459,1884160,5794.995038047899,1884160,2.0886032581329346,0.2213607132434845,-0.12136730551719666,2.0616941452026367,-0.2138785868883133,-1.0142463445663452,0.41938772797584534,1.0,1.0,512,3.5800180435180664,2236.252685546875,1.8389449929588268e-13,0,0.8759245872497559,0.1,0.3073856830596924,1.0,3131.9091796875,83.64569595413711,0.5708253979682922,1.0,1.4142135623730945,0.1594875264061353,exact_deterministic_ggn_2b,torch.float64,4.944144166074693e-05,3.605690232439682e-15,1.4829890512938495e-13,symmetrized_jacobi_fullfp64_chunked,1024,1.0,1e-06,paper_sgd_momentum_1e-6
14,0,-0.9939072132110596,-0.3534739017486572,-0.9956057071685791,-1.9803849458694458,0.019929975271224976,0.0,0.006000000000000002,0.5676974654197693,315.58,10.45,250,0.49542999267578125,26,0.01120397262275219,-0.011188490316271782,0.010890772566199303,0.006000000000000002,469,1925120,5959.534876870923,1925120,2.333508014678955,0.3697628378868103,0.448227196931839,2.358278751373291,-0.0231443140655756,-1.0196171998977661,0.9849324822425842,1.0,1.0,512,1.4645940065383911,2127.240234375,1.944793425858037e-13,0,1.0,0.1,0.7062207460403442,1.0,4808.2333984375,127.58523603607762,0.49542999267578125,1.0,1.4142135623730951,0.14150818358902892,exact_deterministic_ggn_2b,torch.float64,2.6362693461123854e-05,5.478973265822926e-15,1.6526809136365504e-13,symmetrized_jacobi_fullfp64_chunked,1024,1.0,1e-06,paper_sgd_momentum_1e-6
14,0,-1.0185350179672241,0.14190655946731567,-1.0124342441558838,-2.9630537033081055,0.027971860021352768,0.0,0.006000000000000002,0.6382434368133545,271.56,7.66,248,0.45416316390037537,26,0.007332207635045052,-0.0017264941707253456,0.02576104924082756,0.006000000000000002,479,1966080,6123.946059576701,1966080,1.7049291133880615,0.5315254330635071,0.11111309379339218,2.291611671447754,-0.3488767147064209,-1.0231178998947144,0.9512801766395569,1.0,1.0,512,1.3619064092636108,2216.822265625,1.0307873956416784e-13,0,1.0,0.1,0.9061811566352844,1.0,3655.084716796875,123.75159804551217,0.45416316390037537,1.0,1.4142135623730951,0.11723093193253618,exact_deterministic_ggn_2b,torch.float64,2.451431646477431e-05,2.947259536809177e-15,1.0645117851491523e-13,symmetrized_jacobi_fullfp64_chunked,1024,1.0,1e-06,paper_sgd_momentum_1e-6
14,0,-1.0133367776870728,-0.09273799508810043,-1.0122660398483276,-2.665555238723755,0.030730728060007095,0.0,0.006000000000000002,0.6369814276695251,320.63,10.48,249,0.49168282747268677,26,0.01217140443623066,-0.03941826894879341,0.021970205008983612,0.006000000000000002,489,2007040,6288.478094177786,2007040,1.7557704448699951,0.2704739272594452,0.13252252340316772,2.4856998920440674,-0.08951688557863235,-1.0284583568572998,0.6536287069320679,1.0,1.0,512,2.571559429168701,2221.328125,1.1509074453374585e-13,0,1.0,0.1,0.5520508289337158,1.0,4070.42041015625,75.93817594395851,0.49168282747268677,1.0,1.4142135623730951,0.1570733728877307,exact_deterministic_ggn_2b,torch.float64,4.628807073459029e-05,2.656633720286711e-15,1.1087921831210439e-13,symmetrized_jacobi_fullfp64_chunked,1024,1.0,1e-06,paper_sgd_momentum_1e-6
14,0,-1.0149954557418823,-0.3053641617298126,-1.0111271142959595,-2.3621251583099365,0.035852156579494476,0.0,0.006000000000000002,0.5233607292175293,295.91,9.27,250,0.505199670791626,26,0.01718280464410782,-0.006971172988414764,0.020975366234779358,0.006000000000000002,499,2048000,6452.939119854942,2048000,2.859835386276245,0.31195399165153503,0.42258700728416443,2.5453808307647705,0.0752675011754036,-1.032974123954773,1.0308127403259277,1.0,1.0,512,3.081141948699951,2461.517578125,1.6027478912238072e-13,0,0.9897077083587646,0.1,0.435861736536026,1.0,4841.791015625,159.7436145920433,0.505199670791626,1.0,1.4142135623730951,0.1250967083491853,exact_deterministic_ggn_2b,torch.float64,5.432479883893393e-05,3.459424659882726e-15,1.3679919033421085e-13,symmetrized_jacobi_fullfp64_chunked,1024,1.0,1e-06,paper_sgd_momentum_1e-6
14,0,-1.047712802886963,-0.14635422825813293,-1.0301337242126465,-3.657721996307373,0.0410570427775383,0.0,0.006000000000000002,0.6453927755355835,291.26,10.33,248,0.3963838219642639,26,0.011519202962517738,-0.0028483159840106964,0.03011293150484562,0.006000000000000002,509,2088960,6617.207799469121,2088960,1.722245216369629,0.21261847019195557,0.10572735965251923,3.4799115657806396,-0.3849130868911743,-1.0361218452453613,1.095774531364441,1.0,1.0,512,1.1430160999298096,2544.564453125,1.3145759627864405e-13,0,1.0,0.1,0.7836588025093079,1.0,4003.7939453125,142.15824216612023,0.3963838219642639,1.0,1.4142135623730951,0.13097573427565534,exact_deterministic_ggn_2b,torch.float64,2.0574290829245e-05,3.80866305257833e-15,1.3242294472587742e-13,symmetrized_jacobi_fullfp64_chunked,1024,1.0,1e-06,paper_sgd_momentum_1e-6
14,0,-1.0369038581848145,-0.3252124488353729,-1.0315049886703491,-1.9023889303207397,0.015826011076569557,0.0,0.006000000000000002,0.7576699256896973,275.86,8.91,250,0.48447224497795105,26,0.01463399175554514,-0.03258815035223961,0.01329013705253601,0.006000000000000002,519,2129920,6781.177895057015,2129920,1.8514378070831299,0.2833660840988159,-0.09135100990533829,2.534161329269409,-0.44857215881347656,-1.0391799211502075,0.8573423027992249,1.0,1.0,512,2.0136871337890625,2238.00146484375,1.0748990413623514e-13,0,1.0,0.1,0.24453365802764893,1.0,3347.934326171875,92.12546396751529,0.48447227478027344,1.0,1.4142135623730951,0.1124280982636983,exact_deterministic_ggn_2b,torch.float64,3.624636883614585e-05,2.786487395844755e-15,9.946899039872998e-14,symmetrized_jacobi_fullfp64_chunked,1024,1.0,1e-06,paper_sgd_momentum_1e-6
14,0,-1.0495802164077759,-0.3982709050178528,-1.036392331123352,-2.341975450515747,0.025333644822239876,0.0,0.006000000000000002,0.6608385443687439,308.08,11.75,251,0.512471616268158,26,0.016239088028669357,0.02037680149078369,0.019991610199213028,0.006000000000000002,529,2170880,6945.571477145888,2170880,3.812215805053711,0.3248439431190491,0.16612254083156586,3.2239151000976562,-0.3771631717681885,-1.042127251625061,1.292382001876831,1.0,1.0,512,1.8544604778289795,2969.062255859375,2.2453084116847835e-13,0,0.9756637811660767,0.1,0.466715931892395,1.0,4413.83984375,195.86546939578446,0.512471616268158,1.0,1.4142135623730951,0.06117197934305787,exact_deterministic_ggn_2b,torch.float64,3.177535836584866e-05,5.8451534898247475e-15,2.6591956419704255e-13,symmetrized_jacobi_fullfp64_chunked,1024,1.0,1e-06,paper_sgd_momentum_1e-6
14,0,-1.0349596738815308,-0.2903708219528198,-1.0345180034637451,-2.2272019386291504,0.027995217591524124,0.0,0.006000000000000002,0.6437699794769287,313.98,9.49,250,0.52806556224823,26,0.017523670569062233,-0.02532384544610977,0.023503873497247696,0.006000000000000002,539,2211840,7109.305148717016,2211840,2.042494535446167,0.31108003854751587,0.0680946558713913,2.5491714477539062,-0.20831957459449768,-1.044749140739441,0.7088189125061035,1.0,1.0,512,2.632619619369507,2432.61962890625,1.730187940127425e-13,0,0.9468522071838379,0.1,0.34494656324386597,1.0,3770.2158203125,128.2470312219915,0.5280655026435852,1.0,1.4142135623730951,0.11973777359721884,exact_deterministic_ggn_2b,torch.float64,4.2483963625272736e-05,3.9585216945767374e-15,1.7889245687105549e-13,symmetrized_jacobi_fullfp64_chunked,1024,1.0,1e-06,paper_sgd_momentum_1e-6
14,0,-1.0460379123687744,0.5310361981391907,-1.0417051315307617,-2.648522138595581,0.04250005632638931,0.0,0.006000000000000002,0.5372996926307678,306.25,11.75,251,0.5323379635810852,26,0.012997866608202457,-0.009254522621631622,0.0327334851026535,0.006000000000000002,549,2252800,7273.724951711018,2252800,2.8382155895233154,0.35126993060112,0.5396692156791687,2.880917549133301,0.20402394235134125,-1.048147201538086,1.3459739685058594,1.0,1.0,512,3.2598648071289062,2234.42236328125,1.6346678323711174e-13,0,0.9392529726028442,0.1,0.9449945688247681,1.0,4892.96484375,160.06610325277526,0.5323379635810852,1.0,1.4142135623730951,0.11964631888608818,exact_deterministic_ggn_2b,torch.float64,5.176512786420062e-05,3.3373595944579275e-15,1.5617739373846807e-13,symmetrized_jacobi_fullfp64_chunked,1024,1.0,1e-06,paper_sgd_momentum_1e-6
14,0,-1.054161787033081,-0.4569768011569977,-1.0485851764678955,-2.277474880218506,0.025677019730210304,0.0,0.006000000000000002,0.6449673771858215,290.17,10.07,250,0.5171133279800415,26,0.011443240568041801,-0.014187933877110481,0.017061706632375717,0.006000000000000002,559,2293760,7437.469660001807,2293760,1.882799506187439,0.15529471635818481,0.46594035625457764,3.339940309524536,0.14821301400661469,-1.0498971939086914,1.4453833103179932,1.0,1.0,512,1.7507789134979248,2714.0771484375,1.9970367656981432e-13,0,0.9669060111045837,0.1,0.3935111165046692,1.0,4387.87060546875,257.77284723387277,0.5171133279800415,1.0,1.4142135623730951,0.10904658058874384,exact_deterministic_ggn_2b,torch.float64,2.9462684324244037e-05,5.307650383533595e-15,1.791988560418494e-13,symmetrized_jacobi_fullfp64_chunked,1024,1.0,1e-06,paper_sgd_momentum_1e-6
14,0,-1.0517020225524902,-0.34749752283096313,-1.0397228002548218,-1.9835445880889893,0.019876250997185707,0.0,0.006000000000000002,0.6918887495994568,295.51,8.54,251,0.4542534053325653,26,0.008812017738819122,-0.014820851385593414,0.015057899057865143,0.006000000000000002,569,2334720,7601.454361537006,2334720,1.7540531158447266,0.40869617462158203,-0.050342857837677,2.508876323699951,-0.3320671021938324,-1.0518540143966675,0.6012693047523499,1.0,1.0,512,2.120249032974243,2283.804931640625,9.684191948862278e-14,0,1.0,0.1,0.40115004777908325,1.0,3118.787109375,117.57091492972623,0.4542533755302429,1.0,1.4142135623730934,0.12612897986282093,exact_deterministic_ggn_2b,torch.float64,3.816448224824853e-05,2.4127651997164866e-15,9.560005515848034e-14,symmetrized_jacobi_fullfp64_chunked,1024,1.0,1e-06,paper_sgd_momentum_1e-6
14,0,-1.0452768802642822,-0.0053442721255123615,-1.0456584692001343,-1.8919795751571655,0.01706874556839466,0.0,0.006000000000000002,0.6719188690185547,271.15,8.82,252,0.5029205679893494,26,0.01631472073495388,-0.003005092963576317,0.012069718912243843,0.006000000000000002,579,2375680,7765.437531876843,2375680,2.2366104125976562,0.25418975949287415,-0.1623658537864685,1.823835849761963,-0.3335319459438324,-1.07917058467865,0.3418234586715698,1.0,1.0,512,2.2414093017578125,2579.12158203125,1.8764829648736598e-13,0,0.9941927790641785,0.1,0.518505334854126,1.0,3431.888671875,95.81948250760777,0.5029205679893494,1.0,1.4142135623730951,0.11828435978390671,exact_deterministic_ggn_2b,torch.float64,3.987814125139266e-05,4.601194849204737e-15,1.8142698607203533e-13,symmetrized_jacobi_fullfp64_chunked,1024,1.0,1e-06,paper_sgd_momentum_1e-6
14,0,-1.0373213291168213,0.012947983108460903,-1.0472805500030518,-1.954102873802185,0.034398071467876434,0.0,0.006000000000000002,0.4951261878013611,313.83,9.84,252,0.5074940919876099,26,0.02101125754415989,0.0028122905641794205,0.018396731466054916,0.006000000000000002,589,2416640,7931.288590665907,2416640,4.409371376037598,0.20208297669887543,0.4811650812625885,2.3356714248657227,0.49853527545928955,-1.0588611364364624,0.8544216156005859,1.0,1.0,512,4.271694183349609,2959.42041015625,1.8086651899567736e-13,0,0.9852331280708313,0.1,0.9533405900001526,1.0,5330.8896484375,155.6977719911204,0.5074940919876099,1.0,1.4142135623730951,0.07369318179269199,exact_deterministic_ggn_2b,torch.float64,7.463639485649765e-05,3.466781241639668e-15,1.7867565844121923e-13,symmetrized_jacobi_fullfp64_chunked,1024,1.0,1e-06,paper_sgd_momentum_1e-6
14,0,-1.0471103191375732,-0.28883445262908936,-1.047360897064209,-1.7345480918884277,0.0182515736669302,0.0,0.006000000000000002,0.6816598176956177,302.28,9.41,251,0.39172741770744324,26,0.013284660875797272,-0.014033624902367592,0.009719153866171837,0.006000000000000002,599,2457600,8094.777990648057,2457600,2.2852866649627686,0.3212849795818329,0.17759621143341064,2.5140256881713867,-0.2282433658838272,-1.0613514184951782,1.0905101299285889,1.0,1.0,512,1.6982296705245972,2794.41943359375,1.2031088373870414e-13,0,1.0,0.1,1.5073367357254028,1.0,4572.46484375,146.07529208974947,0.39172741770744324,1.0,1.4142135623730951,0.09418763580738099,exact_deterministic_ggn_2b,torch.float64,3.0568135116482154e-05,3.196818740015494e-15,1.196272374218715e-13,symmetrized_jacobi_fullfp64_chunked,1024,1.0,1e-06,paper_sgd_momentum_1e-6
14,0,-1.072021245956421,-0.32447755336761475,-1.0611728429794312,-2.2289223670959473,0.02363475412130356,0.0,0.006000000000000002,0.7240153551101685,294.67,10.4,250,0.5273445248603821,26,0.020844409242272377,-0.011560081504285336,0.014377625659108162,0.006000000000000002,609,2498560,8258.326690273825,2498560,2.830986738204956,0.36640670895576477,-0.019299810752272606,3.08024001121521,-0.2814975380897522,-1.064639687538147,0.6777029633522034,1.0,1.0,512,2.730435848236084,3101.302734375,1.418018340008156e-13,0,0.9481467604637146,0.1,0.25142908096313477,1.0,3715.185791015625,91.96920404359595,0.5273445248603821,1.0,1.4142135623730951,0.08938652859673457,exact_deterministic_ggn_2b,torch.float64,4.418304160935804e-05,3.248329676861046e-15,1.3534238619547395e-13,symmetrized_jacobi_fullfp64_chunked,1024,1.0,1e-06,paper_sgd_momentum_1e-6
14,0,-1.0698376893997192,0.3150690197944641,-1.0623886585235596,-3.303654670715332,0.04681191220879555,0.0,0.006000000000000002,0.4835606813430786,287.27,8.42,249,0.5294537544250488,26,0.014602038078010082,-0.020534472540020943,0.03651660680770874,0.006000000000000002,619,2539520,8422.570506445132,2539520,1.9279255867004395,0.4073871076107025,0.4919948875904083,2.9759411811828613,0.02537662163376808,-1.0661089420318604,1.6579426527023315,1.0,1.0,512,2.427652359008789,2331.09130859375,1.8561598484335414e-13,0,0.9443695545196533,0.1,0.824234127998352,1.0,5264.97412109375,130.04019522846934,0.5294537544250488,1.0,1.4142135623730951,0.09246723904036004,exact_deterministic_ggn_2b,torch.float64,3.8971124013187364e-05,4.33264500924905e-15,1.8628959510363162e-13,symmetrized_jacobi_fullfp64_chunked,1024,1.0,1e-06,paper_sgd_momentum_1e-6
14,0,-1.034101128578186,-0.2476232945919037,-1.0373988151550293,-1.7683684825897217,0.019196724519133568,0.0,0.006000000000000002,0.543550968170166,275.83,8.77,249,0.4532063603401184,26,0.019154997542500496,0.05014193430542946,0.008629249408841133,0.006000000000000002,629,2580480,8587.432010191027,2580480,7.603929042816162,0.3414166271686554,0.3066518008708954,2.6239476203918457,-0.15293677151203156,-1.0672335624694824,1.099057674407959,1.0,1.0,512,2.470435619354248,2747.962890625,1.7431209817066477e-13,0,1.0,0.1,2.3750667572021484,1.0,5262.98193359375,156.46919025624334,0.4532063603401184,1.0,1.4142135623730951,0.07053068977474505,exact_deterministic_ggn_2b,torch.float64,4.4467844418250024e-05,4.046883595788358e-15,1.9378585260100476e-13,symmetrized_jacobi_fullfp64_chunked,1024,1.0,1e-06,paper_sgd_momentum_1e-6
14,0,-1.038804292678833,-0.5988900065422058,-1.0416170358657837,-1.8085120916366577,0.012731803581118584,0.0,0.006000000000000002,0.5360989570617676,272.89,8.21,249,0.4628571569919586,26,0.022701622918248177,-0.010836166329681873,0.010525858029723167,0.006000000000000002,639,2621440,8752.049243947025,2621440,2.9012320041656494,0.303399920463562,0.2523989975452423,2.5181422233581543,-0.19999873638153076,-1.0687576532363892,1.1217048168182373,1.0,1.0,512,2.988269805908203,2147.78857421875,1.118740197604696e-13,0,1.0,0.1,4.351318359375,1.0,5300.60986328125,94.19183718512586,0.46285712718963623,1.0,1.4142135623730951,0.14341619411726333,exact_deterministic_ggn_2b,torch.float64,5.378885907703079e-05,2.3698847724504454e-15,1.0166813737245185e-13,symmetrized_jacobi_fullfp64_chunked,1024,1.0,1e-06,paper_sgd_momentum_1e-6
14,0,-1.0857046842575073,-0.4104577898979187,-1.0663121938705444,-2.9583849906921387,0.037482161074876785,0.0,0.006000000000000002,0.6065107583999634,270.33,8.09,249,0.4696166217327118,26,0.023623816668987274,0.0029773693531751633,0.02291187271475792,0.006000000000000002,649,2662400,8916.470852144994,2662400,5.260950565338135,0.14280904829502106,-0.08766181766986847,2.266584873199463,-0.33345624804496765,-1.0711299180984497,0.5351675152778625,1.0,1.0,512,2.287836790084839,2715.6513671875,1.0829873436970299e-13,0,1.0,0.1,2.194786787033081,1.0,4462.49169921875,84.40243869948414,0.4696165919303894,1.0,1.4142135623730951,0.12755376917055183,exact_deterministic_ggn_2b,torch.float64,4.1181065171258524e-05,2.6508733885609925e-15,1.180860129379608e-13,symmetrized_jacobi_fullfp64_chunked,1024,1.0,1e-06,paper_sgd_momentum_1e-6
14,0,-1.0659725666046143,-0.6134030222892761,-1.0672883987426758,-1.980965256690979,0.014048006385564804,0.0,0.006000000000000002,0.6887191534042358,304.55,9.66,249,0.5240554213523865,26,0.03668785095214844,-0.019341928884387016,0.009302038699388504,0.006000000000000002,659,2703360,9080.833752871957,2703360,5.5708088874816895,0.22401298582553864,-0.0017685070633888245,2.2399208545684814,-0.4956642985343933,-1.0732438564300537,0.92294842004776,1.0,1.0,512,5.774968147277832,2954.555908203125,1.8778605826111908e-13,0,0.9540974497795105,0.1,0.8697128891944885,1.0,4411.8876953125,194.26334844128561,0.5240554809570312,1.0,1.4142135623730951,0.07549334971192888,exact_deterministic_ggn_2b,torch.float64,9.462536399951205e-05,3.155387549104493e-15,1.9222533076726677e-13,symmetrized_jacobi_fullfp64_chunked,1024,1.0,1e-06,paper_sgd_momentum_1e-6
14,0,-1.0646898746490479,-0.48155906796455383,-1.0508017539978027,-2.29668927192688,0.028824087232351303,0.0,0.006000000000000002,0.5245506763458252,293.64,9.35,249,0.39468616247177124,26,0.013042876496911049,-0.01909727230668068,0.013886949047446251,0.006000000000000002,669,2744320,9245.265569945797,2744320,1.9755425453186035,0.32120218873023987,0.3251575529575348,2.516667604446411,-0.014419544488191605,-1.0757359266281128,1.1113357543945312,1.0,1.0,512,1.8806827068328857,2657.5166015625,9.871587986985438e-14,0,1.0,0.1,1.1437335014343262,1.0,4936.4384765625,235.60813138717089,0.39468619227409363,1.0,1.4142135623730951,0.10646602451019423,exact_deterministic_ggn_2b,torch.float64,3.385229138075374e-05,2.5605442397761213e-15,1.0057301351684917e-13,symmetrized_jacobi_fullfp64_chunked,1024,1.0,1e-06,paper_sgd_momentum_1e-6
14,0,-1.0689504146575928,-0.49520939588546753,-1.0775079727172852,-1.8201879262924194,0.015529880300164223,0.0,0.006000000000000002,0.6867634057998657,307.84,10.26,250,0.4511934518814087,26,0.02262711711227894,-0.009882517158985138,0.009471824392676353,0.006000000000000002,679,2785280,9409.741604404058,2785280,1.929771900177002,0.37311282753944397,0.1073557436466217,2.646555185317993,-0.11667069047689438,-1.078242301940918,0.7706168293952942,1.0,1.0,512,2.3841991424560547,2627.283935546875,1.3305932143932937e-13,0,1.0,0.1,1.5158982276916504,1.0,4187.07421875,139.39423428562912,0.4511934816837311,1.0,1.4142135623730951,0.13312276600498016,exact_deterministic_ggn_2b,torch.float64,4.291558434488252e-05,3.18662064069503e-15,1.3602742586637693e-13,symmetrized_jacobi_fullfp64_chunked,1024,1.0,1e-06,paper_sgd_momentum_1e-6
14,0,-1.070486307144165,-0.5951628088951111,-1.0576540231704712,-1.8869693279266357,0.02141222357749939,0.0,0.004000000000000001,0.6534447073936462,292.25,9.07,250,0.5212258696556091,26,0.009432271122932434,-0.010173892602324486,0.01564360409975052,0.004000000000000001,689,2826240,9574.058122799732,2826240,1.6497880220413208,0.46420803666114807,0.24320533871650696,2.6321640014648438,-0.18485695123672485,-1.0859187841415405,1.0904431343078613,1.0,1.0,512,2.5663681030273438,2653.73828125,1.6740349265942797e-13,0,0.9592770338058472,0.1,0.42865848541259766,1.0,4725.78076171875,124.50363379841669,0.5212258696556091,1.0,1.4142135623730951,0.1057549782274601,exact_deterministic_ggn_2b,torch.float64,1.8892833395511843e-05,3.9493893859190815e-15,1.5037055308324998e-13,symmetrized_jacobi_fullfp64_chunked,1024,1.0,1e-06,paper_sgd_momentum_1e-6
14,0,-1.1003684997558594,-0.5532705187797546,-1.0860990285873413,-3.4372971057891846,0.02675575390458107,0.0,0.006000000000000002,0.8172690868377686,328.23,11.51,249,0.4617745280265808,26,0.012153692543506622,-0.005219863262027502,0.011973274871706963,0.006000000000000002,699,2867200,9738.321218484081,2867200,2.236729621887207,0.3793019950389862,-0.32221952080726624,1.9725220203399658,-0.46884310245513916,-1.0811333656311035,0.38058358430862427,1.0,1.0,512,1.91206955909729,3259.6845703125,1.3391838285579435e-13,0,1.0,0.1,0.48958703875541687,1.0,3035.27099609375,135.21290440364103,0.4617745280265808,1.0,1.4142135623730376,0.1106015769570368,exact_deterministic_ggn_2b,torch.float64,3.4417254937579855e-05,3.4880868452772803e-15,1.359168840896526e-13,symmetrized_jacobi_fullfp64_chunked,1024,1.0,1e-06,paper_sgd_momentum_1e-6
14,0,-1.055598258972168,-0.14428149163722992,-1.064096450805664,-1.738427996635437,0.02004893869161606,0.0,0.006000000000000002,0.570993959903717,310.38,8.67,250,0.5197970867156982,26,0.01736048422753811,-0.003795839846134186,0.010789421387016773,0.006000000000000002,709,2908160,9902.641964731738,2908160,3.1345372200012207,0.29649025201797485,-0.0499592125415802,2.638245105743408,-0.2965430021286011,-1.0822021961212158,0.5797603130340576,1.0,1.0,512,3.531856060028076,2614.822265625,1.50276745340272e-13,0,0.9619138240814209,0.1,1.0177390575408936,1.0,4916.318359375,78.85444948368033,0.5197970867156982,1.0,1.4142135623730951,0.10332159624641317,exact_deterministic_ggn_2b,torch.float64,5.882308687432669e-05,3.0683427517866212e-15,1.2917727488316269e-13,symmetrized_jacobi_fullfp64_chunked,1024,1.0,1e-06,paper_sgd_momentum_1e-6
14,0,-1.1099350452423096,-0.6665138006210327,-1.0931047201156616,-3.7676427364349365,0.03286087140440941,0.0,0.006000000000000002,0.7531927824020386,329.33,10.89,250,0.4888984262943268,26,0.01595434546470642,-0.007173024117946625,0.019745178520679474,0.006000000000000002,719,2949120,10067.01562369382,2949120,1.7398226261138916,0.3369928300380707,-0.1457708328962326,2.5927300453186035,-0.31899386644363403,-1.0848162174224854,0.4629281163215637,1.0,1.0,512,3.968310832977295,3332.44921875,1.3279963863503018e-13,0,1.0,0.1,1.5052704811096191,1.0,3722.298583984375,116.31647501994867,0.48889845609664917,1.0,1.4142135623730951,0.11522253762123408,exact_deterministic_ggn_2b,torch.float64,7.142959657358006e-05,2.5421030542305883e-15,1.275876620850172e-13,symmetrized_jacobi_fullfp64_chunked,1024,1.0,1e-06,paper_sgd_momentum_1e-6
14,0,-1.0985519886016846,-0.23998293280601501,-1.0933326482772827,-2.4964802265167236,0.03310920670628548,0.0,0.006000000000000002,0.6479538679122925,303.07,10.93,250,0.4309714138507843,26,0.01960001513361931,-0.03017651103436947,0.01874157041311264,0.006000000000000002,729,2990080,10231.914353988133,2990080,1.9819045066833496,0.11047640442848206,0.08828053623437881,2.5355165004730225,-0.17626065015792847,-1.087091088294983,0.8331672549247742,1.0,1.0,512,3.5162129402160645,2970.0517578125,1.2928496400643836e-13,0,1.0,0.1,0.5153281092643738,1.0,5114.7470703125,100.32919207762272,0.4309714138507843,1.0,1.4142135623730951,0.11629761372069544,exact_deterministic_ggn_2b,torch.float64,6.329183815978467e-05,2.743024543348596e-15,1.273217809759172e-13,symmetrized_jacobi_fullfp64_chunked,1024,1.0,1e-06,paper_sgd_momentum_1e-6
14,0,-1.0850374698638916,-0.08075423538684845,-1.0810728073120117,-2.06466007232666,0.028881369158625603,0.0,0.006000000000000002,0.7464070320129395,316.25,10.54,249,0.5100250244140625,26,0.012458845973014832,-0.020596984773874283,0.018988143652677536,0.006000000000000002,739,3031040,10396.714756087866,3031040,2.0559709072113037,0.4473857879638672,0.020295260474085808,3.071869373321533,-0.3250894546508789,-1.0928949117660522,1.0325379371643066,1.0,1.0,512,1.8714730739593506,2821.0869140625,1.5573365973544133e-13,0,0.9803440570831299,0.1,0.37258219718933105,1.0,3918.18603515625,135.05366911329057,0.5100250244140625,1.0,1.4142135623730951,0.11514530310163416,exact_deterministic_ggn_2b,torch.float64,3.237525015720166e-05,4.09736950076246e-15,1.5504424509562673e-13,symmetrized_jacobi_fullfp64_chunked,1024,1.0,1e-06,paper_sgd_momentum_1e-6
14,0,-1.0865893363952637,-0.24216428399085999,-1.0941823720932007,-2.0188207626342773,0.036362044513225555,0.0,0.006000000000000002,0.5593100786209106,266.37,8.04,249,0.429256409406662,26,0.016508467495441437,0.004295596852898598,0.01720995455980301,0.006000000000000002,749,3072000,10561.658088538796,3072000,2.113950252532959,0.2730044722557068,0.10593485087156296,2.8584365844726562,-0.03819115832448006,-1.1153484582901,0.8027724623680115,1.0,1.0,512,2.3669826984405518,2760.162841796875,1.6209936594427705e-13,0,1.0,0.1,2.422154426574707,1.0,4991.86669921875,121.3912967801494,0.429256409406662,1.0,1.4142135623730951,0.07984509406282948,exact_deterministic_ggn_2b,torch.float64,4.2605690396158025e-05,3.753853414942143e-15,1.4939383822109798e-13,symmetrized_jacobi_fullfp64_chunked,1024,1.0,1e-06,paper_sgd_momentum_1e-6
14,0,-1.0620205402374268,-0.47211501002311707,-1.0720683336257935,-1.7312580347061157,0.015507545322179794,0.0,0.006000000000000002,0.6706938743591309,266.35,7.66,248,0.45770901441574097,26,0.017441123723983765,-0.015050891786813736,0.008874119259417057,0.006000000000000002,759,3112960,10726.919626139104,3112960,1.8188505172729492,0.2799646258354187,0.12270815670490265,2.3950247764587402,-0.19826579093933105,-1.090467929840088,0.9233322143554688,1.0,1.0,512,3.044404983520508,3292.973876953125,1.805587645563543e-13,0,1.0,0.1,2.4707891941070557,1.0,5094.9775390625,120.76710166267678,0.45770901441574097,1.0,1.4142135623730951,0.10497320392458587,exact_deterministic_ggn_2b,torch.float64,5.479929313878529e-05,3.859064058399868e-15,1.7500109448813527e-13,symmetrized_jacobi_fullfp64_chunked,1024,1.0,1e-06,paper_sgd_momentum_1e-6
14,0,-1.0915510654449463,-0.1994786113500595,-1.085774302482605,-2.739333152770996,0.026610584929585457,0.0,0.004000000000000001,0.7474130392074585,285.04,9.13,248,0.4896908402442932,26,0.006394469644874334,-0.00950454268604517,0.01969160884618759,0.004000000000000001,769,3153920,10892.168783209752,3153920,1.9304695129394531,0.5447800755500793,-0.054607219994068146,2.5503597259521484,-0.36429744958877563,-1.091968297958374,0.9193628430366516,1.0,1.0,512,2.0943443775177,2773.510986328125,1.6214528541172898e-13,0,1.0,0.1,0.5443713068962097,1.0,3774.33154296875,150.07842076555974,0.4896908700466156,1.0,1.4142135623730951,0.13906788329785005,exact_deterministic_ggn_2b,torch.float64,1.6754756870795973e-05,3.9912643292333725e-15,1.692107862519176e-13,symmetrized_jacobi_fullfp64_chunked,1024,1.0,1e-06,paper_sgd_momentum_1e-6
14,0,-1.0865541696548462,-0.43442946672439575,-1.0759925842285156,-2.5112788677215576,0.026195861399173737,0.0,0.006000000000000002,0.5902661085128784,275.81,9.31,248,0.5700514912605286,26,0.011047298088669777,-0.017127349972724915,0.01640317589044571,0.006000000000000002,779,3194880,11057.54645087989,3194880,3.0424997806549072,0.5422972440719604,0.3921489417552948,2.945362091064453,0.06824157387018204,-1.092760682106018,1.3548333644866943,1.0,1.0,512,2.4655303955078125,2773.1064453125,1.6920573431164635e-13,0,0.8771137595176697,0.1,0.383698970079422,1.0,5507.3857421875,166.90154486834948,0.5700514912605286,1.0,1.4142135623730951,0.08938367946216005,exact_deterministic_ggn_2b,torch.float64,3.414245293242857e-05,4.015598491783405e-15,1.5535648966543182e-13,symmetrized_jacobi_fullfp64_chunked,1024,1.0,1e-06,paper_sgd_momentum_1e-6
14,0,-1.1193071603775024,-0.5647954344749451,-1.1009491682052612,-3.3737895488739014,0.02997356653213501,0.0,0.006000000000000002,0.6767100691795349,294.87,10.64,249,0.4260416626930237,26,0.008463049307465553,-0.005163382738828659,0.011992992833256721,0.006000000000000002,789,3235840,11222.764238217846,3235840,1.6257739067077637,0.26224982738494873,-0.14131669700145721,3.214982509613037,-0.34697815775871277,-1.1456878185272217,0.7644911408424377,1.0,1.0,512,1.8320436477661133,2708.37255859375,1.1215468706317374e-13,0,1.0,0.1,0.503267765045166,1.0,3801.01953125,101.94568517860786,0.42604169249534607,1.0,1.4142135623730951,0.09207030969503148,exact_deterministic_ggn_2b,torch.float64,3.297678631497547e-05,2.9585373340155697e-15,1.1770344475813002e-13,symmetrized_jacobi_fullfp64_chunked,1024,1.0,1e-06,paper_sgd_momentum_1e-6
14,0,-1.1011254787445068,-0.34508493542671204,-1.0833357572555542,-3.542052745819092,0.034689564257860184,0.0,0.006000000000000002,0.6420913934707642,268.11,8.14,247,0.4939516484737396,26,0.028037428855895996,0.026171933859586716,0.02740454114973545,0.006000000000000002,799,3276800,11388.777532554697,3276800,4.707374095916748,0.3015666902065277,-0.19090192019939423,2.71996808052063,-0.5435417294502258,-1.0940908193588257,0.730963408946991,1.0,1.0,512,3.4747939109802246,3353.091552734375,2.0745443384197439e-13,0,1.0,0.1,1.7771904468536377,1.0,4179.11669921875,159.91302249506163,0.493951678276062,1.0,1.4142135623730951,0.10753281124703828,exact_deterministic_ggn_2b,torch.float64,6.254629261093214e-05,4.1867728266194765e-15,1.8663484639242228e-13,symmetrized_jacobi_fullfp64_chunked,1024,1.0,1e-06,paper_sgd_momentum_1e-6
14,0,-1.0851750373840332,-0.13400225341320038,-1.0747778415679932,-3.032559394836426,0.02839631587266922,0.0,0.006000000000000002,0.5882552862167358,282.41,8.53,248,0.40689241886138916,26,0.018896251916885376,-0.008882524445652962,0.018678298220038414,0.006000000000000002,809,3317760,11553.758017010987,3317760,2.3829822540283203,0.1589994877576828,-0.1738913506269455,2.1726255416870117,-0.3470543324947357,-1.0933812856674194,0.3924519717693329,1.0,1.0,512,2.6175711154937744,3009.5234375,1.2756090603189643e-13,0,1.0,0.1,1.3172104358673096,1.0,4672.306640625,88.40878930692915,0.40689241886138916,1.0,1.4142135623730951,0.10725223114337844,exact_deterministic_ggn_2b,torch.float64,4.711628207587637e-05,2.8968608845624837e-15,1.2100894538874256e-13,symmetrized_jacobi_fullfp64_chunked,1024,1.0,1e-06,paper_sgd_momentum_1e-6
14,0,-1.0849506855010986,-0.33989834785461426,-1.0836211442947388,-3.498129367828369,0.0338740237057209,0.0,0.006000000000000002,0.5913888216018677,302.81,9.3,223,0.48262494802474976,26,0.014085933566093445,-0.003030279651284218,0.016986841335892677,0.006000000000000002,819,3358720,11722.21364670014,3358720,1.7016398906707764,0.35438695549964905,0.11941550672054291,2.7820181846618652,-0.16689738631248474,-1.0948610305786133,0.9347756505012512,1.0,1.0,512,3.773548126220703,2723.60595703125,1.7050532866531434e-13,0,1.0,0.1,2.16481351852417,1.0,4946.76171875,105.15128611710502,0.48262494802474976,1.0,1.4142135623730951,0.12089530332270226,exact_deterministic_ggn_2b,torch.float64,6.792386557208374e-05,3.336893381699413e-15,1.737516457692694e-13,symmetrized_jacobi_fullfp64_chunked,1024,1.0,1e-06,paper_sgd_momentum_1e-6
14,0,-1.1187297105789185,-0.4640616476535797,-1.0892096757888794,-3.591968297958374,0.04707008972764015,0.0,0.006000000000000002,0.6345399618148804,289.7,9.4,249,0.3661532402038574,26,0.01303095929324627,-0.009656903333961964,0.015773238614201546,0.006000000000000002,829,3399680,11887.031041694805,3399680,2.0817108154296875,0.10000000149011612,-0.23071721196174622,2.487452983856201,-0.3573813736438751,-1.0966253280639648,0.36988088488578796,1.0,1.0,512,2.9229390621185303,3617.572509765625,1.2539277791110878e-13,0,1.0,0.1,0.7914068698883057,1.0,4175.18115234375,144.8857431254628,0.36615321040153503,1.0,1.4142135623730951,0.12566962332290912,exact_deterministic_ggn_2b,torch.float64,5.261290425551124e-05,2.7369220811341843e-15,1.1151066617974154e-13,symmetrized_jacobi_fullfp64_chunked,1024,1.0,1e-06,paper_sgd_momentum_1e-6
14,0,-1.1007918119430542,-0.5732406377792358,-1.0906883478164673,-2.1558704376220703,0.016187826171517372,0.0,0.004000000000000001,0.7142871618270874,279.04,9.11,249,0.537614643573761,26,0.0056263841688632965,-0.010679973289370537,0.01151815615594387,0.004000000000000001,839,3440640,12051.708367655054,3440640,1.619978427886963,0.535436749458313,-0.37423011660575867,1.1342958211898804,-0.5414938926696777,-1.098020076751709,0.27671319246292114,1.0,1.0,512,2.548975944519043,3245.070068359375,1.8465123541688493e-13,0,0.9300342798233032,0.1,0.17532610893249512,1.0,3251.398681640625,84.70148348120048,0.5376145839691162,1.0,1.4142135623730951,0.1190876601516746,exact_deterministic_ggn_2b,torch.float64,1.763817635946907e-05,4.3796754534519396e-15,1.733445213764414e-13,symmetrized_jacobi_fullfp64_chunked,1024,1.0,1e-06,paper_sgd_momentum_1e-6
14,0,-1.0795589685440063,-0.3803163468837738,-1.0871355533599854,-1.9876083135604858,0.017122961580753326,0.0,0.004000000000000001,0.4292130470275879,271.61,8.64,249,0.39955320954322815,26,0.013511251658201218,-0.020878717303276062,0.008484282530844212,0.004000000000000001,849,3481600,12216.381903562695,3481600,1.8214212656021118,0.3324599862098694,0.22885185480117798,2.517759323120117,-0.10487864911556244,-1.0987193584442139,1.0231175422668457,1.0,1.0,512,3.4974470138549805,2494.9384765625,1.072476554022254e-13,0,1.0,0.1,0.31984418630599976,1.0,5283.2041015625,103.48256379380979,0.3995531499385834,1.0,1.4142135623730951,0.11755739110507459,exact_deterministic_ggn_2b,torch.float64,2.7979578590020537e-05,2.2335334972852914e-15,9.035154735681199e-14,symmetrized_jacobi_fullfp64_chunked,1024,1.0,1e-06,paper_sgd_momentum_1e-6
14,0,-1.0850112438201904,-0.33115068078041077,-1.0819364786148071,-3.035318613052368,0.030111882835626602,0.0,0.006000000000000002,0.6546039581298828,304.36,10.21,246,0.5227970480918884,26,0.02683144062757492,-0.021347278729081154,0.016773991286754608,0.006000000000000002,859,3522560,12381.328635640908,3522560,4.036363124847412,0.2492644339799881,0.1999795138835907,2.7293052673339844,-0.25010278820991516,-1.1001951694488525,1.1286189556121826,1.0,1.0,512,3.6890060901641846,3797.07421875,1.9191591134181693e-13,0,0.9563940763473511,0.1,0.42149218916893005,1.0,5372.67041015625,169.7469032784624,0.5227970480918884,1.0,1.4142135623730951,0.11371608447797264,exact_deterministic_ggn_2b,torch.float64,6.0737322201021016e-05,3.938673067676841e-15,1.8303411879997618e-13,symmetrized_jacobi_fullfp64_chunked,1024,1.0,1e-06,paper_sgd_momentum_1e-6
14,0,-1.0796377658843994,-0.5654782056808472,-1.0815194845199585,-1.929263949394226,0.0159807950258255,0.0,0.006000000000000002,0.4993622303009033,301.0,9.72,249,0.45856913924217224,26,0.01819123700261116,-0.010850191116333008,0.008448083885014057,0.006000000000000002,869,3563520,12545.783851149958,3563520,2.4144399166107178,0.27643948793411255,0.43115049600601196,2.68768310546875,-0.06747926026582718,-1.1021578311920166,1.4497185945510864,1.0,1.0,512,2.401726722717285,2137.458251953125,1.0560705407670322e-13,0,1.0,0.1,1.1299409866333008,1.0,5364.779296875,133.30559672109055,0.45856913924217224,1.0,1.4142135623730951,0.0836513506428694,exact_deterministic_ggn_2b,torch.float64,4.323108078096993e-05,2.4988385526284203e-15,1.3388557501346526e-13,symmetrized_jacobi_fullfp64_chunked,1024,1.0,1e-06,paper_sgd_momentum_1e-6
14,0,-1.1009048223495483,-0.36127468943595886,-1.097479224205017,-2.0940403938293457,0.02775944396853447,0.0,0.004000000000000001,0.6104077100753784,298.07,9.67,249,0.4715186655521393,26,0.009894786402583122,-0.010268567129969597,0.014693242497742176,0.004000000000000001,879,3604480,12710.183050203137,3604480,2.0103373527526855,0.5348724722862244,-0.11637677252292633,2.966346502304077,-0.48561206459999084,-1.1029047966003418,0.9342024922370911,1.0,1.0,512,3.055126190185547,2730.74658203125,1.2668325060448465e-13,0,1.0,0.1,0.29874181747436523,1.0,4390.6884765625,149.60069462815486,0.4715186655521393,1.0,1.4142135623730951,0.10505325882106523,exact_deterministic_ggn_2b,torch.float64,2.4441013010800816e-05,2.7618637769704148e-15,1.162845028712187e-13,symmetrized_jacobi_fullfp64_chunked,1024,1.0,1e-06,paper_sgd_momentum_1e-6
14,0,-1.0994422435760498,-0.5483877658843994,-1.0886002779006958,-1.9712212085723877,0.018158122897148132,0.0,0.004000000000000001,0.5789625644683838,295.41,9.53,249,0.5081568956375122,26,0.0075505683198571205,-0.002882950007915497,0.012957323342561722,0.004000000000000001,889,3645440,12874.713993613143,3645440,1.4932016134262085,0.299919068813324,-0.00516091100871563,2.5536611080169678,-0.4441438615322113,-1.1026800870895386,1.0309473276138306,1.0,1.0,512,2.6908838748931885,2807.830078125,1.1644528973322014e-13,0,0.9839480519294739,0.1,0.348737895488739,1.0,4579.02978515625,86.56222768544868,0.5081568956375122,1.0,1.4142135623730951,0.13730040712599262,exact_deterministic_ggn_2b,torch.float64,2.0841518562519923e-05,2.710104981838959e-15,1.2426402266883615e-13,symmetrized_jacobi_fullfp64_chunked,1024,1.0,1e-06,paper_sgd_momentum_1e-6
14,0,-1.0937904119491577,-0.3973499834537506,-1.0932211875915527,-2.155890464782715,0.015325043350458145,0.0,0.004000000000000001,0.6253662109375,303.1,9.99,249,0.4765922427177429,26,0.00923960842192173,-0.017253145575523376,0.011709189973771572,0.004000000000000001,899,3686400,13039.303585312795,3686400,1.6047425270080566,0.5806607007980347,0.258033812046051,2.7961580753326416,0.05705235153436661,-1.1034486293792725,1.118935465812683,1.0,1.0,512,2.4632649421691895,3138.51708984375,1.3504352789575434e-13,0,1.0,0.1,0.4815369248390198,1.0,5829.548828125,131.82900158451974,0.4765922427177429,1.0,1.4142135623730951,0.12645025278115854,exact_deterministic_ggn_2b,torch.float64,1.970612174773123e-05,3.275267024342583e-15,1.3408919423997166e-13,symmetrized_jacobi_fullfp64_chunked,1024,1.0,1e-06,paper_sgd_momentum_1e-6
14,0,-1.0923727750778198,-0.49004387855529785,-1.0742406845092773,-2.4585258960723877,0.029502643272280693,0.0,0.004000000000000001,0.5908921360969543,311.22,9.12,248,0.5770450234413147,26,0.0069634998217225075,-0.01563970558345318,0.01948663964867592,0.004000000000000001,909,3727360,13204.366527629085,3727360,2.197272300720215,0.5047295689582825,0.1637895107269287,2.8671135902404785,-0.27861326932907104,-1.1042585372924805,1.0852426290512085,1.0,1.0,512,4.076411724090576,3588.47802734375,2.483713710011923e-13,0,0.8664834499359131,0.1,0.2953198552131653,1.0,4980.5126953125,201.05880494445276,0.5770450830459595,1.0,1.4142135623730951,0.07863233118550422,exact_deterministic_ggn_2b,torch.float64,2.4484350433340296e-05,4.820873015489517e-15,2.4965328694248373e-13,symmetrized_jacobi_fullfp64_chunked,1024,1.0,1e-06,paper_sgd_momentum_1e-6
14,0,-1.0897351503372192,-0.5239054560661316,-1.0855064392089844,-1.8148902654647827,0.017080185934901237,0.0,0.006000000000000002,0.5954458117485046,261.21,8.91,248,0.4911956489086151,26,0.021251771599054337,-0.009190000593662262,0.014262154698371887,0.006000000000000002,919,3768320,13369.047185976058,3768320,2.215064764022827,0.3325011730194092,0.23058417439460754,2.966015338897705,-0.33279749751091003,-1.1044894456863403,1.3011493682861328,1.0,1.0,512,2.279726505279541,3608.90576171875,1.9321957352656877e-13,0,1.0,0.1,1.2276972532272339,1.0,5696.61474609375,142.57449180241386,0.4911956489086151,1.0,1.4142135623730951,0.08871988188129877,exact_deterministic_ggn_2b,torch.float64,4.103508035768755e-05,4.728942407150702e-15,1.7159277728957272e-13,symmetrized_jacobi_fullfp64_chunked,1024,1.0,1e-06,paper_sgd_momentum_1e-6
14,0,-1.103803277015686,-0.31621861457824707,-1.0954667329788208,-2.73447585105896,0.04481106251478195,0.0,0.006000000000000002,0.5927321314811707,322.92,12.44,249,0.5446686744689941,26,0.010664274916052818,-0.006369118578732014,0.02539360150694847,0.006000000000000002,929,3809280,13533.766069836915,3809280,1.6990859508514404,0.3318473994731903,0.1047198623418808,3.174467086791992,-0.09578036516904831,-1.1054277420043945,0.7473275065422058,1.0,1.0,512,2.148043155670166,3082.636474609375,2.1640342257209492e-13,0,0.9179892539978027,0.1,0.5058377385139465,1.0,4883.705078125,176.1188305603635,0.5446686744689941,1.0,1.4142135623730951,0.10751047904585538,exact_deterministic_ggn_2b,torch.float64,3.258297510910779e-05,5.341761647554589e-15,2.1887949915287975e-13,symmetrized_jacobi_fullfp64_chunked,1024,1.0,1e-06,paper_sgd_momentum_1e-6
14,0,-1.095890998840332,-0.10171753913164139,-1.0922857522964478,-2.66237735748291,0.02730960212647915,0.0,0.006000000000000002,0.6009665131568909,285.35,10.2,248,0.4625391364097595,26,0.018391646444797516,-0.026037966832518578,0.013659058138728142,0.006000000000000002,939,3850240,13698.697761538904,3850240,2.766852617263794,0.28262338042259216,-0.12809574604034424,2.8300673961639404,-0.3605688810348511,-1.1125441789627075,0.6712682843208313,1.0,1.0,512,4.302619934082031,3279.406982421875,1.5466486822544784e-13,0,1.0,0.1,0.41620656847953796,1.0,4947.630859375,97.7057791996146,0.4625391364097595,1.0,1.4142135623730951,0.060348142198358296,exact_deterministic_ggn_2b,torch.float64,7.744716276647523e-05,2.9885992190604097e-15,1.3110939376115143e-13,symmetrized_jacobi_fullfp64_chunked,1024,1.0,1e-06,paper_sgd_momentum_1e-6
14,0,-1.1220390796661377,-0.2883318066596985,-1.104421854019165,-3.5257725715637207,0.034975312650203705,0.0,0.006000000000000002,0.5686904788017273,275.93,8.47,248,0.4768229126930237,26,0.016397889703512192,-0.015406187623739243,0.016975119709968567,0.006000000000000002,949,3891200,13863.395470379852,3891200,3.168428421020508,0.2865757346153259,0.10917823761701584,3.260610818862915,-0.20810246467590332,-1.106067180633545,1.0241718292236328,1.0,1.0,512,2.633957624435425,3131.606201171875,2.2644156174706128e-13,0,1.0,0.1,1.5180453062057495,1.0,5275.9658203125,160.4713728799289,0.4768228828907013,1.0,1.414213562373095,0.07600341648846805,exact_deterministic_ggn_2b,torch.float64,4.7411238483618945e-05,5.1703043446592614e-15,1.9808900823226364e-13,symmetrized_jacobi_fullfp64_chunked,1024,1.0,1e-06,paper_sgd_momentum_1e-6
14,0,-1.1189086437225342,-0.3736230731010437,-1.108364224433899,-2.256011486053467,0.02512630820274353,0.0,0.006000000000000002,0.6877509951591492,295.48,10.6,248,0.49561360478401184,26,0.014805000275373459,-0.0036270832642912865,0.019138574600219727,0.006000000000000002,959,3932160,14028.205179749057,3932160,2.5883138179779053,0.39849674701690674,-0.16739022731781006,2.9293551445007324,-0.4083334505558014,-1.10546875,0.7036597728729248,1.0,1.0,512,3.1208550930023193,3666.776123046875,1.8692291168406768e-13,0,1.0,0.1,0.7040219306945801,1.0,4246.5595703125,124.3097665304788,0.49561357498168945,1.0,1.4142135623730951,0.06962462073881423,exact_deterministic_ggn_2b,torch.float64,5.61753950023558e-05,4.1002602806521616e-15,1.9311211736426925e-13,symmetrized_jacobi_fullfp64_chunked,1024,1.0,1e-06,paper_sgd_momentum_1e-6
14,0,-1.0844007730484009,0.31650611758232117,-1.0891602039337158,-2.220951795578003,0.02913009189069271,0.0,0.006000000000000002,0.6367169618606567,294.3,10.01,249,0.46914416551589966,26,0.015695074573159218,-0.01034445222467184,0.013002002611756325,0.006000000000000002,969,3973120,14193.057009849697,3973120,2.3034825325012207,0.43233656883239746,0.23120513558387756,2.900364637374878,-0.03113006427884102,-1.1056408882141113,1.0702922344207764,1.0,1.0,512,3.431691884994507,3646.370849609375,1.438707094791224e-13,0,1.0,0.1,1.1472606658935547,1.0,5442.2138671875,196.96737021422416,0.46914416551589966,1.0,1.4142135623730951,0.07283518871743047,exact_deterministic_ggn_2b,torch.float64,6.177045725053176e-05,3.0204911901203053e-15,1.2800389671855956e-13,symmetrized_jacobi_fullfp64_chunked,1024,1.0,1e-06,paper_sgd_momentum_1e-6
14,0,-1.0970838069915771,-0.4312756061553955,-1.087467074394226,-2.0484299659729004,0.0203364547342062,0.0,0.006000000000000002,0.587273120880127,295.75,10.52,249,0.48105570673942566,26,0.023538371548056602,-0.02532084286212921,0.0140244634822011,0.006000000000000002,979,4014080,14357.768184105866,4014080,2.563445806503296,0.21895994246006012,0.049109213054180145,3.1622016429901123,-0.3426681458950043,-1.1061527729034424,1.18931245803833,1.0,1.0,512,4.464141845703125,3294.32861328125,1.5636231679143003e-13,0,1.0,0.1,0.6634604930877686,1.0,4634.68896484375,141.0678226377473,0.48105570673942566,1.0,1.4142135623730951,0.07110562040480166,exact_deterministic_ggn_2b,torch.float64,8.035455539356917e-05,2.9329666511987576e-15,1.6220691574443196e-13,symmetrized_jacobi_fullfp64_chunked,1024,1.0,1e-06,paper_sgd_momentum_1e-6
14,0,-1.1011133193969727,-0.5689009428024292,-1.0976417064666748,-1.8996411561965942,0.01878891885280609,0.0,0.006000000000000002,0.5934052467346191,294.08,8.5,248,0.4456707835197449,26,0.016459284350275993,-0.019631288945674896,0.013690023683011532,0.006000000000000002,989,4055040,14522.638694380876,4055040,2.4073870182037354,0.4655933678150177,-0.09164103865623474,3.1874635219573975,-0.5074892640113831,-1.1062111854553223,1.030362844467163,1.0,1.0,512,2.3570165634155273,3526.1767578125,1.6412153076915779e-13,0,1.0,0.1,0.7213331460952759,1.0,5026.34228515625,147.0638046843415,0.4456707835197449,1.0,1.4142135623730951,0.06324044826008773,exact_deterministic_ggn_2b,torch.float64,4.2426298023201525e-05,3.9289512264130564e-15,1.402870257476013e-13,symmetrized_jacobi_fullfp64_chunked,1024,1.0,1e-06,paper_sgd_momentum_1e-6
14,0,-1.1061878204345703,-0.4074798822402954,-1.096612811088562,-3.0451295375823975,0.03399324789643288,0.0,0.006000000000000002,0.5723109245300293,304.3,9.93,249,0.4827297329902649,26,0.014810455031692982,-0.03002690151333809,0.03024178557097912,0.006000000000000002,999,4096000,14687.57455244381,4096000,1.580923080444336,0.3009343445301056,0.22685834765434265,2.9056859016418457,-0.10248278826475143,-1.1067827939987183,0.9578697681427002,1.0,1.0,512,3.1730637550354004,3645.763916015625,1.7116900555268306e-13,0,1.0,0.1,2.643183946609497,1.0,6322.7177734375,137.17592069698196,0.4827297329902649,1.0,1.4142135623730951,0.1184024581701389,exact_deterministic_ggn_2b,torch.float64,5.7115150411846116e-05,3.608435607451085e-15,1.6660285963273825e-13,symmetrized_jacobi_fullfp64_chunked,1024,1.0,1e-06,paper_sgd_momentum_1e-6
14,0,-1.0743083953857422,-0.3004453480243683,-1.073401689529419,-1.8951116800308228,0.02201737090945244,0.0,0.006000000000000002,0.5259448289871216,266.41,7.87,248,0.45346322655677795,26,0.022596128284931183,-0.03606627136468887,0.012226663529872894,0.006000000000000002,1009,4136960,14852.650393390097,4136960,4.851567268371582,0.25889480113983154,0.16384121775627136,2.0412681102752686,-0.031816646456718445,-1.1069496870040894,0.6820473074913025,1.0,1.0,512,3.7524783611297607,4788.2978515625,3.7742454079822736e-13,0,1.0,0.1,2.038175106048584,1.0,6574.263671875,183.2329328575126,0.45346319675445557,1.0,1.4142135623730951,0.055800447466211836,exact_deterministic_ggn_2b,torch.float64,6.754461355740204e-05,7.547414848886853e-15,3.3606927580233307e-13,symmetrized_jacobi_fullfp64_chunked,1024,1.0,1e-06,paper_sgd_momentum_1e-6
14,0,-1.0998728275299072,-0.5233640074729919,-1.0972462892532349,-2.188109874725342,0.018186066299676895,0.0,0.006000000000000002,0.6881837248802185,308.25,10.34,249,0.546733558177948,26,0.03280138224363327,-0.06162220612168312,0.013591201975941658,0.006000000000000002,1019,4177920,15017.495481092017,4177920,2.6428043842315674,0.22802168130874634,0.1365574300289154,2.8362460136413574,-0.2603839039802551,-1.1076229810714722,1.0706989765167236,1.0,1.0,512,6.745099067687988,3789.3798828125,2.278005007806222e-13,0,0.9145222306251526,0.1,0.32094043493270874,1.0,5029.1533203125,124.57777195282787,0.546733558177948,1.0,1.4142135623730951,0.08480307143064532,exact_deterministic_ggn_2b,torch.float64,0.00010154284973395988,3.659285037572772e-15,2.0389125335030861e-13,symmetrized_jacobi_fullfp64_chunked,1024,1.0,1e-06,paper_sgd_momentum_1e-6
14,0,-1.102414846420288,-0.4607921242713928,-1.1050300598144531,-3.3356473445892334,0.03215713053941727,0.0,0.006000000000000002,0.6373454332351685,281.97,8.0,249,0.5285311937332153,26,0.015569187700748444,-0.016298584640026093,0.02007078379392624,0.006000000000000002,1029,4218880,15182.696861772798,4218880,2.229518413543701,0.4889463484287262,0.044668667018413544,2.6377151012420654,-0.3656511604785919,-1.108033537864685,0.9514872431755066,1.0,1.0,512,2.111332416534424,3807.82470703125,2.2743740156001483e-13,0,0.9460179805755615,0.1,1.073636531829834,1.0,5705.9228515625,134.93806471837803,0.5285311937332153,1.0,1.4142135623730951,0.10164136594224991,exact_deterministic_ggn_2b,torch.float64,3.401166759431362e-05,5.507758551554066e-15,2.064280105615326e-13,symmetrized_jacobi_fullfp64_chunked,1024,1.0,1e-06,paper_sgd_momentum_1e-6
14,0,-1.1191048622131348,-0.677925705909729,-1.1116578578948975,-2.4302656650543213,0.020841797813773155,0.0,0.006000000000000002,0.7311488389968872,338.81,11.92,246,0.5185674428939819,26,0.01680978387594223,-0.04294645041227341,0.01519728358834982,0.006000000000000002,1039,4259840,15348.120949077886,4259840,1.8854598999023438,0.22025327384471893,-0.2422904372215271,1.5558536052703857,-0.42578232288360596,-1.109143853187561,0.3628542125225067,1.0,1.0,512,3.9387099742889404,4006.96142578125,2.0498823607858153e-13,0,0.9641947150230408,0.1,0.21544484794139862,1.0,3677.06884765625,136.93135309737264,0.5185674428939819,1.0,1.4142135623730951,0.07765197511780804,exact_deterministic_ggn_2b,torch.float64,6.591070996364579e-05,4.060991649092162e-15,1.9103877393262807e-13,symmetrized_jacobi_fullfp64_chunked,1024,1.0,1e-06,paper_sgd_momentum_1e-6
14,0,-1.119314432144165,-0.5031579732894897,-1.0977710485458374,-3.336778163909912,0.03492889553308487,0.0,0.006000000000000002,0.6699022650718689,313.7,9.09,249,0.5172866582870483,26,0.014709287323057652,-0.0141354501247406,0.02569475769996643,0.006000000000000002,1049,4300800,15512.998573101126,4300800,1.859179139137268,0.45558539032936096,-0.14657074213027954,3.201763868331909,-0.5985838174819946,-1.109641194343567,0.9521017670631409,1.0,1.0,512,2.081366777420044,3257.390625,2.2048354986569903e-13,0,0.9665820598602295,0.1,0.6229217648506165,1.0,4274.3896484375,108.52382919475463,0.5172866582870483,1.0,1.4142135623730951,0.11461799835708326,exact_deterministic_ggn_2b,torch.float64,3.500246020848863e-05,5.486547745815958e-15,2.1221990040962424e-13,symmetrized_jacobi_fullfp64_chunked,1024,1.0,1e-06,paper_sgd_momentum_1e-6
14,0,-1.1144518852233887,-0.4128742814064026,-1.1006003618240356,-2.18349027633667,0.025413554161787033,0.0,0.006000000000000002,0.6472468376159668,290.84,8.91,249,0.5333882570266724,26,0.024927135556936264,-0.013952746987342834,0.01570000872015953,0.006000000000000002,1059,4341760,15681.700878238771,4341760,3.2386348247528076,0.2900145947933197,-0.2195926010608673,2.432255268096924,-0.4355841279029846,-1.1094802618026733,0.386861652135849,1.0,1.0,512,4.624795436859131,3589.82373046875,2.479251888638551e-13,0,0.9374035596847534,0.1,0.46347877383232117,1.0,4260.4892578125,95.17609303425982,0.5333881974220276,1.0,1.4142135623730951,0.0721389856244932,exact_deterministic_ggn_2b,torch.float64,7.315065886359662e-05,4.596796867982894e-15,2.4392447666545015e-13,symmetrized_jacobi_fullfp64_chunked,1024,1.0,1e-06,paper_sgd_momentum_1e-6
14,0,-1.1095892190933228,-0.4064313769340515,-1.099534034729004,-2.955728530883789,0.027569502592086792,0.0,0.006000000000000002,0.734603762626648,303.74,8.49,249,0.478333443403244,26,0.023527955636382103,0.016564685851335526,0.01192533690482378,0.006000000000000002,1069,4382720,15846.34041077504,4382720,5.61649751663208,0.22341832518577576,-0.2507688105106354,2.5359528064727783,-0.6066181063652039,-1.1095596551895142,0.790070652961731,1.0,1.0,512,5.421077728271484,4338.57177734375,2.7926844146201473e-13,0,1.0,0.1,0.5158112049102783,1.0,4273.26220703125,118.10780661337138,0.478333443403244,1.0,1.4142135623730951,0.0706812784413415,exact_deterministic_ggn_2b,torch.float64,9.757940279087052e-05,4.87499987994997e-15,2.829770539115928e-13,symmetrized_jacobi_fullfp64_chunked,1024,1.0,1e-06,paper_sgd_momentum_1e-6
14,0,-1.0935208797454834,-0.6028124094009399,-1.0872321128845215,-1.7398442029953003,0.014738117344677448,0.0,0.006000000000000002,0.5238462090492249,311.67,9.15,249,0.4426614046096802,26,0.0409456305205822,-0.0504431426525116,0.012142258696258068,0.006000000000000002,1079,4423680,16011.199909214862,4423680,2.3328282833099365,0.10470715910196304,0.0612645260989666,2.610530138015747,-0.43986040353775024,-1.1097646951675415,1.0993186235427856,1.0,1.0,512,5.996206283569336,3885.190185546875,1.535833085348818e-13,0,1.0,0.1,1.2227754592895508,1.0,5985.35546875,139.29401072620374,0.4426614046096802,1.0,1.4142135623730951,0.07483466995205694,exact_deterministic_ggn_2b,torch.float64,0.00010793171531986445,2.55802638511126e-15,1.2149178544839684e-13,symmetrized_jacobi_fullfp64_chunked,1024,1.0,1e-06,paper_sgd_momentum_1e-6
14,0,-1.1042311191558838,-0.515655517578125,-1.0973225831985474,-1.9110232591629028,0.024454085156321526,0.0,0.006000000000000002,0.5798250436782837,331.96,10.08,249,0.4732425808906555,26,0.03668541461229324,-0.013422735035419464,0.013104934245347977,0.006000000000000002,1089,4464640,16175.712115548085,4464640,3.507572650909424,0.10000000149011612,0.1754503846168518,2.560018539428711,-0.3557402789592743,-1.110447883605957,1.2069568634033203,1.0,1.0,512,4.313661575317383,4016.653076171875,1.5330375491608764e-13,0,1.0,0.1,0.962369441986084,1.0,5470.978515625,185.5519776512102,0.4732425808906555,1.0,1.4142135623730951,0.08650578141314065,exact_deterministic_ggn_2b,torch.float64,7.764591282466426e-05,2.9153615730592513e-15,1.5692567885599943e-13,symmetrized_jacobi_fullfp64_chunked,1024,1.0,1e-06,paper_sgd_momentum_1e-6
14,0,-1.1031389236450195,-0.042785316705703735,-1.096409797668457,-2.046020984649658,0.020532552152872086,0.0,0.004000000000000001,0.6895718574523926,284.71,8.84,249,0.48516637086868286,26,0.01261099986732006,-0.017155686393380165,0.01094384491443634,0.004000000000000001,1099,4505600,16340.424970892724,4505600,1.8768296241760254,0.4398055672645569,-0.249227836728096,2.314903736114502,-0.500093936920166,-1.1144864559173584,0.550081729888916,1.0,1.0,512,5.17299747467041,3652.53955078125,1.419942366997852e-13,0,1.0,0.1,0.46678847074508667,1.0,4563.1455078125,85.53105441886814,0.48516637086868286,1.0,1.4142135623730951,0.10126153540447179,exact_deterministic_ggn_2b,torch.float64,4.1383984353160486e-05,2.550880007610363e-15,1.2649039585974177e-13,symmetrized_jacobi_fullfp64_chunked,1024,1.0,1e-06,paper_sgd_momentum_1e-6
14,0,-1.078457236289978,-0.0577891506254673,-1.0851733684539795,-1.822670578956604,0.03479565307497978,0.0,0.006000000000000002,0.5911962985992432,316.67,9.24,249,0.4806578457355499,26,0.031123634427785873,-0.02156047523021698,0.015199230052530766,0.006000000000000002,1109,4546560,16504.953951078933,4546560,2.698315382003784,0.31708118319511414,-0.04017846658825874,2.5772461891174316,-0.4795410633087158,-1.11051344871521,0.8635435700416565,1.0,1.0,512,4.031048774719238,3227.759765625,1.3217678206693017e-13,0,1.0,0.1,2.6879043579101562,1.0,5511.3662109375,133.98252931048302,0.4806578457355499,1.0,1.4142135623730951,0.11447224972217211,exact_deterministic_ggn_2b,torch.float64,7.255888340296224e-05,2.5158789162792957e-15,1.312448089490024e-13,symmetrized_jacobi_fullfp64_chunked,1024,1.0,1e-06,paper_sgd_momentum_1e-6
14,0,-1.1023601293563843,-0.5933067798614502,-1.096152901649475,-2.1106624603271484,0.025234635919332504,0.0,0.006000000000000002,0.5976371765136719,315.59,9.66,249,0.5233139395713806,26,0.029993563890457153,0.001236937940120697,0.020596899092197418,0.006000000000000002,1119,4587520,16669.693990143947,4587520,3.15802001953125,0.19480133056640625,0.4500417113304138,2.7990450859069824,-0.05314153805375099,-1.1111265420913696,1.4182721376419067,1.0,1.0,512,5.65615701675415,4494.64697265625,2.669501378277454e-13,0,0.9554494023323059,0.1,0.6084580421447754,1.0,6705.19970703125,191.360458396853,0.5233139395713806,1.0,1.4142135623730951,0.09414085305645006,exact_deterministic_ggn_2b,torch.float64,9.294143092120066e-05,4.542598423037653e-15,2.284738545732703e-13,symmetrized_jacobi_fullfp64_chunked,1024,1.0,1e-06,paper_sgd_momentum_1e-6
14,0,-1.1370434761047363,-0.6640762686729431,-1.1177704334259033,-2.0094645023345947,0.029420388862490654,0.0,0.006000000000000002,0.7044443488121033,328.52,10.28,250,0.5370326042175293,26,0.03309091925621033,-0.005394396372139454,0.01861913874745369,0.006000000000000002,1129,4628480,16834.36075516278,4628480,6.450992584228516,0.2877032160758972,-0.30439335107803345,0.6260887980461121,-0.382111519575119,-1.1117699146270752,0.17737291753292084,1.0,1.0,512,5.97429084777832,4957.8173828125,2.9001279850103316e-13,0,0.9310422539710999,0.1,0.26915693283081055,1.0,4255.3388671875,137.65167696034473,0.5370325446128845,1.0,1.4142135623730951,0.08387231516851466,exact_deterministic_ggn_2b,torch.float64,9.321754623670131e-05,4.771737361757224e-15,2.691227093438984e-13,symmetrized_jacobi_fullfp64_chunked,1024,1.0,1e-06,paper_sgd_momentum_1e-6
14,0,-1.1053359508514404,-0.21368840336799622,-1.1044659614562988,-1.8379759788513184,0.027231376618146896,0.0,0.006000000000000002,0.5905399322509766,306.47,8.27,249,0.4139513075351715,26,0.026190653443336487,-0.015755772590637207,0.015483922325074673,0.006000000000000002,1139,4669440,16999.156950988807,4669440,2.6607608795166016,0.3562522530555725,-0.11642341315746307,2.2717673778533936,-0.37588903307914734,-1.1119158267974854,0.6227278113365173,1.0,1.0,512,3.986912488937378,3567.8076171875,1.2533076407715415e-13,0,1.0,0.1,1.6497697830200195,1.0,5518.2734375,80.27677341007126,0.4139513075351715,1.0,1.4142135623730951,0.10242367132725018,exact_deterministic_ggn_2b,torch.float64,7.176442886702716e-05,2.434718954668587e-15,1.194843043689183e-13,symmetrized_jacobi_fullfp64_chunked,1024,1.0,1e-06,paper_sgd_momentum_1e-6
14,0,-1.106461763381958,-0.4860703945159912,-1.1052448749542236,-2.245137929916382,0.0220183115452528,0.0,0.006000000000000002,0.6250044107437134,326.28,11.46,248,0.4786165952682495,26,0.021575147286057472,-0.04074229300022125,0.012849504128098488,0.006000000000000002,1149,4710400,17163.888401234057,4710400,3.109015941619873,0.20986852049827576,-0.06579561531543732,2.251798391342163,-0.3934039771556854,-1.1328166723251343,0.650884747505188,1.0,1.0,512,3.7756834030151367,3145.84228515625,1.553726274225129e-13,0,1.0,0.1,0.5716925263404846,1.0,4797.9482421875,105.59848523779681,0.4786165952682495,1.0,1.4142135623730951,0.06685503273224427,exact_deterministic_ggn_2b,torch.float64,6.796230445615947e-05,3.1408674594775818e-15,1.6654499410482913e-13,symmetrized_jacobi_fullfp64_chunked,1024,1.0,1e-06,paper_sgd_momentum_1e-6
14,0,-1.0949699878692627,-0.5909761786460876,-1.0895898342132568,-3.1504154205322266,0.0294599998742342,0.0,0.006000000000000002,0.5473172664642334,321.72,8.49,249,0.46977952122688293,26,0.020493432879447937,-0.013414362445473671,0.014873091131448746,0.006000000000000002,1159,4751360,17328.468246743083,4751360,2.0999279022216797,0.36233803629875183,-0.11042965203523636,2.038895606994629,-0.41384759545326233,-1.114314079284668,0.47609320282936096,1.0,1.0,512,2.0771484375,3216.9619140625,1.6402949997138277e-13,0,1.0,0.1,1.4687013626098633,1.0,5367.99951171875,95.32086765107454,0.46977952122688293,1.0,1.4142135623730951,0.10982333077907895,exact_deterministic_ggn_2b,torch.float64,3.73886723536998e-05,4.001591261675131e-15,1.6862320123029807e-13,symmetrized_jacobi_fullfp64_chunked,1024,1.0,1e-06,paper_sgd_momentum_1e-6
14,0,-1.1220800876617432,-0.5390032529830933,-1.1019070148468018,-2.634526252746582,0.028197038918733597,0.0,0.006000000000000002,0.5163843631744385,286.8,8.07,249,0.47989755868911743,26,0.01762857660651207,-0.03556636720895767,0.014920285902917385,0.006000000000000002,1169,4792320,17493.078410604037,4792320,2.484008312225342,0.10000000149011612,-0.09123387932777405,1.8721380233764648,-0.318901926279068,-1.1150416135787964,0.4721296429634094,1.0,1.0,512,2.720717430114746,3767.604248046875,2.0362779229228668e-13,0,1.0,0.1,0.513484001159668,1.0,5736.4931640625,121.84966812294357,0.47989755868911743,1.0,1.4142135623730951,0.08968034810336313,exact_deterministic_ggn_2b,torch.float64,4.897291728411801e-05,4.6571445481308846e-15,1.9946127355067667e-13,symmetrized_jacobi_fullfp64_chunked,1024,1.0,1e-06,paper_sgd_momentum_1e-6
14,0,-1.1019699573516846,-0.47995761036872864,-1.0942974090576172,-1.9384416341781616,0.01885167695581913,0.0,0.004000000000000001,0.5745728015899658,332.31,9.69,249,0.479513943195343,26,0.0064356643706560135,0.003081535454839468,0.01316959410905838,0.004000000000000001,1179,4833280,17657.72940510977,4833280,1.8023799657821655,0.5918226838111877,0.04020111635327339,2.22991943359375,-0.2886938452720642,-1.1161420345306396,0.7114265561103821,1.0,1.0,512,2.6477909088134766,3220.068359375,2.464168049613511e-13,0,1.0,0.1,0.5222499966621399,1.0,5693.36181640625,95.77915811756256,0.4795139729976654,1.0,1.4142135623730951,0.07848651493448625,exact_deterministic_ggn_2b,torch.float64,2.1182329874136485e-05,5.675871789091011e-15,2.6273280175732414e-13,symmetrized_jacobi_fullfp64_chunked,1024,1.0,1e-06,paper_sgd_momentum_1e-6
14,0,-1.0863678455352783,-0.501590371131897,-1.0879766941070557,-2.08626389503479,0.02086886763572693,0.0,0.004000000000000001,0.5229213237762451,336.04,10.29,249,0.43239015340805054,26,0.0064377207309007645,-0.004935890436172485,0.011982038617134094,0.004000000000000001,1189,4874240,17822.399335857015,4874240,2.0434558391571045,0.5619847178459167,0.09201285243034363,2.3020009994506836,-0.17640525102615356,-1.1172375679016113,0.6814767122268677,1.0,1.0,512,3.7582602500915527,3382.770751953125,1.4545031272561882e-13,0,1.0,0.1,0.619888186454773,1.0,5940.83154296875,117.72377460236338,0.43239015340805054,1.0,1.4142135623730951,0.06372073841910017,exact_deterministic_ggn_2b,torch.float64,3.006608494615648e-05,2.9470764330204443e-15,1.4478211005428731e-13,symmetrized_jacobi_fullfp64_chunked,1024,1.0,1e-06,paper_sgd_momentum_1e-6
14,0,-1.1072843074798584,-0.5862706303596497,-1.100664496421814,-2.4714391231536865,0.024036334827542305,0.0,0.006000000000000002,0.7279120683670044,337.57,9.55,249,0.5278955698013306,26,0.008822448551654816,0.0074721090495586395,0.01708219014108181,0.006000000000000002,1199,4915200,17987.10552455671,4915200,1.7075896263122559,0.5103102922439575,-0.10877355933189392,2.028878927230835,-0.38000041246414185,-1.1174650192260742,0.47601133584976196,1.0,1.0,512,1.7151963710784912,4513.3271484375,1.7905393410111237e-13,0,0.9471570253372192,0.1,0.33612534403800964,1.0,5129.1015625,112.33627689493697,0.5278955698013306,1.0,1.4142135623730951,0.11686960936990326,exact_deterministic_ggn_2b,torch.float64,2.7696843972080387e-05,4.9145540843607665e-15,1.7513122084972082e-13,symmetrized_jacobi_fullfp64_chunked,1024,1.0,1e-06,paper_sgd_momentum_1e-6
14,0,-1.11361825466156,-0.5824966430664062,-1.1065195798873901,-2.9976134300231934,0.028897002339363098,0.0,0.004000000000000001,0.5703614950180054,306.46,10.02,249,0.40476515889167786,26,0.005903269164264202,-0.003110288642346859,0.02665982022881508,0.004000000000000001,1209,4956160,18151.619791016914,4956160,1.7742390632629395,0.5628822445869446,0.04763071984052658,2.650137186050415,-0.33399832248687744,-1.1184566020965576,0.9203940629959106,1.0,1.0,512,2.2624588012695312,3689.604736328125,1.8576506361186075e-13,0,1.0,0.1,1.6332902908325195,1.0,6006.115234375,124.92768084228524,0.40476515889167786,1.0,1.4142135623730951,0.08479758060109019,exact_deterministic_ggn_2b,torch.float64,1.809967216104269e-05,4.469461076275974e-15,1.7729200157769252e-13,symmetrized_jacobi_fullfp64_chunked,1024,1.0,1e-06,paper_sgd_momentum_1e-6
14,0,-1.130398154258728,-0.0785803347826004,-1.117677927017212,-2.7560482025146484,0.04047009348869324,0.0,0.006000000000000002,0.668509840965271,316.95,9.22,249,0.4175032675266266,26,0.026843182742595673,-0.012073459103703499,0.014787235297262669,0.006000000000000002,1219,4997120,18316.154336186126,4997120,1.7765135765075684,0.19404752552509308,-0.14152242243289948,2.3598623275756836,-0.29957741498947144,-1.1191273927688599,0.43359535932540894,1.0,1.0,512,5.755095481872559,4786.0859375,2.432481045305701e-13,0,1.0,0.1,1.1824450492858887,1.0,5188.869140625,165.03407726791914,0.4175032377243042,1.0,1.4142135623730951,0.115902951467207,exact_deterministic_ggn_2b,torch.float64,0.00010359172301832587,4.088607786039058e-15,1.9880333838674787e-13,symmetrized_jacobi_fullfp64_chunked,1024,1.0,1e-06,paper_sgd_momentum_1e-6
14,0,-1.130674958229065,-0.6747580766677856,-1.11818528175354,-3.2193939685821533,0.027928784489631653,0.0,0.004000000000000001,0.7658333778381348,316.61,9.77,249,0.44649985432624817,26,0.0053114150650799274,-0.013708876445889473,0.013450011610984802,0.004000000000000001,1229,5038080,18480.796636145096,5038080,2.879599094390869,0.5772565603256226,-0.3588181734085083,2.1754508018493652,-0.586199939250946,-1.1196259260177612,0.3762109577655792,1.0,1.0,512,2.5258374214172363,4407.61279296875,1.4654503844530036e-13,0,1.0,0.1,0.3637814521789551,1.0,3665.328125,103.83133603512726,0.44649985432624817,1.0,1.4142135623730951,0.08634897506797586,exact_deterministic_ggn_2b,torch.float64,2.020670217461884e-05,3.624479293835416e-15,1.500646124047056e-13,symmetrized_jacobi_fullfp64_chunked,1024,1.0,1e-06,paper_sgd_momentum_1e-6
14,0,-1.1012437343597412,-0.27955323457717896,-1.1030571460723877,-1.7539461851119995,0.018954962491989136,0.0,0.004000000000000001,0.6821264624595642,305.7,8.79,248,0.49981340765953064,26,0.009254049509763718,-0.006348682567477226,0.011342143639922142,0.004000000000000001,1239,5079040,18645.492896691896,5079040,2.0576210021972656,0.4527583420276642,-0.10287520289421082,2.3497276306152344,-0.3603568375110626,-1.1202393770217896,0.570149838924408,1.0,1.0,512,3.711374282836914,4343.8486328125,2.316737357123942e-13,0,1.0,0.1,0.48535752296447754,1.0,5160.47509765625,109.07714704039005,0.49981340765953064,1.0,1.4142135623730951,0.07799547786052433,exact_deterministic_ggn_2b,torch.float64,2.9690998417208903e-05,4.741554494945425e-15,2.362152060014598e-13,symmetrized_jacobi_fullfp64_chunked,1024,1.0,1e-06,paper_sgd_momentum_1e-6
14,0,-1.1121201515197754,-0.513132631778717,-1.1028492450714111,-2.1454529762268066,0.02270294353365898,0.0,0.004000000000000001,0.6019622087478638,292.29,7.64,249,0.5063163042068481,26,0.00955845508724451,-0.022262899205088615,0.015002482570707798,0.004000000000000001,1249,5120000,18810.103685677983,5120000,1.5251905918121338,0.3032717704772949,-0.07200021296739578,2.2660410404205322,-0.4670366048812866,-1.1203866004943848,0.7937943935394287,1.0,1.0,512,5.181674957275391,4105.03564453125,2.2005979392774291e-13,0,0.9875249862670898,0.1,0.43882209062576294,1.0,4818.03466796875,123.55625640574283,0.5063163042068481,1.0,1.4142135623730951,0.10494756163430509,exact_deterministic_ggn_2b,torch.float64,4.042558794026263e-05,3.931206245110518e-15,2.240892180867298e-13,symmetrized_jacobi_fullfp64_chunked,1024,1.0,1e-06,paper_sgd_momentum_1e-6
14,0,-1.1181013584136963,-0.23059718310832977,-1.1061047315597534,-1.8971145153045654,0.024358805269002914,0.0,0.004000000000000001,0.5795979499816895,321.72,9.85,249,0.46412262320518494,26,0.008916990831494331,-0.0010862983763217926,0.015182677656412125,0.004000000000000001,1259,5160960,18974.861393666826,5160960,1.7474476099014282,0.525364100933075,-0.06416866928339005,2.5470898151397705,-0.2754490077495575,-1.1211092472076416,0.5777257680892944,1.0,1.0,512,3.2134315967559814,3475.849609375,4.457010908284033e-13,0,1.0,0.1,0.3234558701515198,1.0,4745.1103515625,123.8510321733431,0.4641226530075073,1.0,1.4142135623730951,0.10650042447267727,exact_deterministic_ggn_2b,torch.float64,2.5707455279189162e-05,9.602719734658606e-15,3.6557767798584783e-13,symmetrized_jacobi_fullfp64_chunked,1024,1.0,1e-06,paper_sgd_momentum_1e-6
14,0,-1.1485743522644043,-0.6387172341346741,-1.1206456422805786,-3.3999104499816895,0.04079194739460945,0.0,0.004000000000000001,0.6104706525802612,303.1,7.6,249,0.4559076428413391,26,0.00449605705216527,-0.015655893832445145,0.019766010344028473,0.004000000000000001,1269,5201920,19139.45239140885,5201920,1.5871728658676147,0.14899280667304993,-0.25305384397506714,2.528272867202759,-0.46808356046676636,-1.1209620237350464,0.48016950488090515,1.0,1.0,512,3.612576484680176,4334.53515625,1.8433676910280912e-13,0,1.0,0.1,0.6292536854743958,1.0,4403.20068359375,125.8914864136104,0.4559076130390167,1.0,1.4142135623730951,0.05627624673179442,exact_deterministic_ggn_2b,torch.float64,2.8900614779558964e-05,3.714830887426727e-15,1.818389222091502e-13,symmetrized_jacobi_fullfp64_chunked,1024,1.0,1e-06,paper_sgd_momentum_1e-6
14,0,-1.095789909362793,-0.4779406487941742,-1.0877838134765625,-1.8427774906158447,0.024805141612887383,0.0,0.004000000000000001,0.5826888680458069,355.37,10.67,249,0.5373376607894897,26,0.01137552596628666,-0.01856309175491333,0.015339579433202744,0.004000000000000001,1279,5242880,19304.100421951152,5242880,2.1659445762634277,0.32788774371147156,0.0009279865771532059,2.228820323944092,-0.34485751390457153,-1.1216566562652588,0.6662083268165588,1.0,1.0,512,5.002333641052246,4465.8115234375,3.02479660111589e-13,0,0.9305136203765869,0.1,0.4736771285533905,1.0,5408.5361328125,141.6823117866231,0.5373376607894897,1.0,1.4142135623730951,0.06489025090665747,exact_deterministic_ggn_2b,torch.float64,3.465039117145352e-05,5.477767187225764e-15,3.563590596438517e-13,symmetrized_jacobi_fullfp64_chunked,1024,1.0,1e-06,paper_sgd_momentum_1e-6
14,0,-1.1067733764648438,-0.4081815183162689,-1.1006824970245361,-2.1219515800476074,0.020832203328609467,0.0,0.004000000000000001,0.6771500110626221,316.8,8.57,248,0.4883447289466858,26,0.01403527520596981,-0.020000316202640533,0.014806539751589298,0.004000000000000001,1289,5283840,19468.884015855845,5283840,1.872913122177124,0.520378828048706,-0.25563105940818787,2.6455726623535156,-0.44348210096359253,-1.1220966577529907,0.35911688208580017,1.0,1.0,512,4.990760326385498,4421.62255859375,1.9914452340129796e-13,0,1.0,0.1,0.5094067454338074,1.0,4512.869140625,118.91150946646351,0.4883447289466858,1.0,1.4142135623730951,0.1069730391250816,exact_deterministic_ggn_2b,torch.float64,3.9926086174091324e-05,3.643855767358559e-15,1.7616020166335595e-13,symmetrized_jacobi_fullfp64_chunked,1024,1.0,1e-06,paper_sgd_momentum_1e-6
14,0,-1.1190732717514038,-0.37427446246147156,-1.1052906513214111,-3.280679941177368,0.037122778594493866,0.0,0.006000000000000002,0.5779227018356323,318.35,8.83,249,0.5320865511894226,26,0.019306251779198647,-0.01993715576827526,0.029924089089035988,0.006000000000000002,1299,5324800,19638.954394631088,5324800,2.655305862426758,0.2096850574016571,-0.1085958331823349,2.2794649600982666,-0.38839784264564514,-1.1225701570510864,0.5398387908935547,1.0,1.0,512,4.174041271209717,3850.072265625,2.29691764726248e-13,0,0.939696729183197,0.1,0.9091907739639282,1.0,5124.32421875,99.16383498352458,0.5320865511894226,1.0,1.4142135623730951,0.08379071428434522,exact_deterministic_ggn_2b,torch.float64,6.634445890085772e-05,4.418055122084105e-15,2.0245374694258393e-13,symmetrized_jacobi_fullfp64_chunked,1024,1.0,1e-06,paper_sgd_momentum_1e-6
14,0,-1.1362732648849487,-0.614167332649231,-1.1105647087097168,-3.712571144104004,0.04418801888823509,0.0,0.006000000000000002,0.6749277114868164,260.7,7.95,249,0.5099941492080688,26,0.025745386257767677,-0.009517802856862545,0.016704358160495758,0.006000000000000002,1309,5365760,19803.652235168032,5365760,2.280442237854004,0.10000000149011612,-0.3781096935272217,1.8359671831130981,-0.548343300819397,-1.1232094764709473,0.28898143768310547,1.0,1.0,512,6.9818620681762695,4474.7314453125,2.373678825569079e-13,0,0.9804035425186157,0.1,1.1566500663757324,1.0,3774.90576171875,102.302409269134,0.5099940896034241,1.0,1.4142135623730951,0.09134548164025705,exact_deterministic_ggn_2b,torch.float64,0.00012079627776984125,3.677622273101549e-15,2.1732620677010804e-13,symmetrized_jacobi_fullfp64_chunked,1024,1.0,1e-06,paper_sgd_momentum_1e-6
14,0,-1.108532428741455,-0.4075107276439667,-1.1105142831802368,-2.0408992767333984,0.025078436359763145,0.0,0.006000000000000002,0.5978587865829468,316.18,8.48,249,0.4377456605434418,26,0.016878996044397354,0.0010704342275857925,0.01441869791597128,0.006000000000000002,1319,5406720,19968.403137519024,5406720,2.2028558254241943,0.4057105481624603,-0.10517345368862152,1.9149079322814941,-0.2742672860622406,-1.123842716217041,0.4964219033718109,1.0,1.0,512,2.3998310565948486,4707.0517578125,2.1306275903422368e-13,0,1.0,0.1,1.365225076675415,1.0,4956.6494140625,134.4624604577251,0.4377456605434418,1.0,1.4142135623730951,0.07621041982775853,exact_deterministic_ggn_2b,torch.float64,4.319696017773822e-05,5.107982304851881e-15,2.0557125746947864e-13,symmetrized_jacobi_fullfp64_chunked,1024,1.0,1e-06,paper_sgd_momentum_1e-6
14,0,-1.1043591499328613,-0.43750688433647156,-1.1011052131652832,-2.1997063159942627,0.023228496313095093,0.0,0.006000000000000002,0.6120810508728027,325.61,11.09,249,0.49108877778053284,26,0.016759298741817474,-0.015825564041733742,0.014134921133518219,0.006000000000000002,1329,5447680,20132.95469576493,5447680,1.8752388954162598,0.369118332862854,0.004629487171769142,2.4537532329559326,-0.29771146178245544,-1.125909686088562,0.6086606979370117,1.0,1.0,512,2.9039759635925293,3507.80517578125,1.1719654979105985e-13,0,1.0,0.1,0.7423782348632812,1.0,5022.888671875,101.46055319949872,0.49108877778053284,1.0,1.4142135623730951,0.10450474520502714,exact_deterministic_ggn_2b,torch.float64,5.227157089393586e-05,2.6090298633050855e-15,1.1601181958522855e-13,symmetrized_jacobi_fullfp64_chunked,1024,1.0,1e-06,paper_sgd_momentum_1e-6
14,0,-1.08648681640625,-0.3864228129386902,-1.0980825424194336,-1.9441348314285278,0.03145267441868782,0.0,0.006000000000000002,0.4681908190250397,304.54,9.52,249,0.4632857143878937,26,0.02771940641105175,-0.015560220927000046,0.012578681111335754,0.006000000000000002,1339,5488640,20297.7212755098,5488640,2.9819841384887695,0.21565179526805878,0.2600330114364624,2.7490859031677246,-0.12542058527469635,-1.1272088289260864,0.9422069191932678,1.0,1.0,512,5.270382881164551,3525.130859375,1.4017406018560433e-13,0,1.0,0.1,2.1024558544158936,1.0,7170.74951171875,122.27231565563557,0.4632857143878937,1.0,1.4142135623730951,0.07413259962397634,exact_deterministic_ggn_2b,torch.float64,9.486689668847248e-05,2.4229425296452475e-15,1.6365300133558198e-13,symmetrized_jacobi_fullfp64_chunked,1024,1.0,1e-06,paper_sgd_momentum_1e-6
14,0,-1.1206897497177124,-0.4894169867038727,-1.1203688383102417,-2.4097275733947754,0.024307673797011375,0.0,0.006000000000000002,0.6150718927383423,294.1,9.13,249,0.4851763844490051,26,0.03019976057112217,0.010917754843831062,0.019953781738877296,0.006000000000000002,1349,5529600,20462.324487978127,5529600,2.069300413131714,0.10000000149011612,0.0652189701795578,3.229800224304199,-0.429870069026947,-1.1284024715423584,1.178049921989441,1.0,1.0,512,3.8821630477905273,3600.7421875,2.003334467054073e-13,0,1.0,0.1,0.5188011527061462,1.0,5592.1728515625,131.0117212466512,0.48517635464668274,1.0,1.4142135623730951,0.07091250775176755,exact_deterministic_ggn_2b,torch.float64,6.987893721088767e-05,3.985127646966766e-15,2.1773685489833669e-13,symmetrized_jacobi_fullfp64_chunked,1024,1.0,1e-06,paper_sgd_momentum_1e-6
14,0,-1.1138317584991455,-0.472415953874588,-1.1107194423675537,-2.2938833236694336,0.031685180962085724,0.0,0.004000000000000001,0.6083722114562988,316.38,9.62,248,0.4840124249458313,26,0.014908833429217339,-0.01634896919131279,0.014677006751298904,0.004000000000000001,1359,5570560,20627.113039357122,5570560,2.180756092071533,0.30059605836868286,0.33693990111351013,2.8696532249450684,-0.2395949512720108,-1.1283278465270996,1.4595533609390259,1.0,1.0,512,3.5644874572753906,3695.68505859375,1.897527384575025e-13,0,1.0,0.1,1.1310787200927734,1.0,6169.775390625,139.4535012950655,0.4840124249458313,1.0,1.4142135623730951,0.09395231523292145,exact_deterministic_ggn_2b,torch.float64,2.8515902158687823e-05,3.899121633339829e-15,1.919659751564439e-13,symmetrized_jacobi_fullfp64_chunked,1024,1.0,1e-06,paper_sgd_momentum_1e-6
14,0,-1.1042706966400146,-0.3709661662578583,-1.0990890264511108,-2.1440632343292236,0.030298123136162758,0.0,0.004000000000000001,0.5971243381500244,356.51,10.65,249,0.5126817226409912,26,0.010735808871686459,-0.020674046128988266,0.020278746262192726,0.004000000000000001,1369,5611520,20791.701909734868,5611520,1.5982160568237305,0.4786219298839569,0.3164864778518677,2.3673908710479736,-0.09854834526777267,-1.1292551755905151,1.0365957021713257,1.0,1.0,512,3.7296905517578125,4031.83056640625,2.1792827424906475e-13,0,0.9752638339996338,0.1,0.6141663789749146,1.0,7113.099609375,122.21946779644809,0.512681782245636,1.0,1.4142135623730951,0.08777984917468194,exact_deterministic_ggn_2b,torch.float64,2.8379652576404624e-05,4.46069118454759e-15,2.275751470035915e-13,symmetrized_jacobi_fullfp64_chunked,1024,1.0,1e-06,paper_sgd_momentum_1e-6
14,0,-1.1147613525390625,-0.46964746713638306,-1.1146788597106934,-2.1058900356292725,0.02616359107196331,0.0,0.006000000000000002,0.7562209367752075,322.55,10.69,249,0.49404624104499817,26,0.024625757709145546,-0.02127988636493683,0.014861488714814186,0.006000000000000002,1379,5652480,20956.46744388109,5652480,2.3441503047943115,0.4013192653656006,-0.08282209932804108,2.3509726524353027,-0.1882280707359314,-1.1300091743469238,0.4844827950000763,1.0,1.0,512,3.852121353149414,4172.3896484375,1.6111295555221817e-13,0,1.0,0.1,0.433912992477417,1.0,4272.189453125,116.01458478484409,0.4940462112426758,1.0,1.4142135623730951,0.09996230771197283,exact_deterministic_ggn_2b,torch.float64,6.933818804100156e-05,3.242658214518712e-15,1.571128474044775e-13,symmetrized_jacobi_fullfp64_chunked,1024,1.0,1e-06,paper_sgd_momentum_1e-6
14,0,-1.167992353439331,-0.6316126585006714,-1.1321808099746704,-3.0433034896850586,0.06140287220478058,0.0,0.006000000000000002,0.6624336838722229,292.56,9.74,249,0.48135343194007874,26,0.016928788274526596,-0.01807338371872902,0.014819847419857979,0.006000000000000002,1389,5693440,21121.086942567956,5693440,1.9474964141845703,0.3235055208206177,0.03219686448574066,3.0150606632232666,-0.3739202618598938,-1.130695104598999,1.0254900455474854,1.0,1.0,512,3.290717363357544,4272.4453125,1.9006441521512267e-13,0,1.0,0.1,0.556275486946106,1.0,5179.6826171875,113.45926162260758,0.48135343194007874,1.0,1.4142135623730951,0.10514107285048586,exact_deterministic_ggn_2b,torch.float64,5.9232916100881994e-05,4.1044772841153435e-15,1.6168564898696737e-13,symmetrized_jacobi_fullfp64_chunked,1024,1.0,1e-06,paper_sgd_momentum_1e-6
14,0,-1.1310153007507324,-0.4235747158527374,-1.1260844469070435,-2.4953761100769043,0.037071313709020615,0.0,0.006000000000000002,0.5514124631881714,310.71,9.83,249,0.46665099263191223,26,0.03126121312379837,-0.033729180693626404,0.024873794987797737,0.006000000000000002,1399,5734400,21285.676917792764,5734400,2.341914653778076,0.20291568338871002,0.3001784682273865,2.436323881149292,-0.2869492173194885,-1.1318334341049194,1.1924426555633545,1.0,1.0,512,4.7088942527771,3271.19677734375,1.6273221158030392e-13,0,1.0,0.1,2.622615098953247,1.0,7054.2783203125,106.79198731123134,0.46665096282958984,1.0,1.4142135623730951,0.0924113139073066,exact_deterministic_ggn_2b,torch.float64,8.476009679725394e-05,2.950168378597699e-15,1.5614359557391418e-13,symmetrized_jacobi_fullfp64_chunked,1024,1.0,1e-06,paper_sgd_momentum_1e-6
14,0,-1.1418585777282715,-0.42265573143959045,-1.1272410154342651,-2.04717755317688,0.025529777631163597,0.0,0.004000000000000001,0.6607787013053894,329.74,10.8,249,0.4784943163394928,26,0.012968611903488636,-0.03862408548593521,0.01712939515709877,0.004000000000000001,1409,5775360,21450.24554065615,5775360,1.6418981552124023,0.3682573139667511,-0.05213075876235962,2.2166812419891357,-0.3497759997844696,-1.1334447860717773,0.6103684902191162,1.0,1.0,512,6.201521873474121,4456.9130859375,1.6312974672789247e-13,0,1.0,0.1,0.298874169588089,1.0,5049.154296875,113.56982210554037,0.4784943163394928,1.0,1.4142135623730951,0.09573740019897822,exact_deterministic_ggn_2b,torch.float64,4.961217928212136e-05,2.711446659205281e-15,1.6718677115069073e-13,symmetrized_jacobi_fullfp64_chunked,1024,1.0,1e-06,paper_sgd_momentum_1e-6
14,0,-1.1130950450897217,-0.42621251940727234,-1.1103086471557617,-2.142916440963745,0.02687232755124569,0.0,0.004000000000000001,0.6435317993164062,339.19,11.93,249,0.5378875732421875,26,0.009288176894187927,-0.01761070266366005,0.015761736780405045,0.004000000000000001,1419,5816320,21614.76467352314,5816320,1.7562764883041382,0.37570929527282715,0.2493819296360016,2.6243388652801514,-0.13001441955566406,-1.134946584701538,1.0548015832901,1.0,1.0,512,3.751819133758545,4048.170654296875,2.538646090727226e-13,0,0.9295622706413269,0.1,0.40804654359817505,1.0,6031.6552734375,149.28127526925945,0.5378875732421875,1.0,1.4142135623730951,0.05827866212874543,exact_deterministic_ggn_2b,torch.float64,2.5935158191714436e-05,5.156742350864354e-15,2.6613714341802636e-13,symmetrized_jacobi_fullfp64_chunked,1024,1.0,1e-06,paper_sgd_momentum_1e-6
14,0,-1.1331424713134766,-0.3849344849586487,-1.1240426301956177,-3.2668468952178955,0.04227355122566223,0.0,0.006000000000000002,0.6910874843597412,332.14,10.63,249,0.46916884183883667,26,0.01087140291929245,-0.006216341629624367,0.026343414559960365,0.006000000000000002,1429,5857280,21779.279317962006,5857280,2.2047367095947266,0.3866545557975769,-0.03195721656084061,2.7043824195861816,-0.31356412172317505,-1.1363459825515747,0.7287272214889526,1.0,1.0,512,3.9813179969787598,4845.833984375,3.817001607686138e-13,0,1.0,0.1,0.5496892929077148,1.0,5250.380859375,128.30969780729188,0.46916887164115906,1.0,1.4142135623730951,0.060226691293882285,exact_deterministic_ggn_2b,torch.float64,7.166372961364686e-05,7.541964585910867e-15,3.434895441963192e-13,symmetrized_jacobi_fullfp64_chunked,1024,1.0,1e-06,paper_sgd_momentum_1e-6
14,0,-1.124697208404541,0.0859059989452362,-1.1025645732879639,-4.422313690185547,0.0785609558224678,0.0,0.006000000000000002,0.544768214225769,303.05,9.76,248,0.41124585270881653,26,0.014209220185875893,-0.01473904587328434,0.03736594691872597,0.006000000000000002,1439,5898240,21944.023747924715,5898240,1.5372350215911865,0.1253209114074707,0.17376258969306946,3.2659647464752197,-0.08895467966794968,-1.1583410501480103,0.7750447392463684,1.0,1.0,512,4.4568586349487305,4268.11474609375,2.0837449175813673e-13,0,1.0,0.1,1.1637099981307983,1.0,6144.458984375,124.1749021284218,0.41124585270881653,1.0,1.4142135623730951,0.09582421437921418,exact_deterministic_ggn_2b,torch.float64,8.022345718927681e-05,3.808012885812959e-15,2.0671277941711178e-13,symmetrized_jacobi_fullfp64_chunked,1024,1.0,1e-06,paper_sgd_momentum_1e-6
14,0,-1.1453700065612793,-0.3105272650718689,-1.1283326148986816,-2.005178928375244,0.026313036680221558,0.0,0.006000000000000002,0.6762825846672058,298.85,8.22,249,0.47753846645355225,26,0.019177271053195,-0.03888581693172455,0.01935618557035923,0.006000000000000002,1449,5939200,22108.990083120763,5939200,1.9901561737060547,0.3876950442790985,-0.19224077463150024,2.7110307216644287,-0.4584178924560547,-1.1384267807006836,0.6309476494789124,1.0,1.0,512,3.427830219268799,4632.185546875,1.6376804447381527e-13,0,1.0,0.1,0.8268766403198242,1.0,5186.2373046875,105.8571979371951,0.47753843665122986,1.0,1.4142135623730951,0.06914193549246223,exact_deterministic_ggn_2b,torch.float64,6.170094275148585e-05,3.4482969817550694e-15,1.5486965012365222e-13,symmetrized_jacobi_fullfp64_chunked,1024,1.0,1e-06,paper_sgd_momentum_1e-6
14,0,-1.1275248527526855,-0.43958133459091187,-1.1297824382781982,-1.9651812314987183,0.023143433034420013,0.0,0.004000000000000001,0.6198350191116333,310.08,10.55,250,0.4742595851421356,26,0.00813867338001728,0.0012046974152326584,0.013385411351919174,0.004000000000000001,1459,5980160,22273.592992143705,5980160,1.879313588142395,0.5439178943634033,-0.11482137441635132,2.9406940937042236,-0.38758060336112976,-1.1385935544967651,0.7067877650260925,1.0,1.0,512,2.856105089187622,4305.8056640625,1.7670686752883738e-13,0,1.0,0.1,0.44199496507644653,1.0,5183.890625,130.1579161140277,0.47425955533981323,1.0,1.4142135623730951,0.07060329029614763,exact_deterministic_ggn_2b,torch.float64,2.284884249093011e-05,3.9699162626024556e-15,1.7615140126485893e-13,symmetrized_jacobi_fullfp64_chunked,1024,1.0,1e-06,paper_sgd_momentum_1e-6
