action_max,action_min,adv_avg,adv_max,adv_med,adv_min,adv_var,clipfrac,curr_lr,entropy,eplenmean,eprewmean,fps,grad_norm,joint_optimizer_state_entries,kl,loss_pi,loss_v,lr,misc/nupdates,misc/serial_timesteps,misc/time_elapsed,misc/total_timesteps,ratio_max,ratio_min,ret_avg,ret_max,ret_med,ret_min,ret_var,critic_ratio_max,critic_ratio_min,critic_rows,joint_actor_fisher_quadratic,joint_actor_raw_scale,joint_applied_solve_residual,joint_cholesky_info_max,joint_clip_scale,joint_critic_curvature_coef,joint_critic_ggn_quadratic,joint_critic_objective_coef,joint_critic_raw_scale,joint_cross_block_frobenius,joint_direction_l2,joint_finite_scan_pass,joint_jacobi_scale_max,joint_jacobi_scale_min,joint_kernel_mode,joint_linear_solve_dtype,joint_predicted_step_kl,joint_relative_solve_residual,joint_solve_residual,joint_solver_mode,joint_system_rows,optimizer_history_correction,optimizer_momentum,optimizer_momentum_semantics
14,0,-0.11277718842029572,0.004738951101899147,-0.11071057617664337,-0.25892314314842224,0.0004746032354887575,0.107421875,0.001,2.537142753601074,851.3076923076923,0.25641027,1747,0.4270646274089813,0,0.010572923347353935,-0.022502703592181206,0.00044846563832834363,0.001,9,40960,29.968447086866945,40960,1.7003391981124878,0.6472522020339966,-0.026909762993454933,0.051869653165340424,-0.030719362199306488,-0.1100233867764473,0.0004955733893439174,,,,,,,,,,,,,,,,,,,,,,,,,,,
14,0,0.07799083739519119,20.40470314025879,-0.1614367812871933,-4.362597942352295,3.08864426612854,0.572265625,0.001,2.169548511505127,816.3956043956044,0.5494506,1750,2.8493728637695312,0,0.08348089456558228,0.03773392736911774,0.35760417580604553,0.001,19,81920,54.21313734026626,81920,3.770598888397217,1.2652731129492167e-05,0.7928974032402039,32.228248596191406,0.20231646299362183,-0.17139790952205658,7.115591049194336,,,,,,,,,,,,,,,,,,,,,,,,,,,
14,0,-0.508600115776062,2.964214324951172,-0.5144087672233582,-4.392262935638428,0.3459189236164093,0.28515625,0.001,1.5532702207565308,144.43,4.0,1753,3.3205809593200684,0,0.030987175181508064,-0.026724837720394135,0.18370673060417175,0.001,29,122880,78.41563135199249,122880,2.6598167419433594,0.19177308678627014,0.8101202249526978,3.640061378479004,0.5124544501304626,-0.5111964344978333,0.9375179409980774,,,,,,,,,,,,,,,,,,,,,,,,,,,
14,0,-0.6825720071792603,1.4100100994110107,-0.6645511388778687,-2.501570224761963,0.04891303926706314,0.28515625,0.001,1.602392315864563,135.07,4.2,1725,2.2276926040649414,0,0.03417082875967026,-0.020808013156056404,0.0237395279109478,0.001,39,163840,102.8669971912168,163840,2.666860580444336,0.30464860796928406,0.08222822844982147,3.0551397800445557,-0.14956419169902802,-0.667221188545227,0.6164975166320801,,,,,,,,,,,,,,,,,,,,,,,,,,,
14,0,-0.6290123462677002,2.362887144088745,-0.6707847118377686,-1.733763575553894,0.05742920935153961,0.330078125,0.001,1.702676773071289,266.17,4.3,1738,0.7826424837112427,0,0.030601343140006065,-0.03781415894627571,0.025364859029650688,0.001,49,204800,127.0957875228487,204800,2.22957706451416,0.3435579836368561,0.1518116295337677,3.094709873199463,-0.28885480761528015,-0.6666734218597412,1.001430630683899,,,,,,,,,,,,,,,,,,,,,,,,,,,
14,0,-0.6744586825370789,0.11928465962409973,-0.6704925894737244,-1.237753987312317,0.005529024638235569,0.3359375,0.001,2.0381357669830322,385.08,2.5,1755,1.0050311088562012,0,0.03308730944991112,-0.03704012557864189,0.004618932493031025,0.001,59,245760,151.32391235418618,245760,2.557807445526123,0.44371283054351807,-0.3263131380081177,2.3109185695648193,-0.4356975853443146,-0.663192093372345,0.1562919318675995,,,,,,,,,,,,,,,,,,,,,,,,,,,
14,0,-0.6315397024154663,1.6188291311264038,-0.649673342704773,-1.2785218954086304,0.023455316200852394,0.255859375,0.001,2.250166177749634,550.51,2.7,1744,0.674892783164978,0,0.020841464400291443,-0.02284429222345352,0.004682374186813831,0.001,69,286720,175.50888243317604,286720,5.670570373535156,0.5269142389297485,-0.3301844894886017,3.494457244873047,-0.4323738217353821,-0.6473994255065918,0.23372140526771545,,,,,,,,,,,,,,,,,,,,,,,,,,,
14,0,-0.628334105014801,-0.4940304756164551,-0.624347448348999,-0.8711798787117004,0.0008999222191050649,0.427734375,0.001,2.223534107208252,635.26,1.9,1803,0.43285229802131653,0,0.03642210364341736,-0.05870616063475609,0.0011226434726268053,0.001,79,327680,199.37153299385682,327680,1.9006714820861816,0.24695584177970886,-0.46065691113471985,-0.3613753020763397,-0.4628424346446991,-0.6221714019775391,0.001010286738164723,,,,,,,,,,,,,,,,,,,,,,,,,,,
14,0,-0.6032502055168152,0.7057597041130066,-0.6147342920303345,-1.8221359252929688,0.015857474878430367,0.341796875,0.001,2.05757212638855,398.39,3.3,1804,1.0406566858291626,0,0.03711748495697975,-0.03133639693260193,0.008501153439283371,0.001,89,368640,222.62393177300692,368640,1.956151008605957,0.07037507742643356,-0.2366529256105423,3.814846992492676,-0.41821563243865967,-0.6109099984169006,0.438682496547699,,,,,,,,,,,,,,,,,,,,,,,,,,,
14,0,-0.6121519207954407,2.6194162368774414,-0.6088405847549438,-2.338078022003174,0.030759751796722412,0.33984375,0.001,1.931126594543457,459.59,3.8,1782,1.2204703092575073,0,0.03195372596383095,-0.03382791578769684,0.015340656973421574,0.001,99,409600,246.1226106369868,409600,2.3614847660064697,0.30700546503067017,-0.17683276534080505,3.899609088897705,-0.4470936954021454,-0.6065511703491211,0.7047882080078125,,,,,,,,,,,,,,,,,,,,,,,,,,,
14,0,-0.6051008701324463,2.0931646823883057,-0.6038772463798523,-1.9773420095443726,0.012812904082238674,0.36328125,0.001,1.9548046588897705,516.69,3.2,1786,0.5461920499801636,0,0.02879519574344158,-0.029222097247838974,0.0044337669387459755,0.001,109,450560,269.6717295781709,450560,1.993826150894165,0.20656637847423553,-0.23938840627670288,4.045974254608154,-0.430691123008728,-0.5985479950904846,0.23527951538562775,,,,,,,,,,,,,,,,,,,,,,,,,,,
14,0,-0.59950852394104,0.4448156952857971,-0.5885743498802185,-2.8282318115234375,0.016309987753629684,0.328125,0.001,1.8883265256881714,586.42,2.5,1804,0.5427793264389038,0,0.024780429899692535,-0.030844850465655327,0.005744090303778648,0.001,119,491520,292.977048444096,491520,2.200192451477051,0.23897917568683624,-0.2448693811893463,4.172452449798584,-0.43257901072502136,-0.5852286219596863,0.6568362712860107,,,,,,,,,,,,,,,,,,,,,,,,,,,
14,0,-0.5809983611106873,2.7981514930725098,-0.5753636956214905,-4.821400165557861,0.11382091045379639,0.0,0.00014999999999999996,1.6288280487060547,567.73,3.3,250,0.5885021686553955,26,0.108338862657547,-0.10450676083564758,0.05417492985725403,0.0001,129,532480,415.2677367152646,532480,2.311373710632324,0.10000000149011612,0.011670438572764397,4.276193618774414,-0.4236125349998474,-0.5799158811569214,1.2275861501693726,1.0,1.0,512,2.740895986557007,711.1719970703125,1.645501940990228e-13,0,0.8496145606040955,0.1,0.3864709734916687,1.0,485.3717346191406,138.3887810591247,0.5885021686553955,1.0,1.4142135621263614,0.2751624064859137,exact_deterministic_ggn_2b,torch.float64,2.2258149101617164e-08,3.526059076587926e-15,1.3528121871292495e-13,symmetrized_jacobi_fullfp64_chunked,1024,1.0,1e-06,paper_sgd_momentum_1e-6
14,0,-0.504043698310852,3.2882556915283203,-0.5415833592414856,-3.0347273349761963,0.24993157386779785,0.0,0.0005062499999999999,1.1433396339416504,142.97,5.2,250,0.5731219053268433,26,0.07645168900489807,-0.046281516551971436,0.1707741618156433,0.0003374999999999999,139,573440,579.3603076771833,573440,4.15017032623291,0.10000000149011612,0.80195552110672,4.372961044311523,-0.10004591196775436,-0.5721561312675476,2.6656243801116943,1.0,1.0,512,0.4023846387863159,1187.60546875,2.2216031439508206e-13,0,0.872414767742157,0.1,1.8497042655944824,1.0,1266.29248046875,149.26489848182132,0.5731219053268433,1.0,1.4142135623730951,0.16089990656860362,exact_deterministic_ggn_2b,torch.float64,3.924528968468621e-08,5.528702756032956e-15,1.819583166588797e-13,symmetrized_jacobi_fullfp64_chunked,1024,1.0,1e-06,paper_sgd_momentum_1e-6
14,0,-0.5509757399559021,3.007511854171753,-0.5049322843551636,-4.0949788093566895,0.3752385079860687,0.0,0.00033750000000000007,0.5929254293441772,77.46,6.4,250,0.6325159072875977,26,0.05433546006679535,-0.027519334107637405,0.33159175515174866,0.00022500000000000005,149,614400,743.2802588641644,614400,2.9795644283294678,0.10000000149011612,1.996708869934082,3.6967101097106934,2.138697862625122,-0.6052550077438354,1.5096327066421509,1.0,1.0,512,0.40824878215789795,1630.353759765625,3.405573390907441e-13,0,0.790493905544281,0.1,1.6821210384368896,1.0,2426.279296875,299.7147383367714,0.6325159668922424,1.0,1.4142135623730951,0.1262511452131607,exact_deterministic_ggn_2b,torch.float64,1.4529127234652606e-08,7.072675390798396e-15,3.12890886095791e-13,symmetrized_jacobi_fullfp64_chunked,1024,1.0,1e-06,paper_sgd_momentum_1e-6
14,0,-0.6907908320426941,1.039738416671753,-0.6068326830863953,-3.6195149421691895,0.307443767786026,0.0,0.002562890625,0.42457258701324463,78.0,7.4,250,0.6007660627365112,26,0.06920826435089111,-0.030703969299793243,0.26618343591690063,0.00170859375,159,655360,907.4707286749035,655360,4.380049228668213,0.10000000149011612,1.9650297164916992,3.042213201522827,2.2792863845825195,-0.6503267884254456,0.9275404214859009,1.0,1.0,512,0.6983470916748047,1972.9637451171875,3.8877001258140674e-13,0,0.832270622253418,0.1,2.737295150756836,1.0,3586.9912109375,304.39849623198,0.600766122341156,1.0,1.4142135623730951,0.09335724647552933,exact_deterministic_ggn_2b,torch.float64,1.5886587334534852e-06,8.062149623444852e-15,3.4888960940622235e-13,symmetrized_jacobi_fullfp64_chunked,1024,1.0,1e-06,paper_sgd_momentum_1e-6
14,0,-0.6708464622497559,1.5692332983016968,-0.6427754163742065,-3.4198782444000244,0.14114868640899658,0.0,0.0005062500000000001,0.3374643921852112,89.02,8.3,250,0.5531823039054871,26,0.07446104288101196,-0.013189878314733505,0.11450020968914032,0.00033750000000000007,169,696320,1071.713669570163,696320,10.0,0.10000000149011612,1.943946123123169,2.618374824523926,2.0672147274017334,-0.6968159675598145,0.41111356019973755,1.0,1.0,512,1.5196189880371094,2848.092529296875,3.644604667713823e-13,0,0.9038611650466919,0.1,6.503765106201172,1.0,5682.9560546875,240.72512212272218,0.5531823039054871,1.0,1.4142135623730951,0.047718561039393904,exact_deterministic_ggn_2b,torch.float64,1.5908831585420558e-07,7.882170166876902e-15,3.5157558663438924e-13,symmetrized_jacobi_fullfp64_chunked,1024,1.0,1e-06,paper_sgd_momentum_1e-6
14,0,-0.7162008285522461,0.37614792585372925,-0.7688983082771301,-1.4588265419006348,0.03265108913183212,0.0,0.00015000000000000004,0.343544065952301,77.8,8.7,250,0.5403096079826355,26,0.08187239617109299,-0.002309326082468033,0.019460566341876984,0.00010000000000000003,179,737280,1236.200115297921,737280,5.566971778869629,0.10000000149011612,1.4954521656036377,2.3604941368103027,1.2277356386184692,0.27414077520370483,0.27610844373703003,1.0,1.0,512,3.4351296424865723,4733.90380859375,7.336990681143854e-13,0,0.9253953695297241,0.1,9.928323745727539,1.0,8292.958984375,376.9656129151076,0.5403096079826355,1.0,1.4142135623730951,0.0327639631270675,exact_deterministic_ggn_2b,torch.float64,3.309407858864688e-08,1.3661043955718241e-14,6.79276586342425e-13,symmetrized_jacobi_fullfp64_chunked,1024,1.0,1e-06,paper_sgd_momentum_1e-6
14,0,-0.7729775905609131,0.21589063107967377,-0.7890666723251343,-3.1405296325683594,0.046847593039274216,0.0,0.00010000000000000003,0.3142508864402771,81.34,8.4,250,0.48499736189842224,26,0.08608116209506989,-0.03583066165447235,0.028611570596694946,0.0001,189,778240,1400.7528823032044,778240,2.415407180786133,0.16191890835762024,1.5514682531356812,2.2712719440460205,1.4700957536697388,-0.7951741218566895,0.20094332098960876,1.0,1.0,512,17.240318298339844,3458.7626953125,6.710984613450327e-13,0,1.0,0.1,5.426361560821533,1.0,6946.07568359375,298.0137674643412,0.48499736189842224,1.0,1.4142135623730951,0.06398966941963838,exact_deterministic_ggn_2b,torch.float64,8.620158098437969e-08,6.783561625273534e-15,5.670834252236602e-13,symmetrized_jacobi_fullfp64_chunked,1024,1.0,1e-06,paper_sgd_momentum_1e-6
14,0,-0.8390428423881531,-0.045362964272499084,-0.8760647177696228,-2.9665675163269043,0.02569616213440895,0.0,0.0001,0.24900442361831665,76.81,9.0,249,0.45018747448921204,26,0.14103874564170837,-0.06686700135469437,0.020003415644168854,0.0001,199,819200,1565.185607357882,819200,10.0,0.10000000149011612,1.2953026294708252,2.0270819664001465,1.3162100315093994,-0.8399541974067688,0.1279696822166443,1.0,1.0,512,40.19875717163086,3924.20263671875,4.712717894533742e-13,0,1.0,0.1,3.212136745452881,1.0,8466.2587890625,346.33448517883437,0.45018747448921204,1.0,1.4142135623730951,0.04404238681806286,exact_deterministic_ggn_2b,torch.float64,2.0099376740745356e-07,3.2203915971595197e-15,3.7541613837618387e-13,symmetrized_jacobi_fullfp64_chunked,1024,1.0,1e-06,paper_sgd_momentum_1e-6
14,0,-0.8621786832809448,0.18992161750793457,-0.8992448449134827,-3.044684410095215,0.05880110338330269,0.0,0.0001,0.3033669590950012,80.29,8.8,250,0.5085033774375916,26,0.13572970032691956,-0.07197950780391693,0.04047957435250282,0.0001,209,860160,1729.694444685243,860160,4.953846454620361,0.10000000149011612,1.4246701002120972,1.9099236726760864,1.4581581354141235,-0.8829646706581116,0.1759282350540161,1.0,1.0,512,31.595203399658203,3493.127197265625,5.135920281660907e-13,0,0.9832776188850403,0.1,7.529252052307129,1.0,7815.94189453125,230.7850162418007,0.5085033774375916,1.0,1.4142135623730951,0.06871509379577607,exact_deterministic_ggn_2b,torch.float64,1.5273670328497246e-07,3.94011061596932e-15,3.836686373943704e-13,symmetrized_jacobi_fullfp64_chunked,1024,1.0,1e-06,paper_sgd_momentum_1e-6
14,0,-0.9692612290382385,1.4765492677688599,-0.9140238165855408,-3.376289129257202,0.18253415822982788,0.0,0.0001,0.3945363759994507,89.48,7.7,250,0.5287894010543823,26,0.07921186834573746,-0.06614252924919128,0.15149185061454773,0.0001,219,901120,1894.0063185431063,901120,5.5063323974609375,0.10000000149011612,1.100653886795044,2.106252670288086,1.343468427658081,-0.9219169020652771,0.4306216239929199,1.0,1.0,512,6.1240692138671875,4508.9921875,8.742000672060497e-13,0,0.945556104183197,0.1,2.8943424224853516,1.0,6558.4677734375,269.7626196568602,0.5287893414497375,1.0,1.4142135623730951,0.04751497910210839,exact_deterministic_ggn_2b,torch.float64,2.7376927391742356e-08,1.2789737538695634e-14,7.703938619202506e-13,symmetrized_jacobi_fullfp64_chunked,1024,1.0,1e-06,paper_sgd_momentum_1e-6
14,0,-0.9959675073623657,-0.004532711114734411,-0.9320324063301086,-3.285698890686035,0.13535061478614807,0.0,0.00015000000000000004,0.24707987904548645,76.76,8.4,251,0.5003710985183716,26,0.18334627151489258,-0.06720563769340515,0.09712699800729752,0.00010000000000000003,229,942080,2058.358658547979,942080,3.1606762409210205,0.10000000149011612,1.2052197456359863,1.7926300764083862,1.3499188423156738,-0.9610517024993896,0.29129505157470703,1.0,1.0,512,16.2891788482666,5105.359375,5.318268137804949e-13,0,0.9992582201957703,0.1,3.652493476867676,1.0,7405.78271484375,305.2080069493981,0.5003711581230164,1.0,1.4142135623730951,0.08395695029658362,exact_deterministic_ggn_2b,torch.float64,1.8298150905593502e-07,5.40801169777697e-15,4.58586273991198e-13,symmetrized_jacobi_fullfp64_chunked,1024,1.0,1e-06,paper_sgd_momentum_1e-6
14,0,-0.9570070505142212,-0.31745418906211853,-0.9659720659255981,-2.6668457984924316,0.030830685049295425,0.0,0.0001,0.20776580274105072,73.58,9.7,251,0.46278116106987,26,0.08445654809474945,0.02450881153345108,0.0342346616089344,0.0001,239,983040,2221.989827304147,983040,10.0,0.10000000149011612,1.3012168407440186,1.617316484451294,1.3876516819000244,-0.9984918236732483,0.10956475138664246,1.0,1.0,512,22.854541778564453,5623.1787109375,1.0988591580138382e-12,0,1.0,0.1,34.595306396484375,1.0,10659.5166015625,339.3913616289144,0.4627811312675476,1.0,1.4142135623730951,0.02917090845852152,exact_deterministic_ggn_2b,torch.float64,1.142727015235323e-07,9.155355227074649e-15,2.1300422296581636e-12,symmetrized_jacobi_fullfp64_chunked,1024,1.0,1e-06,paper_sgd_momentum_1e-6
14,2,-1.037074327468872,-0.11574425548315048,-1.049148678779602,-2.916019916534424,0.039939846843481064,0.0,0.00010000000000000003,0.23303362727165222,96.05,9.3,250,0.5142262578010559,26,0.08762932568788528,-0.04228246957063675,0.037421710789203644,0.0001,249,1024000,2385.796809107065,1024000,10.0,0.10000000149011612,1.2459051609039307,1.6254291534423828,1.3175877332687378,-1.0351974964141846,0.0912967100739479,1.0,1.0,512,18.601478576660156,3955.473388671875,5.581421500737989e-13,0,0.972334623336792,0.1,82.37041473388672,1.0,12267.16796875,246.89689624606697,0.5142262578010559,1.0,1.4142135623730951,0.04483508267559126,exact_deterministic_ggn_2b,torch.float64,8.793240624527243e-08,4.6473176222099855e-15,5.031495406685177e-13,symmetrized_jacobi_fullfp64_chunked,1024,1.0,1e-06,paper_sgd_momentum_1e-6
14,0,-1.0475062131881714,1.0678797960281372,-1.087659478187561,-1.7705329656600952,0.019062116742134094,0.0,0.0001,0.3329123258590698,108.39,9.3,250,0.537572979927063,26,0.16929753124713898,-0.05728507786989212,0.01290145330131054,0.0001,259,1064960,2550.0557356569916,1064960,4.977325439453125,0.10000000149011612,1.027483344078064,1.4799690246582031,1.0917248725891113,0.3706852197647095,0.09902870655059814,1.0,1.0,512,61.759361267089844,10973.537109375,1.0042802321544834e-12,0,0.9301064014434814,0.1,16.686172485351562,1.0,12418.416015625,443.9820406554139,0.5375729203224182,1.0,1.4142135623730951,0.04024339940034506,exact_deterministic_ggn_2b,torch.float64,2.6713948386714037e-07,5.522752074568617e-15,8.086916249387113e-13,symmetrized_jacobi_fullfp64_chunked,1024,1.0,1e-06,paper_sgd_momentum_1e-6
14,3,-1.1259167194366455,-0.4633088707923889,-1.0892988443374634,-3.400590658187866,0.06615348905324936,0.0,0.0001,0.12825244665145874,78.59,9.2,250,0.4334125220775604,26,0.10326973348855972,-0.03355363383889198,0.06544382125139236,0.0001,269,1105920,2714.2695388309658,1105920,4.048394680023193,0.10000000149011612,1.1633055210113525,1.5157264471054077,1.2089537382125854,-1.105666995048523,0.10012979805469513,1.0,1.0,512,28.067481994628906,9646.6376953125,1.0088092561838702e-12,0,1.0,0.1,17.77167320251465,1.0,17922.93359375,370.1528201258406,0.4334125518798828,1.0,1.4142135623730951,0.04290102211787365,exact_deterministic_ggn_2b,torch.float64,1.4033739148544555e-07,7.928564363003244e-15,9.52743776770999e-13,symmetrized_jacobi_fullfp64_chunked,1024,1.0,1e-06,paper_sgd_momentum_1e-6
14,2,-1.1046597957611084,0.5669770240783691,-1.1079844236373901,-3.758633613586426,0.041235797107219696,0.0,0.00010000000000000003,0.24851743876934052,93.85,9.5,250,0.4994395971298218,26,0.07435745000839233,-0.007870204746723175,0.04707949608564377,0.0001,279,1146880,2878.620292583946,1146880,10.0,0.10000000149011612,0.8944306969642639,1.3819621801376343,0.9438220262527466,-1.1390470266342163,0.10379837453365326,1.0,1.0,512,7.447121620178223,6338.44921875,6.496938291987294e-13,0,1.0,0.1,159.35101318359375,1.0,12693.3662109375,355.2013096694683,0.4994395971298218,1.0,1.4142135623730951,0.027071488212698617,exact_deterministic_ggn_2b,torch.float64,3.723560482171706e-08,5.774425050418356e-15,5.46096700121179e-13,symmetrized_jacobi_fullfp64_chunked,1024,1.0,1e-06,paper_sgd_momentum_1e-6
14,2,-1.1809940338134766,0.23152080178260803,-1.121552586555481,-3.6210622787475586,0.10596028715372086,0.0,0.00022500000000000005,0.18800199031829834,81.48,8.6,250,0.4911107122898102,26,0.117171511054039,-0.04884370416402817,0.07740401476621628,0.00015000000000000004,289,1187840,3042.892902392894,1187840,6.914617538452148,0.10000000149011612,0.9302277565002441,1.6539405584335327,1.0319961309432983,-1.1713260412216187,0.19868473708629608,1.0,1.0,512,5.303716659545898,6970.1552734375,7.373282082802904e-13,0,1.0,0.1,5.690774917602539,1.0,12038.533203125,326.6161905852107,0.4911106824874878,1.0,1.4142135623730951,0.03994204269687373,exact_deterministic_ggn_2b,torch.float64,1.3425032818759064e-07,1.1853034898134708e-14,6.96203110433376e-13,symmetrized_jacobi_fullfp64_chunked,1024,1.0,1e-06,paper_sgd_momentum_1e-6
14,0,-1.1968634128570557,-0.4818531274795532,-1.1686365604400635,-3.743145704269409,0.08878130465745926,0.0,0.00033750000000000007,0.18164581060409546,95.35,9.3,250,0.42999011278152466,26,0.10520525276660919,-0.03128260374069214,0.056817516684532166,0.00022500000000000005,299,1228800,3207.218748222105,1228800,5.926011562347412,0.10000000149011612,0.8829891681671143,1.333280324935913,1.0108319520950317,-1.2025314569473267,0.191555455327034,1.0,1.0,512,3.697258949279785,5116.6796875,7.88831655149834e-13,0,1.0,0.1,7.936827659606934,1.0,12816.6669921875,255.80031107412137,0.42999008297920227,1.0,1.4142135623730951,0.0467729004067262,exact_deterministic_ggn_2b,torch.float64,2.105704624000282e-07,1.438638481370541e-14,7.777782701700816e-13,symmetrized_jacobi_fullfp64_chunked,1024,1.0,1e-06,paper_sgd_momentum_1e-6
14,2,-1.2500437498092651,-0.7404430508613586,-1.1994587182998657,-3.4652059078216553,0.07955970615148544,0.0,0.00033750000000000007,0.1250326931476593,75.03,8.6,250,0.45662710070610046,26,0.07939273118972778,-0.06689701229333878,0.06762219965457916,0.00022500000000000005,309,1269760,3371.523307634983,1269760,10.0,0.10000000149011612,0.9241366386413574,1.4853949546813965,1.0535598993301392,-1.2324272394180298,0.1888098120689392,1.0,1.0,512,7.529372692108154,7620.3642578125,9.465894309907776e-13,0,1.0,0.1,7.290982246398926,1.0,16788.345703125,461.50601564113407,0.45662713050842285,1.0,1.4142135623730951,0.04778600793196778,exact_deterministic_ggn_2b,torch.float64,4.2882132333943446e-07,1.3408934092574134e-14,9.096240610543052e-13,symmetrized_jacobi_fullfp64_chunked,1024,1.0,1e-06,paper_sgd_momentum_1e-6
14,0,-1.2402117252349854,0.3621182441711426,-1.2092117071151733,-3.4867310523986816,0.07077645510435104,0.0,0.00022500000000000005,0.22548651695251465,75.58,9.1,249,0.45281630754470825,26,0.12523558735847473,-0.025939583778381348,0.05945080518722534,0.00015000000000000004,319,1310720,3535.696254101116,1310720,4.206530570983887,0.10000000149011612,0.8789224624633789,1.4892578125,1.0275224447250366,-1.2611110210418701,0.18999166786670685,1.0,1.0,512,8.699066162109375,6580.83154296875,8.935926338993872e-13,0,1.0,0.1,13.311273574829102,1.0,14772.439453125,271.29283967753935,0.45281633734703064,1.0,1.4142135623730951,0.05772841006015544,exact_deterministic_ggn_2b,torch.float64,2.201951048164119e-07,1.1591118054815655e-14,7.401546208448884e-13,symmetrized_jacobi_fullfp64_chunked,1024,1.0,1e-06,paper_sgd_momentum_1e-6
14,1,-1.2107136249542236,-0.33177077770233154,-1.2173593044281006,-1.6681244373321533,0.020230866968631744,0.0,0.00015000000000000004,0.17093877494335175,88.14,9.8,249,0.49972790479660034,26,0.09368328005075455,0.051290228962898254,0.021855667233467102,0.00010000000000000003,329,1351680,3700.0170866702683,1351680,10.0,0.10000000149011612,1.0082402229309082,1.3019953966140747,1.0838383436203003,0.11050184071063995,0.059886205941438675,1.0,1.0,512,5.669990539550781,6593.23583984375,1.3679517747238863e-12,0,1.0,0.1,121.90113067626953,1.0,17783.740234375,266.53830475378425,0.49972787499427795,1.0,1.4142135623730951,0.043086727765419615,exact_deterministic_ggn_2b,torch.float64,6.378739669798961e-08,1.365972128875886e-14,9.908927970588285e-13,symmetrized_jacobi_fullfp64_chunked,1024,1.0,1e-06,paper_sgd_momentum_1e-6
14,2,-1.307332158088684,-0.46574875712394714,-1.3060394525527954,-3.542692184448242,0.04191824793815613,0.0,0.00015000000000000004,0.3046621084213257,92.06,9.0,250,0.5346458554267883,26,0.0886421650648117,-0.05034922435879707,0.03260217607021332,0.00010000000000000003,339,1392640,3864.116509195883,1392640,6.372148036956787,0.10000000149011612,0.9215958118438721,1.4553889036178589,1.0231961011886597,-1.3159079551696777,0.12598560750484467,1.0,1.0,512,12.689577102661133,4332.8818359375,6.486562015902344e-13,0,0.9351984858512878,0.1,4.814587593078613,1.0,9787.3828125,243.5592845706197,0.5346458554267883,1.0,1.4142135623730951,0.05336068064145454,exact_deterministic_ggn_2b,torch.float64,1.2485539002682344e-07,7.44582052056507e-15,4.939146690494099e-13,symmetrized_jacobi_fullfp64_chunked,1024,1.0,1e-06,paper_sgd_momentum_1e-6
14,3,-1.3002140522003174,-0.43950018286705017,-1.2843204736709595,-3.2458648681640625,0.04585583135485649,0.0,0.00033750000000000007,0.16769066452980042,86.25,9.5,250,0.42135536670684814,26,0.12770608067512512,-0.024986298754811287,0.04233039170503616,0.00022500000000000005,349,1433600,4030.4143384061754,1433600,4.105773448944092,0.10000000149011612,0.9162819385528564,1.4829368591308594,1.0129474401474,-1.3433387279510498,0.09805520623922348,1.0,1.0,512,13.173377990722656,8205.404296875,1.090613482176778e-12,0,1.0,0.1,9.611029624938965,1.0,18216.171875,276.67935899673137,0.42135539650917053,1.0,1.4142135623730951,0.08257545610038589,exact_deterministic_ggn_2b,torch.float64,7.502650873902894e-07,1.2447584425779537e-14,9.22026712902854e-13,symmetrized_jacobi_fullfp64_chunked,1024,1.0,1e-06,paper_sgd_momentum_1e-6
14,3,-1.4215710163116455,0.050341084599494934,-1.3848931789398193,-3.3656485080718994,0.08169204741716385,0.0,0.00010000000000000003,0.12928664684295654,83.42,8.8,251,0.4944181740283966,26,0.07438552379608154,0.02099182829260826,0.05459980666637421,0.0001,359,1474560,4194.127556606196,1474560,7.015738010406494,0.10000000149011612,0.8622190952301025,1.339494228363037,1.0197029113769531,-1.3701127767562866,0.15867656469345093,1.0,1.0,512,6.9365434646606445,4998.0390625,1.6916861841395316e-12,0,1.0,0.1,4.781024932861328,1.0,16149.888671875,290.06938309561315,0.4944181740283966,1.0,1.4142135623730951,0.06821996327254164,exact_deterministic_ggn_2b,torch.float64,3.468271358997299e-08,2.4685364951589905e-14,1.0299295409563921e-12,symmetrized_jacobi_fullfp64_chunked,1024,1.0,1e-06,paper_sgd_momentum_1e-6
14,3,-1.425511121749878,-0.7780649662017822,-1.3991427421569824,-3.876079797744751,0.05257194861769676,0.0,0.00033750000000000007,0.21032346785068512,82.79,9.5,251,0.48990437388420105,26,0.0936400443315506,-0.03395814448595047,0.027939481660723686,0.00022500000000000005,369,1515520,4357.87823851686,1515520,2.616159200668335,0.10000000149011612,0.9611538648605347,1.4852793216705322,1.0731348991394043,-1.396518349647522,0.09712190926074982,1.0,1.0,512,5.9654693603515625,7562.8271484375,9.95573293837191e-13,0,1.0,0.1,64.10661315917969,1.0,17902.36328125,335.1736002895866,0.48990437388420105,1.0,1.4142135623730951,0.054115934657145995,exact_deterministic_ggn_2b,torch.float64,3.3975211977121944e-07,1.1946624112429893e-14,9.039577621786278e-13,symmetrized_jacobi_fullfp64_chunked,1024,1.0,1e-06,paper_sgd_momentum_1e-6
14,3,-1.469840168952942,-0.45300161838531494,-1.4576767683029175,-3.2484424114227295,0.04213764891028404,0.0,0.00033750000000000007,0.10520914196968079,81.62,8.5,250,0.4854602515697479,26,0.05540023744106293,-0.06970830261707306,0.03728365898132324,0.00022500000000000005,379,1556480,4521.800228387117,1556480,10.0,0.10000000149011612,0.5937103033065796,1.2463438510894775,0.46676504611968994,-1.421985149383545,0.13243478536605835,1.0,1.0,512,10.738311767578125,2785.53955078125,4.401633227309732e-13,0,1.0,0.1,79.76823425292969,1.0,12273.5263671875,177.3339451943426,0.4854602813720703,1.0,1.4142135623730951,0.034740137169431834,exact_deterministic_ggn_2b,torch.float64,6.115804467299313e-07,4.339050603874711e-15,4.2976332234309257e-13,symmetrized_jacobi_fullfp64_chunked,1024,1.0,1e-06,paper_sgd_momentum_1e-6
14,2,-1.396551251411438,0.05331433564424515,-1.3659093379974365,-3.6691641807556152,0.08210494369268417,0.0,0.00015000000000000004,0.2268439531326294,69.77,8.7,251,0.49432259798049927,26,0.13003499805927277,-0.017573701217770576,0.06907694041728973,0.00010000000000000003,389,1597440,4685.602400904056,1597440,3.957782745361328,0.10000000149011612,0.6814278364181519,1.1518841981887817,0.790570080280304,-1.4453834295272827,0.22866658866405487,1.0,1.0,512,4.7095627784729,6036.67041015625,7.994741310604398e-13,0,1.0,0.1,6.101074695587158,1.0,14763.7080078125,280.0359335320028,0.4943225681781769,1.0,1.4142135623730951,0.06553942525051994,exact_deterministic_ggn_2b,torch.float64,5.2982585430072504e-08,1.3306808998280928e-14,7.426049662493913e-13,symmetrized_jacobi_fullfp64_chunked,1024,1.0,1e-06,paper_sgd_momentum_1e-6
14,0,-1.466446876525879,-0.3319632411003113,-1.451159119606018,-3.5843193531036377,0.0515325628221035,0.0,0.00015000000000000004,0.21045854687690735,63.25,9.2,250,0.4566144645214081,26,0.06826481223106384,-0.018865326419472694,0.055795684456825256,0.00010000000000000003,399,1638400,4849.648663857952,1638400,3.1037521362304688,0.10000000149011612,0.8656352758407593,1.1536495685577393,0.9902175664901733,-1.4688931703567505,0.13197608292102814,1.0,1.0,512,6.729731559753418,3869.89111328125,5.706541287698096e-13,0,1.0,0.1,10.2860689163208,1.0,12463.212890625,212.5272064512639,0.4566144645214081,1.0,1.4142135623730951,0.07662813036812129,exact_deterministic_ggn_2b,torch.float64,7.570948667989796e-08,8.285113532275347e-15,4.867017999790539e-13,symmetrized_jacobi_fullfp64_chunked,1024,1.0,1e-06,paper_sgd_momentum_1e-6
14,1,-1.495258092880249,-0.5350873470306396,-1.4664939641952515,-3.682523488998413,0.0669492557644844,0.0,0.00022500000000000005,0.24441087245941162,85.39,9.3,249,0.5195788145065308,26,0.1112680435180664,-0.021875988692045212,0.05695141851902008,0.00015000000000000004,409,1679360,5014.167525376193,1679360,8.352827072143555,0.10000000149011612,0.7188699245452881,1.1049070358276367,0.8293536305427551,-1.4926490783691406,0.1691448837518692,1.0,1.0,512,6.551587104797363,7160.30517578125,8.304010790759751e-13,0,0.9623178839683533,0.1,10.898675918579102,1.0,14347.876953125,335.30787233871735,0.5195788145065308,1.0,1.4142135623730951,0.05875675807885988,exact_deterministic_ggn_2b,torch.float64,1.5357434790530533e-07,1.1925158464876547e-14,7.458984257197986e-13,symmetrized_jacobi_fullfp64_chunked,1024,1.0,1e-06,paper_sgd_momentum_1e-6
14,1,-1.5292702913284302,-0.8979769945144653,-1.4935715198516846,-3.9109535217285156,0.07568448036909103,0.0,0.00022500000000000005,0.21534360945224762,69.21,9.0,250,0.5205974578857422,26,0.06076133996248245,0.017544910311698914,0.061879388988018036,0.00015000000000000004,419,1720320,5178.331571619958,1720320,3.87214732170105,0.10000000149011612,0.7764777541160583,1.1596736907958984,0.9162989854812622,-1.51604425907135,0.15865610539913177,1.0,1.0,512,3.200195550918579,5693.9443359375,1.1405904717135274e-12,0,0.9604349732398987,0.1,7.5633158683776855,1.0,14853.923828125,291.41786350367596,0.5205974578857422,1.0,1.4142135623730951,0.06013493949101428,exact_deterministic_ggn_2b,torch.float64,7.472182517176407e-08,2.1109783746893122e-14,8.928135263814067e-13,symmetrized_jacobi_fullfp64_chunked,1024,1.0,1e-06,paper_sgd_momentum_1e-6
14,0,-1.5035748481750488,-0.6247336268424988,-1.493012547492981,-4.1200642585754395,0.056038208305835724,0.0,0.00033750000000000007,0.24235035479068756,72.68,9.3,250,0.4424554109573364,26,0.05260862037539482,-0.004821186885237694,0.040118176490068436,0.00022500000000000005,429,1761280,5342.357660906855,1761280,2.9815025329589844,0.12215008586645126,0.7658236622810364,1.2258020639419556,0.9049932956695557,-1.5380226373672485,0.17742039263248444,1.0,1.0,512,2.119476795196533,4782.47021484375,5.711199101825606e-13,0,1.0,0.1,14.325892448425293,1.0,13017.357421875,262.27045809349016,0.44245538115501404,1.0,1.4142135623730951,0.08099073245983687,exact_deterministic_ggn_2b,torch.float64,1.2071083688169892e-07,1.1374714941240217e-14,5.388380480599859e-13,symmetrized_jacobi_fullfp64_chunked,1024,1.0,1e-06,paper_sgd_momentum_1e-6
14,2,-1.6173181533813477,-1.0950590372085571,-1.5506855249404907,-3.942697525024414,0.11135805398225784,0.0,0.00022500000000000005,0.23287349939346313,65.11,8.8,251,0.6042018532752991,26,0.1290101706981659,-0.021018389612436295,0.08335991203784943,0.00015000000000000004,439,1802240,5506.356953909155,1802240,6.170610427856445,0.10000000149011612,0.7549930810928345,1.1081383228302002,0.8910701870918274,-1.5600835084915161,0.18511594831943512,1.0,1.0,512,10.404535293579102,6999.4677734375,1.0158603063532195e-12,0,0.827538013458252,0.1,17.08342933654785,1.0,15464.841796875,374.67215406678093,0.6042018532752991,1.0,1.4142135623730951,0.08506912484503511,exact_deterministic_ggn_2b,torch.float64,1.8035724735909753e-07,1.2035200819072152e-14,9.279400918586017e-13,symmetrized_jacobi_fullfp64_chunked,1024,1.0,1e-06,paper_sgd_momentum_1e-6
14,2,-1.56765878200531,-0.08391467481851578,-1.5588663816452026,-3.7477080821990967,0.04659324139356613,0.0,0.00015000000000000004,0.20022107660770416,86.51,9.5,250,0.5213619470596313,26,0.07787036895751953,-0.038852594792842865,0.06127433478832245,0.00010000000000000003,449,1843200,5670.4002944971435,1843200,8.394633293151855,0.10000000149011612,0.679652988910675,1.1682775020599365,0.7431470155715942,-1.5824981927871704,0.13753929734230042,1.0,1.0,512,4.907580852508545,5607.0068359375,8.752761518637589e-13,0,0.9590265154838562,0.1,38.750709533691406,1.0,15380.966796875,276.28752215021626,0.5213620066642761,1.0,1.4142135623730951,0.030068214374333425,exact_deterministic_ggn_2b,torch.float64,5.077866660485597e-08,1.209994478820489e-14,8.515624249014058e-13,symmetrized_jacobi_fullfp64_chunked,1024,1.0,1e-06,paper_sgd_momentum_1e-6
14,3,-1.649368405342102,-0.7298609018325806,-1.5978832244873047,-4.030871868133545,0.08740028738975525,0.0,0.00022500000000000005,0.2290133386850357,64.73,8.8,250,0.5051847696304321,26,0.10868753492832184,-0.06376239657402039,0.06009328365325928,0.00015000000000000004,459,1884160,5834.947497550864,1884160,10.0,0.10000000149011612,0.748181164264679,1.100325107574463,0.8799293041229248,-1.6041113138198853,0.2241429090499878,1.0,1.0,512,10.722153663635254,6263.7265625,7.721879679448735e-13,0,0.989736795425415,0.1,5.705690383911133,1.0,15520.6953125,315.8132921484661,0.5051848292350769,1.0,1.4142135623730951,0.04500924349088564,exact_deterministic_ggn_2b,torch.float64,2.658621269802097e-07,9.47910883530385e-15,7.393070485249783e-13,symmetrized_jacobi_fullfp64_chunked,1024,1.0,1e-06,paper_sgd_momentum_1e-6
14,3,-1.6681690216064453,-0.3572411835193634,-1.6125160455703735,-4.045871257781982,0.08975937962532043,0.0,0.00022500000000000005,0.21348384022712708,64.52,8.9,250,0.48331400752067566,26,0.13201774656772614,-0.06273536384105682,0.0442093163728714,0.00015000000000000004,469,1925120,5999.357648493256,1925120,10.0,0.10000000149011612,0.7788650989532471,1.059524416923523,0.914553701877594,-1.6252354383468628,0.19119945168495178,1.0,1.0,512,37.220458984375,6626.96484375,7.406471457587568e-13,0,1.0,0.1,3.0905520915985107,1.0,17588.73046875,277.73878420185713,0.48331400752067566,1.0,1.4142135623730951,0.037110242277532415,exact_deterministic_ggn_2b,torch.float64,9.42142833082471e-07,5.279932881417242e-15,6.10145007515687e-13,symmetrized_jacobi_fullfp64_chunked,1024,1.0,1e-06,paper_sgd_momentum_1e-6
14,0,-1.6620444059371948,-0.4547553062438965,-1.6422185897827148,-3.935305595397949,0.0754687562584877,0.0,0.00022500000000000005,0.2810102701187134,74.95,8.8,250,0.41466695070266724,26,0.07994269579648972,-0.02941763587296009,0.033410124480724335,0.00015000000000000004,479,1966080,6163.94375494495,1966080,2.247875690460205,0.10000000149011612,0.5706181526184082,1.0589543581008911,0.7746225595474243,-1.643975019454956,0.26605379581451416,1.0,1.0,512,9.745481491088867,5964.009765625,6.337605163940265e-13,0,1.0,0.1,2.49145245552063,1.0,17343.396484375,223.97046307616452,0.41466695070266724,1.0,1.4142135623730951,0.0655885521320069,exact_deterministic_ggn_2b,torch.float64,2.4668247533554677e-07,8.275775906403762e-15,5.781737859034964e-13,symmetrized_jacobi_fullfp64_chunked,1024,1.0,1e-06,paper_sgd_momentum_1e-6
14,0,-1.6640589237213135,-0.797301709651947,-1.6154052019119263,-4.038869857788086,0.08918626606464386,0.0,0.00033750000000000007,0.20241424441337585,84.28,9.0,250,0.47576379776000977,26,0.11843942105770111,-0.055838149040937424,0.07894705981016159,0.00022500000000000005,489,2007040,6328.482059995178,2007040,4.952008247375488,0.10000000149011612,0.6157443523406982,1.1432077884674072,0.7024375796318054,-1.6627192497253418,0.16954933106899261,1.0,1.0,512,9.006051063537598,8629.251953125,1.5767769279283083e-12,0,1.0,0.1,7.716838836669922,1.0,19270.916015625,295.19767353380195,0.47576379776000977,1.0,1.4142135623730951,0.04182459279767096,exact_deterministic_ggn_2b,torch.float64,5.129227815814374e-07,2.076743318458973e-14,1.3666706104052354e-12,symmetrized_jacobi_fullfp64_chunked,1024,1.0,1e-06,paper_sgd_momentum_1e-6
14,0,-1.6522841453552246,-0.9488100409507751,-1.6258668899536133,-3.9131829738616943,0.06780082732439041,0.0,0.00033750000000000007,0.2063104212284088,72.79,9.4,249,0.49012935161590576,26,0.11570748686790466,0.021406274288892746,0.03798333555459976,0.00022500000000000005,499,2048000,6493.00267477287,2048000,4.396530628204346,0.10000000149011612,0.6414644718170166,1.0030641555786133,0.7484419941902161,-1.6823959350585938,0.16065751016139984,1.0,1.0,512,3.90573787689209,8573.3359375,5.938744436804868e-13,0,1.0,0.1,7.491650581359863,1.0,14517.31640625,390.55280302794944,0.49012935161590576,1.0,1.4142135623730951,0.05111094008368224,exact_deterministic_ggn_2b,torch.float64,2.2244398678594735e-07,1.0666018473953423e-14,5.295884427115729e-13,symmetrized_jacobi_fullfp64_chunked,1024,1.0,1e-06,paper_sgd_momentum_1e-6
14,0,-1.669355869293213,0.031506557017564774,-1.662315845489502,-4.256081581115723,0.08740946650505066,0.0,0.00022500000000000005,0.24397720396518707,86.68,8.5,249,0.4412197768688202,26,0.12162932008504868,-0.03459221124649048,0.07769952714443207,0.00015000000000000004,509,2088960,6657.821745581925,2088960,3.2063469886779785,0.10000000149011612,0.5515614748001099,1.101322054862976,0.612082839012146,-1.7007696628570557,0.18047936260700226,1.0,1.0,512,13.611137390136719,10003.40234375,1.339738507689447e-12,0,1.0,0.1,6.422950744628906,1.0,16178.1181640625,414.6664533479286,0.4412197768688202,1.0,1.4142135623730951,0.07227602363457938,exact_deterministic_ggn_2b,torch.float64,3.445319123329682e-07,1.478235283468508e-14,1.1282644948285412e-12,symmetrized_jacobi_fullfp64_chunked,1024,1.0,1e-06,paper_sgd_momentum_1e-6
14,0,-1.7420334815979004,-0.684734046459198,-1.6988826990127563,-4.279741287231445,0.09080521017313004,0.0,0.00015000000000000004,0.19861799478530884,77.12,8.8,249,0.5560380816459656,26,0.06905920803546906,0.0008281944319605827,0.06309951841831207,0.00010000000000000003,519,2129920,6822.719263907988,2129920,7.429633140563965,0.10000000149011612,0.6106001734733582,0.9921078681945801,0.7078121900558472,-1.7196415662765503,0.1893606185913086,1.0,1.0,512,5.377846717834473,6665.5732421875,1.5447171081253397e-12,0,0.8992189764976501,0.1,15.724090576171875,1.0,17128.50390625,447.90966345087594,0.5560380816459656,1.0,1.4142135623730951,0.047109094801763174,exact_deterministic_ggn_2b,torch.float64,4.89206151144117e-08,2.293373518090047e-14,1.5170447452729157e-12,symmetrized_jacobi_fullfp64_chunked,1024,1.0,1e-06,paper_sgd_momentum_1e-6
14,0,-1.6637024879455566,-0.7914349436759949,-1.6700444221496582,-3.48237681388855,0.040869440883398056,0.0,0.00015000000000000004,0.2577880620956421,81.81,9.5,248,0.5894543528556824,26,0.0728565976023674,-0.02395271509885788,0.051108621060848236,0.00010000000000000003,529,2170880,6988.050222735852,2170880,4.376240253448486,0.10000000149011612,0.5533896684646606,1.0028891563415527,0.573702871799469,-1.7393184900283813,0.11716477572917938,1.0,1.0,512,5.398787021636963,9872.2705078125,1.5036220297547329e-12,0,0.8482421040534973,0.1,205.42848205566406,1.0,21569.345703125,412.8086309755403,0.5894543528556824,1.0,1.4142135623730951,0.04330716887919222,exact_deterministic_ggn_2b,torch.float64,4.370069817127842e-08,1.270650333318213e-14,1.2377570479606527e-12,symmetrized_jacobi_fullfp64_chunked,1024,1.0,1e-06,paper_sgd_momentum_1e-6
14,0,-1.7423524856567383,-0.31415221095085144,-1.7474769353866577,-3.854267120361328,0.06681341677904129,0.0,0.00022500000000000005,0.40245670080184937,86.54,8.8,249,0.4068237841129303,26,0.21331670880317688,-0.04091735929250717,0.05811986327171326,0.00015000000000000004,539,2211840,7153.194275223184,2211840,7.6247968673706055,0.10000000149011612,0.4979020059108734,1.121055006980896,0.569001317024231,-1.7581558227539062,0.15375907719135284,1.0,1.0,512,20.2010498046875,11146.724609375,9.045373847228097e-13,0,1.0,0.1,2.753451108932495,1.0,14259.4912109375,539.309945367667,0.4068237543106079,1.0,1.4142135623730951,0.051499634384494695,exact_deterministic_ggn_2b,torch.float64,5.113390670885565e-07,8.550643780823553e-15,7.68158064076466e-13,symmetrized_jacobi_fullfp64_chunked,1024,1.0,1e-06,paper_sgd_momentum_1e-6
14,3,-1.7929184436798096,-1.1818617582321167,-1.7929449081420898,-4.316224098205566,0.06090414896607399,0.0,0.00022500000000000005,0.1855088174343109,89.44,8.7,248,0.49595361948013306,26,0.0713985338807106,-0.004063297063112259,0.05211222171783447,0.00015000000000000004,549,2252800,7318.614400171209,2252800,6.02894401550293,0.10000000149011612,0.47150611877441406,0.9975253343582153,0.44167789816856384,-1.7770826816558838,0.1492997407913208,1.0,1.0,512,3.13094425201416,5474.3046875,9.588439453342628e-13,0,1.0,0.1,4.193273544311523,1.0,15552.2060546875,416.14043509664384,0.49595361948013306,1.0,1.4142135623730951,0.03177359509016128,exact_deterministic_ggn_2b,torch.float64,7.925202538672238e-08,1.90264668921357e-14,9.089901644821472e-13,symmetrized_jacobi_fullfp64_chunked,1024,1.0,1e-06,paper_sgd_momentum_1e-6
14,3,-1.8418487310409546,-0.6720547080039978,-1.7864985466003418,-4.424050331115723,0.14023689925670624,0.0,0.00022500000000000005,0.20620039105415344,73.27,8.1,249,0.4672069847583771,26,0.1124861016869545,-0.023616790771484375,0.10880288481712341,0.00015000000000000004,559,2293760,7483.985660030972,2293760,3.1724579334259033,0.10000000149011612,0.48793086409568787,0.9789323806762695,0.6018561124801636,-1.7955840826034546,0.2431727796792984,1.0,1.0,512,5.789932727813721,11186.990234375,1.901676156476418e-12,0,1.0,0.1,3.7838494777679443,1.0,16803.78125,532.7627044550651,0.46720701456069946,1.0,1.4142135623730951,0.06220117126905365,exact_deterministic_ggn_2b,torch.float64,1.4655766733540077e-07,2.91947620829258e-14,1.5119846492546485e-12,symmetrized_jacobi_fullfp64_chunked,1024,1.0,1e-06,paper_sgd_momentum_1e-6
14,0,-1.8139731884002686,-0.4628833830356598,-1.7919293642044067,-4.366814613342285,0.09262502938508987,0.0,0.0005062500000000001,0.35421374440193176,87.41,8.8,249,0.45980653166770935,26,0.08436314016580582,-0.032293934375047684,0.07589581608772278,0.00033750000000000007,569,2334720,7649.1496567782015,2334720,9.879892349243164,0.10000000149011612,0.4299083948135376,0.9967532753944397,0.6165222525596619,-1.8126437664031982,0.28718292713165283,1.0,1.0,512,3.1716320514678955,10228.99609375,1.3701930257285231e-12,0,1.0,0.1,6.193514823913574,1.0,13558.6923828125,525.7342309803983,0.45980656147003174,1.0,1.4142135623730951,0.032798707823642775,exact_deterministic_ggn_2b,torch.float64,4.0642731846673996e-07,2.5928937091547177e-14,1.1142914596189595e-12,symmetrized_jacobi_fullfp64_chunked,1024,1.0,1e-06,paper_sgd_momentum_1e-6
14,0,-1.8820819854736328,-0.990375280380249,-1.8123725652694702,-4.477881908416748,0.1371895968914032,0.0,0.00033750000000000007,0.3055078983306885,75.5,8.5,240,0.5536279678344727,26,0.09923769533634186,0.009507209062576294,0.15466850996017456,0.00022500000000000005,579,2375680,7814.851921963971,2375680,4.794645309448242,0.10000000149011612,0.5659959316253662,1.0235025882720947,0.737642228603363,-1.8298832178115845,0.2468036413192749,1.0,1.0,512,2.980255126953125,9531.0947265625,1.562613503224141e-12,0,0.9031335711479187,0.1,5.082440376281738,1.0,15127.14453125,492.97413062675287,0.5536279678344727,1.0,1.4142135623730951,0.06113096088234892,exact_deterministic_ggn_2b,torch.float64,1.384442782637052e-07,2.841660906724279e-14,1.3621110501528359e-12,symmetrized_jacobi_fullfp64_chunked,1024,1.0,1e-06,paper_sgd_momentum_1e-6
14,5,-1.836260437965393,-1.4115608930587769,-1.8093478679656982,-4.200862407684326,0.05044267699122429,0.0,0.0005062500000000001,0.18373745679855347,79.17,9.7,248,0.5437026023864746,26,0.09589710086584091,0.017833523452281952,0.02932649850845337,0.00033750000000000007,589,2416640,7982.073559735902,2416640,4.1196393966674805,0.10000000149011612,0.6812825202941895,1.032353162765503,0.7514129281044006,-1.8481029272079468,0.09260208904743195,1.0,1.0,512,3.440277576446533,10289.3544921875,2.1612970246502213e-12,0,0.9196203947067261,0.1,5.821346759796143,1.0,21020.50390625,461.11437518956524,0.5437026023864746,1.0,1.4142135623730951,0.05015476575940049,exact_deterministic_ggn_2b,torch.float64,3.7282990206222166e-07,4.261060931195815e-14,1.662438213545631e-12,symmetrized_jacobi_fullfp64_chunked,1024,1.0,1e-06,paper_sgd_momentum_1e-6
14,5,-1.8447704315185547,-0.8267648816108704,-1.8423720598220825,-4.4703288078308105,0.0670047253370285,0.0,0.00022500000000000005,0.21931107342243195,82.08,9.2,248,0.5084133744239807,26,0.13265040516853333,-0.03660936281085014,0.04283754155039787,0.00015000000000000004,599,2457600,8147.509244048037,2457600,6.646773815155029,0.10000000149011612,0.6254762411117554,0.9534233808517456,0.7159603238105774,-1.8657883405685425,0.11737456917762756,1.0,1.0,512,16.866016387939453,11533.154296875,1.0404524035694607e-12,0,0.9834517240524292,0.1,5.1533637046813965,1.0,19375.2421875,574.1128219477681,0.5084133744239807,1.0,1.4142135623730951,0.04761754229169764,exact_deterministic_ggn_2b,torch.float64,4.129083492898644e-07,1.04307179827707e-14,9.561461102057818e-13,symmetrized_jacobi_fullfp64_chunked,1024,1.0,1e-06,paper_sgd_momentum_1e-6
14,0,-1.8827695846557617,0.18642030656337738,-1.8780300617218018,-3.944209575653076,0.09236316382884979,0.0,0.00015000000000000004,0.2699444890022278,70.41,8.3,249,0.48625829815864563,26,0.07745759189128876,-0.0739591121673584,0.06363748013973236,0.00010000000000000003,609,2498560,8312.406762224156,2498560,4.122093677520752,0.10000000149011612,0.47162336111068726,0.9911713600158691,0.5541781783103943,-1.8828983306884766,0.21594780683517456,1.0,1.0,512,3.746748924255371,6302.517578125,8.837587099290877e-13,0,1.0,0.1,3.81339430809021,1.0,15919.4609375,366.4441400314597,0.48625829815864563,1.0,1.4142135623730951,0.04219688482121992,exact_deterministic_ggn_2b,torch.float64,4.2150929857598385e-08,1.6633009102196288e-14,8.288628716553297e-13,symmetrized_jacobi_fullfp64_chunked,1024,1.0,1e-06,paper_sgd_momentum_1e-6
14,0,-1.9093836545944214,0.014882316812872887,-1.8804068565368652,-4.5926408767700195,0.09795206040143967,0.0,0.00022500000000000005,0.24292433261871338,67.73,8.7,249,0.4588014483451843,26,0.07659538835287094,-0.04868404567241669,0.09541669487953186,0.00015000000000000004,619,2539520,8477.660125847906,2539520,10.0,0.10000000149011612,0.5327854156494141,0.954255223274231,0.6584787368774414,-1.902368426322937,0.2490449696779251,1.0,1.0,512,6.436785697937012,8201.962890625,1.1637003220051986e-12,0,1.0,0.1,5.187453269958496,1.0,17595.392578125,535.4578056362387,0.4588014781475067,1.0,1.4142135623730951,0.04475680624667242,exact_deterministic_ggn_2b,torch.float64,1.629311299211622e-07,1.7188981378615894e-14,1.116194585881619e-12,symmetrized_jacobi_fullfp64_chunked,1024,1.0,1e-06,paper_sgd_momentum_1e-6
14,0,-1.9032721519470215,-0.3654666244983673,-1.9012439250946045,-4.420567989349365,0.05417801812291145,0.0,0.0001,0.28245455026626587,71.08,9.1,249,0.477273166179657,26,0.10824087262153625,0.06599780172109604,0.033588290214538574,0.0001,629,2580480,8642.72173379222,2580480,10.0,0.10000000149011612,0.6111518144607544,0.9617816805839539,0.7432848811149597,-1.9154309034347534,0.14795103669166565,1.0,1.0,512,28.232786178588867,9690.826171875,1.165744967912936e-12,0,1.0,0.1,8.23216438293457,1.0,20891.8515625,475.4421572702383,0.477273166179657,1.0,1.4142135623730951,0.037219306764391454,exact_deterministic_ggn_2b,torch.float64,1.4116392321739113e-07,9.375385133984178e-15,1.0138155288277915e-12,symmetrized_jacobi_fullfp64_chunked,1024,1.0,1e-06,paper_sgd_momentum_1e-6
14,0,-1.9225761890411377,0.13042116165161133,-1.8971086740493774,-4.5562849044799805,0.12690888345241547,0.0,0.0005062500000000001,0.2589423656463623,73.57,8.7,248,0.5391409993171692,26,0.09635229408740997,-0.038344867527484894,0.08551744371652603,0.00033750000000000007,639,2621440,8807.838738590945,2621440,5.8432440757751465,0.10000000149011612,0.4755536913871765,0.95311439037323,0.6556436419487,-1.9305315017700195,0.27010953426361084,1.0,1.0,512,4.086512088775635,10049.900390625,1.3331095775298601e-12,0,0.9274011850357056,0.1,4.141353607177734,1.0,17867.54296875,575.5009898712271,0.5391409993171692,1.0,1.4142135623730951,0.0410751051643149,exact_deterministic_ggn_2b,torch.float64,4.503893933360814e-07,2.402988952658838e-14,1.1317640927724667e-12,symmetrized_jacobi_fullfp64_chunked,1024,1.0,1e-06,paper_sgd_momentum_1e-6
14,3,-1.9688429832458496,0.6840408444404602,-1.940557599067688,-4.240987777709961,0.1123868003487587,0.0,0.00010000000000000003,0.2485332489013672,65.77,8.5,249,0.5453894734382629,26,0.07844609022140503,0.012809986248612404,0.07846084237098694,0.0001,649,2662400,8972.861122052185,2662400,6.8833842277526855,0.10000000149011612,0.42959511280059814,1.1043190956115723,0.6690068244934082,-1.9456584453582764,0.4141708016395569,1.0,1.0,512,2.00197696685791,6575.9130859375,1.038521283878096e-12,0,0.9167760610580444,0.1,2.7400383949279785,1.0,15760.03125,649.2913027263851,0.5453894734382629,1.0,1.4142135623730951,0.041952351666248444,exact_deterministic_ggn_2b,torch.float64,8.413091556747077e-09,2.274314091990425e-14,1.1015752895441634e-12,symmetrized_jacobi_fullfp64_chunked,1024,1.0,1e-06,paper_sgd_momentum_1e-6
14,0,-1.9375272989273071,0.14673356711864471,-1.970719575881958,-4.633459091186523,0.05577724426984787,0.0,0.00015000000000000004,0.33015862107276917,93.99,9.0,249,0.5500671863555908,26,0.10340558737516403,-0.007833808660507202,0.03770497813820839,0.00010000000000000003,659,2703360,9137.869442629162,2703360,3.021763801574707,0.10000000149011612,0.3769760727882385,1.0402655601501465,0.46382346749305725,-1.9610060453414917,0.20474666357040405,1.0,1.0,512,5.403855323791504,6615.931640625,9.141633979746185e-13,0,0.9089798927307129,0.1,10.067081451416016,1.0,13730.6630859375,603.8886467829246,0.5500671863555908,1.0,1.4142135623730951,0.06989378399411716,exact_deterministic_ggn_2b,torch.float64,5.023019156169539e-08,1.4669900541050104e-14,7.691067163255632e-13,symmetrized_jacobi_fullfp64_chunked,1024,1.0,1e-06,paper_sgd_momentum_1e-6
14,5,-2.011031150817871,-1.0488946437835693,-1.970933437347412,-4.656335830688477,0.1003619059920311,0.0,0.00033750000000000007,0.2538979947566986,77.87,8.5,248,0.46642640233039856,26,0.06053372472524643,-0.040281374007463455,0.0670996606349945,0.00022500000000000005,669,2744320,9302.9770883522,2744320,4.851191520690918,0.10000000149011612,0.43871355056762695,0.9427556395530701,0.5893628001213074,-1.9759418964385986,0.29189246892929077,1.0,1.0,512,3.362825870513916,6457.08056640625,9.681521725270627e-13,0,1.0,0.1,1.0903935432434082,1.0,17141.6796875,508.93408116182627,0.46642637252807617,1.0,1.4142135623730951,0.06689529351834936,exact_deterministic_ggn_2b,torch.float64,1.9152344066242222e-07,1.980561000157539e-14,9.980194933285476e-13,symmetrized_jacobi_fullfp64_chunked,1024,1.0,1e-06,paper_sgd_momentum_1e-6
14,0,-1.9895466566085815,-0.5444052815437317,-1.955239176750183,-4.4026994705200195,0.1172596663236618,0.0,0.00010000000000000003,0.29284560680389404,76.64,8.5,249,0.550358235836029,26,0.0740811675786972,-0.02157733030617237,0.10539202392101288,0.0001,679,2785280,9468.085110667162,2785280,3.8555586338043213,0.10000000149011612,0.450607568025589,0.9245696067810059,0.596648097038269,-1.9901245832443237,0.26500633358955383,1.0,1.0,512,1.8610005378723145,7775.46875,1.1350291079935604e-12,0,0.9084991812705994,0.1,2.282996416091919,1.0,13058.9423828125,740.7525211893611,0.550358235836029,1.0,1.4142135623730951,0.038407228710871114,exact_deterministic_ggn_2b,torch.float64,7.680077018790143e-09,2.513535048277635e-14,1.1351278097960296e-12,symmetrized_jacobi_fullfp64_chunked,1024,1.0,1e-06,paper_sgd_momentum_1e-6
14,0,-1.9901394844055176,-0.1789940744638443,-1.975740671157837,-4.5397868156433105,0.08416613936424255,0.0,0.00022500000000000005,0.3142191171646118,94.17,9.1,248,0.5062585473060608,26,0.1083131954073906,-0.017952047288417816,0.07596614956855774,0.00015000000000000004,689,2826240,9633.268190750852,2826240,4.5886006355285645,0.10000000149011612,0.5071823596954346,0.911774218082428,0.5910258293151855,-2.0045621395111084,0.14953312277793884,1.0,1.0,512,7.325662612915039,7212.365234375,1.0967815459343281e-12,0,0.9876376390457153,0.1,2.7791712284088135,1.0,11175.1279296875,715.1324183434391,0.5062585473060608,1.0,1.4142135623730951,0.05375949397690335,exact_deterministic_ggn_2b,torch.float64,1.808744372056026e-07,1.584821039322449e-14,1.0251757066688586e-12,symmetrized_jacobi_fullfp64_chunked,1024,1.0,1e-06,paper_sgd_momentum_1e-6
14,5,-2.045400619506836,0.14114558696746826,-2.0079996585845947,-4.768798351287842,0.11116504669189453,0.0,0.00022500000000000005,0.29671940207481384,78.83,8.8,249,0.4781840741634369,26,0.08894603699445724,-0.04448207467794418,0.07932987809181213,0.00015000000000000004,699,2867200,9798.556342864875,2867200,4.1960296630859375,0.10000000149011612,0.5211484432220459,0.897148847579956,0.5863574743270874,-2.0200581550598145,0.17230384051799774,1.0,1.0,512,3.758988380432129,8696.0205078125,1.2504479200127199e-12,0,1.0,0.1,1.677079677581787,1.0,13131.0654296875,894.0967144828393,0.4781840741634369,1.0,1.4142135623730951,0.045561825391798656,exact_deterministic_ggn_2b,torch.float64,9.514938881238777e-08,2.3064762166157248e-14,1.0826234697860775e-12,symmetrized_jacobi_fullfp64_chunked,1024,1.0,1e-06,paper_sgd_momentum_1e-6
14,5,-1.9968349933624268,0.5357488989830017,-2.012087345123291,-4.058923721313477,0.05965106189250946,0.0,0.00015000000000000004,0.24801374971866608,75.93,9.3,249,0.41371414065361023,26,0.05837392807006836,-0.03457062691450119,0.03675868362188339,0.00010000000000000003,709,2908160,9963.546456475276,2908160,6.693953037261963,0.10000000149011612,0.5500878095626831,0.9502606987953186,0.6403994560241699,-2.035595655441284,0.12553760409355164,1.0,1.0,512,2.5506808757781982,5740.00390625,7.767511203551351e-13,0,1.0,0.1,4.650559425354004,1.0,14363.5546875,604.4055726698838,0.41371414065361023,1.0,1.4142135623730951,0.037671522182205194,exact_deterministic_ggn_2b,torch.float64,2.8695161802261282e-08,1.668928418452431e-14,7.02174328520028e-13,symmetrized_jacobi_fullfp64_chunked,1024,1.0,1e-06,paper_sgd_momentum_1e-6
14,5,-2.1165122985839844,0.11796848475933075,-2.0571773052215576,-4.966977119445801,0.16744256019592285,0.0,0.00022500000000000005,0.2542988657951355,87.36,8.3,249,0.572407603263855,26,0.10817757993936539,-0.06648504734039307,0.13305041193962097,0.00015000000000000004,719,2949120,10128.274937509093,2949120,4.5917205810546875,0.10000000149011612,0.4117186963558197,0.958458662033081,0.5943876504898071,-2.051077127456665,0.27528709173202515,1.0,1.0,512,5.259267807006836,9087.64453125,1.5160853148469674e-12,0,0.8735034465789795,0.1,8.104740142822266,1.0,16148.580078125,525.9836578694408,0.572407603263855,1.0,1.4142135623730951,0.03768517024926661,exact_deterministic_ggn_2b,torch.float64,1.0157563679058512e-07,2.3454038045523685e-14,1.303753294578976e-12,symmetrized_jacobi_fullfp64_chunked,1024,1.0,1e-06,paper_sgd_momentum_1e-6
14,5,-2.133817434310913,-0.868602991104126,-2.071737766265869,-4.682614803314209,0.15549005568027496,0.0,0.00033750000000000007,0.2594697177410126,67.76,8.5,249,0.5859770178794861,26,0.07534331828355789,-0.0365181528031826,0.1317637860774994,0.00022500000000000005,729,2990080,10293.573828585912,2990080,7.032721042633057,0.10000000149011612,0.3042810261249542,0.935729444026947,0.5659634470939636,-2.0655736923217773,0.39781638979911804,1.0,1.0,512,1.6857906579971313,9154.78125,1.1903606913257253e-12,0,0.8532757759094238,0.1,3.353642702102661,1.0,14474.06640625,687.0966085021173,0.5859770178794861,1.0,1.4142135623730951,0.04211851804083229,exact_deterministic_ggn_2b,torch.float64,6.990367751313897e-08,2.6163431969891028e-14,1.236008571044161e-12,symmetrized_jacobi_fullfp64_chunked,1024,1.0,1e-06,paper_sgd_momentum_1e-6
14,5,-2.061854839324951,0.1658342480659485,-2.067591428756714,-4.386117458343506,0.07968565821647644,0.0,0.00015000000000000004,0.2274315059185028,73.56,8.9,249,0.515433669090271,26,0.11186635494232178,-0.05924093723297119,0.07967166602611542,0.00010000000000000003,739,3031040,10458.841422467958,3031040,5.651096820831299,0.10000000149011612,0.3444373607635498,0.9131596088409424,0.582099199295044,-2.079019069671631,0.319653183221817,1.0,1.0,512,12.111753463745117,8407.30078125,1.3019078796877063e-12,0,0.97005695104599,0.1,12.96601676940918,1.0,16916.1171875,645.9572739334137,0.515433669090271,1.0,1.4142135623730951,0.044334014494475625,exact_deterministic_ggn_2b,torch.float64,1.2821948303098907e-07,1.4874188143459736e-14,1.1259463370813444e-12,symmetrized_jacobi_fullfp64_chunked,1024,1.0,1e-06,paper_sgd_momentum_1e-6
14,5,-2.073537588119507,0.14247488975524902,-2.0666024684906006,-4.5399017333984375,0.07627604156732559,0.0,0.00022500000000000005,0.21383671462535858,89.45,8.5,248,0.5051130056381226,26,0.105904221534729,-0.035145945847034454,0.0550055056810379,0.00015000000000000004,749,3072000,10624.418533607852,3072000,8.099967002868652,0.10000000149011612,0.32261961698532104,0.9502456784248352,0.5507514476776123,-2.0905864238739014,0.4565763771533966,1.0,1.0,512,2.526912212371826,12036.87109375,2.3768012697847685e-12,0,0.9898775219917297,0.1,4.275871753692627,1.0,21790.9765625,968.5731150219605,0.5051130056381226,1.0,1.4142135623730951,0.024369111534209675,exact_deterministic_ggn_2b,torch.float64,6.267409702331861e-08,5.0396251838415454e-14,2.9832658322364095e-12,symmetrized_jacobi_fullfp64_chunked,1024,1.0,1e-06,paper_sgd_momentum_1e-6
14,5,-2.1729092597961426,-0.21447522938251495,-2.0983898639678955,-4.867430686950684,0.14935283362865448,0.0,0.00022500000000000005,0.2608455717563629,67.49,8.9,249,0.5665144920349121,26,0.06456020474433899,0.0402432382106781,0.11732026189565659,0.00015000000000000004,759,3112960,10789.327038422227,3112960,10.0,0.10000000149011612,0.5040361881256104,0.9193311333656311,0.682428777217865,-2.0999374389648438,0.2574784755706787,1.0,1.0,512,1.9159369468688965,9835.224609375,1.5952690065797837e-12,0,0.8825899362564087,0.1,5.66130256652832,1.0,19489.98046875,449.55035648992504,0.5665144920349121,1.0,1.4142135623730951,0.04063594019232306,exact_deterministic_ggn_2b,torch.float64,3.7777581951559114e-08,3.273491217395101e-14,1.6155626390591104e-12,symmetrized_jacobi_fullfp64_chunked,1024,1.0,1e-06,paper_sgd_momentum_1e-6
14,5,-2.1177117824554443,-0.987967312335968,-2.1052780151367188,-4.959227561950684,0.07180432975292206,0.0,0.00015000000000000004,0.2843479514122009,79.33,9.3,248,0.48466062545776367,26,0.09138510376214981,-0.07127492129802704,0.07059291750192642,0.00010000000000000003,769,3153920,10954.29301287001,3153920,4.011622428894043,0.10000000149011612,0.5272560119628906,0.9530324935913086,0.6720563769340515,-2.1140024662017822,0.16821348667144775,1.0,1.0,512,4.406887531280518,10583.736328125,1.0628440719300156e-12,0,1.0,0.1,3.7944819927215576,1.0,14896.0517578125,608.920831229281,0.48466065526008606,1.0,1.4142135623730951,0.03515152445034296,exact_deterministic_ggn_2b,torch.float64,4.957749055733984e-08,1.8701623834515072e-14,9.961572832467028e-13,symmetrized_jacobi_fullfp64_chunked,1024,1.0,1e-06,paper_sgd_momentum_1e-6
14,0,-2.214144229888916,-1.0680515766143799,-2.164414644241333,-4.76157283782959,0.14123278856277466,0.0,0.00015000000000000004,0.2534647285938263,150.49,7.8,249,0.4895098805427551,26,0.10916980355978012,-0.03896373510360718,0.07238743454217911,0.00010000000000000003,779,3194880,11119.296311500948,3194880,4.229396343231201,0.10000000149011612,0.13015243411064148,0.9106111526489258,0.24940268695354462,-2.125591278076172,0.34686678647994995,1.0,1.0,512,4.178645133972168,7881.91552734375,1.0539525376499925e-12,0,1.0,0.1,1.3404126167297363,1.0,11920.384765625,636.1908382330084,0.4895098805427551,1.0,1.4142135623730951,0.026184943594252164,exact_deterministic_ggn_2b,torch.float64,4.70097631932731e-08,1.8424196414822498e-14,8.405871977575226e-13,symmetrized_jacobi_fullfp64_chunked,1024,1.0,1e-06,paper_sgd_momentum_1e-6
14,5,-2.1708993911743164,-0.919379472732544,-2.133582830429077,-5.009548664093018,0.13685908913612366,0.0,0.00022500000000000005,0.23174680769443512,95.42,7.8,248,0.502474844455719,26,0.07358049601316452,0.0061617642641067505,0.08198004215955734,0.00015000000000000004,789,3235840,11284.480576814152,3235840,3.273690938949585,0.10000000149011612,0.06537599861621857,1.028777003288269,0.33229920268058777,-2.1340205669403076,0.5017310976982117,1.0,1.0,512,1.3981528282165527,6544.62646484375,8.301973798755677e-13,0,0.9950746893882751,0.1,1.2959119081497192,1.0,10037.76171875,730.7763281143825,0.502474844455719,1.0,1.4142135623730951,0.03769308788566907,exact_deterministic_ggn_2b,torch.float64,3.5042976520571756e-08,2.0611449047167415e-14,8.759430302321248e-13,symmetrized_jacobi_fullfp64_chunked,1024,1.0,1e-06,paper_sgd_momentum_1e-6
14,5,-2.245398759841919,-1.24565589427948,-2.1417198181152344,-5.168506622314453,0.2084791362285614,0.0,0.0005062500000000001,0.2912837862968445,72.3,8.5,249,0.5506309270858765,26,0.0909741073846817,0.012561392039060593,0.14685015380382538,0.00033750000000000007,799,3276800,11449.847754759248,3276800,7.589942455291748,0.10000000149011612,0.4390803873538971,1.0079996585845947,0.6338397264480591,-2.146592855453491,0.3024097979068756,1.0,1.0,512,1.590874433517456,9388.93359375,1.4983629491787938e-12,0,0.9080492258071899,0.1,3.8347949981689453,1.0,14974.1689453125,599.9733121296699,0.5506309270858765,1.0,1.4142135623730951,0.03664513848648621,exact_deterministic_ggn_2b,torch.float64,1.6809498504244402e-07,3.1657767270537404e-14,1.4833149353487323e-12,symmetrized_jacobi_fullfp64_chunked,1024,1.0,1e-06,paper_sgd_momentum_1e-6
14,5,-2.2053322792053223,-0.6588228940963745,-2.1425230503082275,-5.310003757476807,0.17547930777072906,0.0,0.00015000000000000004,0.30656254291534424,93.1,8.4,248,0.49538031220436096,26,0.05676218867301941,-0.043139100074768066,0.1512400358915329,0.00010000000000000003,809,3317760,11615.182065008208,3317760,5.222466468811035,0.10000000149011612,0.4175565242767334,0.9902315139770508,0.6345228552818298,-2.159749746322632,0.31236985325813293,1.0,1.0,512,0.863537609577179,9658.279296875,1.4281227686758372e-12,0,1.0,0.1,3.3959271907806396,1.0,16800.765625,600.0445740535142,0.49538031220436096,1.0,1.4142135623730951,0.03543711447092509,exact_deterministic_ggn_2b,torch.float64,9.714798743232222e-09,3.400106000650355e-14,1.3988313818812567e-12,symmetrized_jacobi_fullfp64_chunked,1024,1.0,1e-06,paper_sgd_momentum_1e-6
14,1,-2.1562623977661133,-0.9652620553970337,-2.1439266204833984,-5.098047256469727,0.09786585718393326,0.0,0.00022500000000000005,0.2718857228755951,71.35,8.6,249,0.4655170440673828,26,0.14729414880275726,-0.02954023703932762,0.07456932961940765,0.00015000000000000004,819,3358720,11783.84348539589,3358720,2.8972249031066895,0.10000000149011612,0.49211806058883667,0.9312809705734253,0.6529178619384766,-2.173346996307373,0.17109450697898865,1.0,1.0,512,5.16913366317749,10315.23828125,1.2509138119620714e-12,0,1.0,0.1,5.906366348266602,1.0,17164.6796875,706.9330953631899,0.4655170440673828,1.0,1.4142135623730951,0.07957753534959826,exact_deterministic_ggn_2b,torch.float64,1.308436878844077e-07,2.0127240531815606e-14,1.129333040306666e-12,symmetrized_jacobi_fullfp64_chunked,1024,1.0,1e-06,paper_sgd_momentum_1e-6
14,5,-2.241522789001465,-1.3041725158691406,-2.212068557739258,-4.932568073272705,0.09747208654880524,0.0,0.0001,0.1906518042087555,109.44,8.6,249,0.47263994812965393,26,0.07688982784748077,-0.031988658010959625,0.07374840974807739,0.0001,829,3399680,11948.80066149123,3399680,5.4764838218688965,0.10000000149011612,0.07279212772846222,0.9165381789207458,-0.033956319093704224,-2.185253143310547,0.33714550733566284,1.0,1.0,512,10.026653289794922,10836.9130859375,1.534942590407034e-12,0,1.0,0.1,16.41524887084961,1.0,15649.0234375,790.1776595630886,0.47263994812965393,1.0,1.4142135623730951,0.0171665474693883,exact_deterministic_ggn_2b,torch.float64,5.013326287439668e-08,1.8409920126731012e-14,1.5236497189286124e-12,symmetrized_jacobi_fullfp64_chunked,1024,1.0,1e-06,paper_sgd_momentum_1e-6
14,5,-2.2194581031799316,-0.9882009029388428,-2.2358367443084717,-4.399055480957031,0.07340312749147415,0.0,0.0005062500000000001,0.20144517719745636,140.03,8.1,250,0.512885332107544,26,0.07207897305488586,-0.01227093767374754,0.05503237247467041,0.00033750000000000007,839,3440640,12113.413890429307,3440640,2.095876932144165,0.10000000149011612,0.1396740972995758,0.956253707408905,0.3043350279331207,-2.195854902267456,0.3726348876953125,1.0,1.0,512,2.626620292663574,7916.3359375,8.286835447840596e-13,0,0.9748766422271729,0.1,16.356618881225586,1.0,15705.0771484375,559.106032295963,0.5128853917121887,1.0,1.4142135623730951,0.04972383429370377,exact_deterministic_ggn_2b,torch.float64,3.198870786036423e-07,1.5280858786539953e-14,7.627410447119312e-13,symmetrized_jacobi_fullfp64_chunked,1024,1.0,1e-06,paper_sgd_momentum_1e-6
14,5,-2.2446846961975098,-0.7717140316963196,-2.245939254760742,-4.356601238250732,0.04482586309313774,0.0,0.0001,0.15476641058921814,86.89,8.6,249,0.4445115923881531,26,0.08401930332183838,-0.05169382691383362,0.039511460810899734,0.0001,849,3481600,12278.118683806155,3481600,6.728226184844971,0.10000000149011612,0.0823497623205185,0.8799197673797607,0.1389991194009781,-2.2079591751098633,0.20350004732608795,1.0,1.0,512,11.316141128540039,5891.66796875,7.406333514430736e-13,0,1.0,0.1,11.39208984375,1.0,10841.6787109375,532.6786575596689,0.4445115923881531,1.0,1.4142135623730951,0.04335871325308927,exact_deterministic_ggn_2b,torch.float64,5.6580699236974397e-08,8.742508418468332e-15,7.13181261244547e-13,symmetrized_jacobi_fullfp64_chunked,1024,1.0,1e-06,paper_sgd_momentum_1e-6
14,0,-2.1810688972473145,-1.1259615421295166,-2.1942360401153564,-4.204748630523682,0.06508152931928635,0.0,0.00010000000000000003,0.29740530252456665,77.21,8.6,250,0.4642914831638336,26,0.07908983528614044,-0.06138082593679428,0.05573808401823044,0.0001,859,3522560,12442.749623541255,3522560,8.661884307861328,0.10000000149011612,0.40711498260498047,0.9935593605041504,0.5530964136123657,-2.2199110984802246,0.23625575006008148,1.0,1.0,512,8.097497940063477,9684.1962890625,1.547517488687599e-12,0,1.0,0.1,11.099688529968262,1.0,16084.7353515625,703.7561615525956,0.4642914831638336,1.0,1.4142135623730951,0.04759912519355936,exact_deterministic_ggn_2b,torch.float64,4.048748536433777e-08,2.100952666321794e-14,1.241506297181458e-12,symmetrized_jacobi_fullfp64_chunked,1024,1.0,1e-06,paper_sgd_momentum_1e-6
14,5,-2.1794381141662598,-0.5051798820495605,-2.181565523147583,-4.855281829833984,0.09301336854696274,0.0,0.00015000000000000004,0.2468109428882599,70.56,8.9,250,0.49747535586357117,26,0.07031622529029846,-0.024045854806900024,0.07046853005886078,0.00010000000000000003,869,3563520,12607.165839593858,3563520,7.346202850341797,0.10000000149011612,0.529995322227478,0.934061586856842,0.6967675685882568,-2.2313013076782227,0.238040030002594,1.0,1.0,512,2.2444958686828613,13059.357421875,1.363193624922781e-12,0,1.0,0.1,3.3299803733825684,1.0,22962.8359375,668.5546871678573,0.49747535586357117,1.0,1.4142135623730951,0.029339228168000362,exact_deterministic_ggn_2b,torch.float64,2.5250580293345593e-08,2.9801669561874793e-14,1.2137850580588756e-12,symmetrized_jacobi_fullfp64_chunked,1024,1.0,1e-06,paper_sgd_momentum_1e-6
14,3,-2.2120230197906494,0.01833939552307129,-2.263944387435913,-4.653231620788574,0.05552462115883827,0.0,0.00022500000000000005,0.3036883473396301,75.43,9.0,250,0.44810807704925537,26,0.10522264987230301,-0.008226677775382996,0.015940185636281967,0.00015000000000000004,879,3604480,12771.70091146417,3604480,5.587593078613281,0.10000000149011612,0.058472536504268646,0.9619389772415161,0.03276197239756584,-2.242086172103882,0.3681160509586334,1.0,1.0,512,8.344940185546875,13479.14453125,2.0186238258282105e-12,0,1.0,0.1,6.111066818237305,1.0,12474.158203125,980.1903478617429,0.44810807704925537,1.0,1.4142135623730951,0.045148973441646284,exact_deterministic_ggn_2b,torch.float64,2.112312813551398e-07,2.8131991793066077e-14,1.312734601253838e-12,symmetrized_jacobi_fullfp64_chunked,1024,1.0,1e-06,paper_sgd_momentum_1e-6
14,5,-2.253872871398926,-0.4280467927455902,-2.272728204727173,-4.603492259979248,0.08278059959411621,0.0,0.00022500000000000005,0.25293487310409546,74.74,8.8,249,0.5219897031784058,26,0.24410079419612885,-0.0336756631731987,0.06907887756824493,0.00015000000000000004,889,3645440,12936.268620312214,3645440,3.0635123252868652,0.10000000149011612,0.2845534384250641,0.9240880012512207,0.46675485372543335,-2.2529289722442627,0.354732483625412,1.0,1.0,512,22.43564796447754,62408.30078125,3.064628375002681e-12,0,0.9578731656074524,0.1,2.849424362182617,1.0,17892.921875,2914.772768479316,0.5219897627830505,1.0,1.4142135623730951,0.03327814891967153,exact_deterministic_ggn_2b,torch.float64,5.210623044149543e-07,2.7520008363605707e-14,1.6018655872311364e-12,symmetrized_jacobi_fullfp64_chunked,1024,1.0,1e-06,paper_sgd_momentum_1e-6
14,5,-2.239978313446045,0.06611474603414536,-2.2921435832977295,-2.9052541255950928,0.055158261209726334,0.0,0.0001,0.53913813829422,96.98,8.7,249,0.6339083313941956,26,0.22604885697364807,-0.09617838263511658,0.016747966408729553,0.0001,899,3686400,13101.12879051501,3686400,4.842721939086914,0.10000000149011612,0.0687551349401474,0.9452245235443115,0.07798152416944504,-1.107578992843628,0.3298983573913574,1.0,1.0,512,20.394989013671875,9730.57421875,1.0821666364525443e-12,0,0.7887575030326843,0.1,2.152261257171631,1.0,10378.2958984375,1050.3966836074521,0.6339083909988403,1.0,1.4142135623730951,0.03753835891396553,exact_deterministic_ggn_2b,torch.float64,6.344252057033373e-08,1.026965407549725e-14,7.389173665851232e-13,symmetrized_jacobi_fullfp64_chunked,1024,1.0,1e-06,paper_sgd_momentum_1e-6
14,0,-2.2726263999938965,0.08111277222633362,-2.302241325378418,-4.111335754394531,0.027044234797358513,0.0,0.0001,0.564225435256958,108.52,9.2,249,0.5610024929046631,26,0.20493429899215698,-0.0686456635594368,0.01936878263950348,0.0001,909,3727360,13266.146797593217,3727360,10.0,0.10000000149011612,0.01317210029810667,0.9031806588172913,-0.42447081208229065,-2.27272629737854,0.31944477558135986,1.0,1.0,512,81.19782257080078,6992.2021484375,1.9672652283730915e-12,0,0.891261637210846,0.1,8.449922561645508,1.0,10366.3408203125,577.0870572274539,0.5610024929046631,1.0,1.4142135623730951,0.03634491239744715,exact_deterministic_ggn_2b,torch.float64,3.2249633363790053e-07,9.538340898028206e-15,1.9884237481016228e-12,symmetrized_jacobi_fullfp64_chunked,1024,1.0,1e-06,paper_sgd_momentum_1e-6
14,5,-2.297516345977783,-0.43008264899253845,-2.254410743713379,-5.154695510864258,0.11705565452575684,0.0,0.00015000000000000004,0.15448415279388428,90.87,9.0,248,0.5918169617652893,26,0.1287284791469574,0.014742452651262283,0.10888460278511047,0.00010000000000000003,919,3768320,13431.248998342082,3768320,8.767328262329102,0.10000000149011612,0.3531895577907562,0.8990897536277771,0.5523399710655212,-2.284862995147705,0.32680240273475647,1.0,1.0,512,12.759941101074219,14311.2109375,1.654739650843237e-12,0,0.844855785369873,0.1,9.025384902954102,1.0,24745.642578125,935.5271781641978,0.5918169617652893,1.0,1.4142135623730951,0.029979810118789925,exact_deterministic_ggn_2b,torch.float64,1.0246285597759197e-07,1.8139604093434722e-14,1.519566540216208e-12,symmetrized_jacobi_fullfp64_chunked,1024,1.0,1e-06,paper_sgd_momentum_1e-6
14,0,-2.317347764968872,-0.7615880966186523,-2.256875991821289,-5.2085065841674805,0.1344999074935913,0.0,0.00022500000000000005,0.29706114530563354,77.24,8.9,250,0.5040940046310425,26,0.08469990640878677,-0.015925824642181396,0.08719279617071152,0.00015000000000000004,929,3809280,13596.104784165043,3809280,4.07394552230835,0.10000000149011612,0.45926451683044434,0.9469765424728394,0.660981297492981,-2.2960352897644043,0.3192211985588074,1.0,1.0,512,2.2084920406341553,11878.46875,1.3766039517798837e-12,0,0.9918785095214844,0.1,2.811753273010254,1.0,17096.8046875,1154.3151240567981,0.5040940046310425,1.0,1.4142135623730951,0.04712514231554389,exact_deterministic_ggn_2b,torch.float64,5.499811450704328e-08,3.003075660129756e-14,1.2272184057175703e-12,symmetrized_jacobi_fullfp64_chunked,1024,1.0,1e-06,paper_sgd_momentum_1e-6
14,0,-2.314207077026367,0.3934316337108612,-2.3324716091156006,-5.4873809814453125,0.09589339047670364,0.0,0.00033750000000000007,0.4359923005104065,73.36,9.0,249,0.5028977990150452,26,0.10728836059570312,0.015313858166337013,0.06250038743019104,0.00022500000000000005,939,3850240,13761.148769191,3850240,10.0,0.10000000149011612,0.35463714599609375,0.8958140015602112,0.5696048140525818,-2.3076131343841553,0.3078063726425171,1.0,1.0,512,3.2197060585021973,12856.9423828125,1.3234125460602211e-12,0,0.9942377805709839,0.1,5.3121657371521,1.0,15209.451171875,1183.908030228225,0.5028977990150452,1.0,1.4142135623730951,0.021083736360500097,exact_deterministic_ggn_2b,torch.float64,1.8126516465599707e-07,2.5690438435291875e-14,1.2872363256131821e-12,symmetrized_jacobi_fullfp64_chunked,1024,1.0,1e-06,paper_sgd_momentum_1e-6
14,5,-2.272891044616699,-1.287092924118042,-2.288530111312866,-5.037161827087402,0.04384365305304527,0.0,0.00015000000000000004,0.20716431736946106,80.29,9.7,249,0.42772698402404785,26,0.07519514858722687,-0.04126216098666191,0.05315043032169342,0.00010000000000000003,949,3891200,13926.032952505164,3891200,3.895969867706299,0.10000000149011612,0.5560240745544434,0.9262439012527466,0.6472057700157166,-2.317781448364258,0.09578239172697067,1.0,1.0,512,4.558144569396973,11690.189453125,1.397395459121406e-12,0,1.0,0.1,17.477882385253906,1.0,23971.794921875,684.591773578381,0.42772701382637024,1.0,1.4142135623730951,0.04318450133553702,exact_deterministic_ggn_2b,torch.float64,5.127913027536124e-08,2.2231502220648066e-14,1.3325394074661186e-12,symmetrized_jacobi_fullfp64_chunked,1024,1.0,1e-06,paper_sgd_momentum_1e-6
14,0,-2.301438570022583,-0.7722586393356323,-2.313513994216919,-5.228973865509033,0.0935894101858139,0.0,0.00015000000000000004,0.22012512385845184,85.44,8.5,250,0.495188444852829,26,0.06076275557279587,-0.04130178317427635,0.09042926132678986,0.00010000000000000003,959,3932160,14090.838044525124,3932160,9.276656150817871,0.10000000149011612,0.44688040018081665,1.0599861145019531,0.5349287986755371,-2.329575777053833,0.1889616996049881,1.0,1.0,512,3.6690850257873535,16496.931640625,2.0289737529118043e-12,0,1.0,0.1,2.7933762073516846,1.0,22150.23828125,885.7340812070008,0.495188444852829,1.0,1.4142135623730951,0.025547911724467322,exact_deterministic_ggn_2b,torch.float64,4.127721098257098e-08,3.8060111287222283e-14,2.059336340386102e-12,symmetrized_jacobi_fullfp64_chunked,1024,1.0,1e-06,paper_sgd_momentum_1e-6
14,5,-2.294114589691162,-0.2096397578716278,-2.292431354522705,-4.905319690704346,0.047674525529146194,0.0,0.00033750000000000007,0.2251344919204712,70.11,9.4,249,0.4042085111141205,26,0.07648235559463501,-0.02439054287970066,0.03226583078503609,0.00022500000000000005,969,3973120,14255.544969413895,3973120,2.8647351264953613,0.10000000149011612,0.5684164762496948,0.8746780753135681,0.6310694813728333,-2.3409769535064697,0.09077268838882446,1.0,1.0,512,5.488326072692871,15502.4150390625,1.585275157826397e-12,0,1.0,0.1,7.348392486572266,1.0,28209.24609375,707.1196876376442,0.4042085111141205,1.0,1.4142135623730951,0.03693897951190423,exact_deterministic_ggn_2b,torch.float64,3.125773275769461e-07,2.5604248578085174e-14,1.5174261335762677e-12,symmetrized_jacobi_fullfp64_chunked,1024,1.0,1e-06,paper_sgd_momentum_1e-6
14,5,-2.3243846893310547,-0.6857796311378479,-2.330963373184204,-4.713212966918945,0.02991403639316559,0.0,0.0001,0.2176622599363327,70.63,9.5,249,0.49612560868263245,26,0.0702722817659378,-0.028328200802206993,0.018020644783973694,0.0001,979,4014080,14420.294814843219,4014080,8.90915298461914,0.10000000149011612,0.632889986038208,0.9927757382392883,0.695632815361023,-2.3531129360198975,0.056556232273578644,1.0,1.0,512,12.67155647277832,15620.9453125,9.943934005955199e-13,0,1.0,0.1,4.744906425476074,1.0,24600.69140625,715.3216383438182,0.49612557888031006,1.0,1.4142135623730951,0.029639214400019792,exact_deterministic_ggn_2b,torch.float64,6.335777413823962e-08,1.170507550166074e-14,8.809133852115011e-13,symmetrized_jacobi_fullfp64_chunked,1024,1.0,1e-06,paper_sgd_momentum_1e-6
14,5,-2.3465499877929688,0.006097023840993643,-2.323317289352417,-5.096372604370117,0.11850696802139282,0.0,0.00033750000000000007,0.17380653321743011,69.48,9.0,250,0.4931255280971527,26,0.07755313813686371,-0.03631243854761124,0.0860847532749176,0.00022500000000000005,989,4055040,14584.333003566135,4055040,3.099914789199829,0.10000000149011612,0.5009434819221497,0.9636860489845276,0.6160553097724915,-2.364295482635498,0.19391778111457825,1.0,1.0,512,3.504408121109009,15857.744140625,2.141277375931744e-12,0,1.0,0.1,3.906372547149658,1.0,26208.6015625,819.6168758755942,0.4931255280971527,1.0,1.4142135623730951,0.024621652773689412,exact_deterministic_ggn_2b,torch.float64,1.9958700647748628e-07,3.977724343146068e-14,1.914701245122611e-12,symmetrized_jacobi_fullfp64_chunked,1024,1.0,1e-06,paper_sgd_momentum_1e-6
14,0,-2.370574474334717,-0.37116509675979614,-2.3380088806152344,-5.393598556518555,0.1072506457567215,0.0,0.0005062500000000001,0.22093242406845093,70.93,9.4,251,0.4634745121002197,26,0.08508020639419556,-0.04734078049659729,0.06884092092514038,0.00033750000000000007,999,4096000,14748.209326982964,4096000,8.509641647338867,0.10000000149011612,0.5164473056793213,0.9341952204704285,0.6420459151268005,-2.376361846923828,0.1582663357257843,1.0,1.0,512,7.987804412841797,16749.71875,2.3573248587688026e-12,0,1.0,0.1,7.8486480712890625,1.0,25977.81640625,628.6796962185541,0.4634745121002197,1.0,1.4142135623730951,0.030830495630264177,exact_deterministic_ggn_2b,torch.float64,1.0235934269076097e-06,3.260064792937261e-14,2.0516828175605957e-12,symmetrized_jacobi_fullfp64_chunked,1024,1.0,1e-06,paper_sgd_momentum_1e-6
14,5,-2.381924629211426,-0.9058324098587036,-2.3585469722747803,-5.538546085357666,0.11842475086450577,0.0,0.00015000000000000004,0.23610249161720276,96.19,9.0,250,0.5472455024719238,26,0.07886391133069992,-0.05014940723776817,0.08628033101558685,0.00010000000000000003,1009,4136960,14912.02557086898,4136960,6.254695892333984,0.10000000149011612,0.4236152172088623,0.9005111455917358,0.572334349155426,-2.38765287399292,0.27472788095474243,1.0,1.0,512,8.78707218170166,15075.5966796875,1.7419551351358865e-12,0,0.9136667251586914,0.1,2.509690284729004,1.0,28376.232421875,823.6243113855373,0.5472455024719238,1.0,1.4142135623730951,0.02012428065732726,exact_deterministic_ggn_2b,torch.float64,8.25224901745969e-08,2.334958597491517e-14,1.6059001128718707e-12,symmetrized_jacobi_fullfp64_chunked,1024,1.0,1e-06,paper_sgd_momentum_1e-6
14,0,-2.386481285095215,-0.19420507550239563,-2.4077444076538086,-5.028237342834473,0.08885359764099121,0.0,0.00022500000000000005,0.29061877727508545,79.78,8.4,251,0.5275601744651794,26,0.06153813749551773,-0.04087911546230316,0.061014603823423386,0.00015000000000000004,1019,4177920,15075.838962853886,4177920,5.843369960784912,0.10000000149011612,0.4708413779735565,0.924414336681366,0.5424097776412964,-2.4293510913848877,0.20805999636650085,1.0,1.0,512,2.245021343231201,10983.3017578125,1.824594561570202e-12,0,0.947759211063385,0.1,4.452620506286621,1.0,22512.154296875,933.9037133697718,0.5275601744651794,1.0,1.4142135623730951,0.036065800414319935,exact_deterministic_ggn_2b,torch.float64,5.1044803939248595e-08,4.1008861814686435e-14,1.7263410599772545e-12,symmetrized_jacobi_fullfp64_chunked,1024,1.0,1e-06,paper_sgd_momentum_1e-6
14,5,-2.395411252975464,-0.39698463678359985,-2.3849377632141113,-4.716986179351807,0.052965372800827026,0.0,0.00015000000000000004,0.25991615653038025,70.64,9.5,250,0.6095117926597595,26,0.07876458019018173,-0.03053676337003708,0.05751078575849533,0.00010000000000000003,1029,4218880,15239.98394383816,4218880,6.6435160636901855,0.10000000149011612,0.4934018552303314,0.8536947965621948,0.5907803773880005,-2.4137234687805176,0.17337718605995178,1.0,1.0,512,3.0901434421539307,12660.80859375,1.09813725139591e-12,0,0.8203286528587341,0.1,7.7083210945129395,1.0,19465.55078125,945.1391251136129,0.6095117926597595,1.0,1.4142135623730951,0.03626937753866036,exact_deterministic_ggn_2b,torch.float64,2.3394136405840982e-08,2.1386188552927735e-14,1.0102633507652977e-12,symmetrized_jacobi_fullfp64_chunked,1024,1.0,1e-06,paper_sgd_momentum_1e-6
14,5,-2.4748120307922363,-1.322107195854187,-2.398810386657715,-5.25159215927124,0.15496616065502167,0.0,0.00015000000000000004,0.23844271898269653,80.16,8.6,251,0.5347456932067871,26,0.08818194270133972,-0.03214716538786888,0.10166323930025101,0.00010000000000000003,1039,4259840,15404.197453124914,4259840,3.8864965438842773,0.10000000149011612,0.4047570824623108,0.8329300284385681,0.5841046571731567,-2.4201791286468506,0.286159873008728,1.0,1.0,512,15.347198486328125,17298.693359375,1.7656006494511427e-12,0,0.9350239038467407,0.1,7.143416404724121,1.0,24707.248046875,1167.345108546097,0.5347456932067871,1.0,1.4142135623730951,0.03598296052095081,exact_deterministic_ggn_2b,torch.float64,1.509478977368417e-07,1.8218760758199708e-14,1.6880036846183917e-12,symmetrized_jacobi_fullfp64_chunked,1024,1.0,1e-06,paper_sgd_momentum_1e-6
14,5,-2.452571153640747,-0.4315258860588074,-2.4103872776031494,-5.7212371826171875,0.11875458806753159,0.0,0.00015000000000000004,0.2274082601070404,73.42,8.9,250,0.4842388331890106,26,0.14412818849086761,-0.02040984109044075,0.0806163102388382,0.00010000000000000003,1049,4300800,15568.220425312873,4300800,9.684340476989746,0.10000000149011612,0.44619378447532654,1.052765965461731,0.6261803507804871,-2.431192636489868,0.28407812118530273,1.0,1.0,512,16.162845611572266,26458.654296875,2.4549502654594336e-12,0,1.0,0.1,5.082738876342773,1.0,22290.21875,1420.41211015299,0.484238862991333,1.0,1.4142135623730951,0.04000784459439895,exact_deterministic_ggn_2b,torch.float64,1.8183202143973176e-07,2.5407000506318993e-14,1.527465934247873e-12,symmetrized_jacobi_fullfp64_chunked,1024,1.0,1e-06,paper_sgd_momentum_1e-6
14,0,-2.4134674072265625,-1.55911386013031,-2.426966905593872,-2.79123854637146,0.01395576074719429,0.0,0.0001,0.36125287413597107,84.32,9.7,251,0.46894538402557373,26,0.16595834493637085,-0.07807064801454544,0.01036209985613823,0.0001,1059,4341760,15736.498167362995,4341760,10.0,0.25237852334976196,0.48800742626190186,0.8812750577926636,0.6118296980857849,-0.20231866836547852,0.10593662410974503,1.0,1.0,512,124.8582763671875,17573.18359375,1.3790201788980392e-12,0,1.0,0.1,25.353580474853516,1.0,16294.59765625,876.0986422181622,0.4689454138278961,1.0,1.4142135623730951,0.04775430423939948,exact_deterministic_ggn_2b,torch.float64,6.242913173082343e-07,5.377768862011782e-15,1.1128052827020488e-12,symmetrized_jacobi_fullfp64_chunked,1024,1.0,1e-06,paper_sgd_momentum_1e-6
14,5,-2.432992458343506,-0.28364962339401245,-2.461313247680664,-2.980696678161621,0.033879976719617844,0.0,0.00015000000000000004,0.23440900444984436,80.16,9.5,249,0.44852617383003235,26,0.06961683183908463,0.008572384715080261,0.012232312932610512,0.00010000000000000003,1069,4382720,15900.776296060998,4382720,3.152188777923584,0.10000000149011612,0.5806387662887573,0.8787024617195129,0.6607698202133179,-0.7757017612457275,0.07134617865085602,1.0,1.0,512,5.787796974182129,14645.91015625,1.2699176014410388e-12,0,1.0,0.1,2.131920576095581,1.0,24807.498046875,1150.9234927586313,0.44852617383003235,1.0,1.4142135623730951,0.026030059462541312,exact_deterministic_ggn_2b,torch.float64,6.511272232501142e-08,2.105646684670755e-14,1.0254397946755557e-12,symmetrized_jacobi_fullfp64_chunked,1024,1.0,1e-06,paper_sgd_momentum_1e-6
14,5,-2.490750312805176,-0.4942745566368103,-2.4646270275115967,-5.233371257781982,0.11637643724679947,0.0,0.00033750000000000007,0.24309299886226654,77.45,9.1,250,0.5259725451469421,26,0.05740775913000107,-0.04745594784617424,0.06391038745641708,0.00022500000000000005,1079,4423680,16064.85669520218,4423680,2.8257992267608643,0.10000000149011612,0.46191516518592834,0.8962293267250061,0.6093302369117737,-2.465524196624756,0.27288612723350525,1.0,1.0,512,4.052748203277588,14514.8193359375,5.319116778722173e-12,0,0.9506198763847351,0.1,2.5361328125,1.0,22441.30078125,1225.8271386683125,0.5259726047515869,1.0,1.4142135623730951,0.04445460378289555,exact_deterministic_ggn_2b,torch.float64,2.085840122845184e-07,9.690921191786795e-14,4.3102581394939584e-12,symmetrized_jacobi_fullfp64_chunked,1024,1.0,1e-06,paper_sgd_momentum_1e-6
14,5,-2.4438958168029785,-1.1900824308395386,-2.437761068344116,-5.144819259643555,0.04482588171958923,0.0,0.00022500000000000005,0.1934453696012497,77.48,9.8,250,0.5543385744094849,26,0.06146680936217308,-0.03442520648241043,0.052491120994091034,0.00015000000000000004,1089,4464640,16229.426835393999,4464640,10.0,0.10000000149011612,0.5134848356246948,0.8223409056663513,0.5925740003585815,-2.477055311203003,0.11664684861898422,1.0,1.0,512,2.7201948165893555,13386.79296875,1.0168486911708354e-12,0,0.9019758105278015,0.1,30.6854248046875,1.0,22272.134765625,687.5191982794851,0.5543385744094849,1.0,1.4142135623730951,0.021269090906038624,exact_deterministic_ggn_2b,torch.float64,5.60176474095897e-08,1.6797525867540935e-14,9.07990656695845e-13,symmetrized_jacobi_fullfp64_chunked,1024,1.0,1e-06,paper_sgd_momentum_1e-6
14,5,-2.4517784118652344,-1.5787944793701172,-2.4596853256225586,-2.8169162273406982,0.010131768882274628,0.0,0.0001,0.1919567883014679,83.12,9.8,249,0.4683554172515869,26,0.07878126204013824,-0.02972334995865822,0.007850865833461285,0.0001,1099,4505600,16394.064183874987,4505600,10.0,0.10000000149011612,0.5766083598136902,0.8194801211357117,0.6317281126976013,0.05004294589161873,0.03759485110640526,1.0,1.0,512,16.4681396484375,14690.201171875,9.077258870882702e-13,0,1.0,0.1,2.238278388977051,1.0,26572.810546875,697.850084463193,0.4683554470539093,1.0,1.4142135623730951,0.03281357629082813,exact_deterministic_ggn_2b,torch.float64,8.234069071022532e-08,9.454454434296632e-15,7.897044103862179e-13,symmetrized_jacobi_fullfp64_chunked,1024,1.0,1e-06,paper_sgd_momentum_1e-6
14,0,-2.4647419452667236,-1.839002013206482,-2.4734530448913574,-2.8109219074249268,0.009957491420209408,0.0,0.0001,0.18160462379455566,79.58,10.0,250,0.4326491057872772,26,0.08600723743438721,-0.02181222289800644,0.007352880202233791,0.0001,1109,4546560,16558.55455564009,4546560,7.757373809814453,0.10000000149011612,0.6510628461837769,0.9270487427711487,0.687262237071991,0.0312950499355793,0.01991353929042816,1.0,1.0,512,36.187110900878906,22815.04296875,1.6947941542508108e-12,0,1.0,0.1,21.92011260986328,1.0,28086.11328125,1485.6128405087154,0.4326491057872772,1.0,1.4142135623730951,0.04357802440806755,exact_deterministic_ggn_2b,torch.float64,1.8093554388087796e-07,1.1912892317066005e-14,1.2323992665952755e-12,symmetrized_jacobi_fullfp64_chunked,1024,1.0,1e-06,paper_sgd_momentum_1e-6
14,5,-2.4861278533935547,-1.5238440036773682,-2.4926347732543945,-5.451185703277588,0.036370761692523956,0.0,0.0001,0.2947024405002594,87.14,9.6,249,0.3424839973449707,26,0.07508428394794464,-0.020377736538648605,0.04688294231891632,0.0001,1119,4587520,16722.521912260912,4587520,3.085922956466675,0.10000000149011612,0.5064518451690674,0.9592652320861816,0.559708297252655,-2.5131442546844482,0.08426529169082642,1.0,1.0,512,6.049899101257324,11281.265625,1.3247277984070415e-12,0,1.0,0.1,3.192478656768799,1.0,26048.84765625,614.9257172712282,0.3424839973449707,1.0,1.4142135623730951,0.03914207350015268,exact_deterministic_ggn_2b,torch.float64,3.0249491800304895e-08,2.1028031540648176e-14,1.2158353848235747e-12,symmetrized_jacobi_fullfp64_chunked,1024,1.0,1e-06,paper_sgd_momentum_1e-6
14,5,-2.5607330799102783,-1.7557834386825562,-2.532701015472412,-5.51500940322876,0.08588909357786179,0.0,0.00022500000000000005,0.2292356938123703,90.01,9.4,250,0.5018237233161926,26,0.08239568024873734,0.03470173478126526,0.07080426812171936,0.00015000000000000004,1129,4628480,16886.809677334968,4628480,10.0,0.10000000149011612,0.49228256940841675,0.8463181853294373,0.6319125294685364,-2.5249650478363037,0.14777816832065582,1.0,1.0,512,14.087565422058105,18613.51171875,1.5081747657932521e-12,0,0.9963659048080444,0.1,14.231134414672852,1.0,27339.4375,948.2346534954952,0.5018236637115479,1.0,1.4142135623730951,0.01421496339898627,exact_deterministic_ggn_2b,torch.float64,3.5400441333877097e-07,1.6060392297451044e-14,1.3979175490798908e-12,symmetrized_jacobi_fullfp64_chunked,1024,1.0,1e-06,paper_sgd_momentum_1e-6
14,5,-2.5193374156951904,-0.30683624744415283,-2.5370595455169678,-5.880733966827393,0.07180235534906387,0.0,0.00010000000000000003,0.2601706385612488,77.41,9.3,249,0.49161389470100403,26,0.08848622441291809,-0.013844253495335579,0.062372587621212006,0.0001,1139,4669440,17051.164505367167,4669440,6.259309768676758,0.10669529438018799,0.47656071186065674,0.8686865568161011,0.5688459873199463,-2.5358927249908447,0.12761448323726654,1.0,1.0,512,9.32744026184082,20026.767578125,1.6149227429668039e-12,0,1.0,0.1,10.36184310913086,1.0,21813.76953125,1165.1905511091893,0.4916139245033264,1.0,1.4142135623730951,0.021870524662329714,exact_deterministic_ggn_2b,torch.float64,4.663719721520465e-08,2.084540709379926e-14,1.5386147973280475e-12,symmetrized_jacobi_fullfp64_chunked,1024,1.0,1e-06,paper_sgd_momentum_1e-6
14,5,-2.5875048637390137,-0.03982383385300636,-2.596508026123047,-5.172918796539307,0.0355418398976326,0.0,0.0007593750000000001,0.12788203358650208,193.17,7.6,249,0.3557976186275482,26,0.057663217186927795,-0.009102914482355118,0.02147403545677662,0.0005062500000000001,1149,4710400,17215.48096643109,4710400,5.699039459228516,0.10000000149011612,0.022994596511125565,0.8780548572540283,0.014643174596130848,-2.54685378074646,0.05488786846399307,1.0,1.0,512,6.31728982925415,7477.04833984375,3.667844529434099e-12,0,1.0,0.1,55.39998245239258,1.0,12001.78515625,521.2853352616012,0.3557976186275482,1.0,1.4142135623730951,0.08104259457075776,exact_deterministic_ggn_2b,torch.float64,1.821433784243709e-06,4.45216653753208e-14,3.262819758864763e-12,symmetrized_jacobi_fullfp64_chunked,1024,1.0,1e-06,paper_sgd_momentum_1e-6
14,5,-2.566528797149658,-0.9264428019523621,-2.5822861194610596,-5.8358354568481445,0.08334962278604507,0.0,0.0001,0.08820352703332901,119.07,8.4,250,0.48655158281326294,26,0.06293739378452301,-0.03075837716460228,0.05226704478263855,0.0001,1159,4751360,17379.75273009017,4751360,10.0,0.10000000149011612,-0.21779565513134003,0.8546943664550781,-0.369083970785141,-2.5797009468078613,0.4220498502254486,1.0,1.0,512,8.329326629638672,8050.8896484375,1.0172751770415471e-12,0,1.0,0.1,8.713260650634766,1.0,18582.46875,932.1547320098246,0.48655158281326294,1.0,1.4142135623730951,0.02558473684435576,exact_deterministic_ggn_2b,torch.float64,4.164662925632001e-08,1.3843975953921631e-14,9.929418220388784e-13,symmetrized_jacobi_fullfp64_chunked,1024,1.0,1e-06,paper_sgd_momentum_1e-6
14,0,-2.61808443069458,-1.4213985204696655,-2.595690965652466,-4.825534343719482,0.05155693367123604,0.0,0.00022500000000000005,0.2299140840768814,358.33,5.9,251,0.4083394706249237,26,0.2155776023864746,-0.04658976569771767,0.04548761248588562,0.00015000000000000004,1169,4792320,17543.680538876913,4792320,9.09561824798584,0.10000000149011612,-0.5161907076835632,0.9338844418525696,-0.588752031326294,-2.556878089904785,0.14535430073738098,1.0,1.0,512,55.42082977294922,14811.88671875,1.2893706472812386e-12,0,1.0,0.1,10.509234428405762,1.0,12799.05078125,597.3085780200702,0.4083394706249237,1.0,1.4142135623730951,0.03468111986882023,exact_deterministic_ggn_2b,torch.float64,1.4028396435605828e-06,7.47588879271924e-15,1.131428800628174e-12,symmetrized_jacobi_fullfp64_chunked,1024,1.0,1e-06,paper_sgd_momentum_1e-6
14,5,-2.5279293060302734,-0.4452790319919586,-2.5790205001831055,-4.832459926605225,0.08592093735933304,0.0,0.00015000000000000004,0.2533566951751709,181.86,6.8,251,0.5602342486381531,26,0.25189459323883057,-0.048733972012996674,0.050796471536159515,0.00010000000000000003,1179,4833280,17707.632552885916,4833280,8.306330680847168,0.10000000149011612,-0.4778910279273987,0.8809733986854553,-0.4898301362991333,-2.600288152694702,0.47547030448913574,1.0,1.0,512,37.17498016357422,41912.859375,2.947292320773726e-12,0,0.8924837112426758,0.1,21.978923797607422,1.0,24481.89453125,2704.858025780408,0.5602343082427979,1.0,1.4142135623730951,0.016915719839967376,exact_deterministic_ggn_2b,torch.float64,3.3312241498606454e-07,2.0423045309993997e-14,2.1259727099166653e-12,symmetrized_jacobi_fullfp64_chunked,1024,1.0,1e-06,paper_sgd_momentum_1e-6
14,5,-2.5800061225891113,0.5431845188140869,-2.603489875793457,-4.279473781585693,0.051080331206321716,0.0,0.0001,0.33160072565078735,91.0,8.2,251,0.5247821807861328,26,0.14531925320625305,0.017634406685829163,0.03838147968053818,0.0001,1189,4874240,17871.444744489156,4874240,6.701879978179932,0.10000000149011612,-0.13666236400604248,0.8339585065841675,0.15851682424545288,-2.5517935752868652,0.6297791004180908,1.0,1.0,512,16.59024429321289,11163.3525390625,1.044795539896366e-12,0,0.9527762532234192,0.1,26.860862731933594,1.0,22587.45703125,1500.4340875831394,0.5247821807861328,1.0,1.4142135623730951,0.02011412290753339,exact_deterministic_ggn_2b,torch.float64,7.530167067670845e-08,1.0177384588146726e-14,9.460767089077522e-13,symmetrized_jacobi_fullfp64_chunked,1024,1.0,1e-06,paper_sgd_momentum_1e-6
14,5,-2.5250654220581055,-1.103379249572754,-2.5093953609466553,-5.4333415031433105,0.1336909532546997,0.0,0.00033750000000000007,0.21089667081832886,75.69,8.5,250,0.4990480840206146,26,0.0999913364648819,-0.06504949927330017,0.09640040993690491,0.00022500000000000005,1199,4915200,18035.489914752077,4915200,8.541346549987793,0.10000000149011612,0.2815698981285095,0.9035171866416931,0.40537789463996887,-2.558558225631714,0.3139224052429199,1.0,1.0,512,4.126876354217529,24384.841796875,3.833634630532983e-12,0,1.0,0.1,4.684154510498047,1.0,24879.78125,2045.9764122271947,0.49904805421829224,1.0,1.4142135623730951,0.020860942178159477,exact_deterministic_ggn_2b,torch.float64,2.35038513096697e-07,6.721388378221546e-14,2.5002414563791707e-12,symmetrized_jacobi_fullfp64_chunked,1024,1.0,1e-06,paper_sgd_momentum_1e-6
14,5,-2.5302505493164062,-0.9211073517799377,-2.5261998176574707,-5.576014518737793,0.1076442301273346,0.0,0.00015000000000000004,0.15967348217964172,75.28,9.1,250,0.5004605650901794,26,0.06889478862285614,-0.010568388737738132,0.048195816576480865,0.00010000000000000003,1209,4956160,18199.710977275856,4956160,9.008856773376465,0.10000000149011612,0.35452479124069214,0.9343140721321106,0.5990672707557678,-2.5660715103149414,0.35489097237586975,1.0,1.0,512,3.1055643558502197,15475.03515625,2.0114633277573265e-12,0,0.999079704284668,0.1,7.409932613372803,1.0,28494.75390625,1209.1561012258676,0.5004605650901794,1.0,1.4142135623730951,0.035769644329393106,exact_deterministic_ggn_2b,torch.float64,3.4873327336981674e-08,3.894127008227683e-14,1.4842343511655026e-12,symmetrized_jacobi_fullfp64_chunked,1024,1.0,1e-06,paper_sgd_momentum_1e-6
14,5,-2.559445858001709,-0.6979609727859497,-2.6075360774993896,-5.393298149108887,0.05309116467833519,0.0,0.00010000000000000003,0.3096120357513428,101.94,9.3,250,0.4788634181022644,26,0.13521388173103333,-0.02473968267440796,0.04044226184487343,0.0001,1219,4997120,18364.00137763517,4997120,10.0,0.10000000149011612,0.12415126711130142,0.8394014239311218,0.20468232035636902,-2.57426381111145,0.2807992696762085,1.0,1.0,512,17.128612518310547,11580.33984375,1.4294977745549347e-12,0,1.0,0.1,13.518531799316406,1.0,22403.208984375,910.5040037716605,0.4788634181022644,1.0,1.4142135623730951,0.02818239952014201,exact_deterministic_ggn_2b,torch.float64,8.56430517615081e-08,1.4165456463655235e-14,1.2536617394008588e-12,symmetrized_jacobi_fullfp64_chunked,1024,1.0,1e-06,paper_sgd_momentum_1e-6
14,5,-2.596759557723999,-1.2821626663208008,-2.580125093460083,-5.812657833099365,0.10189870744943619,0.0,0.00033750000000000007,0.1213560551404953,91.02,9.1,250,0.49502161145210266,26,0.07176713645458221,-0.00870977621525526,0.09800347685813904,0.00022500000000000005,1229,5038080,18528.316824653186,5038080,3.5604629516601562,0.10000000149011612,0.345205157995224,0.8732360601425171,0.5469743609428406,-2.583710193634033,0.29191073775291443,1.0,1.0,512,2.9540207386016846,9467.5791015625,1.8862363782140185e-12,0,1.0,0.1,6.121521472930908,1.0,26648.87890625,1068.267030718456,0.49502161145210266,1.0,1.4142135623730951,0.040468851047173154,exact_deterministic_ggn_2b,torch.float64,1.6824071735754842e-07,3.57239397709742e-14,1.7767966089690494e-12,symmetrized_jacobi_fullfp64_chunked,1024,1.0,1e-06,paper_sgd_momentum_1e-6
14,5,-2.565422534942627,-2.046980142593384,-2.587144136428833,-3.080143928527832,0.015406139194965363,0.0,0.00010000000000000003,0.2018495351076126,85.08,9.5,251,0.4648880362510681,26,0.0591709241271019,-0.08112139999866486,0.015603924170136452,0.0001,1239,5079040,18692.28337362688,5079040,10.0,0.10636521875858307,0.4304494857788086,0.8917922973632812,0.5617428421974182,-0.25530463457107544,0.13341324031352997,1.0,1.0,512,11.412656784057617,8562.6337890625,1.7783940808481294e-12,0,1.0,0.1,37.29432678222656,1.0,22936.201171875,716.6039531486704,0.4648880064487457,1.0,1.4142135623730951,0.02433163737861426,exact_deterministic_ggn_2b,torch.float64,5.7063278546820584e-08,1.967067399393748e-14,2.522935831946439e-12,symmetrized_jacobi_fullfp64_chunked,1024,1.0,1e-06,paper_sgd_momentum_1e-6
14,5,-2.6258044242858887,-0.7665388584136963,-2.608158826828003,-5.576501369476318,0.08211551606655121,0.0,0.0005062500000000001,0.1870737373828888,74.64,9.6,250,0.42934858798980713,26,0.11778101325035095,-0.008217979222536087,0.06906802952289581,0.00033750000000000007,1249,5120000,18856.47083347896,5120000,3.244924306869507,0.10000000149011612,0.5021513104438782,0.8318365216255188,0.652010440826416,-2.604102373123169,0.1781463772058487,1.0,1.0,512,7.965472221374512,14427.2744140625,1.67975400175707e-12,0,1.0,0.1,2.5041918754577637,1.0,27225.740234375,611.1685380251516,0.42934855818748474,1.0,1.4142135623730951,0.04497679027627609,exact_deterministic_ggn_2b,torch.float64,1.0207317018284812e-06,2.3663868272778882e-14,1.5048143129267963e-12,symmetrized_jacobi_fullfp64_chunked,1024,1.0,1e-06,paper_sgd_momentum_1e-6
14,5,-2.6496942043304443,0.08583405613899231,-2.636155605316162,-5.727790355682373,0.10356345027685165,0.0,0.00022500000000000005,0.1791110634803772,101.79,9.5,251,0.5377922058105469,26,0.1368415653705597,-0.059945814311504364,0.07030372321605682,0.00015000000000000004,1259,5160960,19020.259725598153,5160960,2.958026170730591,0.10000000149011612,0.5368096828460693,0.9542017579078674,0.6410408616065979,-2.614215612411499,0.12890392541885376,1.0,1.0,512,14.862998962402344,17142.4609375,2.625708127092163e-12,0,0.9297271370887756,0.1,2.2246851921081543,1.0,27198.6328125,872.6292545880972,0.5377922058105469,1.0,1.4142135623730951,0.029947180228022,exact_deterministic_ggn_2b,torch.float64,3.2520145509806753e-07,2.872061096823854e-14,2.0326490157779613e-12,symmetrized_jacobi_fullfp64_chunked,1024,1.0,1e-06,paper_sgd_momentum_1e-6
14,5,-2.5981626510620117,-1.9612618684768677,-2.6031694412231445,-2.890324115753174,0.009673016145825386,0.0,0.00010000000000000003,0.2056136131286621,71.5,9.9,250,0.5147529244422913,26,0.05687716230750084,-0.03075527399778366,0.013478719629347324,0.0001,1269,5201920,19183.791589743923,5201920,6.361379623413086,0.10000000149011612,0.6356230974197388,0.9100815057754517,0.6708004474639893,0.12797841429710388,0.02102237567305565,1.0,1.0,512,5.71451997756958,15639.966796875,1.895778516922862e-12,0,0.9713398218154907,0.1,57.915870666503906,1.0,26667.33984375,581.288186808731,0.5147529244422913,1.0,1.4142135623730951,0.024910995091679513,exact_deterministic_ggn_2b,torch.float64,2.6958279164546184e-08,2.351953949377725e-14,1.7540985440884673e-12,symmetrized_jacobi_fullfp64_chunked,1024,1.0,1e-06,paper_sgd_momentum_1e-6
14,5,-2.6186437606811523,-1.336045503616333,-2.609874725341797,-5.733755111694336,0.05261734127998352,0.0,0.00015000000000000004,0.22058966755867004,73.08,9.7,250,0.4025421142578125,26,0.07942183315753937,-0.06793361902236938,0.07484866678714752,0.00010000000000000003,1279,5242880,19347.72158918623,5242880,10.0,0.10000000149011612,0.5874499678611755,0.8393125534057617,0.6506564021110535,-2.6353182792663574,0.09550104290246964,1.0,1.0,512,9.165748596191406,28825.908203125,2.3232763489664214e-12,0,1.0,0.1,18.819046020507812,1.0,32729.8515625,1037.8170294628956,0.4025421142578125,1.0,1.4142135623730951,0.03365104015291693,exact_deterministic_ggn_2b,torch.float64,1.0311467946166886e-07,2.935287613488114e-14,2.1414696672690605e-12,symmetrized_jacobi_fullfp64_chunked,1024,1.0,1e-06,paper_sgd_momentum_1e-6
14,5,-2.5886282920837402,-1.6342380046844482,-2.586650848388672,-5.592136383056641,0.06195194646716118,0.0,0.00022500000000000005,0.21707561612129211,73.43,9.8,245,0.5181336402893066,26,0.08747802674770355,-0.03943569213151932,0.07707444578409195,0.00015000000000000004,1289,5283840,19511.95977465203,5283840,6.8494696617126465,0.10000000149011612,0.5505616664886475,0.9602358341217041,0.6086798310279846,-2.645747661590576,0.09735317528247833,1.0,1.0,512,4.812300682067871,23412.140625,2.2358099642800256e-12,0,0.9650020003318787,0.1,103.44001770019531,1.0,33716.45703125,585.2510828838512,0.5181336402893066,1.0,1.4142135623730951,0.022852923501842853,exact_deterministic_ggn_2b,torch.float64,1.1343424688448067e-07,2.412909286263283e-14,2.0420827269094573e-12,symmetrized_jacobi_fullfp64_chunked,1024,1.0,1e-06,paper_sgd_momentum_1e-6
14,5,-2.67850399017334,-1.2974693775177002,-2.6529741287231445,-5.838686466217041,0.09855703264474869,0.0,0.0005062500000000001,0.20314708352088928,70.65,9.5,250,0.6045290231704712,26,0.06201648712158203,0.016089342534542084,0.08253832906484604,0.00033750000000000007,1299,5324800,19679.655169568956,5324800,10.0,0.10000000149011612,0.4642212390899658,0.8125534057617188,0.5454158186912537,-2.6559925079345703,0.1784677952528,1.0,1.0,512,1.0502396821975708,19800.171875,2.642826984641681e-12,0,0.8270901441574097,0.1,11.253385543823242,1.0,32003.123046875,2483.1629564391187,0.6045290231704712,1.0,1.4142135623730951,0.03130821659589467,exact_deterministic_ggn_2b,torch.float64,9.206492990188053e-08,5.908133353521042e-14,2.5433091222030732e-12,symmetrized_jacobi_fullfp64_chunked,1024,1.0,1e-06,paper_sgd_momentum_1e-6
14,5,-2.756204605102539,0.4602710008621216,-2.654029607772827,-5.696774482727051,0.2028312087059021,0.0,0.00010000000000000003,0.265046626329422,78.9,8.9,251,0.6138373613357544,26,0.14174525439739227,-0.07220279425382614,0.16396407783031464,0.0001,1309,5365760,19843.835826168302,5365760,3.4610414505004883,0.10000000149011612,0.4018922448158264,0.8214889168739319,0.5373265147209167,-2.666027545928955,0.3357376754283905,1.0,1.0,512,6.905037879943848,41588.83203125,5.417086682087385e-12,0,0.8145480155944824,0.1,4.225494384765625,1.0,34110.88671875,3544.0230520196415,0.6138373613357544,1.0,1.4142135623730951,0.020629278415035156,exact_deterministic_ggn_2b,torch.float64,2.2907061136834272e-08,7.689061375128882e-14,4.28386602250072e-12,symmetrized_jacobi_fullfp64_chunked,1024,1.0,1e-06,paper_sgd_momentum_1e-6
14,5,-2.642136812210083,-1.1461329460144043,-2.635645627975464,-5.670467853546143,0.05506337806582451,0.0,0.00010000000000000003,0.21997860074043274,71.3,9.3,251,0.5580847263336182,26,0.0855441465973854,-0.04011848196387291,0.0525636188685894,0.0001,1319,5406720,20007.596899596974,5406720,7.011651992797852,0.10000000149011612,0.5521104335784912,0.8175978660583496,0.634286642074585,-2.676112413406372,0.11899731308221817,1.0,1.0,512,4.622420787811279,26716.95703125,6.3669330200285265e-12,0,0.8959212303161621,0.1,29.08015251159668,1.0,32166.056640625,1591.002298134545,0.5580847859382629,1.0,1.4142135623730951,0.02610703944296468,exact_deterministic_ggn_2b,torch.float64,1.8551501668184756e-08,9.517587412441273e-14,4.3206314457861606e-12,symmetrized_jacobi_fullfp64_chunked,1024,1.0,1e-06,paper_sgd_momentum_1e-6
14,5,-2.718297004699707,-1.0710104703903198,-2.6875813007354736,-5.930508613586426,0.14062875509262085,0.0,0.00010000000000000003,0.26985102891921997,76.31,8.8,251,0.6075465679168701,26,0.09397469460964203,0.002619996666908264,0.1076410561800003,0.0001,1329,5447680,20171.60375701124,5447680,10.0,0.10000000149011612,0.28158140182495117,0.8118239045143127,0.39328262209892273,-2.6854584217071533,0.3046742379665375,1.0,1.0,512,4.800698280334473,24035.64453125,8.663660024280255e-12,0,0.8229822516441345,0.1,3.864503860473633,1.0,24200.59375,1697.2448764039893,0.6075465083122253,1.0,1.4142135623730951,0.026233969743251716,exact_deterministic_ggn_2b,torch.float64,1.6257558854704257e-08,1.422714023763709e-13,5.436728744218198e-12,symmetrized_jacobi_fullfp64_chunked,1024,1.0,1e-06,paper_sgd_momentum_1e-6
14,0,-2.673269748687744,-1.699742317199707,-2.6571204662323,-5.6099982261657715,0.07098057121038437,0.0,0.00015000000000000004,0.2580209970474243,71.76,9.6,251,0.520422101020813,26,0.09629511833190918,-0.08459122478961945,0.060759421437978745,0.00010000000000000003,1339,5488640,20335.353906000964,5488640,2.8646976947784424,0.10000000149011612,0.5197601318359375,0.8789746165275574,0.6135115623474121,-2.694797992706299,0.12864789366722107,1.0,1.0,512,4.131556510925293,18587.44921875,1.933384739123057e-12,0,0.9607585668563843,0.1,10.32696533203125,1.0,27981.6171875,1124.5511581447215,0.520422101020813,1.0,1.4142135623730951,0.04132924569020708,exact_deterministic_ggn_2b,torch.float64,4.2903703700858387e-08,3.361937114954584e-14,1.6732822227234156e-12,symmetrized_jacobi_fullfp64_chunked,1024,1.0,1e-06,paper_sgd_momentum_1e-6
14,5,-2.6485438346862793,-0.982272207736969,-2.6613218784332275,-5.766063213348389,0.07428033649921417,0.0,0.00022500000000000005,0.277251660823822,76.25,9.4,251,0.46192315220832825,26,0.0940527692437172,-0.004098063334822655,0.030978001654148102,0.00015000000000000004,1349,5529600,20499.200596689247,5529600,4.701188087463379,0.10000000149011612,0.47887492179870605,0.8570384979248047,0.6025846600532532,-2.7036306858062744,0.12852346897125244,1.0,1.0,512,5.4217352867126465,22731.96875,3.962266006841245e-12,0,1.0,0.1,12.24084186553955,1.0,33127.07421875,964.9939746408882,0.46192312240600586,1.0,1.4142135623730951,0.023084526196769515,exact_deterministic_ggn_2b,torch.float64,1.3723766301154683e-07,6.189837066321273e-14,3.5803825940451316e-12,symmetrized_jacobi_fullfp64_chunked,1024,1.0,1e-06,paper_sgd_momentum_1e-6
14,5,-2.6977810859680176,-0.9725970029830933,-2.673541307449341,-5.7638773918151855,0.07819683104753494,0.0,0.00022500000000000005,0.26457440853118896,72.87,9.2,251,0.46190422773361206,26,0.07483404129743576,0.03444066271185875,0.039047446101903915,0.00015000000000000004,1359,5570560,20662.938443328254,5570560,5.768472194671631,0.10000000149011612,0.521175742149353,0.9509816765785217,0.6320936679840088,-2.7137303352355957,0.18041226267814636,1.0,1.0,512,9.183015823364258,22364.037109375,4.832957763242112e-12,0,1.0,0.1,10.844493865966797,1.0,29237.115234375,1526.4819065765714,0.46190422773361206,1.0,1.4142135623730951,0.023957699325573623,exact_deterministic_ggn_2b,torch.float64,2.3244507474373677e-07,6.204401451918702e-14,3.5898403856025598e-12,symmetrized_jacobi_fullfp64_chunked,1024,1.0,1e-06,paper_sgd_momentum_1e-6
14,5,-2.728142261505127,-2.411283254623413,-2.7186434268951416,-5.012421607971191,0.026454590260982513,0.0,0.00015000000000000004,0.23539133369922638,70.49,9.8,251,0.4234149158000946,26,0.102569580078125,0.0006891302764415741,0.025428568944334984,0.00010000000000000003,1369,5611520,20826.93466274906,5611520,4.4390645027160645,0.10000000149011612,0.6373488903045654,0.8726866245269775,0.6834169626235962,-2.723811149597168,0.06154618412256241,1.0,1.0,512,21.48013687133789,27585.48828125,1.729259123947488e-12,0,1.0,0.1,13.269844055175781,1.0,29589.7265625,1154.4641636405256,0.423414945602417,1.0,1.4142135623730951,0.048751714338949564,exact_deterministic_ggn_2b,torch.float64,2.4165154854927096e-07,1.5548297152554722e-14,1.5262545023844867e-12,symmetrized_jacobi_fullfp64_chunked,1024,1.0,1e-06,paper_sgd_momentum_1e-6
14,5,-2.7608237266540527,-1.4256365299224854,-2.732264995574951,-6.046306610107422,0.0860665962100029,0.0,0.00010000000000000003,0.24903103709220886,67.84,9.6,250,0.4683600068092346,26,0.07962863147258759,-0.03547576069831848,0.06785617023706436,0.0001,1379,5652480,20991.171992526855,5652480,4.969613552093506,0.10000000149011612,0.5996241569519043,0.8637410402297974,0.6668273210525513,-2.733619213104248,0.13291378319263458,1.0,1.0,512,10.0718994140625,22355.6484375,1.7394992319002645e-12,0,1.0,0.1,21.71977996826172,1.0,30909.802734375,1171.3520222556951,0.46835997700691223,1.0,1.4142135623730951,0.04382205255879188,exact_deterministic_ggn_2b,torch.float64,5.0359492576035336e-08,2.0759098804463456e-14,1.605991834348964e-12,symmetrized_jacobi_fullfp64_chunked,1024,1.0,1e-06,paper_sgd_momentum_1e-6
14,5,-2.758591413497925,-1.7594890594482422,-2.7437007427215576,-5.409398078918457,0.030027324333786964,0.0,0.00022500000000000005,0.22297585010528564,77.48,9.8,250,0.45645320415496826,26,0.0742766261100769,-0.009017128497362137,0.021061018109321594,0.00015000000000000004,1389,5693440,21155.249493412208,5693440,7.4822564125061035,0.10000000149011612,0.6491446495056152,0.8550944924354553,0.6901702880859375,-2.7435858249664307,0.052793603390455246,1.0,1.0,512,5.573979377746582,22329.00390625,2.395452971668171e-12,0,1.0,0.1,19.401519775390625,1.0,33908.08203125,939.2213908173587,0.45645320415496826,1.0,1.4142135623730951,0.03503062473149546,exact_deterministic_ggn_2b,torch.float64,1.410913483823606e-07,3.644788351737414e-14,2.0815413073445354e-12,symmetrized_jacobi_fullfp64_chunked,1024,1.0,1e-06,paper_sgd_momentum_1e-6
14,5,-2.7361395359039307,-1.5968526601791382,-2.744715929031372,-3.1507997512817383,0.019851893186569214,0.0,0.0001,0.23453551530838013,73.61,9.8,251,0.3186054229736328,26,0.09504580497741699,-0.019162731245160103,0.007476643659174442,0.0001,1399,5734400,21319.26679277001,5734400,6.306671142578125,0.10000000149011612,0.6254616975784302,0.9871663451194763,0.6421254873275757,0.10428611189126968,0.018316930159926414,1.0,1.0,512,14.33890438079834,22343.22265625,1.585537184998055e-12,0,1.0,0.1,4.855128288269043,1.0,30169.28515625,900.7606652617716,0.3186054229736328,1.0,1.4142135623730951,0.025335730837616425,exact_deterministic_ggn_2b,torch.float64,7.169451521349401e-08,1.7534338942064443e-14,1.323643472214023e-12,symmetrized_jacobi_fullfp64_chunked,1024,1.0,1e-06,paper_sgd_momentum_1e-6
14,5,-2.869387149810791,-2.019540548324585,-2.782027006149292,-6.175276756286621,0.19483229517936707,0.0,0.00033750000000000007,0.19404177367687225,68.55,9.2,250,0.5935055017471313,26,0.0952058807015419,-0.04747309535741806,0.13200026750564575,0.00022500000000000005,1409,5775360,21483.192527342122,5775360,3.555243492126465,0.10000000149011612,0.5621211528778076,0.9125114679336548,0.673019528388977,-2.763265371322632,0.20480765402317047,1.0,1.0,512,5.92159366607666,25243.5078125,4.912334917440413e-12,0,0.8424521684646606,0.1,21.675411224365234,1.0,39570.6328125,981.428992580392,0.5935055017471313,1.0,1.4142135623730951,0.034914193662770626,exact_deterministic_ggn_2b,torch.float64,2.393572913206299e-07,6.93248534484998e-14,4.245530715473441e-12,symmetrized_jacobi_fullfp64_chunked,1024,1.0,1e-06,paper_sgd_momentum_1e-6
14,5,-2.793303966522217,-2.189237117767334,-2.7544736862182617,-5.9853081703186035,0.10797643661499023,0.0,0.00033750000000000007,0.2431146204471588,68.92,9.5,250,0.47514599561691284,26,0.12119829654693604,-0.02374277636408806,0.0773695632815361,0.00022500000000000005,1419,5816320,21647.30762977386,5816320,4.036052227020264,0.10000000149011612,0.4470326900482178,0.8174301385879517,0.5449905395507812,-2.772048234939575,0.17254535853862762,1.0,1.0,512,6.602898597717285,24366.69921875,2.935101122053867e-12,0,1.0,0.1,12.024608612060547,1.0,32184.615234375,1247.6560067236667,0.47514599561691284,1.0,1.4142135623730951,0.05245568247462949,exact_deterministic_ggn_2b,torch.float64,3.7605570923915366e-07,4.2423537451599055e-14,2.4439326279918254e-12,symmetrized_jacobi_fullfp64_chunked,1024,1.0,1e-06,paper_sgd_momentum_1e-6
14,5,-2.7809624671936035,-1.7853920459747314,-2.7543816566467285,-6.020695209503174,0.08654214441776276,0.0,0.00010000000000000003,0.15041282773017883,68.05,9.4,250,0.5557000041007996,26,0.09506461024284363,-0.013961715623736382,0.07776916027069092,0.0001,1429,5857280,21811.30364212906,5857280,4.669371128082275,0.10000000149011612,0.5262203216552734,0.8848168849945068,0.6130682229995728,-2.781151056289673,0.13401485979557037,1.0,1.0,512,47.1192741394043,25547.453125,4.167922511616597e-12,0,0.8997659683227539,0.1,30.49129867553711,1.0,48426.72265625,976.5465751891817,0.5557000637054443,1.0,1.4142135623730951,0.046533171461450286,exact_deterministic_ggn_2b,torch.float64,1.907338003093173e-07,2.5698564383647885e-14,3.866853000010158e-12,symmetrized_jacobi_fullfp64_chunked,1024,1.0,1e-06,paper_sgd_momentum_1e-6
14,5,-2.812497854232788,-1.0996464490890503,-2.7719409465789795,-6.231201171875,0.10143306851387024,0.0,0.00022500000000000005,0.1918397843837738,68.02,9.2,251,0.43104487657546997,26,0.07820434868335724,-0.036387789994478226,0.06790351122617722,0.00015000000000000004,1439,5898240,21974.958032204304,5898240,3.0142273902893066,0.10000000149011612,0.5104228258132935,0.8551016449928284,0.6217426657676697,-2.7928946018218994,0.24270464479923248,1.0,1.0,512,2.1704773902893066,22574.35546875,3.5014696466252984e-12,0,1.0,0.1,4.8133087158203125,1.0,49476.21875,1642.4978727811813,0.43104487657546997,1.0,1.4142135623730951,0.03662048355923099,exact_deterministic_ggn_2b,torch.float64,5.4940205274078835e-08,7.625140119829494e-14,3.3912235256086343e-12,symmetrized_jacobi_fullfp64_chunked,1024,1.0,1e-06,paper_sgd_momentum_1e-6
14,5,-2.787229537963867,-1.4602479934692383,-2.7821168899536133,-5.688202857971191,0.08900389075279236,0.0,0.00015000000000000004,0.17430490255355835,68.68,9.4,250,0.5235272645950317,26,0.07973775267601013,0.0048241280019283295,0.06652972102165222,0.00010000000000000003,1449,5939200,22139.29652579222,5939200,10.0,0.10000000149011612,0.47758758068084717,0.900007963180542,0.5469611287117004,-2.799792766571045,0.13337008655071259,1.0,1.0,512,9.145106315612793,20731.326171875,3.0193030126581502e-12,0,0.9550601243972778,0.1,12.920248031616211,1.0,41769.28125,791.5606060011143,0.5235272645950317,1.0,1.4142135623730951,0.035537573760706924,exact_deterministic_ggn_2b,torch.float64,9.384318389038526e-08,3.822501400994572e-14,2.773233833658852e-12,symmetrized_jacobi_fullfp64_chunked,1024,1.0,1e-06,paper_sgd_momentum_1e-6
14,5,-2.802823066711426,-1.2759466171264648,-2.786746025085449,-5.92853307723999,0.0607723630964756,0.0,0.00015000000000000004,0.20879697799682617,72.77,9.8,250,0.5155104398727417,26,0.07927778363227844,-0.014169417321681976,0.06552697718143463,0.00010000000000000003,1459,5980160,22303.594330937136,5980160,4.475481986999512,0.10000000149011612,0.5768207311630249,0.7796014547348022,0.640078604221344,-2.809325933456421,0.08938976377248764,1.0,1.0,512,13.415069580078125,26486.09375,3.7362251514203e-12,0,0.9699124693870544,0.1,27.012876510620117,1.0,46697.90234375,1719.921014764328,0.5155104398727417,1.0,1.4142135623730951,0.03219992104872298,exact_deterministic_ggn_2b,torch.float64,1.419745672137651e-07,3.860534676206597e-14,2.9850155685137436e-12,symmetrized_jacobi_fullfp64_chunked,1024,1.0,1e-06,paper_sgd_momentum_1e-6
