Setting seed: 1
Logging to logs/shared.ppo.karzmarz_False.resnet.dropout_0.0.damping_0.1.lr_0.001/coinrun-easy-0-10.20260721-001832_1
creating environment
Running on device: cuda:0
training...

Number of parameters: 938979.0

------------------------------------
| action_max            | 14       |
| action_min            | 0        |
| adv_avg               | -0.378   |
| adv_max               | 1.58     |
| adv_med               | -0.463   |
| adv_min               | -3.73    |
| adv_var               | 0.224    |
| clipfrac              | 0.266    |
| curr_lr               | 0.001    |
| entropy               | 1.86     |
| eplenmean             | 379      |
| eprewmean             | 3.9      |
| fps                   | 5.51e+03 |
| grad_norm             | 10.9     |
| kl                    | 0.0463   |
| loss_pi               | -0.0133  |
| loss_v                | 0.177    |
| lr                    | 0.001    |
| misc/nupdates         | 9        |
| misc/serial_timesteps | 4.1e+04  |
| misc/time_elapsed     | 8.05     |
| misc/total_timesteps  | 4.1e+04  |
| ratio_max             | 3.94     |
| ratio_min             | 0.0714   |
| ret_avg               | 1.14     |
| ret_max               | 2.77     |
| ret_med               | 0.773    |
| ret_min               | -0.476   |
| ret_var               | 1.55     |
------------------------------------
------------------------------------
| action_max            | 14       |
| action_min            | 0        |
| adv_avg               | -0.935   |
| adv_max               | 0.726    |
| adv_med               | -0.911   |
| adv_min               | -2.9     |
| adv_var               | 0.136    |
| clipfrac              | 0.299    |
| curr_lr               | 0.001    |
| entropy               | 2.12     |
| eplenmean             | 77.3     |
| eprewmean             | 3.8      |
| fps                   | 5.53e+03 |
| grad_norm             | 1.18     |
| kl                    | 0.0234   |
| loss_pi               | -0.0413  |
| loss_v                | 0.0719   |
| lr                    | 0.001    |
| misc/nupdates         | 19       |
| misc/serial_timesteps | 8.19e+04 |
| misc/time_elapsed     | 15.4     |
| misc/total_timesteps  | 8.19e+04 |
| ratio_max             | 1.64     |
| ratio_min             | 0.29     |
| ret_avg               | 0.137    |
| ret_max               | 2        |
| ret_med               | -0.159   |
| ret_min               | -0.881   |
| ret_var               | 0.625    |
------------------------------------
------------------------------------
| action_max            | 14       |
| action_min            | 0        |
| adv_avg               | -0.931   |
| adv_max               | 0.435    |
| adv_med               | -0.925   |
| adv_min               | -2.64    |
| adv_var               | 0.0373   |
| clipfrac              | 0.275    |
| curr_lr               | 0.001    |
| entropy               | 2.21     |
| eplenmean             | 194      |
| eprewmean             | 4.3      |
| fps                   | 5.51e+03 |
| grad_norm             | 1.17     |
| kl                    | 0.0238   |
| loss_pi               | -0.023   |
| loss_v                | 0.0252   |
| lr                    | 0.001    |
| misc/nupdates         | 29       |
| misc/serial_timesteps | 1.23e+05 |
| misc/time_elapsed     | 22.8     |
| misc/total_timesteps  | 1.23e+05 |
| ratio_max             | 2.42     |
| ratio_min             | 0.241    |
| ret_avg               | -0.242   |
| ret_max               | 1.95     |
| ret_med               | -0.552   |
| ret_min               | -0.923   |
| ret_var               | 0.535    |
------------------------------------
------------------------------------
| action_max            | 14       |
| action_min            | 0        |
| adv_avg               | -0.927   |
| adv_max               | -0.345   |
| adv_med               | -0.898   |
| adv_min               | -3.04    |
| adv_var               | 0.0292   |
| clipfrac              | 0.352    |
| curr_lr               | 0.001    |
| entropy               | 2.13     |
| eplenmean             | 404      |
| eprewmean             | 3.2      |
| fps                   | 5.63e+03 |
| grad_norm             | 0.866    |
| kl                    | 0.0334   |
| loss_pi               | -0.0327  |
| loss_v                | 0.0069   |
| lr                    | 0.001    |
| misc/nupdates         | 39       |
| misc/serial_timesteps | 1.64e+05 |
| misc/time_elapsed     | 30.2     |
| misc/total_timesteps  | 1.64e+05 |
| ratio_max             | 2.34     |
| ratio_min             | 0.152    |
| ret_avg               | -0.283   |
| ret_max               | 1.85     |
| ret_med               | -0.537   |
| ret_min               | -0.89    |
| ret_var               | 0.318    |
------------------------------------
------------------------------------
| action_max            | 14       |
| action_min            | 0        |
| adv_avg               | -0.865   |
| adv_max               | 1.78     |
| adv_med               | -0.872   |
| adv_min               | -2       |
| adv_var               | 0.0265   |
| clipfrac              | 0.229    |
| curr_lr               | 0.001    |
| entropy               | 1.92     |
| eplenmean             | 561      |
| eprewmean             | 2.7      |
| fps                   | 5.85e+03 |
| grad_norm             | 1.53     |
| kl                    | 0.0189   |
| loss_pi               | -0.00893 |
| loss_v                | 0.00727  |
| lr                    | 0.001    |
| misc/nupdates         | 49       |
| misc/serial_timesteps | 2.05e+05 |
| misc/time_elapsed     | 37.3     |
| misc/total_timesteps  | 2.05e+05 |
| ratio_max             | 2.51     |
| ratio_min             | 0.253    |
| ret_avg               | -0.314   |
| ret_max               | 2.6      |
| ret_med               | -0.547   |
| ret_min               | -0.867   |
| ret_var               | 0.415    |
------------------------------------
------------------------------------
| action_max            | 14       |
| action_min            | 0        |
| adv_avg               | -0.848   |
| adv_max               | 0.664    |
| adv_med               | -0.872   |
| adv_min               | -1.61    |
| adv_var               | 0.0259   |
| clipfrac              | 0.242    |
| curr_lr               | 0.001    |
| entropy               | 1.88     |
| eplenmean             | 591      |
| eprewmean             | 2.8      |
| fps                   | 5.84e+03 |
| grad_norm             | 1.36     |
| kl                    | 0.0213   |
| loss_pi               | -0.0193  |
| loss_v                | 0.0112   |
| lr                    | 0.001    |
| misc/nupdates         | 59       |
| misc/serial_timesteps | 2.46e+05 |
| misc/time_elapsed     | 44.4     |
| misc/total_timesteps  | 2.46e+05 |
| ratio_max             | 2.38     |
| ratio_min             | 0.317    |
| ret_avg               | -0.216   |
| ret_max               | 2.61     |
| ret_med               | -0.418   |
| ret_min               | -0.869   |
| ret_var               | 0.438    |
------------------------------------
------------------------------------
| action_max            | 14       |
| action_min            | 0        |
| adv_avg               | -0.872   |
| adv_max               | 0.0838   |
| adv_med               | -0.868   |
| adv_min               | -1.25    |
| adv_var               | 0.00642  |
| clipfrac              | 0.305    |
| curr_lr               | 0.001    |
| entropy               | 1.79     |
| eplenmean             | 636      |
| eprewmean             | 3        |
| fps                   | 5.86e+03 |
| grad_norm             | 1.14     |
| kl                    | 0.021    |
| loss_pi               | -0.0244  |
| loss_v                | 0.00544  |
| lr                    | 0.001    |
| misc/nupdates         | 69       |
| misc/serial_timesteps | 2.87e+05 |
| misc/time_elapsed     | 51.5     |
| misc/total_timesteps  | 2.87e+05 |
| ratio_max             | 1.97     |
| ratio_min             | 0.526    |
| ret_avg               | -0.1     |
| ret_max               | 2.85     |
| ret_med               | -0.529   |
| ret_min               | -0.86    |
| ret_var               | 0.859    |
------------------------------------
------------------------------------
| action_max            | 14       |
| action_min            | 0        |
| adv_avg               | -0.842   |
| adv_max               | -0.149   |
| adv_med               | -0.841   |
| adv_min               | -1.32    |
| adv_var               | 0.00431  |
| clipfrac              | 0.326    |
| curr_lr               | 0.001    |
| entropy               | 1.9      |
| eplenmean             | 631      |
| eprewmean             | 2.3      |
| fps                   | 5.61e+03 |
| grad_norm             | 0.363    |
| kl                    | 0.0265   |
| loss_pi               | -0.046   |
| loss_v                | 0.00199  |
| lr                    | 0.001    |
| misc/nupdates         | 79       |
| misc/serial_timesteps | 3.28e+05 |
| misc/time_elapsed     | 58.7     |
| misc/total_timesteps  | 3.28e+05 |
| ratio_max             | 2.07     |
| ratio_min             | 0.204    |
| ret_avg               | -0.524   |
| ret_max               | 2.84     |
| ret_med               | -0.569   |
| ret_min               | -0.838   |
| ret_var               | 0.173    |
------------------------------------
------------------------------------
| action_max            | 14       |
| action_min            | 0        |
| adv_avg               | -0.794   |
| adv_max               | 1.27     |
| adv_med               | -0.812   |
| adv_min               | -1.67    |
| adv_var               | 0.0263   |
| clipfrac              | 0.25     |
| curr_lr               | 0.001    |
| entropy               | 1.69     |
| eplenmean             | 637      |
| eprewmean             | 2.3      |
| fps                   | 5.47e+03 |
| grad_norm             | 0.549    |
| kl                    | 0.0246   |
| loss_pi               | -0.0026  |
| loss_v                | 0.0066   |
| lr                    | 0.001    |
| misc/nupdates         | 89       |
| misc/serial_timesteps | 3.69e+05 |
| misc/time_elapsed     | 66       |
| misc/total_timesteps  | 3.69e+05 |
| ratio_max             | 2.57     |
| ratio_min             | 0.392    |
| ret_avg               | -0.421   |
| ret_max               | 2.97     |
| ret_med               | -0.594   |
| ret_min               | -0.807   |
| ret_var               | 0.503    |
------------------------------------
------------------------------------
| action_max            | 14       |
| action_min            | 0        |
| adv_avg               | -0.768   |
| adv_max               | 1.12     |
| adv_med               | -0.785   |
| adv_min               | -2.48    |
| adv_var               | 0.0371   |
| clipfrac              | 0.229    |
| curr_lr               | 0.001    |
| entropy               | 1.7      |
| eplenmean             | 424      |
| eprewmean             | 3.5      |
| fps                   | 5.52e+03 |
| grad_norm             | 1.14     |
| kl                    | 0.0257   |
| loss_pi               | -0.0343  |
| loss_v                | 0.0138   |
| lr                    | 0.001    |
| misc/nupdates         | 99       |
| misc/serial_timesteps | 4.1e+05  |
| misc/time_elapsed     | 73.5     |
| misc/total_timesteps  | 4.1e+05  |
| ratio_max             | 3.28     |
| ratio_min             | 0.33     |
| ret_avg               | -0.252   |
| ret_max               | 3.01     |
| ret_med               | -0.573   |
| ret_min               | -0.781   |
| ret_var               | 0.866    |
------------------------------------
------------------------------------
| action_max            | 14       |
| action_min            | 0        |
| adv_avg               | -0.733   |
| adv_max               | 1.96     |
| adv_med               | -0.763   |
| adv_min               | -3.03    |
| adv_var               | 0.0927   |
| clipfrac              | 0.279    |
| curr_lr               | 0.001    |
| entropy               | 1.68     |
| eplenmean             | 378      |
| eprewmean             | 3.8      |
| fps                   | 5.49e+03 |
| grad_norm             | 0.818    |
| kl                    | 0.026    |
| loss_pi               | -0.0479  |
| loss_v                | 0.0347   |
| lr                    | 0.001    |
| misc/nupdates         | 109      |
| misc/serial_timesteps | 4.51e+05 |
| misc/time_elapsed     | 80.9     |
| misc/total_timesteps  | 4.51e+05 |
| ratio_max             | 3.84     |
| ratio_min             | 0.249    |
| ret_avg               | 0.167    |
| ret_max               | 3.13     |
| ret_med               | -0.542   |
| ret_min               | -0.762   |
| ret_var               | 1.64     |
------------------------------------
------------------------------------
| action_max            | 14       |
| action_min            | 0        |
| adv_avg               | -0.765   |
| adv_max               | 0.989    |
| adv_med               | -0.758   |
| adv_min               | -3.12    |
| adv_var               | 0.0841   |
| clipfrac              | 0.23     |
| curr_lr               | 0.001    |
| entropy               | 1.68     |
| eplenmean             | 251      |
| eprewmean             | 4.6      |
| fps                   | 5.7e+03  |
| grad_norm             | 2.09     |
| kl                    | 0.0249   |
| loss_pi               | -0.0489  |
| loss_v                | 0.0379   |
| lr                    | 0.001    |
| misc/nupdates         | 119      |
| misc/serial_timesteps | 4.92e+05 |
| misc/time_elapsed     | 88.2     |
| misc/total_timesteps  | 4.92e+05 |
| ratio_max             | 1.96     |
| ratio_min             | 0.207    |
| ret_avg               | 0.0697   |
| ret_max               | 3.25     |
| ret_med               | -0.501   |
| ret_min               | -0.755   |
| ret_var               | 0.891    |
------------------------------------
------------------------------------
| action_max            | 14       |
| action_min            | 0        |
| adv_avg               | -0.742   |
| adv_max               | 2.34     |
| adv_med               | -0.762   |
| adv_min               | -2.18    |
| adv_var               | 0.0664   |
| clipfrac              | 0.271    |
| curr_lr               | 0.001    |
| entropy               | 1.73     |
| eplenmean             | 155      |
| eprewmean             | 4.9      |
| fps                   | 5.58e+03 |
| grad_norm             | 1.12     |
| kl                    | 0.0308   |
| loss_pi               | -0.0268  |
| loss_v                | 0.0347   |
| lr                    | 0.001    |
| misc/nupdates         | 129      |
| misc/serial_timesteps | 5.32e+05 |
| misc/time_elapsed     | 95.6     |
| misc/total_timesteps  | 5.32e+05 |
| ratio_max             | 2.1      |
| ratio_min             | 0.292    |
| ret_avg               | -0.217   |
| ret_max               | 3        |
| ret_med               | -0.566   |
| ret_min               | -0.758   |
| ret_var               | 0.675    |
------------------------------------
------------------------------------
| action_max            | 14       |
| action_min            | 0        |
| adv_avg               | -0.766   |
| adv_max               | -0.22    |
| adv_med               | -0.765   |
| adv_min               | -1.49    |
| adv_var               | 0.00616  |
| clipfrac              | 0.312    |
| curr_lr               | 0.001    |
| entropy               | 1.57     |
| eplenmean             | 324      |
| eprewmean             | 3.8      |
| fps                   | 5.5e+03  |
| grad_norm             | 0.763    |
| kl                    | 0.0395   |
| loss_pi               | -0.0252  |
| loss_v                | 0.0044   |
| lr                    | 0.001    |
| misc/nupdates         | 139      |
| misc/serial_timesteps | 5.73e+05 |
| misc/time_elapsed     | 103      |
| misc/total_timesteps  | 5.73e+05 |
| ratio_max             | 4.69     |
| ratio_min             | 0.184    |
| ret_avg               | -0.341   |
| ret_max               | 3.01     |
| ret_med               | -0.305   |
| ret_min               | -0.758   |
| ret_var               | 0.228    |
------------------------------------
------------------------------------
| action_max            | 14       |
| action_min            | 0        |
| adv_avg               | -0.77    |
| adv_max               | 1.71     |
| adv_med               | -0.761   |
| adv_min               | -3.04    |
| adv_var               | 0.0857   |
| clipfrac              | 0.299    |
| curr_lr               | 0.001    |
| entropy               | 1.5      |
| eplenmean             | 242      |
| eprewmean             | 4.8      |
| fps                   | 5.7e+03  |
| grad_norm             | 0.815    |
| kl                    | 0.0301   |
| loss_pi               | -0.0201  |
| loss_v                | 0.0281   |
| lr                    | 0.001    |
| misc/nupdates         | 149      |
| misc/serial_timesteps | 6.14e+05 |
| misc/time_elapsed     | 110      |
| misc/total_timesteps  | 6.14e+05 |
| ratio_max             | 3.3      |
| ratio_min             | 0.358    |
| ret_avg               | -0.0748  |
| ret_max               | 3.04     |
| ret_med               | -0.549   |
| ret_min               | -0.759   |
| ret_var               | 0.816    |
------------------------------------
------------------------------------
| action_max            | 14       |
| action_min            | 0        |
| adv_avg               | -0.72    |
| adv_max               | 2.42     |
| adv_med               | -0.763   |
| adv_min               | -2.79    |
| adv_var               | 0.097    |
| clipfrac              | 0.273    |
| curr_lr               | 0.001    |
| entropy               | 1.38     |
| eplenmean             | 181      |
| eprewmean             | 4.2      |
| fps                   | 5.84e+03 |
| grad_norm             | 0.702    |
| kl                    | 0.037    |
| loss_pi               | -0.0462  |
| loss_v                | 0.0544   |
| lr                    | 0.001    |
| misc/nupdates         | 159      |
| misc/serial_timesteps | 6.55e+05 |
| misc/time_elapsed     | 117      |
| misc/total_timesteps  | 6.55e+05 |
| ratio_max             | 4.33     |
| ratio_min             | 0.221    |
| ret_avg               | 0.0523   |
| ret_max               | 3.05     |
| ret_med               | -0.454   |
| ret_min               | -0.761   |
| ret_var               | 1.06     |
------------------------------------
------------------------------------
| action_max            | 14       |
| action_min            | 0        |
| adv_avg               | -0.765   |
| adv_max               | 1.69     |
| adv_med               | -0.782   |
| adv_min               | -2.51    |
| adv_var               | 0.0742   |
| clipfrac              | 0.246    |
| curr_lr               | 0.001    |
| entropy               | 1.19     |
| eplenmean             | 154      |
| eprewmean             | 5.4      |
| fps                   | 5.82e+03 |
| grad_norm             | 1.42     |
| kl                    | 0.0357   |
| loss_pi               | -0.0332  |
| loss_v                | 0.047    |
| lr                    | 0.001    |
| misc/nupdates         | 169      |
| misc/serial_timesteps | 6.96e+05 |
| misc/time_elapsed     | 124      |
| misc/total_timesteps  | 6.96e+05 |
| ratio_max             | 2.54     |
| ratio_min             | 0.263    |
| ret_avg               | 0.494    |
| ret_max               | 3        |
| ret_med               | 0.503    |
| ret_min               | -0.781   |
| ret_var               | 1.28     |
------------------------------------
------------------------------------
| action_max            | 14       |
| action_min            | 0        |
| adv_avg               | -0.796   |
| adv_max               | 1.45     |
| adv_med               | -0.803   |
| adv_min               | -4.26    |
| adv_var               | 0.149    |
| clipfrac              | 0.309    |
| curr_lr               | 0.001    |
| entropy               | 1.15     |
| eplenmean             | 125      |
| eprewmean             | 7.3      |
| fps                   | 5.76e+03 |
| grad_norm             | 1.21     |
| kl                    | 0.0411   |
| loss_pi               | -0.0577  |
| loss_v                | 0.115    |
| lr                    | 0.001    |
| misc/nupdates         | 179      |
| misc/serial_timesteps | 7.37e+05 |
| misc/time_elapsed     | 131      |
| misc/total_timesteps  | 7.37e+05 |
| ratio_max             | 2.78     |
| ratio_min             | 0.087    |
| ret_avg               | 0.873    |
| ret_max               | 2.82     |
| ret_med               | 0.827    |
| ret_min               | -0.8     |
| ret_var               | 1.31     |
------------------------------------
------------------------------------
| action_max            | 14       |
| action_min            | 0        |
| adv_avg               | -0.842   |
| adv_max               | 0.835    |
| adv_med               | -0.835   |
| adv_min               | -3.82    |
| adv_var               | 0.127    |
| clipfrac              | 0.314    |
| curr_lr               | 0.001    |
| entropy               | 1.2      |
| eplenmean             | 158      |
| eprewmean             | 6.4      |
| fps                   | 5.54e+03 |
| grad_norm             | 2.81     |
| kl                    | 0.0455   |
| loss_pi               | -0.0351  |
| loss_v                | 0.0757   |
| lr                    | 0.001    |
| misc/nupdates         | 189      |
| misc/serial_timesteps | 7.78e+05 |
| misc/time_elapsed     | 139      |
| misc/total_timesteps  | 7.78e+05 |
| ratio_max             | 5.93     |
| ratio_min             | 0.146    |
| ret_avg               | 0.97     |
| ret_max               | 2.87     |
| ret_med               | 0.529    |
| ret_min               | -0.835   |
| ret_var               | 1.08     |
------------------------------------
------------------------------------
| action_max            | 14       |
| action_min            | 0        |
| adv_avg               | -0.835   |
| adv_max               | 0.369    |
| adv_med               | -0.847   |
| adv_min               | -2.89    |
| adv_var               | 0.0486   |
| clipfrac              | 0.355    |
| curr_lr               | 0.001    |
| entropy               | 1.21     |
| eplenmean             | 167      |
| eprewmean             | 7.5      |
| fps                   | 5.49e+03 |
| grad_norm             | 1.5      |
| kl                    | 0.0366   |
| loss_pi               | -0.0437  |
| loss_v                | 0.0378   |
| lr                    | 0.001    |
| misc/nupdates         | 199      |
| misc/serial_timesteps | 8.19e+05 |
| misc/time_elapsed     | 146      |
| misc/total_timesteps  | 8.19e+05 |
| ratio_max             | 4.25     |
| ratio_min             | 0.201    |
| ret_avg               | 0.581    |
| ret_max               | 2.62     |
| ret_med               | 0.355    |
| ret_min               | -0.847   |
| ret_var               | 1.58     |
------------------------------------
------------------------------------
| action_max            | 14       |
| action_min            | 0        |
| adv_avg               | -0.839   |
| adv_max               | 1.51     |
| adv_med               | -0.856   |
| adv_min               | -2.75    |
| adv_var               | 0.0601   |
| clipfrac              | 0.307    |
| curr_lr               | 0.001    |
| entropy               | 1.21     |
| eplenmean             | 146      |
| eprewmean             | 6.7      |
| fps                   | 5.62e+03 |
| grad_norm             | 0.751    |
| kl                    | 0.0583   |
| loss_pi               | -0.0341  |
| loss_v                | 0.0248   |
| lr                    | 0.001    |
| misc/nupdates         | 209      |
| misc/serial_timesteps | 8.6e+05  |
| misc/time_elapsed     | 153      |
| misc/total_timesteps  | 8.6e+05  |
| ratio_max             | 12.1     |
| ratio_min             | 0.268    |
| ret_avg               | 0.166    |
| ret_max               | 2.86     |
| ret_med               | -0.774   |
| ret_min               | -0.873   |
| ret_var               | 1.63     |
------------------------------------
------------------------------------
| action_max            | 14       |
| action_min            | 0        |
| adv_avg               | -0.817   |
| adv_max               | 0.432    |
| adv_med               | -0.848   |
| adv_min               | -3.5     |
| adv_var               | 0.0483   |
| clipfrac              | 0.307    |
| curr_lr               | 0.001    |
| entropy               | 1.23     |
| eplenmean             | 184      |
| eprewmean             | 7        |
| fps                   | 5.78e+03 |
| grad_norm             | 0.965    |
| kl                    | 0.0344   |
| loss_pi               | -0.0346  |
| loss_v                | 0.029    |
| lr                    | 0.001    |
| misc/nupdates         | 219      |
| misc/serial_timesteps | 9.01e+05 |
| misc/time_elapsed     | 161      |
| misc/total_timesteps  | 9.01e+05 |
| ratio_max             | 4.14     |
| ratio_min             | 0.233    |
| ret_avg               | 0.302    |
| ret_max               | 2.38     |
| ret_med               | -0.509   |
| ret_min               | -0.857   |
| ret_var               | 1.52     |
------------------------------------
------------------------------------
| action_max            | 14       |
| action_min            | 0        |
| adv_avg               | -0.873   |
| adv_max               | 0.946    |
| adv_med               | -0.858   |
| adv_min               | -3.25    |
| adv_var               | 0.0838   |
| clipfrac              | 0.35     |
| curr_lr               | 0.001    |
| entropy               | 1.29     |
| eplenmean             | 156      |
| eprewmean             | 7.5      |
| fps                   | 5.56e+03 |
| grad_norm             | 2.35     |
| kl                    | 0.0436   |
| loss_pi               | -0.0415  |
| loss_v                | 0.0693   |
| lr                    | 0.001    |
| misc/nupdates         | 229      |
| misc/serial_timesteps | 9.42e+05 |
| misc/time_elapsed     | 168      |
| misc/total_timesteps  | 9.42e+05 |
| ratio_max             | 3.8      |
| ratio_min             | 0.246    |
| ret_avg               | 0.666    |
| ret_max               | 2.35     |
| ret_med               | 0.297    |
| ret_min               | -0.861   |
| ret_var               | 1.23     |
------------------------------------
------------------------------------
| action_max            | 14       |
| action_min            | 0        |
| adv_avg               | -0.924   |
| adv_max               | 0.961    |
| adv_med               | -0.883   |
| adv_min               | -3.93    |
| adv_var               | 0.093    |
| clipfrac              | 0.262    |
| curr_lr               | 0.001    |
| entropy               | 1.03     |
| eplenmean             | 134      |
| eprewmean             | 7.2      |
| fps                   | 5.66e+03 |
| grad_norm             | 1.97     |
| kl                    | 0.0313   |
| loss_pi               | -0.0282  |
| loss_v                | 0.0436   |
| lr                    | 0.001    |
| misc/nupdates         | 239      |
| misc/serial_timesteps | 9.83e+05 |
| misc/time_elapsed     | 175      |
| misc/total_timesteps  | 9.83e+05 |
| ratio_max             | 2.85     |
| ratio_min             | 0.162    |
| ret_avg               | 0.587    |
| ret_max               | 2.24     |
| ret_med               | 0.173    |
| ret_min               | -0.912   |
| ret_var               | 1.65     |
------------------------------------
------------------------------------
| action_max            | 14       |
| action_min            | 0        |
| adv_avg               | -0.88    |
| adv_max               | 0.356    |
| adv_med               | -0.881   |
| adv_min               | -3.01    |
| adv_var               | 0.0374   |
| clipfrac              | 0.268    |
| curr_lr               | 0.001    |
| entropy               | 1.01     |
| eplenmean             | 127      |
| eprewmean             | 7.4      |
| fps                   | 5.78e+03 |
| grad_norm             | 0.871    |
| kl                    | 0.0353   |
| loss_pi               | -0.041   |
| loss_v                | 0.0199   |
| lr                    | 0.001    |
| misc/nupdates         | 249      |
| misc/serial_timesteps | 1.02e+06 |
| misc/time_elapsed     | 183      |
| misc/total_timesteps  | 1.02e+06 |
| ratio_max             | 3.37     |
| ratio_min             | 0.009    |
| ret_avg               | 0.371    |
| ret_max               | 2.33     |
| ret_med               | -0.433   |
| ret_min               | -0.884   |
| ret_var               | 1.67     |
------------------------------------
------------------------------------
| action_max            | 14       |
| action_min            | 0        |
| adv_avg               | -0.89    |
| adv_max               | 0.964    |
| adv_med               | -0.886   |
| adv_min               | -3.07    |
| adv_var               | 0.0656   |
| clipfrac              | 0.207    |
| curr_lr               | 0.001    |
| entropy               | 0.992    |
| eplenmean             | 146      |
| eprewmean             | 7.1      |
| fps                   | 5.98e+03 |
| grad_norm             | 0.988    |
| kl                    | 0.0241   |
| loss_pi               | -0.0156  |
| loss_v                | 0.0369   |
| lr                    | 0.001    |
| misc/nupdates         | 259      |
| misc/serial_timesteps | 1.06e+06 |
| misc/time_elapsed     | 190      |
| misc/total_timesteps  | 1.06e+06 |
| ratio_max             | 2.41     |
| ratio_min             | 0.299    |
| ret_avg               | 0.167    |
| ret_max               | 2.27     |
| ret_med               | -0.608   |
| ret_min               | -0.945   |
| ret_var               | 1.48     |
------------------------------------
------------------------------------
| action_max            | 14       |
| action_min            | 0        |
| adv_avg               | -0.87    |
| adv_max               | 0.92     |
| adv_med               | -0.884   |
| adv_min               | -3.69    |
| adv_var               | 0.05     |
| clipfrac              | 0.316    |
| curr_lr               | 0.001    |
| entropy               | 1.08     |
| eplenmean             | 167      |
| eprewmean             | 7.8      |
| fps                   | 5.79e+03 |
| grad_norm             | 0.87     |
| kl                    | 0.0503   |
| loss_pi               | -0.0375  |
| loss_v                | 0.0331   |
| lr                    | 0.001    |
| misc/nupdates         | 269      |
| misc/serial_timesteps | 1.11e+06 |
| misc/time_elapsed     | 197      |
| misc/total_timesteps  | 1.11e+06 |
| ratio_max             | 4.15     |
| ratio_min             | 0.0261   |
| ret_avg               | 0.297    |
| ret_max               | 2.15     |
| ret_med               | -0.393   |
| ret_min               | -0.886   |
| ret_var               | 1.5      |
------------------------------------
------------------------------------
| action_max            | 14       |
| action_min            | 0        |
| adv_avg               | -0.892   |
| adv_max               | 0.0489   |
| adv_med               | -0.884   |
| adv_min               | -3.38    |
| adv_var               | 0.0483   |
| clipfrac              | 0.229    |
| curr_lr               | 0.001    |
| entropy               | 1.09     |
| eplenmean             | 84.5     |
| eprewmean             | 7.8      |
| fps                   | 5.81e+03 |
| grad_norm             | 0.723    |
| kl                    | 0.0251   |
| loss_pi               | -0.0303  |
| loss_v                | 0.0339   |
| lr                    | 0.001    |
| misc/nupdates         | 279      |
| misc/serial_timesteps | 1.15e+06 |
| misc/time_elapsed     | 204      |
| misc/total_timesteps  | 1.15e+06 |
| ratio_max             | 2.91     |
| ratio_min             | 0.449    |
| ret_avg               | 0.914    |
| ret_max               | 2.1      |
| ret_med               | 1.59     |
| ret_min               | -0.893   |
| ret_var               | 1.37     |
------------------------------------
------------------------------------
| action_max            | 14       |
| action_min            | 0        |
| adv_avg               | -0.877   |
| adv_max               | 0.361    |
| adv_med               | -0.883   |
| adv_min               | -3.18    |
| adv_var               | 0.0704   |
| clipfrac              | 0.322    |
| curr_lr               | 0.001    |
| entropy               | 1.06     |
| eplenmean             | 92.1     |
| eprewmean             | 8.6      |
| fps                   | 5.89e+03 |
| grad_norm             | 0.802    |
| kl                    | 0.0345   |
| loss_pi               | -0.0386  |
| loss_v                | 0.0419   |
| lr                    | 0.001    |
| misc/nupdates         | 289      |
| misc/serial_timesteps | 1.19e+06 |
| misc/time_elapsed     | 211      |
| misc/total_timesteps  | 1.19e+06 |
| ratio_max             | 3.44     |
| ratio_min             | 0.0755   |
| ret_avg               | 1.09     |
| ret_max               | 2.03     |
| ret_med               | 1.49     |
| ret_min               | -0.909   |
| ret_var               | 0.795    |
------------------------------------
------------------------------------
| action_max            | 14       |
| action_min            | 0        |
| adv_avg               | -0.902   |
| adv_max               | 0.354    |
| adv_med               | -0.918   |
| adv_min               | -3.05    |
| adv_var               | 0.041    |
| clipfrac              | 0.275    |
| curr_lr               | 0.001    |
| entropy               | 0.805    |
| eplenmean             | 80.9     |
| eprewmean             | 9.3      |
| fps                   | 5.83e+03 |
| grad_norm             | 0.67     |
| kl                    | 0.0413   |
| loss_pi               | -0.0395  |
| loss_v                | 0.0341   |
| lr                    | 0.001    |
| misc/nupdates         | 299      |
| misc/serial_timesteps | 1.23e+06 |
| misc/time_elapsed     | 218      |
| misc/total_timesteps  | 1.23e+06 |
| ratio_max             | 6.64     |
| ratio_min             | 0.219    |
| ret_avg               | 1.43     |
| ret_max               | 1.88     |
| ret_med               | 1.65     |
| ret_min               | -0.935   |
| ret_var               | 0.297    |
------------------------------------
------------------------------------
| action_max            | 14       |
| action_min            | 0        |
| adv_avg               | -0.951   |
| adv_max               | 0.0412   |
| adv_med               | -0.944   |
| adv_min               | -3.54    |
| adv_var               | 0.0431   |
| clipfrac              | 0.309    |
| curr_lr               | 0.001    |
| entropy               | 0.884    |
| eplenmean             | 86.4     |
| eprewmean             | 9.5      |
| fps                   | 5.74e+03 |
| grad_norm             | 1.16     |
| kl                    | 0.0387   |
| loss_pi               | -0.0366  |
| loss_v                | 0.0266   |
| lr                    | 0.001    |
| misc/nupdates         | 309      |
| misc/serial_timesteps | 1.27e+06 |
| misc/time_elapsed     | 225      |
| misc/total_timesteps  | 1.27e+06 |
| ratio_max             | 4.63     |
| ratio_min             | 0.164    |
| ret_avg               | 1.53     |
| ret_max               | 1.91     |
| ret_med               | 1.62     |
| ret_min               | -0.962   |
| ret_var               | 0.0854   |
------------------------------------
------------------------------------
| action_max            | 14       |
| action_min            | 0        |
| adv_avg               | -0.977   |
| adv_max               | -0.0515  |
| adv_med               | -0.989   |
| adv_min               | -1.34    |
| adv_var               | 0.0127   |
| clipfrac              | 0.348    |
| curr_lr               | 0.001    |
| entropy               | 0.981    |
| eplenmean             | 77.3     |
| eprewmean             | 9        |
| fps                   | 5.8e+03  |
| grad_norm             | 0.563    |
| kl                    | 0.0535   |
| loss_pi               | -0.0397  |
| loss_v                | 0.00706  |
| lr                    | 0.001    |
| misc/nupdates         | 319      |
| misc/serial_timesteps | 1.31e+06 |
| misc/time_elapsed     | 232      |
| misc/total_timesteps  | 1.31e+06 |
| ratio_max             | 4.03     |
| ratio_min             | 0.0434   |
| ret_avg               | 0.751    |
| ret_max               | 1.77     |
| ret_med               | 1.39     |
| ret_min               | -0.449   |
| ret_var               | 0.894    |
------------------------------------
------------------------------------
| action_max            | 14       |
| action_min            | 0        |
| adv_avg               | -1       |
| adv_max               | -0.101   |
| adv_med               | -0.99    |
| adv_min               | -3.27    |
| adv_var               | 0.0284   |
| clipfrac              | 0.268    |
| curr_lr               | 0.001    |
| entropy               | 0.772    |
| eplenmean             | 88.3     |
| eprewmean             | 8.6      |
| fps                   | 5.87e+03 |
| grad_norm             | 0.589    |
| kl                    | 0.0427   |
| loss_pi               | -0.0316  |
| loss_v                | 0.0206   |
| lr                    | 0.001    |
| misc/nupdates         | 329      |
| misc/serial_timesteps | 1.35e+06 |
| misc/time_elapsed     | 239      |
| misc/total_timesteps  | 1.35e+06 |
| ratio_max             | 2.45     |
| ratio_min             | 0.224    |
| ret_avg               | 1.23     |
| ret_max               | 1.88     |
| ret_med               | 1.53     |
| ret_min               | -1       |
| ret_var               | 0.575    |
------------------------------------
------------------------------------
| action_max            | 14       |
| action_min            | 0        |
| adv_avg               | -1.01    |
| adv_max               | 0.231    |
| adv_med               | -1.01    |
| adv_min               | -1.8     |
| adv_var               | 0.0127   |
| clipfrac              | 0.336    |
| curr_lr               | 0.001    |
| entropy               | 1.17     |
| eplenmean             | 156      |
| eprewmean             | 9.1      |
| fps                   | 5.66e+03 |
| grad_norm             | 1.12     |
| kl                    | 0.0401   |
| loss_pi               | -0.0407  |
| loss_v                | 0.0095   |
| lr                    | 0.001    |
| misc/nupdates         | 339      |
| misc/serial_timesteps | 1.39e+06 |
| misc/time_elapsed     | 246      |
| misc/total_timesteps  | 1.39e+06 |
| ratio_max             | 6.63     |
| ratio_min             | 0.168    |
| ret_avg               | 0.432    |
| ret_max               | 1.72     |
| ret_med               | 1.24     |
| ret_min               | -1.01    |
| ret_var               | 1.29     |
------------------------------------
------------------------------------
| action_max            | 14       |
| action_min            | 0        |
| adv_avg               | -1.02    |
| adv_max               | -0.339   |
| adv_med               | -1.02    |
| adv_min               | -1.42    |
| adv_var               | 0.00621  |
| clipfrac              | 0.342    |
| curr_lr               | 0.001    |
| entropy               | 1.35     |
| eplenmean             | 183      |
| eprewmean             | 8.6      |
| fps                   | 5.82e+03 |
| grad_norm             | 0.505    |
| kl                    | 0.0528   |
| loss_pi               | -0.0487  |
| loss_v                | 0.00397  |
| lr                    | 0.001    |
| misc/nupdates         | 349      |
| misc/serial_timesteps | 1.43e+06 |
| misc/time_elapsed     | 253      |
| misc/total_timesteps  | 1.43e+06 |
| ratio_max             | 3.46     |
| ratio_min             | 0.0306   |
| ret_avg               | 0.4      |
| ret_max               | 1.66     |
| ret_med               | 1.13     |
| ret_min               | -1.01    |
| ret_var               | 1.27     |
------------------------------------
------------------------------------
| action_max            | 14       |
| action_min            | 0        |
| adv_avg               | -1.01    |
| adv_max               | 0.0468   |
| adv_med               | -1.01    |
| adv_min               | -2.78    |
| adv_var               | 0.0247   |
| clipfrac              | 0.273    |
| curr_lr               | 0.001    |
| entropy               | 1.12     |
| eplenmean             | 140      |
| eprewmean             | 8.5      |
| fps                   | 5.92e+03 |
| grad_norm             | 0.573    |
| kl                    | 0.0397   |
| loss_pi               | -0.0372  |
| loss_v                | 0.0137   |
| lr                    | 0.001    |
| misc/nupdates         | 359      |
| misc/serial_timesteps | 1.47e+06 |
| misc/time_elapsed     | 260      |
| misc/total_timesteps  | 1.47e+06 |
| ratio_max             | 3.14     |
| ratio_min             | 0.0878   |
| ret_avg               | 0.652    |
| ret_max               | 1.62     |
| ret_med               | 1.17     |
| ret_min               | -1.02    |
| ret_var               | 1.05     |
------------------------------------
------------------------------------
| action_max            | 14       |
| action_min            | 0        |
| adv_avg               | -1.02    |
| adv_max               | -0.0915  |
| adv_med               | -1.02    |
| adv_min               | -1.47    |
| adv_var               | 0.00811  |
| clipfrac              | 0.275    |
| curr_lr               | 0.001    |
| entropy               | 1.58     |
| eplenmean             | 149      |
| eprewmean             | 8.7      |
| fps                   | 5.83e+03 |
| grad_norm             | 0.48     |
| kl                    | 0.0531   |
| loss_pi               | -0.0178  |
| loss_v                | 0.00428  |
| lr                    | 0.001    |
| misc/nupdates         | 369      |
| misc/serial_timesteps | 1.52e+06 |
| misc/time_elapsed     | 267      |
| misc/total_timesteps  | 1.52e+06 |
| ratio_max             | 28.7     |
| ratio_min             | 0.00413  |
| ret_avg               | -0.0763  |
| ret_max               | 1.67     |
| ret_med               | -0.886   |
| ret_min               | -1.02    |
| ret_var               | 1.17     |
------------------------------------
------------------------------------
| action_max            | 14       |
| action_min            | 0        |
| adv_avg               | -1.02    |
| adv_max               | -0.106   |
| adv_med               | -1.03    |
| adv_min               | -3.09    |
| adv_var               | 0.0154   |
| clipfrac              | 0.275    |
| curr_lr               | 0.001    |
| entropy               | 1.36     |
| eplenmean             | 139      |
| eprewmean             | 8.7      |
| fps                   | 5.91e+03 |
| grad_norm             | 0.645    |
| kl                    | 0.0326   |
| loss_pi               | -0.0253  |
| loss_v                | 0.00836  |
| lr                    | 0.001    |
| misc/nupdates         | 379      |
| misc/serial_timesteps | 1.56e+06 |
| misc/time_elapsed     | 274      |
| misc/total_timesteps  | 1.56e+06 |
| ratio_max             | 4.57     |
| ratio_min             | 0.304    |
| ret_avg               | 0.202    |
| ret_max               | 1.59     |
| ret_med               | 0.675    |
| ret_min               | -1.03    |
| ret_var               | 1.23     |
------------------------------------
------------------------------------
| action_max            | 14       |
| action_min            | 0        |
| adv_avg               | -1.01    |
| adv_max               | 1.12     |
| adv_med               | -1.02    |
| adv_min               | -2.24    |
| adv_var               | 0.0176   |
| clipfrac              | 0.252    |
| curr_lr               | 0.001    |
| entropy               | 1.27     |
| eplenmean             | 121      |
| eprewmean             | 8.8      |
| fps                   | 5.87e+03 |
| grad_norm             | 0.448    |
| kl                    | 0.0377   |
| loss_pi               | -0.0267  |
| loss_v                | 0.00429  |
| lr                    | 0.001    |
| misc/nupdates         | 389      |
| misc/serial_timesteps | 1.6e+06  |
| misc/time_elapsed     | 281      |
| misc/total_timesteps  | 1.6e+06  |
| ratio_max             | 4.9      |
| ratio_min             | 0.106    |
| ret_avg               | 0.261    |
| ret_max               | 1.64     |
| ret_med               | 0.916    |
| ret_min               | -1.03    |
| ret_var               | 1.38     |
------------------------------------
------------------------------------
| action_max            | 14       |
| action_min            | 0        |
| adv_avg               | -1.02    |
| adv_max               | -0.0819  |
| adv_med               | -1.02    |
| adv_min               | -3.27    |
| adv_var               | 0.0216   |
| clipfrac              | 0.246    |
| curr_lr               | 0.001    |
| entropy               | 1.09     |
| eplenmean             | 142      |
| eprewmean             | 8.5      |
| fps                   | 5.82e+03 |
| grad_norm             | 0.44     |
| kl                    | 0.045    |
| loss_pi               | -0.0201  |
| loss_v                | 0.0159   |
| lr                    | 0.001    |
| misc/nupdates         | 399      |
| misc/serial_timesteps | 1.64e+06 |
| misc/time_elapsed     | 288      |
| misc/total_timesteps  | 1.64e+06 |
| ratio_max             | 2.58     |
| ratio_min             | 0.0599   |
| ret_avg               | 0.416    |
| ret_max               | 1.62     |
| ret_med               | 1.27     |
| ret_min               | -1.02    |
| ret_var               | 1.37     |
------------------------------------
------------------------------------
| action_max            | 14       |
| action_min            | 0        |
| adv_avg               | -1.04    |
| adv_max               | 1.14     |
| adv_med               | -1.02    |
| adv_min               | -3.27    |
| adv_var               | 0.0591   |
| clipfrac              | 0.223    |
| curr_lr               | 0.001    |
| entropy               | 0.741    |
| eplenmean             | 73.9     |
| eprewmean             | 8        |
| fps                   | 5.62e+03 |
| grad_norm             | 0.901    |
| kl                    | 0.0402   |
| loss_pi               | -0.0327  |
| loss_v                | 0.0668   |
| lr                    | 0.001    |
| misc/nupdates         | 409      |
| misc/serial_timesteps | 1.68e+06 |
| misc/time_elapsed     | 296      |
| misc/total_timesteps  | 1.68e+06 |
| ratio_max             | 4.75     |
| ratio_min             | 0.044    |
| ret_avg               | 0.796    |
| ret_max               | 1.56     |
| ret_med               | 1.31     |
| ret_min               | -1.04    |
| ret_var               | 0.905    |
------------------------------------
------------------------------------
| action_max            | 14       |
| action_min            | 0        |
| adv_avg               | -1.09    |
| adv_max               | -0.437   |
| adv_med               | -1.04    |
| adv_min               | -3.12    |
| adv_var               | 0.0657   |
| clipfrac              | 0.225    |
| curr_lr               | 0.001    |
| entropy               | 0.636    |
| eplenmean             | 66.9     |
| eprewmean             | 8.6      |
| fps                   | 5.9e+03  |
| grad_norm             | 0.649    |
| kl                    | 0.0497   |
| loss_pi               | -0.0235  |
| loss_v                | 0.0226   |
| lr                    | 0.001    |
| misc/nupdates         | 419      |
| misc/serial_timesteps | 1.72e+06 |
| misc/time_elapsed     | 303      |
| misc/total_timesteps  | 1.72e+06 |
| ratio_max             | 5.89     |
| ratio_min             | 0.000365 |
| ret_avg               | 1.02     |
| ret_max               | 1.51     |
| ret_med               | 1.36     |
| ret_min               | -1.05    |
| ret_var               | 0.533    |
------------------------------------
------------------------------------
| action_max            | 14       |
| action_min            | 0        |
| adv_avg               | -1.04    |
| adv_max               | -0.161   |
| adv_med               | -1.04    |
| adv_min               | -3.1     |
| adv_var               | 0.0248   |
| clipfrac              | 0.252    |
| curr_lr               | 0.001    |
| entropy               | 0.751    |
| eplenmean             | 71.4     |
| eprewmean             | 9.8      |
| fps                   | 5.87e+03 |
| grad_norm             | 0.497    |
| kl                    | 0.0481   |
| loss_pi               | -0.0349  |
| loss_v                | 0.0194   |
| lr                    | 0.001    |
| misc/nupdates         | 429      |
| misc/serial_timesteps | 1.76e+06 |
| misc/time_elapsed     | 310      |
| misc/total_timesteps  | 1.76e+06 |
| ratio_max             | 2.96     |
| ratio_min             | 0.000402 |
| ret_avg               | 1.28     |
| ret_max               | 1.51     |
| ret_med               | 1.36     |
| ret_min               | -1.07    |
| ret_var               | 0.0478   |
------------------------------------
------------------------------------
| action_max            | 14       |
| action_min            | 0        |
| adv_avg               | -1.07    |
| adv_max               | -0.618   |
| adv_med               | -1.07    |
| adv_min               | -1.38    |
| adv_var               | 0.00597  |
| clipfrac              | 0.283    |
| curr_lr               | 0.001    |
| entropy               | 0.764    |
| eplenmean             | 78.3     |
| eprewmean             | 9.9      |
| fps                   | 5.88e+03 |
| grad_norm             | 0.702    |
| kl                    | 0.0408   |
| loss_pi               | -0.0437  |
| loss_v                | 0.00374  |
| lr                    | 0.001    |
| misc/nupdates         | 439      |
| misc/serial_timesteps | 1.8e+06  |
| misc/time_elapsed     | 317      |
| misc/total_timesteps  | 1.8e+06  |
| ratio_max             | 6.95     |
| ratio_min             | 0.0821   |
| ret_avg               | 1.3      |
| ret_max               | 1.49     |
| ret_med               | 1.33     |
| ret_min               | 0.939    |
| ret_var               | 0.00921  |
------------------------------------
------------------------------------
| action_max            | 14       |
| action_min            | 0        |
| adv_avg               | -1.1     |
| adv_max               | -0.399   |
| adv_med               | -1.09    |
| adv_min               | -3.38    |
| adv_var               | 0.0188   |
| clipfrac              | 0.232    |
| curr_lr               | 0.001    |
| entropy               | 0.629    |
| eplenmean             | 67.8     |
| eprewmean             | 9.8      |
| fps                   | 5.83e+03 |
| grad_norm             | 0.924    |
| kl                    | 0.034    |
| loss_pi               | -0.0301  |
| loss_v                | 0.0198   |
| lr                    | 0.001    |
| misc/nupdates         | 449      |
| misc/serial_timesteps | 1.84e+06 |
| misc/time_elapsed     | 324      |
| misc/total_timesteps  | 1.84e+06 |
| ratio_max             | 3.28     |
| ratio_min             | 0.000126 |
| ret_avg               | 1.2      |
| ret_max               | 1.47     |
| ret_med               | 1.23     |
| ret_min               | -1.11    |
| ret_var               | 0.0319   |
------------------------------------
------------------------------------
| action_max            | 14       |
| action_min            | 0        |
| adv_avg               | -1.13    |
| adv_max               | -0.28    |
| adv_med               | -1.12    |
| adv_min               | -3.19    |
| adv_var               | 0.03     |
| clipfrac              | 0.27     |
| curr_lr               | 0.001    |
| entropy               | 0.666    |
| eplenmean             | 72       |
| eprewmean             | 9.6      |
| fps                   | 5.89e+03 |
| grad_norm             | 0.422    |
| kl                    | 0.0447   |
| loss_pi               | -0.0289  |
| loss_v                | 0.0255   |
| lr                    | 0.001    |
| misc/nupdates         | 459      |
| misc/serial_timesteps | 1.88e+06 |
| misc/time_elapsed     | 331      |
| misc/total_timesteps  | 1.88e+06 |
| ratio_max             | 5.05     |
| ratio_min             | 0.0142   |
| ret_avg               | 1.16     |
| ret_max               | 1.4      |
| ret_med               | 1.25     |
| ret_min               | -1.13    |
| ret_var               | 0.0635   |
------------------------------------
------------------------------------
| action_max            | 14       |
| action_min            | 0        |
| adv_avg               | -1.15    |
| adv_max               | 0.283    |
| adv_med               | -1.14    |
| adv_min               | -3.25    |
| adv_var               | 0.0155   |
| clipfrac              | 0.303    |
| curr_lr               | 0.001    |
| entropy               | 0.668    |
| eplenmean             | 77.8     |
| eprewmean             | 9.8      |
| fps                   | 5.77e+03 |
| grad_norm             | 0.437    |
| kl                    | 0.0453   |
| loss_pi               | -0.0317  |
| loss_v                | 0.00731  |
| lr                    | 0.001    |
| misc/nupdates         | 469      |
| misc/serial_timesteps | 1.93e+06 |
| misc/time_elapsed     | 338      |
| misc/total_timesteps  | 1.93e+06 |
| ratio_max             | 6.21     |
| ratio_min             | 0.0181   |
| ret_avg               | 1.16     |
| ret_max               | 1.32     |
| ret_med               | 1.18     |
| ret_min               | -1.15    |
| ret_var               | 0.0323   |
------------------------------------
------------------------------------
| action_max            | 14       |
| action_min            | 0        |
| adv_avg               | -1.17    |
| adv_max               | -0.194   |
| adv_med               | -1.17    |
| adv_min               | -2.91    |
| adv_var               | 0.0228   |
| clipfrac              | 0.252    |
| curr_lr               | 0.001    |
| entropy               | 0.73     |
| eplenmean             | 82.7     |
| eprewmean             | 9.5      |
| fps                   | 5.76e+03 |
| grad_norm             | 0.548    |
| kl                    | 0.0314   |
| loss_pi               | -0.0323  |
| loss_v                | 0.00889  |
| lr                    | 0.001    |
| misc/nupdates         | 479      |
| misc/serial_timesteps | 1.97e+06 |
| misc/time_elapsed     | 345      |
| misc/total_timesteps  | 1.97e+06 |
| ratio_max             | 3.71     |
| ratio_min             | 0.167    |
| ret_avg               | 1.07     |
| ret_max               | 1.37     |
| ret_med               | 1.2      |
| ret_min               | -1.17    |
| ret_var               | 0.111    |
------------------------------------
------------------------------------
| action_max            | 14       |
| action_min            | 0        |
| adv_avg               | -1.2     |
| adv_max               | -0.821   |
| adv_med               | -1.19    |
| adv_min               | -3.51    |
| adv_var               | 0.0148   |
| clipfrac              | 0.199    |
| curr_lr               | 0.001    |
| entropy               | 0.542    |
| eplenmean             | 68.1     |
| eprewmean             | 9.9      |
| fps                   | 5.82e+03 |
| grad_norm             | 0.92     |
| kl                    | 0.0379   |
| loss_pi               | -0.019   |
| loss_v                | 0.0156   |
| lr                    | 0.001    |
| misc/nupdates         | 489      |
| misc/serial_timesteps | 2.01e+06 |
| misc/time_elapsed     | 352      |
| misc/total_timesteps  | 2.01e+06 |
| ratio_max             | 5.83     |
| ratio_min             | 0.136    |
| ret_avg               | 1.16     |
| ret_max               | 1.34     |
| ret_med               | 1.2      |
| ret_min               | -1.19    |
| ret_var               | 0.0239   |
------------------------------------
------------------------------------
| action_max            | 14       |
| action_min            | 0        |
| adv_avg               | -1.21    |
| adv_max               | -0.712   |
| adv_med               | -1.2     |
| adv_min               | -3.16    |
| adv_var               | 0.0275   |
| clipfrac              | 0.182    |
| curr_lr               | 0.001    |
| entropy               | 0.486    |
| eplenmean             | 74.9     |
| eprewmean             | 9.8      |
| fps                   | 5.97e+03 |
| grad_norm             | 0.495    |
| kl                    | 0.0356   |
| loss_pi               | -0.0219  |
| loss_v                | 0.0209   |
| lr                    | 0.001    |
| misc/nupdates         | 499      |
| misc/serial_timesteps | 2.05e+06 |
| misc/time_elapsed     | 359      |
| misc/total_timesteps  | 2.05e+06 |
| ratio_max             | 4.59     |
| ratio_min             | 0.00801  |
| ret_avg               | 1.08     |
| ret_max               | 1.26     |
| ret_med               | 1.12     |
| ret_min               | -1.21    |
| ret_var               | 0.0417   |
------------------------------------
------------------------------------
| action_max            | 14       |
| action_min            | 0        |
| adv_avg               | -1.25    |
| adv_max               | -0.556   |
| adv_med               | -1.24    |
| adv_min               | -3.26    |
| adv_var               | 0.0222   |
| clipfrac              | 0.26     |
| curr_lr               | 0.001    |
| entropy               | 0.556    |
| eplenmean             | 63.5     |
| eprewmean             | 9.8      |
| fps                   | 5.98e+03 |
| grad_norm             | 0.378    |
| kl                    | 0.0467   |
| loss_pi               | -0.0343  |
| loss_v                | 0.015    |
| lr                    | 0.001    |
| misc/nupdates         | 509      |
| misc/serial_timesteps | 2.09e+06 |
| misc/time_elapsed     | 366      |
| misc/total_timesteps  | 2.09e+06 |
| ratio_max             | 4.59     |
| ratio_min             | 0.00484  |
| ret_avg               | 1.08     |
| ret_max               | 1.22     |
| ret_med               | 1.14     |
| ret_min               | -1.23    |
| ret_var               | 0.0539   |
------------------------------------
------------------------------------
| action_max            | 14       |
| action_min            | 0        |
| adv_avg               | -1.24    |
| adv_max               | -0.765   |
| adv_med               | -1.24    |
| adv_min               | -2.98    |
| adv_var               | 0.0114   |
| clipfrac              | 0.256    |
| curr_lr               | 0.001    |
| entropy               | 0.623    |
| eplenmean             | 62.1     |
| eprewmean             | 9.7      |
| fps                   | 5.79e+03 |
| grad_norm             | 0.307    |
| kl                    | 0.0413   |
| loss_pi               | -0.0296  |
| loss_v                | 0.00946  |
| lr                    | 0.001    |
| misc/nupdates         | 519      |
| misc/serial_timesteps | 2.13e+06 |
| misc/time_elapsed     | 373      |
| misc/total_timesteps  | 2.13e+06 |
| ratio_max             | 2.3      |
| ratio_min             | 0.0583   |
| ret_avg               | 1.07     |
| ret_max               | 1.21     |
| ret_med               | 1.11     |
| ret_min               | -1.25    |
| ret_var               | 0.0213   |
------------------------------------
------------------------------------
| action_max            | 14       |
| action_min            | 0        |
| adv_avg               | -1.29    |
| adv_max               | -0.33    |
| adv_med               | -1.26    |
| adv_min               | -3.5     |
| adv_var               | 0.0575   |
| clipfrac              | 0.219    |
| curr_lr               | 0.001    |
| entropy               | 0.614    |
| eplenmean             | 70.6     |
| eprewmean             | 9.4      |
| fps                   | 5.53e+03 |
| grad_norm             | 0.931    |
| kl                    | 0.0496   |
| loss_pi               | -0.0214  |
| loss_v                | 0.0357   |
| lr                    | 0.001    |
| misc/nupdates         | 529      |
| misc/serial_timesteps | 2.17e+06 |
| misc/time_elapsed     | 380      |
| misc/total_timesteps  | 2.17e+06 |
| ratio_max             | 5.01     |
| ratio_min             | 0.00045  |
| ret_avg               | 0.962    |
| ret_max               | 1.3      |
| ret_med               | 1.05     |
| ret_min               | -1.27    |
| ret_var               | 0.0929   |
------------------------------------
------------------------------------
| action_max            | 14       |
| action_min            | 0        |
| adv_avg               | -1.27    |
| adv_max               | -0.718   |
| adv_med               | -1.28    |
| adv_min               | -1.53    |
| adv_var               | 0.00683  |
| clipfrac              | 0.316    |
| curr_lr               | 0.001    |
| entropy               | 0.747    |
| eplenmean             | 71.2     |
| eprewmean             | 9.7      |
| fps                   | 5.58e+03 |
| grad_norm             | 0.611    |
| kl                    | 0.0534   |
| loss_pi               | -0.0389  |
| loss_v                | 0.00275  |
| lr                    | 0.001    |
| misc/nupdates         | 539      |
| misc/serial_timesteps | 2.21e+06 |
| misc/time_elapsed     | 388      |
| misc/total_timesteps  | 2.21e+06 |
| ratio_max             | 2.71     |
| ratio_min             | 0.0893   |
| ret_avg               | 1.03     |
| ret_max               | 1.23     |
| ret_med               | 1.07     |
| ret_min               | 0.646    |
| ret_var               | 0.0134   |
------------------------------------
------------------------------------
| action_max            | 14       |
| action_min            | 0        |
| adv_avg               | -1.31    |
| adv_max               | -0.65    |
| adv_med               | -1.3     |
| adv_min               | -3.28    |
| adv_var               | 0.0146   |
| clipfrac              | 0.32     |
| curr_lr               | 0.001    |
| entropy               | 0.702    |
| eplenmean             | 69.1     |
| eprewmean             | 9.9      |
| fps                   | 5.59e+03 |
| grad_norm             | 1.3      |
| kl                    | 0.0436   |
| loss_pi               | -0.0305  |
| loss_v                | 0.0112   |
| lr                    | 0.001    |
| misc/nupdates         | 549      |
| misc/serial_timesteps | 2.25e+06 |
| misc/time_elapsed     | 395      |
| misc/total_timesteps  | 2.25e+06 |
| ratio_max             | 3.63     |
| ratio_min             | 0.00445  |
| ret_avg               | 1.01     |
| ret_max               | 1.14     |
| ret_med               | 1.05     |
| ret_min               | -1.3     |
| ret_var               | 0.0242   |
------------------------------------
------------------------------------
| action_max            | 14       |
| action_min            | 0        |
| adv_avg               | -1.31    |
| adv_max               | -0.2     |
| adv_med               | -1.3     |
| adv_min               | -3.57    |
| adv_var               | 0.0158   |
| clipfrac              | 0.242    |
| curr_lr               | 0.001    |
| entropy               | 0.686    |
| eplenmean             | 65.5     |
| eprewmean             | 9.9      |
| fps                   | 5.56e+03 |
| grad_norm             | 0.658    |
| kl                    | 0.03     |
| loss_pi               | -0.0221  |
| loss_v                | 0.0242   |
| lr                    | 0.001    |
| misc/nupdates         | 559      |
| misc/serial_timesteps | 2.29e+06 |
| misc/time_elapsed     | 402      |
| misc/total_timesteps  | 2.29e+06 |
| ratio_max             | 7.93     |
| ratio_min             | 0.00186  |
| ret_avg               | 0.986    |
| ret_max               | 1.14     |
| ret_med               | 1.01     |
| ret_min               | -1.32    |
| ret_var               | 0.0217   |
------------------------------------
------------------------------------
| action_max            | 14       |
| action_min            | 0        |
| adv_avg               | -1.34    |
| adv_max               | -0.967   |
| adv_med               | -1.33    |
| adv_min               | -3.07    |
| adv_var               | 0.0122   |
| clipfrac              | 0.184    |
| curr_lr               | 0.001    |
| entropy               | 0.64     |
| eplenmean             | 65.9     |
| eprewmean             | 9.9      |
| fps                   | 5.44e+03 |
| grad_norm             | 0.271    |
| kl                    | 0.0309   |
| loss_pi               | -0.0155  |
| loss_v                | 0.00962  |
| lr                    | 0.001    |
| misc/nupdates         | 569      |
| misc/serial_timesteps | 2.33e+06 |
| misc/time_elapsed     | 410      |
| misc/total_timesteps  | 2.33e+06 |
| ratio_max             | 9.5      |
| ratio_min             | 0.00794  |
| ret_avg               | 0.978    |
| ret_max               | 1.1      |
| ret_med               | 1.01     |
| ret_min               | -1.36    |
| ret_var               | 0.0259   |
------------------------------------
------------------------------------
| action_max            | 14       |
| action_min            | 0        |
| adv_avg               | -1.36    |
| adv_max               | -0.808   |
| adv_med               | -1.34    |
| adv_min               | -3.57    |
| adv_var               | 0.0251   |
| clipfrac              | 0.232    |
| curr_lr               | 0.001    |
| entropy               | 0.598    |
| eplenmean             | 67.1     |
| eprewmean             | 9.8      |
| fps                   | 5.51e+03 |
| grad_norm             | 0.467    |
| kl                    | 0.0432   |
| loss_pi               | -0.0294  |
| loss_v                | 0.0226   |
| lr                    | 0.001    |
| misc/nupdates         | 579      |
| misc/serial_timesteps | 2.38e+06 |
| misc/time_elapsed     | 417      |
| misc/total_timesteps  | 2.38e+06 |
| ratio_max             | 3.66     |
| ratio_min             | 0.0237   |
| ret_avg               | 0.939    |
| ret_max               | 1.11     |
| ret_med               | 0.962    |
| ret_min               | -1.35    |
| ret_var               | 0.0343   |
------------------------------------
------------------------------------
| action_max            | 14       |
| action_min            | 0        |
| adv_avg               | -1.39    |
| adv_max               | -0.927   |
| adv_med               | -1.37    |
| adv_min               | -3.32    |
| adv_var               | 0.0269   |
| clipfrac              | 0.234    |
| curr_lr               | 0.001    |
| entropy               | 0.617    |
| eplenmean             | 75.6     |
| eprewmean             | 9.8      |
| fps                   | 5.65e+03 |
| grad_norm             | 1.64     |
| kl                    | 0.0399   |
| loss_pi               | -0.0221  |
| loss_v                | 0.0317   |
| lr                    | 0.001    |
| misc/nupdates         | 589      |
| misc/serial_timesteps | 2.42e+06 |
| misc/time_elapsed     | 425      |
| misc/total_timesteps  | 2.42e+06 |
| ratio_max             | 3.07     |
| ratio_min             | 8.87e-05 |
| ret_avg               | 0.908    |
| ret_max               | 1.06     |
| ret_med               | 0.95     |
| ret_min               | -1.37    |
| ret_var               | 0.0392   |
------------------------------------
------------------------------------
| action_max            | 14       |
| action_min            | 0        |
| adv_avg               | -1.39    |
| adv_max               | -1.03    |
| adv_med               | -1.38    |
| adv_min               | -3.55    |
| adv_var               | 0.0222   |
| clipfrac              | 0.225    |
| curr_lr               | 0.001    |
| entropy               | 0.586    |
| eplenmean             | 67.2     |
| eprewmean             | 9.7      |
| fps                   | 5.71e+03 |
| grad_norm             | 0.64     |
| kl                    | 0.0351   |
| loss_pi               | -0.0109  |
| loss_v                | 0.0183   |
| lr                    | 0.001    |
| misc/nupdates         | 599      |
| misc/serial_timesteps | 2.46e+06 |
| misc/time_elapsed     | 432      |
| misc/total_timesteps  | 2.46e+06 |
| ratio_max             | 2.06     |
| ratio_min             | 0.052    |
| ret_avg               | 0.937    |
| ret_max               | 1.06     |
| ret_med               | 0.977    |
| ret_min               | -1.39    |
| ret_var               | 0.0357   |
------------------------------------
------------------------------------
| action_max            | 14       |
| action_min            | 0        |
| adv_avg               | -1.4     |
| adv_max               | -0.849   |
| adv_med               | -1.4     |
| adv_min               | -1.66    |
| adv_var               | 0.00294  |
| clipfrac              | 0.305    |
| curr_lr               | 0.001    |
| entropy               | 0.661    |
| eplenmean             | 65.2     |
| eprewmean             | 10       |
| fps                   | 5.95e+03 |
| grad_norm             | 0.52     |
| kl                    | 0.0505   |
| loss_pi               | -0.0333  |
| loss_v                | 0.00231  |
| lr                    | 0.001    |
| misc/nupdates         | 609      |
| misc/serial_timesteps | 2.5e+06  |
| misc/time_elapsed     | 439      |
| misc/total_timesteps  | 2.5e+06  |
| ratio_max             | 4.6      |
| ratio_min             | 0.0639   |
| ret_avg               | 0.955    |
| ret_max               | 1.1      |
| ret_med               | 0.975    |
| ret_min               | 0.718    |
| ret_var               | 0.00442  |
------------------------------------
------------------------------------
| action_max            | 14       |
| action_min            | 0        |
| adv_avg               | -1.43    |
| adv_max               | -0.328   |
| adv_med               | -1.41    |
| adv_min               | -3.61    |
| adv_var               | 0.023    |
| clipfrac              | 0.227    |
| curr_lr               | 0.001    |
| entropy               | 0.598    |
| eplenmean             | 65.7     |
| eprewmean             | 9.6      |
| fps                   | 5.78e+03 |
| grad_norm             | 1.27     |
| kl                    | 0.0391   |
| loss_pi               | -0.0336  |
| loss_v                | 0.00931  |
| lr                    | 0.001    |
| misc/nupdates         | 619      |
| misc/serial_timesteps | 2.54e+06 |
| misc/time_elapsed     | 446      |
| misc/total_timesteps  | 2.54e+06 |
| ratio_max             | 2.59     |
| ratio_min             | 0.043    |
| ret_avg               | 0.848    |
| ret_max               | 1.03     |
| ret_med               | 0.912    |
| ret_min               | -1.42    |
| ret_var               | 0.0658   |
------------------------------------
------------------------------------
| action_max            | 14       |
| action_min            | 0        |
| adv_avg               | -1.43    |
| adv_max               | -0.44    |
| adv_med               | -1.43    |
| adv_min               | -1.67    |
| adv_var               | 0.00353  |
| clipfrac              | 0.264    |
| curr_lr               | 0.001    |
| entropy               | 0.647    |
| eplenmean             | 72.1     |
| eprewmean             | 10       |
| fps                   | 5.86e+03 |
| grad_norm             | 0.712    |
| kl                    | 0.0421   |
| loss_pi               | -0.0391  |
| loss_v                | 0.00228  |
| lr                    | 0.001    |
| misc/nupdates         | 629      |
| misc/serial_timesteps | 2.58e+06 |
| misc/time_elapsed     | 453      |
| misc/total_timesteps  | 2.58e+06 |
| ratio_max             | 4.26     |
| ratio_min             | 0.159    |
| ret_avg               | 0.902    |
| ret_max               | 1.02     |
| ret_med               | 0.912    |
| ret_min               | 0.667    |
| ret_var               | 0.00562  |
------------------------------------
------------------------------------
| action_max            | 14       |
| action_min            | 0        |
| adv_avg               | -1.43    |
| adv_max               | -0.682   |
| adv_med               | -1.44    |
| adv_min               | -1.65    |
| adv_var               | 0.00364  |
| clipfrac              | 0.24     |
| curr_lr               | 0.001    |
| entropy               | 0.549    |
| eplenmean             | 66.1     |
| eprewmean             | 9.9      |
| fps                   | 4.74e+03 |
| grad_norm             | 0.88     |
| kl                    | 0.0443   |
| loss_pi               | -0.0101  |
| loss_v                | 0.00312  |
| lr                    | 0.001    |
| misc/nupdates         | 639      |
| misc/serial_timesteps | 2.62e+06 |
| misc/time_elapsed     | 461      |
| misc/total_timesteps  | 2.62e+06 |
| ratio_max             | 3.74     |
| ratio_min             | 0.0541   |
| ret_avg               | 0.846    |
| ret_max               | 0.997    |
| ret_med               | 0.86     |
| ret_min               | 0.506    |
| ret_var               | 0.0118   |
------------------------------------
------------------------------------
| action_max            | 14       |
| action_min            | 0        |
| adv_avg               | -1.49    |
| adv_max               | -0.918   |
| adv_med               | -1.48    |
| adv_min               | -3.53    |
| adv_var               | 0.0256   |
| clipfrac              | 0.219    |
| curr_lr               | 0.001    |
| entropy               | 0.558    |
| eplenmean             | 67       |
| eprewmean             | 9.7      |
| fps                   | 4.93e+03 |
| grad_norm             | 0.407    |
| kl                    | 0.0271   |
| loss_pi               | -0.0266  |
| loss_v                | 0.00783  |
| lr                    | 0.001    |
| misc/nupdates         | 649      |
| misc/serial_timesteps | 2.66e+06 |
| misc/time_elapsed     | 469      |
| misc/total_timesteps  | 2.66e+06 |
| ratio_max             | 3.82     |
| ratio_min             | 0.0493   |
| ret_avg               | 0.835    |
| ret_max               | 0.991    |
| ret_med               | 0.884    |
| ret_min               | -1.47    |
| ret_var               | 0.0462   |
------------------------------------
------------------------------------
| action_max            | 14       |
| action_min            | 0        |
| adv_avg               | -1.48    |
| adv_max               | -1.17    |
| adv_med               | -1.48    |
| adv_min               | -1.87    |
| adv_var               | 0.00253  |
| clipfrac              | 0.371    |
| curr_lr               | 0.001    |
| entropy               | 0.751    |
| eplenmean             | 66.3     |
| eprewmean             | 10       |
| fps                   | 5.31e+03 |
| grad_norm             | 0.688    |
| kl                    | 0.18     |
| loss_pi               | -0.0639  |
| loss_v                | 0.00243  |
| lr                    | 0.001    |
| misc/nupdates         | 659      |
| misc/serial_timesteps | 2.7e+06  |
| misc/time_elapsed     | 476      |
| misc/total_timesteps  | 2.7e+06  |
| ratio_max             | 4.26     |
| ratio_min             | 0.0249   |
| ret_avg               | 0.848    |
| ret_max               | 1.01     |
| ret_med               | 0.877    |
| ret_min               | 0.534    |
| ret_var               | 0.0116   |
------------------------------------
------------------------------------
| action_max            | 14       |
| action_min            | 0        |
| adv_avg               | -1.5     |
| adv_max               | -0.885   |
| adv_med               | -1.5     |
| adv_min               | -1.72    |
| adv_var               | 0.00245  |
| clipfrac              | 0.271    |
| curr_lr               | 0.001    |
| entropy               | 0.548    |
| eplenmean             | 68.8     |
| eprewmean             | 9.9      |
| fps                   | 5.28e+03 |
| grad_norm             | 0.529    |
| kl                    | 0.0547   |
| loss_pi               | -0.0351  |
| loss_v                | 0.00159  |
| lr                    | 0.001    |
| misc/nupdates         | 669      |
| misc/serial_timesteps | 2.74e+06 |
| misc/time_elapsed     | 484      |
| misc/total_timesteps  | 2.74e+06 |
| ratio_max             | 5.03     |
| ratio_min             | 0.0383   |
| ret_avg               | 0.846    |
| ret_max               | 0.966    |
| ret_med               | 0.86     |
| ret_min               | 0.664    |
| ret_var               | 0.00592  |
------------------------------------
------------------------------------
| action_max            | 14       |
| action_min            | 0        |
| adv_avg               | -1.51    |
| adv_max               | -1.18    |
| adv_med               | -1.51    |
| adv_min               | -1.81    |
| adv_var               | 0.00209  |
| clipfrac              | 0.248    |
| curr_lr               | 0.001    |
| entropy               | 0.505    |
| eplenmean             | 67.6     |
| eprewmean             | 10       |
| fps                   | 5.39e+03 |
| grad_norm             | 0.733    |
| kl                    | 0.0484   |
| loss_pi               | -0.0373  |
| loss_v                | 0.00187  |
| lr                    | 0.001    |
| misc/nupdates         | 679      |
| misc/serial_timesteps | 2.79e+06 |
| misc/time_elapsed     | 492      |
| misc/total_timesteps  | 2.79e+06 |
| ratio_max             | 5.54     |
| ratio_min             | 0.0915   |
| ret_avg               | 0.85     |
| ret_max               | 0.984    |
| ret_med               | 0.862    |
| ret_min               | 0.561    |
| ret_var               | 0.00568  |
------------------------------------
------------------------------------
| action_max            | 14       |
| action_min            | 0        |
| adv_avg               | -1.56    |
| adv_max               | -1.33    |
| adv_med               | -1.54    |
| adv_min               | -3.94    |
| adv_var               | 0.0217   |
| clipfrac              | 0.209    |
| curr_lr               | 0.001    |
| entropy               | 0.565    |
| eplenmean             | 67.5     |
| eprewmean             | 9.8      |
| fps                   | 5.31e+03 |
| grad_norm             | 0.906    |
| kl                    | 0.0313   |
| loss_pi               | -0.0157  |
| loss_v                | 0.0146   |
| lr                    | 0.001    |
| misc/nupdates         | 689      |
| misc/serial_timesteps | 2.83e+06 |
| misc/time_elapsed     | 500      |
| misc/total_timesteps  | 2.83e+06 |
| ratio_max             | 12.3     |
| ratio_min             | 0.0868   |
| ret_avg               | 0.858    |
| ret_max               | 1        |
| ret_med               | 0.888    |
| ret_min               | -1.53    |
| ret_var               | 0.0292   |
------------------------------------
------------------------------------
| action_max            | 14       |
| action_min            | 0        |
| adv_avg               | -1.57    |
| adv_max               | -1.18    |
| adv_med               | -1.55    |
| adv_min               | -4.05    |
| adv_var               | 0.0209   |
| clipfrac              | 0.203    |
| curr_lr               | 0.001    |
| entropy               | 0.606    |
| eplenmean             | 61.2     |
| eprewmean             | 9.8      |
| fps                   | 5.18e+03 |
| grad_norm             | 0.805    |
| kl                    | 0.0333   |
| loss_pi               | -0.0222  |
| loss_v                | 0.0101   |
| lr                    | 0.001    |
| misc/nupdates         | 699      |
| misc/serial_timesteps | 2.87e+06 |
| misc/time_elapsed     | 508      |
| misc/total_timesteps  | 2.87e+06 |
| ratio_max             | 2.82     |
| ratio_min             | 0.0755   |
| ret_avg               | 0.838    |
| ret_max               | 1        |
| ret_med               | 0.867    |
| ret_min               | -1.55    |
| ret_var               | 0.0252   |
------------------------------------
------------------------------------
| action_max            | 14       |
| action_min            | 0        |
| adv_avg               | -1.57    |
| adv_max               | -0.991   |
| adv_med               | -1.56    |
| adv_min               | -3.72    |
| adv_var               | 0.0254   |
| clipfrac              | 0.191    |
| curr_lr               | 0.001    |
| entropy               | 0.539    |
| eplenmean             | 63       |
| eprewmean             | 9.7      |
| fps                   | 5.13e+03 |
| grad_norm             | 1.43     |
| kl                    | 0.0336   |
| loss_pi               | -0.0218  |
| loss_v                | 0.0271   |
| lr                    | 0.001    |
| misc/nupdates         | 709      |
| misc/serial_timesteps | 2.91e+06 |
| misc/time_elapsed     | 516      |
| misc/total_timesteps  | 2.91e+06 |
| ratio_max             | 2.52     |
| ratio_min             | 0.0508   |
| ret_avg               | 0.794    |
| ret_max               | 0.945    |
| ret_med               | 0.852    |
| ret_min               | -1.56    |
| ret_var               | 0.0469   |
------------------------------------
------------------------------------
| action_max            | 14       |
| action_min            | 0        |
| adv_avg               | -1.59    |
| adv_max               | -0.618   |
| adv_med               | -1.58    |
| adv_min               | -3.78    |
| adv_var               | 0.0272   |
| clipfrac              | 0.211    |
| curr_lr               | 0.001    |
| entropy               | 0.527    |
| eplenmean             | 62.4     |
| eprewmean             | 9.7      |
| fps                   | 5.65e+03 |
| grad_norm             | 1.24     |
| kl                    | 0.0451   |
| loss_pi               | -0.0287  |
| loss_v                | 0.029    |
| lr                    | 0.001    |
| misc/nupdates         | 719      |
| misc/serial_timesteps | 2.95e+06 |
| misc/time_elapsed     | 524      |
| misc/total_timesteps  | 2.95e+06 |
| ratio_max             | 4.08     |
| ratio_min             | 0.0362   |
| ret_avg               | 0.784    |
| ret_max               | 0.957    |
| ret_med               | 0.829    |
| ret_min               | -1.64    |
| ret_var               | 0.0544   |
------------------------------------
------------------------------------
| action_max            | 14       |
| action_min            | 0        |
| adv_avg               | -1.58    |
| adv_max               | -1.22    |
| adv_med               | -1.58    |
| adv_min               | -1.79    |
| adv_var               | 0.00224  |
| clipfrac              | 0.252    |
| curr_lr               | 0.001    |
| entropy               | 0.477    |
| eplenmean             | 66.2     |
| eprewmean             | 10       |
| fps                   | 5.97e+03 |
| grad_norm             | 0.476    |
| kl                    | 0.0593   |
| loss_pi               | -0.0311  |
| loss_v                | 0.00179  |
| lr                    | 0.001    |
| misc/nupdates         | 729      |
| misc/serial_timesteps | 2.99e+06 |
| misc/time_elapsed     | 531      |
| misc/total_timesteps  | 2.99e+06 |
| ratio_max             | 3.48     |
| ratio_min             | 0.0133   |
| ret_avg               | 0.796    |
| ret_max               | 0.956    |
| ret_med               | 0.802    |
| ret_min               | 0.556    |
| ret_var               | 0.00563  |
------------------------------------
------------------------------------
| action_max            | 14       |
| action_min            | 0        |
| adv_avg               | -1.65    |
| adv_max               | 0.165    |
| adv_med               | -1.64    |
| adv_min               | -3.42    |
| adv_var               | 0.0332   |
| clipfrac              | 0.16     |
| curr_lr               | 0.001    |
| entropy               | 0.342    |
| eplenmean             | 83.1     |
| eprewmean             | 9.6      |
| fps                   | 5.6e+03  |
| grad_norm             | 0.419    |
| kl                    | 0.0366   |
| loss_pi               | -0.0231  |
| loss_v                | 0.0314   |
| lr                    | 0.001    |
| misc/nupdates         | 739      |
| misc/serial_timesteps | 3.03e+06 |
| misc/time_elapsed     | 538      |
| misc/total_timesteps  | 3.03e+06 |
| ratio_max             | 4.59     |
| ratio_min             | 0.116    |
| ret_avg               | 0.603    |
| ret_max               | 0.969    |
| ret_med               | 0.802    |
| ret_min               | -1.61    |
| ret_var               | 0.146    |
------------------------------------
------------------------------------
| action_max            | 14       |
| action_min            | 0        |
| adv_avg               | -1.68    |
| adv_max               | -0.231   |
| adv_med               | -1.65    |
| adv_min               | -3.35    |
| adv_var               | 0.0285   |
| clipfrac              | 0.328    |
| curr_lr               | 0.001    |
| entropy               | 0.787    |
| eplenmean             | 176      |
| eprewmean             | 8.7      |
| fps                   | 5.65e+03 |
| grad_norm             | 0.659    |
| kl                    | 0.152    |
| loss_pi               | -0.0208  |
| loss_v                | 0.03     |
| lr                    | 0.001    |
| misc/nupdates         | 749      |
| misc/serial_timesteps | 3.07e+06 |
| misc/time_elapsed     | 545      |
| misc/total_timesteps  | 3.07e+06 |
| ratio_max             | 33.2     |
| ratio_min             | 0.296    |
| ret_avg               | 0.125    |
| ret_max               | 0.991    |
| ret_med               | 0.0512   |
| ret_min               | -1.62    |
| ret_var               | 0.175    |
------------------------------------
------------------------------------
| action_max            | 14       |
| action_min            | 0        |
| adv_avg               | -1.68    |
| adv_max               | -0.704   |
| adv_med               | -1.66    |
| adv_min               | -3.62    |
| adv_var               | 0.0277   |
| clipfrac              | 0.225    |
| curr_lr               | 0.001    |
| entropy               | 0.614    |
| eplenmean             | 166      |
| eprewmean             | 8.1      |
| fps                   | 5.61e+03 |
| grad_norm             | 0.74     |
| kl                    | 0.0499   |
| loss_pi               | -0.0356  |
| loss_v                | 0.0121   |
| lr                    | 0.001    |
| misc/nupdates         | 759      |
| misc/serial_timesteps | 3.11e+06 |
| misc/time_elapsed     | 553      |
| misc/total_timesteps  | 3.11e+06 |
| ratio_max             | 13.3     |
| ratio_min             | 0.0522   |
| ret_avg               | 0.128    |
| ret_max               | 1.02     |
| ret_med               | -0.115   |
| ret_min               | -1.63    |
| ret_var               | 0.507    |
------------------------------------
------------------------------------
| action_max            | 14       |
| action_min            | 0        |
| adv_avg               | -1.65    |
| adv_max               | -0.0361  |
| adv_med               | -1.64    |
| adv_min               | -3.86    |
| adv_var               | 0.0301   |
| clipfrac              | 0.242    |
| curr_lr               | 0.001    |
| entropy               | 0.682    |
| eplenmean             | 127      |
| eprewmean             | 9        |
| fps                   | 5.57e+03 |
| grad_norm             | 0.756    |
| kl                    | 0.0518   |
| loss_pi               | -0.0326  |
| loss_v                | 0.0274   |
| lr                    | 0.001    |
| misc/nupdates         | 769      |
| misc/serial_timesteps | 3.15e+06 |
| misc/time_elapsed     | 560      |
| misc/total_timesteps  | 3.15e+06 |
| ratio_max             | 4.14     |
| ratio_min             | 0.00285  |
| ret_avg               | 0.13     |
| ret_max               | 0.98     |
| ret_med               | 0.64     |
| ret_min               | -1.63    |
| ret_var               | 0.611    |
------------------------------------
------------------------------------
| action_max            | 14       |
| action_min            | 0        |
| adv_avg               | -1.61    |
| adv_max               | -0.641   |
| adv_med               | -1.63    |
| adv_min               | -2.46    |
| adv_var               | 0.0223   |
| clipfrac              | 0.34     |
| curr_lr               | 0.001    |
| entropy               | 1        |
| eplenmean             | 144      |
| eprewmean             | 9.2      |
| fps                   | 5.6e+03  |
| grad_norm             | 0.583    |
| kl                    | 0.0475   |
| loss_pi               | -0.04    |
| loss_v                | 0.0142   |
| lr                    | 0.001    |
| misc/nupdates         | 779      |
| misc/serial_timesteps | 3.19e+06 |
| misc/time_elapsed     | 567      |
| misc/total_timesteps  | 3.19e+06 |
| ratio_max             | 3.86     |
| ratio_min             | 0.106    |
| ret_avg               | -0.123   |
| ret_max               | 0.96     |
| ret_med               | -0.696   |
| ret_min               | -1.63    |
| ret_var               | 0.678    |
------------------------------------
------------------------------------
| action_max            | 14       |
| action_min            | 0        |
| adv_avg               | -1.64    |
| adv_max               | -0.12    |
| adv_med               | -1.63    |
| adv_min               | -3.83    |
| adv_var               | 0.043    |
| clipfrac              | 0.34     |
| curr_lr               | 0.001    |
| entropy               | 0.779    |
| eplenmean             | 101      |
| eprewmean             | 9.4      |
| fps                   | 5.61e+03 |
| grad_norm             | 0.679    |
| kl                    | 0.0668   |
| loss_pi               | -0.0352  |
| loss_v                | 0.0175   |
| lr                    | 0.001    |
| misc/nupdates         | 789      |
| misc/serial_timesteps | 3.24e+06 |
| misc/time_elapsed     | 575      |
| misc/total_timesteps  | 3.24e+06 |
| ratio_max             | 4.77     |
| ratio_min             | 0.000496 |
| ret_avg               | 0.336    |
| ret_max               | 0.923    |
| ret_med               | 0.742    |
| ret_min               | -1.64    |
| ret_var               | 0.443    |
------------------------------------
------------------------------------
| action_max            | 14       |
| action_min            | 0        |
| adv_avg               | -1.65    |
| adv_max               | -1.13    |
| adv_med               | -1.66    |
| adv_min               | -4.21    |
| adv_var               | 0.021    |
| clipfrac              | 0.369    |
| curr_lr               | 0.001    |
| entropy               | 0.531    |
| eplenmean             | 64.5     |
| eprewmean             | 9.8      |
| fps                   | 5.28e+03 |
| grad_norm             | 0.312    |
| kl                    | 0.285    |
| loss_pi               | -0.0239  |
| loss_v                | 0.0218   |
| lr                    | 0.001    |
| misc/nupdates         | 799      |
| misc/serial_timesteps | 3.28e+06 |
| misc/time_elapsed     | 582      |
| misc/total_timesteps  | 3.28e+06 |
| ratio_max             | 8.19     |
| ratio_min             | 0.0964   |
| ret_avg               | 0.62     |
| ret_max               | 0.916    |
| ret_med               | 0.732    |
| ret_min               | -1.65    |
| ret_var               | 0.0695   |
------------------------------------
------------------------------------
| action_max            | 14       |
| action_min            | 0        |
| adv_avg               | -1.67    |
| adv_max               | -1.08    |
| adv_med               | -1.67    |
| adv_min               | -3.88    |
| adv_var               | 0.0171   |
| clipfrac              | 0.266    |
| curr_lr               | 0.001    |
| entropy               | 0.444    |
| eplenmean             | 69.4     |
| eprewmean             | 9.8      |
| fps                   | 5.61e+03 |
| grad_norm             | 0.394    |
| kl                    | 0.0696   |
| loss_pi               | -0.026   |
| loss_v                | 0.0108   |
| lr                    | 0.001    |
| misc/nupdates         | 809      |
| misc/serial_timesteps | 3.32e+06 |
| misc/time_elapsed     | 590      |
| misc/total_timesteps  | 3.32e+06 |
| ratio_max             | 10.7     |
| ratio_min             | 0.0127   |
| ret_avg               | 0.754    |
| ret_max               | 0.964    |
| ret_med               | 0.783    |
| ret_min               | -1.67    |
| ret_var               | 0.0282   |
------------------------------------
------------------------------------
| action_max            | 14       |
| action_min            | 0        |
| adv_avg               | -1.67    |
| adv_max               | -1.09    |
| adv_med               | -1.66    |
| adv_min               | -4.13    |
| adv_var               | 0.0261   |
| clipfrac              | 0.191    |
| curr_lr               | 0.001    |
| entropy               | 0.408    |
| eplenmean             | 70.9     |
| eprewmean             | 9.8      |
| fps                   | 5.34e+03 |
| grad_norm             | 0.432    |
| kl                    | 0.044    |
| loss_pi               | -0.0211  |
| loss_v                | 0.0187   |
| lr                    | 0.001    |
| misc/nupdates         | 819      |
| misc/serial_timesteps | 3.36e+06 |
| misc/time_elapsed     | 597      |
| misc/total_timesteps  | 3.36e+06 |
| ratio_max             | 2.7      |
| ratio_min             | 0.00928  |
| ret_avg               | 0.708    |
| ret_max               | 0.9      |
| ret_med               | 0.73     |
| ret_min               | -1.68    |
| ret_var               | 0.0412   |
------------------------------------
------------------------------------
| action_max            | 14       |
| action_min            | 0        |
| adv_avg               | -1.69    |
| adv_max               | -1.28    |
| adv_med               | -1.69    |
| adv_min               | -1.94    |
| adv_var               | 0.00309  |
| clipfrac              | 0.246    |
| curr_lr               | 0.001    |
| entropy               | 0.499    |
| eplenmean             | 69.8     |
| eprewmean             | 10       |
| fps                   | 5.52e+03 |
| grad_norm             | 0.422    |
| kl                    | 0.058    |
| loss_pi               | -0.0316  |
| loss_v                | 0.00237  |
| lr                    | 0.001    |
| misc/nupdates         | 829      |
| misc/serial_timesteps | 3.4e+06  |
| misc/time_elapsed     | 605      |
| misc/total_timesteps  | 3.4e+06  |
| ratio_max             | 9.86     |
| ratio_min             | 0.0652   |
| ret_avg               | 0.761    |
| ret_max               | 0.9      |
| ret_med               | 0.788    |
| ret_min               | 0.452    |
| ret_var               | 0.00971  |
------------------------------------
------------------------------------
| action_max            | 14       |
| action_min            | 0        |
| adv_avg               | -1.71    |
| adv_max               | 0.112    |
| adv_med               | -1.71    |
| adv_min               | -2.18    |
| adv_var               | 0.00471  |
| clipfrac              | 0.205    |
| curr_lr               | 0.001    |
| entropy               | 0.453    |
| eplenmean             | 61       |
| eprewmean             | 10       |
| fps                   | 5.7e+03  |
| grad_norm             | 0.478    |
| kl                    | 0.0473   |
| loss_pi               | -0.0348  |
| loss_v                | 0.00198  |
| lr                    | 0.001    |
| misc/nupdates         | 839      |
| misc/serial_timesteps | 3.44e+06 |
| misc/time_elapsed     | 612      |
| misc/total_timesteps  | 3.44e+06 |
| ratio_max             | 4.36     |
| ratio_min             | 0.0349   |
| ret_avg               | 0.775    |
| ret_max               | 0.921    |
| ret_med               | 0.783    |
| ret_min               | 0.454    |
| ret_var               | 0.00525  |
------------------------------------
------------------------------------
| action_max            | 14       |
| action_min            | 0        |
| adv_avg               | -1.7     |
| adv_max               | -1.08    |
| adv_med               | -1.72    |
| adv_min               | -2.01    |
| adv_var               | 0.00926  |
| clipfrac              | 0.199    |
| curr_lr               | 0.001    |
| entropy               | 0.507    |
| eplenmean             | 67.6     |
| eprewmean             | 9.9      |
| fps                   | 5.5e+03  |
| grad_norm             | 0.88     |
| kl                    | 0.0454   |
| loss_pi               | -0.0254  |
| loss_v                | 0.00566  |
| lr                    | 0.001    |
| misc/nupdates         | 849      |
| misc/serial_timesteps | 3.48e+06 |
| misc/time_elapsed     | 619      |
| misc/total_timesteps  | 3.48e+06 |
| ratio_max             | 3.74     |
| ratio_min             | 0.171    |
| ret_avg               | 0.663    |
| ret_max               | 0.87     |
| ret_med               | 0.731    |
| ret_min               | 0.0765   |
| ret_var               | 0.0441   |
------------------------------------
------------------------------------
| action_max            | 14       |
| action_min            | 0        |
| adv_avg               | -1.74    |
| adv_max               | -0.953   |
| adv_med               | -1.72    |
| adv_min               | -4.14    |
| adv_var               | 0.0339   |
| clipfrac              | 0.164    |
| curr_lr               | 0.001    |
| entropy               | 0.429    |
| eplenmean             | 66.8     |
| eprewmean             | 9.8      |
| fps                   | 5.49e+03 |
| grad_norm             | 0.731    |
| kl                    | 0.0318   |
| loss_pi               | -0.0184  |
| loss_v                | 0.0331   |
| lr                    | 0.001    |
| misc/nupdates         | 859      |
| misc/serial_timesteps | 3.52e+06 |
| misc/time_elapsed     | 627      |
| misc/total_timesteps  | 3.52e+06 |
| ratio_max             | 3.63     |
| ratio_min             | 7.16e-05 |
| ret_avg               | 0.709    |
| ret_max               | 0.9      |
| ret_med               | 0.763    |
| ret_min               | -1.73    |
| ret_var               | 0.0494   |
------------------------------------
------------------------------------
| action_max            | 14       |
| action_min            | 0        |
| adv_avg               | -1.82    |
| adv_max               | -1.37    |
| adv_med               | -1.74    |
| adv_min               | -4.39    |
| adv_var               | 0.123    |
| clipfrac              | 0.203    |
| curr_lr               | 0.001    |
| entropy               | 0.547    |
| eplenmean             | 64.2     |
| eprewmean             | 9.1      |
| fps                   | 5.38e+03 |
| grad_norm             | 1.05     |
| kl                    | 0.0407   |
| loss_pi               | -0.0138  |
| loss_v                | 0.0638   |
| lr                    | 0.001    |
| misc/nupdates         | 869      |
| misc/serial_timesteps | 3.56e+06 |
| misc/time_elapsed     | 634      |
| misc/total_timesteps  | 3.56e+06 |
| ratio_max             | 2.8      |
| ratio_min             | 0.142    |
| ret_avg               | 0.64     |
| ret_max               | 0.87     |
| ret_med               | 0.728    |
| ret_min               | -1.74    |
| ret_var               | 0.131    |
------------------------------------
------------------------------------
| action_max            | 14       |
| action_min            | 0        |
| adv_avg               | -1.77    |
| adv_max               | -0.208   |
| adv_med               | -1.76    |
| adv_min               | -4.33    |
| adv_var               | 0.0315   |
| clipfrac              | 0.232    |
| curr_lr               | 0.001    |
| entropy               | 0.692    |
| eplenmean             | 67.8     |
| eprewmean             | 9.8      |
| fps                   | 5.75e+03 |
| grad_norm             | 0.401    |
| kl                    | 0.0355   |
| loss_pi               | -0.0209  |
| loss_v                | 0.0117   |
| lr                    | 0.001    |
| misc/nupdates         | 879      |
| misc/serial_timesteps | 3.6e+06  |
| misc/time_elapsed     | 642      |
| misc/total_timesteps  | 3.6e+06  |
| ratio_max             | 4.05     |
| ratio_min             | 0.0156   |
| ret_avg               | 0.722    |
| ret_max               | 0.851    |
| ret_med               | 0.762    |
| ret_min               | -1.76    |
| ret_var               | 0.0374   |
------------------------------------
------------------------------------
| action_max            | 14       |
| action_min            | 0        |
| adv_avg               | -1.8     |
| adv_max               | -1.46    |
| adv_med               | -1.77    |
| adv_min               | -4.14    |
| adv_var               | 0.0363   |
| clipfrac              | 0.211    |
| curr_lr               | 0.001    |
| entropy               | 0.6      |
| eplenmean             | 65.6     |
| eprewmean             | 9.6      |
| fps                   | 5.99e+03 |
| grad_norm             | 0.631    |
| kl                    | 0.027    |
| loss_pi               | -0.01    |
| loss_v                | 0.022    |
| lr                    | 0.001    |
| misc/nupdates         | 889      |
| misc/serial_timesteps | 3.65e+06 |
| misc/time_elapsed     | 648      |
| misc/total_timesteps  | 3.65e+06 |
| ratio_max             | 4.1      |
| ratio_min             | 0.188    |
| ret_avg               | 0.731    |
| ret_max               | 0.924    |
| ret_med               | 0.779    |
| ret_min               | -1.77    |
| ret_var               | 0.0512   |
------------------------------------
------------------------------------
| action_max            | 14       |
| action_min            | 0        |
| adv_avg               | -1.78    |
| adv_max               | -1.4     |
| adv_med               | -1.78    |
| adv_min               | -1.95    |
| adv_var               | 0.00257  |
| clipfrac              | 0.287    |
| curr_lr               | 0.001    |
| entropy               | 0.546    |
| eplenmean             | 65.1     |
| eprewmean             | 10       |
| fps                   | 5.94e+03 |
| grad_norm             | 0.47     |
| kl                    | 0.0793   |
| loss_pi               | -0.0445  |
| loss_v                | 0.00163  |
| lr                    | 0.001    |
| misc/nupdates         | 899      |
| misc/serial_timesteps | 3.69e+06 |
| misc/time_elapsed     | 655      |
| misc/total_timesteps  | 3.69e+06 |
| ratio_max             | 8.02     |
| ratio_min             | 0.0561   |
| ret_avg               | 0.745    |
| ret_max               | 0.885    |
| ret_med               | 0.761    |
| ret_min               | 0.449    |
| ret_var               | 0.00578  |
------------------------------------
------------------------------------
| action_max            | 14       |
| action_min            | 0        |
| adv_avg               | -1.79    |
| adv_max               | -0.283   |
| adv_med               | -1.8     |
| adv_min               | -2.02    |
| adv_var               | 0.00625  |
| clipfrac              | 0.24     |
| curr_lr               | 0.001    |
| entropy               | 0.508    |
| eplenmean             | 65.3     |
| eprewmean             | 9.9      |
| fps                   | 5.82e+03 |
| grad_norm             | 0.416    |
| kl                    | 0.0508   |
| loss_pi               | -0.0386  |
| loss_v                | 0.00176  |
| lr                    | 0.001    |
| misc/nupdates         | 909      |
| misc/serial_timesteps | 3.73e+06 |
| misc/time_elapsed     | 662      |
| misc/total_timesteps  | 3.73e+06 |
| ratio_max             | 3.33     |
| ratio_min             | 0.139    |
| ret_avg               | 0.746    |
| ret_max               | 0.95     |
| ret_med               | 0.765    |
| ret_min               | 0.279    |
| ret_var               | 0.0082   |
------------------------------------
------------------------------------
| action_max            | 14       |
| action_min            | 0        |
| adv_avg               | -1.81    |
| adv_max               | -1.32    |
| adv_med               | -1.8     |
| adv_min               | -4.34    |
| adv_var               | 0.0325   |
| clipfrac              | 0.221    |
| curr_lr               | 0.001    |
| entropy               | 0.501    |
| eplenmean             | 74.2     |
| eprewmean             | 9.7      |
| fps                   | 5.88e+03 |
| grad_norm             | 0.47     |
| kl                    | 0.0463   |
| loss_pi               | -0.013   |
| loss_v                | 0.0278   |
| lr                    | 0.001    |
| misc/nupdates         | 919      |
| misc/serial_timesteps | 3.77e+06 |
| misc/time_elapsed     | 669      |
| misc/total_timesteps  | 3.77e+06 |
| ratio_max             | 2.96     |
| ratio_min             | 0.126    |
| ret_avg               | 0.645    |
| ret_max               | 0.839    |
| ret_med               | 0.683    |
| ret_min               | -1.81    |
| ret_var               | 0.0467   |
------------------------------------
------------------------------------
| action_max            | 14       |
| action_min            | 0        |
| adv_avg               | -1.83    |
| adv_max               | -1.35    |
| adv_med               | -1.82    |
| adv_min               | -4.49    |
| adv_var               | 0.0202   |
| clipfrac              | 0.258    |
| curr_lr               | 0.001    |
| entropy               | 0.472    |
| eplenmean             | 72.5     |
| eprewmean             | 9.7      |
| fps                   | 5.79e+03 |
| grad_norm             | 0.268    |
| kl                    | 0.0512   |
| loss_pi               | -0.0248  |
| loss_v                | 0.0169   |
| lr                    | 0.001    |
| misc/nupdates         | 929      |
| misc/serial_timesteps | 3.81e+06 |
| misc/time_elapsed     | 676      |
| misc/total_timesteps  | 3.81e+06 |
| ratio_max             | 3.9      |
| ratio_min             | 0.0108   |
| ret_avg               | 0.707    |
| ret_max               | 0.835    |
| ret_med               | 0.737    |
| ret_min               | -1.82    |
| ret_var               | 0.023    |
------------------------------------
------------------------------------
| action_max            | 14       |
| action_min            | 0        |
| adv_avg               | -1.85    |
| adv_max               | -1.56    |
| adv_med               | -1.83    |
| adv_min               | -4.32    |
| adv_var               | 0.0416   |
| clipfrac              | 0.254    |
| curr_lr               | 0.001    |
| entropy               | 0.496    |
| eplenmean             | 61.6     |
| eprewmean             | 9.7      |
| fps                   | 5.91e+03 |
| grad_norm             | 0.801    |
| kl                    | 0.0745   |
| loss_pi               | -0.0204  |
| loss_v                | 0.0339   |
| lr                    | 0.001    |
| misc/nupdates         | 939      |
| misc/serial_timesteps | 3.85e+06 |
| misc/time_elapsed     | 684      |
| misc/total_timesteps  | 3.85e+06 |
| ratio_max             | 9.7      |
| ratio_min             | 0.00114  |
| ret_avg               | 0.678    |
| ret_max               | 0.827    |
| ret_med               | 0.716    |
| ret_min               | -1.83    |
| ret_var               | 0.0558   |
------------------------------------
------------------------------------
| action_max            | 14       |
| action_min            | 0        |
| adv_avg               | -1.86    |
| adv_max               | -1.35    |
| adv_med               | -1.85    |
| adv_min               | -4.41    |
| adv_var               | 0.033    |
| clipfrac              | 0.182    |
| curr_lr               | 0.001    |
| entropy               | 0.395    |
| eplenmean             | 70       |
| eprewmean             | 9.8      |
| fps                   | 5.95e+03 |
| grad_norm             | 0.451    |
| kl                    | 0.053    |
| loss_pi               | -0.0171  |
| loss_v                | 0.03     |
| lr                    | 0.001    |
| misc/nupdates         | 949      |
| misc/serial_timesteps | 3.89e+06 |
| misc/time_elapsed     | 691      |
| misc/total_timesteps  | 3.89e+06 |
| ratio_max             | 3.7      |
| ratio_min             | 0.047    |
| ret_avg               | 0.678    |
| ret_max               | 0.818    |
| ret_med               | 0.716    |
| ret_min               | -1.84    |
| ret_var               | 0.0415   |
------------------------------------
------------------------------------
| action_max            | 14       |
| action_min            | 0        |
| adv_avg               | -1.85    |
| adv_max               | -0.259   |
| adv_med               | -1.86    |
| adv_min               | -2.09    |
| adv_var               | 0.00539  |
| clipfrac              | 0.252    |
| curr_lr               | 0.001    |
| entropy               | 0.444    |
| eplenmean             | 67.2     |
| eprewmean             | 9.9      |
| fps                   | 5.76e+03 |
| grad_norm             | 0.352    |
| kl                    | 0.0657   |
| loss_pi               | -0.0243  |
| loss_v                | 0.00171  |
| lr                    | 0.001    |
| misc/nupdates         | 959      |
| misc/serial_timesteps | 3.93e+06 |
| misc/time_elapsed     | 698      |
| misc/total_timesteps  | 3.93e+06 |
| ratio_max             | 4.2      |
| ratio_min             | 0.0461   |
| ret_avg               | 0.676    |
| ret_max               | 0.811    |
| ret_med               | 0.685    |
| ret_min               | 0.466    |
| ret_var               | 0.00783  |
------------------------------------
------------------------------------
| action_max            | 14       |
| action_min            | 0        |
| adv_avg               | -1.87    |
| adv_max               | -0.617   |
| adv_med               | -1.86    |
| adv_min               | -4.38    |
| adv_var               | 0.0184   |
| clipfrac              | 0.219    |
| curr_lr               | 0.001    |
| entropy               | 0.521    |
| eplenmean             | 70.6     |
| eprewmean             | 9.7      |
| fps                   | 5.82e+03 |
| grad_norm             | 0.419    |
| kl                    | 0.0566   |
| loss_pi               | -0.0187  |
| loss_v                | 0.0103   |
| lr                    | 0.001    |
| misc/nupdates         | 969      |
| misc/serial_timesteps | 3.97e+06 |
| misc/time_elapsed     | 705      |
| misc/total_timesteps  | 3.97e+06 |
| ratio_max             | 5.2      |
| ratio_min             | 0.0562   |
| ret_avg               | 0.642    |
| ret_max               | 0.81     |
| ret_med               | 0.69     |
| ret_min               | -1.87    |
| ret_var               | 0.0389   |
------------------------------------
------------------------------------
| action_max            | 14       |
| action_min            | 0        |
| adv_avg               | -1.9     |
| adv_max               | -1.52    |
| adv_med               | -1.88    |
| adv_min               | -4.53    |
| adv_var               | 0.0352   |
| clipfrac              | 0.186    |
| curr_lr               | 0.001    |
| entropy               | 0.481    |
| eplenmean             | 65.9     |
| eprewmean             | 9.8      |
| fps                   | 5.92e+03 |
| grad_norm             | 0.302    |
| kl                    | 0.0341   |
| loss_pi               | -0.0162  |
| loss_v                | 0.022    |
| lr                    | 0.001    |
| misc/nupdates         | 979      |
| misc/serial_timesteps | 4.01e+06 |
| misc/time_elapsed     | 712      |
| misc/total_timesteps  | 4.01e+06 |
| ratio_max             | 3.94     |
| ratio_min             | 0.0155   |
| ret_avg               | 0.671    |
| ret_max               | 0.911    |
| ret_med               | 0.709    |
| ret_min               | -1.88    |
| ret_var               | 0.0392   |
------------------------------------
------------------------------------
| action_max            | 14       |
| action_min            | 0        |
| adv_avg               | -1.91    |
| adv_max               | -1.21    |
| adv_med               | -1.91    |
| adv_min               | -3.6     |
| adv_var               | 0.0198   |
| clipfrac              | 0.309    |
| curr_lr               | 0.001    |
| entropy               | 0.762    |
| eplenmean             | 88.5     |
| eprewmean             | 9.6      |
| fps                   | 5.58e+03 |
| grad_norm             | 0.546    |
| kl                    | 0.0613   |
| loss_pi               | -0.0329  |
| loss_v                | 0.0165   |
| lr                    | 0.001    |
| misc/nupdates         | 989      |
| misc/serial_timesteps | 4.06e+06 |
| misc/time_elapsed     | 719      |
| misc/total_timesteps  | 4.06e+06 |
| ratio_max             | 4.68     |
| ratio_min             | 0.054    |
| ret_avg               | 0.441    |
| ret_max               | 0.795    |
| ret_med               | 0.585    |
| ret_min               | -1.89    |
| ret_var               | 0.113    |
------------------------------------
------------------------------------
| action_max            | 14       |
| action_min            | 0        |
| adv_avg               | -1.9     |
| adv_max               | -1.38    |
| adv_med               | -1.9     |
| adv_min               | -4.29    |
| adv_var               | 0.0179   |
| clipfrac              | 0.246    |
| curr_lr               | 0.001    |
| entropy               | 0.488    |
| eplenmean             | 71       |
| eprewmean             | 9.8      |
| fps                   | 5.69e+03 |
| grad_norm             | 0.516    |
| kl                    | 0.0524   |
| loss_pi               | -0.00671 |
| loss_v                | 0.0288   |
| lr                    | 0.001    |
| misc/nupdates         | 999      |
| misc/serial_timesteps | 4.1e+06  |
| misc/time_elapsed     | 726      |
| misc/total_timesteps  | 4.1e+06  |
| ratio_max             | 9.17     |
| ratio_min             | 0.116    |
| ret_avg               | 0.648    |
| ret_max               | 0.794    |
| ret_med               | 0.678    |
| ret_min               | -1.9     |
| ret_var               | 0.0302   |
------------------------------------
------------------------------------
| action_max            | 14       |
| action_min            | 0        |
| adv_avg               | -1.92    |
| adv_max               | -1.58    |
| adv_med               | -1.91    |
| adv_min               | -4.31    |
| adv_var               | 0.0179   |
| clipfrac              | 0.193    |
| curr_lr               | 0.001    |
| entropy               | 0.466    |
| eplenmean             | 71       |
| eprewmean             | 9.9      |
| fps                   | 5.92e+03 |
| grad_norm             | 0.436    |
| kl                    | 0.0516   |
| loss_pi               | -0.0223  |
| loss_v                | 0.0196   |
| lr                    | 0.001    |
| misc/nupdates         | 1.01e+03 |
| misc/serial_timesteps | 4.14e+06 |
| misc/time_elapsed     | 733      |
| misc/total_timesteps  | 4.14e+06 |
| ratio_max             | 15.7     |
| ratio_min             | 0.000437 |
| ret_avg               | 0.65     |
| ret_max               | 0.812    |
| ret_med               | 0.669    |
| ret_min               | -1.92    |
| ret_var               | 0.0273   |
------------------------------------
------------------------------------
| action_max            | 14       |
| action_min            | 0        |
| adv_avg               | -1.92    |
| adv_max               | -1.48    |
| adv_med               | -1.92    |
| adv_min               | -2.12    |
| adv_var               | 0.00388  |
| clipfrac              | 0.303    |
| curr_lr               | 0.001    |
| entropy               | 0.467    |
| eplenmean             | 64.9     |
| eprewmean             | 9.9      |
| fps                   | 5.51e+03 |
| grad_norm             | 0.901    |
| kl                    | 0.205    |
| loss_pi               | -0.0447  |
| loss_v                | 0.00208  |
| lr                    | 0.001    |
| misc/nupdates         | 1.02e+03 |
| misc/serial_timesteps | 4.18e+06 |
| misc/time_elapsed     | 740      |
| misc/total_timesteps  | 4.18e+06 |
| ratio_max             | 4.78     |
| ratio_min             | 0.019    |
| ret_avg               | 0.63     |
| ret_max               | 0.82     |
| ret_med               | 0.647    |
| ret_min               | 0.326    |
| ret_var               | 0.0122   |
------------------------------------
------------------------------------
| action_max            | 14       |
| action_min            | 0        |
| adv_avg               | -1.93    |
| adv_max               | -1.56    |
| adv_med               | -1.93    |
| adv_min               | -2.1     |
| adv_var               | 0.0016   |
| clipfrac              | 0.266    |
| curr_lr               | 0.001    |
| entropy               | 0.438    |
| eplenmean             | 70.6     |
| eprewmean             | 10       |
| fps                   | 5.94e+03 |
| grad_norm             | 0.422    |
| kl                    | 0.0717   |
| loss_pi               | -0.0476  |
| loss_v                | 0.00127  |
| lr                    | 0.001    |
| misc/nupdates         | 1.03e+03 |
| misc/serial_timesteps | 4.22e+06 |
| misc/time_elapsed     | 747      |
| misc/total_timesteps  | 4.22e+06 |
| ratio_max             | 5.19     |
| ratio_min             | 0.0184   |
| ret_avg               | 0.661    |
| ret_max               | 0.78     |
| ret_med               | 0.67     |
| ret_min               | 0.425    |
| ret_var               | 0.00617  |
------------------------------------
------------------------------------
| action_max            | 14       |
| action_min            | 0        |
| adv_avg               | -1.94    |
| adv_max               | -1.69    |
| adv_med               | -1.94    |
| adv_min               | -2.17    |
| adv_var               | 0.00229  |
| clipfrac              | 0.221    |
| curr_lr               | 0.001    |
| entropy               | 0.451    |
| eplenmean             | 67.2     |
| eprewmean             | 9.9      |
| fps                   | 5.91e+03 |
| grad_norm             | 0.773    |
| kl                    | 0.0706   |
| loss_pi               | -0.0234  |
| loss_v                | 0.00177  |
| lr                    | 0.001    |
| misc/nupdates         | 1.04e+03 |
| misc/serial_timesteps | 4.26e+06 |
| misc/time_elapsed     | 754      |
| misc/total_timesteps  | 4.26e+06 |
| ratio_max             | 3.14     |
| ratio_min             | 0.0228   |
| ret_avg               | 0.628    |
| ret_max               | 0.776    |
| ret_med               | 0.644    |
| ret_min               | 0.334    |
| ret_var               | 0.0109   |
------------------------------------
------------------------------------
| action_max            | 14       |
| action_min            | 0        |
| adv_avg               | -1.95    |
| adv_max               | -1.58    |
| adv_med               | -1.96    |
| adv_min               | -2.19    |
| adv_var               | 0.00222  |
| clipfrac              | 0.307    |
| curr_lr               | 0.001    |
| entropy               | 0.497    |
| eplenmean             | 69.7     |
| eprewmean             | 10       |
| fps                   | 5.89e+03 |
| grad_norm             | 0.462    |
| kl                    | 0.0828   |
| loss_pi               | -0.0375  |
| loss_v                | 0.002    |
| lr                    | 0.001    |
| misc/nupdates         | 1.05e+03 |
| misc/serial_timesteps | 4.3e+06  |
| misc/time_elapsed     | 761      |
| misc/total_timesteps  | 4.3e+06  |
| ratio_max             | 8.18     |
| ratio_min             | 0.0141   |
| ret_avg               | 0.626    |
| ret_max               | 0.77     |
| ret_med               | 0.647    |
| ret_min               | 0.315    |
| ret_var               | 0.0118   |
------------------------------------
------------------------------------
| action_max            | 14       |
| action_min            | 0        |
| adv_avg               | -1.97    |
| adv_max               | -1.34    |
| adv_med               | -1.97    |
| adv_min               | -2.15    |
| adv_var               | 0.00173  |
| clipfrac              | 0.268    |
| curr_lr               | 0.001    |
| entropy               | 0.5      |
| eplenmean             | 64       |
| eprewmean             | 10       |
| fps                   | 6.01e+03 |
| grad_norm             | 0.461    |
| kl                    | 0.0658   |
| loss_pi               | -0.0397  |
| loss_v                | 0.0012   |
| lr                    | 0.001    |
| misc/nupdates         | 1.06e+03 |
| misc/serial_timesteps | 4.34e+06 |
| misc/time_elapsed     | 768      |
| misc/total_timesteps  | 4.34e+06 |
| ratio_max             | 8.95     |
| ratio_min             | 0.0457   |
| ret_avg               | 0.652    |
| ret_max               | 0.766    |
| ret_med               | 0.668    |
| ret_min               | 0.437    |
| ret_var               | 0.00599  |
------------------------------------
------------------------------------
| action_max            | 14       |
| action_min            | 0        |
| adv_avg               | -1.97    |
| adv_max               | -1.66    |
| adv_med               | -1.97    |
| adv_min               | -2.13    |
| adv_var               | 0.0023   |
| clipfrac              | 0.32     |
| curr_lr               | 0.001    |
| entropy               | 0.5      |
| eplenmean             | 64.3     |
| eprewmean             | 9.9      |
| fps                   | 5.85e+03 |
| grad_norm             | 0.379    |
| kl                    | 0.0836   |
| loss_pi               | -0.0456  |
| loss_v                | 0.00163  |
| lr                    | 0.001    |
| misc/nupdates         | 1.07e+03 |
| misc/serial_timesteps | 4.38e+06 |
| misc/time_elapsed     | 775      |
| misc/total_timesteps  | 4.38e+06 |
| ratio_max             | 8.3      |
| ratio_min             | 0.0235   |
| ret_avg               | 0.64     |
| ret_max               | 0.795    |
| ret_med               | 0.671    |
| ret_min               | 0.326    |
| ret_var               | 0.012    |
------------------------------------
------------------------------------
| action_max            | 14       |
| action_min            | 0        |
| adv_avg               | -1.99    |
| adv_max               | -1.65    |
| adv_med               | -2       |
| adv_min               | -2.28    |
| adv_var               | 0.00176  |
| clipfrac              | 0.242    |
| curr_lr               | 0.001    |
| entropy               | 0.38     |
| eplenmean             | 66.9     |
| eprewmean             | 10       |
| fps                   | 6.01e+03 |
| grad_norm             | 0.312    |
| kl                    | 0.0651   |
| loss_pi               | -0.0328  |
| loss_v                | 0.00135  |
| lr                    | 0.001    |
| misc/nupdates         | 1.08e+03 |
| misc/serial_timesteps | 4.42e+06 |
| misc/time_elapsed     | 782      |
| misc/total_timesteps  | 4.42e+06 |
| ratio_max             | 8.18     |
| ratio_min             | 0.0557   |
| ret_avg               | 0.656    |
| ret_max               | 0.765    |
| ret_med               | 0.676    |
| ret_min               | 0.437    |
| ret_var               | 0.00581  |
------------------------------------
------------------------------------
| action_max            | 14       |
| action_min            | 0        |
| adv_avg               | -2       |
| adv_max               | -1.76    |
| adv_med               | -2       |
| adv_min               | -2.15    |
| adv_var               | 0.00138  |
| clipfrac              | 0.266    |
| curr_lr               | 0.001    |
| entropy               | 0.377    |
| eplenmean             | 65.9     |
| eprewmean             | 10       |
| fps                   | 5.76e+03 |
| grad_norm             | 0.38     |
| kl                    | 0.0921   |
| loss_pi               | -0.0382  |
| loss_v                | 0.00126  |
| lr                    | 0.001    |
| misc/nupdates         | 1.09e+03 |
| misc/serial_timesteps | 4.46e+06 |
| misc/time_elapsed     | 789      |
| misc/total_timesteps  | 4.46e+06 |
| ratio_max             | 6.19     |
| ratio_min             | 0.0117   |
| ret_avg               | 0.641    |
| ret_max               | 0.764    |
| ret_med               | 0.651    |
| ret_min               | 0.465    |
| ret_var               | 0.00607  |
------------------------------------
------------------------------------
| action_max            | 14       |
| action_min            | 0        |
| adv_avg               | -2.02    |
| adv_max               | -1.46    |
| adv_med               | -2.02    |
| adv_min               | -2.17    |
| adv_var               | 0.00164  |
| clipfrac              | 0.301    |
| curr_lr               | 0.001    |
| entropy               | 0.467    |
| eplenmean             | 67       |
| eprewmean             | 10       |
| fps                   | 5.86e+03 |
| grad_norm             | 0.526    |
| kl                    | 0.0812   |
| loss_pi               | -0.0391  |
| loss_v                | 0.00138  |
| lr                    | 0.001    |
| misc/nupdates         | 1.1e+03  |
| misc/serial_timesteps | 4.51e+06 |
| misc/time_elapsed     | 796      |
| misc/total_timesteps  | 4.51e+06 |
| ratio_max             | 11.2     |
| ratio_min             | 0.104    |
| ret_avg               | 0.653    |
| ret_max               | 0.755    |
| ret_med               | 0.664    |
| ret_min               | 0.44     |
| ret_var               | 0.00485  |
------------------------------------
------------------------------------
| action_max            | 14       |
| action_min            | 0        |
| adv_avg               | -2.04    |
| adv_max               | -1.75    |
| adv_med               | -2.03    |
| adv_min               | -4.33    |
| adv_var               | 0.0179   |
| clipfrac              | 0.174    |
| curr_lr               | 0.001    |
| entropy               | 0.392    |
| eplenmean             | 63.5     |
| eprewmean             | 9.9      |
| fps                   | 5.72e+03 |
| grad_norm             | 0.445    |
| kl                    | 0.0322   |
| loss_pi               | -0.0221  |
| loss_v                | 0.00399  |
| lr                    | 0.001    |
| misc/nupdates         | 1.11e+03 |
| misc/serial_timesteps | 4.55e+06 |
| misc/time_elapsed     | 803      |
| misc/total_timesteps  | 4.55e+06 |
| ratio_max             | 3.65     |
| ratio_min             | 0.109    |
| ret_avg               | 0.626    |
| ret_max               | 0.751    |
| ret_med               | 0.648    |
| ret_min               | -2.03    |
| ret_var               | 0.0253   |
------------------------------------
------------------------------------
| action_max            | 14       |
| action_min            | 0        |
| adv_avg               | -2.03    |
| adv_max               | -0.829   |
| adv_med               | -2.03    |
| adv_min               | -2.19    |
| adv_var               | 0.00218  |
| clipfrac              | 0.242    |
| curr_lr               | 0.001    |
| entropy               | 0.509    |
| eplenmean             | 65.6     |
| eprewmean             | 10       |
| fps                   | 5.8e+03  |
| grad_norm             | 0.392    |
| kl                    | 0.0638   |
| loss_pi               | -0.0394  |
| loss_v                | 0.0012   |
| lr                    | 0.001    |
| misc/nupdates         | 1.12e+03 |
| misc/serial_timesteps | 4.59e+06 |
| misc/time_elapsed     | 811      |
| misc/total_timesteps  | 4.59e+06 |
| ratio_max             | 7.52     |
| ratio_min             | 0.0118   |
| ret_avg               | 0.621    |
| ret_max               | 0.748    |
| ret_med               | 0.633    |
| ret_min               | 0.354    |
| ret_var               | 0.00718  |
------------------------------------
------------------------------------
| action_max            | 14       |
| action_min            | 0        |
| adv_avg               | -2.07    |
| adv_max               | -1.25    |
| adv_med               | -2.05    |
| adv_min               | -4.64    |
| adv_var               | 0.0364   |
| clipfrac              | 0.209    |
| curr_lr               | 0.001    |
| entropy               | 0.487    |
| eplenmean             | 62.5     |
| eprewmean             | 9.8      |
| fps                   | 5.93e+03 |
| grad_norm             | 0.377    |
| kl                    | 0.0379   |
| loss_pi               | -0.0223  |
| loss_v                | 0.0261   |
| lr                    | 0.001    |
| misc/nupdates         | 1.13e+03 |
| misc/serial_timesteps | 4.63e+06 |
| misc/time_elapsed     | 818      |
| misc/total_timesteps  | 4.63e+06 |
| ratio_max             | 4.58     |
| ratio_min             | 0.0228   |
| ret_avg               | 0.595    |
| ret_max               | 0.76     |
| ret_med               | 0.637    |
| ret_min               | -2.05    |
| ret_var               | 0.0532   |
------------------------------------
------------------------------------
| action_max            | 14       |
| action_min            | 0        |
| adv_avg               | -2.05    |
| adv_max               | -1.61    |
| adv_med               | -2.05    |
| adv_min               | -2.25    |
| adv_var               | 0.00431  |
| clipfrac              | 0.273    |
| curr_lr               | 0.001    |
| entropy               | 0.505    |
| eplenmean             | 60       |
| eprewmean             | 10       |
| fps                   | 5.74e+03 |
| grad_norm             | 0.5      |
| kl                    | 0.0566   |
| loss_pi               | -0.0139  |
| loss_v                | 0.0019   |
| lr                    | 0.001    |
| misc/nupdates         | 1.14e+03 |
| misc/serial_timesteps | 4.67e+06 |
| misc/time_elapsed     | 825      |
| misc/total_timesteps  | 4.67e+06 |
| ratio_max             | 4.08     |
| ratio_min             | 0.0775   |
| ret_avg               | 0.595    |
| ret_max               | 0.736    |
| ret_med               | 0.609    |
| ret_min               | 0.19     |
| ret_var               | 0.0119   |
------------------------------------
------------------------------------
| action_max            | 14       |
| action_min            | 0        |
| adv_avg               | -2.08    |
| adv_max               | -1.88    |
| adv_med               | -2.07    |
| adv_min               | -4.45    |
| adv_var               | 0.0189   |
| clipfrac              | 0.209    |
| curr_lr               | 0.001    |
| entropy               | 0.449    |
| eplenmean             | 58.4     |
| eprewmean             | 9.9      |
| fps                   | 5.83e+03 |
| grad_norm             | 0.592    |
| kl                    | 0.0428   |
| loss_pi               | -0.0171  |
| loss_v                | 0.0276   |
| lr                    | 0.001    |
| misc/nupdates         | 1.15e+03 |
| misc/serial_timesteps | 4.71e+06 |
| misc/time_elapsed     | 832      |
| misc/total_timesteps  | 4.71e+06 |
| ratio_max             | 5.29     |
| ratio_min             | 0.0882   |
| ret_avg               | 0.622    |
| ret_max               | 0.734    |
| ret_med               | 0.641    |
| ret_min               | -2.07    |
| ret_var               | 0.0229   |
------------------------------------
------------------------------------
| action_max            | 14       |
| action_min            | 0        |
| adv_avg               | -2.09    |
| adv_max               | -0.0788  |
| adv_med               | -2.08    |
| adv_min               | -5       |
| adv_var               | 0.0214   |
| clipfrac              | 0.193    |
| curr_lr               | 0.001    |
| entropy               | 0.419    |
| eplenmean             | 62.9     |
| eprewmean             | 9.9      |
| fps                   | 5.78e+03 |
| grad_norm             | 0.849    |
| kl                    | 0.0414   |
| loss_pi               | -0.0184  |
| loss_v                | 0.0126   |
| lr                    | 0.001    |
| misc/nupdates         | 1.16e+03 |
| misc/serial_timesteps | 4.75e+06 |
| misc/time_elapsed     | 839      |
| misc/total_timesteps  | 4.75e+06 |
| ratio_max             | 2.71     |
| ratio_min             | 0.000597 |
| ret_avg               | 0.607    |
| ret_max               | 0.734    |
| ret_med               | 0.637    |
| ret_min               | -2.19    |
| ret_var               | 0.0331   |
------------------------------------
------------------------------------
| action_max            | 14       |
| action_min            | 0        |
| adv_avg               | -2.09    |
| adv_max               | -1.85    |
| adv_med               | -2.09    |
| adv_min               | -2.36    |
| adv_var               | 0.00144  |
| clipfrac              | 0.254    |
| curr_lr               | 0.001    |
| entropy               | 0.416    |
| eplenmean             | 63.5     |
| eprewmean             | 10       |
| fps                   | 6e+03    |
| grad_norm             | 0.394    |
| kl                    | 0.0677   |
| loss_pi               | -0.0353  |
| loss_v                | 0.00144  |
| lr                    | 0.001    |
| misc/nupdates         | 1.17e+03 |
| misc/serial_timesteps | 4.79e+06 |
| misc/time_elapsed     | 846      |
| misc/total_timesteps  | 4.79e+06 |
| ratio_max             | 27.5     |
| ratio_min             | 0.0693   |
| ret_avg               | 0.622    |
| ret_max               | 0.725    |
| ret_med               | 0.635    |
| ret_min               | 0.43     |
| ret_var               | 0.00518  |
------------------------------------
------------------------------------
| action_max            | 14       |
| action_min            | 0        |
| adv_avg               | -2.12    |
| adv_max               | -0.271   |
| adv_med               | -2.1     |
| adv_min               | -4.66    |
| adv_var               | 0.0402   |
| clipfrac              | 0.232    |
| curr_lr               | 0.001    |
| entropy               | 0.498    |
| eplenmean             | 65.5     |
| eprewmean             | 9.7      |
| fps                   | 5.64e+03 |
| grad_norm             | 0.234    |
| kl                    | 0.0908   |
| loss_pi               | -0.0345  |
| loss_v                | 0.0356   |
| lr                    | 0.001    |
| misc/nupdates         | 1.18e+03 |
| misc/serial_timesteps | 4.83e+06 |
| misc/time_elapsed     | 853      |
| misc/total_timesteps  | 4.83e+06 |
| ratio_max             | 6.03     |
| ratio_min             | 0.00376  |
| ret_avg               | 0.577    |
| ret_max               | 0.775    |
| ret_med               | 0.611    |
| ret_min               | -2.11    |
| ret_var               | 0.048    |
------------------------------------
------------------------------------
| action_max            | 14       |
| action_min            | 0        |
| adv_avg               | -2.11    |
| adv_max               | -1.75    |
| adv_med               | -2.11    |
| adv_min               | -2.3     |
| adv_var               | 0.00302  |
| clipfrac              | 0.275    |
| curr_lr               | 0.001    |
| entropy               | 0.509    |
| eplenmean             | 57.2     |
| eprewmean             | 9.8      |
| fps                   | 5.59e+03 |
| grad_norm             | 0.428    |
| kl                    | 0.0669   |
| loss_pi               | -0.0326  |
| loss_v                | 0.00126  |
| lr                    | 0.001    |
| misc/nupdates         | 1.19e+03 |
| misc/serial_timesteps | 4.87e+06 |
| misc/time_elapsed     | 861      |
| misc/total_timesteps  | 4.87e+06 |
| ratio_max             | 4.1      |
| ratio_min             | 0.0169   |
| ret_avg               | 0.609    |
| ret_max               | 0.74     |
| ret_med               | 0.63     |
| ret_min               | 0.395    |
| ret_var               | 0.00753  |
------------------------------------
------------------------------------
| action_max            | 14       |
| action_min            | 0        |
| adv_avg               | -2.12    |
| adv_max               | -1.89    |
| adv_med               | -2.12    |
| adv_min               | -2.32    |
| adv_var               | 0.00159  |
| clipfrac              | 0.227    |
| curr_lr               | 0.001    |
| entropy               | 0.427    |
| eplenmean             | 61.5     |
| eprewmean             | 10       |
| fps                   | 5.36e+03 |
| grad_norm             | 0.71     |
| kl                    | 0.0601   |
| loss_pi               | -0.0301  |
| loss_v                | 0.00112  |
| lr                    | 0.001    |
| misc/nupdates         | 1.2e+03  |
| misc/serial_timesteps | 4.92e+06 |
| misc/time_elapsed     | 868      |
| misc/total_timesteps  | 4.92e+06 |
| ratio_max             | 6.44     |
| ratio_min             | 0.0211   |
| ret_avg               | 0.612    |
| ret_max               | 0.72     |
| ret_med               | 0.626    |
| ret_min               | 0.406    |
| ret_var               | 0.00583  |
------------------------------------
------------------------------------
| action_max            | 14       |
| action_min            | 0        |
| adv_avg               | -2.16    |
| adv_max               | -1.77    |
| adv_med               | -2.14    |
| adv_min               | -4.91    |
| adv_var               | 0.033    |
| clipfrac              | 0.213    |
| curr_lr               | 0.001    |
| entropy               | 0.483    |
| eplenmean             | 61.4     |
| eprewmean             | 9.8      |
| fps                   | 5.43e+03 |
| grad_norm             | 0.28     |
| kl                    | 0.0415   |
| loss_pi               | -0.0173  |
| loss_v                | 0.0214   |
| lr                    | 0.001    |
| misc/nupdates         | 1.21e+03 |
| misc/serial_timesteps | 4.96e+06 |
| misc/time_elapsed     | 875      |
| misc/total_timesteps  | 4.96e+06 |
| ratio_max             | 3.21     |
| ratio_min             | 0.0383   |
| ret_avg               | 0.597    |
| ret_max               | 0.76     |
| ret_med               | 0.63     |
| ret_min               | -2.14    |
| ret_var               | 0.0465   |
------------------------------------
------------------------------------
| action_max            | 14       |
| action_min            | 0        |
| adv_avg               | -2.15    |
| adv_max               | -1.86    |
| adv_med               | -2.14    |
| adv_min               | -4.99    |
| adv_var               | 0.021    |
| clipfrac              | 0.197    |
| curr_lr               | 0.001    |
| entropy               | 0.434    |
| eplenmean             | 61.7     |
| eprewmean             | 9.9      |
| fps                   | 5.57e+03 |
| grad_norm             | 0.737    |
| kl                    | 0.0374   |
| loss_pi               | -0.0119  |
| loss_v                | 0.0149   |
| lr                    | 0.001    |
| misc/nupdates         | 1.22e+03 |
| misc/serial_timesteps | 5e+06    |
| misc/time_elapsed     | 883      |
| misc/total_timesteps  | 5e+06    |
| ratio_max             | 2.76     |
| ratio_min             | 0.00577  |
| ret_avg               | 0.58     |
| ret_max               | 0.789    |
| ret_med               | 0.606    |
| ret_min               | -2.15    |
| ret_var               | 0.0255   |
------------------------------------
------------------------------------
| action_max            | 14       |
| action_min            | 0        |
| adv_avg               | -2.16    |
| adv_max               | -1.95    |
| adv_med               | -2.16    |
| adv_min               | -2.3     |
| adv_var               | 0.0012   |
| clipfrac              | 0.273    |
| curr_lr               | 0.001    |
| entropy               | 0.476    |
| eplenmean             | 59.5     |
| eprewmean             | 10       |
| fps                   | 5.62e+03 |
| grad_norm             | 0.447    |
| kl                    | 0.0837   |
| loss_pi               | -0.041   |
| loss_v                | 0.000901 |
| lr                    | 0.001    |
| misc/nupdates         | 1.23e+03 |
| misc/serial_timesteps | 5.04e+06 |
| misc/time_elapsed     | 890      |
| misc/total_timesteps  | 5.04e+06 |
| ratio_max             | 44.7     |
| ratio_min             | 0.0111   |
| ret_avg               | 0.604    |
| ret_max               | 0.706    |
| ret_med               | 0.611    |
| ret_min               | 0.41     |
| ret_var               | 0.00478  |
------------------------------------
------------------------------------
| action_max            | 14       |
| action_min            | 0        |
| adv_avg               | -2.17    |
| adv_max               | -1.54    |
| adv_med               | -2.17    |
| adv_min               | -4.7     |
| adv_var               | 0.0254   |
| clipfrac              | 0.186    |
| curr_lr               | 0.001    |
| entropy               | 0.438    |
| eplenmean             | 62.7     |
| eprewmean             | 9.8      |
| fps                   | 5.94e+03 |
| grad_norm             | 0.323    |
| kl                    | 0.0389   |
| loss_pi               | -0.00993 |
| loss_v                | 0.00872  |
| lr                    | 0.001    |
| misc/nupdates         | 1.24e+03 |
| misc/serial_timesteps | 5.08e+06 |
| misc/time_elapsed     | 897      |
| misc/total_timesteps  | 5.08e+06 |
| ratio_max             | 4.99     |
| ratio_min             | 0.00155  |
| ret_avg               | 0.539    |
| ret_max               | 0.768    |
| ret_med               | 0.568    |
| ret_min               | -2.17    |
| ret_var               | 0.0348   |
------------------------------------
------------------------------------
| action_max            | 14       |
| action_min            | 0        |
| adv_avg               | -2.16    |
| adv_max               | -1.68    |
| adv_med               | -2.16    |
| adv_min               | -2.38    |
| adv_var               | 0.00444  |
| clipfrac              | 0.242    |
| curr_lr               | 0.001    |
| entropy               | 0.467    |
| eplenmean             | 56.6     |
| eprewmean             | 9.9      |
| fps                   | 5.87e+03 |
| grad_norm             | 0.546    |
| kl                    | 0.0451   |
| loss_pi               | -0.022   |
| loss_v                | 0.00157  |
| lr                    | 0.001    |
| misc/nupdates         | 1.25e+03 |
| misc/serial_timesteps | 5.12e+06 |
| misc/time_elapsed     | 905      |
| misc/total_timesteps  | 5.12e+06 |
| ratio_max             | 8.41     |
| ratio_min             | 0.141    |
| ret_avg               | 0.535    |
| ret_max               | 0.704    |
| ret_med               | 0.544    |
| ret_min               | 0.315    |
| ret_var               | 0.0116   |
------------------------------------
------------------------------------
| action_max            | 14       |
| action_min            | 0        |
| adv_avg               | -2.19    |
| adv_max               | -1.7     |
| adv_med               | -2.19    |
| adv_min               | -2.36    |
| adv_var               | 0.0012   |
| clipfrac              | 0.258    |
| curr_lr               | 0.001    |
| entropy               | 0.467    |
| eplenmean             | 64.1     |
| eprewmean             | 10       |
| fps                   | 5.92e+03 |
| grad_norm             | 0.542    |
| kl                    | 0.0836   |
| loss_pi               | -0.0273  |
| loss_v                | 0.000802 |
| lr                    | 0.001    |
| misc/nupdates         | 1.26e+03 |
| misc/serial_timesteps | 5.16e+06 |
| misc/time_elapsed     | 912      |
| misc/total_timesteps  | 5.16e+06 |
| ratio_max             | 75.2     |
| ratio_min             | 0.0139   |
| ret_avg               | 0.601    |
| ret_max               | 0.699    |
| ret_med               | 0.609    |
| ret_min               | 0.443    |
| ret_var               | 0.00413  |
------------------------------------
------------------------------------
| action_max            | 14       |
| action_min            | 0        |
| adv_avg               | -2.2     |
| adv_max               | -1.48    |
| adv_med               | -2.2     |
| adv_min               | -2.45    |
| adv_var               | 0.00142  |
| clipfrac              | 0.266    |
| curr_lr               | 0.001    |
| entropy               | 0.484    |
| eplenmean             | 63.3     |
| eprewmean             | 10       |
| fps                   | 5.73e+03 |
| grad_norm             | 0.658    |
| kl                    | 0.0594   |
| loss_pi               | -0.0362  |
| loss_v                | 0.00124  |
| lr                    | 0.001    |
| misc/nupdates         | 1.27e+03 |
| misc/serial_timesteps | 5.2e+06  |
| misc/time_elapsed     | 919      |
| misc/total_timesteps  | 5.2e+06  |
| ratio_max             | 4.03     |
| ratio_min             | 0.0091   |
| ret_avg               | 0.595    |
| ret_max               | 0.723    |
| ret_med               | 0.603    |
| ret_min               | 0.341    |
| ret_var               | 0.00481  |
------------------------------------
------------------------------------
| action_max            | 14       |
| action_min            | 0        |
| adv_avg               | -2.2     |
| adv_max               | -0.257   |
| adv_med               | -2.2     |
| adv_min               | -2.39    |
| adv_var               | 0.00302  |
| clipfrac              | 0.27     |
| curr_lr               | 0.001    |
| entropy               | 0.525    |
| eplenmean             | 67.9     |
| eprewmean             | 10       |
| fps                   | 5.81e+03 |
| grad_norm             | 0.668    |
| kl                    | 0.0693   |
| loss_pi               | -0.0413  |
| loss_v                | 0.00125  |
| lr                    | 0.001    |
| misc/nupdates         | 1.28e+03 |
| misc/serial_timesteps | 5.24e+06 |
| misc/time_elapsed     | 926      |
| misc/total_timesteps  | 5.24e+06 |
| ratio_max             | 6.34     |
| ratio_min             | 0.00244  |
| ret_avg               | 0.564    |
| ret_max               | 0.709    |
| ret_med               | 0.572    |
| ret_min               | 0.353    |
| ret_var               | 0.00818  |
------------------------------------
------------------------------------
| action_max            | 14       |
| action_min            | 0        |
| adv_avg               | -2.23    |
| adv_max               | -1.85    |
| adv_med               | -2.22    |
| adv_min               | -5.04    |
| adv_var               | 0.0285   |
| clipfrac              | 0.244    |
| curr_lr               | 0.001    |
| entropy               | 0.536    |
| eplenmean             | 59       |
| eprewmean             | 9.8      |
| fps                   | 5.71e+03 |
| grad_norm             | 0.619    |
| kl                    | 0.0438   |
| loss_pi               | -0.0218  |
| loss_v                | 0.0231   |
| lr                    | 0.001    |
| misc/nupdates         | 1.29e+03 |
| misc/serial_timesteps | 5.28e+06 |
| misc/time_elapsed     | 933      |
| misc/total_timesteps  | 5.28e+06 |
| ratio_max             | 3.07     |
| ratio_min             | 0.00262  |
| ret_avg               | 0.554    |
| ret_max               | 0.728    |
| ret_med               | 0.592    |
| ret_min               | -2.22    |
| ret_var               | 0.0413   |
------------------------------------
------------------------------------
| action_max            | 14       |
| action_min            | 1        |
| adv_avg               | -2.25    |
| adv_max               | -1.36    |
| adv_med               | -2.27    |
| adv_min               | -2.46    |
| adv_var               | 0.00467  |
| clipfrac              | 0.0938   |
| curr_lr               | 0.001    |
| entropy               | 0.244    |
| eplenmean             | 65.1     |
| eprewmean             | 9.8      |
| fps                   | 5.76e+03 |
| grad_norm             | 0.659    |
| kl                    | 0.0443   |
| loss_pi               | -0.0239  |
| loss_v                | 0.00144  |
| lr                    | 0.001    |
| misc/nupdates         | 1.3e+03  |
| misc/serial_timesteps | 5.32e+06 |
| misc/time_elapsed     | 940      |
| misc/total_timesteps  | 5.32e+06 |
| ratio_max             | 5.12     |
| ratio_min             | 0.189    |
| ret_avg               | 0.303    |
| ret_max               | 0.698    |
| ret_med               | 0.139    |
| ret_min               | -0.149   |
| ret_var               | 0.056    |
------------------------------------
------------------------------------
| action_max            | 14       |
| action_min            | 0        |
| adv_avg               | -2.22    |
| adv_max               | -0.771   |
| adv_med               | -2.23    |
| adv_min               | -2.66    |
| adv_var               | 0.00845  |
| clipfrac              | 0.227    |
| curr_lr               | 0.001    |
| entropy               | 0.447    |
| eplenmean             | 81.5     |
| eprewmean             | 10       |
| fps                   | 5.8e+03  |
| grad_norm             | 0.534    |
| kl                    | 0.0483   |
| loss_pi               | -0.0251  |
| loss_v                | 0.00454  |
| lr                    | 0.001    |
| misc/nupdates         | 1.31e+03 |
| misc/serial_timesteps | 5.37e+06 |
| misc/time_elapsed     | 947      |
| misc/total_timesteps  | 5.37e+06 |
| ratio_max             | 4.23     |
| ratio_min             | 0.0478   |
| ret_avg               | 0.489    |
| ret_max               | 0.724    |
| ret_med               | 0.566    |
| ret_min               | -0.609   |
| ret_var               | 0.0567   |
------------------------------------
------------------------------------
| action_max            | 14       |
| action_min            | 0        |
| adv_avg               | -2.25    |
| adv_max               | -1.9     |
| adv_med               | -2.24    |
| adv_min               | -4.92    |
| adv_var               | 0.0174   |
| clipfrac              | 0.26     |
| curr_lr               | 0.001    |
| entropy               | 0.496    |
| eplenmean             | 63.9     |
| eprewmean             | 9.8      |
| fps                   | 5.83e+03 |
| grad_norm             | 0.455    |
| kl                    | 0.0596   |
| loss_pi               | -0.025   |
| loss_v                | 0.0295   |
| lr                    | 0.001    |
| misc/nupdates         | 1.32e+03 |
| misc/serial_timesteps | 5.41e+06 |
| misc/time_elapsed     | 954      |
| misc/total_timesteps  | 5.41e+06 |
| ratio_max             | 8.25     |
| ratio_min             | 0.000125 |
| ret_avg               | 0.545    |
| ret_max               | 0.777    |
| ret_med               | 0.576    |
| ret_min               | -2.25    |
| ret_var               | 0.031    |
------------------------------------
------------------------------------
| action_max            | 14       |
| action_min            | 1        |
| adv_avg               | -2.25    |
| adv_max               | -1.68    |
| adv_med               | -2.24    |
| adv_min               | -4.99    |
| adv_var               | 0.0197   |
| clipfrac              | 0.221    |
| curr_lr               | 0.001    |
| entropy               | 0.474    |
| eplenmean             | 59.3     |
| eprewmean             | 9.8      |
| fps                   | 5.74e+03 |
| grad_norm             | 0.5      |
| kl                    | 0.0435   |
| loss_pi               | -0.0251  |
| loss_v                | 0.00704  |
| lr                    | 0.001    |
| misc/nupdates         | 1.33e+03 |
| misc/serial_timesteps | 5.45e+06 |
| misc/time_elapsed     | 961      |
| misc/total_timesteps  | 5.45e+06 |
| ratio_max             | 4.15     |
| ratio_min             | 0.126    |
| ret_avg               | 0.541    |
| ret_max               | 0.762    |
| ret_med               | 0.578    |
| ret_min               | -2.26    |
| ret_var               | 0.0388   |
------------------------------------
------------------------------------
| action_max            | 14       |
| action_min            | 1        |
| adv_avg               | -2.26    |
| adv_max               | -1.51    |
| adv_med               | -2.26    |
| adv_min               | -2.51    |
| adv_var               | 0.00241  |
| clipfrac              | 0.279    |
| curr_lr               | 0.001    |
| entropy               | 0.443    |
| eplenmean             | 64.4     |
| eprewmean             | 10       |
| fps                   | 5.95e+03 |
| grad_norm             | 0.347    |
| kl                    | 0.153    |
| loss_pi               | -0.0485  |
| loss_v                | 0.00181  |
| lr                    | 0.001    |
| misc/nupdates         | 1.34e+03 |
| misc/serial_timesteps | 5.49e+06 |
| misc/time_elapsed     | 968      |
| misc/total_timesteps  | 5.49e+06 |
| ratio_max             | 9.81     |
| ratio_min             | 0.0121   |
| ret_avg               | 0.487    |
| ret_max               | 0.709    |
| ret_med               | 0.543    |
| ret_min               | -0.161   |
| ret_var               | 0.0416   |
------------------------------------
------------------------------------
| action_max            | 14       |
| action_min            | 0        |
| adv_avg               | -2.28    |
| adv_max               | -1.91    |
| adv_med               | -2.27    |
| adv_min               | -4.69    |
| adv_var               | 0.0203   |
| clipfrac              | 0.168    |
| curr_lr               | 0.001    |
| entropy               | 0.421    |
| eplenmean             | 65.8     |
| eprewmean             | 9.9      |
| fps                   | 5.8e+03  |
| grad_norm             | 0.391    |
| kl                    | 0.0422   |
| loss_pi               | -0.0258  |
| loss_v                | 0.024    |
| lr                    | 0.001    |
| misc/nupdates         | 1.35e+03 |
| misc/serial_timesteps | 5.53e+06 |
| misc/time_elapsed     | 975      |
| misc/total_timesteps  | 5.53e+06 |
| ratio_max             | 4.06     |
| ratio_min             | 0.000551 |
| ret_avg               | 0.543    |
| ret_max               | 0.728    |
| ret_med               | 0.575    |
| ret_min               | -2.28    |
| ret_var               | 0.0329   |
------------------------------------
------------------------------------
| action_max            | 14       |
| action_min            | 0        |
| adv_avg               | -2.27    |
| adv_max               | -0.613   |
| adv_med               | -2.28    |
| adv_min               | -2.43    |
| adv_var               | 0.00354  |
| clipfrac              | 0.268    |
| curr_lr               | 0.001    |
| entropy               | 0.464    |
| eplenmean             | 64       |
| eprewmean             | 9.8      |
| fps                   | 5.77e+03 |
| grad_norm             | 0.428    |
| kl                    | 0.0764   |
| loss_pi               | -0.042   |
| loss_v                | 0.00142  |
| lr                    | 0.001    |
| misc/nupdates         | 1.36e+03 |
| misc/serial_timesteps | 5.57e+06 |
| misc/time_elapsed     | 982      |
| misc/total_timesteps  | 5.57e+06 |
| ratio_max             | 7.88     |
| ratio_min             | 0.0233   |
| ret_avg               | 0.535    |
| ret_max               | 0.693    |
| ret_med               | 0.541    |
| ret_min               | 0.207    |
| ret_var               | 0.00924  |
------------------------------------
------------------------------------
| action_max            | 14       |
| action_min            | 0        |
| adv_avg               | -2.31    |
| adv_max               | -1.84    |
| adv_med               | -2.3     |
| adv_min               | -5.05    |
| adv_var               | 0.0213   |
| clipfrac              | 0.234    |
| curr_lr               | 0.001    |
| entropy               | 0.538    |
| eplenmean             | 59.1     |
| eprewmean             | 9.9      |
| fps                   | 5.82e+03 |
| grad_norm             | 0.341    |
| kl                    | 0.0557   |
| loss_pi               | -0.0229  |
| loss_v                | 0.018    |
| lr                    | 0.001    |
| misc/nupdates         | 1.37e+03 |
| misc/serial_timesteps | 5.61e+06 |
| misc/time_elapsed     | 989      |
| misc/total_timesteps  | 5.61e+06 |
| ratio_max             | 5.59     |
| ratio_min             | 0.00136  |
| ret_avg               | 0.543    |
| ret_max               | 0.677    |
| ret_med               | 0.569    |
| ret_min               | -2.3     |
| ret_var               | 0.0285   |
------------------------------------
------------------------------------
| action_max            | 14       |
| action_min            | 0        |
| adv_avg               | -2.31    |
| adv_max               | -2.14    |
| adv_med               | -2.31    |
| adv_min               | -2.55    |
| adv_var               | 0.00146  |
| clipfrac              | 0.23     |
| curr_lr               | 0.001    |
| entropy               | 0.355    |
| eplenmean             | 63.3     |
| eprewmean             | 10       |
| fps                   | 5.84e+03 |
| grad_norm             | 0.405    |
| kl                    | 0.247    |
| loss_pi               | -0.0414  |
| loss_v                | 0.00121  |
| lr                    | 0.001    |
| misc/nupdates         | 1.38e+03 |
| misc/serial_timesteps | 5.65e+06 |
| misc/time_elapsed     | 996      |
| misc/total_timesteps  | 5.65e+06 |
| ratio_max             | 31.8     |
| ratio_min             | 0.000845 |
| ret_avg               | 0.549    |
| ret_max               | 0.672    |
| ret_med               | 0.565    |
| ret_min               | 0.303    |
| ret_var               | 0.00793  |
------------------------------------
------------------------------------
| action_max            | 14       |
| action_min            | 0        |
| adv_avg               | -2.27    |
| adv_max               | -0.239   |
| adv_med               | -2.31    |
| adv_min               | -3.11    |
| adv_var               | 0.064    |
| clipfrac              | 0.238    |
| curr_lr               | 0.001    |
| entropy               | 0.576    |
| eplenmean             | 61.9     |
| eprewmean             | 9.9      |
| fps                   | 5.97e+03 |
| grad_norm             | 0.394    |
| kl                    | 0.0509   |
| loss_pi               | -0.0292  |
| loss_v                | 0.00733  |
| lr                    | 0.001    |
| misc/nupdates         | 1.39e+03 |
| misc/serial_timesteps | 5.69e+06 |
| misc/time_elapsed     | 1e+03    |
| misc/total_timesteps  | 5.69e+06 |
| ratio_max             | 2.75     |
| ratio_min             | 0.0188   |
| ret_avg               | 0.473    |
| ret_max               | 0.697    |
| ret_med               | 0.546    |
| ret_min               | -0.623   |
| ret_var               | 0.0621   |
------------------------------------
------------------------------------
| action_max            | 14       |
| action_min            | 0        |
| adv_avg               | -2.32    |
| adv_max               | -1.88    |
| adv_med               | -2.32    |
| adv_min               | -2.5     |
| adv_var               | 0.00189  |
| clipfrac              | 0.309    |
| curr_lr               | 0.001    |
| entropy               | 0.596    |
| eplenmean             | 62.6     |
| eprewmean             | 10       |
| fps                   | 5.6e+03  |
| grad_norm             | 0.583    |
| kl                    | 0.0649   |
| loss_pi               | -0.036   |
| loss_v                | 0.00148  |
| lr                    | 0.001    |
| misc/nupdates         | 1.4e+03  |
| misc/serial_timesteps | 5.73e+06 |
| misc/time_elapsed     | 1.01e+03 |
| misc/total_timesteps  | 5.73e+06 |
| ratio_max             | 4.04     |
| ratio_min             | 0.0383   |
| ret_avg               | 0.553    |
| ret_max               | 0.697    |
| ret_med               | 0.568    |
| ret_min               | 0.242    |
| ret_var               | 0.00708  |
------------------------------------
------------------------------------
| action_max            | 14       |
| action_min            | 0        |
| adv_avg               | -2.33    |
| adv_max               | -1.88    |
| adv_med               | -2.33    |
| adv_min               | -2.49    |
| adv_var               | 0.00138  |
| clipfrac              | 0.33     |
| curr_lr               | 0.001    |
| entropy               | 0.608    |
| eplenmean             | 65.9     |
| eprewmean             | 10       |
| fps                   | 5.84e+03 |
| grad_norm             | 0.472    |
| kl                    | 0.0705   |
| loss_pi               | -0.0494  |
| loss_v                | 0.00103  |
| lr                    | 0.001    |
| misc/nupdates         | 1.41e+03 |
| misc/serial_timesteps | 5.78e+06 |
| misc/time_elapsed     | 1.02e+03 |
| misc/total_timesteps  | 5.78e+06 |
| ratio_max             | 9.31     |
| ratio_min             | 0.0106   |
| ret_avg               | 0.56     |
| ret_max               | 0.696    |
| ret_med               | 0.573    |
| ret_min               | 0.319    |
| ret_var               | 0.00562  |
------------------------------------
------------------------------------
| action_max            | 14       |
| action_min            | 0        |
| adv_avg               | -2.35    |
| adv_max               | -1.49    |
| adv_med               | -2.34    |
| adv_min               | -5.1     |
| adv_var               | 0.0222   |
| clipfrac              | 0.279    |
| curr_lr               | 0.001    |
| entropy               | 0.648    |
| eplenmean             | 64.2     |
| eprewmean             | 9.9      |
| fps                   | 5.6e+03  |
| grad_norm             | 0.396    |
| kl                    | 0.0625   |
| loss_pi               | -0.0271  |
| loss_v                | 0.0202   |
| lr                    | 0.001    |
| misc/nupdates         | 1.42e+03 |
| misc/serial_timesteps | 5.82e+06 |
| misc/time_elapsed     | 1.02e+03 |
| misc/total_timesteps  | 5.82e+06 |
| ratio_max             | 3.38     |
| ratio_min             | 0.0506   |
| ret_avg               | 0.422    |
| ret_max               | 0.708    |
| ret_med               | 0.49     |
| ret_min               | -2.35    |
| ret_var               | 0.064    |
------------------------------------
------------------------------------
| action_max            | 14       |
| action_min            | 0        |
| adv_avg               | -2.35    |
| adv_max               | -2.01    |
| adv_med               | -2.35    |
| adv_min               | -3.42    |
| adv_var               | 0.00495  |
| clipfrac              | 0.293    |
| curr_lr               | 0.001    |
| entropy               | 0.511    |
| eplenmean             | 60.3     |
| eprewmean             | 10       |
| fps                   | 5.97e+03 |
| grad_norm             | 0.381    |
| kl                    | 0.0914   |
| loss_pi               | -0.0405  |
| loss_v                | 0.00347  |
| lr                    | 0.001    |
| misc/nupdates         | 1.43e+03 |
| misc/serial_timesteps | 5.86e+06 |
| misc/time_elapsed     | 1.03e+03 |
| misc/total_timesteps  | 5.86e+06 |
| ratio_max             | 15.7     |
| ratio_min             | 0.0483   |
| ret_avg               | 0.502    |
| ret_max               | 0.669    |
| ret_med               | 0.542    |
| ret_min               | -0.383   |
| ret_var               | 0.0213   |
------------------------------------
------------------------------------
| action_max            | 14       |
| action_min            | 0        |
| adv_avg               | -2.36    |
| adv_max               | -1.6     |
| adv_med               | -2.37    |
| adv_min               | -2.63    |
| adv_var               | 0.00696  |
| clipfrac              | 0.229    |
| curr_lr               | 0.001    |
| entropy               | 0.43     |
| eplenmean             | 61.7     |
| eprewmean             | 9.8      |
| fps                   | 5.67e+03 |
| grad_norm             | 0.44     |
| kl                    | 0.0606   |
| loss_pi               | -0.0202  |
| loss_v                | 0.0017   |
| lr                    | 0.001    |
| misc/nupdates         | 1.44e+03 |
| misc/serial_timesteps | 5.9e+06  |
| misc/time_elapsed     | 1.04e+03 |
| misc/total_timesteps  | 5.9e+06  |
| ratio_max             | 4.45     |
| ratio_min             | 0.0954   |
| ret_avg               | 0.541    |
| ret_max               | 0.73     |
| ret_med               | 0.557    |
| ret_min               | 0.334    |
| ret_var               | 0.00812  |
------------------------------------
------------------------------------
| action_max            | 14       |
| action_min            | 0        |
| adv_avg               | -2.37    |
| adv_max               | -2.15    |
| adv_med               | -2.37    |
| adv_min               | -2.56    |
| adv_var               | 0.00142  |
| clipfrac              | 0.289    |
| curr_lr               | 0.001    |
| entropy               | 0.456    |
| eplenmean             | 57.8     |
| eprewmean             | 10       |
| fps                   | 5.9e+03  |
| grad_norm             | 0.435    |
| kl                    | 0.0797   |
| loss_pi               | -0.0355  |
| loss_v                | 0.00127  |
| lr                    | 0.001    |
| misc/nupdates         | 1.45e+03 |
| misc/serial_timesteps | 5.94e+06 |
| misc/time_elapsed     | 1.05e+03 |
| misc/total_timesteps  | 5.94e+06 |
| ratio_max             | 5.13     |
| ratio_min             | 0.0298   |
| ret_avg               | 0.55     |
| ret_max               | 0.658    |
| ret_med               | 0.562    |
| ret_min               | 0.325    |
| ret_var               | 0.0059   |
------------------------------------
------------------------------------
| action_max            | 14       |
| action_min            | 0        |
| adv_avg               | -2.38    |
| adv_max               | -1.39    |
| adv_med               | -2.38    |
| adv_min               | -2.76    |
| adv_var               | 0.0116   |
| clipfrac              | 0.262    |
| curr_lr               | 0.001    |
| entropy               | 0.556    |
| eplenmean             | 60.7     |
| eprewmean             | 9.9      |
| fps                   | 5.62e+03 |
| grad_norm             | 0.633    |
| kl                    | 0.077    |
| loss_pi               | -0.0223  |
| loss_v                | 0.00299  |
| lr                    | 0.001    |
| misc/nupdates         | 1.46e+03 |
| misc/serial_timesteps | 5.98e+06 |
| misc/time_elapsed     | 1.05e+03 |
| misc/total_timesteps  | 5.98e+06 |
| ratio_max             | 4.6      |
| ratio_min             | 0.0155   |
| ret_avg               | 0.53     |
| ret_max               | 0.724    |
| ret_med               | 0.555    |
| ret_min               | 0.126    |
| ret_var               | 0.0133   |
------------------------------------
