Setting seed: 0
Logging to logs/shared.ppo.karzmarz_False.resnet.dropout_0.0.damping_0.1.lr_0.001/jumper-easy-0-10.20260720-192209_0
creating environment
Running on device: cuda:0
training...

Number of parameters: 938979.0

------------------------------------
| action_max            | 14       |
| action_min            | 0        |
| adv_avg               | -0.376   |
| adv_max               | 3.46     |
| adv_med               | -0.547   |
| adv_min               | -2.6     |
| adv_var               | 0.366    |
| clipfrac              | 0.139    |
| curr_lr               | 0.001    |
| entropy               | 2.62     |
| eplenmean             | 169      |
| eprewmean             | 5        |
| fps                   | 5.87e+03 |
| grad_norm             | 3.72     |
| kl                    | 0.0112   |
| loss_pi               | -0.00497 |
| loss_v                | 0.293    |
| lr                    | 0.001    |
| misc/nupdates         | 9        |
| misc/serial_timesteps | 4.1e+04  |
| misc/time_elapsed     | 7.83     |
| misc/total_timesteps  | 4.1e+04  |
| ratio_max             | 1.6      |
| ratio_min             | 0.387    |
| ret_avg               | 0.455    |
| ret_max               | 5.25     |
| ret_med               | 0.125    |
| ret_min               | -0.553   |
| ret_var               | 2.05     |
------------------------------------
------------------------------------
| action_max            | 14       |
| action_min            | 0        |
| adv_avg               | -0.668   |
| adv_max               | 0.979    |
| adv_med               | -0.7     |
| adv_min               | -1.48    |
| adv_var               | 0.0294   |
| clipfrac              | 0.111    |
| curr_lr               | 0.001    |
| entropy               | 2.55     |
| eplenmean             | 151      |
| eprewmean             | 5.9      |
| fps                   | 5.89e+03 |
| grad_norm             | 1.17     |
| kl                    | 0.0141   |
| loss_pi               | -0.0213  |
| loss_v                | 0.0105   |
| lr                    | 0.001    |
| misc/nupdates         | 19       |
| misc/serial_timesteps | 8.19e+04 |
| misc/time_elapsed     | 15       |
| misc/total_timesteps  | 8.19e+04 |
| ratio_max             | 1.77     |
| ratio_min             | 0.286    |
| ret_avg               | 0.0429   |
| ret_max               | 3.86     |
| ret_med               | -0.278   |
| ret_min               | -0.69    |
| ret_var               | 0.83     |
------------------------------------
------------------------------------
| action_max            | 14       |
| action_min            | 0        |
| adv_avg               | -0.684   |
| adv_max               | -0.212   |
| adv_med               | -0.682   |
| adv_min               | -1.29    |
| adv_var               | 0.00508  |
| clipfrac              | 0.24     |
| curr_lr               | 0.001    |
| entropy               | 2.43     |
| eplenmean             | 204      |
| eprewmean             | 6.2      |
| fps                   | 5.83e+03 |
| grad_norm             | 1.01     |
| kl                    | 0.0182   |
| loss_pi               | -0.0216  |
| loss_v                | 0.00397  |
| lr                    | 0.001    |
| misc/nupdates         | 29       |
| misc/serial_timesteps | 1.23e+05 |
| misc/time_elapsed     | 22.3     |
| misc/total_timesteps  | 1.23e+05 |
| ratio_max             | 3.77     |
| ratio_min             | 0.229    |
| ret_avg               | -0.0932  |
| ret_max               | 3.9      |
| ret_med               | -0.451   |
| ret_min               | -0.677   |
| ret_var               | 1.18     |
------------------------------------
------------------------------------
| action_max            | 14       |
| action_min            | 0        |
| adv_avg               | -0.666   |
| adv_max               | 0.735    |
| adv_med               | -0.667   |
| adv_min               | -1.58    |
| adv_var               | 0.0157   |
| clipfrac              | 0.211    |
| curr_lr               | 0.001    |
| entropy               | 2.46     |
| eplenmean             | 248      |
| eprewmean             | 6.1      |
| fps                   | 5.56e+03 |
| grad_norm             | 0.958    |
| kl                    | 0.015    |
| loss_pi               | -0.0308  |
| loss_v                | 0.00755  |
| lr                    | 0.001    |
| misc/nupdates         | 39       |
| misc/serial_timesteps | 1.64e+05 |
| misc/time_elapsed     | 29.5     |
| misc/total_timesteps  | 1.64e+05 |
| ratio_max             | 2.04     |
| ratio_min             | 0.389    |
| ret_avg               | -0.0906  |
| ret_max               | 3.37     |
| ret_med               | -0.467   |
| ret_min               | -0.663   |
| ret_var               | 0.871    |
------------------------------------
------------------------------------
| action_max            | 14       |
| action_min            | 0        |
| adv_avg               | -0.642   |
| adv_max               | 0.701    |
| adv_med               | -0.64    |
| adv_min               | -3.68    |
| adv_var               | 0.0337   |
| clipfrac              | 0.137    |
| curr_lr               | 0.001    |
| entropy               | 2.51     |
| eplenmean             | 236      |
| eprewmean             | 6        |
| fps                   | 5.61e+03 |
| grad_norm             | 0.668    |
| kl                    | 0.0139   |
| loss_pi               | -0.0269  |
| loss_v                | 0.0116   |
| lr                    | 0.001    |
| misc/nupdates         | 49       |
| misc/serial_timesteps | 2.05e+05 |
| misc/time_elapsed     | 36.6     |
| misc/total_timesteps  | 2.05e+05 |
| ratio_max             | 3.21     |
| ratio_min             | 0.38     |
| ret_avg               | -0.0254  |
| ret_max               | 3.65     |
| ret_med               | -0.457   |
| ret_min               | -0.637   |
| ret_var               | 1.21     |
------------------------------------
------------------------------------
| action_max            | 14       |
| action_min            | 0        |
| adv_avg               | -0.612   |
| adv_max               | 0.884    |
| adv_med               | -0.635   |
| adv_min               | -1.2     |
| adv_var               | 0.0199   |
| clipfrac              | 0.266    |
| curr_lr               | 0.001    |
| entropy               | 2.48     |
| eplenmean             | 221      |
| eprewmean             | 6.8      |
| fps                   | 5.65e+03 |
| grad_norm             | 0.645    |
| kl                    | 0.0197   |
| loss_pi               | -0.0288  |
| loss_v                | 0.0111   |
| lr                    | 0.001    |
| misc/nupdates         | 59       |
| misc/serial_timesteps | 2.46e+05 |
| misc/time_elapsed     | 43.9     |
| misc/total_timesteps  | 2.46e+05 |
| ratio_max             | 2.21     |
| ratio_min             | 0.444    |
| ret_avg               | -0.0827  |
| ret_max               | 3.22     |
| ret_med               | -0.523   |
| ret_min               | -0.633   |
| ret_var               | 0.836    |
------------------------------------
------------------------------------
| action_max            | 14       |
| action_min            | 0        |
| adv_avg               | -0.636   |
| adv_max               | -0.053   |
| adv_med               | -0.633   |
| adv_min               | -1.25    |
| adv_var               | 0.00441  |
| clipfrac              | 0.154    |
| curr_lr               | 0.001    |
| entropy               | 2.41     |
| eplenmean             | 205      |
| eprewmean             | 7.4      |
| fps                   | 5.64e+03 |
| grad_norm             | 0.396    |
| kl                    | 0.0199   |
| loss_pi               | -0.0217  |
| loss_v                | 0.00282  |
| lr                    | 0.001    |
| misc/nupdates         | 69       |
| misc/serial_timesteps | 2.87e+05 |
| misc/time_elapsed     | 51.2     |
| misc/total_timesteps  | 2.87e+05 |
| ratio_max             | 2.96     |
| ratio_min             | 0.21     |
| ret_avg               | -0.208   |
| ret_max               | 3.34     |
| ret_med               | -0.539   |
| ret_min               | -0.63    |
| ret_var               | 0.757    |
------------------------------------
------------------------------------
| action_max            | 14       |
| action_min            | 0        |
| adv_avg               | -0.617   |
| adv_max               | 2.07     |
| adv_med               | -0.634   |
| adv_min               | -4.01    |
| adv_var               | 0.0494   |
| clipfrac              | 0.186    |
| curr_lr               | 0.001    |
| entropy               | 2.31     |
| eplenmean             | 85       |
| eprewmean             | 7        |
| fps                   | 5.58e+03 |
| grad_norm             | 0.55     |
| kl                    | 0.0172   |
| loss_pi               | -0.0259  |
| loss_v                | 0.0185   |
| lr                    | 0.001    |
| misc/nupdates         | 79       |
| misc/serial_timesteps | 3.28e+05 |
| misc/time_elapsed     | 58.5     |
| misc/total_timesteps  | 3.28e+05 |
| ratio_max             | 1.92     |
| ratio_min             | 0.28     |
| ret_avg               | 0.124    |
| ret_max               | 3        |
| ret_med               | -0.353   |
| ret_min               | -0.629   |
| ret_var               | 1.26     |
------------------------------------
------------------------------------
| action_max            | 14       |
| action_min            | 0        |
| adv_avg               | -0.64    |
| adv_max               | 0.984    |
| adv_med               | -0.645   |
| adv_min               | -2.04    |
| adv_var               | 0.0313   |
| clipfrac              | 0.141    |
| curr_lr               | 0.001    |
| entropy               | 2.14     |
| eplenmean             | 163      |
| eprewmean             | 7.3      |
| fps                   | 5.58e+03 |
| grad_norm             | 0.644    |
| kl                    | 0.0179   |
| loss_pi               | -0.0169  |
| loss_v                | 0.023    |
| lr                    | 0.001    |
| misc/nupdates         | 89       |
| misc/serial_timesteps | 3.69e+05 |
| misc/time_elapsed     | 65.8     |
| misc/total_timesteps  | 3.69e+05 |
| ratio_max             | 6.62     |
| ratio_min             | 0.431    |
| ret_avg               | 0.257    |
| ret_max               | 2.97     |
| ret_med               | -0.462   |
| ret_min               | -0.637   |
| ret_var               | 1.31     |
------------------------------------
------------------------------------
| action_max            | 14       |
| action_min            | 0        |
| adv_avg               | -0.742   |
| adv_max               | -0.407   |
| adv_med               | -0.719   |
| adv_min               | -1.87    |
| adv_var               | 0.0179   |
| clipfrac              | 0.234    |
| curr_lr               | 0.001    |
| entropy               | 2.04     |
| eplenmean             | 102      |
| eprewmean             | 8        |
| fps                   | 5.58e+03 |
| grad_norm             | 0.709    |
| kl                    | 0.0219   |
| loss_pi               | -0.021   |
| loss_v                | 0.0133   |
| lr                    | 0.001    |
| misc/nupdates         | 99       |
| misc/serial_timesteps | 4.1e+05  |
| misc/time_elapsed     | 73.1     |
| misc/total_timesteps  | 4.1e+05  |
| ratio_max             | 3.2      |
| ratio_min             | 0.223    |
| ret_avg               | 0.921    |
| ret_max               | 2.76     |
| ret_med               | 0.41     |
| ret_min               | -0.697   |
| ret_var               | 0.987    |
------------------------------------
------------------------------------
| action_max            | 14       |
| action_min            | 0        |
| adv_avg               | -0.758   |
| adv_max               | -0.0833  |
| adv_med               | -0.755   |
| adv_min               | -1.5     |
| adv_var               | 0.00577  |
| clipfrac              | 0.158    |
| curr_lr               | 0.001    |
| entropy               | 2.29     |
| eplenmean             | 118      |
| eprewmean             | 8.3      |
| fps                   | 5.59e+03 |
| grad_norm             | 1.27     |
| kl                    | 0.0205   |
| loss_pi               | -0.0108  |
| loss_v                | 0.00912  |
| lr                    | 0.001    |
| misc/nupdates         | 109      |
| misc/serial_timesteps | 4.51e+05 |
| misc/time_elapsed     | 80.3     |
| misc/total_timesteps  | 4.51e+05 |
| ratio_max             | 2.98     |
| ratio_min             | 0.259    |
| ret_avg               | 0.363    |
| ret_max               | 2.64     |
| ret_med               | -0.00105 |
| ret_min               | -0.745   |
| ret_var               | 0.799    |
------------------------------------
------------------------------------
| action_max            | 14       |
| action_min            | 0        |
| adv_avg               | -0.774   |
| adv_max               | -0.494   |
| adv_med               | -0.778   |
| adv_min               | -1.05    |
| adv_var               | 0.00074  |
| clipfrac              | 0.195    |
| curr_lr               | 0.001    |
| entropy               | 2.2      |
| eplenmean             | 38.7     |
| eprewmean             | 8.7      |
| fps                   | 5.81e+03 |
| grad_norm             | 0.467    |
| kl                    | 0.029    |
| loss_pi               | -0.0178  |
| loss_v                | 0.00126  |
| lr                    | 0.001    |
| misc/nupdates         | 119      |
| misc/serial_timesteps | 4.92e+05 |
| misc/time_elapsed     | 87.5     |
| misc/total_timesteps  | 4.92e+05 |
| ratio_max             | 5.24     |
| ratio_min             | 0.0394   |
| ret_avg               | 0.0719   |
| ret_max               | 2.6      |
| ret_med               | -0.266   |
| ret_min               | -0.766   |
| ret_var               | 0.834    |
------------------------------------
------------------------------------
| action_max            | 14       |
| action_min            | 0        |
| adv_avg               | -0.779   |
| adv_max               | 1.49     |
| adv_med               | -0.782   |
| adv_min               | -1.11    |
| adv_var               | 0.0158   |
| clipfrac              | 0.217    |
| curr_lr               | 0.001    |
| entropy               | 2.07     |
| eplenmean             | 95.5     |
| eprewmean             | 8.2      |
| fps                   | 5.6e+03  |
| grad_norm             | 0.368    |
| kl                    | 0.02     |
| loss_pi               | -0.0189  |
| loss_v                | 0.00963  |
| lr                    | 0.001    |
| misc/nupdates         | 129      |
| misc/serial_timesteps | 5.32e+05 |
| misc/time_elapsed     | 94.9     |
| misc/total_timesteps  | 5.32e+05 |
| ratio_max             | 3.38     |
| ratio_min             | 0.266    |
| ret_avg               | 0.143    |
| ret_max               | 2.57     |
| ret_med               | -0.42    |
| ret_min               | -0.773   |
| ret_var               | 1.33     |
------------------------------------
------------------------------------
| action_max            | 14       |
| action_min            | 0        |
| adv_avg               | -0.793   |
| adv_max               | -0.0031  |
| adv_med               | -0.783   |
| adv_min               | -3.35    |
| adv_var               | 0.0437   |
| clipfrac              | 0.25     |
| curr_lr               | 0.001    |
| entropy               | 1.49     |
| eplenmean             | 24.8     |
| eprewmean             | 8.3      |
| fps                   | 5.74e+03 |
| grad_norm             | 0.817    |
| kl                    | 0.0262   |
| loss_pi               | -0.0318  |
| loss_v                | 0.0337   |
| lr                    | 0.001    |
| misc/nupdates         | 139      |
| misc/serial_timesteps | 5.73e+05 |
| misc/time_elapsed     | 102      |
| misc/total_timesteps  | 5.73e+05 |
| ratio_max             | 2.84     |
| ratio_min             | 0.397    |
| ret_avg               | 2.09     |
| ret_max               | 2.24     |
| ret_med               | 2.14     |
| ret_min               | -0.801   |
| ret_var               | 0.0936   |
------------------------------------
------------------------------------
| action_max            | 14       |
| action_min            | 0        |
| adv_avg               | -0.857   |
| adv_max               | -0.538   |
| adv_med               | -0.861   |
| adv_min               | -1.38    |
| adv_var               | 0.00297  |
| clipfrac              | 0.293    |
| curr_lr               | 0.001    |
| entropy               | 1.29     |
| eplenmean             | 20.4     |
| eprewmean             | 9.6      |
| fps                   | 5.44e+03 |
| grad_norm             | 0.938    |
| kl                    | 0.0272   |
| loss_pi               | -0.0243  |
| loss_v                | 0.00212  |
| lr                    | 0.001    |
| misc/nupdates         | 149      |
| misc/serial_timesteps | 6.14e+05 |
| misc/time_elapsed     | 110      |
| misc/total_timesteps  | 6.14e+05 |
| ratio_max             | 2.16     |
| ratio_min             | 0.391    |
| ret_avg               | 1.84     |
| ret_max               | 1.95     |
| ret_med               | 1.86     |
| ret_min               | -0.854   |
| ret_var               | 0.021    |
------------------------------------
------------------------------------
| action_max            | 14       |
| action_min            | 0        |
| adv_avg               | -0.929   |
| adv_max               | -0.623   |
| adv_med               | -0.916   |
| adv_min               | -3.44    |
| adv_var               | 0.017    |
| clipfrac              | 0.201    |
| curr_lr               | 0.001    |
| entropy               | 1.24     |
| eplenmean             | 23.2     |
| eprewmean             | 9.4      |
| fps                   | 5.44e+03 |
| grad_norm             | 0.568    |
| kl                    | 0.0234   |
| loss_pi               | -0.0296  |
| loss_v                | 0.0136   |
| lr                    | 0.001    |
| misc/nupdates         | 159      |
| misc/serial_timesteps | 6.55e+05 |
| misc/time_elapsed     | 117      |
| misc/total_timesteps  | 6.55e+05 |
| ratio_max             | 1.94     |
| ratio_min             | 0.0599   |
| ret_avg               | 1.6      |
| ret_max               | 1.71     |
| ret_med               | 1.63     |
| ret_min               | -0.909   |
| ret_var               | 0.0477   |
------------------------------------
------------------------------------
| action_max            | 14       |
| action_min            | 0        |
| adv_avg               | -0.969   |
| adv_max               | -0.155   |
| adv_med               | -0.969   |
| adv_min               | -1.2     |
| adv_var               | 0.00232  |
| clipfrac              | 0.254    |
| curr_lr               | 0.001    |
| entropy               | 1.08     |
| eplenmean             | 18.3     |
| eprewmean             | 8.8      |
| fps                   | 5.42e+03 |
| grad_norm             | 0.576    |
| kl                    | 0.0286   |
| loss_pi               | -0.0364  |
| loss_v                | 0.00166  |
| lr                    | 0.001    |
| misc/nupdates         | 169      |
| misc/serial_timesteps | 6.96e+05 |
| misc/time_elapsed     | 125      |
| misc/total_timesteps  | 6.96e+05 |
| ratio_max             | 4.66     |
| ratio_min             | 0.215    |
| ret_avg               | 1.46     |
| ret_max               | 1.53     |
| ret_med               | 1.48     |
| ret_min               | -0.963   |
| ret_var               | 0.0341   |
------------------------------------
------------------------------------
| action_max            | 14       |
| action_min            | 0        |
| adv_avg               | -1       |
| adv_max               | -0.823   |
| adv_med               | -1       |
| adv_min               | -1.23    |
| adv_var               | 0.00183  |
| clipfrac              | 0.254    |
| curr_lr               | 0.001    |
| entropy               | 1.11     |
| eplenmean             | 17.9     |
| eprewmean             | 8.5      |
| fps                   | 5.46e+03 |
| grad_norm             | 0.636    |
| kl                    | 0.0272   |
| loss_pi               | -0.0348  |
| loss_v                | 0.0021   |
| lr                    | 0.001    |
| misc/nupdates         | 179      |
| misc/serial_timesteps | 7.37e+05 |
| misc/time_elapsed     | 132      |
| misc/total_timesteps  | 7.37e+05 |
| ratio_max             | 1.94     |
| ratio_min             | 0.442    |
| ret_avg               | 1.32     |
| ret_max               | 1.42     |
| ret_med               | 1.35     |
| ret_min               | -1.02    |
| ret_var               | 0.0358   |
------------------------------------
------------------------------------
| action_max            | 14       |
| action_min            | 0        |
| adv_avg               | -1.05    |
| adv_max               | -0.815   |
| adv_med               | -1.05    |
| adv_min               | -1.34    |
| adv_var               | 0.00219  |
| clipfrac              | 0.26     |
| curr_lr               | 0.001    |
| entropy               | 1.09     |
| eplenmean             | 20.4     |
| eprewmean             | 8.9      |
| fps                   | 5.45e+03 |
| grad_norm             | 0.631    |
| kl                    | 0.0272   |
| loss_pi               | -0.0411  |
| loss_v                | 0.0017   |
| lr                    | 0.001    |
| misc/nupdates         | 189      |
| misc/serial_timesteps | 7.78e+05 |
| misc/time_elapsed     | 140      |
| misc/total_timesteps  | 7.78e+05 |
| ratio_max             | 2.5      |
| ratio_min             | 0.335    |
| ret_avg               | 1.23     |
| ret_max               | 1.31     |
| ret_med               | 1.25     |
| ret_min               | -1.07    |
| ret_var               | 0.0339   |
------------------------------------
------------------------------------
| action_max            | 14       |
| action_min            | 0        |
| adv_avg               | -1.12    |
| adv_max               | -0.906   |
| adv_med               | -1.13    |
| adv_min               | -1.37    |
| adv_var               | 0.00154  |
| clipfrac              | 0.225    |
| curr_lr               | 0.001    |
| entropy               | 0.884    |
| eplenmean             | 17.2     |
| eprewmean             | 8.9      |
| fps                   | 5.45e+03 |
| grad_norm             | 0.595    |
| kl                    | 0.0241   |
| loss_pi               | -0.024   |
| loss_v                | 0.0022   |
| lr                    | 0.001    |
| misc/nupdates         | 199      |
| misc/serial_timesteps | 8.19e+05 |
| misc/time_elapsed     | 147      |
| misc/total_timesteps  | 8.19e+05 |
| ratio_max             | 2.35     |
| ratio_min             | 0.282    |
| ret_avg               | 1.18     |
| ret_max               | 1.24     |
| ret_med               | 1.2      |
| ret_min               | -1.11    |
| ret_var               | 0.0327   |
------------------------------------
------------------------------------
| action_max            | 14       |
| action_min            | 0        |
| adv_avg               | -1.16    |
| adv_max               | -0.535   |
| adv_med               | -1.16    |
| adv_min               | -1.39    |
| adv_var               | 0.00413  |
| clipfrac              | 0.281    |
| curr_lr               | 0.001    |
| entropy               | 1.17     |
| eplenmean             | 16.7     |
| eprewmean             | 8.9      |
| fps                   | 5.48e+03 |
| grad_norm             | 0.423    |
| kl                    | 0.0259   |
| loss_pi               | -0.0403  |
| loss_v                | 0.00196  |
| lr                    | 0.001    |
| misc/nupdates         | 209      |
| misc/serial_timesteps | 8.6e+05  |
| misc/time_elapsed     | 154      |
| misc/total_timesteps  | 8.6e+05  |
| ratio_max             | 2.91     |
| ratio_min             | 0.329    |
| ret_avg               | 1.08     |
| ret_max               | 1.17     |
| ret_med               | 1.13     |
| ret_min               | -1.16    |
| ret_var               | 0.0395   |
------------------------------------
------------------------------------
| action_max            | 14       |
| action_min            | 0        |
| adv_avg               | -1.21    |
| adv_max               | -0.768   |
| adv_med               | -1.21    |
| adv_min               | -1.58    |
| adv_var               | 0.00192  |
| clipfrac              | 0.305    |
| curr_lr               | 0.001    |
| entropy               | 0.999    |
| eplenmean             | 14.4     |
| eprewmean             | 9.2      |
| fps                   | 5.44e+03 |
| grad_norm             | 0.544    |
| kl                    | 0.0305   |
| loss_pi               | -0.0486  |
| loss_v                | 0.00202  |
| lr                    | 0.001    |
| misc/nupdates         | 219      |
| misc/serial_timesteps | 9.01e+05 |
| misc/time_elapsed     | 162      |
| misc/total_timesteps  | 9.01e+05 |
| ratio_max             | 2.96     |
| ratio_min             | 0.129    |
| ret_avg               | 1.06     |
| ret_max               | 1.15     |
| ret_med               | 1.08     |
| ret_min               | -1.2     |
| ret_var               | 0.0308   |
------------------------------------
------------------------------------
| action_max            | 14       |
| action_min            | 0        |
| adv_avg               | -1.23    |
| adv_max               | -0.727   |
| adv_med               | -1.22    |
| adv_min               | -3.44    |
| adv_var               | 0.00653  |
| clipfrac              | 0.281    |
| curr_lr               | 0.001    |
| entropy               | 1.04     |
| eplenmean             | 16.8     |
| eprewmean             | 9.2      |
| fps                   | 5.44e+03 |
| grad_norm             | 0.604    |
| kl                    | 0.0265   |
| loss_pi               | -0.0471  |
| loss_v                | 0.00214  |
| lr                    | 0.001    |
| misc/nupdates         | 229      |
| misc/serial_timesteps | 9.42e+05 |
| misc/time_elapsed     | 169      |
| misc/total_timesteps  | 9.42e+05 |
| ratio_max             | 3.96     |
| ratio_min             | 0.334    |
| ret_avg               | 0.983    |
| ret_max               | 1.06     |
| ret_med               | 1.01     |
| ret_min               | -1.25    |
| ret_var               | 0.0365   |
------------------------------------
------------------------------------
| action_max            | 14       |
| action_min            | 0        |
| adv_avg               | -1.29    |
| adv_max               | -1.02    |
| adv_med               | -1.29    |
| adv_min               | -1.48    |
| adv_var               | 0.00157  |
| clipfrac              | 0.27     |
| curr_lr               | 0.001    |
| entropy               | 0.867    |
| eplenmean             | 12.9     |
| eprewmean             | 8.9      |
| fps                   | 5.39e+03 |
| grad_norm             | 0.568    |
| kl                    | 0.0305   |
| loss_pi               | -0.0391  |
| loss_v                | 0.00179  |
| lr                    | 0.001    |
| misc/nupdates         | 239      |
| misc/serial_timesteps | 9.83e+05 |
| misc/time_elapsed     | 177      |
| misc/total_timesteps  | 9.83e+05 |
| ratio_max             | 2.29     |
| ratio_min             | 0.228    |
| ret_avg               | 0.961    |
| ret_max               | 1.03     |
| ret_med               | 0.984    |
| ret_min               | -1.29    |
| ret_var               | 0.0443   |
------------------------------------
------------------------------------
| action_max            | 14       |
| action_min            | 0        |
| adv_avg               | -1.33    |
| adv_max               | -1.06    |
| adv_med               | -1.33    |
| adv_min               | -1.53    |
| adv_var               | 0.00195  |
| clipfrac              | 0.232    |
| curr_lr               | 0.001    |
| entropy               | 0.889    |
| eplenmean             | 17.3     |
| eprewmean             | 9.2      |
| fps                   | 5.45e+03 |
| grad_norm             | 0.779    |
| kl                    | 0.0276   |
| loss_pi               | -0.0302  |
| loss_v                | 0.00231  |
| lr                    | 0.001    |
| misc/nupdates         | 249      |
| misc/serial_timesteps | 1.02e+06 |
| misc/time_elapsed     | 184      |
| misc/total_timesteps  | 1.02e+06 |
| ratio_max             | 2.97     |
| ratio_min             | 0.285    |
| ret_avg               | 0.925    |
| ret_max               | 1        |
| ret_med               | 0.94     |
| ret_min               | -1.33    |
| ret_var               | 0.0247   |
------------------------------------
------------------------------------
| action_max            | 14       |
| action_min            | 0        |
| adv_avg               | -1.37    |
| adv_max               | -1.04    |
| adv_med               | -1.38    |
| adv_min               | -1.57    |
| adv_var               | 0.00145  |
| clipfrac              | 0.266    |
| curr_lr               | 0.001    |
| entropy               | 0.912    |
| eplenmean             | 14.2     |
| eprewmean             | 9.3      |
| fps                   | 5.42e+03 |
| grad_norm             | 0.676    |
| kl                    | 0.0213   |
| loss_pi               | -0.0385  |
| loss_v                | 0.00211  |
| lr                    | 0.001    |
| misc/nupdates         | 259      |
| misc/serial_timesteps | 1.06e+06 |
| misc/time_elapsed     | 192      |
| misc/total_timesteps  | 1.06e+06 |
| ratio_max             | 4.03     |
| ratio_min             | 0.449    |
| ret_avg               | 0.892    |
| ret_max               | 1.01     |
| ret_med               | 0.915    |
| ret_min               | -1.37    |
| ret_var               | 0.0459   |
------------------------------------
------------------------------------
| action_max            | 14       |
| action_min            | 0        |
| adv_avg               | -1.4     |
| adv_max               | -1.04    |
| adv_med               | -1.4     |
| adv_min               | -1.58    |
| adv_var               | 0.00132  |
| clipfrac              | 0.229    |
| curr_lr               | 0.001    |
| entropy               | 0.839    |
| eplenmean             | 13.8     |
| eprewmean             | 8.3      |
| fps                   | 5.47e+03 |
| grad_norm             | 0.671    |
| kl                    | 0.0244   |
| loss_pi               | -0.0231  |
| loss_v                | 0.00285  |
| lr                    | 0.001    |
| misc/nupdates         | 269      |
| misc/serial_timesteps | 1.11e+06 |
| misc/time_elapsed     | 199      |
| misc/total_timesteps  | 1.11e+06 |
| ratio_max             | 3.23     |
| ratio_min             | 0.494    |
| ret_avg               | 0.852    |
| ret_max               | 0.927    |
| ret_med               | 0.883    |
| ret_min               | -1.41    |
| ret_var               | 0.049    |
------------------------------------
------------------------------------
| action_max            | 14       |
| action_min            | 0        |
| adv_avg               | -1.46    |
| adv_max               | -1.27    |
| adv_med               | -1.46    |
| adv_min               | -1.65    |
| adv_var               | 0.00132  |
| clipfrac              | 0.26     |
| curr_lr               | 0.001    |
| entropy               | 0.85     |
| eplenmean             | 13.9     |
| eprewmean             | 9.3      |
| fps                   | 5.68e+03 |
| grad_norm             | 0.611    |
| kl                    | 0.0313   |
| loss_pi               | -0.0277  |
| loss_v                | 0.00111  |
| lr                    | 0.001    |
| misc/nupdates         | 279      |
| misc/serial_timesteps | 1.15e+06 |
| misc/time_elapsed     | 207      |
| misc/total_timesteps  | 1.15e+06 |
| ratio_max             | 1.99     |
| ratio_min             | 0.217    |
| ret_avg               | 0.859    |
| ret_max               | 0.967    |
| ret_med               | 0.873    |
| ret_min               | -1.45    |
| ret_var               | 0.029    |
------------------------------------
------------------------------------
| action_max            | 14       |
| action_min            | 0        |
| adv_avg               | -1.48    |
| adv_max               | -1.33    |
| adv_med               | -1.48    |
| adv_min               | -1.7     |
| adv_var               | 0.00109  |
| clipfrac              | 0.271    |
| curr_lr               | 0.001    |
| entropy               | 0.79     |
| eplenmean             | 14       |
| eprewmean             | 9.2      |
| fps                   | 5.45e+03 |
| grad_norm             | 0.74     |
| kl                    | 0.0283   |
| loss_pi               | -0.0203  |
| loss_v                | 0.00128  |
| lr                    | 0.001    |
| misc/nupdates         | 289      |
| misc/serial_timesteps | 1.19e+06 |
| misc/time_elapsed     | 214      |
| misc/total_timesteps  | 1.19e+06 |
| ratio_max             | 3.32     |
| ratio_min             | 0.15     |
| ret_avg               | 0.815    |
| ret_max               | 0.862    |
| ret_med               | 0.834    |
| ret_min               | -1.48    |
| ret_var               | 0.0393   |
------------------------------------
------------------------------------
| action_max            | 14       |
| action_min            | 0        |
| adv_avg               | -1.51    |
| adv_max               | -1.31    |
| adv_med               | -1.51    |
| adv_min               | -1.7     |
| adv_var               | 0.00149  |
| clipfrac              | 0.268    |
| curr_lr               | 0.001    |
| entropy               | 0.849    |
| eplenmean             | 15.4     |
| eprewmean             | 8.4      |
| fps                   | 5.42e+03 |
| grad_norm             | 0.632    |
| kl                    | 0.0299   |
| loss_pi               | -0.0231  |
| loss_v                | 0.00159  |
| lr                    | 0.001    |
| misc/nupdates         | 299      |
| misc/serial_timesteps | 1.23e+06 |
| misc/time_elapsed     | 221      |
| misc/total_timesteps  | 1.23e+06 |
| ratio_max             | 3.95     |
| ratio_min             | 0.201    |
| ret_avg               | 0.787    |
| ret_max               | 0.898    |
| ret_med               | 0.807    |
| ret_min               | -1.52    |
| ret_var               | 0.0373   |
------------------------------------
------------------------------------
| action_max            | 14       |
| action_min            | 0        |
| adv_avg               | -1.56    |
| adv_max               | -1.21    |
| adv_med               | -1.56    |
| adv_min               | -1.82    |
| adv_var               | 0.0012   |
| clipfrac              | 0.221    |
| curr_lr               | 0.001    |
| entropy               | 0.86     |
| eplenmean             | 14.8     |
| eprewmean             | 8.8      |
| fps                   | 5.65e+03 |
| grad_norm             | 0.564    |
| kl                    | 0.0236   |
| loss_pi               | -0.0369  |
| loss_v                | 0.00151  |
| lr                    | 0.001    |
| misc/nupdates         | 309      |
| misc/serial_timesteps | 1.27e+06 |
| misc/time_elapsed     | 229      |
| misc/total_timesteps  | 1.27e+06 |
| ratio_max             | 2.39     |
| ratio_min             | 0.0799   |
| ret_avg               | 0.77     |
| ret_max               | 0.865    |
| ret_med               | 0.797    |
| ret_min               | -1.55    |
| ret_var               | 0.051    |
------------------------------------
------------------------------------
| action_max            | 14       |
| action_min            | 0        |
| adv_avg               | -1.57    |
| adv_max               | -1.41    |
| adv_med               | -1.57    |
| adv_min               | -1.73    |
| adv_var               | 0.0011   |
| clipfrac              | 0.268    |
| curr_lr               | 0.001    |
| entropy               | 0.752    |
| eplenmean             | 15.6     |
| eprewmean             | 9.4      |
| fps                   | 5.38e+03 |
| grad_norm             | 0.871    |
| kl                    | 0.0373   |
| loss_pi               | -0.0315  |
| loss_v                | 0.00159  |
| lr                    | 0.001    |
| misc/nupdates         | 319      |
| misc/serial_timesteps | 1.31e+06 |
| misc/time_elapsed     | 236      |
| misc/total_timesteps  | 1.31e+06 |
| ratio_max             | 36.5     |
| ratio_min             | 0.191    |
| ret_avg               | 0.747    |
| ret_max               | 0.865    |
| ret_med               | 0.769    |
| ret_min               | -1.59    |
| ret_var               | 0.0383   |
------------------------------------
------------------------------------
| action_max            | 14       |
| action_min            | 0        |
| adv_avg               | -1.6     |
| adv_max               | -1.29    |
| adv_med               | -1.61    |
| adv_min               | -1.79    |
| adv_var               | 0.00139  |
| clipfrac              | 0.227    |
| curr_lr               | 0.001    |
| entropy               | 0.76     |
| eplenmean             | 13.1     |
| eprewmean             | 9        |
| fps                   | 5.45e+03 |
| grad_norm             | 0.565    |
| kl                    | 0.0317   |
| loss_pi               | -0.0515  |
| loss_v                | 0.00139  |
| lr                    | 0.001    |
| misc/nupdates         | 329      |
| misc/serial_timesteps | 1.35e+06 |
| misc/time_elapsed     | 244      |
| misc/total_timesteps  | 1.35e+06 |
| ratio_max             | 3.38     |
| ratio_min             | 0.22     |
| ret_avg               | 0.723    |
| ret_max               | 0.796    |
| ret_med               | 0.745    |
| ret_min               | -1.62    |
| ret_var               | 0.0454   |
------------------------------------
------------------------------------
| action_max            | 14       |
| action_min            | 0        |
| adv_avg               | -1.64    |
| adv_max               | -1.48    |
| adv_med               | -1.65    |
| adv_min               | -1.89    |
| adv_var               | 0.00118  |
| clipfrac              | 0.207    |
| curr_lr               | 0.001    |
| entropy               | 0.73     |
| eplenmean             | 15.2     |
| eprewmean             | 9.2      |
| fps                   | 5.4e+03  |
| grad_norm             | 0.491    |
| kl                    | 0.0242   |
| loss_pi               | -0.0377  |
| loss_v                | 0.00127  |
| lr                    | 0.001    |
| misc/nupdates         | 339      |
| misc/serial_timesteps | 1.39e+06 |
| misc/time_elapsed     | 251      |
| misc/total_timesteps  | 1.39e+06 |
| ratio_max             | 2.03     |
| ratio_min             | 0.165    |
| ret_avg               | 0.707    |
| ret_max               | 0.779    |
| ret_med               | 0.732    |
| ret_min               | -1.65    |
| ret_var               | 0.05     |
------------------------------------
------------------------------------
| action_max            | 14       |
| action_min            | 0        |
| adv_avg               | -1.67    |
| adv_max               | -1.49    |
| adv_med               | -1.67    |
| adv_min               | -1.83    |
| adv_var               | 0.000973 |
| clipfrac              | 0.219    |
| curr_lr               | 0.001    |
| entropy               | 0.67     |
| eplenmean             | 14.4     |
| eprewmean             | 9.2      |
| fps                   | 5.44e+03 |
| grad_norm             | 0.634    |
| kl                    | 0.0348   |
| loss_pi               | -0.0323  |
| loss_v                | 0.00109  |
| lr                    | 0.001    |
| misc/nupdates         | 349      |
| misc/serial_timesteps | 1.43e+06 |
| misc/time_elapsed     | 259      |
| misc/total_timesteps  | 1.43e+06 |
| ratio_max             | 2.94     |
| ratio_min             | 0.246    |
| ret_avg               | 0.697    |
| ret_max               | 0.78     |
| ret_med               | 0.713    |
| ret_min               | -1.68    |
| ret_var               | 0.0355   |
------------------------------------
------------------------------------
| action_max            | 14       |
| action_min            | 0        |
| adv_avg               | -1.71    |
| adv_max               | -1.51    |
| adv_med               | -1.71    |
| adv_min               | -1.87    |
| adv_var               | 0.00106  |
| clipfrac              | 0.234    |
| curr_lr               | 0.001    |
| entropy               | 0.738    |
| eplenmean             | 13.7     |
| eprewmean             | 9        |
| fps                   | 5.44e+03 |
| grad_norm             | 0.636    |
| kl                    | 0.0309   |
| loss_pi               | -0.0303  |
| loss_v                | 0.00125  |
| lr                    | 0.001    |
| misc/nupdates         | 359      |
| misc/serial_timesteps | 1.47e+06 |
| misc/time_elapsed     | 266      |
| misc/total_timesteps  | 1.47e+06 |
| ratio_max             | 2.89     |
| ratio_min             | 0.193    |
| ret_avg               | 0.692    |
| ret_max               | 0.801    |
| ret_med               | 0.711    |
| ret_min               | -1.71    |
| ret_var               | 0.0346   |
------------------------------------
------------------------------------
| action_max            | 14       |
| action_min            | 0        |
| adv_avg               | -1.74    |
| adv_max               | -1.41    |
| adv_med               | -1.74    |
| adv_min               | -2.14    |
| adv_var               | 0.00144  |
| clipfrac              | 0.203    |
| curr_lr               | 0.001    |
| entropy               | 0.718    |
| eplenmean             | 14.2     |
| eprewmean             | 9.4      |
| fps                   | 5.47e+03 |
| grad_norm             | 0.649    |
| kl                    | 0.0217   |
| loss_pi               | -0.0327  |
| loss_v                | 0.00132  |
| lr                    | 0.001    |
| misc/nupdates         | 369      |
| misc/serial_timesteps | 1.52e+06 |
| misc/time_elapsed     | 274      |
| misc/total_timesteps  | 1.52e+06 |
| ratio_max             | 3.57     |
| ratio_min             | 0.131    |
| ret_avg               | 0.668    |
| ret_max               | 0.738    |
| ret_med               | 0.69     |
| ret_min               | -1.74    |
| ret_var               | 0.0396   |
------------------------------------
------------------------------------
| action_max            | 14       |
| action_min            | 0        |
| adv_avg               | -1.77    |
| adv_max               | -1.5     |
| adv_med               | -1.77    |
| adv_min               | -1.92    |
| adv_var               | 0.000774 |
| clipfrac              | 0.201    |
| curr_lr               | 0.001    |
| entropy               | 0.627    |
| eplenmean             | 16.1     |
| eprewmean             | 9.4      |
| fps                   | 5.44e+03 |
| grad_norm             | 0.659    |
| kl                    | 0.0246   |
| loss_pi               | -0.0242  |
| loss_v                | 0.00117  |
| lr                    | 0.001    |
| misc/nupdates         | 379      |
| misc/serial_timesteps | 1.56e+06 |
| misc/time_elapsed     | 281      |
| misc/total_timesteps  | 1.56e+06 |
| ratio_max             | 2.66     |
| ratio_min             | 0.441    |
| ret_avg               | 0.662    |
| ret_max               | 0.734    |
| ret_med               | 0.68     |
| ret_min               | -1.77    |
| ret_var               | 0.037    |
------------------------------------
------------------------------------
| action_max            | 14       |
| action_min            | 0        |
| adv_avg               | -1.81    |
| adv_max               | -1.5     |
| adv_med               | -1.8     |
| adv_min               | -2.34    |
| adv_var               | 0.00279  |
| clipfrac              | 0.229    |
| curr_lr               | 0.001    |
| entropy               | 0.889    |
| eplenmean             | 15.1     |
| eprewmean             | 9.2      |
| fps                   | 5.51e+03 |
| grad_norm             | 0.832    |
| kl                    | 0.027    |
| loss_pi               | -0.0394  |
| loss_v                | 0.00246  |
| lr                    | 0.001    |
| misc/nupdates         | 389      |
| misc/serial_timesteps | 1.6e+06  |
| misc/time_elapsed     | 289      |
| misc/total_timesteps  | 1.6e+06  |
| ratio_max             | 4.57     |
| ratio_min             | 0.125    |
| ret_avg               | 0.529    |
| ret_max               | 0.731    |
| ret_med               | 0.658    |
| ret_min               | -1.8     |
| ret_var               | 0.114    |
------------------------------------
------------------------------------
| action_max            | 14       |
| action_min            | 0        |
| adv_avg               | -1.84    |
| adv_max               | -1.53    |
| adv_med               | -1.84    |
| adv_min               | -2.12    |
| adv_var               | 0.00168  |
| clipfrac              | 0.209    |
| curr_lr               | 0.001    |
| entropy               | 0.534    |
| eplenmean             | 13.1     |
| eprewmean             | 9.3      |
| fps                   | 5.4e+03  |
| grad_norm             | 0.475    |
| kl                    | 0.0564   |
| loss_pi               | -0.0252  |
| loss_v                | 0.00108  |
| lr                    | 0.001    |
| misc/nupdates         | 399      |
| misc/serial_timesteps | 1.64e+06 |
| misc/time_elapsed     | 296      |
| misc/total_timesteps  | 1.64e+06 |
| ratio_max             | 3.65     |
| ratio_min             | 0.137    |
| ret_avg               | 0.638    |
| ret_max               | 0.71     |
| ret_med               | 0.662    |
| ret_min               | -1.83    |
| ret_var               | 0.0471   |
------------------------------------
------------------------------------
| action_max            | 14       |
| action_min            | 0        |
| adv_avg               | -1.87    |
| adv_max               | -1.71    |
| adv_med               | -1.87    |
| adv_min               | -2.11    |
| adv_var               | 0.001    |
| clipfrac              | 0.225    |
| curr_lr               | 0.001    |
| entropy               | 0.691    |
| eplenmean             | 16.4     |
| eprewmean             | 9.2      |
| fps                   | 5.64e+03 |
| grad_norm             | 0.444    |
| kl                    | 0.0406   |
| loss_pi               | -0.0297  |
| loss_v                | 0.000907 |
| lr                    | 0.001    |
| misc/nupdates         | 409      |
| misc/serial_timesteps | 1.68e+06 |
| misc/time_elapsed     | 304      |
| misc/total_timesteps  | 1.68e+06 |
| ratio_max             | 3.95     |
| ratio_min             | 0.228    |
| ret_avg               | 0.633    |
| ret_max               | 0.743    |
| ret_med               | 0.653    |
| ret_min               | -1.86    |
| ret_var               | 0.0431   |
------------------------------------
------------------------------------
| action_max            | 14       |
| action_min            | 0        |
| adv_avg               | -1.89    |
| adv_max               | -1.7     |
| adv_med               | -1.89    |
| adv_min               | -2.09    |
| adv_var               | 0.000863 |
| clipfrac              | 0.225    |
| curr_lr               | 0.001    |
| entropy               | 0.665    |
| eplenmean             | 14.8     |
| eprewmean             | 9.1      |
| fps                   | 5.44e+03 |
| grad_norm             | 0.511    |
| kl                    | 0.0256   |
| loss_pi               | -0.0332  |
| loss_v                | 0.000944 |
| lr                    | 0.001    |
| misc/nupdates         | 419      |
| misc/serial_timesteps | 1.72e+06 |
| misc/time_elapsed     | 311      |
| misc/total_timesteps  | 1.72e+06 |
| ratio_max             | 4.4      |
| ratio_min             | 0.34     |
| ret_avg               | 0.619    |
| ret_max               | 0.692    |
| ret_med               | 0.638    |
| ret_min               | -1.89    |
| ret_var               | 0.0437   |
------------------------------------
------------------------------------
| action_max            | 14       |
| action_min            | 0        |
| adv_avg               | -1.92    |
| adv_max               | -1.7     |
| adv_med               | -1.92    |
| adv_min               | -2.06    |
| adv_var               | 0.0009   |
| clipfrac              | 0.227    |
| curr_lr               | 0.001    |
| entropy               | 0.705    |
| eplenmean             | 14.1     |
| eprewmean             | 9.4      |
| fps                   | 5.45e+03 |
| grad_norm             | 0.589    |
| kl                    | 0.0291   |
| loss_pi               | -0.0394  |
| loss_v                | 0.0012   |
| lr                    | 0.001    |
| misc/nupdates         | 429      |
| misc/serial_timesteps | 1.76e+06 |
| misc/time_elapsed     | 319      |
| misc/total_timesteps  | 1.76e+06 |
| ratio_max             | 4.97     |
| ratio_min             | 0.378    |
| ret_avg               | 0.603    |
| ret_max               | 0.714    |
| ret_med               | 0.631    |
| ret_min               | -1.91    |
| ret_var               | 0.063    |
------------------------------------
------------------------------------
| action_max            | 14       |
| action_min            | 0        |
| adv_avg               | -1.95    |
| adv_max               | -1.81    |
| adv_med               | -1.95    |
| adv_min               | -2.09    |
| adv_var               | 0.000883 |
| clipfrac              | 0.266    |
| curr_lr               | 0.001    |
| entropy               | 0.639    |
| eplenmean             | 13.4     |
| eprewmean             | 8.9      |
| fps                   | 5.41e+03 |
| grad_norm             | 0.678    |
| kl                    | 0.0315   |
| loss_pi               | -0.0281  |
| loss_v                | 0.00107  |
| lr                    | 0.001    |
| misc/nupdates         | 439      |
| misc/serial_timesteps | 1.8e+06  |
| misc/time_elapsed     | 326      |
| misc/total_timesteps  | 1.8e+06  |
| ratio_max             | 2.89     |
| ratio_min             | 0.179    |
| ret_avg               | 0.606    |
| ret_max               | 0.683    |
| ret_med               | 0.625    |
| ret_min               | -1.94    |
| ret_var               | 0.0355   |
------------------------------------
------------------------------------
| action_max            | 14       |
| action_min            | 0        |
| adv_avg               | -1.96    |
| adv_max               | -1.76    |
| adv_med               | -1.96    |
| adv_min               | -2.2     |
| adv_var               | 0.000871 |
| clipfrac              | 0.25     |
| curr_lr               | 0.001    |
| entropy               | 0.62     |
| eplenmean             | 15.5     |
| eprewmean             | 9.8      |
| fps                   | 5.53e+03 |
| grad_norm             | 0.492    |
| kl                    | 0.0375   |
| loss_pi               | -0.0215  |
| loss_v                | 0.000797 |
| lr                    | 0.001    |
| misc/nupdates         | 449      |
| misc/serial_timesteps | 1.84e+06 |
| misc/time_elapsed     | 334      |
| misc/total_timesteps  | 1.84e+06 |
| ratio_max             | 4.12     |
| ratio_min             | 0.209    |
| ret_avg               | 0.585    |
| ret_max               | 0.677    |
| ret_med               | 0.598    |
| ret_min               | -1.97    |
| ret_var               | 0.0327   |
------------------------------------
------------------------------------
| action_max            | 14       |
| action_min            | 0        |
| adv_avg               | -2       |
| adv_max               | -1.61    |
| adv_med               | -2       |
| adv_min               | -2.3     |
| adv_var               | 0.0015   |
| clipfrac              | 0.225    |
| curr_lr               | 0.001    |
| entropy               | 0.53     |
| eplenmean             | 14.7     |
| eprewmean             | 9        |
| fps                   | 5.43e+03 |
| grad_norm             | 0.397    |
| kl                    | 0.0353   |
| loss_pi               | -0.0236  |
| loss_v                | 0.00103  |
| lr                    | 0.001    |
| misc/nupdates         | 459      |
| misc/serial_timesteps | 1.88e+06 |
| misc/time_elapsed     | 341      |
| misc/total_timesteps  | 1.88e+06 |
| ratio_max             | 3.33     |
| ratio_min             | 0.242    |
| ret_avg               | 0.578    |
| ret_max               | 0.643    |
| ret_med               | 0.602    |
| ret_min               | -1.99    |
| ret_var               | 0.0449   |
------------------------------------
------------------------------------
| action_max            | 14       |
| action_min            | 0        |
| adv_avg               | -2.02    |
| adv_max               | -1.76    |
| adv_med               | -2.02    |
| adv_min               | -2.52    |
| adv_var               | 0.00207  |
| clipfrac              | 0.188    |
| curr_lr               | 0.001    |
| entropy               | 0.615    |
| eplenmean             | 13       |
| eprewmean             | 8.8      |
| fps                   | 5.42e+03 |
| grad_norm             | 0.413    |
| kl                    | 0.0482   |
| loss_pi               | -0.0364  |
| loss_v                | 0.00102  |
| lr                    | 0.001    |
| misc/nupdates         | 469      |
| misc/serial_timesteps | 1.93e+06 |
| misc/time_elapsed     | 349      |
| misc/total_timesteps  | 1.93e+06 |
| ratio_max             | 2.46     |
| ratio_min             | 0.057    |
| ret_avg               | 0.547    |
| ret_max               | 0.659    |
| ret_med               | 0.589    |
| ret_min               | -2.02    |
| ret_var               | 0.0654   |
------------------------------------
------------------------------------
| action_max            | 14       |
| action_min            | 0        |
| adv_avg               | -2.06    |
| adv_max               | -1.81    |
| adv_med               | -2.05    |
| adv_min               | -2.25    |
| adv_var               | 0.00146  |
| clipfrac              | 0.258    |
| curr_lr               | 0.001    |
| entropy               | 0.628    |
| eplenmean             | 15.1     |
| eprewmean             | 9.4      |
| fps                   | 5.44e+03 |
| grad_norm             | 0.615    |
| kl                    | 0.0407   |
| loss_pi               | -0.028   |
| loss_v                | 0.00131  |
| lr                    | 0.001    |
| misc/nupdates         | 479      |
| misc/serial_timesteps | 1.97e+06 |
| misc/time_elapsed     | 356      |
| misc/total_timesteps  | 1.97e+06 |
| ratio_max             | 9.16     |
| ratio_min             | 0.156    |
| ret_avg               | 0.569    |
| ret_max               | 0.744    |
| ret_med               | 0.585    |
| ret_min               | -2.05    |
| ret_var               | 0.0359   |
------------------------------------
------------------------------------
| action_max            | 14       |
| action_min            | 0        |
| adv_avg               | -2.08    |
| adv_max               | -1.81    |
| adv_med               | -2.08    |
| adv_min               | -2.28    |
| adv_var               | 0.00108  |
| clipfrac              | 0.27     |
| curr_lr               | 0.001    |
| entropy               | 0.567    |
| eplenmean             | 14.7     |
| eprewmean             | 9.3      |
| fps                   | 5.44e+03 |
| grad_norm             | 0.636    |
| kl                    | 0.0636   |
| loss_pi               | -0.0218  |
| loss_v                | 0.00115  |
| lr                    | 0.001    |
| misc/nupdates         | 489      |
| misc/serial_timesteps | 2.01e+06 |
| misc/time_elapsed     | 364      |
| misc/total_timesteps  | 2.01e+06 |
| ratio_max             | 3.54     |
| ratio_min             | 0.055    |
| ret_avg               | 0.562    |
| ret_max               | 0.632    |
| ret_med               | 0.582    |
| ret_min               | -2.07    |
| ret_var               | 0.0397   |
------------------------------------
------------------------------------
| action_max            | 14       |
| action_min            | 0        |
| adv_avg               | -2.09    |
| adv_max               | -1.79    |
| adv_med               | -2.09    |
| adv_min               | -2.42    |
| adv_var               | 0.000918 |
| clipfrac              | 0.178    |
| curr_lr               | 0.001    |
| entropy               | 0.516    |
| eplenmean             | 12.3     |
| eprewmean             | 9        |
| fps                   | 5.42e+03 |
| grad_norm             | 0.465    |
| kl                    | 0.0329   |
| loss_pi               | -0.021   |
| loss_v                | 0.00115  |
| lr                    | 0.001    |
| misc/nupdates         | 499      |
| misc/serial_timesteps | 2.05e+06 |
| misc/time_elapsed     | 371      |
| misc/total_timesteps  | 2.05e+06 |
| ratio_max             | 1.88     |
| ratio_min             | 0.109    |
| ret_avg               | 0.543    |
| ret_max               | 0.694    |
| ret_med               | 0.569    |
| ret_min               | -2.1     |
| ret_var               | 0.0573   |
------------------------------------
------------------------------------
| action_max            | 14       |
| action_min            | 0        |
| adv_avg               | -2.11    |
| adv_max               | -1.82    |
| adv_med               | -2.11    |
| adv_min               | -2.38    |
| adv_var               | 0.00164  |
| clipfrac              | 0.197    |
| curr_lr               | 0.001    |
| entropy               | 0.578    |
| eplenmean             | 12.8     |
| eprewmean             | 9.1      |
| fps                   | 5.62e+03 |
| grad_norm             | 0.455    |
| kl                    | 0.0239   |
| loss_pi               | -0.0352  |
| loss_v                | 0.0014   |
| lr                    | 0.001    |
| misc/nupdates         | 509      |
| misc/serial_timesteps | 2.09e+06 |
| misc/time_elapsed     | 379      |
| misc/total_timesteps  | 2.09e+06 |
| ratio_max             | 7.49     |
| ratio_min             | 0.135    |
| ret_avg               | 0.529    |
| ret_max               | 0.597    |
| ret_med               | 0.555    |
| ret_min               | -2.12    |
| ret_var               | 0.0531   |
------------------------------------
------------------------------------
| action_max            | 14       |
| action_min            | 0        |
| adv_avg               | -2.15    |
| adv_max               | -1.79    |
| adv_med               | -2.15    |
| adv_min               | -4.58    |
| adv_var               | 0.0153   |
| clipfrac              | 0.205    |
| curr_lr               | 0.001    |
| entropy               | 0.694    |
| eplenmean             | 15.8     |
| eprewmean             | 9.5      |
| fps                   | 5.35e+03 |
| grad_norm             | 0.631    |
| kl                    | 0.0352   |
| loss_pi               | -0.00974 |
| loss_v                | 0.00792  |
| lr                    | 0.001    |
| misc/nupdates         | 519      |
| misc/serial_timesteps | 2.13e+06 |
| misc/time_elapsed     | 386      |
| misc/total_timesteps  | 2.13e+06 |
| ratio_max             | 7.08     |
| ratio_min             | 0.129    |
| ret_avg               | 0.526    |
| ret_max               | 0.601    |
| ret_med               | 0.555    |
| ret_min               | -2.14    |
| ret_var               | 0.0601   |
------------------------------------
------------------------------------
| action_max            | 14       |
| action_min            | 0        |
| adv_avg               | -2.17    |
| adv_max               | -1.96    |
| adv_med               | -2.16    |
| adv_min               | -2.43    |
| adv_var               | 0.000777 |
| clipfrac              | 0.258    |
| curr_lr               | 0.001    |
| entropy               | 0.634    |
| eplenmean             | 13.4     |
| eprewmean             | 9        |
| fps                   | 5.48e+03 |
| grad_norm             | 0.398    |
| kl                    | 0.0398   |
| loss_pi               | -0.0304  |
| loss_v                | 0.000706 |
| lr                    | 0.001    |
| misc/nupdates         | 529      |
| misc/serial_timesteps | 2.17e+06 |
| misc/time_elapsed     | 393      |
| misc/total_timesteps  | 2.17e+06 |
| ratio_max             | 2.28     |
| ratio_min             | 0.0645   |
| ret_avg               | 0.532    |
| ret_max               | 0.59     |
| ret_med               | 0.551    |
| ret_min               | -2.17    |
| ret_var               | 0.0435   |
------------------------------------
------------------------------------
| action_max            | 14       |
| action_min            | 0        |
| adv_avg               | -2.19    |
| adv_max               | -1.95    |
| adv_med               | -2.19    |
| adv_min               | -2.36    |
| adv_var               | 0.000704 |
| clipfrac              | 0.205    |
| curr_lr               | 0.001    |
| entropy               | 0.62     |
| eplenmean             | 14.4     |
| eprewmean             | 9.1      |
| fps                   | 5.68e+03 |
| grad_norm             | 0.377    |
| kl                    | 0.0324   |
| loss_pi               | -0.0309  |
| loss_v                | 0.000811 |
| lr                    | 0.001    |
| misc/nupdates         | 539      |
| misc/serial_timesteps | 2.21e+06 |
| misc/time_elapsed     | 401      |
| misc/total_timesteps  | 2.21e+06 |
| ratio_max             | 2.77     |
| ratio_min             | 0.373    |
| ret_avg               | 0.515    |
| ret_max               | 0.588    |
| ret_med               | 0.54     |
| ret_min               | -2.19    |
| ret_var               | 0.0585   |
------------------------------------
------------------------------------
| action_max            | 14       |
| action_min            | 0        |
| adv_avg               | -2.21    |
| adv_max               | -2.02    |
| adv_med               | -2.21    |
| adv_min               | -2.38    |
| adv_var               | 0.0011   |
| clipfrac              | 0.248    |
| curr_lr               | 0.001    |
| entropy               | 0.74     |
| eplenmean             | 13.9     |
| eprewmean             | 8.6      |
| fps                   | 5.68e+03 |
| grad_norm             | 0.791    |
| kl                    | 0.0506   |
| loss_pi               | -0.0177  |
| loss_v                | 0.0014   |
| lr                    | 0.001    |
| misc/nupdates         | 549      |
| misc/serial_timesteps | 2.25e+06 |
| misc/time_elapsed     | 408      |
| misc/total_timesteps  | 2.25e+06 |
| ratio_max             | 4.77     |
| ratio_min             | 0.0125   |
| ret_avg               | 0.51     |
| ret_max               | 0.569    |
| ret_med               | 0.531    |
| ret_min               | -2.22    |
| ret_var               | 0.0573   |
------------------------------------
------------------------------------
| action_max            | 14       |
| action_min            | 0        |
| adv_avg               | -2.24    |
| adv_max               | -1.9     |
| adv_med               | -2.24    |
| adv_min               | -2.51    |
| adv_var               | 0.00151  |
| clipfrac              | 0.25     |
| curr_lr               | 0.001    |
| entropy               | 0.669    |
| eplenmean             | 12.3     |
| eprewmean             | 8.7      |
| fps                   | 5.5e+03  |
| grad_norm             | 0.412    |
| kl                    | 0.0388   |
| loss_pi               | -0.0419  |
| loss_v                | 0.00136  |
| lr                    | 0.001    |
| misc/nupdates         | 559      |
| misc/serial_timesteps | 2.29e+06 |
| misc/time_elapsed     | 416      |
| misc/total_timesteps  | 2.29e+06 |
| ratio_max             | 5.93     |
| ratio_min             | 0.0389   |
| ret_avg               | 0.505    |
| ret_max               | 0.7      |
| ret_med               | 0.535    |
| ret_min               | -2.24    |
| ret_var               | 0.073    |
------------------------------------
------------------------------------
| action_max            | 14       |
| action_min            | 0        |
| adv_avg               | -2.27    |
| adv_max               | -2.03    |
| adv_med               | -2.26    |
| adv_min               | -4.94    |
| adv_var               | 0.0176   |
| clipfrac              | 0.25     |
| curr_lr               | 0.001    |
| entropy               | 0.7      |
| eplenmean             | 14.1     |
| eprewmean             | 9.1      |
| fps                   | 5.66e+03 |
| grad_norm             | 0.587    |
| kl                    | 0.0354   |
| loss_pi               | -0.0111  |
| loss_v                | 0.0111   |
| lr                    | 0.001    |
| misc/nupdates         | 569      |
| misc/serial_timesteps | 2.33e+06 |
| misc/time_elapsed     | 423      |
| misc/total_timesteps  | 2.33e+06 |
| ratio_max             | 2.24     |
| ratio_min             | 0.0154   |
| ret_avg               | 0.491    |
| ret_max               | 0.573    |
| ret_med               | 0.523    |
| ret_min               | -2.26    |
| ret_var               | 0.0754   |
------------------------------------
------------------------------------
| action_max            | 14       |
| action_min            | 0        |
| adv_avg               | -2.28    |
| adv_max               | -2.03    |
| adv_med               | -2.28    |
| adv_min               | -2.45    |
| adv_var               | 0.00118  |
| clipfrac              | 0.279    |
| curr_lr               | 0.001    |
| entropy               | 0.726    |
| eplenmean             | 15.3     |
| eprewmean             | 9        |
| fps                   | 5.51e+03 |
| grad_norm             | 0.486    |
| kl                    | 0.0482   |
| loss_pi               | -0.0382  |
| loss_v                | 0.00129  |
| lr                    | 0.001    |
| misc/nupdates         | 579      |
| misc/serial_timesteps | 2.38e+06 |
| misc/time_elapsed     | 431      |
| misc/total_timesteps  | 2.38e+06 |
| ratio_max             | 7.9      |
| ratio_min             | 0.165    |
| ret_avg               | 0.496    |
| ret_max               | 0.58     |
| ret_med               | 0.517    |
| ret_min               | -2.28    |
| ret_var               | 0.0482   |
------------------------------------
------------------------------------
| action_max            | 14       |
| action_min            | 0        |
| adv_avg               | -2.31    |
| adv_max               | -1.96    |
| adv_med               | -2.31    |
| adv_min               | -2.62    |
| adv_var               | 0.00162  |
| clipfrac              | 0.244    |
| curr_lr               | 0.001    |
| entropy               | 0.654    |
| eplenmean             | 13.8     |
| eprewmean             | 8.7      |
| fps                   | 5.42e+03 |
| grad_norm             | 0.488    |
| kl                    | 0.042    |
| loss_pi               | -0.0306  |
| loss_v                | 0.00125  |
| lr                    | 0.001    |
| misc/nupdates         | 589      |
| misc/serial_timesteps | 2.42e+06 |
| misc/time_elapsed     | 438      |
| misc/total_timesteps  | 2.42e+06 |
| ratio_max             | 4.44     |
| ratio_min             | 0.0657   |
| ret_avg               | 0.483    |
| ret_max               | 0.576    |
| ret_med               | 0.511    |
| ret_min               | -2.31    |
| ret_var               | 0.0643   |
------------------------------------
------------------------------------
| action_max            | 14       |
| action_min            | 0        |
| adv_avg               | -2.32    |
| adv_max               | -2.1     |
| adv_med               | -2.32    |
| adv_min               | -2.53    |
| adv_var               | 0.000903 |
| clipfrac              | 0.193    |
| curr_lr               | 0.001    |
| entropy               | 0.502    |
| eplenmean             | 15.7     |
| eprewmean             | 9.2      |
| fps                   | 5.42e+03 |
| grad_norm             | 0.452    |
| kl                    | 0.0323   |
| loss_pi               | -0.026   |
| loss_v                | 0.000667 |
| lr                    | 0.001    |
| misc/nupdates         | 599      |
| misc/serial_timesteps | 2.46e+06 |
| misc/time_elapsed     | 446      |
| misc/total_timesteps  | 2.46e+06 |
| ratio_max             | 4.49     |
| ratio_min             | 0.272    |
| ret_avg               | 0.481    |
| ret_max               | 0.552    |
| ret_med               | 0.503    |
| ret_min               | -2.33    |
| ret_var               | 0.0494   |
------------------------------------
------------------------------------
| action_max            | 14       |
| action_min            | 0        |
| adv_avg               | -2.35    |
| adv_max               | -2.12    |
| adv_med               | -2.35    |
| adv_min               | -2.62    |
| adv_var               | 0.00103  |
| clipfrac              | 0.203    |
| curr_lr               | 0.001    |
| entropy               | 0.646    |
| eplenmean             | 13.9     |
| eprewmean             | 9.3      |
| fps                   | 5.44e+03 |
| grad_norm             | 0.398    |
| kl                    | 0.0449   |
| loss_pi               | -0.0347  |
| loss_v                | 0.000875 |
| lr                    | 0.001    |
| misc/nupdates         | 609      |
| misc/serial_timesteps | 2.5e+06  |
| misc/time_elapsed     | 453      |
| misc/total_timesteps  | 2.5e+06  |
| ratio_max             | 6.36     |
| ratio_min             | 0.0551   |
| ret_avg               | 0.478    |
| ret_max               | 0.565    |
| ret_med               | 0.502    |
| ret_min               | -2.35    |
| ret_var               | 0.0579   |
------------------------------------
------------------------------------
| action_max            | 14       |
| action_min            | 0        |
| adv_avg               | -2.38    |
| adv_max               | -1.97    |
| adv_med               | -2.37    |
| adv_min               | -2.8     |
| adv_var               | 0.00264  |
| clipfrac              | 0.232    |
| curr_lr               | 0.001    |
| entropy               | 0.739    |
| eplenmean             | 19.6     |
| eprewmean             | 8.3      |
| fps                   | 5.43e+03 |
| grad_norm             | 0.881    |
| kl                    | 0.037    |
| loss_pi               | -0.0295  |
| loss_v                | 0.00161  |
| lr                    | 0.001    |
| misc/nupdates         | 619      |
| misc/serial_timesteps | 2.54e+06 |
| misc/time_elapsed     | 461      |
| misc/total_timesteps  | 2.54e+06 |
| ratio_max             | 3.74     |
| ratio_min             | 0.176    |
| ret_avg               | 0.462    |
| ret_max               | 0.593    |
| ret_med               | 0.494    |
| ret_min               | -2.37    |
| ret_var               | 0.065    |
------------------------------------
------------------------------------
| action_max            | 14       |
| action_min            | 0        |
| adv_avg               | -2.39    |
| adv_max               | -2.11    |
| adv_med               | -2.39    |
| adv_min               | -2.64    |
| adv_var               | 0.0012   |
| clipfrac              | 0.227    |
| curr_lr               | 0.001    |
| entropy               | 0.658    |
| eplenmean             | 15.6     |
| eprewmean             | 9.3      |
| fps                   | 5.7e+03  |
| grad_norm             | 0.42     |
| kl                    | 0.0389   |
| loss_pi               | -0.047   |
| loss_v                | 0.00114  |
| lr                    | 0.001    |
| misc/nupdates         | 629      |
| misc/serial_timesteps | 2.58e+06 |
| misc/time_elapsed     | 468      |
| misc/total_timesteps  | 2.58e+06 |
| ratio_max             | 3.22     |
| ratio_min             | 0.127    |
| ret_avg               | 0.471    |
| ret_max               | 0.57     |
| ret_med               | 0.494    |
| ret_min               | -2.39    |
| ret_var               | 0.0571   |
------------------------------------
------------------------------------
| action_max            | 14       |
| action_min            | 0        |
| adv_avg               | -2.41    |
| adv_max               | -2.2     |
| adv_med               | -2.41    |
| adv_min               | -2.75    |
| adv_var               | 0.000852 |
| clipfrac              | 0.275    |
| curr_lr               | 0.001    |
| entropy               | 0.722    |
| eplenmean             | 15.4     |
| eprewmean             | 8.8      |
| fps                   | 5.71e+03 |
| grad_norm             | 0.559    |
| kl                    | 0.0404   |
| loss_pi               | -0.0394  |
| loss_v                | 0.00108  |
| lr                    | 0.001    |
| misc/nupdates         | 639      |
| misc/serial_timesteps | 2.62e+06 |
| misc/time_elapsed     | 475      |
| misc/total_timesteps  | 2.62e+06 |
| ratio_max             | 3.23     |
| ratio_min             | 0.194    |
| ret_avg               | 0.46     |
| ret_max               | 0.524    |
| ret_med               | 0.483    |
| ret_min               | -2.41    |
| ret_var               | 0.0597   |
------------------------------------
------------------------------------
| action_max            | 14       |
| action_min            | 0        |
| adv_avg               | -2.43    |
| adv_max               | -2.17    |
| adv_med               | -2.43    |
| adv_min               | -2.7     |
| adv_var               | 0.000974 |
| clipfrac              | 0.227    |
| curr_lr               | 0.001    |
| entropy               | 0.725    |
| eplenmean             | 14.9     |
| eprewmean             | 8.9      |
| fps                   | 5.43e+03 |
| grad_norm             | 0.584    |
| kl                    | 0.04     |
| loss_pi               | -0.0294  |
| loss_v                | 0.00105  |
| lr                    | 0.001    |
| misc/nupdates         | 649      |
| misc/serial_timesteps | 2.66e+06 |
| misc/time_elapsed     | 483      |
| misc/total_timesteps  | 2.66e+06 |
| ratio_max             | 6.49     |
| ratio_min             | 0.0892   |
| ret_avg               | 0.453    |
| ret_max               | 0.531    |
| ret_med               | 0.48     |
| ret_min               | -2.43    |
| ret_var               | 0.0706   |
------------------------------------
------------------------------------
| action_max            | 14       |
| action_min            | 0        |
| adv_avg               | -2.47    |
| adv_max               | -2.28    |
| adv_med               | -2.47    |
| adv_min               | -2.65    |
| adv_var               | 0.000739 |
| clipfrac              | 0.201    |
| curr_lr               | 0.001    |
| entropy               | 0.573    |
| eplenmean             | 15.9     |
| eprewmean             | 8.8      |
| fps                   | 5.66e+03 |
| grad_norm             | 0.392    |
| kl                    | 0.0288   |
| loss_pi               | -0.0286  |
| loss_v                | 0.000703 |
| lr                    | 0.001    |
| misc/nupdates         | 659      |
| misc/serial_timesteps | 2.7e+06  |
| misc/time_elapsed     | 490      |
| misc/total_timesteps  | 2.7e+06  |
| ratio_max             | 2.52     |
| ratio_min             | 0.26     |
| ret_avg               | 0.463    |
| ret_max               | 0.559    |
| ret_med               | 0.489    |
| ret_min               | -2.45    |
| ret_var               | 0.0633   |
------------------------------------
------------------------------------
| action_max            | 14       |
| action_min            | 0        |
| adv_avg               | -2.47    |
| adv_max               | -2.28    |
| adv_med               | -2.47    |
| adv_min               | -2.7     |
| adv_var               | 0.00101  |
| clipfrac              | 0.262    |
| curr_lr               | 0.001    |
| entropy               | 0.672    |
| eplenmean             | 13.2     |
| eprewmean             | 8.8      |
| fps                   | 5.42e+03 |
| grad_norm             | 0.671    |
| kl                    | 0.0313   |
| loss_pi               | -0.0261  |
| loss_v                | 0.000887 |
| lr                    | 0.001    |
| misc/nupdates         | 669      |
| misc/serial_timesteps | 2.74e+06 |
| misc/time_elapsed     | 498      |
| misc/total_timesteps  | 2.74e+06 |
| ratio_max             | 2.46     |
| ratio_min             | 0.113    |
| ret_avg               | 0.452    |
| ret_max               | 0.521    |
| ret_med               | 0.476    |
| ret_min               | -2.47    |
| ret_var               | 0.0558   |
------------------------------------
------------------------------------
| action_max            | 14       |
| action_min            | 0        |
| adv_avg               | -2.49    |
| adv_max               | -2.2     |
| adv_med               | -2.49    |
| adv_min               | -2.68    |
| adv_var               | 0.000854 |
| clipfrac              | 0.248    |
| curr_lr               | 0.001    |
| entropy               | 0.686    |
| eplenmean             | 14       |
| eprewmean             | 8.9      |
| fps                   | 5.64e+03 |
| grad_norm             | 0.455    |
| kl                    | 0.0459   |
| loss_pi               | -0.0295  |
| loss_v                | 0.0008   |
| lr                    | 0.001    |
| misc/nupdates         | 679      |
| misc/serial_timesteps | 2.79e+06 |
| misc/time_elapsed     | 505      |
| misc/total_timesteps  | 2.79e+06 |
| ratio_max             | 2.66     |
| ratio_min             | 0.119    |
| ret_avg               | 0.446    |
| ret_max               | 0.518    |
| ret_med               | 0.47     |
| ret_min               | -2.5     |
| ret_var               | 0.0583   |
------------------------------------
------------------------------------
| action_max            | 14       |
| action_min            | 0        |
| adv_avg               | -2.52    |
| adv_max               | -2.28    |
| adv_med               | -2.51    |
| adv_min               | -2.74    |
| adv_var               | 0.00088  |
| clipfrac              | 0.242    |
| curr_lr               | 0.001    |
| entropy               | 0.642    |
| eplenmean             | 16.8     |
| eprewmean             | 9.1      |
| fps                   | 5.69e+03 |
| grad_norm             | 0.471    |
| kl                    | 0.0339   |
| loss_pi               | -0.0358  |
| loss_v                | 0.001    |
| lr                    | 0.001    |
| misc/nupdates         | 689      |
| misc/serial_timesteps | 2.83e+06 |
| misc/time_elapsed     | 512      |
| misc/total_timesteps  | 2.83e+06 |
| ratio_max             | 2.07     |
| ratio_min             | 0.181    |
| ret_avg               | 0.442    |
| ret_max               | 0.511    |
| ret_med               | 0.466    |
| ret_min               | -2.52    |
| ret_var               | 0.0611   |
------------------------------------
------------------------------------
| action_max            | 14       |
| action_min            | 0        |
| adv_avg               | -2.53    |
| adv_max               | -2.2     |
| adv_med               | -2.53    |
| adv_min               | -2.73    |
| adv_var               | 0.00183  |
| clipfrac              | 0.234    |
| curr_lr               | 0.001    |
| entropy               | 0.715    |
| eplenmean             | 12       |
| eprewmean             | 8.9      |
| fps                   | 5.47e+03 |
| grad_norm             | 0.83     |
| kl                    | 0.0315   |
| loss_pi               | -0.0188  |
| loss_v                | 0.00106  |
| lr                    | 0.001    |
| misc/nupdates         | 699      |
| misc/serial_timesteps | 2.87e+06 |
| misc/time_elapsed     | 520      |
| misc/total_timesteps  | 2.87e+06 |
| ratio_max             | 2.88     |
| ratio_min             | 0.143    |
| ret_avg               | 0.443    |
| ret_max               | 0.522    |
| ret_med               | 0.467    |
| ret_min               | -2.54    |
| ret_var               | 0.0554   |
------------------------------------
------------------------------------
| action_max            | 14       |
| action_min            | 0        |
| adv_avg               | -2.55    |
| adv_max               | -2.35    |
| adv_med               | -2.55    |
| adv_min               | -2.75    |
| adv_var               | 0.000896 |
| clipfrac              | 0.283    |
| curr_lr               | 0.001    |
| entropy               | 0.723    |
| eplenmean             | 14       |
| eprewmean             | 9.2      |
| fps                   | 5.48e+03 |
| grad_norm             | 0.53     |
| kl                    | 0.0374   |
| loss_pi               | -0.0299  |
| loss_v                | 0.000575 |
| lr                    | 0.001    |
| misc/nupdates         | 709      |
| misc/serial_timesteps | 2.91e+06 |
| misc/time_elapsed     | 527      |
| misc/total_timesteps  | 2.91e+06 |
| ratio_max             | 3.48     |
| ratio_min             | 0.259    |
| ret_avg               | 0.435    |
| ret_max               | 0.496    |
| ret_med               | 0.457    |
| ret_min               | -2.55    |
| ret_var               | 0.0579   |
------------------------------------
------------------------------------
| action_max            | 14       |
| action_min            | 0        |
| adv_avg               | -2.58    |
| adv_max               | -2.03    |
| adv_med               | -2.57    |
| adv_min               | -2.94    |
| adv_var               | 0.00159  |
| clipfrac              | 0.277    |
| curr_lr               | 0.001    |
| entropy               | 0.708    |
| eplenmean             | 15       |
| eprewmean             | 9.2      |
| fps                   | 5.7e+03  |
| grad_norm             | 0.292    |
| kl                    | 0.0371   |
| loss_pi               | -0.0478  |
| loss_v                | 0.000941 |
| lr                    | 0.001    |
| misc/nupdates         | 719      |
| misc/serial_timesteps | 2.95e+06 |
| misc/time_elapsed     | 535      |
| misc/total_timesteps  | 2.95e+06 |
| ratio_max             | 6.82     |
| ratio_min             | 0.157    |
| ret_avg               | 0.426    |
| ret_max               | 0.5      |
| ret_med               | 0.458    |
| ret_min               | -2.57    |
| ret_var               | 0.0707   |
------------------------------------
------------------------------------
| action_max            | 14       |
| action_min            | 0        |
| adv_avg               | -2.59    |
| adv_max               | -2.37    |
| adv_med               | -2.59    |
| adv_min               | -2.8     |
| adv_var               | 0.000987 |
| clipfrac              | 0.227    |
| curr_lr               | 0.001    |
| entropy               | 0.643    |
| eplenmean             | 13.1     |
| eprewmean             | 8.7      |
| fps                   | 5.44e+03 |
| grad_norm             | 0.56     |
| kl                    | 0.0365   |
| loss_pi               | -0.0393  |
| loss_v                | 0.00103  |
| lr                    | 0.001    |
| misc/nupdates         | 729      |
| misc/serial_timesteps | 2.99e+06 |
| misc/time_elapsed     | 542      |
| misc/total_timesteps  | 2.99e+06 |
| ratio_max             | 3.55     |
| ratio_min             | 0.216    |
| ret_avg               | 0.417    |
| ret_max               | 0.496    |
| ret_med               | 0.452    |
| ret_min               | -2.59    |
| ret_var               | 0.0837   |
------------------------------------
------------------------------------
| action_max            | 14       |
| action_min            | 0        |
| adv_avg               | -2.61    |
| adv_max               | -2.34    |
| adv_med               | -2.61    |
| adv_min               | -2.89    |
| adv_var               | 0.00153  |
| clipfrac              | 0.199    |
| curr_lr               | 0.001    |
| entropy               | 0.682    |
| eplenmean             | 14.1     |
| eprewmean             | 9        |
| fps                   | 5.46e+03 |
| grad_norm             | 0.495    |
| kl                    | 0.0424   |
| loss_pi               | -0.0471  |
| loss_v                | 0.000777 |
| lr                    | 0.001    |
| misc/nupdates         | 739      |
| misc/serial_timesteps | 3.03e+06 |
| misc/time_elapsed     | 550      |
| misc/total_timesteps  | 3.03e+06 |
| ratio_max             | 2.51     |
| ratio_min             | 0.0647   |
| ret_avg               | 0.427    |
| ret_max               | 0.507    |
| ret_med               | 0.447    |
| ret_min               | -2.61    |
| ret_var               | 0.053    |
------------------------------------
------------------------------------
| action_max            | 14       |
| action_min            | 0        |
| adv_avg               | -2.63    |
| adv_max               | -2.43    |
| adv_med               | -2.63    |
| adv_min               | -2.84    |
| adv_var               | 0.000685 |
| clipfrac              | 0.285    |
| curr_lr               | 0.001    |
| entropy               | 0.725    |
| eplenmean             | 13.9     |
| eprewmean             | 8.8      |
| fps                   | 5.46e+03 |
| grad_norm             | 0.359    |
| kl                    | 0.0393   |
| loss_pi               | -0.032   |
| loss_v                | 0.000866 |
| lr                    | 0.001    |
| misc/nupdates         | 749      |
| misc/serial_timesteps | 3.07e+06 |
| misc/time_elapsed     | 557      |
| misc/total_timesteps  | 3.07e+06 |
| ratio_max             | 2.21     |
| ratio_min             | 0.142    |
| ret_avg               | 0.419    |
| ret_max               | 0.503    |
| ret_med               | 0.448    |
| ret_min               | -2.63    |
| ret_var               | 0.0786   |
------------------------------------
------------------------------------
| action_max            | 14       |
| action_min            | 0        |
| adv_avg               | -2.65    |
| adv_max               | -2.49    |
| adv_med               | -2.65    |
| adv_min               | -2.79    |
| adv_var               | 0.000739 |
| clipfrac              | 0.248    |
| curr_lr               | 0.001    |
| entropy               | 0.714    |
| eplenmean             | 13.9     |
| eprewmean             | 9.3      |
| fps                   | 5.42e+03 |
| grad_norm             | 0.405    |
| kl                    | 0.0324   |
| loss_pi               | -0.041   |
| loss_v                | 0.000755 |
| lr                    | 0.001    |
| misc/nupdates         | 759      |
| misc/serial_timesteps | 3.11e+06 |
| misc/time_elapsed     | 565      |
| misc/total_timesteps  | 3.11e+06 |
| ratio_max             | 6.03     |
| ratio_min             | 0.238    |
| ret_avg               | 0.418    |
| ret_max               | 0.481    |
| ret_med               | 0.444    |
| ret_min               | -2.65    |
| ret_var               | 0.0679   |
------------------------------------
------------------------------------
| action_max            | 14       |
| action_min            | 0        |
| adv_avg               | -2.67    |
| adv_max               | -2.51    |
| adv_med               | -2.67    |
| adv_min               | -2.8     |
| adv_var               | 0.000554 |
| clipfrac              | 0.201    |
| curr_lr               | 0.001    |
| entropy               | 0.644    |
| eplenmean             | 13.6     |
| eprewmean             | 9.2      |
| fps                   | 5.41e+03 |
| grad_norm             | 0.916    |
| kl                    | 0.0362   |
| loss_pi               | -0.0312  |
| loss_v                | 0.000475 |
| lr                    | 0.001    |
| misc/nupdates         | 769      |
| misc/serial_timesteps | 3.15e+06 |
| misc/time_elapsed     | 572      |
| misc/total_timesteps  | 3.15e+06 |
| ratio_max             | 3.43     |
| ratio_min             | 0.0741   |
| ret_avg               | 0.414    |
| ret_max               | 0.479    |
| ret_med               | 0.441    |
| ret_min               | -2.67    |
| ret_var               | 0.0732   |
------------------------------------
------------------------------------
| action_max            | 14       |
| action_min            | 0        |
| adv_avg               | -2.69    |
| adv_max               | -2.49    |
| adv_med               | -2.69    |
| adv_min               | -2.92    |
| adv_var               | 0.000801 |
| clipfrac              | 0.215    |
| curr_lr               | 0.001    |
| entropy               | 0.741    |
| eplenmean             | 15.1     |
| eprewmean             | 9.2      |
| fps                   | 5.49e+03 |
| grad_norm             | 0.475    |
| kl                    | 0.034    |
| loss_pi               | -0.0364  |
| loss_v                | 0.000886 |
| lr                    | 0.001    |
| misc/nupdates         | 779      |
| misc/serial_timesteps | 3.19e+06 |
| misc/time_elapsed     | 580      |
| misc/total_timesteps  | 3.19e+06 |
| ratio_max             | 3.96     |
| ratio_min             | 0.294    |
| ret_avg               | 0.404    |
| ret_max               | 0.503    |
| ret_med               | 0.437    |
| ret_min               | -2.69    |
| ret_var               | 0.0926   |
------------------------------------
------------------------------------
| action_max            | 14       |
| action_min            | 0        |
| adv_avg               | -2.71    |
| adv_max               | -2.41    |
| adv_med               | -2.71    |
| adv_min               | -2.88    |
| adv_var               | 0.000813 |
| clipfrac              | 0.227    |
| curr_lr               | 0.001    |
| entropy               | 0.745    |
| eplenmean             | 15.1     |
| eprewmean             | 9        |
| fps                   | 5.65e+03 |
| grad_norm             | 0.491    |
| kl                    | 0.0457   |
| loss_pi               | -0.0406  |
| loss_v                | 0.000901 |
| lr                    | 0.001    |
| misc/nupdates         | 789      |
| misc/serial_timesteps | 3.24e+06 |
| misc/time_elapsed     | 587      |
| misc/total_timesteps  | 3.24e+06 |
| ratio_max             | 2.18     |
| ratio_min             | 0.0384   |
| ret_avg               | 0.412    |
| ret_max               | 0.503    |
| ret_med               | 0.439    |
| ret_min               | -2.71    |
| ret_var               | 0.0795   |
------------------------------------
------------------------------------
| action_max            | 14       |
| action_min            | 0        |
| adv_avg               | -2.72    |
| adv_max               | -2.37    |
| adv_med               | -2.72    |
| adv_min               | -3.01    |
| adv_var               | 0.00122  |
| clipfrac              | 0.213    |
| curr_lr               | 0.001    |
| entropy               | 0.623    |
| eplenmean             | 15.2     |
| eprewmean             | 9.2      |
| fps                   | 5.74e+03 |
| grad_norm             | 0.464    |
| kl                    | 0.0369   |
| loss_pi               | -0.0374  |
| loss_v                | 0.00107  |
| lr                    | 0.001    |
| misc/nupdates         | 799      |
| misc/serial_timesteps | 3.28e+06 |
| misc/time_elapsed     | 595      |
| misc/total_timesteps  | 3.28e+06 |
| ratio_max             | 9.02     |
| ratio_min             | 0.00692  |
| ret_avg               | 0.41     |
| ret_max               | 0.486    |
| ret_med               | 0.43     |
| ret_min               | -2.72    |
| ret_var               | 0.0492   |
------------------------------------
------------------------------------
| action_max            | 14       |
| action_min            | 0        |
| adv_avg               | -2.74    |
| adv_max               | -2.53    |
| adv_med               | -2.74    |
| adv_min               | -2.89    |
| adv_var               | 0.000646 |
| clipfrac              | 0.227    |
| curr_lr               | 0.001    |
| entropy               | 0.593    |
| eplenmean             | 13.2     |
| eprewmean             | 8.6      |
| fps                   | 5.62e+03 |
| grad_norm             | 0.587    |
| kl                    | 0.0361   |
| loss_pi               | -0.0181  |
| loss_v                | 0.000434 |
| lr                    | 0.001    |
| misc/nupdates         | 809      |
| misc/serial_timesteps | 3.32e+06 |
| misc/time_elapsed     | 602      |
| misc/total_timesteps  | 3.32e+06 |
| ratio_max             | 2.92     |
| ratio_min             | 0.167    |
| ret_avg               | 0.396    |
| ret_max               | 0.466    |
| ret_med               | 0.43     |
| ret_min               | -2.74    |
| ret_var               | 0.093    |
------------------------------------
------------------------------------
| action_max            | 14       |
| action_min            | 0        |
| adv_avg               | -2.76    |
| adv_max               | -2.47    |
| adv_med               | -2.76    |
| adv_min               | -2.97    |
| adv_var               | 0.00082  |
| clipfrac              | 0.205    |
| curr_lr               | 0.001    |
| entropy               | 0.538    |
| eplenmean             | 12.8     |
| eprewmean             | 9.3      |
| fps                   | 5.48e+03 |
| grad_norm             | 0.683    |
| kl                    | 0.0379   |
| loss_pi               | -0.00431 |
| loss_v                | 0.000727 |
| lr                    | 0.001    |
| misc/nupdates         | 819      |
| misc/serial_timesteps | 3.36e+06 |
| misc/time_elapsed     | 609      |
| misc/total_timesteps  | 3.36e+06 |
| ratio_max             | 3.26     |
| ratio_min             | 0.209    |
| ret_avg               | 0.402    |
| ret_max               | 0.493    |
| ret_med               | 0.429    |
| ret_min               | -2.76    |
| ret_var               | 0.0745   |
------------------------------------
------------------------------------
| action_max            | 14       |
| action_min            | 0        |
| adv_avg               | -2.77    |
| adv_max               | -2.47    |
| adv_med               | -2.77    |
| adv_min               | -3.08    |
| adv_var               | 0.00117  |
| clipfrac              | 0.203    |
| curr_lr               | 0.001    |
| entropy               | 0.618    |
| eplenmean             | 14       |
| eprewmean             | 9        |
| fps                   | 5.44e+03 |
| grad_norm             | 0.466    |
| kl                    | 0.0299   |
| loss_pi               | -0.0205  |
| loss_v                | 0.00102  |
| lr                    | 0.001    |
| misc/nupdates         | 829      |
| misc/serial_timesteps | 3.4e+06  |
| misc/time_elapsed     | 617      |
| misc/total_timesteps  | 3.4e+06  |
| ratio_max             | 8.33     |
| ratio_min             | 0.119    |
| ret_avg               | 0.386    |
| ret_max               | 0.468    |
| ret_med               | 0.416    |
| ret_min               | -2.78    |
| ret_var               | 0.0849   |
------------------------------------
------------------------------------
| action_max            | 14       |
| action_min            | 0        |
| adv_avg               | -2.8     |
| adv_max               | -2.03    |
| adv_med               | -2.8     |
| adv_min               | -3.04    |
| adv_var               | 0.00119  |
| clipfrac              | 0.23     |
| curr_lr               | 0.001    |
| entropy               | 0.645    |
| eplenmean             | 14       |
| eprewmean             | 8.7      |
| fps                   | 5.41e+03 |
| grad_norm             | 0.499    |
| kl                    | 0.0401   |
| loss_pi               | -0.0376  |
| loss_v                | 0.000655 |
| lr                    | 0.001    |
| misc/nupdates         | 839      |
| misc/serial_timesteps | 3.44e+06 |
| misc/time_elapsed     | 625      |
| misc/total_timesteps  | 3.44e+06 |
| ratio_max             | 2.16     |
| ratio_min             | 0.0925   |
| ret_avg               | 0.394    |
| ret_max               | 0.479    |
| ret_med               | 0.425    |
| ret_min               | -2.8     |
| ret_var               | 0.0859   |
------------------------------------
------------------------------------
| action_max            | 14       |
| action_min            | 0        |
| adv_avg               | -2.82    |
| adv_max               | -2.58    |
| adv_med               | -2.82    |
| adv_min               | -3.07    |
| adv_var               | 0.00079  |
| clipfrac              | 0.18     |
| curr_lr               | 0.001    |
| entropy               | 0.579    |
| eplenmean             | 12       |
| eprewmean             | 9.3      |
| fps                   | 5.63e+03 |
| grad_norm             | 0.383    |
| kl                    | 0.0332   |
| loss_pi               | -0.0238  |
| loss_v                | 0.000548 |
| lr                    | 0.001    |
| misc/nupdates         | 849      |
| misc/serial_timesteps | 3.48e+06 |
| misc/time_elapsed     | 632      |
| misc/total_timesteps  | 3.48e+06 |
| ratio_max             | 3.32     |
| ratio_min             | 0.0122   |
| ret_avg               | 0.395    |
| ret_max               | 0.469    |
| ret_med               | 0.422    |
| ret_min               | -2.81    |
| ret_var               | 0.0741   |
------------------------------------
------------------------------------
| action_max            | 14       |
| action_min            | 0        |
| adv_avg               | -2.82    |
| adv_max               | -2.52    |
| adv_med               | -2.82    |
| adv_min               | -3.03    |
| adv_var               | 0.0014   |
| clipfrac              | 0.209    |
| curr_lr               | 0.001    |
| entropy               | 0.631    |
| eplenmean             | 13.8     |
| eprewmean             | 9.2      |
| fps                   | 5.44e+03 |
| grad_norm             | 0.432    |
| kl                    | 0.0323   |
| loss_pi               | -0.0331  |
| loss_v                | 0.000932 |
| lr                    | 0.001    |
| misc/nupdates         | 859      |
| misc/serial_timesteps | 3.52e+06 |
| misc/time_elapsed     | 639      |
| misc/total_timesteps  | 3.52e+06 |
| ratio_max             | 2.98     |
| ratio_min             | 0.227    |
| ret_avg               | 0.375    |
| ret_max               | 0.453    |
| ret_med               | 0.407    |
| ret_min               | -2.83    |
| ret_var               | 0.0643   |
------------------------------------
------------------------------------
| action_max            | 14       |
| action_min            | 0        |
| adv_avg               | -2.84    |
| adv_max               | -2.43    |
| adv_med               | -2.84    |
| adv_min               | -3       |
| adv_var               | 0.00086  |
| clipfrac              | 0.279    |
| curr_lr               | 0.001    |
| entropy               | 0.645    |
| eplenmean             | 12.1     |
| eprewmean             | 9        |
| fps                   | 5.45e+03 |
| grad_norm             | 0.448    |
| kl                    | 0.0558   |
| loss_pi               | -0.0282  |
| loss_v                | 0.000775 |
| lr                    | 0.001    |
| misc/nupdates         | 869      |
| misc/serial_timesteps | 3.56e+06 |
| misc/time_elapsed     | 647      |
| misc/total_timesteps  | 3.56e+06 |
| ratio_max             | 3.79     |
| ratio_min             | 0.174    |
| ret_avg               | 0.387    |
| ret_max               | 0.511    |
| ret_med               | 0.415    |
| ret_min               | -2.85    |
| ret_var               | 0.0755   |
------------------------------------
------------------------------------
| action_max            | 14       |
| action_min            | 0        |
| adv_avg               | -2.87    |
| adv_max               | -2.42    |
| adv_med               | -2.86    |
| adv_min               | -5.49    |
| adv_var               | 0.0183   |
| clipfrac              | 0.17     |
| curr_lr               | 0.001    |
| entropy               | 0.615    |
| eplenmean             | 21.1     |
| eprewmean             | 8.6      |
| fps                   | 5.41e+03 |
| grad_norm             | 0.467    |
| kl                    | 0.0241   |
| loss_pi               | -0.0202  |
| loss_v                | 0.0126   |
| lr                    | 0.001    |
| misc/nupdates         | 879      |
| misc/serial_timesteps | 3.6e+06  |
| misc/time_elapsed     | 655      |
| misc/total_timesteps  | 3.6e+06  |
| ratio_max             | 3.71     |
| ratio_min             | 0.0807   |
| ret_avg               | 0.316    |
| ret_max               | 0.447    |
| ret_med               | 0.404    |
| ret_min               | -2.86    |
| ret_var               | 0.164    |
------------------------------------
------------------------------------
| action_max            | 14       |
| action_min            | 0        |
| adv_avg               | -2.88    |
| adv_max               | -2.63    |
| adv_med               | -2.88    |
| adv_min               | -3.09    |
| adv_var               | 0.00126  |
| clipfrac              | 0.309    |
| curr_lr               | 0.001    |
| entropy               | 0.695    |
| eplenmean             | 14.6     |
| eprewmean             | 8.8      |
| fps                   | 5.47e+03 |
| grad_norm             | 0.378    |
| kl                    | 0.2      |
| loss_pi               | -0.0374  |
| loss_v                | 0.00124  |
| lr                    | 0.001    |
| misc/nupdates         | 889      |
| misc/serial_timesteps | 3.65e+06 |
| misc/time_elapsed     | 662      |
| misc/total_timesteps  | 3.65e+06 |
| ratio_max             | 4.22     |
| ratio_min             | 0.0523   |
| ret_avg               | 0.37     |
| ret_max               | 0.567    |
| ret_med               | 0.401    |
| ret_min               | -2.88    |
| ret_var               | 0.0796   |
------------------------------------
------------------------------------
| action_max            | 14       |
| action_min            | 0        |
| adv_avg               | -2.89    |
| adv_max               | -2.62    |
| adv_med               | -2.89    |
| adv_min               | -3.03    |
| adv_var               | 0.000668 |
| clipfrac              | 0.223    |
| curr_lr               | 0.001    |
| entropy               | 0.625    |
| eplenmean             | 13.7     |
| eprewmean             | 8.8      |
| fps                   | 5.6e+03  |
| grad_norm             | 0.538    |
| kl                    | 0.0326   |
| loss_pi               | -0.0334  |
| loss_v                | 0.000714 |
| lr                    | 0.001    |
| misc/nupdates         | 899      |
| misc/serial_timesteps | 3.69e+06 |
| misc/time_elapsed     | 670      |
| misc/total_timesteps  | 3.69e+06 |
| ratio_max             | 6.21     |
| ratio_min             | 0.148    |
| ret_avg               | 0.375    |
| ret_max               | 0.484    |
| ret_med               | 0.403    |
| ret_min               | -2.9     |
| ret_var               | 0.08     |
------------------------------------
------------------------------------
| action_max            | 14       |
| action_min            | 0        |
| adv_avg               | -2.91    |
| adv_max               | -2.49    |
| adv_med               | -2.91    |
| adv_min               | -3.1     |
| adv_var               | 0.00118  |
| clipfrac              | 0.256    |
| curr_lr               | 0.001    |
| entropy               | 0.754    |
| eplenmean             | 14.3     |
| eprewmean             | 8.9      |
| fps                   | 5.45e+03 |
| grad_norm             | 0.503    |
| kl                    | 0.0359   |
| loss_pi               | -0.0319  |
| loss_v                | 0.00121  |
| lr                    | 0.001    |
| misc/nupdates         | 909      |
| misc/serial_timesteps | 3.73e+06 |
| misc/time_elapsed     | 677      |
| misc/total_timesteps  | 3.73e+06 |
| ratio_max             | 4.59     |
| ratio_min             | 0.241    |
| ret_avg               | 0.379    |
| ret_max               | 0.507    |
| ret_med               | 0.405    |
| ret_min               | -2.91    |
| ret_var               | 0.0702   |
------------------------------------
------------------------------------
| action_max            | 14       |
| action_min            | 0        |
| adv_avg               | -2.93    |
| adv_max               | -2.71    |
| adv_med               | -2.93    |
| adv_min               | -3.14    |
| adv_var               | 0.0008   |
| clipfrac              | 0.203    |
| curr_lr               | 0.001    |
| entropy               | 0.672    |
| eplenmean             | 13.5     |
| eprewmean             | 9.4      |
| fps                   | 5.41e+03 |
| grad_norm             | 0.389    |
| kl                    | 0.0479   |
| loss_pi               | -0.0289  |
| loss_v                | 0.000596 |
| lr                    | 0.001    |
| misc/nupdates         | 919      |
| misc/serial_timesteps | 3.77e+06 |
| misc/time_elapsed     | 685      |
| misc/total_timesteps  | 3.77e+06 |
| ratio_max             | 8.41     |
| ratio_min             | 0.00493  |
| ret_avg               | 0.375    |
| ret_max               | 0.489    |
| ret_med               | 0.405    |
| ret_min               | -2.93    |
| ret_var               | 0.0789   |
------------------------------------
------------------------------------
| action_max            | 14       |
| action_min            | 0        |
| adv_avg               | -2.95    |
| adv_max               | -2.78    |
| adv_med               | -2.95    |
| adv_min               | -3.1     |
| adv_var               | 0.000489 |
| clipfrac              | 0.197    |
| curr_lr               | 0.001    |
| entropy               | 0.686    |
| eplenmean             | 14.7     |
| eprewmean             | 9.3      |
| fps                   | 5.49e+03 |
| grad_norm             | 0.705    |
| kl                    | 0.0328   |
| loss_pi               | -0.00797 |
| loss_v                | 0.000753 |
| lr                    | 0.001    |
| misc/nupdates         | 929      |
| misc/serial_timesteps | 3.81e+06 |
| misc/time_elapsed     | 692      |
| misc/total_timesteps  | 3.81e+06 |
| ratio_max             | 4.88     |
| ratio_min             | 0.146    |
| ret_avg               | 0.381    |
| ret_max               | 0.482    |
| ret_med               | 0.402    |
| ret_min               | -2.95    |
| ret_var               | 0.0551   |
------------------------------------
------------------------------------
| action_max            | 14       |
| action_min            | 0        |
| adv_avg               | -2.96    |
| adv_max               | -2.69    |
| adv_med               | -2.97    |
| adv_min               | -3.16    |
| adv_var               | 0.000922 |
| clipfrac              | 0.293    |
| curr_lr               | 0.001    |
| entropy               | 0.693    |
| eplenmean             | 16.1     |
| eprewmean             | 9.4      |
| fps                   | 5.46e+03 |
| grad_norm             | 0.65     |
| kl                    | 0.0378   |
| loss_pi               | -0.0462  |
| loss_v                | 0.000605 |
| lr                    | 0.001    |
| misc/nupdates         | 939      |
| misc/serial_timesteps | 3.85e+06 |
| misc/time_elapsed     | 700      |
| misc/total_timesteps  | 3.85e+06 |
| ratio_max             | 8.17     |
| ratio_min             | 0.161    |
| ret_avg               | 0.375    |
| ret_max               | 0.439    |
| ret_med               | 0.396    |
| ret_min               | -2.96    |
| ret_var               | 0.061    |
------------------------------------
------------------------------------
| action_max            | 14       |
| action_min            | 0        |
| adv_avg               | -2.98    |
| adv_max               | -2.76    |
| adv_med               | -2.98    |
| adv_min               | -3.18    |
| adv_var               | 0.000814 |
| clipfrac              | 0.215    |
| curr_lr               | 0.001    |
| entropy               | 0.67     |
| eplenmean             | 12.7     |
| eprewmean             | 8.9      |
| fps                   | 5.63e+03 |
| grad_norm             | 0.442    |
| kl                    | 0.0309   |
| loss_pi               | -0.0422  |
| loss_v                | 0.000598 |
| lr                    | 0.001    |
| misc/nupdates         | 949      |
| misc/serial_timesteps | 3.89e+06 |
| misc/time_elapsed     | 707      |
| misc/total_timesteps  | 3.89e+06 |
| ratio_max             | 2.29     |
| ratio_min             | 0.103    |
| ret_avg               | 0.364    |
| ret_max               | 0.437    |
| ret_med               | 0.392    |
| ret_min               | -2.98    |
| ret_var               | 0.0807   |
------------------------------------
------------------------------------
| action_max            | 14       |
| action_min            | 0        |
| adv_avg               | -3       |
| adv_max               | -2.82    |
| adv_med               | -3       |
| adv_min               | -3.15    |
| adv_var               | 0.00056  |
| clipfrac              | 0.248    |
| curr_lr               | 0.001    |
| entropy               | 0.706    |
| eplenmean             | 12.2     |
| eprewmean             | 9        |
| fps                   | 5.43e+03 |
| grad_norm             | 0.553    |
| kl                    | 0.0414   |
| loss_pi               | -0.0243  |
| loss_v                | 0.000551 |
| lr                    | 0.001    |
| misc/nupdates         | 959      |
| misc/serial_timesteps | 3.93e+06 |
| misc/time_elapsed     | 714      |
| misc/total_timesteps  | 3.93e+06 |
| ratio_max             | 5.67     |
| ratio_min             | 0.229    |
| ret_avg               | 0.372    |
| ret_max               | 0.449    |
| ret_med               | 0.396    |
| ret_min               | -3       |
| ret_var               | 0.0649   |
------------------------------------
------------------------------------
| action_max            | 14       |
| action_min            | 0        |
| adv_avg               | -3.01    |
| adv_max               | -2.85    |
| adv_med               | -3.01    |
| adv_min               | -3.14    |
| adv_var               | 0.000442 |
| clipfrac              | 0.24     |
| curr_lr               | 0.001    |
| entropy               | 0.742    |
| eplenmean             | 14.8     |
| eprewmean             | 8.9      |
| fps                   | 5.69e+03 |
| grad_norm             | 0.529    |
| kl                    | 0.042    |
| loss_pi               | -0.0205  |
| loss_v                | 0.000638 |
| lr                    | 0.001    |
| misc/nupdates         | 969      |
| misc/serial_timesteps | 3.97e+06 |
| misc/time_elapsed     | 722      |
| misc/total_timesteps  | 3.97e+06 |
| ratio_max             | 4.32     |
| ratio_min             | 0.17     |
| ret_avg               | 0.365    |
| ret_max               | 0.448    |
| ret_med               | 0.39     |
| ret_min               | -3.01    |
| ret_var               | 0.0681   |
------------------------------------
------------------------------------
| action_max            | 14       |
| action_min            | 0        |
| adv_avg               | -3.03    |
| adv_max               | -2.83    |
| adv_med               | -3.03    |
| adv_min               | -3.22    |
| adv_var               | 0.000531 |
| clipfrac              | 0.242    |
| curr_lr               | 0.001    |
| entropy               | 0.681    |
| eplenmean             | 12.4     |
| eprewmean             | 8.8      |
| fps                   | 5.67e+03 |
| grad_norm             | 0.458    |
| kl                    | 0.037    |
| loss_pi               | -0.0269  |
| loss_v                | 0.000615 |
| lr                    | 0.001    |
| misc/nupdates         | 979      |
| misc/serial_timesteps | 4.01e+06 |
| misc/time_elapsed     | 729      |
| misc/total_timesteps  | 4.01e+06 |
| ratio_max             | 16.8     |
| ratio_min             | 0.141    |
| ret_avg               | 0.351    |
| ret_max               | 0.424    |
| ret_med               | 0.385    |
| ret_min               | -3.03    |
| ret_var               | 0.105    |
------------------------------------
------------------------------------
| action_max            | 14       |
| action_min            | 0        |
| adv_avg               | -3.04    |
| adv_max               | -2.83    |
| adv_med               | -3.04    |
| adv_min               | -3.31    |
| adv_var               | 0.000952 |
| clipfrac              | 0.227    |
| curr_lr               | 0.001    |
| entropy               | 0.775    |
| eplenmean             | 16.4     |
| eprewmean             | 9.6      |
| fps                   | 5.71e+03 |
| grad_norm             | 0.485    |
| kl                    | 0.0304   |
| loss_pi               | -0.0306  |
| loss_v                | 0.000435 |
| lr                    | 0.001    |
| misc/nupdates         | 989      |
| misc/serial_timesteps | 4.06e+06 |
| misc/time_elapsed     | 736      |
| misc/total_timesteps  | 4.06e+06 |
| ratio_max             | 4.56     |
| ratio_min             | 0.184    |
| ret_avg               | 0.35     |
| ret_max               | 0.44     |
| ret_med               | 0.38     |
| ret_min               | -3.04    |
| ret_var               | 0.063    |
------------------------------------
------------------------------------
| action_max            | 14       |
| action_min            | 0        |
| adv_avg               | -3.05    |
| adv_max               | -2.77    |
| adv_med               | -3.05    |
| adv_min               | -3.26    |
| adv_var               | 0.00103  |
| clipfrac              | 0.246    |
| curr_lr               | 0.001    |
| entropy               | 0.727    |
| eplenmean             | 12.7     |
| eprewmean             | 9        |
| fps                   | 5.49e+03 |
| grad_norm             | 0.613    |
| kl                    | 0.0458   |
| loss_pi               | -0.0442  |
| loss_v                | 0.000841 |
| lr                    | 0.001    |
| misc/nupdates         | 999      |
| misc/serial_timesteps | 4.1e+06  |
| misc/time_elapsed     | 744      |
| misc/total_timesteps  | 4.1e+06  |
| ratio_max             | 7.94     |
| ratio_min             | 0.0979   |
| ret_avg               | 0.35     |
| ret_max               | 0.442    |
| ret_med               | 0.375    |
| ret_min               | -3.06    |
| ret_var               | 0.0673   |
------------------------------------
------------------------------------
| action_max            | 14       |
| action_min            | 0        |
| adv_avg               | -3.07    |
| adv_max               | -2.83    |
| adv_med               | -3.07    |
| adv_min               | -3.27    |
| adv_var               | 0.000755 |
| clipfrac              | 0.264    |
| curr_lr               | 0.001    |
| entropy               | 0.725    |
| eplenmean             | 12.2     |
| eprewmean             | 8.8      |
| fps                   | 5.46e+03 |
| grad_norm             | 0.489    |
| kl                    | 0.0369   |
| loss_pi               | -0.0289  |
| loss_v                | 0.00069  |
| lr                    | 0.001    |
| misc/nupdates         | 1.01e+03 |
| misc/serial_timesteps | 4.14e+06 |
| misc/time_elapsed     | 751      |
| misc/total_timesteps  | 4.14e+06 |
| ratio_max             | 2.89     |
| ratio_min             | 0.117    |
| ret_avg               | 0.344    |
| ret_max               | 0.428    |
| ret_med               | 0.376    |
| ret_min               | -3.08    |
| ret_var               | 0.0934   |
------------------------------------
------------------------------------
| action_max            | 14       |
| action_min            | 0        |
| adv_avg               | -3.09    |
| adv_max               | -2.92    |
| adv_med               | -3.09    |
| adv_min               | -3.28    |
| adv_var               | 0.000594 |
| clipfrac              | 0.293    |
| curr_lr               | 0.001    |
| entropy               | 0.696    |
| eplenmean             | 14.3     |
| eprewmean             | 9        |
| fps                   | 5.43e+03 |
| grad_norm             | 0.524    |
| kl                    | 0.0422   |
| loss_pi               | -0.0308  |
| loss_v                | 0.000613 |
| lr                    | 0.001    |
| misc/nupdates         | 1.02e+03 |
| misc/serial_timesteps | 4.18e+06 |
| misc/time_elapsed     | 759      |
| misc/total_timesteps  | 4.18e+06 |
| ratio_max             | 2.62     |
| ratio_min             | 0.271    |
| ret_avg               | 0.362    |
| ret_max               | 0.417    |
| ret_med               | 0.38     |
| ret_min               | -3.09    |
| ret_var               | 0.0534   |
------------------------------------
------------------------------------
| action_max            | 14       |
| action_min            | 0        |
| adv_avg               | -3.12    |
| adv_max               | -2.53    |
| adv_med               | -3.11    |
| adv_min               | -6.21    |
| adv_var               | 0.0284   |
| clipfrac              | 0.207    |
| curr_lr               | 0.001    |
| entropy               | 0.638    |
| eplenmean             | 12.9     |
| eprewmean             | 9.3      |
| fps                   | 5.49e+03 |
| grad_norm             | 0.248    |
| kl                    | 0.0304   |
| loss_pi               | -0.0193  |
| loss_v                | 0.0353   |
| lr                    | 0.001    |
| misc/nupdates         | 1.03e+03 |
| misc/serial_timesteps | 4.22e+06 |
| misc/time_elapsed     | 766      |
| misc/total_timesteps  | 4.22e+06 |
| ratio_max             | 5.95     |
| ratio_min             | 0.021    |
| ret_avg               | 0.34     |
| ret_max               | 0.708    |
| ret_med               | 0.377    |
| ret_min               | -3.11    |
| ret_var               | 0.103    |
------------------------------------
------------------------------------
| action_max            | 14       |
| action_min            | 0        |
| adv_avg               | -3.13    |
| adv_max               | -2.75    |
| adv_med               | -3.12    |
| adv_min               | -3.48    |
| adv_var               | 0.00134  |
| clipfrac              | 0.256    |
| curr_lr               | 0.001    |
| entropy               | 0.675    |
| eplenmean             | 14.4     |
| eprewmean             | 8.7      |
| fps                   | 5.43e+03 |
| grad_norm             | 0.422    |
| kl                    | 0.0468   |
| loss_pi               | -0.0376  |
| loss_v                | 0.000919 |
| lr                    | 0.001    |
| misc/nupdates         | 1.04e+03 |
| misc/serial_timesteps | 4.26e+06 |
| misc/time_elapsed     | 774      |
| misc/total_timesteps  | 4.26e+06 |
| ratio_max             | 3.75     |
| ratio_min             | 0.0318   |
| ret_avg               | 0.347    |
| ret_max               | 0.423    |
| ret_med               | 0.379    |
| ret_min               | -3.12    |
| ret_var               | 0.0958   |
------------------------------------
------------------------------------
| action_max            | 14       |
| action_min            | 0        |
| adv_avg               | -3.14    |
| adv_max               | -2.83    |
| adv_med               | -3.14    |
| adv_min               | -3.34    |
| adv_var               | 0.00112  |
| clipfrac              | 0.238    |
| curr_lr               | 0.001    |
| entropy               | 0.716    |
| eplenmean             | 13.8     |
| eprewmean             | 9.5      |
| fps                   | 5.46e+03 |
| grad_norm             | 0.342    |
| kl                    | 0.0344   |
| loss_pi               | -0.0348  |
| loss_v                | 0.00128  |
| lr                    | 0.001    |
| misc/nupdates         | 1.05e+03 |
| misc/serial_timesteps | 4.3e+06  |
| misc/time_elapsed     | 781      |
| misc/total_timesteps  | 4.3e+06  |
| ratio_max             | 5.16     |
| ratio_min             | 0.0586   |
| ret_avg               | 0.355    |
| ret_max               | 0.455    |
| ret_med               | 0.378    |
| ret_min               | -3.14    |
| ret_var               | 0.0637   |
------------------------------------
------------------------------------
| action_max            | 14       |
| action_min            | 0        |
| adv_avg               | -3.16    |
| adv_max               | -2.9     |
| adv_med               | -3.16    |
| adv_min               | -3.51    |
| adv_var               | 0.00282  |
| clipfrac              | 0.254    |
| curr_lr               | 0.001    |
| entropy               | 0.711    |
| eplenmean             | 15.8     |
| eprewmean             | 9.4      |
| fps                   | 5.44e+03 |
| grad_norm             | 0.367    |
| kl                    | 0.0485   |
| loss_pi               | -0.0459  |
| loss_v                | 0.0013   |
| lr                    | 0.001    |
| misc/nupdates         | 1.06e+03 |
| misc/serial_timesteps | 4.34e+06 |
| misc/time_elapsed     | 789      |
| misc/total_timesteps  | 4.34e+06 |
| ratio_max             | 9.45     |
| ratio_min             | 0.0709   |
| ret_avg               | 0.343    |
| ret_max               | 0.484    |
| ret_med               | 0.367    |
| ret_min               | -3.15    |
| ret_var               | 0.082    |
------------------------------------
------------------------------------
| action_max            | 14       |
| action_min            | 0        |
| adv_avg               | -3.17    |
| adv_max               | -2.75    |
| adv_med               | -3.17    |
| adv_min               | -3.37    |
| adv_var               | 0.00112  |
| clipfrac              | 0.193    |
| curr_lr               | 0.001    |
| entropy               | 0.545    |
| eplenmean             | 14.7     |
| eprewmean             | 8.4      |
| fps                   | 5.43e+03 |
| grad_norm             | 0.534    |
| kl                    | 0.0322   |
| loss_pi               | -0.0299  |
| loss_v                | 0.000713 |
| lr                    | 0.001    |
| misc/nupdates         | 1.07e+03 |
| misc/serial_timesteps | 4.38e+06 |
| misc/time_elapsed     | 796      |
| misc/total_timesteps  | 4.38e+06 |
| ratio_max             | 4.11     |
| ratio_min             | 0.199    |
| ret_avg               | 0.335    |
| ret_max               | 0.412    |
| ret_med               | 0.37     |
| ret_min               | -3.17    |
| ret_var               | 0.113    |
------------------------------------
------------------------------------
| action_max            | 14       |
| action_min            | 0        |
| adv_avg               | -3.18    |
| adv_max               | -2.5     |
| adv_med               | -3.18    |
| adv_min               | -3.47    |
| adv_var               | 0.0016   |
| clipfrac              | 0.232    |
| curr_lr               | 0.001    |
| entropy               | 0.62     |
| eplenmean             | 13.3     |
| eprewmean             | 9.1      |
| fps                   | 5.42e+03 |
| grad_norm             | 0.389    |
| kl                    | 0.0359   |
| loss_pi               | -0.0315  |
| loss_v                | 0.000814 |
| lr                    | 0.001    |
| misc/nupdates         | 1.08e+03 |
| misc/serial_timesteps | 4.42e+06 |
| misc/time_elapsed     | 804      |
| misc/total_timesteps  | 4.42e+06 |
| ratio_max             | 9.95     |
| ratio_min             | 0.04     |
| ret_avg               | 0.334    |
| ret_max               | 0.418    |
| ret_med               | 0.367    |
| ret_min               | -3.18    |
| ret_var               | 0.0985   |
------------------------------------
------------------------------------
| action_max            | 14       |
| action_min            | 0        |
| adv_avg               | -3.2     |
| adv_max               | -2.99    |
| adv_med               | -3.19    |
| adv_min               | -3.36    |
| adv_var               | 0.000924 |
| clipfrac              | 0.162    |
| curr_lr               | 0.001    |
| entropy               | 0.485    |
| eplenmean             | 12.9     |
| eprewmean             | 9.1      |
| fps                   | 5.69e+03 |
| grad_norm             | 0.35     |
| kl                    | 0.0341   |
| loss_pi               | -0.0344  |
| loss_v                | 0.000673 |
| lr                    | 0.001    |
| misc/nupdates         | 1.09e+03 |
| misc/serial_timesteps | 4.46e+06 |
| misc/time_elapsed     | 811      |
| misc/total_timesteps  | 4.46e+06 |
| ratio_max             | 3.67     |
| ratio_min             | 0.108    |
| ret_avg               | 0.337    |
| ret_max               | 0.425    |
| ret_med               | 0.369    |
| ret_min               | -3.2     |
| ret_var               | 0.0992   |
------------------------------------
------------------------------------
| action_max            | 14       |
| action_min            | 0        |
| adv_avg               | -3.21    |
| adv_max               | -2.88    |
| adv_med               | -3.21    |
| adv_min               | -3.54    |
| adv_var               | 0.00375  |
| clipfrac              | 0.229    |
| curr_lr               | 0.001    |
| entropy               | 0.586    |
| eplenmean             | 16       |
| eprewmean             | 8.8      |
| fps                   | 5.7e+03  |
| grad_norm             | 0.572    |
| kl                    | 0.0474   |
| loss_pi               | -0.0514  |
| loss_v                | 0.00228  |
| lr                    | 0.001    |
| misc/nupdates         | 1.1e+03  |
| misc/serial_timesteps | 4.51e+06 |
| misc/time_elapsed     | 819      |
| misc/total_timesteps  | 4.51e+06 |
| ratio_max             | 4.06     |
| ratio_min             | 0.0218   |
| ret_avg               | 0.307    |
| ret_max               | 0.456    |
| ret_med               | 0.344    |
| ret_min               | -3.21    |
| ret_var               | 0.0917   |
------------------------------------
------------------------------------
| action_max            | 14       |
| action_min            | 0        |
| adv_avg               | -3.22    |
| adv_max               | -2.97    |
| adv_med               | -3.22    |
| adv_min               | -3.42    |
| adv_var               | 0.00077  |
| clipfrac              | 0.291    |
| curr_lr               | 0.001    |
| entropy               | 0.523    |
| eplenmean             | 13.9     |
| eprewmean             | 8.7      |
| fps                   | 5.46e+03 |
| grad_norm             | 0.51     |
| kl                    | 0.0609   |
| loss_pi               | -0.0256  |
| loss_v                | 0.00063  |
| lr                    | 0.001    |
| misc/nupdates         | 1.11e+03 |
| misc/serial_timesteps | 4.55e+06 |
| misc/time_elapsed     | 826      |
| misc/total_timesteps  | 4.55e+06 |
| ratio_max             | 2.42     |
| ratio_min             | 0.139    |
| ret_avg               | 0.326    |
| ret_max               | 0.431    |
| ret_med               | 0.363    |
| ret_min               | -3.23    |
| ret_var               | 0.122    |
------------------------------------
------------------------------------
| action_max            | 14       |
| action_min            | 0        |
| adv_avg               | -3.24    |
| adv_max               | -2.89    |
| adv_med               | -3.24    |
| adv_min               | -3.43    |
| adv_var               | 0.00113  |
| clipfrac              | 0.191    |
| curr_lr               | 0.001    |
| entropy               | 0.483    |
| eplenmean             | 14.2     |
| eprewmean             | 9        |
| fps                   | 5.42e+03 |
| grad_norm             | 0.401    |
| kl                    | 0.0276   |
| loss_pi               | -0.0166  |
| loss_v                | 0.000841 |
| lr                    | 0.001    |
| misc/nupdates         | 1.12e+03 |
| misc/serial_timesteps | 4.59e+06 |
| misc/time_elapsed     | 834      |
| misc/total_timesteps  | 4.59e+06 |
| ratio_max             | 10       |
| ratio_min             | 0.278    |
| ret_avg               | 0.338    |
| ret_max               | 0.464    |
| ret_med               | 0.367    |
| ret_min               | -3.24    |
| ret_var               | 0.0828   |
------------------------------------
------------------------------------
| action_max            | 14       |
| action_min            | 0        |
| adv_avg               | -3.25    |
| adv_max               | -2.91    |
| adv_med               | -3.25    |
| adv_min               | -3.46    |
| adv_var               | 0.000811 |
| clipfrac              | 0.207    |
| curr_lr               | 0.001    |
| entropy               | 0.529    |
| eplenmean             | 14.8     |
| eprewmean             | 9.1      |
| fps                   | 5.44e+03 |
| grad_norm             | 0.498    |
| kl                    | 0.048    |
| loss_pi               | -0.0252  |
| loss_v                | 0.000535 |
| lr                    | 0.001    |
| misc/nupdates         | 1.13e+03 |
| misc/serial_timesteps | 4.63e+06 |
| misc/time_elapsed     | 841      |
| misc/total_timesteps  | 4.63e+06 |
| ratio_max             | 4.7      |
| ratio_min             | 0.0068   |
| ret_avg               | 0.326    |
| ret_max               | 0.399    |
| ret_med               | 0.355    |
| ret_min               | -3.25    |
| ret_var               | 0.0863   |
------------------------------------
------------------------------------
| action_max            | 14       |
| action_min            | 0        |
| adv_avg               | -3.27    |
| adv_max               | -2.85    |
| adv_med               | -3.27    |
| adv_min               | -6.69    |
| adv_var               | 0.00978  |
| clipfrac              | 0.225    |
| curr_lr               | 0.001    |
| entropy               | 0.693    |
| eplenmean             | 14.9     |
| eprewmean             | 8.8      |
| fps                   | 5.44e+03 |
| grad_norm             | 0.293    |
| kl                    | 0.0394   |
| loss_pi               | -0.0398  |
| loss_v                | 0.00113  |
| lr                    | 0.001    |
| misc/nupdates         | 1.14e+03 |
| misc/serial_timesteps | 4.67e+06 |
| misc/time_elapsed     | 849      |
| misc/total_timesteps  | 4.67e+06 |
| ratio_max             | 5.37     |
| ratio_min             | 0.129    |
| ret_avg               | 0.324    |
| ret_max               | 0.419    |
| ret_med               | 0.362    |
| ret_min               | -3.27    |
| ret_var               | 0.108    |
------------------------------------
------------------------------------
| action_max            | 14       |
| action_min            | 0        |
| adv_avg               | -3.28    |
| adv_max               | -3.08    |
| adv_med               | -3.28    |
| adv_min               | -3.52    |
| adv_var               | 0.000883 |
| clipfrac              | 0.221    |
| curr_lr               | 0.001    |
| entropy               | 0.687    |
| eplenmean             | 13.3     |
| eprewmean             | 8.8      |
| fps                   | 5.42e+03 |
| grad_norm             | 0.417    |
| kl                    | 0.0299   |
| loss_pi               | -0.0331  |
| loss_v                | 0.000689 |
| lr                    | 0.001    |
| misc/nupdates         | 1.15e+03 |
| misc/serial_timesteps | 4.71e+06 |
| misc/time_elapsed     | 856      |
| misc/total_timesteps  | 4.71e+06 |
| ratio_max             | 3        |
| ratio_min             | 0.167    |
| ret_avg               | 0.326    |
| ret_max               | 0.414    |
| ret_med               | 0.362    |
| ret_min               | -3.28    |
| ret_var               | 0.107    |
------------------------------------
------------------------------------
| action_max            | 14       |
| action_min            | 0        |
| adv_avg               | -3.3     |
| adv_max               | -3.11    |
| adv_med               | -3.3     |
| adv_min               | -3.59    |
| adv_var               | 0.0014   |
| clipfrac              | 0.271    |
| curr_lr               | 0.001    |
| entropy               | 0.689    |
| eplenmean             | 14.8     |
| eprewmean             | 8.6      |
| fps                   | 5.26e+03 |
| grad_norm             | 0.547    |
| kl                    | 0.0439   |
| loss_pi               | -0.0365  |
| loss_v                | 0.00116  |
| lr                    | 0.001    |
| misc/nupdates         | 1.16e+03 |
| misc/serial_timesteps | 4.75e+06 |
| misc/time_elapsed     | 864      |
| misc/total_timesteps  | 4.75e+06 |
| ratio_max             | 3.3      |
| ratio_min             | 0.143    |
| ret_avg               | 0.319    |
| ret_max               | 0.412    |
| ret_med               | 0.358    |
| ret_min               | -3.3     |
| ret_var               | 0.105    |
------------------------------------
------------------------------------
| action_max            | 14       |
| action_min            | 0        |
| adv_avg               | -3.31    |
| adv_max               | -3.02    |
| adv_med               | -3.31    |
| adv_min               | -3.49    |
| adv_var               | 0.00093  |
| clipfrac              | 0.232    |
| curr_lr               | 0.001    |
| entropy               | 0.538    |
| eplenmean             | 13.6     |
| eprewmean             | 9.6      |
| fps                   | 5.43e+03 |
| grad_norm             | 0.835    |
| kl                    | 0.0385   |
| loss_pi               | -0.0311  |
| loss_v                | 0.000824 |
| lr                    | 0.001    |
| misc/nupdates         | 1.17e+03 |
| misc/serial_timesteps | 4.79e+06 |
| misc/time_elapsed     | 871      |
| misc/total_timesteps  | 4.79e+06 |
| ratio_max             | 4.3      |
| ratio_min             | 0.089    |
| ret_avg               | 0.329    |
| ret_max               | 0.393    |
| ret_med               | 0.352    |
| ret_min               | -3.31    |
| ret_var               | 0.0629   |
------------------------------------
------------------------------------
| action_max            | 14       |
| action_min            | 0        |
| adv_avg               | -3.33    |
| adv_max               | -3.15    |
| adv_med               | -3.33    |
| adv_min               | -3.5     |
| adv_var               | 0.000541 |
| clipfrac              | 0.225    |
| curr_lr               | 0.001    |
| entropy               | 0.531    |
| eplenmean             | 12       |
| eprewmean             | 8.7      |
| fps                   | 5.68e+03 |
| grad_norm             | 0.407    |
| kl                    | 0.0467   |
| loss_pi               | -0.0335  |
| loss_v                | 0.000437 |
| lr                    | 0.001    |
| misc/nupdates         | 1.18e+03 |
| misc/serial_timesteps | 4.83e+06 |
| misc/time_elapsed     | 879      |
| misc/total_timesteps  | 4.83e+06 |
| ratio_max             | 3.53     |
| ratio_min             | 0.164    |
| ret_avg               | 0.319    |
| ret_max               | 0.392    |
| ret_med               | 0.351    |
| ret_min               | -3.33    |
| ret_var               | 0.102    |
------------------------------------
------------------------------------
| action_max            | 14       |
| action_min            | 0        |
| adv_avg               | -3.34    |
| adv_max               | -3.16    |
| adv_med               | -3.34    |
| adv_min               | -3.55    |
| adv_var               | 0.00112  |
| clipfrac              | 0.277    |
| curr_lr               | 0.001    |
| entropy               | 0.734    |
| eplenmean             | 14       |
| eprewmean             | 9        |
| fps                   | 5.47e+03 |
| grad_norm             | 0.561    |
| kl                    | 0.0402   |
| loss_pi               | -0.0379  |
| loss_v                | 0.000891 |
| lr                    | 0.001    |
| misc/nupdates         | 1.19e+03 |
| misc/serial_timesteps | 4.87e+06 |
| misc/time_elapsed     | 886      |
| misc/total_timesteps  | 4.87e+06 |
| ratio_max             | 2.14     |
| ratio_min             | 0.0189   |
| ret_avg               | 0.32     |
| ret_max               | 0.397    |
| ret_med               | 0.345    |
| ret_min               | -3.34    |
| ret_var               | 0.0769   |
------------------------------------
------------------------------------
| action_max            | 14       |
| action_min            | 0        |
| adv_avg               | -3.35    |
| adv_max               | -3.16    |
| adv_med               | -3.35    |
| adv_min               | -3.46    |
| adv_var               | 0.0007   |
| clipfrac              | 0.203    |
| curr_lr               | 0.001    |
| entropy               | 0.646    |
| eplenmean             | 12.1     |
| eprewmean             | 9.6      |
| fps                   | 5.62e+03 |
| grad_norm             | 0.896    |
| kl                    | 0.0554   |
| loss_pi               | -0.0287  |
| loss_v                | 0.000581 |
| lr                    | 0.001    |
| misc/nupdates         | 1.2e+03  |
| misc/serial_timesteps | 4.92e+06 |
| misc/time_elapsed     | 894      |
| misc/total_timesteps  | 4.92e+06 |
| ratio_max             | 2.3      |
| ratio_min             | 0.0204   |
| ret_avg               | 0.321    |
| ret_max               | 0.428    |
| ret_med               | 0.354    |
| ret_min               | -3.35    |
| ret_var               | 0.101    |
------------------------------------
------------------------------------
| action_max            | 14       |
| action_min            | 0        |
| adv_avg               | -3.39    |
| adv_max               | -2.98    |
| adv_med               | -3.37    |
| adv_min               | -7.12    |
| adv_var               | 0.0308   |
| clipfrac              | 0.209    |
| curr_lr               | 0.001    |
| entropy               | 0.662    |
| eplenmean             | 13.2     |
| eprewmean             | 8.9      |
| fps                   | 5.24e+03 |
| grad_norm             | 0.494    |
| kl                    | 0.0301   |
| loss_pi               | -0.0242  |
| loss_v                | 0.0191   |
| lr                    | 0.001    |
| misc/nupdates         | 1.21e+03 |
| misc/serial_timesteps | 4.96e+06 |
| misc/time_elapsed     | 901      |
| misc/total_timesteps  | 4.96e+06 |
| ratio_max             | 3.91     |
| ratio_min             | 0.0223   |
| ret_avg               | 0.299    |
| ret_max               | 0.395    |
| ret_med               | 0.348    |
| ret_min               | -3.37    |
| ret_var               | 0.135    |
------------------------------------
------------------------------------
| action_max            | 14       |
| action_min            | 0        |
| adv_avg               | -3.38    |
| adv_max               | -2.87    |
| adv_med               | -3.37    |
| adv_min               | -6.15    |
| adv_var               | 0.0174   |
| clipfrac              | 0.133    |
| curr_lr               | 0.001    |
| entropy               | 0.569    |
| eplenmean             | 13.9     |
| eprewmean             | 9.2      |
| fps                   | 5.41e+03 |
| grad_norm             | 0.583    |
| kl                    | 0.0145   |
| loss_pi               | -0.0132  |
| loss_v                | 0.000974 |
| lr                    | 0.001    |
| misc/nupdates         | 1.22e+03 |
| misc/serial_timesteps | 5e+06    |
| misc/time_elapsed     | 909      |
| misc/total_timesteps  | 5e+06    |
| ratio_max             | 6.18     |
| ratio_min             | 0.178    |
| ret_avg               | 0.303    |
| ret_max               | 0.403    |
| ret_med               | 0.341    |
| ret_min               | -3.38    |
| ret_var               | 0.117    |
------------------------------------
------------------------------------
| action_max            | 14       |
| action_min            | 0        |
| adv_avg               | -3.39    |
| adv_max               | -3       |
| adv_med               | -3.39    |
| adv_min               | -3.65    |
| adv_var               | 0.000724 |
| clipfrac              | 0.211    |
| curr_lr               | 0.001    |
| entropy               | 0.576    |
| eplenmean             | 12.3     |
| eprewmean             | 9.1      |
| fps                   | 5.65e+03 |
| grad_norm             | 0.664    |
| kl                    | 0.0352   |
| loss_pi               | -0.0311  |
| loss_v                | 0.000704 |
| lr                    | 0.001    |
| misc/nupdates         | 1.23e+03 |
| misc/serial_timesteps | 5.04e+06 |
| misc/time_elapsed     | 916      |
| misc/total_timesteps  | 5.04e+06 |
| ratio_max             | 2.59     |
| ratio_min             | 0.00746  |
| ret_avg               | 0.305    |
| ret_max               | 0.387    |
| ret_med               | 0.342    |
| ret_min               | -3.39    |
| ret_var               | 0.123    |
------------------------------------
------------------------------------
| action_max            | 14       |
| action_min            | 0        |
| adv_avg               | -3.41    |
| adv_max               | -3.26    |
| adv_med               | -3.41    |
| adv_min               | -3.57    |
| adv_var               | 0.000667 |
| clipfrac              | 0.223    |
| curr_lr               | 0.001    |
| entropy               | 0.637    |
| eplenmean             | 13.8     |
| eprewmean             | 8.5      |
| fps                   | 5.44e+03 |
| grad_norm             | 0.408    |
| kl                    | 0.0313   |
| loss_pi               | -0.0342  |
| loss_v                | 0.000547 |
| lr                    | 0.001    |
| misc/nupdates         | 1.24e+03 |
| misc/serial_timesteps | 5.08e+06 |
| misc/time_elapsed     | 923      |
| misc/total_timesteps  | 5.08e+06 |
| ratio_max             | 8.24     |
| ratio_min             | 0.173    |
| ret_avg               | 0.316    |
| ret_max               | 0.413    |
| ret_med               | 0.348    |
| ret_min               | -3.41    |
| ret_var               | 0.107    |
------------------------------------
------------------------------------
| action_max            | 14       |
| action_min            | 0        |
| adv_avg               | -3.43    |
| adv_max               | -3.11    |
| adv_med               | -3.43    |
| adv_min               | -3.77    |
| adv_var               | 0.00121  |
| clipfrac              | 0.244    |
| curr_lr               | 0.001    |
| entropy               | 0.585    |
| eplenmean             | 15       |
| eprewmean             | 9.2      |
| fps                   | 5.43e+03 |
| grad_norm             | 0.431    |
| kl                    | 0.0306   |
| loss_pi               | -0.0248  |
| loss_v                | 0.000998 |
| lr                    | 0.001    |
| misc/nupdates         | 1.25e+03 |
| misc/serial_timesteps | 5.12e+06 |
| misc/time_elapsed     | 931      |
| misc/total_timesteps  | 5.12e+06 |
| ratio_max             | 2.44     |
| ratio_min             | 0.0308   |
| ret_avg               | 0.316    |
| ret_max               | 0.407    |
| ret_med               | 0.344    |
| ret_min               | -3.42    |
| ret_var               | 0.087    |
------------------------------------
------------------------------------
| action_max            | 14       |
| action_min            | 0        |
| adv_avg               | -3.44    |
| adv_max               | -3.24    |
| adv_med               | -3.44    |
| adv_min               | -3.59    |
| adv_var               | 0.000804 |
| clipfrac              | 0.229    |
| curr_lr               | 0.001    |
| entropy               | 0.582    |
| eplenmean             | 13.6     |
| eprewmean             | 9.1      |
| fps                   | 5.7e+03  |
| grad_norm             | 0.536    |
| kl                    | 0.0363   |
| loss_pi               | -0.0309  |
| loss_v                | 0.000492 |
| lr                    | 0.001    |
| misc/nupdates         | 1.26e+03 |
| misc/serial_timesteps | 5.16e+06 |
| misc/time_elapsed     | 938      |
| misc/total_timesteps  | 5.16e+06 |
| ratio_max             | 4.71     |
| ratio_min             | 0.282    |
| ret_avg               | 0.307    |
| ret_max               | 0.427    |
| ret_med               | 0.345    |
| ret_min               | -3.44    |
| ret_var               | 0.125    |
------------------------------------
------------------------------------
| action_max            | 14       |
| action_min            | 0        |
| adv_avg               | -3.47    |
| adv_max               | -3.2     |
| adv_med               | -3.45    |
| adv_min               | -6.68    |
| adv_var               | 0.0307   |
| clipfrac              | 0.191    |
| curr_lr               | 0.001    |
| entropy               | 0.609    |
| eplenmean             | 15.5     |
| eprewmean             | 9.2      |
| fps                   | 5.44e+03 |
| grad_norm             | 0.163    |
| kl                    | 0.028    |
| loss_pi               | -0.0253  |
| loss_v                | 0.00686  |
| lr                    | 0.001    |
| misc/nupdates         | 1.27e+03 |
| misc/serial_timesteps | 5.2e+06  |
| misc/time_elapsed     | 946      |
| misc/total_timesteps  | 5.2e+06  |
| ratio_max             | 2.75     |
| ratio_min             | 0.0282   |
| ret_avg               | 0.292    |
| ret_max               | 0.425    |
| ret_med               | 0.343    |
| ret_min               | -3.45    |
| ret_var               | 0.122    |
------------------------------------
------------------------------------
| action_max            | 14       |
| action_min            | 0        |
| adv_avg               | -3.46    |
| adv_max               | -3.19    |
| adv_med               | -3.46    |
| adv_min               | -3.67    |
| adv_var               | 0.00071  |
| clipfrac              | 0.244    |
| curr_lr               | 0.001    |
| entropy               | 0.734    |
| eplenmean             | 12.5     |
| eprewmean             | 8.8      |
| fps                   | 5.4e+03  |
| grad_norm             | 0.486    |
| kl                    | 0.0347   |
| loss_pi               | -0.0343  |
| loss_v                | 0.000657 |
| lr                    | 0.001    |
| misc/nupdates         | 1.28e+03 |
| misc/serial_timesteps | 5.24e+06 |
| misc/time_elapsed     | 953      |
| misc/total_timesteps  | 5.24e+06 |
| ratio_max             | 11       |
| ratio_min             | 0.0975   |
| ret_avg               | 0.303    |
| ret_max               | 0.381    |
| ret_med               | 0.34     |
| ret_min               | -3.46    |
| ret_var               | 0.123    |
------------------------------------
------------------------------------
| action_max            | 14       |
| action_min            | 0        |
| adv_avg               | -3.47    |
| adv_max               | -3.24    |
| adv_med               | -3.47    |
| adv_min               | -3.63    |
| adv_var               | 0.000735 |
| clipfrac              | 0.281    |
| curr_lr               | 0.001    |
| entropy               | 0.691    |
| eplenmean             | 13.9     |
| eprewmean             | 8.4      |
| fps                   | 5.47e+03 |
| grad_norm             | 0.488    |
| kl                    | 0.0385   |
| loss_pi               | -0.044   |
| loss_v                | 0.00071  |
| lr                    | 0.001    |
| misc/nupdates         | 1.29e+03 |
| misc/serial_timesteps | 5.28e+06 |
| misc/time_elapsed     | 961      |
| misc/total_timesteps  | 5.28e+06 |
| ratio_max             | 3.67     |
| ratio_min             | 0.0806   |
| ret_avg               | 0.298    |
| ret_max               | 0.397    |
| ret_med               | 0.339    |
| ret_min               | -3.48    |
| ret_var               | 0.134    |
------------------------------------
------------------------------------
| action_max            | 14       |
| action_min            | 0        |
| adv_avg               | -3.49    |
| adv_max               | -3.28    |
| adv_med               | -3.49    |
| adv_min               | -3.62    |
| adv_var               | 0.000485 |
| clipfrac              | 0.234    |
| curr_lr               | 0.001    |
| entropy               | 0.605    |
| eplenmean             | 12.7     |
| eprewmean             | 9        |
| fps                   | 5.33e+03 |
| grad_norm             | 0.496    |
| kl                    | 0.0368   |
| loss_pi               | -0.0324  |
| loss_v                | 0.000364 |
| lr                    | 0.001    |
| misc/nupdates         | 1.3e+03  |
| misc/serial_timesteps | 5.32e+06 |
| misc/time_elapsed     | 968      |
| misc/total_timesteps  | 5.32e+06 |
| ratio_max             | 4.79     |
| ratio_min             | 0.0834   |
| ret_avg               | 0.307    |
| ret_max               | 0.4      |
| ret_med               | 0.342    |
| ret_min               | -3.49    |
| ret_var               | 0.114    |
------------------------------------
------------------------------------
| action_max            | 14       |
| action_min            | 0        |
| adv_avg               | -3.5     |
| adv_max               | -3.36    |
| adv_med               | -3.5     |
| adv_min               | -3.77    |
| adv_var               | 0.000637 |
| clipfrac              | 0.277    |
| curr_lr               | 0.001    |
| entropy               | 0.693    |
| eplenmean             | 14.3     |
| eprewmean             | 9.3      |
| fps                   | 5.4e+03  |
| grad_norm             | 0.508    |
| kl                    | 0.0497   |
| loss_pi               | -0.0377  |
| loss_v                | 0.000555 |
| lr                    | 0.001    |
| misc/nupdates         | 1.31e+03 |
| misc/serial_timesteps | 5.37e+06 |
| misc/time_elapsed     | 976      |
| misc/total_timesteps  | 5.37e+06 |
| ratio_max             | 6.7      |
| ratio_min             | 0.0476   |
| ret_avg               | 0.31     |
| ret_max               | 0.505    |
| ret_med               | 0.337    |
| ret_min               | -3.5     |
| ret_var               | 0.0902   |
------------------------------------
------------------------------------
| action_max            | 14       |
| action_min            | 0        |
| adv_avg               | -3.55    |
| adv_max               | -3.33    |
| adv_med               | -3.52    |
| adv_min               | -7.2     |
| adv_var               | 0.0672   |
| clipfrac              | 0.168    |
| curr_lr               | 0.001    |
| entropy               | 0.578    |
| eplenmean             | 11.6     |
| eprewmean             | 8.9      |
| fps                   | 5.45e+03 |
| grad_norm             | 1.42     |
| kl                    | 0.0371   |
| loss_pi               | -0.0231  |
| loss_v                | 0.105    |
| lr                    | 0.001    |
| misc/nupdates         | 1.32e+03 |
| misc/serial_timesteps | 5.41e+06 |
| misc/time_elapsed     | 984      |
| misc/total_timesteps  | 5.41e+06 |
| ratio_max             | 3.3      |
| ratio_min             | 0.0293   |
| ret_avg               | 0.265    |
| ret_max               | 0.376    |
| ret_med               | 0.336    |
| ret_min               | -3.51    |
| ret_var               | 0.21     |
------------------------------------
------------------------------------
| action_max            | 14       |
| action_min            | 0        |
| adv_avg               | -3.53    |
| adv_max               | -3.37    |
| adv_med               | -3.53    |
| adv_min               | -3.71    |
| adv_var               | 0.000851 |
| clipfrac              | 0.24     |
| curr_lr               | 0.001    |
| entropy               | 0.625    |
| eplenmean             | 13.3     |
| eprewmean             | 9.1      |
| fps                   | 5.44e+03 |
| grad_norm             | 0.54     |
| kl                    | 0.0433   |
| loss_pi               | -0.0494  |
| loss_v                | 0.000664 |
| lr                    | 0.001    |
| misc/nupdates         | 1.33e+03 |
| misc/serial_timesteps | 5.45e+06 |
| misc/time_elapsed     | 991      |
| misc/total_timesteps  | 5.45e+06 |
| ratio_max             | 9.16     |
| ratio_min             | 0.215    |
| ret_avg               | 0.288    |
| ret_max               | 0.375    |
| ret_med               | 0.332    |
| ret_min               | -3.53    |
| ret_var               | 0.0922   |
------------------------------------
------------------------------------
| action_max            | 14       |
| action_min            | 0        |
| adv_avg               | -3.54    |
| adv_max               | -2.77    |
| adv_med               | -3.53    |
| adv_min               | -4.23    |
| adv_var               | 0.00408  |
| clipfrac              | 0.186    |
| curr_lr               | 0.001    |
| entropy               | 0.576    |
| eplenmean             | 13.3     |
| eprewmean             | 9.2      |
| fps                   | 5.46e+03 |
| grad_norm             | 0.505    |
| kl                    | 0.0266   |
| loss_pi               | -0.0397  |
| loss_v                | 0.00299  |
| lr                    | 0.001    |
| misc/nupdates         | 1.34e+03 |
| misc/serial_timesteps | 5.49e+06 |
| misc/time_elapsed     | 999      |
| misc/total_timesteps  | 5.49e+06 |
| ratio_max             | 2.75     |
| ratio_min             | 0.0339   |
| ret_avg               | 0.249    |
| ret_max               | 0.377    |
| ret_med               | 0.328    |
| ret_min               | -3.54    |
| ret_var               | 0.135    |
------------------------------------
------------------------------------
| action_max            | 14       |
| action_min            | 0        |
| adv_avg               | -3.56    |
| adv_max               | -3.27    |
| adv_med               | -3.56    |
| adv_min               | -3.73    |
| adv_var               | 0.000931 |
| clipfrac              | 0.252    |
| curr_lr               | 0.001    |
| entropy               | 0.536    |
| eplenmean             | 13.4     |
| eprewmean             | 9        |
| fps                   | 5.38e+03 |
| grad_norm             | 0.415    |
| kl                    | 0.0662   |
| loss_pi               | -0.042   |
| loss_v                | 0.000749 |
| lr                    | 0.001    |
| misc/nupdates         | 1.35e+03 |
| misc/serial_timesteps | 5.53e+06 |
| misc/time_elapsed     | 1.01e+03 |
| misc/total_timesteps  | 5.53e+06 |
| ratio_max             | 3.95     |
| ratio_min             | 0.00755  |
| ret_avg               | 0.297    |
| ret_max               | 0.461    |
| ret_med               | 0.337    |
| ret_min               | -3.55    |
| ret_var               | 0.136    |
------------------------------------
------------------------------------
| action_max            | 14       |
| action_min            | 0        |
| adv_avg               | -3.57    |
| adv_max               | -3.31    |
| adv_med               | -3.57    |
| adv_min               | -3.91    |
| adv_var               | 0.00161  |
| clipfrac              | 0.244    |
| curr_lr               | 0.001    |
| entropy               | 0.622    |
| eplenmean             | 13.3     |
| eprewmean             | 9.3      |
| fps                   | 5.44e+03 |
| grad_norm             | 0.538    |
| kl                    | 0.0543   |
| loss_pi               | -0.0416  |
| loss_v                | 0.000785 |
| lr                    | 0.001    |
| misc/nupdates         | 1.36e+03 |
| misc/serial_timesteps | 5.57e+06 |
| misc/time_elapsed     | 1.01e+03 |
| misc/total_timesteps  | 5.57e+06 |
| ratio_max             | 2.8      |
| ratio_min             | 0.00296  |
| ret_avg               | 0.27     |
| ret_max               | 0.376    |
| ret_med               | 0.326    |
| ret_min               | -3.57    |
| ret_var               | 0.126    |
------------------------------------
------------------------------------
| action_max            | 14       |
| action_min            | 0        |
| adv_avg               | -3.59    |
| adv_max               | -3.27    |
| adv_med               | -3.58    |
| adv_min               | -4.28    |
| adv_var               | 0.00319  |
| clipfrac              | 0.221    |
| curr_lr               | 0.001    |
| entropy               | 0.822    |
| eplenmean             | 14.2     |
| eprewmean             | 8.8      |
| fps                   | 5.62e+03 |
| grad_norm             | 0.607    |
| kl                    | 0.0393   |
| loss_pi               | -0.0456  |
| loss_v                | 0.0025   |
| lr                    | 0.001    |
| misc/nupdates         | 1.37e+03 |
| misc/serial_timesteps | 5.61e+06 |
| misc/time_elapsed     | 1.02e+03 |
| misc/total_timesteps  | 5.61e+06 |
| ratio_max             | 3.95     |
| ratio_min             | 0.00635  |
| ret_avg               | 0.183    |
| ret_max               | 0.379    |
| ret_med               | 0.314    |
| ret_min               | -3.58    |
| ret_var               | 0.137    |
------------------------------------
------------------------------------
| action_max            | 14       |
| action_min            | 0        |
| adv_avg               | -3.59    |
| adv_max               | -3.4     |
| adv_med               | -3.59    |
| adv_min               | -3.78    |
| adv_var               | 0.000629 |
| clipfrac              | 0.203    |
| curr_lr               | 0.001    |
| entropy               | 0.538    |
| eplenmean             | 12.8     |
| eprewmean             | 9.2      |
| fps                   | 5.38e+03 |
| grad_norm             | 0.647    |
| kl                    | 0.0437   |
| loss_pi               | -0.0249  |
| loss_v                | 0.000478 |
| lr                    | 0.001    |
| misc/nupdates         | 1.38e+03 |
| misc/serial_timesteps | 5.65e+06 |
| misc/time_elapsed     | 1.03e+03 |
| misc/total_timesteps  | 5.65e+06 |
| ratio_max             | 8.42     |
| ratio_min             | 0.179    |
| ret_avg               | 0.291    |
| ret_max               | 0.371    |
| ret_med               | 0.33     |
| ret_min               | -3.59    |
| ret_var               | 0.127    |
------------------------------------
------------------------------------
| action_max            | 14       |
| action_min            | 0        |
| adv_avg               | -3.61    |
| adv_max               | -3.3     |
| adv_med               | -3.61    |
| adv_min               | -3.82    |
| adv_var               | 0.000865 |
| clipfrac              | 0.23     |
| curr_lr               | 0.001    |
| entropy               | 0.65     |
| eplenmean             | 14.8     |
| eprewmean             | 9.1      |
| fps                   | 5.41e+03 |
| grad_norm             | 0.568    |
| kl                    | 0.0352   |
| loss_pi               | -0.0254  |
| loss_v                | 0.000869 |
| lr                    | 0.001    |
| misc/nupdates         | 1.39e+03 |
| misc/serial_timesteps | 5.69e+06 |
| misc/time_elapsed     | 1.04e+03 |
| misc/total_timesteps  | 5.69e+06 |
| ratio_max             | 2.49     |
| ratio_min             | 0.2      |
| ret_avg               | 0.3      |
| ret_max               | 0.414    |
| ret_med               | 0.328    |
| ret_min               | -3.6     |
| ret_var               | 0.0983   |
------------------------------------
------------------------------------
| action_max            | 14       |
| action_min            | 0        |
| adv_avg               | -3.62    |
| adv_max               | -3.34    |
| adv_med               | -3.62    |
| adv_min               | -3.88    |
| adv_var               | 0.00127  |
| clipfrac              | 0.268    |
| curr_lr               | 0.001    |
| entropy               | 0.712    |
| eplenmean             | 13.7     |
| eprewmean             | 8.6      |
| fps                   | 5.63e+03 |
| grad_norm             | 0.52     |
| kl                    | 0.0431   |
| loss_pi               | -0.045   |
| loss_v                | 0.00101  |
| lr                    | 0.001    |
| misc/nupdates         | 1.4e+03  |
| misc/serial_timesteps | 5.73e+06 |
| misc/time_elapsed     | 1.04e+03 |
| misc/total_timesteps  | 5.73e+06 |
| ratio_max             | 3.87     |
| ratio_min             | 0.0495   |
| ret_avg               | 0.292    |
| ret_max               | 0.429    |
| ret_med               | 0.325    |
| ret_min               | -3.62    |
| ret_var               | 0.11     |
------------------------------------
------------------------------------
| action_max            | 14       |
| action_min            | 0        |
| adv_avg               | -3.63    |
| adv_max               | -3.04    |
| adv_med               | -3.63    |
| adv_min               | -3.86    |
| adv_var               | 0.00126  |
| clipfrac              | 0.27     |
| curr_lr               | 0.001    |
| entropy               | 0.764    |
| eplenmean             | 14.3     |
| eprewmean             | 8.8      |
| fps                   | 5.43e+03 |
| grad_norm             | 0.525    |
| kl                    | 0.0444   |
| loss_pi               | -0.0377  |
| loss_v                | 0.000772 |
| lr                    | 0.001    |
| misc/nupdates         | 1.41e+03 |
| misc/serial_timesteps | 5.78e+06 |
| misc/time_elapsed     | 1.05e+03 |
| misc/total_timesteps  | 5.78e+06 |
| ratio_max             | 3.42     |
| ratio_min             | 0.0526   |
| ret_avg               | 0.287    |
| ret_max               | 0.41     |
| ret_med               | 0.324    |
| ret_min               | -3.63    |
| ret_var               | 0.122    |
------------------------------------
------------------------------------
| action_max            | 14       |
| action_min            | 0        |
| adv_avg               | -3.64    |
| adv_max               | -3.21    |
| adv_med               | -3.64    |
| adv_min               | -3.93    |
| adv_var               | 0.00107  |
| clipfrac              | 0.264    |
| curr_lr               | 0.001    |
| entropy               | 0.813    |
| eplenmean             | 15.1     |
| eprewmean             | 9.2      |
| fps                   | 5.69e+03 |
| grad_norm             | 0.562    |
| kl                    | 0.0364   |
| loss_pi               | -0.0471  |
| loss_v                | 0.000715 |
| lr                    | 0.001    |
| misc/nupdates         | 1.42e+03 |
| misc/serial_timesteps | 5.82e+06 |
| misc/time_elapsed     | 1.06e+03 |
| misc/total_timesteps  | 5.82e+06 |
| ratio_max             | 6.98     |
| ratio_min             | 0.184    |
| ret_avg               | 0.286    |
| ret_max               | 0.388    |
| ret_med               | 0.323    |
| ret_min               | -3.64    |
| ret_var               | 0.123    |
------------------------------------
------------------------------------
| action_max            | 14       |
| action_min            | 0        |
| adv_avg               | -3.65    |
| adv_max               | -3.29    |
| adv_med               | -3.65    |
| adv_min               | -3.89    |
| adv_var               | 0.000613 |
| clipfrac              | 0.293    |
| curr_lr               | 0.001    |
| entropy               | 0.705    |
| eplenmean             | 12.9     |
| eprewmean             | 8.5      |
| fps                   | 5.47e+03 |
| grad_norm             | 0.515    |
| kl                    | 0.0372   |
| loss_pi               | -0.0264  |
| loss_v                | 0.000731 |
| lr                    | 0.001    |
| misc/nupdates         | 1.43e+03 |
| misc/serial_timesteps | 5.86e+06 |
| misc/time_elapsed     | 1.07e+03 |
| misc/total_timesteps  | 5.86e+06 |
| ratio_max             | 18.7     |
| ratio_min             | 0.0567   |
| ret_avg               | 0.273    |
| ret_max               | 0.366    |
| ret_med               | 0.319    |
| ret_min               | -3.65    |
| ret_var               | 0.169    |
------------------------------------
------------------------------------
| action_max            | 14       |
| action_min            | 0        |
| adv_avg               | -3.66    |
| adv_max               | -3.34    |
| adv_med               | -3.66    |
| adv_min               | -3.92    |
| adv_var               | 0.000872 |
| clipfrac              | 0.27     |
| curr_lr               | 0.001    |
| entropy               | 0.734    |
| eplenmean             | 13.6     |
| eprewmean             | 9        |
| fps                   | 5.46e+03 |
| grad_norm             | 0.438    |
| kl                    | 0.0425   |
| loss_pi               | -0.0425  |
| loss_v                | 0.000681 |
| lr                    | 0.001    |
| misc/nupdates         | 1.44e+03 |
| misc/serial_timesteps | 5.9e+06  |
| misc/time_elapsed     | 1.07e+03 |
| misc/total_timesteps  | 5.9e+06  |
| ratio_max             | 4.87     |
| ratio_min             | 0.0855   |
| ret_avg               | 0.281    |
| ret_max               | 0.381    |
| ret_med               | 0.319    |
| ret_min               | -3.66    |
| ret_var               | 0.135    |
------------------------------------
------------------------------------
| action_max            | 14       |
| action_min            | 0        |
| adv_avg               | -3.68    |
| adv_max               | -3.45    |
| adv_med               | -3.68    |
| adv_min               | -3.87    |
| adv_var               | 0.000598 |
| clipfrac              | 0.229    |
| curr_lr               | 0.001    |
| entropy               | 0.7      |
| eplenmean             | 12.7     |
| eprewmean             | 8.7      |
| fps                   | 5.16e+03 |
| grad_norm             | 0.469    |
| kl                    | 0.0329   |
| loss_pi               | -0.0371  |
| loss_v                | 0.00046  |
| lr                    | 0.001    |
| misc/nupdates         | 1.45e+03 |
| misc/serial_timesteps | 5.94e+06 |
| misc/time_elapsed     | 1.08e+03 |
| misc/total_timesteps  | 5.94e+06 |
| ratio_max             | 2.31     |
| ratio_min             | 0.321    |
| ret_avg               | 0.285    |
| ret_max               | 0.385    |
| ret_med               | 0.326    |
| ret_min               | -3.68    |
| ret_var               | 0.144    |
------------------------------------
------------------------------------
| action_max            | 14       |
| action_min            | 0        |
| adv_avg               | -3.69    |
| adv_max               | -3.55    |
| adv_med               | -3.69    |
| adv_min               | -3.82    |
| adv_var               | 0.000448 |
| clipfrac              | 0.268    |
| curr_lr               | 0.001    |
| entropy               | 0.674    |
| eplenmean             | 12.1     |
| eprewmean             | 8.6      |
| fps                   | 5.66e+03 |
| grad_norm             | 0.573    |
| kl                    | 0.035    |
| loss_pi               | -0.0148  |
| loss_v                | 0.000511 |
| lr                    | 0.001    |
| misc/nupdates         | 1.46e+03 |
| misc/serial_timesteps | 5.98e+06 |
| misc/time_elapsed     | 1.09e+03 |
| misc/total_timesteps  | 5.98e+06 |
| ratio_max             | 6.68     |
| ratio_min             | 0.158    |
| ret_avg               | 0.283    |
| ret_max               | 0.361    |
| ret_med               | 0.32     |
| ret_min               | -3.69    |
| ret_var               | 0.129    |
------------------------------------
