action_max,action_min,adv_avg,adv_max,adv_med,adv_min,adv_var,clipfrac,curr_lr,entropy,eplenmean,eprewmean,fps,grad_norm,joint_optimizer_state_entries,kl,loss_pi,loss_v,lr,misc/nupdates,misc/serial_timesteps,misc/time_elapsed,misc/total_timesteps,ratio_max,ratio_min,ret_avg,ret_max,ret_med,ret_min,ret_var,critic_ratio_max,critic_ratio_min,critic_rows,joint_actor_fisher_quadratic,joint_actor_raw_scale,joint_applied_solve_residual,joint_cholesky_info_max,joint_clip_scale,joint_critic_curvature_coef,joint_critic_ggn_quadratic,joint_critic_objective_coef,joint_critic_raw_scale,joint_cross_block_frobenius,joint_direction_l2,joint_finite_scan_pass,joint_jacobi_scale_max,joint_jacobi_scale_min,joint_kernel_mode,joint_linear_solve_dtype,joint_predicted_step_kl,joint_relative_solve_residual,joint_solve_residual,joint_solver_mode,joint_system_rows,optimizer_history_correction,optimizer_momentum,optimizer_momentum_semantics
14,0,-0.11277718842029572,0.004738951101899147,-0.11071057617664337,-0.25892314314842224,0.0004746032354887575,0.107421875,0.001,2.537142753601074,851.3076923076923,0.25641027,1882,0.4270646274089813,0,0.010572923347353935,-0.022502703592181206,0.00044846563832834363,0.001,9,40960,24.86031067604199,40960,1.7003391981124878,0.6472522020339966,-0.026909762993454933,0.051869653165340424,-0.030719362199306488,-0.1100233867764473,0.0004955733893439174,,,,,,,,,,,,,,,,,,,,,,,,,,,
14,0,0.07799083739519119,20.40470314025879,-0.1614367812871933,-4.362597942352295,3.08864426612854,0.572265625,0.001,2.169548511505127,816.3956043956044,0.5494506,1883,2.8493728637695312,0,0.08348089456558228,0.03773392736911774,0.35760417580604553,0.001,19,81920,46.84966204687953,81920,3.770598888397217,1.2652731129492167e-05,0.7928974032402039,32.228248596191406,0.20231646299362183,-0.17139790952205658,7.115591049194336,,,,,,,,,,,,,,,,,,,,,,,,,,,
14,0,-0.508600115776062,2.964214324951172,-0.5144087672233582,-4.392262935638428,0.3459189236164093,0.28515625,0.001,1.5532702207565308,144.43,4.0,1864,3.3205809593200684,0,0.030987175181508064,-0.026724837720394135,0.18370673060417175,0.001,29,122880,69.01047402294353,122880,2.6598167419433594,0.19177308678627014,0.8101202249526978,3.640061378479004,0.5124544501304626,-0.5111964344978333,0.9375179409980774,,,,,,,,,,,,,,,,,,,,,,,,,,,
14,0,-0.6825720071792603,1.4100100994110107,-0.6645511388778687,-2.501570224761963,0.04891303926706314,0.28515625,0.001,1.602392315864563,135.07,4.2,1835,2.2276926040649414,0,0.03417082875967026,-0.020808013156056404,0.0237395279109478,0.001,39,163840,91.03786251787096,163840,2.666860580444336,0.30464860796928406,0.08222822844982147,3.0551397800445557,-0.14956419169902802,-0.667221188545227,0.6164975166320801,,,,,,,,,,,,,,,,,,,,,,,,,,,
14,0,-0.6290123462677002,2.362887144088745,-0.6707847118377686,-1.733763575553894,0.05742920935153961,0.330078125,0.001,1.702676773071289,266.17,4.3,1928,0.7826424837112427,0,0.030601343140006065,-0.03781415894627571,0.025364859029650688,0.001,49,204800,112.97672639600933,204800,2.22957706451416,0.3435579836368561,0.1518116295337677,3.094709873199463,-0.28885480761528015,-0.6666734218597412,1.001430630683899,,,,,,,,,,,,,,,,,,,,,,,,,,,
14,0,-0.6744586825370789,0.11928465962409973,-0.6704925894737244,-1.237753987312317,0.005529024638235569,0.3359375,0.001,2.0381357669830322,385.08,2.5,1931,1.0050311088562012,0,0.03308730944991112,-0.03704012557864189,0.004618932493031025,0.001,59,245760,134.42111279908568,245760,2.557807445526123,0.44371283054351807,-0.3263131380081177,2.3109185695648193,-0.4356975853443146,-0.663192093372345,0.1562919318675995,,,,,,,,,,,,,,,,,,,,,,,,,,,
14,0,-0.6315397024154663,1.6188291311264038,-0.649673342704773,-1.2785218954086304,0.023455316200852394,0.255859375,0.001,2.250166177749634,550.51,2.7,1913,0.674892783164978,0,0.020841464400291443,-0.02284429222345352,0.004682374186813831,0.001,69,286720,155.87747561186552,286720,5.670570373535156,0.5269142389297485,-0.3301844894886017,3.494457244873047,-0.4323738217353821,-0.6473994255065918,0.23372140526771545,,,,,,,,,,,,,,,,,,,,,,,,,,,
14,0,-0.628334105014801,-0.4940304756164551,-0.624347448348999,-0.8711798787117004,0.0008999222191050649,0.427734375,0.001,2.223534107208252,635.26,1.9,1902,0.43285229802131653,0,0.03642210364341736,-0.05870616063475609,0.0011226434726268053,0.001,79,327680,177.5579287870787,327680,1.9006714820861816,0.24695584177970886,-0.46065691113471985,-0.3613753020763397,-0.4628424346446991,-0.6221714019775391,0.001010286738164723,,,,,,,,,,,,,,,,,,,,,,,,,,,
14,0,-0.6032502055168152,0.7057597041130066,-0.6147342920303345,-1.8221359252929688,0.015857474878430367,0.341796875,0.001,2.05757212638855,398.39,3.3,1940,1.0406566858291626,0,0.03711748495697975,-0.03133639693260193,0.008501153439283371,0.001,89,368640,199.02830577921122,368640,1.956151008605957,0.07037507742643356,-0.2366529256105423,3.814846992492676,-0.41821563243865967,-0.6109099984169006,0.438682496547699,,,,,,,,,,,,,,,,,,,,,,,,,,,
14,0,-0.6121519207954407,2.6194162368774414,-0.6088405847549438,-2.338078022003174,0.030759751796722412,0.33984375,0.001,1.931126594543457,459.59,3.8,1908,1.2204703092575073,0,0.03195372596383095,-0.03382791578769684,0.015340656973421574,0.001,99,409600,220.6566501990892,409600,2.3614847660064697,0.30700546503067017,-0.17683276534080505,3.899609088897705,-0.4470936954021454,-0.6065511703491211,0.7047882080078125,,,,,,,,,,,,,,,,,,,,,,,,,,,
14,0,-0.6051008701324463,2.0931646823883057,-0.6038772463798523,-1.9773420095443726,0.012812904082238674,0.36328125,0.001,1.9548046588897705,516.69,3.2,1890,0.5461920499801636,0,0.02879519574344158,-0.029222097247838974,0.0044337669387459755,0.001,109,450560,242.48778081918135,450560,1.993826150894165,0.20656637847423553,-0.23938840627670288,4.045974254608154,-0.430691123008728,-0.5985479950904846,0.23527951538562775,,,,,,,,,,,,,,,,,,,,,,,,,,,
14,0,-0.59950852394104,0.4448156952857971,-0.5885743498802185,-2.8282318115234375,0.016309987753629684,0.328125,0.001,1.8883265256881714,586.42,2.5,1765,0.5427793264389038,0,0.024780429899692535,-0.030844850465655327,0.005744090303778648,0.001,119,491520,264.9980557258241,491520,2.200192451477051,0.23897917568683624,-0.2448693811893463,4.172452449798584,-0.43257901072502136,-0.5852286219596863,0.6568362712860107,,,,,,,,,,,,,,,,,,,,,,,,,,,
14,0,-0.5798506736755371,0.20204438269138336,-0.5766311287879944,-1.6623666286468506,0.010661407373845577,0.0,0.020250000000000004,1.7837800979614258,595.21,3.3,250,0.48395782709121704,26,0.008145567029714584,-0.02458341419696808,0.006690490059554577,0.020250000000000004,129,532480,386.40318262111396,532480,1.8351125717163086,0.5261982679367065,-0.1654849499464035,4.341586589813232,-0.4249025881290436,-0.5755153894424438,1.0031709671020508,1.0,1.0,512,0.19456349313259125,396.8952941894531,7.861627758399362e-14,0,1.0,0.1,0.048055872321128845,1.0,311.0953063964844,30.126463611544484,0.48395782709121704,1.0,1.4142135623727503,0.20587460705482272,exact_deterministic_ggn_2b,torch.float64,3.989159449702129e-05,3.322482834064136e-15,9.062318731163792e-14,symmetrized_jacobi_fullfp64_chunked,1024,1.0,1e-06,paper_sgd_momentum_1e-6
14,0,-0.5605480670928955,1.3223373889923096,-0.5632562041282654,-1.2808905839920044,0.011933082714676857,0.0,0.013500000000000003,1.6176834106445312,532.03,3.5,251,0.5284887552261353,26,0.016803119331598282,0.021424919366836548,0.012849136255681515,0.013500000000000003,139,573440,550.3177543641068,573440,3.7570481300354004,0.3132818043231964,-0.31007522344589233,2.3061423301696777,-0.38411036133766174,-0.565273106098175,0.09815078228712082,1.0,1.0,512,0.8416707515716553,595.3350830078125,9.842068716298238e-14,0,0.9460939168930054,0.1,0.05658614635467529,1.0,344.12677001953125,28.282072207109422,0.5284887552261353,1.0,1.4139964045582223,0.23578257657310003,exact_deterministic_ggn_2b,torch.float64,6.865122850285843e-05,3.279750544934984e-15,9.074415403619694e-14,symmetrized_jacobi_fullfp64_chunked,1024,1.0,1e-06,paper_sgd_momentum_1e-6
14,0,-0.5805854797363281,1.2131742238998413,-0.5656678080558777,-4.076169013977051,0.06300989538431168,0.0,0.020250000000000004,1.2806555032730103,299.7,4.2,250,0.6380786895751953,26,0.024119241163134575,-0.04089980199933052,0.05499299615621567,0.020250000000000004,149,614400,714.1733848131262,614400,1.8028316497802734,0.13712367415428162,0.06712809205055237,4.389212608337402,-0.29001814126968384,-0.562820315361023,1.354626178741455,1.0,1.0,512,1.2571470737457275,597.17724609375,7.30316968567039e-14,0,0.7836024761199951,0.1,2.1760222911834717,1.0,649.745849609375,80.62093140691424,0.6380786299705505,1.0,1.4142135623730951,0.353075975919841,exact_deterministic_ggn_2b,torch.float64,0.00015826968592591584,1.789555390739454e-15,6.927427090770758e-14,symmetrized_jacobi_fullfp64_chunked,1024,1.0,1e-06,paper_sgd_momentum_1e-6
14,0,-0.5467991232872009,2.321718454360962,-0.5727693438529968,-2.6149513721466064,0.15577641129493713,0.0,0.020250000000000004,1.1195497512817383,134.92,6.0,251,0.6007347106933594,26,0.021372055634856224,-0.01735886186361313,0.12582439184188843,0.020250000000000004,159,655360,878.3364187572151,655360,3.650709629058838,0.35381966829299927,0.7559338212013245,4.195858001708984,0.15917976200580597,-0.573918342590332,1.775702714920044,1.0,1.0,512,0.5948322415351868,692.9144897460938,1.1832109464167053e-13,0,0.832314133644104,0.1,0.7273083925247192,1.0,984.5145874023438,80.88879838138885,0.6007347106933594,1.0,1.4142135623730951,0.20629362943954468,exact_deterministic_ggn_2b,torch.float64,8.448684093309566e-05,3.0935629031508035e-15,1.1666542367410544e-13,symmetrized_jacobi_fullfp64_chunked,1024,1.0,1e-06,paper_sgd_momentum_1e-6
14,0,-0.6579163074493408,1.7804436683654785,-0.6014434099197388,-4.909668922424316,0.4030705690383911,0.0,0.020250000000000004,0.6627472639083862,122.3,5.9,251,0.703586995601654,26,0.0067533934488892555,-0.015689896419644356,0.34174421429634094,0.020250000000000004,169,696320,1041.963254977949,696320,1.690281629562378,0.5462220311164856,1.4763638973236084,3.7672412395477295,1.2962599992752075,-0.6025224924087524,1.6488523483276367,1.0,1.0,512,0.2622590661048889,899.3338623046875,2.413121576695438e-13,0,0.7106442451477051,0.1,1.9837146997451782,1.0,2029.53466796875,170.4724689236141,0.7035869359970093,1.0,1.4142135623730951,0.1525216512335704,exact_deterministic_ggn_2b,torch.float64,2.715532718866598e-05,4.9853577873095866e-15,2.498769884316464e-13,symmetrized_jacobi_fullfp64_chunked,1024,1.0,1e-06,paper_sgd_momentum_1e-6
14,0,-0.5734481811523438,1.336768627166748,-0.6244425177574158,-3.223721504211426,0.21127809584140778,0.0,0.020250000000000004,0.7119784951210022,110.33,7.1,250,0.5899574160575867,26,0.028108026832342148,-0.01631181687116623,0.1677532196044922,0.020250000000000004,179,737280,1205.9200048642233,737280,2.952179193496704,0.10334179550409317,1.544431209564209,3.4322962760925293,1.5674240589141846,-0.6368021368980408,1.5052449703216553,1.0,1.0,512,0.3989383578300476,1847.4381103515625,3.8178970223501466e-13,0,0.847518801689148,0.1,2.517119884490967,1.0,2729.06103515625,295.84417137003925,0.5899574160575867,1.0,1.4142135623730951,0.1206573741445751,exact_deterministic_ggn_2b,torch.float64,5.8752255426952615e-05,9.485291014151218e-15,4.006752534122949e-13,symmetrized_jacobi_fullfp64_chunked,1024,1.0,1e-06,paper_sgd_momentum_1e-6
14,0,-0.5689200162887573,1.2085285186767578,-0.5594460368156433,-3.8939905166625977,0.22257477045059204,0.0,0.009000000000000003,0.39103609323501587,84.15,8.2,251,0.5410374402999878,26,0.008056092076003551,-0.0012089274823665619,0.15601713955402374,0.009000000000000003,189,778240,1369.9090316160582,778240,1.4929099082946777,0.26537927985191345,2.0208382606506348,3.0291519165039062,2.119105100631714,-0.6718009114265442,0.6913882493972778,1.0,1.0,512,0.5954423546791077,2027.0179443359375,3.5779302517285794e-13,0,0.9241504669189453,0.1,1.3111978769302368,1.0,5111.4501953125,334.8582653201215,0.5410374402999878,1.0,1.4142135623730951,0.10185259912003389,exact_deterministic_ggn_2b,torch.float64,2.0595867681549862e-05,8.912315252523055e-15,3.584454715864184e-13,symmetrized_jacobi_fullfp64_chunked,1024,1.0,1e-06,paper_sgd_momentum_1e-6
14,0,-0.6516314744949341,0.584683895111084,-0.6555889844894409,-3.463956356048584,0.15926215052604675,0.0,0.009000000000000003,0.35612231492996216,74.68,8.7,250,0.5058424472808838,26,0.018969591706991196,-0.0026820870116353035,0.1167566105723381,0.009000000000000003,199,819200,1534.4227756322362,819200,2.1605260372161865,0.31918758153915405,1.9792308807373047,3.032768726348877,2.23923397064209,-0.7087468504905701,0.48319676518440247,1.0,1.0,512,1.183595895767212,2780.9033203125,5.160617797126509e-13,0,0.9884499311447144,0.1,1.7692875862121582,1.0,6605.77685546875,442.0291706864979,0.5058425068855286,1.0,1.4142135623730951,0.08950497822887296,exact_deterministic_ggn_2b,torch.float64,4.683470615418628e-05,1.2383236545149641e-14,4.956399408497086e-13,symmetrized_jacobi_fullfp64_chunked,1024,1.0,1e-06,paper_sgd_momentum_1e-6
14,0,-0.7686493396759033,0.290635347366333,-0.717138946056366,-3.4507062435150146,0.15933850407600403,0.0,0.006000000000000002,0.3323364853858948,67.97,8.2,246,0.5196275115013123,26,0.011009078472852707,-0.001869039610028267,0.17249387502670288,0.006000000000000002,209,860160,1698.7771553769708,860160,2.3186261653900146,0.17005392909049988,1.8360304832458496,2.5265231132507324,2.0370705127716064,-0.747944712638855,0.3831564486026764,1.0,1.0,512,1.7834808826446533,2550.04150390625,6.473270635909293e-13,0,0.9622277021408081,0.1,0.9834855794906616,1.0,8274.240234375,522.0301064373435,0.5196275115013123,1.0,1.4142135623730951,0.08530696426690651,exact_deterministic_ggn_2b,torch.float64,2.9723276384174824e-05,1.3600707280483836e-14,6.095844088188188e-13,symmetrized_jacobi_fullfp64_chunked,1024,1.0,1e-06,paper_sgd_momentum_1e-6
14,0,-0.7335200309753418,0.5345149040222168,-0.7197428345680237,-3.149775981903076,0.100235216319561,0.0,0.006000000000000002,0.3133087158203125,80.3,8.3,249,0.5037042498588562,26,0.011471422389149666,0.0018186247907578945,0.06164134666323662,0.006000000000000002,219,901120,1862.874104111921,901120,2.125174045562744,0.2687702476978302,1.6255691051483154,2.2461910247802734,1.8289762735366821,-0.785757303237915,0.31448832154273987,1.0,1.0,512,3.4785521030426025,2259.296630859375,4.731548264485637e-13,0,0.9926459789276123,0.1,2.2016725540161133,1.0,8165.33984375,382.49183784958944,0.5037042498588562,1.0,1.4142135623730951,0.06387325814127053,exact_deterministic_ggn_2b,torch.float64,6.169639527797699e-05,9.195304769562674e-15,5.050192735408116e-13,symmetrized_jacobi_fullfp64_chunked,1024,1.0,1e-06,paper_sgd_momentum_1e-6
14,0,-0.8380382061004639,0.2734624743461609,-0.810226321220398,-3.1701066493988037,0.0980042964220047,0.0,0.006000000000000002,0.32668840885162354,70.77,8.6,250,0.454414039850235,26,0.02101171761751175,-0.02805345691740513,0.08001124858856201,0.006000000000000002,229,942080,2027.2167776422575,942080,2.3666419982910156,0.34519532322883606,1.57169771194458,2.0349152088165283,1.8365033864974976,-0.8228799104690552,0.3376850187778473,1.0,1.0,512,2.289154529571533,3162.136474609375,5.772029699739605e-13,0,1.0,0.1,0.8044784069061279,1.0,9054.490234375,486.70904447820453,0.454414039850235,1.0,1.4142135623730951,0.07403078567406092,exact_deterministic_ggn_2b,torch.float64,4.120478479308076e-05,1.2743466937688795e-14,5.524542158548603e-13,symmetrized_jacobi_fullfp64_chunked,1024,1.0,1e-06,paper_sgd_momentum_1e-6
14,0,-0.8710715770721436,-0.13450510799884796,-0.8318073153495789,-3.230201244354248,0.09259497374296188,0.0,0.006000000000000002,0.3052903115749359,68.7,8.7,251,0.5168301463127136,26,0.02081162855029106,-0.024678219109773636,0.09535935521125793,0.006000000000000002,239,983040,2191.3025308880024,983040,2.9797611236572266,0.3496917486190796,1.4347419738769531,1.971228003501892,1.6562535762786865,-0.8595440983772278,0.3005822002887726,1.0,1.0,512,3.875596761703491,2849.855712890625,4.391639586122243e-13,0,0.9674357175827026,0.1,0.956510066986084,1.0,9150.69921875,331.6655835729917,0.5168302059173584,1.0,1.4142135623730951,0.052236400573519505,exact_deterministic_ggn_2b,torch.float64,6.529129314003512e-05,8.097032885269999e-15,4.376692513167399e-13,symmetrized_jacobi_fullfp64_chunked,1024,1.0,1e-06,paper_sgd_momentum_1e-6
14,1,-0.9238945841789246,-0.16392073035240173,-0.8833306431770325,-2.902937650680542,0.09360937029123306,0.0,0.004000000000000001,0.22619478404521942,67.82,8.9,250,0.5246572494506836,26,0.013986870646476746,6.44586980342865e-05,0.08415378630161285,0.004000000000000001,249,1024000,2355.474961149972,1024000,3.077965497970581,0.2517552375793457,1.373978853225708,1.7744927406311035,1.4862420558929443,-0.8954383134841919,0.19765131175518036,1.0,1.0,512,6.358200550079346,3992.07275390625,6.288164288457465e-13,0,0.9530031085014343,0.1,1.0190919637680054,1.0,10164.59375,517.3087484955257,0.5246572494506836,1.0,1.4142135623730951,0.08115134252930284,exact_deterministic_ggn_2b,torch.float64,4.619690662366338e-05,9.667600779166942e-15,6.002881136552978e-13,symmetrized_jacobi_fullfp64_chunked,1024,1.0,1e-06,paper_sgd_momentum_1e-6
14,0,-0.9353802800178528,-0.005262959282845259,-0.9008064270019531,-2.933119058609009,0.09450536966323853,0.0,0.006000000000000002,0.25981375575065613,70.87,8.3,251,0.5479835271835327,26,0.01975645311176777,-0.04023251309990883,0.07876618206501007,0.006000000000000002,259,1064960,2519.187432535924,1064960,2.6202685832977295,0.2768119275569916,1.2316838502883911,1.730297327041626,1.4259612560272217,-0.9297478199005127,0.3072437047958374,1.0,1.0,512,3.7574026584625244,2281.95458984375,6.192133924636488e-13,0,0.912436306476593,0.1,0.7880475521087646,1.0,9025.431640625,369.17018598885926,0.5479834675788879,1.0,1.4142135623730951,0.09116352709170268,exact_deterministic_ggn_2b,torch.float64,5.6307384511455894e-05,1.1779131958029042e-14,5.944536256333448e-13,symmetrized_jacobi_fullfp64_chunked,1024,1.0,1e-06,paper_sgd_momentum_1e-6
14,0,-1.0075619220733643,-0.06179581210017204,-0.950487494468689,-3.261361837387085,0.12225908786058426,0.0,0.006000000000000002,0.24545949697494507,68.87,8.3,250,0.5589233040809631,26,0.015027938410639763,-0.018721576780080795,0.12018952518701553,0.006000000000000002,269,1105920,2683.5406509842724,1105920,2.5436723232269287,0.27832937240600586,1.1804145574569702,1.7069215774536133,1.39553701877594,-0.9628413915634155,0.2789771854877472,1.0,1.0,512,5.0392303466796875,3222.365234375,7.686939012902132e-13,0,0.894577145576477,0.1,0.9234774708747864,1.0,9220.392578125,555.5333216253673,0.5589233040809631,1.0,1.4142135623730951,0.07493079264702956,exact_deterministic_ggn_2b,torch.float64,7.258925325004384e-05,1.2577779160926691e-14,6.015572694399519e-13,symmetrized_jacobi_fullfp64_chunked,1024,1.0,1e-06,paper_sgd_momentum_1e-6
14,1,-1.0063934326171875,-0.2855163514614105,-0.9738262891769409,-3.376007556915283,0.07681060582399368,0.0,0.004000000000000001,0.21134468913078308,65.87,8.7,249,0.5299401879310608,26,0.0194522887468338,0.0123453289270401,0.08535049110651016,0.004000000000000001,279,1146880,2847.644214116037,1146880,4.903263092041016,0.2001136839389801,1.1686530113220215,1.5817432403564453,1.321976900100708,-0.9951475262641907,0.21652868390083313,1.0,1.0,512,4.842862606048584,2699.6865234375,5.457857741926891e-13,0,0.9435027241706848,0.1,0.8491664528846741,1.0,9992.5498046875,370.159315223053,0.5299401879310608,1.0,1.4142135623730951,0.0709013912080058,exact_deterministic_ggn_2b,torch.float64,3.4488832170609385e-05,9.333729289596444e-15,5.316442848101466e-13,symmetrized_jacobi_fullfp64_chunked,1024,1.0,1e-06,paper_sgd_momentum_1e-6
14,0,-0.9685302972793579,-0.04539639130234718,-0.9655761122703552,-2.8849024772644043,0.03790336474776268,0.0,0.004000000000000001,0.2016632854938507,72.93,9.3,248,0.5034500956535339,26,0.01404816098511219,-0.000943843275308609,0.034672901034355164,0.004000000000000001,289,1187840,3011.730986150913,1187840,2.281144857406616,0.12321409583091736,1.133119821548462,1.5973632335662842,1.2943211793899536,-1.026383638381958,0.17352525889873505,1.0,1.0,512,4.16536808013916,3797.14404296875,6.185405067919533e-13,0,0.993147075176239,0.1,0.40444517135620117,1.0,11209.3935546875,509.4743748487663,0.5034500956535339,1.0,1.4142135623730951,0.06687333018673712,exact_deterministic_ggn_2b,torch.float64,3.2867792469915e-05,1.1801041288305026e-14,6.205299841102037e-13,symmetrized_jacobi_fullfp64_chunked,1024,1.0,1e-06,paper_sgd_momentum_1e-6
14,0,-1.0429797172546387,-0.34036144614219666,-1.029795527458191,-2.8545963764190674,0.045193810015916824,0.0,0.004000000000000001,0.1906898468732834,67.25,9.4,248,0.4407995939254761,26,0.012467220425605774,-0.013745149597525597,0.04249449819326401,0.004000000000000001,299,1228800,3176.086106432136,1228800,1.8132199048995972,0.18828582763671875,1.1544034481048584,1.6821331977844238,1.2942569255828857,-1.0565499067306519,0.16219651699066162,1.0,1.0,512,3.6399343013763428,2746.004638671875,4.541863324016841e-13,0,1.0,0.1,0.3651382327079773,1.0,11992.9609375,425.254643873527,0.4407995939254761,1.0,1.4142135623730951,0.07194189137076198,exact_deterministic_ggn_2b,torch.float64,2.9119477403583005e-05,8.998728358769498e-15,4.516868131991469e-13,symmetrized_jacobi_fullfp64_chunked,1024,1.0,1e-06,paper_sgd_momentum_1e-6
14,1,-1.1108951568603516,-0.2393055409193039,-1.0705657005310059,-3.4225921630859375,0.08855165541172028,0.0,0.004000000000000001,0.19842283427715302,70.1,8.7,248,0.5222864747047424,26,0.016979191452264786,-0.019221322610974312,0.09878308326005936,0.004000000000000001,309,1269760,3340.0900793140754,1269760,2.0119879245758057,0.22169806063175201,1.0242090225219727,1.5099886655807495,1.2268942594528198,-1.0858864784240723,0.21682320535182953,1.0,1.0,512,4.349264144897461,3348.109375,2.015869720824556e-12,0,0.9573290348052979,0.1,0.8256611824035645,1.0,11207.541015625,506.8078348733335,0.5222864747047424,1.0,1.4142135623730951,0.049632223461268464,exact_deterministic_ggn_2b,torch.float64,3.1888070225249976e-05,3.536683662675495e-14,1.2705112114263051e-12,symmetrized_jacobi_fullfp64_chunked,1024,1.0,1e-06,paper_sgd_momentum_1e-6
14,0,-1.0952236652374268,-0.4447132349014282,-1.0871052742004395,-3.071075916290283,0.05275167524814606,0.0,0.004000000000000001,0.1883765459060669,81.8,9.2,250,0.41777563095092773,26,0.022822760045528412,0.0032482407987117767,0.04601313918828964,0.004000000000000001,319,1310720,3504.305736233946,1310720,3.470418930053711,0.10000000149011612,0.9480018615722656,1.4825282096862793,1.1168172359466553,-1.1145449876785278,0.18714983761310577,1.0,1.0,512,9.878299713134766,4051.896728515625,1.4353467533441677e-12,0,1.0,0.1,0.7644017934799194,1.0,10601.958984375,437.1849709490784,0.41777563095092773,1.0,1.4142135623730951,0.0518577520277311,exact_deterministic_ggn_2b,torch.float64,7.902640936663374e-05,1.9061720728686506e-14,1.5958207340559303e-12,symmetrized_jacobi_fullfp64_chunked,1024,1.0,1e-06,paper_sgd_momentum_1e-6
14,0,-1.1163798570632935,-0.4318138360977173,-1.1158314943313599,-2.99444580078125,0.04110945761203766,0.0,0.004000000000000001,0.17771345376968384,77.43,8.9,250,0.4141339361667633,26,0.032455652952194214,-0.022361475974321365,0.03197532147169113,0.004000000000000001,329,1351680,3668.4091039011255,1351680,4.7411394119262695,0.10000000149011612,0.8453830480575562,1.3922590017318726,0.9585473537445068,-1.1426059007644653,0.17548489570617676,1.0,1.0,512,9.190673828125,4715.62548828125,5.97089588445687e-13,0,1.0,0.1,1.0772792100906372,1.0,10732.357421875,532.538334959228,0.4141339361667633,1.0,1.4142135623730951,0.06955976884223465,exact_deterministic_ggn_2b,torch.float64,7.352539978455752e-05,8.094349621356855e-15,4.254290806878982e-13,symmetrized_jacobi_fullfp64_chunked,1024,1.0,1e-06,paper_sgd_momentum_1e-6
14,1,-1.1575536727905273,-0.5029340982437134,-1.1415678262710571,-3.397317409515381,0.06482849270105362,0.0,0.004000000000000001,0.21355345845222473,66.24,8.7,250,0.39236322045326233,26,0.012378901243209839,-0.012010559439659119,0.061210423707962036,0.004000000000000001,339,1392640,3832.6605148790404,1392640,4.154951095581055,0.2384260594844818,0.9890520572662354,1.3595577478408813,1.1171365976333618,-1.1696228981018066,0.1626308262348175,1.0,1.0,512,6.770567417144775,3746.300048828125,5.181322797989681e-13,0,1.0,0.1,1.0468146800994873,1.0,11387.0185546875,345.4933563629247,0.39236322045326233,1.0,1.4142135623730951,0.03989798459966618,exact_deterministic_ggn_2b,torch.float64,5.416454587248154e-05,7.912889583541495e-15,4.974944830808277e-13,symmetrized_jacobi_fullfp64_chunked,1024,1.0,1e-06,paper_sgd_momentum_1e-6
14,1,-1.2035421133041382,-0.631367027759552,-1.178357720375061,-3.311990737915039,0.06079915538430214,0.0,0.004000000000000001,0.1801902949810028,74.74,9.3,247,0.5394281148910522,26,0.008350551128387451,0.00955314002931118,0.06271490454673767,0.004000000000000001,349,1433600,3998.560459031258,1433600,1.9005039930343628,0.27682220935821533,0.9538846015930176,1.4216891527175903,1.0767847299575806,-1.1963051557540894,0.1490563452243805,1.0,1.0,512,2.500326633453369,3060.61376953125,9.4381510311026e-13,0,0.9269075393676758,0.1,0.8539508581161499,1.0,14044.109375,412.80282955234503,0.5394281148910522,1.0,1.4142135623730951,0.06879819772338439,exact_deterministic_ggn_2b,torch.float64,1.7185397155117244e-05,2.067547198762274e-14,8.496003902377147e-13,symmetrized_jacobi_fullfp64_chunked,1024,1.0,1e-06,paper_sgd_momentum_1e-6
14,1,-1.2234554290771484,-0.629144012928009,-1.18838632106781,-3.4622738361358643,0.06428046524524689,0.0,0.004000000000000001,0.16914114356040955,76.42,8.9,248,0.4634260833263397,26,0.02900714799761772,-0.02869199961423874,0.06694022566080093,0.004000000000000001,359,1474560,4163.403223778121,1474560,3.0982861518859863,0.10000000149011612,0.8981351852416992,1.253016471862793,1.0327259302139282,-1.2222657203674316,0.16688670217990875,1.0,1.0,512,5.345331192016602,4584.20263671875,6.944993305118237e-13,0,1.0,0.1,0.788928747177124,1.0,12532.615234375,562.7488830205659,0.46342605352401733,1.0,1.4142135623730951,0.051176798088399464,exact_deterministic_ggn_2b,torch.float64,4.2762654629768804e-05,1.1600021837110065e-14,6.604656973297e-13,symmetrized_jacobi_fullfp64_chunked,1024,1.0,1e-06,paper_sgd_momentum_1e-6
14,1,-1.2149392366409302,-0.2910468876361847,-1.2175390720367432,-2.905856132507324,0.029020631685853004,0.0,0.004000000000000001,0.16244913637638092,74.89,9.3,249,0.3376164734363556,26,0.00753919780254364,-0.015408296138048172,0.021895185112953186,0.004000000000000001,369,1515520,4328.046782007907,1515520,1.6083675622940063,0.3712103068828583,0.847801148891449,1.3991574048995972,0.9962362051010132,-1.2475823163986206,0.1595662534236908,1.0,1.0,512,2.431818962097168,2429.44091796875,3.462442059242483e-13,0,1.0,0.1,0.3713167607784271,1.0,12030.19140625,282.56534807972196,0.3376164734363556,1.0,1.4142135623730951,0.07308396642508648,exact_deterministic_ggn_2b,torch.float64,1.9454553694231436e-05,8.136983955898183e-15,3.378946168693137e-13,symmetrized_jacobi_fullfp64_chunked,1024,1.0,1e-06,paper_sgd_momentum_1e-6
14,0,-1.2678455114364624,-0.557492733001709,-1.248366355895996,-3.480764865875244,0.057944972068071365,0.0,0.004000000000000001,0.18540558218955994,66.42,8.9,248,0.4894273281097412,26,0.031174324452877045,-0.031823545694351196,0.04546520859003067,0.004000000000000001,379,1556480,4493.246577924117,1556480,5.875045299530029,0.10000000149011612,0.8684972524642944,1.3200111389160156,1.0496269464492798,-1.2722398042678833,0.18468856811523438,1.0,1.0,512,16.05434799194336,4353.4443359375,5.523029210563655e-13,0,1.0,0.1,0.7338600158691406,1.0,14569.39453125,462.23765756120474,0.4894272983074188,1.0,1.4142135623730951,0.0568334146219854,exact_deterministic_ggn_2b,torch.float64,0.00012843479635193944,5.889820273089527e-15,5.859842494064123e-13,symmetrized_jacobi_fullfp64_chunked,1024,1.0,1e-06,paper_sgd_momentum_1e-6
14,3,-1.262343406677246,-0.7027744650840759,-1.2655689716339111,-2.8955869674682617,0.018568644300103188,0.0,0.004000000000000001,0.1566072702407837,73.14,9.4,250,0.37816479802131653,26,0.03508370369672775,-0.016456834971904755,0.015205667354166508,0.0026666666666666674,389,1597440,4657.675595297944,1597440,2.629497766494751,0.10000000149011612,0.9622734785079956,1.209898591041565,1.0528663396835327,-1.2966400384902954,0.06927705556154251,1.0,1.0,512,10.673844337463379,5500.9130859375,6.141506689878492e-13,0,1.0,0.1,0.3790249824523926,1.0,16291.8525390625,666.9272168231979,0.3781648278236389,1.0,1.4142135623730951,0.03951908600011193,exact_deterministic_ggn_2b,torch.float64,8.539076225133613e-05,7.889189508391666e-15,4.648937535697834e-13,symmetrized_jacobi_fullfp64_chunked,1024,1.0,1e-06,paper_sgd_momentum_1e-6
14,1,-1.3284962177276611,-0.7308456897735596,-1.2949153184890747,-3.710045099258423,0.06579224020242691,0.0,0.004000000000000001,0.17188379168510437,78.27,8.9,250,0.4050808250904083,26,0.03095625340938568,-0.014312106184661388,0.06030101701617241,0.004000000000000001,399,1638400,4822.418354616966,1638400,2.631442070007324,0.21652039885520935,0.8065728545188904,1.1947356462478638,0.9413320422172546,-1.3202664852142334,0.16103406250476837,1.0,1.0,512,5.169552803039551,3446.83154296875,4.853819806306122e-13,0,1.0,0.1,1.38401460647583,1.0,14051.505859375,545.7043184791942,0.4050808250904083,1.0,1.4142135623730951,0.0876927448773635,exact_deterministic_ggn_2b,torch.float64,4.1356426663696766e-05,8.244715980038987e-15,4.4732994293476023e-13,symmetrized_jacobi_fullfp64_chunked,1024,1.0,1e-06,paper_sgd_momentum_1e-6
14,1,-1.3631662130355835,-0.5764959454536438,-1.3284004926681519,-3.5333547592163086,0.09442584216594696,0.0,0.006000000000000002,0.21217122673988342,69.42,7.7,249,0.48961618542671204,26,0.019488364458084106,-0.004665851593017578,0.10583378374576569,0.006000000000000002,409,1679360,4986.619578002952,1679360,2.585277795791626,0.1144586130976677,0.6910796761512756,1.182988166809082,0.8512772917747498,-1.3431051969528198,0.2541241943836212,1.0,1.0,512,6.352877140045166,5795.2548828125,8.474053405444337e-13,0,1.0,0.1,1.2292652130126953,1.0,12896.3935546875,693.6997980758587,0.48961618542671204,1.0,1.4142135623730951,0.05518499542695649,exact_deterministic_ggn_2b,torch.float64,0.00011435179476393387,1.300624776592501e-14,8.708196226919254e-13,symmetrized_jacobi_fullfp64_chunked,1024,1.0,1e-06,paper_sgd_momentum_1e-6
14,1,-1.334474802017212,-0.6269619464874268,-1.3320127725601196,-2.9924192428588867,0.031369008123874664,0.0,0.004000000000000001,0.159847691655159,65.04,9.3,250,0.36619025468826294,26,0.011233368888497353,-0.03921624273061752,0.02315889298915863,0.004000000000000001,419,1720320,5151.400826566853,1720320,2.136044502258301,0.20023173093795776,0.8763101100921631,1.1791006326675415,0.9980699419975281,-1.3653831481933594,0.1149991974234581,1.0,1.0,512,3.939371347427368,3662.54296875,4.707429252157648e-13,0,1.0,0.1,0.7045016288757324,1.0,16634.1875,522.8424682508232,0.36619025468826294,1.0,1.4142135623730951,0.05783358389845453,exact_deterministic_ggn_2b,torch.float64,3.151497367070988e-05,9.205092678805229e-15,4.871280404880966e-13,symmetrized_jacobi_fullfp64_chunked,1024,1.0,1e-06,paper_sgd_momentum_1e-6
14,3,-1.3807742595672607,-0.36960792541503906,-1.3668107986450195,-3.164552927017212,0.043324124068021774,0.0,0.0026666666666666674,0.1770852506160736,67.57,8.8,248,0.43249616026878357,26,0.007833615876734257,-0.023779720067977905,0.05506916716694832,0.0026666666666666674,429,1761280,5315.674926300067,1761280,2.974694013595581,0.39908429980278015,0.8473347425460815,1.206466555595398,0.9688276052474976,-1.3874242305755615,0.1415572464466095,1.0,1.0,512,4.445253849029541,4268.53857421875,6.598647194448239e-13,0,1.0,0.1,0.6188592314720154,1.0,14627.7265625,593.4135341412924,0.43249616026878357,1.0,1.4142135623730951,0.03337883959003204,exact_deterministic_ggn_2b,torch.float64,1.5805346265551634e-05,1.2243193098272574e-14,7.034842794663153e-13,symmetrized_jacobi_fullfp64_chunked,1024,1.0,1e-06,paper_sgd_momentum_1e-6
14,3,-1.396632194519043,-0.7004439830780029,-1.39878249168396,-3.176973581314087,0.02230309508740902,0.0,0.0026666666666666674,0.14433126151561737,70.7,9.7,248,0.4807969331741333,26,0.021025799214839935,0.017084680497646332,0.01985999569296837,0.0026666666666666674,439,1802240,5480.536002374254,1802240,2.675147771835327,0.2506389319896698,0.678946852684021,1.14726722240448,0.8953199982643127,-1.4090713262557983,0.19786156713962555,1.0,1.0,512,5.122592926025391,3997.783203125,7.685899986360012e-13,0,1.0,0.1,1.2305201292037964,1.0,14058.998046875,491.7402165488004,0.4807969331741333,1.0,1.4142135623730951,0.059119454211410745,exact_deterministic_ggn_2b,torch.float64,1.82136627699947e-05,1.3038350903393589e-14,7.269170851841953e-13,symmetrized_jacobi_fullfp64_chunked,1024,1.0,1e-06,paper_sgd_momentum_1e-6
14,1,-1.4385645389556885,-0.7638373374938965,-1.4319195747375488,-3.3198413848876953,0.03477911278605461,0.0,0.0026666666666666674,0.186322420835495,78.51,9.3,247,0.4595162272453308,26,0.0056226057931780815,-0.007759183645248413,0.022181499749422073,0.0026666666666666674,449,1843200,5645.384617418982,1843200,1.6079649925231934,0.5465153455734253,0.7657791376113892,1.2736388444900513,0.8796353936195374,-1.4305551052093506,0.13117298483848572,1.0,1.0,512,3.3169825077056885,3050.70751953125,5.244928322660438e-13,0,1.0,0.1,0.7168926000595093,1.0,12652.3046875,479.46607190615134,0.4595162272453308,1.0,1.4142135623730951,0.0902511100751097,exact_deterministic_ggn_2b,torch.float64,1.179371520265704e-05,1.108607927423125e-14,4.887825810363935e-13,symmetrized_jacobi_fullfp64_chunked,1024,1.0,1e-06,paper_sgd_momentum_1e-6
14,1,-1.4413690567016602,-0.8439810276031494,-1.450648546218872,-3.3464674949645996,0.01723923161625862,0.0,0.0026666666666666674,0.18326342105865479,77.61,9.6,249,0.35366126894950867,26,0.008288394659757614,-0.008884518407285213,0.017750641331076622,0.0026666666666666674,459,1884160,5810.0443452829495,1884160,1.4975523948669434,0.40852805972099304,0.6649668216705322,1.2186098098754883,0.8358971476554871,-1.4517018795013428,0.1579194962978363,1.0,1.0,512,4.815911293029785,5121.890625,5.113165954076726e-13,0,1.0,0.1,1.3080482482910156,1.0,13529.232421875,577.1224961631902,0.35366126894950867,1.0,1.4142135623730951,0.06216118472366842,exact_deterministic_ggn_2b,torch.float64,1.7123238649219275e-05,9.449197662846752e-15,5.263686328961792e-13,symmetrized_jacobi_fullfp64_chunked,1024,1.0,1e-06,paper_sgd_momentum_1e-6
14,3,-1.4768989086151123,-0.5469651818275452,-1.4483225345611572,-3.7202999591827393,0.06755775958299637,0.0,0.0026666666666666674,0.1933923363685608,64.5,8.7,250,0.5135040879249573,26,0.008305562660098076,-0.0100434934720397,0.06370025873184204,0.0026666666666666674,469,1925120,5974.637163387146,1925120,2.530799388885498,0.2529849112033844,0.7541279196739197,1.0723803043365479,0.8762065172195435,-1.4715933799743652,0.1415604054927826,1.0,1.0,512,4.4798583984375,3693.659423828125,8.332593924719306e-13,0,0.973702073097229,0.1,1.1154954433441162,1.0,16200.41015625,527.3751524760958,0.5135040879249573,1.0,1.4142135623730951,0.06742904482431568,exact_deterministic_ggn_2b,torch.float64,1.5101632016012445e-05,1.5015410565919437e-14,8.714893496178952e-13,symmetrized_jacobi_fullfp64_chunked,1024,1.0,1e-06,paper_sgd_momentum_1e-6
14,3,-1.5055017471313477,-0.8789546489715576,-1.4821395874023438,-3.9557547569274902,0.053127627819776535,0.0,0.004000000000000001,0.1566295176744461,79.06,9.2,249,0.4301641285419464,26,0.021234769374132156,-0.008296940475702286,0.03653883561491966,0.004000000000000001,479,1966080,6138.760050883982,1966080,2.508066177368164,0.2093055099248886,0.801693320274353,1.155171513557434,0.8903829455375671,-1.492134690284729,0.11672960221767426,1.0,1.0,512,3.8041534423828125,4840.0927734375,6.282106362485582e-13,0,1.0,0.1,0.904161810874939,1.0,17154.2734375,519.5287368666442,0.4301641285419464,1.0,1.4142135623730951,0.053176645330135955,exact_deterministic_ggn_2b,torch.float64,3.043323158635758e-05,1.2236540833568688e-14,6.087332467694701e-13,symmetrized_jacobi_fullfp64_chunked,1024,1.0,1e-06,paper_sgd_momentum_1e-6
14,3,-1.4625672101974487,-0.6232033371925354,-1.4680548906326294,-3.581181049346924,0.03970786929130554,0.0,0.004000000000000001,0.23145368695259094,72.85,8.8,249,0.3984922170639038,26,0.022875048220157623,-0.009979435242712498,0.030386917293071747,0.004000000000000001,489,2007040,6303.223244337831,2007040,3.225003719329834,0.24726784229278564,0.7131551504135132,1.2293522357940674,0.8147704601287842,-1.511913776397705,0.131977379322052,1.0,1.0,512,6.297490119934082,4366.3271484375,6.636793228256727e-13,0,1.0,0.1,0.4582102298736572,1.0,14917.287109375,444.28427023312815,0.3984922170639038,1.0,1.4142135623730951,0.04448210683385984,exact_deterministic_ggn_2b,torch.float64,5.0379927415633574e-05,1.0552630108639292e-14,7.177052392954571e-13,symmetrized_jacobi_fullfp64_chunked,1024,1.0,1e-06,paper_sgd_momentum_1e-6
14,3,-1.5235390663146973,-0.7811980247497559,-1.5093607902526855,-3.918727159500122,0.044406648725271225,0.0,0.0026666666666666674,0.17841500043869019,74.18,9.1,250,0.49494075775146484,26,0.01720615103840828,-0.014306746423244476,0.03377212956547737,0.0026666666666666674,499,2048000,6467.675004596822,2048000,2.563385486602783,0.31666308641433716,0.713324785232544,1.0435309410095215,0.8680515885353088,-1.5315927267074585,0.16877293586730957,1.0,1.0,512,8.397579193115234,3325.509521484375,7.254648987393743e-13,0,1.0,0.1,1.2049956321716309,1.0,16245.650390625,389.1555914353669,0.49494075775146484,1.0,1.4142135623730951,0.05996263223712703,exact_deterministic_ggn_2b,torch.float64,2.985805804200936e-05,1.0258475221398943e-14,7.580802782446211e-13,symmetrized_jacobi_fullfp64_chunked,1024,1.0,1e-06,paper_sgd_momentum_1e-6
14,5,-1.5518007278442383,-0.8970419764518738,-1.5397534370422363,-3.878019332885742,0.03565900772809982,0.0,0.0026666666666666674,0.1623605489730835,78.18,9.7,250,0.36046552658081055,26,0.03676920011639595,0.006553536746650934,0.018026165664196014,0.0026666666666666674,509,2088960,6631.956648622174,2088960,4.655450820922852,0.13390155136585236,0.7852559089660645,1.0351048707962036,0.8877391219139099,-1.5514073371887207,0.09343063831329346,1.0,1.0,512,24.9331111907959,6667.3505859375,8.151455689635844e-13,0,1.0,0.1,2.1450881958007812,1.0,15469.60546875,607.5681389653238,0.36046549677848816,1.0,1.4142135623730951,0.04970221241745239,exact_deterministic_ggn_2b,torch.float64,8.865106065059081e-05,6.994167534337285e-15,6.140855241978096e-13,symmetrized_jacobi_fullfp64_chunked,1024,1.0,1e-06,paper_sgd_momentum_1e-6
14,5,-1.583254337310791,-0.9357874989509583,-1.5579990148544312,-3.730459213256836,0.060789357870817184,0.0,0.0026666666666666674,0.1751072108745575,93.35,9.2,250,0.4187694489955902,26,0.004768804181367159,0.005907967686653137,0.06668837368488312,0.0026666666666666674,519,2129920,6796.154600600246,2129920,2.3719863891601562,0.612383246421814,0.6448798179626465,1.1078698635101318,0.8021973967552185,-1.5707131624221802,0.18267008662223816,1.0,1.0,512,2.543766736984253,3852.0166015625,6.550031021410545e-13,0,1.0,0.1,1.5575501918792725,1.0,15277.205078125,514.0064381183167,0.4187694489955902,1.0,1.4142135623730951,0.05180911304808414,exact_deterministic_ggn_2b,torch.float64,9.04450371308485e-06,1.4218901098107706e-14,6.206417464233513e-13,symmetrized_jacobi_fullfp64_chunked,1024,1.0,1e-06,paper_sgd_momentum_1e-6
14,3,-1.632130742073059,-1.0435452461242676,-1.5885035991668701,-3.869574546813965,0.08271622657775879,0.0,0.004000000000000001,0.21841777861118317,76.74,9.0,251,0.42782819271087646,26,0.01203401293605566,-0.024411125108599663,0.0730302631855011,0.004000000000000001,529,2170880,6960.198648260906,2170880,3.25711989402771,0.37604424357414246,0.5584756731987,1.0760912895202637,0.7360641360282898,-1.589707851409912,0.229794442653656,1.0,1.0,512,3.9319558143615723,4143.099609375,9.233563651064923e-13,0,1.0,0.1,1.0155121088027954,1.0,13860.2529296875,579.935070210955,0.42782822251319885,1.0,1.4142135623730951,0.05652175927025285,exact_deterministic_ggn_2b,torch.float64,3.1455649150302634e-05,1.722132616653586e-14,8.886095309185243e-13,symmetrized_jacobi_fullfp64_chunked,1024,1.0,1e-06,paper_sgd_momentum_1e-6
14,3,-1.55483877658844,-0.8220669627189636,-1.5619990825653076,-3.3542275428771973,0.029339002445340157,0.0,0.004000000000000001,0.22872841358184814,69.47,9.5,250,0.45235398411750793,26,0.00953723955899477,-0.02171923592686653,0.022749438881874084,0.004000000000000001,539,2211840,7124.0637850319035,2211840,2.3300178050994873,0.41657981276512146,0.7175609469413757,1.0817323923110962,0.839308500289917,-1.6084333658218384,0.11508998274803162,1.0,1.0,512,3.0662145614624023,4900.486328125,1.4428755585100203e-12,0,1.0,0.1,0.6851533651351929,1.0,14688.3994140625,528.8552798525616,0.45235398411750793,1.0,1.4142135623730951,0.06880668263820304,exact_deterministic_ggn_2b,torch.float64,2.4529719667043537e-05,3.131202412791294e-14,1.3196133695842589e-12,symmetrized_jacobi_fullfp64_chunked,1024,1.0,1e-06,paper_sgd_momentum_1e-6
14,0,-1.5891008377075195,-0.9191721081733704,-1.5706995725631714,-3.6268019676208496,0.05738113820552826,0.0,0.004000000000000001,0.21452179551124573,65.32,9.0,250,0.4023362398147583,26,0.00874879490584135,-0.03239435702562332,0.038061656057834625,0.004000000000000001,549,2252800,7288.4463844108395,2252800,2.6611831188201904,0.308138370513916,0.6426704525947571,1.007244348526001,0.7466296553611755,-1.6267141103744507,0.15402653813362122,1.0,1.0,512,3.569737195968628,5410.568359375,7.588052974780467e-13,0,1.0,0.1,1.943638563156128,1.0,15447.3837890625,465.0542301422517,0.4023362398147583,1.0,1.4142135623730951,0.051876493920205644,exact_deterministic_ggn_2b,torch.float64,2.8557900805026293e-05,1.5100011853181226e-14,6.426089798719114e-13,symmetrized_jacobi_fullfp64_chunked,1024,1.0,1e-06,paper_sgd_momentum_1e-6
14,3,-1.639000415802002,-0.9122559428215027,-1.6128493547439575,-4.219084739685059,0.059726279228925705,0.0,0.004000000000000001,0.19496023654937744,72.9,9.5,250,0.5122129917144775,26,0.02065117098391056,-0.009681543335318565,0.05240435525774956,0.004000000000000001,559,2293760,7452.240597636905,2293760,3.383049488067627,0.3324190676212311,0.6953346729278564,0.9700758457183838,0.8096813559532166,-1.6448266506195068,0.13568928837776184,1.0,1.0,512,7.5662431716918945,5570.7958984375,8.452755362100002e-13,0,0.9761564135551453,0.1,0.6670684814453125,1.0,16297.798828125,593.8620374807983,0.5122129917144775,1.0,1.4142135623730951,0.05437132754337907,exact_deterministic_ggn_2b,torch.float64,5.7677858421811834e-05,1.2498669734390379e-14,8.282900992434394e-13,symmetrized_jacobi_fullfp64_chunked,1024,1.0,1e-06,paper_sgd_momentum_1e-6
14,5,-1.7041956186294556,-0.9223330020904541,-1.6773459911346436,-4.162572383880615,0.06923622637987137,0.0,0.0026666666666666674,0.19451826810836792,88.86,9.3,251,0.4964590072631836,26,0.005645551718771458,-0.013074151240289211,0.052653856575489044,0.0026666666666666674,569,2334720,7616.507562965155,2334720,1.8828545808792114,0.4173683226108551,0.29276055097579956,1.1453360319137573,0.31465089321136475,-1.6622896194458008,0.2513759136199951,1.0,1.0,512,2.8108069896698,3921.150146484375,8.50127760040401e-13,0,1.0,0.1,3.3179736137390137,1.0,12396.9111328125,397.1883978487592,0.4964590072631836,1.0,1.4142135623730951,0.057402867382512664,exact_deterministic_ggn_2b,torch.float64,9.993979801947717e-06,1.7871855642322483e-14,8.963177679963297e-13,symmetrized_jacobi_fullfp64_chunked,1024,1.0,1e-06,paper_sgd_momentum_1e-6
14,3,-1.6630895137786865,-0.9400956630706787,-1.6325416564941406,-4.078776836395264,0.07368544489145279,0.0,0.0026666666666666674,0.19339224696159363,59.86,8.9,252,0.4941565990447998,26,0.004345238208770752,-0.009925278834998608,0.10545560717582703,0.004000000000000001,579,2375680,7779.808389040176,2375680,2.710203170776367,0.4568634033203125,0.6392205953598022,0.9528281688690186,0.7935773730278015,-1.678619384765625,0.19829407334327698,1.0,1.0,512,3.6044020652770996,5452.85546875,1.2105388994071833e-12,0,1.0,0.1,1.5832629203796387,1.0,20098.0625,718.0253182031216,0.4941565990447998,1.0,1.4142135623730951,0.039563333521676104,exact_deterministic_ggn_2b,torch.float64,1.2815651643904857e-05,2.276241957578864e-14,1.2763126548254835e-12,symmetrized_jacobi_fullfp64_chunked,1024,1.0,1e-06,paper_sgd_momentum_1e-6
14,3,-1.6757773160934448,-0.8349214792251587,-1.650492548942566,-4.32753324508667,0.07649124413728714,0.0,0.004000000000000001,0.18237096071243286,74.3,9.1,251,0.4530412256717682,26,0.01006409153342247,-0.009917154908180237,0.09094719588756561,0.004000000000000001,589,2416640,7945.854524802882,2416640,2.2380428314208984,0.374590128660202,0.5254673957824707,1.1731030941009521,0.7383514046669006,-1.6949424743652344,0.23578031361103058,1.0,1.0,512,4.421680450439453,5117.20361328125,1.0973372887432503e-12,0,1.0,0.1,0.8876882791519165,1.0,15208.802734375,693.0550866655409,0.4530412256717682,1.0,1.4142135623730951,0.03774282689272626,exact_deterministic_ggn_2b,torch.float64,3.537344673532061e-05,1.9487139743597078e-14,1.0301313686830318e-12,symmetrized_jacobi_fullfp64_chunked,1024,1.0,1e-06,paper_sgd_momentum_1e-6
14,1,-1.70242178440094,-0.9426332712173462,-1.6931040287017822,-3.8874406814575195,0.05127723515033722,0.0,0.004000000000000001,0.1605730652809143,70.7,9.3,249,0.43262264132499695,26,0.04401668161153793,-0.01725718565285206,0.04830073565244675,0.0026666666666666674,599,2457600,8109.58853460988,2457600,3.3936820030212402,0.10000000149011612,0.5641907453536987,0.9547243714332581,0.7761824727058411,-1.7111778259277344,0.21620076894760132,1.0,1.0,512,5.167953968048096,4924.0380859375,7.386769161285372e-13,0,1.0,0.1,0.8284737467765808,1.0,15920.607421875,631.3967867513584,0.43262264132499695,1.0,1.4142135623730951,0.05540836924235411,exact_deterministic_ggn_2b,torch.float64,4.134363553021103e-05,1.2796956584019529e-14,6.895761761954775e-13,symmetrized_jacobi_fullfp64_chunked,1024,1.0,1e-06,paper_sgd_momentum_1e-6
14,1,-1.7129416465759277,-0.6732937097549438,-1.6993855237960815,-4.1274638175964355,0.05859340354800224,0.0,0.004000000000000001,0.15771159529685974,65.09,9.3,250,0.38968101143836975,26,0.01922203227877617,-0.007844382897019386,0.0664244145154953,0.004000000000000001,609,2498560,8273.267052011099,2498560,2.5435051918029785,0.2531847357749939,0.653613805770874,1.0731807947158813,0.8005118370056152,-1.7278647422790527,0.1553121954202652,1.0,1.0,512,5.006467819213867,5003.205078125,9.47294471228546e-13,0,1.0,0.1,0.8225269317626953,1.0,19209.4921875,817.5356860101426,0.38968104124069214,1.0,1.4142135623730951,0.042347717023952826,exact_deterministic_ggn_2b,torch.float64,4.005174560006708e-05,1.6386329037169338e-14,8.767145216286318e-13,symmetrized_jacobi_fullfp64_chunked,1024,1.0,1e-06,paper_sgd_momentum_1e-6
14,0,-1.7463818788528442,-0.9667994976043701,-1.7299854755401611,-3.949953317642212,0.04549981281161308,0.0,0.004000000000000001,0.16704902052879333,71.76,9.5,250,0.45201367139816284,26,0.03900241106748581,-0.003921519964933395,0.0340949147939682,0.004000000000000001,619,2539520,8436.778058981989,2539520,3.036907911300659,0.10000000149011612,0.6897991299629211,1.0510213375091553,0.8033651113510132,-1.7444195747375488,0.12697674334049225,1.0,1.0,512,10.05199146270752,7126.3466796875,6.148995328041609e-13,0,1.0,0.1,0.5001981258392334,1.0,17624.91796875,895.373445164314,0.45201367139816284,1.0,1.4142135623730951,0.06742097318087677,exact_deterministic_ggn_2b,torch.float64,8.041594264796004e-05,8.117637747082147e-15,4.586746460266896e-13,symmetrized_jacobi_fullfp64_chunked,1024,1.0,1e-06,paper_sgd_momentum_1e-6
14,1,-1.7286359071731567,-0.6560796499252319,-1.7267266511917114,-3.8689417839050293,0.038777414709329605,0.0,0.004000000000000001,0.1650054007768631,64.18,9.5,251,0.36255156993865967,26,0.02033858746290207,-0.01070757582783699,0.022143827751278877,0.004000000000000001,629,2580480,8600.000171558,2580480,2.4901270866394043,0.27225396037101746,0.6874536275863647,0.9197536706924438,0.7813578248023987,-1.7605552673339844,0.08722225576639175,1.0,1.0,512,4.82672119140625,3687.76220703125,6.130102731002898e-13,0,1.0,0.1,0.8746099472045898,1.0,18623.876953125,478.65221305044577,0.36255159974098206,1.0,1.4142135623730951,0.07331323922606994,exact_deterministic_ggn_2b,torch.float64,3.861377263092436e-05,1.1174330796155664e-14,5.111052374298585e-13,symmetrized_jacobi_fullfp64_chunked,1024,1.0,1e-06,paper_sgd_momentum_1e-6
14,3,-1.7839114665985107,-0.8742371797561646,-1.747081995010376,-4.434901237487793,0.07447635382413864,0.0,0.004000000000000001,0.18345510959625244,64.0,9.1,251,0.5486733913421631,26,0.007989438250660896,-0.009465128183364868,0.05107588320970535,0.004000000000000001,639,2621440,8763.241922377143,2621440,5.02629280090332,0.47323691844940186,0.6097273230552673,0.9141231179237366,0.7511638402938843,-1.776479959487915,0.1972447633743286,1.0,1.0,512,3.1439690589904785,7005.8583984375,1.2227065583652298e-12,0,0.9112889766693115,0.1,1.62391197681427,1.0,17204.896484375,955.938621758426,0.5486733913421631,1.0,1.4142135623730951,0.030686396373167613,exact_deterministic_ggn_2b,torch.float64,2.0887215214315802e-05,2.513594604925176e-14,9.352342988168156e-13,symmetrized_jacobi_fullfp64_chunked,1024,1.0,1e-06,paper_sgd_momentum_1e-6
14,3,-1.7402949333190918,-1.012285590171814,-1.7473113536834717,-3.662787437438965,0.019807644188404083,0.0,0.004000000000000001,0.17284411191940308,70.93,9.8,251,0.4009515047073364,26,0.03157094120979309,-0.04130828380584717,0.016706358641386032,0.004000000000000001,649,2662400,8926.29021598585,2662400,2.8913183212280273,0.10000000149011612,0.6895310878753662,0.9482223987579346,0.7514888644218445,-1.7924127578735352,0.06166193634271622,1.0,1.0,512,5.0533447265625,6230.38525390625,7.22364601754689e-13,0,1.0,0.1,0.8070740699768066,1.0,20202.607421875,625.5392034461718,0.4009515047073364,1.0,1.4142135623730951,0.055368586147499295,exact_deterministic_ggn_2b,torch.float64,4.042676300741732e-05,1.2765459145048466e-14,6.611624533512265e-13,symmetrized_jacobi_fullfp64_chunked,1024,1.0,1e-06,paper_sgd_momentum_1e-6
14,3,-1.770165205001831,-0.6858706474304199,-1.781057357788086,-4.053094863891602,0.03563458099961281,0.0,0.004000000000000001,0.20839452743530273,61.93,9.7,251,0.403883695602417,26,0.013492923229932785,-0.006565398536622524,0.02814914844930172,0.004000000000000001,659,2703360,9089.60371456109,2703360,2.511725425720215,0.282476544380188,0.6068353056907654,1.0354083776474,0.7816182971000671,-1.8082172870635986,0.15431208908557892,1.0,1.0,512,4.6530256271362305,5613.7392578125,6.524094924698891e-13,0,1.0,0.1,0.6872155070304871,1.0,17392.30078125,635.4780043692934,0.403883695602417,1.0,1.4142135623730951,0.04389756647904316,exact_deterministic_ggn_2b,torch.float64,3.722421024576761e-05,1.1919895199632327e-14,5.864613343068535e-13,symmetrized_jacobi_fullfp64_chunked,1024,1.0,1e-06,paper_sgd_momentum_1e-6
14,3,-1.8563404083251953,-1.1764602661132812,-1.8010002374649048,-4.63320779800415,0.10330501198768616,0.0,0.004000000000000001,0.16220638155937195,61.63,8.7,251,0.5179822444915771,26,0.013334352523088455,0.03243841975927353,0.10563346743583679,0.004000000000000001,669,2744320,9252.96235171426,2744320,3.9665229320526123,0.3188031017780304,0.5836910605430603,1.006516933441162,0.7101936340332031,-1.823363184928894,0.186489075422287,1.0,1.0,512,4.348060607910156,6937.86328125,1.726941642299177e-12,0,0.9652839303016663,0.1,1.9148964881896973,1.0,22137.47265625,697.3748958322662,0.5179823040962219,1.0,1.4142135623730951,0.03521613963348476,exact_deterministic_ggn_2b,torch.float64,3.2411247957497835e-05,3.028465964539776e-14,1.6100319304593345e-12,symmetrized_jacobi_fullfp64_chunked,1024,1.0,1e-06,paper_sgd_momentum_1e-6
14,3,-1.791799545288086,-0.8582051396369934,-1.7969491481781006,-3.634737730026245,0.01770835369825363,0.0,0.004000000000000001,0.15796925127506256,61.19,9.9,252,0.4065556228160858,26,0.026416093111038208,-0.0132894366979599,0.014660023152828217,0.004000000000000001,679,2785280,9416.19073302811,2785280,3.5236215591430664,0.10000000149011612,0.6484328508377075,0.9117323756217957,0.7425811290740967,-1.8380358219146729,0.09670349955558777,1.0,1.0,512,10.954285621643066,6167.0400390625,5.899442245257215e-13,0,1.0,0.1,0.730327844619751,1.0,18946.525390625,576.21782274428,0.4065556228160858,1.0,1.4142135623730951,0.046626994308196945,exact_deterministic_ggn_2b,torch.float64,8.763429650571197e-05,7.531341348495409e-15,5.134624547876853e-13,symmetrized_jacobi_fullfp64_chunked,1024,1.0,1e-06,paper_sgd_momentum_1e-6
14,3,-1.8268954753875732,-1.2379851341247559,-1.836094617843628,-2.210726737976074,0.011299158446490765,0.0,0.004000000000000001,0.18149816989898682,73.95,9.9,251,0.32251349091529846,26,0.02428021840751171,-0.003233090043067932,0.010614625178277493,0.004000000000000001,689,2826240,9579.497647955082,2826240,2.6106598377227783,0.2987845838069916,0.5104467868804932,0.8983433246612549,0.6568979620933533,-0.29373621940612793,0.14498335123062134,1.0,1.0,512,4.080114364624023,5706.638671875,5.670464635279412e-13,0,1.0,0.1,1.6440147161483765,1.0,16893.68359375,534.2370717775347,0.32251349091529846,1.0,1.4142135623730951,0.05728086334615004,exact_deterministic_ggn_2b,torch.float64,3.264091719756834e-05,1.0904855664251916e-14,5.551520709812489e-13,symmetrized_jacobi_fullfp64_chunked,1024,1.0,1e-06,paper_sgd_momentum_1e-6
14,1,-1.8574267625808716,0.8794960975646973,-1.856968641281128,-4.492371082305908,0.036244574934244156,0.0,0.0026666666666666674,0.20477578043937683,71.63,9.7,251,0.439735472202301,26,0.04430841654539108,-0.013666819781064987,0.04719635844230652,0.0017777777777777783,699,2867200,9742.898531090003,2867200,2.5867109298706055,0.17009390890598297,0.6464415788650513,0.9212257266044617,0.7695368528366089,-1.8686389923095703,0.11229053884744644,1.0,1.0,512,31.153995513916016,8589.42578125,1.3463159216251202e-12,0,1.0,0.1,1.8165972232818604,1.0,18472.73046875,599.4704878757515,0.439735472202301,1.0,1.4142135623730951,0.05633653487000753,exact_deterministic_ggn_2b,torch.float64,0.00011076975351898,1.0435931549582754e-14,1.0340781327541479e-12,symmetrized_jacobi_fullfp64_chunked,1024,1.0,1e-06,paper_sgd_momentum_1e-6
14,3,-1.9057199954986572,-1.0051816701889038,-1.8706905841827393,-4.017812728881836,0.05810760706663132,0.0,0.0026666666666666674,0.21173033118247986,71.62,9.0,251,0.5773182511329651,26,0.007855028845369816,-0.004765233024954796,0.048444416373968124,0.0026666666666666674,709,2908160,9906.301491905935,2908160,1.7279646396636963,0.21009701490402222,0.5625803470611572,0.9776074886322021,0.7443802356719971,-1.8833438158035278,0.24252551794052124,1.0,1.0,512,6.971138000488281,5573.23291015625,8.776348260267104e-13,0,0.8660734295845032,0.1,1.725752830505371,1.0,19364.8671875,770.8403793529079,0.5773182511329651,1.0,1.4142135623730951,0.052055294302783314,exact_deterministic_ggn_2b,torch.float64,1.8591761545394547e-05,1.3209470647754263e-14,7.891696451322858e-13,symmetrized_jacobi_fullfp64_chunked,1024,1.0,1e-06,paper_sgd_momentum_1e-6
14,5,-1.9003238677978516,-1.0881140232086182,-1.8786442279815674,-4.4994215965271,0.07206454128026962,0.0,0.004000000000000001,0.16214555501937866,63.02,9.1,251,0.4855005443096161,26,0.009376895613968372,-0.023032234981656075,0.06225006282329559,0.004000000000000001,719,2949120,10069.732827808242,2949120,2.779745101928711,0.3156464993953705,0.6517939567565918,1.044151782989502,0.7172170877456665,-1.8980480432510376,0.08438201993703842,1.0,1.0,512,6.750555992126465,6319.474609375,1.365130225601484e-12,0,1.0,0.1,1.0908335447311401,1.0,22472.671875,625.7374066118822,0.4855005443096161,1.0,1.4142135623730951,0.05516966586829114,exact_deterministic_ggn_2b,torch.float64,5.400445297709666e-05,2.1004082122984907e-14,1.3640659031121933e-12,symmetrized_jacobi_fullfp64_chunked,1024,1.0,1e-06,paper_sgd_momentum_1e-6
14,3,-1.9109829664230347,-1.2688698768615723,-1.8931407928466797,-4.4684224128723145,0.05112719535827637,0.0,0.0026666666666666674,0.18155404925346375,72.92,9.3,249,0.5315865874290466,26,0.02185085043311119,-0.02488969825208187,0.05439645051956177,0.0026666666666666674,729,2990080,10233.53363925498,2990080,1.658571481704712,0.10000000149011612,0.6197265386581421,0.9108889102935791,0.7073845267295837,-1.9130146503448486,0.10447775572538376,1.0,1.0,512,14.744942665100098,6287.3330078125,1.4880483833771093e-12,0,0.9405805468559265,0.1,1.1940028667449951,1.0,20077.908203125,593.0122415274611,0.5315865874290466,1.0,1.4142135623730951,0.04555420964082889,exact_deterministic_ggn_2b,torch.float64,4.638125392375514e-05,1.6047299915492334e-14,1.1857923368526032e-12,symmetrized_jacobi_fullfp64_chunked,1024,1.0,1e-06,paper_sgd_momentum_1e-6
14,3,-1.9403456449508667,-1.2950949668884277,-1.902647852897644,-4.625531196594238,0.07262074202299118,0.0,0.0026666666666666674,0.15861564874649048,63.01,9.4,249,0.3842892050743103,26,0.006038255989551544,-0.001731373369693756,0.050354842096567154,0.0026666666666666674,739,3031040,10398.352913103998,3031040,1.7831100225448608,0.4278425872325897,0.5990316271781921,0.887083113193512,0.7242650985717773,-1.9280445575714111,0.13579851388931274,1.0,1.0,512,3.8369264602661133,4999.9833984375,7.670269112638969e-13,0,1.0,0.1,1.8102996349334717,1.0,23358.0625,576.4664924727279,0.3842892050743103,1.0,1.4142135623730951,0.05480377000038467,exact_deterministic_ggn_2b,torch.float64,1.3642404155689292e-05,1.4734120592043906e-14,7.846682331928749e-13,symmetrized_jacobi_fullfp64_chunked,1024,1.0,1e-06,paper_sgd_momentum_1e-6
14,3,-1.953117847442627,-0.8465092182159424,-1.9191700220108032,-4.457507133483887,0.07363802194595337,0.0,0.004000000000000001,0.20758327841758728,65.28,9.1,249,0.401840478181839,26,0.01846858486533165,-0.009206540882587433,0.07513522356748581,0.004000000000000001,749,3072000,10562.99357711291,3072000,2.2844417095184326,0.17457672953605652,0.5162472724914551,0.9535414576530457,0.6978626847267151,-1.9419426918029785,0.2618640959262848,1.0,1.0,512,7.5370941162109375,7397.02978515625,1.104035926895084e-12,0,1.0,0.1,0.7149345278739929,1.0,19382.814453125,814.1946724842576,0.401840478181839,1.0,1.4142135623730951,0.04016328771562708,exact_deterministic_ggn_2b,torch.float64,6.02967593295034e-05,1.5895943367895708e-14,1.0179518369079422e-12,symmetrized_jacobi_fullfp64_chunked,1024,1.0,1e-06,paper_sgd_momentum_1e-6
14,1,-1.9237515926361084,-1.1838371753692627,-1.921812653541565,-3.9152448177337646,0.03357088938355446,0.0,0.004000000000000001,0.17192047834396362,66.27,9.7,248,0.4037978947162628,26,0.008253400214016438,-0.008206762373447418,0.03345784544944763,0.004000000000000001,759,3112960,10728.03601940116,3112960,1.9462617635726929,0.22522589564323425,0.5113638639450073,0.9352014660835266,0.6442248225212097,-1.9561846256256104,0.17464327812194824,1.0,1.0,512,3.4114909172058105,4475.85888671875,6.551323240169437e-13,0,1.0,0.1,1.2903908491134644,1.0,19111.33203125,524.1468911218903,0.40379786491394043,1.0,1.4142135623730951,0.05418151479855453,exact_deterministic_ggn_2b,torch.float64,2.7291929654893465e-05,1.3335079897520879e-14,6.088042652366211e-13,symmetrized_jacobi_fullfp64_chunked,1024,1.0,1e-06,paper_sgd_momentum_1e-6
14,3,-1.995805263519287,-1.0390751361846924,-1.9631311893463135,-4.41953706741333,0.08015907555818558,0.0,0.004000000000000001,0.20402109622955322,72.3,9.1,249,0.43614503741264343,26,0.044418226927518845,0.04006560146808624,0.07901495695114136,0.004000000000000001,769,3153920,10893.045632446185,3153920,9.754251480102539,0.10000000149011612,0.517487645149231,0.8615870475769043,0.7070546746253967,-1.9702413082122803,0.24332977831363678,1.0,1.0,512,16.851058959960938,10137.80078125,1.3126413937649968e-12,0,1.0,0.1,1.1965205669403076,1.0,19094.177734375,925.3175516524234,0.43614503741264343,1.0,1.4142135623730951,0.016343390683520673,exact_deterministic_ggn_2b,torch.float64,0.00013480849156621844,1.3248607064081212e-14,1.3316323716571477e-12,symmetrized_jacobi_fullfp64_chunked,1024,1.0,1e-06,paper_sgd_momentum_1e-6
14,3,-2.0433449745178223,-1.1117829084396362,-1.9783639907836914,-4.401610374450684,0.10450838506221771,0.0,0.004000000000000001,0.24768304824829102,64.18,8.6,249,0.5561447739601135,26,0.01798188127577305,-0.02036292292177677,0.08573935180902481,0.004000000000000001,779,3194880,11057.994677823037,3194880,2.6227355003356934,0.30752691626548767,0.4626433253288269,0.9679362773895264,0.6985341906547546,-1.984074592590332,0.3478923439979553,1.0,1.0,512,9.561759948730469,7089.52880859375,1.2662214560643677e-12,0,0.8990464806556702,0.1,1.3504397869110107,1.0,19497.375,791.5325171667487,0.5561447739601135,1.0,1.4142135623730951,0.03559156600581626,exact_deterministic_ggn_2b,torch.float64,6.182899232953787e-05,1.6577218563956623e-14,1.238894130379628e-12,symmetrized_jacobi_fullfp64_chunked,1024,1.0,1e-06,paper_sgd_momentum_1e-6
14,3,-1.9685266017913818,-1.1591633558273315,-1.965031385421753,-4.453943252563477,0.039538413286209106,0.0,0.004000000000000001,0.18401718139648438,74.42,9.5,249,0.4717918634414673,26,0.014651764184236526,-0.019571758806705475,0.037611983716487885,0.004000000000000001,789,3235840,11223.084438324906,3235840,2.2152175903320312,0.34426507353782654,0.5470432639122009,0.9462330341339111,0.6575762033462524,-1.9976274967193604,0.1413598358631134,1.0,1.0,512,4.870090007781982,6046.5205078125,9.553524974677067e-13,0,1.0,0.1,0.6464527249336243,1.0,20112.22265625,613.1609350724086,0.4717918932437897,1.0,1.4142135623730951,0.049842321966931204,exact_deterministic_ggn_2b,torch.float64,3.896072303177789e-05,1.7383098336150925e-14,7.239315015286168e-13,symmetrized_jacobi_fullfp64_chunked,1024,1.0,1e-06,paper_sgd_momentum_1e-6
14,1,-2.0167646408081055,-0.8540141582489014,-1.9915765523910522,-4.649166107177734,0.061846986413002014,0.0,0.004000000000000001,0.23667532205581665,66.5,9.1,251,0.5462402105331421,26,0.02181752398610115,-0.01098749227821827,0.05418449267745018,0.004000000000000001,799,3276800,11387.139567438047,3276800,3.7755157947540283,0.2039850354194641,0.5257127285003662,0.8263400793075562,0.6736314296722412,-2.0111143589019775,0.22624419629573822,1.0,1.0,512,7.397361755371094,6833.8212890625,8.667258913326212e-13,0,0.91534823179245,0.1,1.0522966384887695,1.0,20703.54296875,668.0383654143674,0.5462402105331421,1.0,1.4142135623730951,0.05418919517667892,exact_deterministic_ggn_2b,torch.float64,4.9583777581574395e-05,1.2871152629791198e-14,7.853468490763712e-13,symmetrized_jacobi_fullfp64_chunked,1024,1.0,1e-06,paper_sgd_momentum_1e-6
14,3,-2.0469419956207275,-1.328980803489685,-2.0115280151367188,-4.630254745483398,0.08101415634155273,0.0,0.004000000000000001,0.18910843133926392,64.34,9.4,251,0.4400530755519867,26,0.01795540377497673,-0.014338765293359756,0.07120455056428909,0.004000000000000001,809,3317760,11550.518023952842,3317760,5.202829360961914,0.19372785091400146,0.5153062343597412,0.825326681137085,0.6882910132408142,-2.0245485305786133,0.2094814032316208,1.0,1.0,512,5.251610279083252,7138.80810546875,6.031696289013404e-13,0,1.0,0.1,0.730475664138794,1.0,19480.759765625,634.0652094860011,0.4400530457496643,1.0,1.4142135623730951,0.043565027212721576,exact_deterministic_ggn_2b,torch.float64,4.201288538752124e-05,1.0062285266756671e-14,5.974646127438595e-13,symmetrized_jacobi_fullfp64_chunked,1024,1.0,1e-06,paper_sgd_momentum_1e-6
14,0,-2.005423069000244,-0.9074820876121521,-1.9962589740753174,-4.0131449699401855,0.04822784289717674,0.0,0.004000000000000001,0.2553442716598511,66.62,9.2,247,0.5617135167121887,26,0.02005685679614544,-0.04364612698554993,0.050674375146627426,0.004000000000000001,819,3358720,11715.76571121905,3358720,2.384672164916992,0.22879041731357574,0.49631232023239136,0.9163603186607361,0.6444574594497681,-2.036846876144409,0.22435100376605988,1.0,1.0,512,6.807879447937012,6797.37451171875,1.143142817872706e-12,0,0.8901335597038269,0.1,0.43743768334388733,1.0,18176.890625,703.2892890555777,0.561713457107544,1.0,1.4142135623730951,0.06207041492117115,exact_deterministic_ggn_2b,torch.float64,4.315312617109157e-05,1.7786651898524504e-14,8.753867474867156e-13,symmetrized_jacobi_fullfp64_chunked,1024,1.0,1e-06,paper_sgd_momentum_1e-6
14,1,-2.0598745346069336,-1.2435426712036133,-2.0369210243225098,-4.801568984985352,0.06176816672086716,0.0,0.0026666666666666674,0.19479897618293762,66.15,9.4,251,0.39246898889541626,26,0.0036588539369404316,-0.004285458475351334,0.05731087177991867,0.004000000000000001,829,3399680,11880.970123418141,3399680,1.9815282821655273,0.6309014558792114,0.5872009992599487,0.8394173383712769,0.687839150428772,-2.0496363639831543,0.145981103181839,1.0,1.0,512,2.4207324981689453,6821.146484375,9.300956442414012e-13,0,1.0,0.1,0.7678661346435547,1.0,21179.326171875,824.1051869169571,0.39246898889541626,1.0,1.4142135623730951,0.05701876359902872,exact_deterministic_ggn_2b,torch.float64,8.607048584963195e-06,2.1672640400316515e-14,8.911626960781082e-13,symmetrized_jacobi_fullfp64_chunked,1024,1.0,1e-06,paper_sgd_momentum_1e-6
14,3,-2.0551743507385254,-1.2430317401885986,-2.038361072540283,-4.912582874298096,0.06003370136022568,0.0,0.0026666666666666674,0.17722339928150177,71.92,9.7,251,0.39373457431793213,26,0.023175179958343506,0.004421398043632507,0.08384393900632858,0.0026666666666666674,839,3440640,12044.276822566055,3440640,2.7699668407440186,0.190511092543602,0.5610209107398987,0.8657087087631226,0.648004412651062,-2.0628528594970703,0.1053658053278923,1.0,1.0,512,10.324121475219727,6566.373046875,9.53843311155243e-13,0,1.0,0.1,4.9262542724609375,1.0,18577.7265625,634.3540841819403,0.39373454451560974,1.0,1.4142135623730951,0.05665748547263176,exact_deterministic_ggn_2b,torch.float64,3.67079846910201e-05,1.1902087485680125e-14,9.630839750207674e-13,symmetrized_jacobi_fullfp64_chunked,1024,1.0,1e-06,paper_sgd_momentum_1e-6
14,3,-2.0722739696502686,-1.4511094093322754,-2.0402584075927734,-4.372241497039795,0.07582595944404602,0.0,0.0026666666666666674,0.16709834337234497,75.67,8.8,250,0.4950210452079773,26,0.007325213868170977,-0.006028255447745323,0.04672544449567795,0.0026666666666666674,849,3481600,12207.557267527096,3481600,2.1046600341796875,0.31942448019981384,0.4392678141593933,0.9572367668151855,0.5259568691253662,-2.075115203857422,0.1952773928642273,1.0,1.0,512,5.2180681228637695,5854.931640625,1.325158751817569e-12,0,1.0,0.1,1.2031772136688232,1.0,21186.236328125,664.4710531957836,0.4950210452079773,1.0,1.4142135623730951,0.05386754095132524,exact_deterministic_ggn_2b,torch.float64,1.855312984844204e-05,2.2737023495996574e-14,1.4101498933827057e-12,symmetrized_jacobi_fullfp64_chunked,1024,1.0,1e-06,paper_sgd_momentum_1e-6
14,3,-2.116220235824585,-1.222335696220398,-2.081448793411255,-5.077089786529541,0.0960739403963089,0.0,0.0026666666666666674,0.19574087858200073,73.41,9.3,249,0.4721144735813141,26,0.0053732674568891525,-0.0035039186477661133,0.08656399697065353,0.0026666666666666674,859,3522560,12370.903751139995,3522560,1.963544249534607,0.45777297019958496,0.4831702411174774,0.9265725612640381,0.6791325807571411,-2.0882699489593506,0.20698565244674683,1.0,1.0,512,5.9400634765625,6815.34033203125,1.1999276436609322e-12,0,1.0,0.1,5.546992778778076,1.0,20216.52734375,728.6285393164723,0.4721144735813141,1.0,1.4142135623730951,0.053715785238641615,exact_deterministic_ggn_2b,torch.float64,2.112022411893122e-05,1.8851848347703885e-14,1.1548184031407882e-12,symmetrized_jacobi_fullfp64_chunked,1024,1.0,1e-06,paper_sgd_momentum_1e-6
14,3,-2.086369752883911,-1.1692010164260864,-2.091726064682007,-2.5834336280822754,0.013059730641543865,0.0,0.004000000000000001,0.20018494129180908,65.97,9.8,250,0.39181602001190186,26,0.018625427037477493,-0.018346330150961876,0.00976494513452053,0.004000000000000001,869,3563520,12534.313668671995,3563520,2.8536198139190674,0.17747287452220917,0.6330285668373108,0.973544180393219,0.6805664300918579,-0.49449291825294495,0.03974628075957298,1.0,1.0,512,11.492767333984375,9806.3515625,9.222177764907105e-13,0,1.0,0.1,1.0645207166671753,1.0,21677.08984375,890.5960593763069,0.39181602001190186,1.0,1.4142135623730951,0.047875996417935905,exact_deterministic_ggn_2b,torch.float64,9.194215090246871e-05,1.1494430176780245e-14,9.881130007559969e-13,symmetrized_jacobi_fullfp64_chunked,1024,1.0,1e-06,paper_sgd_momentum_1e-6
14,3,-2.1298606395721436,-1.516528606414795,-2.1014962196350098,-5.273071765899658,0.07446356117725372,0.0,0.0026666666666666674,0.15478429198265076,62.06,9.6,252,0.4219017028808594,26,0.009986143559217453,-0.005329770967364311,0.04979271441698074,0.0026666666666666674,879,3604480,12697.63458041288,3604480,1.6985900402069092,0.3253171145915985,0.5843909382820129,0.8399669528007507,0.6771387457847595,-2.1134707927703857,0.10971695929765701,1.0,1.0,512,7.193930149078369,7817.8349609375,1.0822635322739598e-12,0,1.0,0.1,1.7885855436325073,1.0,25762.150390625,756.7164854019618,0.4219017028808594,1.0,1.4142135623730951,0.05128403308142207,exact_deterministic_ggn_2b,torch.float64,2.5578417989891022e-05,1.6489564565496042e-14,9.383778945007644e-13,symmetrized_jacobi_fullfp64_chunked,1024,1.0,1e-06,paper_sgd_momentum_1e-6
14,1,-2.117267608642578,-0.8723036050796509,-2.1110405921936035,-4.092704772949219,0.08155602961778641,0.0,0.004000000000000001,0.16322824358940125,83.07,9.2,250,0.42877671122550964,26,0.012859109789133072,0.002718821167945862,0.06255025416612625,0.004000000000000001,889,3645440,12860.783031544182,3645440,1.7990055084228516,0.10000000149011612,0.44923874735832214,1.09099543094635,0.5378938317298889,-2.1255128383636475,0.1816491335630417,1.0,1.0,512,6.937888145446777,6005.30859375,1.384893089927715e-12,0,1.0,0.1,1.6296850442886353,1.0,24854.44140625,586.7823034204879,0.42877671122550964,1.0,1.4142135623730951,0.06256102443637529,exact_deterministic_ggn_2b,torch.float64,5.550311107072048e-05,2.0154262457442047e-14,1.2013245121339196e-12,symmetrized_jacobi_fullfp64_chunked,1024,1.0,1e-06,paper_sgd_momentum_1e-6
14,5,-2.164242744445801,-1.4600716829299927,-2.1494126319885254,-5.067820072174072,0.06265267729759216,0.0,0.004000000000000001,0.17432253062725067,73.66,9.6,249,0.40180033445358276,26,0.02608664520084858,-0.009336566552519798,0.048163410276174545,0.004000000000000001,899,3686400,13024.437616653275,3686400,4.305488586425781,0.23686152696609497,0.29260218143463135,0.7970853447914124,0.5734336376190186,-2.138317823410034,0.2515322268009186,1.0,1.0,512,8.778984069824219,6830.552734375,1.13985024592096e-12,0,1.0,0.1,2.0968151092529297,1.0,15782.259765625,694.742754978261,0.40180036425590515,1.0,1.4142135623730951,0.04582051557187493,exact_deterministic_ggn_2b,torch.float64,7.023187936283648e-05,1.5666655228414897e-14,8.396555800753382e-13,symmetrized_jacobi_fullfp64_chunked,1024,1.0,1e-06,paper_sgd_momentum_1e-6
14,0,-2.141981840133667,-1.1294448375701904,-2.1193253993988037,-4.866178035736084,0.0777209997177124,0.0,0.0026666666666666674,0.22918744385242462,72.69,9.2,249,0.4963562786579132,26,0.010598232969641685,-0.01201736368238926,0.06314169615507126,0.0026666666666666674,909,3727360,13189.237556945067,3727360,2.126013994216919,0.31724312901496887,0.41497212648391724,1.0861296653747559,0.5796054601669312,-2.1491057872772217,0.2485908567905426,1.0,1.0,512,5.71767520904541,8217.45703125,1.7790091984660067e-12,0,1.0,0.1,1.2246017456054688,1.0,17377.51953125,954.3460952405175,0.4963562786579132,1.0,1.4142135623730951,0.029817738006127623,exact_deterministic_ggn_2b,torch.float64,2.032951124419924e-05,2.914315517110138e-14,2.4485321927290254e-12,symmetrized_jacobi_fullfp64_chunked,1024,1.0,1e-06,paper_sgd_momentum_1e-6
14,1,-2.1401820182800293,-0.9707099199295044,-2.13020396232605,-4.3986945152282715,0.05420004203915596,0.0,0.0026666666666666674,0.25320443511009216,64.51,9.2,249,0.49228373169898987,26,0.014759872108697891,-0.00011076033115386963,0.05515846610069275,0.0026666666666666674,919,3768320,13353.911091453861,3768320,2.026519298553467,0.3566490411758423,0.4851394593715668,0.8932865262031555,0.6460938453674316,-2.1614747047424316,0.24037699401378632,1.0,1.0,512,3.6607608795166016,9884.8203125,8.790382701603964e-13,0,1.0,0.1,2.28177547454834,1.0,21169.08984375,917.7510533710499,0.49228373169898987,1.0,1.4142135623730951,0.04504548520404272,exact_deterministic_ggn_2b,torch.float64,1.3016037883062381e-05,1.698952268154373e-14,8.774968082016788e-13,symmetrized_jacobi_fullfp64_chunked,1024,1.0,1e-06,paper_sgd_momentum_1e-6
14,3,-2.2021679878234863,-1.7208948135375977,-2.170607566833496,-4.77882719039917,0.055646732449531555,0.0,0.0026666666666666674,0.1423611342906952,63.83,9.5,248,0.3912014663219452,26,0.01425355114042759,0.00434209406375885,0.04441067576408386,0.0026666666666666674,929,3809280,13518.651658718009,3809280,2.419325351715088,0.2790238857269287,0.6188410520553589,0.8945155143737793,0.6783835887908936,-2.1738197803497314,0.0801803395152092,1.0,1.0,512,5.902744293212891,6587.56640625,1.06870581734183e-12,0,1.0,0.1,6.953718185424805,1.0,30113.728515625,579.9333829173507,0.3912014663219452,1.0,1.4142135623730951,0.054636619977661255,exact_deterministic_ggn_2b,torch.float64,2.098753429891076e-05,1.671464918535134e-14,1.0621957724869611e-12,symmetrized_jacobi_fullfp64_chunked,1024,1.0,1e-06,paper_sgd_momentum_1e-6
14,1,-2.1663923263549805,-1.246869444847107,-2.1680619716644287,-4.457139015197754,0.03585682436823845,0.0,0.0026666666666666674,0.20581549406051636,62.31,9.4,248,0.5034980177879333,26,0.019906654953956604,-0.012953009456396103,0.03547395020723343,0.0026666666666666674,939,3850240,13683.410263434984,3850240,2.3567886352539062,0.11001492291688919,0.5523416996002197,0.9241421818733215,0.6705753207206726,-2.186631679534912,0.11580318212509155,1.0,1.0,512,24.105371475219727,5477.671875,8.375514944507413e-13,0,0.9930525422096252,0.1,1.791980266571045,1.0,23637.11328125,502.89536051301616,0.5034980177879333,1.0,1.4142135623730951,0.04658353344759744,exact_deterministic_ggn_2b,torch.float64,8.452121255686507e-05,7.373010559141409e-15,8.023472362569601e-13,symmetrized_jacobi_fullfp64_chunked,1024,1.0,1e-06,paper_sgd_momentum_1e-6
14,1,-2.202500820159912,-1.494532585144043,-2.1901230812072754,-4.763523101806641,0.040463875979185104,0.0,0.0026666666666666674,0.17706473171710968,66.67,9.8,249,0.31196317076683044,26,0.018790513277053833,-0.014767455868422985,0.05225907266139984,0.0026666666666666674,949,3891200,13848.251836846117,3891200,2.214721202850342,0.2560800313949585,0.5561953783035278,0.8382246494293213,0.6697904467582703,-2.1991302967071533,0.10571089386940002,1.0,1.0,512,7.292230606079102,7902.66943359375,1.1943043968469361e-12,0,1.0,0.1,0.6447106003761292,1.0,24263.66796875,668.8835492027874,0.31196317076683044,1.0,1.4142135623730951,0.05332927737543241,exact_deterministic_ggn_2b,torch.float64,2.5927929527824745e-05,1.7900767338088075e-14,1.144661128526321e-12,symmetrized_jacobi_fullfp64_chunked,1024,1.0,1e-06,paper_sgd_momentum_1e-6
14,3,-2.190229892730713,-1.3556782007217407,-2.192169189453125,-5.019872665405273,0.045563578605651855,0.0,0.0026666666666666674,0.19006289541721344,71.54,9.6,250,0.4726831912994385,26,0.006943853572010994,-0.00565856508910656,0.07098563015460968,0.0026666666666666674,959,3932160,14013.067105060909,3932160,1.5858126878738403,0.21908102929592133,0.5495133399963379,0.7917426824569702,0.6535232663154602,-2.211061477661133,0.10572722554206848,1.0,1.0,512,4.689453125,9991.1171875,1.3161742734592437e-12,0,1.0,0.1,1.8105223178863525,1.0,23364.953125,906.5683392269159,0.4726831912994385,1.0,1.4142135623730951,0.043340016550864155,exact_deterministic_ggn_2b,torch.float64,1.667360993451439e-05,2.3360653335379815e-14,1.3492946650622799e-12,symmetrized_jacobi_fullfp64_chunked,1024,1.0,1e-06,paper_sgd_momentum_1e-6
14,3,-2.196324348449707,-1.7530869245529175,-2.1993155479431152,-2.6190073490142822,0.008256535045802593,0.0,0.0026666666666666674,0.16366314888000488,74.29,10.0,250,0.4546120762825012,26,0.023940321058034897,-0.009926937520503998,0.007855968549847603,0.0026666666666666674,969,3973120,14177.958185307216,3973120,3.026667833328247,0.18063703179359436,0.48046237230300903,0.7757351994514465,0.5602464079856873,-0.4115058481693268,0.08984547853469849,1.0,1.0,512,14.181528091430664,9211.556640625,8.518191061824248e-13,0,1.0,0.1,7.712409973144531,1.0,23511.076171875,860.8610022399922,0.4546120762825012,1.0,1.4142135623730951,0.05558166181849999,exact_deterministic_ggn_2b,torch.float64,5.0423208449501544e-05,9.36485222442191e-15,8.632135738079907e-13,symmetrized_jacobi_fullfp64_chunked,1024,1.0,1e-06,paper_sgd_momentum_1e-6
14,0,-2.2577996253967285,-1.6098015308380127,-2.2409164905548096,-5.052496910095215,0.059475719928741455,0.0,0.0026666666666666674,0.15482375025749207,112.4,9.4,249,0.36117929220199585,26,0.046055033802986145,-0.01427401416003704,0.0709385871887207,0.0017777777777777783,979,4014080,14342.91934081912,4014080,10.0,0.10000000149011612,0.38329362869262695,0.8126363754272461,0.5965399742126465,-2.235316038131714,0.19525188207626343,1.0,1.0,512,51.831424713134766,10957.9580078125,1.5781371532390789e-12,0,1.0,0.1,3.6181368827819824,1.0,22309.705078125,922.1904209412717,0.36117929220199585,1.0,1.4142135623730951,0.04498066180629687,exact_deterministic_ggn_2b,torch.float64,0.0001842894998844713,9.516948770197638e-15,1.3032421141267345e-12,symmetrized_jacobi_fullfp64_chunked,1024,1.0,1e-06,paper_sgd_momentum_1e-6
14,3,-2.219694137573242,-1.5601381063461304,-2.2253427505493164,-4.472548961639404,0.020845485851168633,0.0,0.0026666666666666674,0.17230454087257385,70.74,9.7,249,0.35107341408729553,26,0.012901881709694862,-0.020324481651186943,0.016429536044597626,0.0026666666666666674,989,4055040,14507.756009629928,4055040,3.5999202728271484,0.14411574602127075,0.5770103335380554,0.8072291612625122,0.6333542466163635,-2.247525215148926,0.055707141757011414,1.0,1.0,512,4.724025249481201,8866.619140625,8.671506144518356e-13,0,1.0,0.1,2.6122307777404785,1.0,24785.1875,902.7512016333229,0.3510734438896179,1.0,1.4142135623730951,0.03785532170860414,exact_deterministic_ggn_2b,torch.float64,1.679653360042721e-05,1.582191530138199e-14,7.47200405348499e-13,symmetrized_jacobi_fullfp64_chunked,1024,1.0,1e-06,paper_sgd_momentum_1e-6
14,1,-2.2409071922302246,-1.5133785009384155,-2.237858295440674,-4.360694885253906,0.018941720947623253,0.0,0.0026666666666666674,0.1648506075143814,73.75,9.7,249,0.34964290261268616,26,0.016383465379476547,-0.0037176008336246014,0.020622096955776215,0.0026666666666666674,999,4096000,14672.710107114166,4096000,2.271697521209717,0.2844598889350891,0.5794876217842102,0.8155813813209534,0.6229951977729797,-2.258944034576416,0.05724170431494713,1.0,1.0,512,10.610237121582031,6306.9755859375,6.113970044111702e-13,0,1.0,0.1,4.083701133728027,1.0,26373.54296875,664.1665615338472,0.34964290261268616,1.0,1.4142135623730951,0.04489164259881669,exact_deterministic_ggn_2b,torch.float64,3.7725287256762385e-05,7.768118609723775e-15,6.114356767289132e-13,symmetrized_jacobi_fullfp64_chunked,1024,1.0,1e-06,paper_sgd_momentum_1e-6
14,3,-2.318352699279785,-1.6112163066864014,-2.2538375854492188,-4.954412937164307,0.11148323118686676,0.0,0.0026666666666666674,0.1932370662689209,62.63,8.9,249,0.5780119895935059,26,0.008356953039765358,-0.016169408336281776,0.11014261841773987,0.0026666666666666674,1009,4136960,14837.754181465134,4136960,3.1505117416381836,0.39558175206184387,0.48305073380470276,0.8831706047058105,0.6325441002845764,-2.2707760334014893,0.23746442794799805,1.0,1.0,512,10.555074691772461,10341.533203125,1.7531675934112497e-12,0,0.8650339841842651,0.1,1.5621919631958008,1.0,26022.8515625,983.3222168580883,0.5780119895935059,1.0,1.4142135623730951,0.028854901509775904,exact_deterministic_ggn_2b,torch.float64,2.8082458811695687e-05,2.1815331125803716e-14,1.9190084047184343e-12,symmetrized_jacobi_fullfp64_chunked,1024,1.0,1e-06,paper_sgd_momentum_1e-6
14,1,-2.2590250968933105,-1.3901640176773071,-2.260119915008545,-4.565302848815918,0.03234788775444031,0.0,0.0026666666666666674,0.18731680512428284,68.15,9.4,250,0.4384748935699463,26,0.013813553377985954,-0.03590363264083862,0.019476722925901413,0.0026666666666666674,1019,4177920,15002.56120161293,4177920,2.288374662399292,0.2102714478969574,0.43672341108322144,0.8409721255302429,0.6228389143943787,-2.2819173336029053,0.21743735671043396,1.0,1.0,512,9.4087553024292,6661.8232421875,8.383428902536093e-13,0,1.0,0.1,1.939151644706726,1.0,23653.775390625,656.5730385904047,0.4384749233722687,1.0,1.4142135623730951,0.059369048757305545,exact_deterministic_ggn_2b,torch.float64,3.3453350624768063e-05,1.130268036430383e-14,7.079127840070774e-13,symmetrized_jacobi_fullfp64_chunked,1024,1.0,1e-06,paper_sgd_momentum_1e-6
14,1,-2.279578685760498,-1.5063583850860596,-2.2786738872528076,-4.425259113311768,0.028793642297387123,0.0,0.0026666666666666674,0.18474796414375305,68.13,9.7,249,0.4249415099620819,26,0.010280868038535118,-0.0071334876120090485,0.025363869965076447,0.0026666666666666674,1029,4218880,15166.722592399921,4218880,2.1509950160980225,0.441903293132782,0.4955708980560303,0.7608069777488708,0.6257436871528625,-2.293642997741699,0.1523696631193161,1.0,1.0,512,4.442696571350098,6298.7451171875,6.169377338718142e-13,0,1.0,0.1,2.7605056762695312,1.0,25051.73046875,675.0971938258788,0.4249415099620819,1.0,1.4142135623730951,0.040393372024765145,exact_deterministic_ggn_2b,torch.float64,1.579625313752331e-05,1.1504958320558455e-14,6.228792172718758e-13,symmetrized_jacobi_fullfp64_chunked,1024,1.0,1e-06,paper_sgd_momentum_1e-6
14,3,-2.298090934753418,-1.6409003734588623,-2.31669282913208,-2.837043523788452,0.010786987841129303,0.0,0.0026666666666666674,0.1444244682788849,86.77,9.8,252,0.4234558045864105,26,0.015644794330000877,-0.002987828105688095,0.008907098323106766,0.0026666666666666674,1039,4259840,15330.230123518035,4259840,3.4591927528381348,0.2082480639219284,0.29550912976264954,0.8711657524108887,0.5055800676345825,-0.3154175579547882,0.1767357587814331,1.0,1.0,512,10.933899879455566,6444.423828125,8.328407004989803e-13,0,1.0,0.1,2.5197155475616455,1.0,21224.6171875,589.3817232818685,0.4234558045864105,1.0,1.4142135623730951,0.036938459584451314,exact_deterministic_ggn_2b,torch.float64,3.88760854548309e-05,1.0479388976487233e-14,8.618407862669449e-13,symmetrized_jacobi_fullfp64_chunked,1024,1.0,1e-06,paper_sgd_momentum_1e-6
14,1,-2.33957576751709,-1.5359371900558472,-2.305889129638672,-5.189027786254883,0.0790717676281929,0.0,0.0026666666666666674,0.19395583868026733,74.9,9.5,253,0.41354605555534363,26,0.0080355703830719,-0.02699172869324684,0.07481716573238373,0.0026666666666666674,1049,4300800,15492.815289548133,4300800,1.6634330749511719,0.24501988291740417,0.35037198662757874,0.7579902410507202,0.567289412021637,-2.3160572052001953,0.24655267596244812,1.0,1.0,512,6.392394065856934,7416.443359375,1.6385549495787568e-12,0,1.0,0.1,1.571854829788208,1.0,22667.966796875,651.5635685717701,0.41354605555534363,1.0,1.4142135623730951,0.039898609543401964,exact_deterministic_ggn_2b,torch.float64,2.272851088491734e-05,2.575544324429413e-14,1.5262321295542857e-12,symmetrized_jacobi_fullfp64_chunked,1024,1.0,1e-06,paper_sgd_momentum_1e-6
14,1,-2.3451590538024902,-1.888296365737915,-2.3499269485473633,-5.265293598175049,0.038835108280181885,0.0,0.0026666666666666674,0.17497052252292633,69.58,9.6,252,0.4719019830226898,26,0.03095206245779991,-0.018271170556545258,0.039671480655670166,0.0026666666666666674,1059,4341760,15659.151244364213,4341760,6.209807872772217,0.2614240050315857,0.5846458673477173,0.8223411440849304,0.6090196371078491,-2.327138662338257,0.0630996823310852,1.0,1.0,512,16.192325592041016,6207.4287109375,1.130918024065535e-12,0,1.0,0.1,1.5882568359375,1.0,26438.798828125,939.0826329924461,0.4719019830226898,1.0,1.4142135623730951,0.018069710504262645,exact_deterministic_ggn_2b,torch.float64,5.757270992035046e-05,1.187265191321607e-14,1.2823217653416232e-12,symmetrized_jacobi_fullfp64_chunked,1024,1.0,1e-06,paper_sgd_momentum_1e-6
14,1,-2.3731417655944824,-1.6250015497207642,-2.338073968887329,-5.036764144897461,0.07644814997911453,0.0,0.0026666666666666674,0.2066432535648346,76.65,9.3,253,0.4929453730583191,26,0.012043270282447338,-0.002889566123485565,0.05420131981372833,0.0026666666666666674,1069,4382720,15821.181661513168,4382720,2.2010552883148193,0.4292479157447815,0.4780953824520111,0.7609037160873413,0.5873012542724609,-2.338495969772339,0.17498905956745148,1.0,1.0,512,5.760732173919678,7293.921875,1.1254709463876912e-12,0,1.0,0.1,3.023920774459839,1.0,26253.87109375,697.307061854747,0.4929454028606415,1.0,1.4142135623730951,0.048858853697040155,exact_deterministic_ggn_2b,torch.float64,2.048260284936987e-05,1.8447665071485212e-14,1.1254760764997961e-12,symmetrized_jacobi_fullfp64_chunked,1024,1.0,1e-06,paper_sgd_momentum_1e-6
14,1,-2.379279375076294,-1.7498772144317627,-2.3246774673461914,-4.757384300231934,0.08757184445858002,0.0,0.0026666666666666674,0.1921483278274536,65.37,8.9,252,0.4856267273426056,26,0.0054231202229857445,0.0039051976054906845,0.0589931383728981,0.0026666666666666674,1079,4423680,15983.520955579821,4423680,2.191988468170166,0.5761146545410156,0.4167915880680084,0.8226991295814514,0.5463559627532959,-2.3498151302337646,0.2500831186771393,1.0,1.0,512,3.4076151847839355,7098.1435546875,1.1238485628025067e-12,0,1.0,0.1,1.1347569227218628,1.0,24540.24609375,843.5548273408972,0.485626757144928,1.0,1.4142135623730951,0.030273121879213983,exact_deterministic_ggn_2b,torch.float64,1.2115964636905119e-05,2.2376245292242896e-14,1.0491791232267114e-12,symmetrized_jacobi_fullfp64_chunked,1024,1.0,1e-06,paper_sgd_momentum_1e-6
14,1,-2.3236358165740967,-1.7920522689819336,-2.326789617538452,-5.204472541809082,0.033903222531080246,0.0,0.004000000000000001,0.1507968306541443,69.02,9.7,252,0.45614326000213623,26,0.03512870892882347,-0.007755978032946587,0.022783296182751656,0.004000000000000001,1089,4464640,16145.979599742219,4464640,8.749199867248535,0.10000000149011612,0.5047251582145691,0.8478504419326782,0.5668651461601257,-2.3610119819641113,0.073341503739357,1.0,1.0,512,14.607921600341797,9407.9228515625,1.203736133637947e-12,0,1.0,0.1,0.8822431564331055,1.0,25874.552734375,731.6740534342628,0.4561432898044586,1.0,1.4142135623730951,0.03468361029947978,exact_deterministic_ggn_2b,torch.float64,0.00011686338257277384,1.3240268542970427e-14,1.1749411669556933e-12,symmetrized_jacobi_fullfp64_chunked,1024,1.0,1e-06,paper_sgd_momentum_1e-6
14,1,-2.3584890365600586,-1.6137144565582275,-2.3469974994659424,-4.609560012817383,0.03588370233774185,0.0,0.0026666666666666674,0.18879711627960205,67.61,9.7,251,0.4750743508338928,26,0.006710590794682503,-0.011951562017202377,0.05178701877593994,0.0026666666666666674,1099,4505600,16309.260162007064,4505600,1.8950834274291992,0.46999654173851013,0.5007237195968628,0.7568809986114502,0.5744017362594604,-2.3724958896636963,0.10195896774530411,1.0,1.0,512,4.964437484741211,9131.4169921875,1.0972775470071252e-12,0,1.0,0.1,1.2563250064849854,1.0,27487.80859375,924.6475464029437,0.4750743508338928,1.0,1.4142135623730951,0.04339839471024421,exact_deterministic_ggn_2b,torch.float64,1.7651333109824918e-05,1.9549930861445653e-14,1.067747490281332e-12,symmetrized_jacobi_fullfp64_chunked,1024,1.0,1e-06,paper_sgd_momentum_1e-6
14,1,-2.3968746662139893,-1.6252788305282593,-2.37119460105896,-5.0892462730407715,0.06128786876797676,0.0,0.0026666666666666674,0.18602505326271057,70.02,9.4,249,0.47760599851608276,26,0.011331886053085327,-0.0002716183662414551,0.050676122307777405,0.0026666666666666674,1109,4546560,16473.412260013167,4546560,1.8971322774887085,0.33219966292381287,0.5162438750267029,0.8657829761505127,0.6196901798248291,-2.383657455444336,0.1440603882074356,1.0,1.0,512,7.1531572341918945,5601.5361328125,7.561133287925106e-13,0,1.0,0.1,2.0206403732299805,1.0,26544.513671875,658.950443839216,0.47760602831840515,1.0,1.4142135623730951,0.057065130718482314,exact_deterministic_ggn_2b,torch.float64,2.543344635341782e-05,1.1366103233556743e-14,7.371762654167568e-13,symmetrized_jacobi_fullfp64_chunked,1024,1.0,1e-06,paper_sgd_momentum_1e-6
14,1,-2.3992888927459717,-1.8410489559173584,-2.4043171405792236,-5.060123443603516,0.029761524870991707,0.0,0.0017777777777777783,0.17143990099430084,84.34,9.7,249,0.41519322991371155,26,0.023138735443353653,-0.004057107027620077,0.018411103636026382,0.0017777777777777783,1119,4587520,16638.021948709153,4587520,3.7846686840057373,0.11196006089448929,0.5838745832443237,0.8674530386924744,0.6210914850234985,-2.3947336673736572,0.041522759944200516,1.0,1.0,512,37.40589141845703,9680.876953125,1.5326573915039495e-12,0,1.0,0.1,2.9283151626586914,1.0,28166.3828125,1031.5982375638544,0.41519320011138916,1.0,1.4142135623730951,0.028677596872353217,exact_deterministic_ggn_2b,torch.float64,5.911054540774785e-05,1.086622832536268e-14,1.1400632967007445e-12,symmetrized_jacobi_fullfp64_chunked,1024,1.0,1e-06,paper_sgd_momentum_1e-6
14,1,-2.4011757373809814,-1.822056770324707,-2.385718822479248,-5.473520755767822,0.0545336939394474,0.0,0.0026666666666666674,0.17707738280296326,68.8,9.7,249,0.4830247461795807,26,0.01760188676416874,-0.006644238252192736,0.05387124419212341,0.0026666666666666674,1129,4628480,16802.763903981075,4628480,2.150435209274292,0.22149616479873657,0.49757862091064453,0.746319591999054,0.5642653107643127,-2.4063360691070557,0.07950913161039352,1.0,1.0,512,9.41601848602295,8031.76904296875,1.7923357372211486e-12,0,1.0,0.1,2.558453321456909,1.0,27527.0234375,711.185322115977,0.4830247461795807,1.0,1.4142135623730951,0.04456867679588161,exact_deterministic_ggn_2b,torch.float64,3.347917663631961e-05,2.3808996877951668e-14,1.7774857545526416e-12,symmetrized_jacobi_fullfp64_chunked,1024,1.0,1e-06,paper_sgd_momentum_1e-6
14,1,-2.4219014644622803,-1.8035295009613037,-2.4226999282836914,-4.665277004241943,0.021372810006141663,0.0,0.0026666666666666674,0.20425836741924286,89.66,9.9,248,0.28841039538383484,26,0.023448484018445015,0.0002895123325288296,0.02047891914844513,0.0026666666666666674,1139,4669440,16967.588491264265,4669440,6.6354660987854,0.2691090404987335,0.4796343445777893,0.7465569972991943,0.5984618067741394,-2.4179179668426514,0.1098722517490387,1.0,1.0,512,13.005546569824219,14313.798828125,1.1389324060562829e-12,0,1.0,0.1,1.1668052673339844,1.0,25286.546875,1110.3962222025218,0.28841039538383484,1.0,1.4142135623730951,0.02735812001656564,exact_deterministic_ggn_2b,torch.float64,4.624194116331637e-05,1.3238332645900889e-14,8.44106671722545e-13,symmetrized_jacobi_fullfp64_chunked,1024,1.0,1e-06,paper_sgd_momentum_1e-6
14,1,-2.436038017272949,-1.9418343305587769,-2.4253318309783936,-5.2435221672058105,0.04781308397650719,0.0,0.0017777777777777783,0.1652110517024994,75.85,9.8,249,0.3482929766178131,26,0.029487859457731247,0.010281110182404518,0.028030553832650185,0.0017777777777777783,1149,4710400,17132.31850472791,4710400,4.537538528442383,0.10000000149011612,0.4986574053764343,0.7919201254844666,0.5787891745567322,-2.4293997287750244,0.0882464200258255,1.0,1.0,512,32.1494140625,10737.6796875,9.998592749684348e-13,0,1.0,0.1,3.8089070320129395,1.0,26308.556640625,720.4409038379392,0.3482929766178131,1.0,1.4142135623730951,0.02881460110337126,exact_deterministic_ggn_2b,torch.float64,5.080401388113387e-05,7.6313298521087e-15,9.25359052206642e-13,symmetrized_jacobi_fullfp64_chunked,1024,1.0,1e-06,paper_sgd_momentum_1e-6
14,1,-2.4615230560302734,-1.5407027006149292,-2.4203875064849854,-5.217108726501465,0.08798915892839432,0.0,0.0026666666666666674,0.20198412239551544,58.99,8.8,248,0.48796966671943665,26,0.02024785801768303,-0.042319223284721375,0.06109096482396126,0.0026666666666666674,1159,4751360,17296.558700853027,4751360,2.0076100826263428,0.10000000149011612,0.4031904935836792,0.8074250817298889,0.5315898656845093,-2.439880609512329,0.2629178762435913,1.0,1.0,512,13.397720336914062,10692.287109375,1.372885351463876e-12,0,1.0,0.1,0.9615403413772583,1.0,26394.98046875,1018.2228085493837,0.48796966671943665,1.0,1.4142135623730951,0.038158227354159226,exact_deterministic_ggn_2b,torch.float64,4.7636338422307745e-05,1.5755200565348953e-14,1.2857803961065245e-12,symmetrized_jacobi_fullfp64_chunked,1024,1.0,1e-06,paper_sgd_momentum_1e-6
14,1,-2.4459004402160645,-2.0264406204223633,-2.4343600273132324,-5.0461883544921875,0.041676152497529984,0.0,0.0026666666666666674,0.19084417819976807,69.23,9.8,249,0.4707963168621063,26,0.02018107660114765,-0.0023893797770142555,0.04546179994940758,0.0026666666666666674,1169,4792320,17461.540877340827,4792320,2.472236156463623,0.15488579869270325,0.525334358215332,0.7938902378082275,0.5913230776786804,-2.4504342079162598,0.07957327365875244,1.0,1.0,512,10.787416458129883,12437.4287109375,1.380929399380937e-12,0,1.0,0.1,2.0079660415649414,1.0,29530.7578125,1079.4516592111863,0.4707963168621063,1.0,1.4142135623730951,0.03769082849191976,exact_deterministic_ggn_2b,torch.float64,3.835525785689242e-05,1.736945386182538e-14,1.5218649232951316e-12,symmetrized_jacobi_fullfp64_chunked,1024,1.0,1e-06,paper_sgd_momentum_1e-6
14,1,-2.437018871307373,-1.8565541505813599,-2.4449708461761475,-2.8628997802734375,0.010159630328416824,0.0,0.0026666666666666674,0.1539936363697052,76.39,9.9,248,0.35960736870765686,26,0.018454717472195625,-0.013973268680274487,0.006718048360198736,0.0026666666666666674,1179,4833280,17626.445236063097,4833280,2.9175429344177246,0.19458788633346558,0.5494678020477295,0.7451403737068176,0.5900657773017883,-0.3479737341403961,0.029751427471637726,1.0,1.0,512,17.553672790527344,9964.28515625,8.78706359060198e-13,0,1.0,0.1,5.7099151611328125,1.0,33822.9765625,819.1047274193278,0.35960736870765686,1.0,1.4142135623730951,0.034305432442407406,exact_deterministic_ggn_2b,torch.float64,6.241305527510121e-05,8.85441170392014e-15,7.957354705150646e-13,symmetrized_jacobi_fullfp64_chunked,1024,1.0,1e-06,paper_sgd_momentum_1e-6
14,1,-2.4503417015075684,-2.066310405731201,-2.443364143371582,-5.507336616516113,0.039644401520490646,0.0,0.0026666666666666674,0.17744871973991394,72.18,9.7,249,0.5105495452880859,26,0.006413810886442661,-0.006414406001567841,0.06077376753091812,0.0026666666666666674,1189,4874240,17791.06670941692,4874240,2.017016887664795,0.3087928593158722,0.4719279110431671,0.7402986288070679,0.5449317693710327,-2.472602128982544,0.08984297513961792,1.0,1.0,512,3.9458494186401367,8113.0849609375,1.7696459569380841e-12,0,0.9793368577957153,0.1,1.9300366640090942,1.0,29699.25,665.6499342296823,0.5105495452880859,1.0,1.4142135623730951,0.04241995126999701,exact_deterministic_ggn_2b,torch.float64,1.3455881344270892e-05,3.3363896319663896e-14,1.7784637214162247e-12,symmetrized_jacobi_fullfp64_chunked,1024,1.0,1e-06,paper_sgd_momentum_1e-6
14,1,-2.4942879676818848,-1.8544121980667114,-2.491513967514038,-4.837630748748779,0.02953953482210636,0.0,0.0026666666666666674,0.17115247249603271,69.72,9.8,249,0.3958469331264496,26,0.0125855952501297,-0.00794752687215805,0.011836615391075611,0.0026666666666666674,1199,4915200,17955.785577681847,4915200,2.409071922302246,0.3246023952960968,0.5428271293640137,0.7393509149551392,0.5812482237815857,-2.4838757514953613,0.05278928205370903,1.0,1.0,512,6.438438415527344,7412.69482421875,1.4002722947635006e-12,0,1.0,0.1,2.723634719848633,1.0,25770.5859375,966.1097292786158,0.3958469331264496,1.0,1.4142135623730951,0.021267016553533413,exact_deterministic_ggn_2b,torch.float64,2.2892223569215275e-05,2.2083857765094503e-14,1.4415040900927922e-12,symmetrized_jacobi_fullfp64_chunked,1024,1.0,1e-06,paper_sgd_momentum_1e-6
14,1,-2.4715800285339355,-1.6957955360412598,-2.4715092182159424,-4.945870876312256,0.047432538121938705,0.0,0.0026666666666666674,0.17441707849502563,68.07,9.4,249,0.5839568972587585,26,0.013275785371661186,-0.01777067594230175,0.03520088270306587,0.0026666666666666674,1209,4956160,18120.32350964425,4956160,3.7780978679656982,0.30915242433547974,0.4716845452785492,0.8231202363967896,0.5780059695243835,-2.4939398765563965,0.11688113212585449,1.0,1.0,512,9.43517780303955,6936.62890625,1.2491551486716628e-12,0,0.8562275767326355,0.1,5.376550674438477,1.0,27058.703125,659.0789122966655,0.5839568972587585,1.0,1.4142135623730951,0.047112458031668386,exact_deterministic_ggn_2b,torch.float64,2.4594384740339592e-05,1.654150846943193e-14,1.0870024453033486e-12,symmetrized_jacobi_fullfp64_chunked,1024,1.0,1e-06,paper_sgd_momentum_1e-6
14,1,-2.4718074798583984,-1.7737210988998413,-2.4628653526306152,-4.920696258544922,0.0491751991212368,0.0,0.0026666666666666674,0.16980516910552979,73.97,9.5,249,0.47617554664611816,26,0.02336345985531807,0.0013057524338364601,0.0247531495988369,0.0026666666666666674,1219,4997120,18284.829035921022,4997120,2.0968828201293945,0.12270935624837875,0.418949693441391,0.7499038577079773,0.4982251524925232,-2.504502773284912,0.1293100267648697,1.0,1.0,512,18.64788818359375,9832.794921875,1.3149591472718551e-12,0,1.0,0.1,5.132491111755371,1.0,25158.048828125,1030.4561242929447,0.47617554664611816,1.0,1.4142135623730951,0.041106186382695975,exact_deterministic_ggn_2b,torch.float64,6.630359712289646e-05,1.2834750085054366e-14,1.217229067510634e-12,symmetrized_jacobi_fullfp64_chunked,1024,1.0,1e-06,paper_sgd_momentum_1e-6
14,1,-2.4964325428009033,-2.131991386413574,-2.4939255714416504,-4.730484962463379,0.0220564603805542,0.0,0.004000000000000001,0.16266123950481415,71.51,9.6,248,0.2897961437702179,26,0.020656768232584,-0.009044714272022247,0.02088327333331108,0.004000000000000001,1229,5038080,18449.4184496589,5038080,1.995867133140564,0.21189706027507782,0.5180876851081848,0.7803624272346497,0.5569815039634705,-2.515389919281006,0.05075548216700554,1.0,1.0,512,2.785531759262085,8554.67578125,8.282333383951441e-13,0,1.0,0.1,0.9295023083686829,1.0,29103.33984375,692.1171358046505,0.2897961437702179,1.0,1.4142135623730951,0.04432651507434742,exact_deterministic_ggn_2b,torch.float64,2.2284257283899933e-05,1.811709200768395e-14,8.25376355589554e-13,symmetrized_jacobi_fullfp64_chunked,1024,1.0,1e-06,paper_sgd_momentum_1e-6
14,1,-2.5290536880493164,-2.1167149543762207,-2.5271830558776855,-5.45117712020874,0.03105807490646839,0.0,0.0017777777777777783,0.1990613490343094,68.07,9.9,249,0.3473566174507141,26,0.01441202498972416,-0.00118284672498703,0.030890993773937225,0.0017777777777777783,1239,5079040,18614.10811708588,5079040,2.2329142093658447,0.3479410409927368,0.545883059501648,0.7849120497703552,0.5739057064056396,-2.526301622390747,0.04034239426255226,1.0,1.0,512,15.805814743041992,9256.818359375,1.307871133344008e-12,0,1.0,0.1,6.115102767944336,1.0,26767.53125,922.3964235964994,0.3473566174507141,1.0,1.4142135623730951,0.05473069154287335,exact_deterministic_ggn_2b,torch.float64,2.4977091015898623e-05,1.3712856078380596e-14,1.2658241989412873e-12,symmetrized_jacobi_fullfp64_chunked,1024,1.0,1e-06,paper_sgd_momentum_1e-6
14,1,-2.492720127105713,-1.7877932786941528,-2.5017337799072266,-2.794771432876587,0.010483631864190102,0.0,0.0026666666666666674,0.17953675985336304,72.94,10.0,249,0.47331103682518005,26,0.02266666293144226,-0.00632695434615016,0.007901830598711967,0.0026666666666666674,1249,5120000,18778.6033832971,5120000,3.1132164001464844,0.19207262992858887,0.4450167119503021,0.7293166518211365,0.5267397165298462,-0.5428615808486938,0.08101537823677063,1.0,1.0,512,10.861141204833984,8789.8232421875,1.2580452699493824e-12,0,1.0,0.1,10.044380187988281,1.0,25700.03515625,903.3047742033301,0.47331103682518005,1.0,1.4142135623730951,0.03672100077406577,exact_deterministic_ggn_2b,torch.float64,3.861738878185861e-05,1.5438859662677626e-14,9.91481998938338e-13,symmetrized_jacobi_fullfp64_chunked,1024,1.0,1e-06,paper_sgd_momentum_1e-6
14,1,-2.57712459564209,-2.062930107116699,-2.5500075817108154,-5.31679105758667,0.06566884368658066,0.0,0.0026666666666666674,0.1670670509338379,75.91,9.5,249,0.40491676330566406,26,0.00984124094247818,-0.023940131068229675,0.06024118512868881,0.0026666666666666674,1259,5160960,18943.48898311192,5160960,2.285989999771118,0.41614142060279846,0.3708753287792206,0.7397783398628235,0.5140242576599121,-2.5477733612060547,0.16346177458763123,1.0,1.0,512,4.573145389556885,7026.4482421875,1.3837948821747345e-12,0,1.0,0.1,1.823319911956787,1.0,26574.791015625,718.2151817381404,0.40491676330566406,1.0,1.4142135623730951,0.04020628256885535,exact_deterministic_ggn_2b,torch.float64,1.6260071788565256e-05,2.5018794438098444e-14,1.3299867594881294e-12,symmetrized_jacobi_fullfp64_chunked,1024,1.0,1e-06,paper_sgd_momentum_1e-6
14,1,-2.603065013885498,-2.0993244647979736,-2.5514984130859375,-5.510995864868164,0.10094238072633743,0.0,0.0017777777777777783,0.19492803514003754,72.3,9.5,249,0.4913980960845947,26,0.0014503782149404287,-0.004775881767272949,0.08039836585521698,0.0026666666666666674,1269,5201920,19108.12077997485,5201920,1.1601483821868896,0.6079920530319214,0.455569863319397,0.8141900897026062,0.5637377500534058,-2.558500289916992,0.16314749419689178,1.0,1.0,512,8.790264129638672,8618.44921875,1.849529008545577e-12,0,1.0,0.1,1.8886263370513916,1.0,28278.896484375,807.7536760205444,0.49139806628227234,1.0,1.4142135623730951,0.04019160842645634,exact_deterministic_ggn_2b,torch.float64,1.389078806823818e-05,2.505820164244034e-14,1.816712028427679e-12,symmetrized_jacobi_fullfp64_chunked,1024,1.0,1e-06,paper_sgd_momentum_1e-6
14,1,-2.563244581222534,-2.108696699142456,-2.569157838821411,-3.0104622840881348,0.010015847161412239,0.0,0.0026666666666666674,0.1939561367034912,73.16,9.7,249,0.45932406187057495,26,0.026287849992513657,-0.005270261317491531,0.008466178551316261,0.0026666666666666674,1279,5242880,19272.79367560288,5242880,3.0576987266540527,0.31207510828971863,0.4147522449493408,0.7089828252792358,0.4693680703639984,-0.1490279585123062,0.06574775278568268,1.0,1.0,512,12.741575241088867,10828.974609375,1.0394141142815526e-12,0,1.0,0.1,2.704840660095215,1.0,25788.76171875,839.1699420640504,0.45932403206825256,1.0,1.4142135623730951,0.051416058264104045,exact_deterministic_ggn_2b,torch.float64,4.530337537289597e-05,1.2221053240407972e-14,1.016781055108494e-12,symmetrized_jacobi_fullfp64_chunked,1024,1.0,1e-06,paper_sgd_momentum_1e-6
14,1,-2.592336654663086,-2.141125202178955,-2.5759596824645996,-5.861863613128662,0.05119229480624199,0.0,0.0026666666666666674,0.19229984283447266,79.99,9.6,248,0.36772069334983826,26,0.009231767617166042,-0.01798454113304615,0.02211771160364151,0.0026666666666666674,1289,5283840,19437.49734577723,5283840,2.2409868240356445,0.19064949452877045,0.4003491997718811,0.8194848299026489,0.47600361704826355,-2.579867362976074,0.11444994807243347,1.0,1.0,512,5.400418758392334,11467.6708984375,1.2932227439551109e-12,0,1.0,0.1,1.2923364639282227,1.0,28835.068359375,785.7954441807851,0.36772069334983826,1.0,1.4142135623730951,0.03159403496584909,exact_deterministic_ggn_2b,torch.float64,1.9201488612452522e-05,2.2826783075068585e-14,1.3004478750858593e-12,symmetrized_jacobi_fullfp64_chunked,1024,1.0,1e-06,paper_sgd_momentum_1e-6
14,1,-2.573863983154297,-2.084444284439087,-2.5663516521453857,-5.262754440307617,0.026598887518048286,0.0,0.004000000000000001,0.2040468454360962,65.72,9.8,247,0.4000045955181122,26,0.05339235067367554,-0.05317157506942749,0.026043884456157684,0.0026666666666666674,1299,5324800,19607.41836482426,5324800,5.674680233001709,0.10000000149011612,0.4743785560131073,0.7244114875793457,0.545526921749115,-2.5903964042663574,0.07119666785001755,1.0,1.0,512,22.694805145263672,13566.95703125,1.2931505002653851e-12,0,1.0,0.1,0.8017566204071045,1.0,28802.087890625,783.727143541457,0.4000045657157898,1.0,1.4142135623730951,0.03288189396210144,exact_deterministic_ggn_2b,torch.float64,0.00018155845464207232,1.1641791761786826e-14,1.051711162544503e-12,symmetrized_jacobi_fullfp64_chunked,1024,1.0,1e-06,paper_sgd_momentum_1e-6
14,1,-2.60036563873291,-2.0312793254852295,-2.595890998840332,-5.476185321807861,0.03286179155111313,0.0,0.0026666666666666674,0.1780877709388733,69.47,9.8,250,0.38746464252471924,26,0.02594907209277153,-0.016889028251171112,0.03274381160736084,0.0026666666666666674,1309,5365760,19772.092966236174,5365760,3.2993428707122803,0.14078576862812042,0.41534942388534546,0.7438889145851135,0.5460972189903259,-2.6005897521972656,0.1267370581626892,1.0,1.0,512,13.291810989379883,8494.61328125,1.1991686684921166e-12,0,1.0,0.1,3.0126991271972656,1.0,24173.07421875,673.5822868531494,0.38746464252471924,1.0,1.4142135623730951,0.03411501809669735,exact_deterministic_ggn_2b,torch.float64,4.725977123598568e-05,1.3858055752150574e-14,1.1549350150040747e-12,symmetrized_jacobi_fullfp64_chunked,1024,1.0,1e-06,paper_sgd_momentum_1e-6
14,1,-2.6296331882476807,-2.0579614639282227,-2.618440866470337,-6.016932010650635,0.04960159584879875,0.0,0.0026666666666666674,0.16373130679130554,70.37,9.6,248,0.3559737801551819,26,0.007424608338624239,-0.0012860577553510666,0.03786729276180267,0.0026666666666666674,1319,5406720,19936.823967268225,5406720,2.669049024581909,0.35845017433166504,0.39119794964790344,0.812487006187439,0.5407128930091858,-2.6110422611236572,0.14862440526485443,1.0,1.0,512,5.816228866577148,8065.9091796875,8.490040127702874e-13,0,1.0,0.1,1.4635119438171387,1.0,25042.1796875,723.3593813129731,0.3559737503528595,1.0,1.4142135623730951,0.04643186051242275,exact_deterministic_ggn_2b,torch.float64,2.0679923181887716e-05,1.3868627143366632e-14,8.546382015732703e-13,symmetrized_jacobi_fullfp64_chunked,1024,1.0,1e-06,paper_sgd_momentum_1e-6
14,1,-2.623480796813965,-2.1518163681030273,-2.5979838371276855,-5.812167167663574,0.062384381890296936,0.0,0.0026666666666666674,0.2070607841014862,68.42,9.7,250,0.5139459371566772,26,0.008137103170156479,-0.01402975432574749,0.04315461218357086,0.0026666666666666674,1329,5447680,20101.39509936003,5447680,2.42928409576416,0.36645030975341797,0.42944619059562683,0.7068687677383423,0.4779420495033264,-2.6215364933013916,0.11198695749044418,1.0,1.0,512,7.844595909118652,10826.625,1.2513718203701405e-12,0,0.9728648662567139,0.1,1.1598647832870483,1.0,29372.091796875,972.0165932290543,0.513945996761322,1.0,1.4142135623730951,0.04567128896312516,exact_deterministic_ggn_2b,torch.float64,2.6398733098176308e-05,1.8413484084828127e-14,1.2024399732004557e-12,symmetrized_jacobi_fullfp64_chunked,1024,1.0,1e-06,paper_sgd_momentum_1e-6
14,1,-2.6152920722961426,-2.0923280715942383,-2.6028642654418945,-5.93168830871582,0.06268036365509033,0.0,0.004000000000000001,0.2314741015434265,76.43,9.8,249,0.43732312321662903,26,0.037699341773986816,-0.025305956602096558,0.06352616846561432,0.004000000000000001,1339,5488640,20266.244671304245,5488640,2.5340096950531006,0.10000000149011612,0.4425879120826721,0.7146022915840149,0.5366278290748596,-2.6315505504608154,0.09512477368116379,1.0,1.0,512,19.017494201660156,12622.01953125,1.7232738047021261e-12,0,1.0,0.1,1.0414048433303833,1.0,26786.29296875,915.2530021796575,0.43732312321662903,1.0,1.4142135623730951,0.042000125949239284,exact_deterministic_ggn_2b,torch.float64,0.00015213996812235564,1.6479193147226278e-14,1.5703729322505674e-12,symmetrized_jacobi_fullfp64_chunked,1024,1.0,1e-06,paper_sgd_momentum_1e-6
14,1,-2.612149477005005,-2.3063690662384033,-2.6191246509552,-2.991175413131714,0.007319938391447067,0.0,0.0026666666666666674,0.188064843416214,71.78,10.0,249,0.41415515542030334,26,0.0504177026450634,-0.01931656524538994,0.007078424096107483,0.0017777777777777783,1349,5529600,20430.737016717903,5529600,2.545518159866333,0.10000000149011612,0.5174016952514648,0.7408687472343445,0.5613775253295898,-0.17295460402965546,0.024583399295806885,1.0,1.0,512,35.489139556884766,9900.46875,2.2443144805485114e-12,0,1.0,0.1,5.717933654785156,1.0,27765.8203125,691.8550245687092,0.41415515542030334,1.0,1.4142135623730951,0.05845178183756157,exact_deterministic_ggn_2b,torch.float64,0.00012618360051419586,1.6205430628172725e-14,1.9758835654258326e-12,symmetrized_jacobi_fullfp64_chunked,1024,1.0,1e-06,paper_sgd_momentum_1e-6
14,1,-2.7423319816589355,-2.250993490219116,-2.6644232273101807,-5.81220006942749,0.14540566504001617,0.0,0.0026666666666666674,0.13858219981193542,66.25,9.1,249,0.7316254377365112,26,0.0027269460260868073,-0.008155480027198792,0.11350929737091064,0.004000000000000001,1359,5570560,20595.74335931288,5570560,1.2261370420455933,0.5164473056793213,0.36808162927627563,0.724534809589386,0.5108014345169067,-2.6521191596984863,0.2315240353345871,1.0,1.0,512,3.2928011417388916,10027.9677734375,2.199171094124847e-12,0,0.6834096908569336,0.1,5.402458190917969,1.0,34594.0859375,805.7053117006027,0.7316255569458008,1.0,1.4142135623730951,0.029055157888380485,exact_deterministic_ggn_2b,torch.float64,5.46808496437734e-06,3.975134410192519e-14,2.1251113735257755e-12,symmetrized_jacobi_fullfp64_chunked,1024,1.0,1e-06,paper_sgd_momentum_1e-6
14,1,-2.6419801712036133,-2.255124568939209,-2.6370038986206055,-5.859131336212158,0.030069809406995773,0.0,0.004000000000000001,0.14710991084575653,67.99,9.9,248,0.8090531229972839,26,0.036898769438266754,0.07708071172237396,0.022011885419487953,0.004000000000000001,1369,5611520,20760.167814984918,5611520,3.4818458557128906,0.10000000149011612,0.47844335436820984,0.717904269695282,0.5439117550849915,-2.6623611450195312,0.061328575015068054,1.0,1.0,512,3.3683736324310303,9731.70703125,2.173361363030302e-12,0,0.6180064082145691,0.1,0.8846045732498169,1.0,33299.4921875,710.0532194547782,0.8090530633926392,1.0,1.4142135623730951,0.042292195682778234,exact_deterministic_ggn_2b,torch.float64,1.0291916623828001e-05,4.481697836596945e-14,1.965602314258092e-12,symmetrized_jacobi_fullfp64_chunked,1024,1.0,1e-06,paper_sgd_momentum_1e-6
14,1,-2.6393375396728516,-2.237828016281128,-2.6458740234375,-3.012437343597412,0.010359557345509529,0.0,0.0026666666666666674,0.14844918251037598,67.04,9.9,247,0.34402939677238464,26,0.040774278342723846,-0.008450076915323734,0.008250468410551548,0.0026666666666666674,1379,5652480,20925.082330494188,5652480,6.642531871795654,0.10000000149011612,0.4540058374404907,0.7817065119743347,0.5312395095825195,-0.20003513991832733,0.05427898094058037,1.0,1.0,512,35.4801025390625,10771.11328125,7.979563091724189e-13,0,1.0,0.1,3.7452971935272217,1.0,30664.947265625,627.4082694253437,0.34402939677238464,1.0,1.4142135623730951,0.043558556707306045,exact_deterministic_ggn_2b,torch.float64,0.00012615146988537163,5.8111691277532124e-15,5.974899706852572e-13,symmetrized_jacobi_fullfp64_chunked,1024,1.0,1e-06,paper_sgd_momentum_1e-6
14,1,-2.6793465614318848,-2.2168500423431396,-2.6746957302093506,-6.1488728523254395,0.0344531312584877,0.0,0.0026666666666666674,0.17622745037078857,64.83,9.9,250,0.47482022643089294,26,0.011403964832425117,-0.013164731673896313,0.020307814702391624,0.0026666666666666674,1389,5693440,21089.487909566145,5693440,3.806833267211914,0.28980082273483276,0.5258241891860962,0.7451265454292297,0.5818724036216736,-2.6829938888549805,0.0463537760078907,1.0,1.0,512,5.297541618347168,8117.8994140625,3.3801664987861526e-12,0,1.0,0.1,2.6075830459594727,1.0,33029.984375,711.3085591771345,0.47482025623321533,1.0,1.4142135623730951,0.040855619694995,exact_deterministic_ggn_2b,torch.float64,1.8835702576325275e-05,5.862948534026918e-14,3.5531037255883153e-12,symmetrized_jacobi_fullfp64_chunked,1024,1.0,1e-06,paper_sgd_momentum_1e-6
14,1,-2.677459239959717,-2.17747163772583,-2.6709136962890625,-5.546321392059326,0.029559094458818436,0.0,0.0026666666666666674,0.18485777080059052,75.67,9.8,249,0.37465059757232666,26,0.015141336247324944,0.012835661880671978,0.019402973353862762,0.0026666666666666674,1399,5734400,21254.172897025943,5734400,4.327474117279053,0.31440213322639465,0.44104278087615967,0.8009703755378723,0.4850488603115082,-2.6931676864624023,0.07313528656959534,1.0,1.0,512,5.729795455932617,5863.9482421875,7.547383791294905e-13,0,1.0,0.1,3.7224531173706055,1.0,29255.072265625,529.0778470422157,0.37465059757232666,1.0,1.4142135623730951,0.02835523907244648,exact_deterministic_ggn_2b,torch.float64,2.0372604922158644e-05,1.2383943571950484e-14,8.127408953239578e-13,symmetrized_jacobi_fullfp64_chunked,1024,1.0,1e-06,paper_sgd_momentum_1e-6
14,1,-2.697266101837158,-1.7891839742660522,-2.680259943008423,-5.87083101272583,0.05716472864151001,0.0,0.0026666666666666674,0.21462959051132202,63.07,9.6,251,0.4819200336933136,26,0.02642243728041649,-0.0153702013194561,0.08252699673175812,0.0026666666666666674,1409,5775360,21418.693625596818,5775360,4.50001335144043,0.20333066582679749,0.3867231011390686,0.7087233066558838,0.5413368940353394,-2.702697992324829,0.18386338651180267,1.0,1.0,512,16.702552795410156,10408.484375,1.7116201699842745e-12,0,1.0,0.1,1.6263184547424316,1.0,31853.17578125,873.5113655727178,0.481920063495636,1.0,1.4142135623730951,0.039666582506563956,exact_deterministic_ggn_2b,torch.float64,5.9386849898146465e-05,1.7613100289904755e-14,1.7591069582464008e-12,symmetrized_jacobi_fullfp64_chunked,1024,1.0,1e-06,paper_sgd_momentum_1e-6
14,1,-2.7415456771850586,-2.319713830947876,-2.7201788425445557,-5.934510707855225,0.05183090642094612,0.0,0.0026666666666666674,0.190912127494812,66.78,9.7,248,0.36736467480659485,26,0.025524655357003212,0.00351051427423954,0.035502538084983826,0.0026666666666666674,1419,5816320,21583.282124991063,5816320,3.052830696105957,0.17551453411579132,0.506540060043335,0.8605928421020508,0.5548350811004639,-2.7124948501586914,0.07373577356338501,1.0,1.0,512,15.090605735778809,9009.5322265625,9.711220851422552e-13,0,1.0,0.1,4.044631481170654,1.0,34428.90234375,583.3052534233358,0.36736467480659485,1.0,1.4142135623730951,0.03594216413487373,exact_deterministic_ggn_2b,torch.float64,5.3655483498005196e-05,1.0549037782938358e-14,9.75581704020391e-13,symmetrized_jacobi_fullfp64_chunked,1024,1.0,1e-06,paper_sgd_momentum_1e-6
14,1,-2.705808639526367,-2.3374152183532715,-2.708716869354248,-2.9993865489959717,0.006314906757324934,0.0,0.0026666666666666674,0.186688631772995,65.6,10.0,249,0.367601215839386,26,0.03165508806705475,0.0021112337708473206,0.005933184176683426,0.0026666666666666674,1429,5857280,21747.726995341945,5857280,4.05394983291626,0.12875090539455414,0.518736720085144,0.7231752276420593,0.5656371712684631,-0.13427232205867767,0.02821659855544567,1.0,1.0,512,15.89280891418457,12295.3466796875,1.10849951573495e-12,0,1.0,0.1,4.088901519775391,1.0,35980.93359375,790.0682661608661,0.367601215839386,1.0,1.4142135623730951,0.029558352256141333,exact_deterministic_ggn_2b,torch.float64,5.65077607461717e-05,1.1746779805021787e-14,8.852726231353133e-13,symmetrized_jacobi_fullfp64_chunked,1024,1.0,1e-06,paper_sgd_momentum_1e-6
14,1,-2.723623752593994,-2.280113935470581,-2.7122695446014404,-6.197203159332275,0.0459061861038208,0.0,0.0017777777777777783,0.18972322344779968,63.49,9.7,249,0.4510630965232849,26,0.01185656525194645,-0.009557103738188744,0.03692127391695976,0.0017777777777777783,1439,5898240,21912.65831793705,5898240,4.395963668823242,0.3833732306957245,0.4514405131340027,0.7007615566253662,0.5182037949562073,-2.732605218887329,0.0807446762919426,1.0,1.0,512,16.403125762939453,9715.8310546875,1.2296868548403233e-12,0,1.0,0.1,2.2769808769226074,1.0,34526.828125,666.0639742664077,0.4510630965232849,1.0,1.4142135623730951,0.024661095063525183,exact_deterministic_ggn_2b,torch.float64,2.5920988264260814e-05,1.297415551716235e-14,1.2277948314765089e-12,symmetrized_jacobi_fullfp64_chunked,1024,1.0,1e-06,paper_sgd_momentum_1e-6
14,1,-2.728306770324707,-2.302237033843994,-2.7330479621887207,-5.283762454986572,0.02481159381568432,0.0,0.0026666666666666674,0.38852351903915405,111.34,9.8,250,0.5217724442481995,26,0.007823859341442585,0.0010982267558574677,0.021911833435297012,0.0026666666666666674,1449,5939200,22077.44906622218,5939200,1.8938636779785156,0.5335173010826111,0.298551082611084,0.6816516518592834,0.4741740822792053,-2.742065668106079,0.16091082990169525,1.0,1.0,512,3.130647659301758,7344.6826171875,1.0847943059456944e-12,0,0.9582721590995789,0.1,0.5986324548721313,1.0,22883.380859375,397.62266351854726,0.5217724442481995,1.0,1.4142135623730951,0.05241059596773945,exact_deterministic_ggn_2b,torch.float64,1.0221612683380954e-05,2.3624603046129117e-14,9.166304582354132e-13,symmetrized_jacobi_fullfp64_chunked,1024,1.0,1e-06,paper_sgd_momentum_1e-6
14,1,-2.7578978538513184,-2.2485854625701904,-2.7195467948913574,-6.186948776245117,0.09253289550542831,0.0,0.004000000000000001,0.1980155110359192,74.38,9.5,249,0.5350739359855652,26,0.04000384360551834,-0.00960212480276823,0.05089455470442772,0.004000000000000001,1459,5980160,22242.12674740283,5980160,2.6581313610076904,0.15944430232048035,0.3806723952293396,0.7000255584716797,0.4603239893913269,-2.751217842102051,0.14684578776359558,1.0,1.0,512,6.855607509613037,12945.716796875,1.4870624150203397e-12,0,0.9344502091407776,0.1,1.726327657699585,1.0,28401.26953125,975.2893756571629,0.53507399559021,1.0,1.4142135623730951,0.04358686006295822,exact_deterministic_ggn_2b,torch.float64,4.7890382120385766e-05,2.2879918167664937e-14,1.2789770146750138e-12,symmetrized_jacobi_fullfp64_chunked,1024,1.0,1e-06,paper_sgd_momentum_1e-6
