environment,method,steps,n_seeds,mean_eprewmean,std_eprewmean,sem_eprewmean,ci95_halfwidth
BigFish,PPO,41000,5,2.086,0.43223836,0.19330287,0.37887363
BigFish,PPO,81900,5,2.77,0.30846394,0.13794927,0.27038056
BigFish,PPO,123000,5,3.488,0.25232915,0.11284503,0.22117625
BigFish,PPO,164000,5,3.94,0.56885851,0.25440126,0.49862647
BigFish,PPO,205000,5,4.572,0.63562568,0.28426044,0.55715047
BigFish,PPO,246000,5,5.02,0.99982498,0.44713533,0.87638524
BigFish,PPO,287000,5,5.192,0.58831964,0.26310454,0.5156849
BigFish,PPO,328000,5,5.488,0.37897229,0.16948156,0.33218386
BigFish,PPO,369000,5,5.562,0.68166707,0.30485078,0.59750754
BigFish,PPO,410000,5,5.912,0.25897876,0.11581882,0.2270049
BigFish,PPO,451000,5,5.962,0.3553449,0.15891507,0.31147354
BigFish,PPO,492000,5,6.134,0.54302854,0.24284975,0.47598551
BigFish,PPO,532000,5,6.434,0.35732338,0.15979987,0.31320775
BigFish,PPO,573000,5,6.954,0.85089952,0.38053384,0.74584632
BigFish,PPO,614000,5,7.348,1.2803789,0.57260283,1.1223015
BigFish,PPO,655000,5,7.276,0.66541716,0.2975836,0.58326386
BigFish,PPO,696000,5,7.466,1.072581,0.47967281,0.9401587
BigFish,PPO,737000,5,7.57,0.70117758,0.31357615,0.61460925
BigFish,PPO,778000,5,8.284,1.1662461,0.52156112,1.0222598
BigFish,PPO,819000,5,7.988,1.4198486,0.63497559,1.2445522
BigFish,PPO,860000,5,8.202,1.0668036,0.47708909,0.93509462
BigFish,PPO,901000,5,8.334,0.8998222,0.40241272,0.78872894
BigFish,PPO,942000,5,8.918,1.6059172,0.718188,1.4076485
BigFish,PPO,983000,5,8.954,1.3058828,0.58400856,1.1446568
BigFish,PPO,1020000,5,9.106,0.72081898,0.32236005,0.63182569
BigFish,PPO,1060000,5,8.952,0.92258875,0.41259423,0.80868469
BigFish,PPO,1110000,5,8.774,1.1817699,0.52850355,1.035867
BigFish,PPO,1150000,5,8.33,0.80613274,0.36051352,0.7066065
BigFish,PPO,1190000,5,8.902,1.3010073,0.58182815,1.1403832
BigFish,PPO,1230000,5,9.346,1.3322462,0.59579862,1.1677653
BigFish,PPO,1270000,5,8.452,0.99376557,0.44442547,0.87107392
BigFish,PPO,1310000,5,9.16,1.3304886,0.5950126,1.1662247
BigFish,PPO,1350000,5,8.6,0.61668468,0.27578978,0.54054796
BigFish,PPO,1390000,5,8.69,1.4212319,0.63559421,1.2457647
BigFish,PPO,1430000,5,10.148,1.2537025,0.56067281,1.0989187
BigFish,PPO,1470000,5,9.838,0.91941286,0.41117393,0.8059009
BigFish,PPO,1520000,5,10.186,1.2181461,0.54477151,1.0677522
BigFish,PPO,1560000,5,10.348,0.79263485,0.35447708,0.69477508
BigFish,PPO,1600000,5,10.56,1.2876335,0.5758472,1.1286605
BigFish,PPO,1640000,5,10.472,1.6158341,0.722623,1.4163411
BigFish,PPO,1680000,5,11.14,2.2165288,0.99126182,1.9428732
BigFish,PPO,1720000,5,10.348,1.7415711,0.77885429,1.5265544
BigFish,PPO,1760000,5,11.7,0.58309519,0.2607681,0.51110547
BigFish,PPO,1800000,5,11.224,2.1555811,0.96400519,1.8894502
BigFish,PPO,1840000,5,10.41,1.8264173,0.81679863,1.6009253
BigFish,PPO,1880000,5,9.902,1.3499889,0.60373338,1.1833174
BigFish,PPO,1930000,5,10.69,1.194278,0.53409737,1.0468308
BigFish,PPO,1970000,5,10.116,1.477068,0.66056491,1.2947072
BigFish,PPO,2010000,5,10.202,1.4264712,0.6379373,1.2503571
BigFish,PPO,2050000,5,11.026,2.3391836,1.0461147,2.0503848
BigFish,PPO,2090000,5,10.342,1.9905075,0.890182,1.7447567
BigFish,PPO,2130000,5,10.614,0.52390839,0.23429895,0.45922595
BigFish,PPO,2170000,5,11.252,0.99625298,0.44553788,0.87325424
BigFish,PPO,2210000,5,11.698,1.5471005,0.69188438,1.3560934
BigFish,PPO,2250000,5,10.512,1.6477166,0.73688127,1.4442873
BigFish,PPO,2290000,5,11.3,0.65192024,0.29154759,0.57143329
BigFish,PPO,2330000,5,10.72,1.9070396,0.85285403,1.6715939
BigFish,PPO,2380000,5,10.79,1.9552493,0.87441409,1.7138516
BigFish,PPO,2420000,5,10.934,2.5628656,1.1461483,2.2464507
BigFish,PPO,2460000,5,10.822,1.5610637,0.69812893,1.3683327
BigFish,PPO,2500000,5,9.55,2.27617,1.0179342,1.995151
BigFish,PPO,2540000,5,11.046,1.8988365,0.84918549,1.6644036
BigFish,PPO,2580000,5,11.22,2.0537283,0.91845522,1.8001722
BigFish,PPO,2620000,5,10.958,2.9525108,1.320403,2.5879898
BigFish,PPO,2660000,5,10.612,2.1127518,0.94485131,1.8519086
BigFish,PPO,2700000,5,10.604,2.3184219,1.0368298,2.0321864
BigFish,PPO,2740000,5,10.626,2.2379969,1.0008626,1.9616908
BigFish,PPO,2790000,5,11.986,2.3019513,1.0294639,2.0177493
BigFish,PPO,2830000,5,12,2.8760998,1.2862309,2.5210126
BigFish,PPO,2870000,5,11.7,2.7362017,1.2236666,2.3983866
BigFish,PPO,2910000,5,10.542,1.6404024,0.73361025,1.4378761
BigFish,PPO,2950000,5,11.378,2.2104343,0.98853629,1.9375311
BigFish,PPO,2990000,5,11.21,1.8789625,0.84029757,1.6469832
BigFish,PPO,3030000,5,10.574,0.89603571,0.40071935,0.78540993
BigFish,PPO,3070000,5,10.464,1.4708773,0.65779632,1.2892808
BigFish,PPO,3110000,5,10.494,1.4565988,0.65141078,1.2767651
BigFish,PPO,3150000,5,10.672,1.1852932,0.53007924,1.0389553
BigFish,PPO,3190000,5,11.054,1.3845866,0.61920594,1.2136436
BigFish,PPO,3240000,5,10.68,1.3405223,0.59949979,1.1750196
BigFish,PPO,3280000,5,11.16,2.474308,1.1065442,2.1688266
BigFish,PPO,3320000,5,12.992,2.892632,1.2936244,2.5355038
BigFish,PPO,3360000,5,11.808,1.8502216,0.82744426,1.6217907
BigFish,PPO,3400000,5,11.78,1.6724234,0.74793048,1.4659437
BigFish,PPO,3440000,5,11.852,1.8672225,0.8350473,1.6366927
BigFish,PPO,3480000,5,12.52,1.8074844,0.80833162,1.58433
BigFish,PPO,3520000,5,11.24,1.2177849,0.54460995,1.0674355
BigFish,PPO,3560000,5,10.576,2.3206206,1.0378131,2.0341136
BigFish,PPO,3600000,5,10.624,2.0285783,0.9072078,1.7781273
BigFish,PPO,3650000,5,9.93,2.0558696,0.91941286,1.8020492
BigFish,PPO,3690000,5,9.56,1.6467088,0.73643058,1.4434039
BigFish,PPO,3730000,5,11.34,1.6379866,0.73252986,1.4357585
BigFish,PPO,3770000,5,9.75,2.0974747,0.93801919,1.8385176
BigFish,PPO,3810000,5,10.43,2.8835395,1.2895581,2.5275338
BigFish,PPO,3850000,5,9.8,2.203951,0.98563685,1.9318482
BigFish,PPO,3890000,5,11.022,2.7800216,1.2432634,2.4367964
BigFish,PPO,3930000,5,9.922,2.5076323,1.1214473,2.1980367
BigFish,PPO,3970000,5,10.428,1.9594055,0.87627279,1.7174947
BigFish,PPO,4010000,5,12.008,2.3461287,1.0492207,2.0564725
BigFish,PPO,4060000,5,11.06,0.97621719,0.4365776,0.85569209
BigFish,PPO,4100000,5,11.42,2.2254325,0.99524369,1.9506776
BigFish,PPO,4140000,5,9.95,1.348907,0.60324953,1.1823691
BigFish,PPO,4180000,5,10.054,1.3110988,0.5863412,1.1492287
BigFish,PPO,4220000,5,10.33,1.4895973,0.66616815,1.3056896
BigFish,PPO,4260000,5,10.952,3.1254632,1.3977496,2.7395893
BigFish,PPO,4300000,5,10.136,1.9288546,0.86260999,1.6907156
BigFish,PPO,4340000,5,10.13,2.0339125,0.90959332,1.7828029
BigFish,PPO,4380000,5,11.238,1.7722077,0.79255536,1.5534085
BigFish,PPO,4420000,5,11.414,2.4126707,1.0789791,2.1147991
BigFish,PPO,4460000,5,10.64,0.53197744,0.23790755,0.46629879
BigFish,PPO,4510000,5,10.64,1.2421755,0.55551778,1.0888148
BigFish,PPO,4550000,5,10.816,1.5713943,0.70274889,1.3773878
BigFish,PPO,4590000,5,11.678,1.7844943,0.79805012,1.5641782
BigFish,PPO,4630000,5,11.18,1.8686894,0.8357033,1.6379785
BigFish,PPO,4670000,5,11.48,0.96280839,0.430581,0.84393877
BigFish,PPO,4710000,5,10.882,1.5637839,0.69934541,1.370717
BigFish,PPO,4750000,5,10.642,0.94224201,0.42138344,0.82591153
BigFish,PPO,4790000,5,9.938,1.3876131,0.62055943,1.2162965
BigFish,PPO,4830000,5,10.816,2.1349543,0.9547806,1.87137
BigFish,PPO,4870000,5,10.678,1.4069542,0.62920903,1.2332497
BigFish,PPO,4920000,5,10.88,0.58906706,0.2634388,0.51634004
BigFish,PPO,4960000,5,10.764,1.0017385,0.44799107,0.8780625
BigFish,PPO,5000000,5,10.364,1.4065845,0.62904372,1.2329257
BigFish,PPO,5040000,5,11.164,1.6082537,0.71923292,1.4096965
BigFish,PPO,5080000,5,10.734,1.0969412,0.49056702,0.96151136
BigFish,PPO,5120000,5,11.248,1.4705509,0.65765036,1.2889947
BigFish,PPO,5160000,5,10.968,0.85271332,0.38134499,0.74743618
BigFish,PPO,5200000,5,10.898,1.2020898,0.53759092,1.0536782
BigFish,PPO,5240000,5,10.664,1.310145,0.58591467,1.1483928
BigFish,PPO,5280000,5,10.164,1.2871985,0.57565267,1.1282792
BigFish,PPO,5320000,5,10.386,1.353839,0.6054552,1.1866922
BigFish,PPO,5370000,5,9.55,0.64179436,0.28701916,0.56255756
BigFish,PPO,5410000,5,10.724,1.2332396,0.55152153,1.0809822
BigFish,PPO,5450000,5,10.184,1.1765543,0.52617107,1.0312953
BigFish,PPO,5490000,5,11.42,1.1233877,0.50239427,0.98469276
BigFish,PPO,5530000,5,10.564,1.2427711,0.55578413,1.0893369
BigFish,PPO,5570000,5,11.078,1.5641036,0.69948838,1.3709972
BigFish,PPO,5610000,5,10.496,1.3895431,0.62142256,1.2179882
BigFish,PPO,5650000,5,10.482,1.6900355,0.75580685,1.4813814
BigFish,PPO,5690000,5,10.84,0.54129474,0.24207437,0.47446576
BigFish,PPO,5730000,5,10.168,1.3482841,0.60297098,1.1818231
BigFish,PPO,5780000,5,10.07,2.4707286,1.1049434,2.1656891
BigFish,PPO,5820000,5,11.096,1.7457749,0.78073427,1.5302392
BigFish,PPO,5860000,5,10.786,2.1455023,0.95949779,1.8806157
BigFish,PPO,5900000,5,11.472,0.96120757,0.4298651,0.84253559
BigFish,PPO,5940000,5,10.698,1.6253677,0.72688651,1.4246976
BigFish,PPO,5980000,5,10.978,1.1797966,0.52762108,1.0341373
BigFish,Exact RAT,41000,5,1.756,0.2709797,0.12118581,0.23752418
BigFish,Exact RAT,81900,5,2.292,0.31641745,0.14150618,0.27735212
BigFish,Exact RAT,123000,5,3.27,0.078421936,0.035071356,0.068739857
BigFish,Exact RAT,164000,5,4.082,0.35905431,0.16057397,0.31472498
BigFish,Exact RAT,205000,5,4.784,0.83344466,0.37272778,0.73054645
BigFish,Exact RAT,246000,5,5.39,0.5922415,0.26485845,0.51912257
BigFish,Exact RAT,287000,5,5.456,0.41722895,0.18659046,0.3657173
BigFish,Exact RAT,328000,5,6.616,0.82017071,0.36679149,0.71891133
BigFish,Exact RAT,369000,5,6.508,0.89390715,0.39976743,0.78354417
BigFish,Exact RAT,410000,5,6.382,0.48986733,0.21907533,0.42938765
BigFish,Exact RAT,451000,5,6.844,1.0852788,0.48535142,0.95128878
BigFish,Exact RAT,492000,5,6.882,0.8242997,0.36863803,0.72253055
BigFish,Exact RAT,532000,5,7.836,1.7152493,0.76708279,1.5034823
BigFish,Exact RAT,573000,5,7.116,1.1577262,0.51775091,1.0147918
BigFish,Exact RAT,614000,5,7.978,0.90331058,0.40397277,0.79178663
BigFish,Exact RAT,655000,5,8.112,0.51363411,0.22970416,0.45022015
BigFish,Exact RAT,696000,5,8.03,1.1404166,0.5100098,0.99961922
BigFish,Exact RAT,737000,5,8.354,0.93513635,0.41820569,0.81968315
BigFish,Exact RAT,778000,5,9.076,1.4711662,0.65792553,1.289534
BigFish,Exact RAT,819000,5,7.76,1.1904831,0.53240023,1.0435044
BigFish,Exact RAT,860000,5,9.254,2.4835116,1.1106602,2.1768939
BigFish,Exact RAT,901000,5,9.008,1.1274174,0.50419639,0.98822493
BigFish,Exact RAT,942000,5,9.014,0.99773744,0.44620175,0.87455543
BigFish,Exact RAT,983000,5,9.618,1.209719,0.54100277,1.0603654
BigFish,Exact RAT,1020000,5,8.95,1.3419203,0.60012499,1.176245
BigFish,Exact RAT,1060000,5,9.508,1.5130664,0.67666388,1.3262612
BigFish,Exact RAT,1110000,5,9.618,1.3676513,0.61163224,1.1987992
BigFish,Exact RAT,1150000,5,9.958,1.9746696,0.88309909,1.7308742
BigFish,Exact RAT,1190000,5,9.726,1.9836532,0.88711668,1.7387487
BigFish,Exact RAT,1230000,5,8.912,2.0242332,0.9052646,1.7743186
BigFish,Exact RAT,1270000,5,8.756,0.7855444,0.35130613,0.68856002
BigFish,Exact RAT,1310000,5,9.686,1.0664568,0.47693396,0.93479056
BigFish,Exact RAT,1350000,5,9.56,1.6307207,0.72928047,1.4293897
BigFish,Exact RAT,1390000,5,9.58,1.6082444,0.71922875,1.4096884
BigFish,Exact RAT,1430000,5,10.11,1.5345358,0.68626525,1.3450799
BigFish,Exact RAT,1470000,5,10.572,2.4240813,1.0840821,2.1248009
BigFish,Exact RAT,1520000,5,10.372,2.9151192,1.3036809,2.5552146
BigFish,Exact RAT,1560000,5,9.674,2.7601232,1.2343646,2.4193546
BigFish,Exact RAT,1600000,5,10.022,2.4789958,1.1086406,2.1729356
BigFish,Exact RAT,1640000,5,10.256,2.5407932,1.1362773,2.2271034
BigFish,Exact RAT,1680000,5,9.944,3.2618829,1.4587584,2.8591664
BigFish,Exact RAT,1720000,5,11.46,2.5686572,1.1487384,2.2515273
BigFish,Exact RAT,1760000,5,11.42,2.3594491,1.0551777,2.0681483
BigFish,Exact RAT,1800000,5,10.69,1.3268383,0.59338015,1.1630251
BigFish,Exact RAT,1840000,5,10.844,1.992004,0.89085128,1.7460685
BigFish,Exact RAT,1880000,5,10.766,3.4602428,1.5474676,3.0330365
BigFish,Exact RAT,1930000,5,10.7,3.7635356,1.6831043,3.2988844
BigFish,Exact RAT,1970000,5,11.136,3.6991729,1.6543204,3.242468
BigFish,Exact RAT,2010000,5,10.984,4.1065716,1.8365146,3.5995687
BigFish,Exact RAT,2050000,5,10.996,2.6719431,1.1949293,2.3420614
BigFish,Exact RAT,2090000,5,12.982,3.1656153,1.4157062,2.7747841
BigFish,Exact RAT,2130000,5,12.178,3.1541592,1.4105829,2.7647424
BigFish,Exact RAT,2170000,5,11.468,2.9448463,1.3169753,2.5812716
BigFish,Exact RAT,2210000,5,11.176,1.9717708,0.8818027,1.7283333
BigFish,Exact RAT,2250000,5,11.486,2.5619094,1.1457207,2.2456126
BigFish,Exact RAT,2290000,5,11.754,3.5332676,1.5801253,3.0970456
BigFish,Exact RAT,2330000,5,11.264,2.7636715,1.2359515,2.4224649
BigFish,Exact RAT,2380000,5,12.234,3.0301452,1.3551221,2.6560394
BigFish,Exact RAT,2420000,5,12.332,2.0209206,0.90378316,1.771415
BigFish,Exact RAT,2460000,5,12.474,2.9070397,1.3000677,2.5481327
BigFish,Exact RAT,2500000,5,12.218,2.8268746,1.2642168,2.4778648
BigFish,Exact RAT,2540000,5,11.076,3.6168398,1.6174999,3.1702998
BigFish,Exact RAT,2580000,5,12.764,3.1415729,1.4049541,2.75371
BigFish,Exact RAT,2620000,5,12.22,3.1242679,1.3972151,2.7385416
BigFish,Exact RAT,2660000,5,13.626,3.1440229,1.4060498,2.7558576
BigFish,Exact RAT,2700000,5,13.876,3.8086586,1.7032839,3.3384364
BigFish,Exact RAT,2740000,5,12.342,2.5536875,1.1420438,2.2384058
BigFish,Exact RAT,2790000,5,12.496,2.9787716,1.3321471,2.6110084
BigFish,Exact RAT,2830000,5,13.314,3.7123416,1.6602096,3.2540109
BigFish,Exact RAT,2870000,5,12.324,2.8602937,1.2791622,2.507158
BigFish,Exact RAT,2910000,5,13.196,3.3672066,1.5058606,2.9514867
BigFish,Exact RAT,2950000,5,13.442,3.1935591,1.4282031,2.799278
BigFish,Exact RAT,2990000,5,13.204,3.7093234,1.6588598,3.2513653
BigFish,Exact RAT,3030000,5,13.196,4.1107274,1.8383732,3.6032115
BigFish,Exact RAT,3070000,5,13.24,2.3943684,1.0707941,2.0987564
BigFish,Exact RAT,3110000,5,13.202,2.801164,1.2527186,2.4553285
BigFish,Exact RAT,3150000,5,13.432,3.3843936,1.5135468,2.9665518
BigFish,Exact RAT,3190000,5,12.948,3.8615437,1.7269349,3.3847923
BigFish,Exact RAT,3240000,5,13.896,3.6344298,1.6253664,3.1857182
BigFish,Exact RAT,3280000,5,14.906,5.5564089,2.4849016,4.8704072
BigFish,Exact RAT,3320000,5,15.38,3.7110645,1.6596385,3.2528915
BigFish,Exact RAT,3360000,5,14.26,3.4918476,1.5616017,3.0607394
BigFish,Exact RAT,3400000,5,15.7,3.6776351,1.6446884,3.2235893
BigFish,Exact RAT,3440000,5,14.46,3.7587232,1.6809521,3.2946661
BigFish,Exact RAT,3480000,5,15.94,3.2883126,1.4705781,2.8823331
BigFish,Exact RAT,3520000,5,15.54,2.2277792,0.99629313,1.9527345
BigFish,Exact RAT,3560000,5,16.16,3.5345438,1.580696,3.0981643
BigFish,Exact RAT,3600000,5,16.52,3.3469389,1.4967966,2.9337213
BigFish,Exact RAT,3650000,5,15.28,3.5322797,1.5796835,3.0961797
BigFish,Exact RAT,3690000,5,16.44,2.9652993,1.3261222,2.5991994
BigFish,Exact RAT,3730000,5,15.98,2.9844598,1.334691,2.6159943
BigFish,Exact RAT,3770000,5,14.96,3.1722232,1.4186613,2.7805762
BigFish,Exact RAT,3810000,5,15.46,2.9151329,1.3036871,2.5552267
BigFish,Exact RAT,3850000,5,16.32,2.4953958,1.1159749,2.1873108
BigFish,Exact RAT,3890000,5,15.32,3.7943379,1.6968795,3.3258838
BigFish,Exact RAT,3930000,5,15.36,3.0096511,1.3459569,2.6380755
BigFish,Exact RAT,3970000,5,14.5,2.8600699,1.2790622,2.5069618
BigFish,Exact RAT,4010000,5,16.34,3.5423156,1.5841717,3.1049765
BigFish,Exact RAT,4060000,5,15.3,3.4402035,1.5385058,3.0154713
BigFish,Exact RAT,4100000,5,15.66,2.2097511,0.98823074,1.9369323
BigFish,Exact RAT,4140000,5,15.02,3.3221981,1.4857321,2.912035
BigFish,Exact RAT,4180000,5,16.1,1.933908,0.86486993,1.6951451
BigFish,Exact RAT,4220000,5,16.6,2.88704,1.2911235,2.5306021
BigFish,Exact RAT,4260000,5,15.36,3.6377191,1.6268374,3.1886013
BigFish,Exact RAT,4300000,5,15.26,2.9971653,1.3403731,2.6271312
BigFish,Exact RAT,4340000,5,16.56,2.6949954,1.2052386,2.3622676
BigFish,Exact RAT,4380000,5,16.94,3.1611707,1.4137185,2.7708883
BigFish,Exact RAT,4420000,5,16.2,2.8310775,1.2660964,2.4815489
BigFish,Exact RAT,4460000,5,17.08,3.1775777,1.4210559,2.7852697
BigFish,Exact RAT,4510000,5,16.86,2.2788155,1.0191173,1.9974698
BigFish,Exact RAT,4550000,5,15.52,2.5053942,1.1204463,2.1960748
BigFish,Exact RAT,4590000,5,16.02,2.4803226,1.109234,2.1740986
BigFish,Exact RAT,4630000,5,16.62,2.1718656,0.9712878,1.9037241
BigFish,Exact RAT,4670000,5,16.64,2.8404225,1.2702756,2.4897401
BigFish,Exact RAT,4710000,5,16.48,3.9663585,1.7738095,3.4766665
BigFish,Exact RAT,4750000,5,15.74,3.5302974,1.578797,3.0944421
BigFish,Exact RAT,4790000,5,16.56,2.5224988,1.1280957,2.2110677
BigFish,Exact RAT,4830000,5,16.14,2.5540164,1.1421909,2.2386941
BigFish,Exact RAT,4870000,5,15.64,2.4006249,1.0735921,2.1042405
BigFish,Exact RAT,4920000,5,16.72,2.2851696,1.0219589,2.0030395
BigFish,Exact RAT,4960000,5,16.32,4.2097506,1.8826577,3.6900091
BigFish,Exact RAT,5000000,5,16.3,2.8714108,1.2841339,2.5169025
BigFish,Exact RAT,5040000,5,17.32,2.6602631,1.1897058,2.3318235
BigFish,Exact RAT,5080000,5,18.18,4.4189365,1.9762085,3.8733686
BigFish,Exact RAT,5120000,5,16.98,2.8891175,1.2920526,2.5324232
BigFish,Exact RAT,5160000,5,17.74,3.076199,1.375718,2.6964073
BigFish,Exact RAT,5200000,5,16.7,4.7817361,2.1384574,4.1913765
BigFish,Exact RAT,5240000,5,16.1,4.3525854,1.9465354,3.8152094
BigFish,Exact RAT,5280000,5,18.24,4.3512067,1.9459188,3.8140009
BigFish,Exact RAT,5320000,5,17.44,3.7427263,1.6737981,3.2806442
BigFish,Exact RAT,5370000,5,17.2,4.748684,2.1236761,4.1624051
BigFish,Exact RAT,5410000,5,16.3,3.2233523,1.441527,2.8253929
BigFish,Exact RAT,5450000,5,15.86,2.0647034,0.92336342,1.8097923
BigFish,Exact RAT,5490000,5,15.9,3.4387498,1.5378556,3.0141971
BigFish,Exact RAT,5530000,5,16.58,5.2883835,2.365037,4.6354725
BigFish,Exact RAT,5570000,5,16.88,4.2517055,1.9014205,3.7267842
BigFish,Exact RAT,5610000,5,17.02,3.070342,1.3730987,2.6912734
BigFish,Exact RAT,5650000,5,16.414,5.3795427,2.4058046,4.7153771
BigFish,Exact RAT,5690000,5,16.72,3.2645061,1.4599315,2.8614658
BigFish,Exact RAT,5730000,5,17.222,4.8980016,2.1904529,4.2932877
BigFish,Exact RAT,5780000,5,17.36,4.9545938,2.2157617,4.342893
BigFish,Exact RAT,5820000,5,17.6,4.5038872,2.0141996,3.9478312
BigFish,Exact RAT,5860000,5,17.76,3.56132,1.5926707,3.1216346
BigFish,Exact RAT,5900000,5,18.28,4.7814224,2.1383171,4.1911015
BigFish,Exact RAT,5940000,5,17.12,3.3722396,1.5081114,2.9558983
BigFish,Exact RAT,5980000,5,16.28,3.4404942,1.5386358,3.0157261
BossFight,PPO,41000,5,0.022,0.033466401,0.01496663,0.029334594
BossFight,PPO,81900,5,0.038,0.016431677,0.0073484692,0.014403
BossFight,PPO,123000,5,0.04,0.038078866,0.017029386,0.033377597
BossFight,PPO,164000,5,0.084,0.083246622,0.037229021,0.072968881
BossFight,PPO,205000,5,0.046,0.060249481,0.026944387,0.052810999
BossFight,PPO,246000,5,0.19,0.18466185,0.082583291,0.16186325
BossFight,PPO,287000,5,0.266,0.33433516,0.14951923,0.29305769
BossFight,PPO,328000,5,0.394,0.75387665,0.33714389,0.66080202
BossFight,PPO,369000,5,0.232,0.33833415,0.15130763,0.29656296
BossFight,PPO,410000,5,0.224,0.15820872,0.070753092,0.13867606
BossFight,PPO,451000,5,0.148,0.11031772,0.049335586,0.096697748
BossFight,PPO,492000,5,0.334,0.17256883,0.077175126,0.15126325
BossFight,PPO,532000,5,0.242,0.20559669,0.091945636,0.18021345
BossFight,PPO,573000,5,0.402,0.53955537,0.2412965,0.47294114
BossFight,PPO,614000,5,0.296,0.37004054,0.16548716,0.32435483
BossFight,PPO,655000,5,0.436,0.55504955,0.2482257,0.48652238
BossFight,PPO,696000,5,0.238,0.19967474,0.089297256,0.17502262
BossFight,PPO,737000,5,0.324,0.48355972,0.21625448,0.42385878
BossFight,PPO,778000,5,0.478,0.59381815,0.26556355,0.52050456
BossFight,PPO,819000,5,0.43,0.48020829,0.21475568,0.42092112
BossFight,PPO,860000,5,0.466,0.35599157,0.15920427,0.31204037
BossFight,PPO,901000,5,0.51,0.52649786,0.235457,0.46149572
BossFight,PPO,942000,5,0.458,0.54513301,0.24379089,0.47783015
BossFight,PPO,983000,5,0.638,0.92637465,0.41428734,0.81200319
BossFight,PPO,1020000,5,0.406,0.56721248,0.25366513,0.49718366
BossFight,PPO,1060000,5,0.528,0.63751078,0.28510349,0.55880284
BossFight,PPO,1110000,5,0.362,0.28577964,0.12780454,0.25049689
BossFight,PPO,1150000,5,0.51,0.65517173,0.29300171,0.57428334
BossFight,PPO,1190000,5,0.62,0.74400941,0.33273112,0.652153
BossFight,PPO,1230000,5,0.528,0.69474456,0.31069921,0.60897045
BossFight,PPO,1270000,5,0.532,0.81637614,0.36509451,0.71558524
BossFight,PPO,1310000,5,0.36,0.45271404,0.20245987,0.39682135
BossFight,PPO,1350000,5,0.476,0.69654863,0.31150602,0.6105518
BossFight,PPO,1390000,5,0.64,0.79120162,0.35383612,0.6935188
BossFight,PPO,1430000,5,0.528,0.69247383,0.30968371,0.60698007
BossFight,PPO,1470000,5,0.458,0.59909932,0.26792536,0.52513371
BossFight,PPO,1520000,5,0.692,1.0707334,0.47884653,0.9385392
BossFight,PPO,1560000,5,0.544,0.54454568,0.24352823,0.47731534
BossFight,PPO,1600000,5,0.588,0.78062155,0.34910457,0.68424495
BossFight,PPO,1640000,5,0.484,0.58526063,0.26173651,0.51300356
BossFight,PPO,1680000,5,0.516,0.60566492,0.27086159,0.53088871
BossFight,PPO,1720000,5,0.62,0.73620649,0.32924155,0.64531344
BossFight,PPO,1760000,5,0.628,0.8638692,0.38633405,0.75721474
BossFight,PPO,1800000,5,0.542,0.80016873,0.35784634,0.70137882
BossFight,PPO,1840000,5,0.4,0.48851817,0.21847197,0.42820505
BossFight,PPO,1880000,5,0.386,0.54692778,0.24459354,0.47940334
BossFight,PPO,1930000,5,0.432,0.45521424,0.20357799,0.39901287
BossFight,PPO,1970000,5,0.476,0.62811623,0.28090212,0.55056815
BossFight,PPO,2010000,5,0.346,0.44897661,0.20078845,0.39354535
BossFight,PPO,2050000,5,0.25,0.2380126,0.10644247,0.20862725
BossFight,PPO,2090000,5,0.322,0.26118959,0.11680753,0.22894277
BossFight,PPO,2130000,5,0.4,0.43243497,0.1933908,0.37904596
BossFight,PPO,2170000,5,0.408,0.33707566,0.15074482,0.29545984
BossFight,PPO,2210000,5,0.368,0.33521635,0.14991331,0.29383008
BossFight,PPO,2250000,5,0.178,0.14394443,0.064373908,0.12617286
BossFight,PPO,2290000,5,0.376,0.5260038,0.23523605,0.46106266
BossFight,PPO,2330000,5,0.69,0.89780287,0.40150965,0.78695892
BossFight,PPO,2380000,5,0.762,0.76894083,0.34388079,0.67400635
BossFight,PPO,2420000,5,0.588,0.7664333,0.34275939,0.67180841
BossFight,PPO,2460000,5,0.452,0.29029296,0.12982296,0.25445299
BossFight,PPO,2500000,5,0.618,0.50301093,0.22495333,0.44090852
BossFight,PPO,2540000,5,0.456,0.55711758,0.24915056,0.48833509
BossFight,PPO,2580000,5,0.714,0.78910075,0.35289659,0.69167731
BossFight,PPO,2620000,5,0.76,0.96822002,0.43300115,0.84868226
BossFight,PPO,2660000,5,0.866,1.0782996,0.48223024,0.94517126
BossFight,PPO,2700000,5,0.938,1.3988638,0.62559092,1.2261582
BossFight,PPO,2740000,5,0.814,1.0378969,0.46416161,0.90975676
BossFight,PPO,2790000,5,1.026,1.2122417,0.54213098,1.0625767
BossFight,PPO,2830000,5,1.306,1.531953,0.68511021,1.342816
BossFight,PPO,2870000,5,0.754,0.96764146,0.43274242,0.84817514
BossFight,PPO,2910000,5,0.644,1.0179293,0.45523181,0.89225435
BossFight,PPO,2950000,5,0.654,0.92592116,0.41408453,0.81160568
BossFight,PPO,2990000,5,0.734,1.0969412,0.49056702,0.96151136
BossFight,PPO,3030000,5,0.66,0.90468226,0.40458621,0.79298897
BossFight,PPO,3070000,5,0.678,1.1443208,0.5117558,1.0030414
BossFight,PPO,3110000,5,1.154,1.8074374,0.80831058,1.5842887
BossFight,PPO,3150000,5,1.15,1.6142645,0.72192105,1.4149653
BossFight,PPO,3190000,5,0.776,1.1819602,0.52858869,1.0360338
BossFight,PPO,3240000,5,0.8,1.1280957,0.50449975,0.98881951
BossFight,PPO,3280000,5,0.69,1.2821466,0.57339341,1.1238511
BossFight,PPO,3320000,5,1.112,2.0414382,0.91295893,1.7893995
BossFight,PPO,3360000,5,1.018,1.6430825,0.73480882,1.4402253
BossFight,PPO,3400000,5,0.926,1.5712988,0.7027062,1.3773041
BossFight,PPO,3440000,5,0.898,1.693331,0.75728066,1.4842701
BossFight,PPO,3480000,5,0.918,1.3455742,0.60175909,1.1794478
BossFight,PPO,3520000,5,0.816,1.1439974,0.51161118,1.0027579
BossFight,PPO,3560000,5,0.918,1.6162364,0.72280288,1.4166936
BossFight,PPO,3600000,5,1.028,1.6969296,0.75888998,1.4874244
BossFight,PPO,3650000,5,1.062,1.577948,0.70567981,1.3831324
BossFight,PPO,3690000,5,1.128,1.5708183,0.70249128,1.3768829
BossFight,PPO,3730000,5,1.064,1.5855851,0.7090952,1.3898266
BossFight,PPO,3770000,5,1.212,1.4625389,0.65406727,1.2819719
BossFight,PPO,3810000,5,1.052,1.2723286,0.56900264,1.1152452
BossFight,PPO,3850000,5,1.018,1.2694763,0.56772705,1.112745
BossFight,PPO,3890000,5,1.522,1.7283287,0.77293208,1.5149469
BossFight,PPO,3930000,5,1.224,1.2912707,0.57747381,1.1318487
BossFight,PPO,3970000,5,1.166,1.1856138,0.53022259,1.0392363
BossFight,PPO,4010000,5,1.258,1.355238,0.60608085,1.1879185
BossFight,PPO,4060000,5,1.532,1.4254719,0.63749039,1.2494812
BossFight,PPO,4100000,5,1.548,1.8116484,0.8101938,1.5879799
BossFight,PPO,4140000,5,1.26,1.8162874,0.81226843,1.5920461
BossFight,PPO,4180000,5,1.262,1.6151378,0.72231157,1.4157307
BossFight,PPO,4220000,5,0.948,1.4537262,0.65012614,1.2742472
BossFight,PPO,4260000,5,1.276,1.6185426,0.72383424,1.4187151
BossFight,PPO,4300000,5,1.26,1.6604969,0.7425968,1.4554897
BossFight,PPO,4340000,5,1.206,1.5330786,0.68561359,1.3438026
BossFight,PPO,4380000,5,1.188,1.3796811,0.61701216,1.2093438
BossFight,PPO,4420000,5,0.984,1.1111841,0.49693662,0.97399577
BossFight,PPO,4460000,5,0.996,1.2953108,0.57928059,1.13539
BossFight,PPO,4510000,5,1.086,1.4327526,0.64074644,1.255863
BossFight,PPO,4550000,5,1.13,1.4434854,0.64554628,1.2652707
BossFight,PPO,4590000,5,1.192,1.3469298,0.60236534,1.1806361
BossFight,PPO,4630000,5,0.94,1.167069,0.52192911,1.0229811
BossFight,PPO,4670000,5,1.176,1.5220972,0.68070258,1.3341771
BossFight,PPO,4710000,5,1.008,1.3813291,0.61774914,1.2107883
BossFight,PPO,4750000,5,1.008,1.0794536,0.48274631,0.94618277
BossFight,PPO,4790000,5,1.492,1.5150974,0.67757214,1.3280414
BossFight,PPO,4830000,5,1.354,1.3825809,0.61830898,1.2118856
BossFight,PPO,4870000,5,1.39,1.1583609,0.51803475,1.0153481
BossFight,PPO,4920000,5,1.484,1.3624353,0.6092996,1.1942272
BossFight,PPO,4960000,5,1.214,0.95322086,0.42629333,0.83553492
BossFight,PPO,5000000,5,1.368,1.2128767,0.54241497,1.0631333
BossFight,PPO,5040000,5,1.106,0.97448961,0.435805,0.8541778
BossFight,PPO,5080000,5,1.208,1.0268739,0.45923197,0.90009466
BossFight,PPO,5120000,5,1.53,1.3716778,0.61343296,1.2023286
BossFight,PPO,5160000,5,1.412,1.0194214,0.45589911,0.89356226
BossFight,PPO,5200000,5,1.124,1.1688798,0.52273894,1.0245683
BossFight,PPO,5240000,5,1.116,1.1204151,0.50106487,0.98208714
BossFight,PPO,5280000,5,1.34,1.1354955,0.50780902,0.99530568
BossFight,PPO,5320000,5,1.298,0.91892328,0.41095499,0.80547177
BossFight,PPO,5370000,5,1.204,1.0789949,0.48254119,0.94578073
BossFight,PPO,5410000,5,1.168,1.306702,0.58437488,1.1453748
BossFight,PPO,5450000,5,1.216,1.3419128,0.60012165,1.1762384
BossFight,PPO,5490000,5,1.436,1.3873103,0.62042405,1.2160311
BossFight,PPO,5530000,5,1.15,1.2615269,0.56417196,1.105777
BossFight,PPO,5570000,5,1.436,1.4063179,0.62892448,1.232692
BossFight,PPO,5610000,5,1.462,1.6794404,0.75106857,1.4720944
BossFight,PPO,5650000,5,1.312,1.7043973,0.76222962,1.4939701
BossFight,PPO,5690000,5,1.628,2.1960351,0.98209674,1.9249096
BossFight,PPO,5730000,5,1.344,1.7218682,0.77004286,1.509284
BossFight,PPO,5780000,5,1.378,2.0502853,0.91691548,1.7971543
BossFight,PPO,5820000,5,1.258,1.580987,0.7070389,1.3857962
BossFight,PPO,5860000,5,1.334,1.62186,0.72531786,1.421623
BossFight,PPO,5900000,5,1.27,1.6850074,0.75355823,1.4769741
BossFight,PPO,5940000,5,1.346,1.8333112,0.8198817,1.6069681
BossFight,PPO,5980000,5,1.592,1.9195104,0.85843113,1.682525
BossFight,Exact RAT,41000,5,0.02,0.025495098,0.011401754,0.022347438
BossFight,Exact RAT,81900,5,0.086,0.083845095,0.037496667,0.073493466
BossFight,Exact RAT,123000,5,0.21,0.17663522,0.078993671,0.15482759
BossFight,Exact RAT,164000,5,0.296,0.31580057,0.14123031,0.2768114
BossFight,Exact RAT,205000,5,0.362,0.34222799,0.15304901,0.29997606
BossFight,Exact RAT,246000,5,0.41,0.38955102,0.17421251,0.34145653
BossFight,Exact RAT,287000,5,0.522,0.49388258,0.220871,0.43290717
BossFight,Exact RAT,328000,5,0.446,0.45823575,0.20492926,0.40166134
BossFight,Exact RAT,369000,5,0.596,0.58926225,0.26352609,0.51651114
BossFight,Exact RAT,410000,5,0.538,0.50081933,0.22397321,0.4389875
BossFight,Exact RAT,451000,5,0.63,0.58549125,0.26183965,0.51320571
BossFight,Exact RAT,492000,5,0.654,0.75463899,0.33748481,0.66147024
BossFight,Exact RAT,532000,5,0.692,0.7065904,0.31599684,0.6193538
BossFight,Exact RAT,573000,5,1.068,1.0346835,0.46272454,0.9069401
BossFight,Exact RAT,614000,5,1.012,1.0657251,0.47660676,0.93414924
BossFight,Exact RAT,655000,5,1.048,1.0520314,0.47048273,0.92214615
BossFight,Exact RAT,696000,5,1.252,1.1647189,0.5208781,1.0209211
BossFight,Exact RAT,737000,5,1.138,1.0115187,0.4523649,0.8866352
BossFight,Exact RAT,778000,5,1.394,1.2075926,0.54005185,1.0585016
BossFight,Exact RAT,819000,5,1.042,0.97553575,0.43627285,0.85509479
BossFight,Exact RAT,860000,5,1.312,0.95821188,0.42852538,0.83990974
BossFight,Exact RAT,901000,5,1.266,0.85923222,0.38426033,0.75315024
BossFight,Exact RAT,942000,5,1.354,1.0223649,0.45721549,0.89614235
BossFight,Exact RAT,983000,5,1.34,0.95653019,0.4277733,0.83843568
BossFight,Exact RAT,1020000,5,1.308,0.92610475,0.41416663,0.8117666
BossFight,Exact RAT,1060000,5,1.19,0.86873471,0.38850997,0.76147955
BossFight,Exact RAT,1110000,5,1.496,1.1211512,0.50139406,0.98273235
BossFight,Exact RAT,1150000,5,1.498,1.5622004,0.69863724,1.369329
BossFight,Exact RAT,1190000,5,1.444,1.4208202,0.6354101,1.2454038
BossFight,Exact RAT,1230000,5,1.508,1.1860523,0.5304187,1.0396207
BossFight,Exact RAT,1270000,5,1.332,1.0874144,0.48630649,0.95316072
BossFight,Exact RAT,1310000,5,1.532,1.2452992,0.55691472,1.0915528
BossFight,Exact RAT,1350000,5,1.512,0.99625298,0.44553788,0.87325424
BossFight,Exact RAT,1390000,5,1.846,1.4091416,0.63018727,1.2351671
BossFight,Exact RAT,1430000,5,1.404,0.83128214,0.37176068,0.72865092
BossFight,Exact RAT,1470000,5,1.306,0.95557836,0.42734763,0.83760136
BossFight,Exact RAT,1520000,5,1.372,0.87012643,0.38913237,0.76269944
BossFight,Exact RAT,1560000,5,1.444,1.0790412,0.48256191,0.94582135
BossFight,Exact RAT,1600000,5,1.63,1.1151906,0.49872838,0.97750763
BossFight,Exact RAT,1640000,5,1.788,1.1321087,0.50629438,0.99233699
BossFight,Exact RAT,1680000,5,1.362,0.82165686,0.36745612,0.72021399
BossFight,Exact RAT,1720000,5,1.956,1.365661,0.61074217,1.1970547
BossFight,Exact RAT,1760000,5,2.094,1.2905929,0.57717069,1.1312545
BossFight,Exact RAT,1800000,5,1.678,1.2173824,0.54442998,1.0670828
BossFight,Exact RAT,1840000,5,1.642,1.2796562,0.57227965,1.1216681
BossFight,Exact RAT,1880000,5,1.932,1.3325427,0.5959312,1.1680252
BossFight,Exact RAT,1930000,5,1.834,1.5820967,0.70753516,1.3867689
BossFight,Exact RAT,1970000,5,1.814,1.3634625,0.60975897,1.1951276
BossFight,Exact RAT,2010000,5,1.68,1.2341799,0.55194203,1.0818064
BossFight,Exact RAT,2050000,5,1.958,1.2437323,0.55621399,1.0901794
BossFight,Exact RAT,2090000,5,1.674,1.2924705,0.57801038,1.1329003
BossFight,Exact RAT,2130000,5,2.084,1.5068776,0.67389613,1.3208364
BossFight,Exact RAT,2170000,5,1.524,1.2011994,0.5371927,1.0528977
BossFight,Exact RAT,2210000,5,1.76,1.391492,0.62229414,1.2196965
BossFight,Exact RAT,2250000,5,1.95,1.5314699,0.68489415,1.3423925
BossFight,Exact RAT,2290000,5,1.998,1.4865632,0.66481125,1.3030301
BossFight,Exact RAT,2330000,5,1.944,1.3989746,0.62564047,1.2262553
BossFight,Exact RAT,2380000,5,1.746,1.1750234,0.52548644,1.0299534
BossFight,Exact RAT,2420000,5,1.836,1.3190641,0.58990338,1.1562106
BossFight,Exact RAT,2460000,5,2.006,1.3169017,0.58893633,1.1543152
BossFight,Exact RAT,2500000,5,2.122,1.5531806,0.69460348,1.3614228
BossFight,Exact RAT,2540000,5,1.848,1.5292711,0.68391081,1.3404652
BossFight,Exact RAT,2580000,5,1.636,1.1553484,0.51668753,1.0127076
BossFight,Exact RAT,2620000,5,1.878,1.3114,0.58647592,1.1494928
BossFight,Exact RAT,2660000,5,1.63,1.2173332,0.54440794,1.0670396
BossFight,Exact RAT,2700000,5,1.83,1.4389753,0.64352933,1.2613175
BossFight,Exact RAT,2740000,5,2.034,1.3783432,0.61641382,1.2081711
BossFight,Exact RAT,2790000,5,1.594,1.1950858,0.5344586,1.0475389
BossFight,Exact RAT,2830000,5,1.768,1.4852172,0.6642093,1.3018502
BossFight,Exact RAT,2870000,5,1.88,1.3968894,0.62470793,1.2244275
BossFight,Exact RAT,2910000,5,1.702,1.2529445,0.56033383,1.0982543
BossFight,Exact RAT,2950000,5,1.976,1.3822192,0.61814723,1.2115686
BossFight,Exact RAT,2990000,5,1.706,1.4429761,0.64531853,1.2648243
BossFight,Exact RAT,3030000,5,1.484,1.2236952,0.54725314,1.0726162
BossFight,Exact RAT,3070000,5,2.346,1.8411355,0.82338084,1.6138264
BossFight,Exact RAT,3110000,5,2.194,1.7071409,0.76345661,1.496375
BossFight,Exact RAT,3150000,5,2.208,1.647231,0.7366641,1.4438616
BossFight,Exact RAT,3190000,5,1.902,1.5070401,0.67396884,1.3209789
BossFight,Exact RAT,3240000,5,1.8,1.366071,0.61092553,1.197414
BossFight,Exact RAT,3280000,5,2.016,1.6101801,0.72009444,1.4113851
BossFight,Exact RAT,3320000,5,1.77,1.4888586,0.66583782,1.3050421
BossFight,Exact RAT,3360000,5,2.152,1.6304509,0.72915979,1.4291532
BossFight,Exact RAT,3400000,5,2.126,1.4913014,0.66693028,1.3071834
BossFight,Exact RAT,3440000,5,1.884,1.6581707,0.74155647,1.4534507
BossFight,Exact RAT,3480000,5,2.1,1.7712284,0.79211742,1.5525501
BossFight,Exact RAT,3520000,5,1.83,1.5552974,0.69555014,1.3632783
BossFight,Exact RAT,3560000,5,2.058,1.8751853,0.83860837,1.6436724
BossFight,Exact RAT,3600000,5,1.958,1.6535628,0.73949577,1.4494117
BossFight,Exact RAT,3650000,5,1.954,1.7676199,0.79050364,1.5493871
BossFight,Exact RAT,3690000,5,2.052,1.9695989,0.88083143,1.7264296
BossFight,Exact RAT,3730000,5,1.936,1.757905,0.78615902,1.5408717
BossFight,Exact RAT,3770000,5,2.004,1.945027,0.86984251,1.7048913
BossFight,Exact RAT,3810000,5,1.626,1.3947329,0.62374354,1.2225373
BossFight,Exact RAT,3850000,5,2.132,1.6471096,0.7366098,1.4437552
BossFight,Exact RAT,3890000,5,2.164,1.5543906,0.69514459,1.3624834
BossFight,Exact RAT,3930000,5,2.332,1.98622,0.8882646,1.7409986
BossFight,Exact RAT,3970000,5,2.514,1.9972932,0.89321666,1.7507047
BossFight,Exact RAT,4010000,5,2.184,1.8582868,0.83105114,1.6288602
BossFight,Exact RAT,4060000,5,2.052,1.6209164,0.72489585,1.4207959
BossFight,Exact RAT,4100000,5,2.322,1.7557107,0.78517769,1.5389483
BossFight,Exact RAT,4140000,5,2.278,1.8893703,0.84495207,1.6561061
BossFight,Exact RAT,4180000,5,2.384,1.5944215,0.71304698,1.3975721
BossFight,Exact RAT,4220000,5,2.156,1.6281984,0.72815246,1.4271788
BossFight,Exact RAT,4260000,5,2.252,1.7822935,0.79706587,1.5622491
BossFight,Exact RAT,4300000,5,2.03,1.6220358,0.72539644,1.421777
BossFight,Exact RAT,4340000,5,1.81,1.4682302,0.65661252,1.2869605
BossFight,Exact RAT,4380000,5,2.246,1.8655375,0.83429371,1.6352157
BossFight,Exact RAT,4420000,5,2.192,1.6779809,0.75041588,1.4708151
BossFight,Exact RAT,4460000,5,1.916,1.3820745,0.61808252,1.2114417
BossFight,Exact RAT,4510000,5,1.988,1.5127359,0.67651608,1.3259715
BossFight,Exact RAT,4550000,5,1.988,1.4725047,0.65852411,1.2907073
BossFight,Exact RAT,4590000,5,2.032,1.578154,0.70577192,1.383313
BossFight,Exact RAT,4630000,5,1.918,1.4678283,0.65643278,1.2866083
BossFight,Exact RAT,4670000,5,1.722,1.3994535,0.62585462,1.226675
BossFight,Exact RAT,4710000,5,2.088,1.7326194,0.77485095,1.5187079
BossFight,Exact RAT,4750000,5,1.888,1.7299335,0.77364979,1.5163536
BossFight,Exact RAT,4790000,5,1.842,1.5646469,0.69973138,1.3714735
BossFight,Exact RAT,4830000,5,1.872,1.4840384,0.66368215,1.300817
BossFight,Exact RAT,4870000,5,1.94,1.546884,0.69178754,1.3559036
BossFight,Exact RAT,4920000,5,1.84,1.389946,0.62160277,1.2183414
BossFight,Exact RAT,4960000,5,1.97,1.6437001,0.73508503,1.4407667
BossFight,Exact RAT,5000000,5,2.212,1.7634398,0.78863426,1.5457232
BossFight,Exact RAT,5040000,5,2.294,1.9668706,0.87961128,1.7240381
BossFight,Exact RAT,5080000,5,2.01,1.8188733,0.81342486,1.5943127
BossFight,Exact RAT,5120000,5,2.144,1.8104778,0.8096703,1.5869538
BossFight,Exact RAT,5160000,5,2.102,1.5104867,0.67551018,1.3239999
BossFight,Exact RAT,5200000,5,1.992,1.7762235,0.79435131,1.5569286
BossFight,Exact RAT,5240000,5,1.658,1.5988652,0.71503426,1.4014672
BossFight,Exact RAT,5280000,5,2.074,1.8264255,0.8168023,1.6009325
BossFight,Exact RAT,5320000,5,1.944,1.5473623,0.69200145,1.3563228
BossFight,Exact RAT,5370000,5,1.952,1.7690591,0.79114727,1.5506486
BossFight,Exact RAT,5410000,5,2.03,1.8095303,0.80924656,1.5861233
BossFight,Exact RAT,5450000,5,1.826,1.4509755,0.64889599,1.2718361
BossFight,Exact RAT,5490000,5,1.766,1.5779512,0.70568123,1.3831352
BossFight,Exact RAT,5530000,5,2.11,1.7540097,0.78441698,1.5374573
BossFight,Exact RAT,5570000,5,2.056,1.8332021,0.81983291,1.6068725
BossFight,Exact RAT,5610000,5,2.148,1.6990939,0.75985788,1.4893214
BossFight,Exact RAT,5650000,5,2.028,1.6459405,0.73608695,1.4427304
BossFight,Exact RAT,5690000,5,2.246,1.9055262,0.85217721,1.6702673
BossFight,Exact RAT,5730000,5,1.954,1.4550361,0.65071192,1.2753954
BossFight,Exact RAT,5780000,5,2.2,1.741752,0.77893517,1.5267129
BossFight,Exact RAT,5820000,5,2.312,1.8519638,0.8282234,1.6233179
BossFight,Exact RAT,5860000,5,2.168,1.6978722,0.75931153,1.4882506
BossFight,Exact RAT,5900000,5,2.088,1.7250565,0.77146873,1.5120787
BossFight,Exact RAT,5940000,5,2.626,2.092661,0.93586644,1.8342982
BossFight,Exact RAT,5980000,5,1.744,1.5458428,0.69132192,1.354991
CaveFlyer,PPO,41000,5,2.504,0.63200475,0.28264112,0.55397659
CaveFlyer,PPO,81900,5,2.106,0.31965607,0.14295454,0.28019089
CaveFlyer,PPO,123000,5,2.006,0.25530374,0.1141753,0.2237836
CaveFlyer,PPO,164000,5,1.98,0.41472883,0.18547237,0.36352585
CaveFlyer,PPO,205000,5,1.806,0.27781289,0.1242417,0.24351373
CaveFlyer,PPO,246000,5,2.09,0.40663251,0.18185159,0.35642911
CaveFlyer,PPO,287000,5,2.066,0.7108305,0.31789306,0.62307041
CaveFlyer,PPO,328000,5,2.004,0.37713393,0.16865942,0.33057246
CaveFlyer,PPO,369000,5,2.186,0.54422422,0.24338447,0.47703356
CaveFlyer,PPO,410000,5,2.3,0.65620119,0.29346209,0.5751857
CaveFlyer,PPO,451000,5,2.238,1.0482462,0.46878993,0.91882827
CaveFlyer,PPO,492000,5,1.932,0.57608159,0.25763152,0.50495778
CaveFlyer,PPO,532000,5,2.244,0.77645348,0.34724055,0.68059148
CaveFlyer,PPO,573000,5,2.704,1.0335521,0.46221856,0.90594838
CaveFlyer,PPO,614000,5,2.612,0.92313054,0.41283653,0.8091596
CaveFlyer,PPO,655000,5,2.674,1.4176142,0.63397634,1.2425936
CaveFlyer,PPO,696000,5,2.288,0.8558154,0.38273228,0.75015527
CaveFlyer,PPO,737000,5,2.82,0.97375562,0.43547675,0.85353443
CaveFlyer,PPO,778000,5,3.098,1.0765315,0.48143951,0.94362144
CaveFlyer,PPO,819000,5,2.854,0.7951918,0.35562058,0.69701635
CaveFlyer,PPO,860000,5,2.994,0.95881698,0.42879599,0.84044014
CaveFlyer,PPO,901000,5,3.134,0.95552603,0.42732423,0.8375555
CaveFlyer,PPO,942000,5,3.304,1.3501592,0.60380957,1.1834668
CaveFlyer,PPO,983000,5,3.342,0.88840869,0.39730844,0.77872455
CaveFlyer,PPO,1020000,5,3.146,1.0957554,0.49003673,0.960472
CaveFlyer,PPO,1060000,5,3.358,1.151855,0.51512523,1.0096454
CaveFlyer,PPO,1110000,5,3.15,1.0256949,0.4587047,0.89906121
CaveFlyer,PPO,1150000,5,3.71,1.0806711,0.4832908,0.94724997
CaveFlyer,PPO,1190000,5,3.42,0.9539392,0.42661458,0.83616458
CaveFlyer,PPO,1230000,5,3.216,1.1846645,0.52979807,1.0384042
CaveFlyer,PPO,1270000,5,3.516,1.0584564,0.4733561,0.92777796
CaveFlyer,PPO,1310000,5,3.426,0.91297864,0.40829646,0.80026106
CaveFlyer,PPO,1350000,5,3.506,1.0563995,0.47243624,0.92597503
CaveFlyer,PPO,1390000,5,3.936,1.1383673,0.50909331,0.99782289
CaveFlyer,PPO,1430000,5,3.734,1.0590467,0.4736201,0.9282954
CaveFlyer,PPO,1470000,5,3.998,1.4345975,0.64157151,1.2574802
CaveFlyer,PPO,1520000,5,4.1,1.150413,0.51448032,1.0083814
CaveFlyer,PPO,1560000,5,4.104,1.2918707,0.57774216,1.1323746
CaveFlyer,PPO,1600000,5,4.092,1.0995317,0.49172553,0.96378205
CaveFlyer,PPO,1640000,5,3.82,0.94596512,0.42304846,0.82917498
CaveFlyer,PPO,1680000,5,3.832,1.0943811,0.48942211,0.95926733
CaveFlyer,PPO,1720000,5,3.986,1.1969461,0.53529058,1.0491695
CaveFlyer,PPO,1760000,5,4.138,1.0518888,0.47041896,0.92202117
CaveFlyer,PPO,1800000,5,4.226,1.1870257,0.53085403,1.0404739
CaveFlyer,PPO,1840000,5,3.926,0.65793617,0.294238,0.57670648
CaveFlyer,PPO,1880000,5,4.258,0.81720255,0.36546409,0.71630961
CaveFlyer,PPO,1930000,5,4.188,0.65063046,0.29097079,0.57030275
CaveFlyer,PPO,1970000,5,3.858,0.84721308,0.37888521,0.74261501
CaveFlyer,PPO,2010000,5,3.556,0.66202719,0.29606756,0.58029242
CaveFlyer,PPO,2050000,5,3.822,0.88992696,0.39798744,0.78005538
CaveFlyer,PPO,2090000,5,4.322,0.67388426,0.3013702,0.5906856
CaveFlyer,PPO,2130000,5,4.27,0.60212125,0.26927681,0.52778255
CaveFlyer,PPO,2170000,5,4.246,0.83494311,0.37339791,0.73185991
CaveFlyer,PPO,2210000,5,3.852,0.72482412,0.3241512,0.63533635
CaveFlyer,PPO,2250000,5,4.178,0.63274798,0.2829735,0.55462805
CaveFlyer,PPO,2290000,5,4.47,0.68143232,0.3047458,0.59730176
CaveFlyer,PPO,2330000,5,4.74,0.59770394,0.26730133,0.5239106
CaveFlyer,PPO,2380000,5,4.488,0.52280015,0.23380334,0.45825454
CaveFlyer,PPO,2420000,5,4.712,0.70418037,0.31491904,0.61724131
CaveFlyer,PPO,2460000,5,4.506,0.42098694,0.18827108,0.36901132
CaveFlyer,PPO,2500000,5,4.256,0.5548243,0.24812497,0.48632494
CaveFlyer,PPO,2540000,5,4.898,0.36182869,0.16181471,0.31715683
CaveFlyer,PPO,2580000,5,4.498,0.59175164,0.26463938,0.51869318
CaveFlyer,PPO,2620000,5,4.464,0.44207465,0.1977018,0.38749552
CaveFlyer,PPO,2660000,5,4.448,0.54910837,0.24556873,0.48131471
CaveFlyer,PPO,2700000,5,4.692,0.41020726,0.18345027,0.35956252
CaveFlyer,PPO,2740000,5,4.296,0.33426038,0.14948579,0.29299214
CaveFlyer,PPO,2790000,5,4.562,0.59688357,0.26693445,0.52319152
CaveFlyer,PPO,2830000,5,4.854,0.68726269,0.30735322,0.60241231
CaveFlyer,PPO,2870000,5,4.232,0.66743539,0.29848618,0.58503291
CaveFlyer,PPO,2910000,5,4.148,0.55796057,0.24952755,0.48907401
CaveFlyer,PPO,2950000,5,4.154,0.3791174,0.16954645,0.33231105
CaveFlyer,PPO,2990000,5,4.318,0.2407696,0.10767544,0.21104386
CaveFlyer,PPO,3030000,5,4.234,0.27808272,0.12436237,0.24375025
CaveFlyer,PPO,3070000,5,4.344,0.41920162,0.18747266,0.36744642
CaveFlyer,PPO,3110000,5,4.532,0.35926313,0.16066736,0.31490802
CaveFlyer,PPO,3150000,5,4.488,0.49746357,0.22247247,0.43604604
CaveFlyer,PPO,3190000,5,3.904,0.61844967,0.2765791,0.54209504
CaveFlyer,PPO,3240000,5,4.474,0.78963916,0.35313737,0.69214924
CaveFlyer,PPO,3280000,5,4.264,0.4194401,0.18757932,0.36765546
CaveFlyer,PPO,3320000,5,4.078,0.23328095,0.10432641,0.20447977
CaveFlyer,PPO,3360000,5,4.304,0.45959765,0.20553832,0.4028551
CaveFlyer,PPO,3400000,5,4.256,0.88015908,0.39361911,0.77149345
CaveFlyer,PPO,3440000,5,3.882,0.67975731,0.30399671,0.59583355
CaveFlyer,PPO,3480000,5,4.212,0.69729477,0.3118397,0.61120582
CaveFlyer,PPO,3520000,5,3.868,0.46029338,0.20584946,0.40346494
CaveFlyer,PPO,3560000,5,4.298,0.92451068,0.41345375,0.81036934
CaveFlyer,PPO,3600000,5,4.388,1.2868061,0.57547719,1.1279353
CaveFlyer,PPO,3650000,5,4.484,0.77251537,0.34547938,0.67713958
CaveFlyer,PPO,3690000,5,4.81,0.39210968,0.17535678,0.34369929
CaveFlyer,PPO,3730000,5,4.48,0.56227218,0.25145576,0.49285329
CaveFlyer,PPO,3770000,5,4.592,0.53204323,0.23793697,0.46635645
CaveFlyer,PPO,3810000,5,4.79,0.81544466,0.36467794,0.71476876
CaveFlyer,PPO,3850000,5,4.43,1.0614142,0.47467884,0.93037052
CaveFlyer,PPO,3890000,5,4.358,0.87256518,0.39022301,0.76483711
CaveFlyer,PPO,3930000,5,4.126,0.91494809,0.40917722,0.80198736
CaveFlyer,PPO,3970000,5,4.56,1.0112616,0.45224993,0.88640986
CaveFlyer,PPO,4010000,5,4.368,1.0258752,0.45878535,0.89921929
CaveFlyer,PPO,4060000,5,4.71,0.63651394,0.28465769,0.55792907
CaveFlyer,PPO,4100000,5,4.222,0.55504054,0.24822168,0.48651448
CaveFlyer,PPO,4140000,5,4.564,0.48808811,0.21827964,0.42782809
CaveFlyer,PPO,4180000,5,4.446,0.7951918,0.35562058,0.69701635
CaveFlyer,PPO,4220000,5,4.484,0.9647694,0.43145799,0.84565767
CaveFlyer,PPO,4260000,5,4.858,0.34477529,0.1541882,0.30220887
CaveFlyer,PPO,4300000,5,4.872,0.62062066,0.27755,0.54399799
CaveFlyer,PPO,4340000,5,4.972,0.56658627,0.25338508,0.49663476
CaveFlyer,PPO,4380000,5,5.008,0.60899097,0.27234904,0.53380412
CaveFlyer,PPO,4420000,5,4.542,0.48095738,0.21509068,0.42157773
CaveFlyer,PPO,4460000,5,4.75,0.74310161,0.33232514,0.65135728
CaveFlyer,PPO,4510000,5,5.256,0.46949973,0.20996666,0.41153466
CaveFlyer,PPO,4550000,5,4.922,0.95648837,0.4277546,0.83839902
CaveFlyer,PPO,4590000,5,5.074,0.68068348,0.30441091,0.59664538
CaveFlyer,PPO,4630000,5,4.778,0.325223,0.14544415,0.28507053
CaveFlyer,PPO,4670000,5,5.114,0.28209927,0.12615863,0.24727092
CaveFlyer,PPO,4710000,5,4.752,0.64839803,0.28997241,0.56834593
CaveFlyer,PPO,4750000,5,4.954,0.66890209,0.29914211,0.58631853
CaveFlyer,PPO,4790000,5,5.288,0.65591158,0.29333258,0.57493185
CaveFlyer,PPO,4830000,5,4.956,1.0012392,0.4477678,0.87762488
CaveFlyer,PPO,4870000,5,4.99,1.1219403,0.50174695,0.98342402
CaveFlyer,PPO,4920000,5,5.114,1.2513513,0.5596213,1.0968577
CaveFlyer,PPO,4960000,5,4.762,0.81613112,0.36498493,0.71537047
CaveFlyer,PPO,5000000,5,4.978,1.074323,0.48045187,0.94168567
CaveFlyer,PPO,5040000,5,4.628,1.0309316,0.46104664,0.90365141
CaveFlyer,PPO,5080000,5,5.062,1.1475931,0.51321925,1.0059097
CaveFlyer,PPO,5120000,5,5.3,0.85790442,0.38366652,0.75198638
CaveFlyer,PPO,5160000,5,5.224,0.88762605,0.39695844,0.77803853
CaveFlyer,PPO,5200000,5,4.946,0.7189089,0.32150583,0.63015143
CaveFlyer,PPO,5240000,5,5.316,0.83539212,0.37359872,0.73225348
CaveFlyer,PPO,5280000,5,5.07,0.84483726,0.37782271,0.74053251
CaveFlyer,PPO,5320000,5,5.562,0.56812851,0.25407479,0.49798659
CaveFlyer,PPO,5370000,5,4.99,0.37583241,0.16807736,0.32943163
CaveFlyer,PPO,5410000,5,5.306,1.1685162,0.52257631,1.0242496
CaveFlyer,PPO,5450000,5,5.25,0.79028476,0.35342609,0.69271513
CaveFlyer,PPO,5490000,5,5.128,0.72129744,0.32257402,0.63224508
CaveFlyer,PPO,5530000,5,5.126,1.015618,0.45419819,0.89022846
CaveFlyer,PPO,5570000,5,5.344,0.42152106,0.18850995,0.3694795
CaveFlyer,PPO,5610000,5,5.488,1.0480315,0.46869393,0.9186401
CaveFlyer,PPO,5650000,5,5.114,0.93964355,0.42022137,0.82363389
CaveFlyer,PPO,5690000,5,5.466,1.3198977,0.59027621,1.1569414
CaveFlyer,PPO,5730000,5,4.536,1.1752574,0.5255911,1.0301585
CaveFlyer,PPO,5780000,5,4.89,0.96415766,0.43118442,0.84512145
CaveFlyer,PPO,5820000,5,4.852,1.2039394,0.53841805,1.0552994
CaveFlyer,PPO,5860000,5,4.972,0.809055,0.3618204,0.70916798
CaveFlyer,PPO,5900000,5,5.428,1.0695186,0.47830325,0.93747437
CaveFlyer,PPO,5940000,5,5.332,0.67113337,0.30013997,0.58827434
CaveFlyer,PPO,5980000,5,4.996,0.75158499,0.33611903,0.65879329
CaveFlyer,Exact RAT,41000,5,1.984,0.98543391,0.44069944,0.86377091
CaveFlyer,Exact RAT,81900,5,1.846,0.44730303,0.20004,0.39207839
CaveFlyer,Exact RAT,123000,5,2.432,0.68203372,0.30501475,0.59782892
CaveFlyer,Exact RAT,164000,5,2.766,0.53970362,0.2413628,0.47307108
CaveFlyer,Exact RAT,205000,5,2.672,0.54582048,0.24409834,0.47843275
CaveFlyer,Exact RAT,246000,5,2.984,1.2138698,0.5428591,1.0640038
CaveFlyer,Exact RAT,287000,5,3.396,0.97366832,0.43543771,0.85345791
CaveFlyer,Exact RAT,328000,5,3.382,0.62886406,0.28123656,0.55122365
CaveFlyer,Exact RAT,369000,5,3.538,0.4066571,0.18186259,0.35645067
CaveFlyer,Exact RAT,410000,5,3.704,0.90682413,0.40554408,0.79486639
CaveFlyer,Exact RAT,451000,5,4.026,0.50287175,0.22489108,0.44078653
CaveFlyer,Exact RAT,492000,5,3.726,0.91808496,0.41058008,0.80473695
CaveFlyer,Exact RAT,532000,5,3.516,0.8394522,0.37541444,0.7358123
CaveFlyer,Exact RAT,573000,5,3.544,0.38448667,0.17194767,0.33701743
CaveFlyer,Exact RAT,614000,5,3.966,0.39595454,0.17707625,0.34706946
CaveFlyer,Exact RAT,655000,5,3.906,0.72081898,0.32236005,0.63182569
CaveFlyer,Exact RAT,696000,5,3.762,0.64336615,0.28772209,0.56393529
CaveFlyer,Exact RAT,737000,5,3.89,0.68403216,0.30590848,0.59958063
CaveFlyer,Exact RAT,778000,5,4.122,0.49256472,0.22028164,0.43175201
CaveFlyer,Exact RAT,819000,5,3.88,0.50373604,0.22527761,0.44154411
CaveFlyer,Exact RAT,860000,5,4.114,0.68130757,0.30469001,0.59719241
CaveFlyer,Exact RAT,901000,5,3.986,0.6546984,0.29279003,0.57386845
CaveFlyer,Exact RAT,942000,5,4.192,0.55079034,0.24632093,0.48278902
CaveFlyer,Exact RAT,983000,5,4.308,0.47693815,0.21329323,0.41805472
CaveFlyer,Exact RAT,1020000,5,4.66,0.43886217,0.19626513,0.38467965
CaveFlyer,Exact RAT,1060000,5,4.186,0.38559046,0.17244129,0.33798494
CaveFlyer,Exact RAT,1110000,5,4.132,0.51060748,0.22835061,0.44756719
CaveFlyer,Exact RAT,1150000,5,3.96,0.65631547,0.2935132,0.57528588
CaveFlyer,Exact RAT,1190000,5,4.364,0.44892093,0.20076354,0.39349654
CaveFlyer,Exact RAT,1230000,5,4.184,0.53186464,0.2378571,0.46619992
CaveFlyer,Exact RAT,1270000,5,3.948,0.53597575,0.23969564,0.46980346
CaveFlyer,Exact RAT,1310000,5,4.444,0.50490593,0.2258008,0.44256956
CaveFlyer,Exact RAT,1350000,5,4.45,0.50911688,0.22768399,0.44626062
CaveFlyer,Exact RAT,1390000,5,4.06,0.1890767,0.084557673,0.16573304
CaveFlyer,Exact RAT,1430000,5,4.154,0.77535798,0.34675063,0.67963124
CaveFlyer,Exact RAT,1470000,5,4.328,0.36642871,0.1638719,0.32118893
CaveFlyer,Exact RAT,1520000,5,4.004,0.64127217,0.28678563,0.56209984
CaveFlyer,Exact RAT,1560000,5,4.612,0.67588461,0.30226478,0.59243898
CaveFlyer,Exact RAT,1600000,5,4.456,0.43626827,0.1951051,0.382406
CaveFlyer,Exact RAT,1640000,5,4.296,0.19603571,0.087669835,0.17183288
CaveFlyer,Exact RAT,1680000,5,4.602,0.49484341,0.2213007,0.43374937
CaveFlyer,Exact RAT,1720000,5,4.344,0.4031501,0.1802942,0.35337664
CaveFlyer,Exact RAT,1760000,5,4.184,0.51983651,0.23247796,0.45565679
CaveFlyer,Exact RAT,1800000,5,4.166,0.49343693,0.2206717,0.43251654
CaveFlyer,Exact RAT,1840000,5,4.75,0.4784872,0.21398598,0.41941252
CaveFlyer,Exact RAT,1880000,5,4.456,0.47141277,0.2108222,0.41321151
CaveFlyer,Exact RAT,1930000,5,4.37,0.73396185,0.32823772,0.64334593
CaveFlyer,Exact RAT,1970000,5,4.84,0.51516987,0.23039097,0.45156631
CaveFlyer,Exact RAT,2010000,5,4.804,0.75843919,0.33918432,0.66480126
CaveFlyer,Exact RAT,2050000,5,4.616,0.79795363,0.35685571,0.6994372
CaveFlyer,Exact RAT,2090000,5,4.732,0.57172546,0.2556834,0.50113946
CaveFlyer,Exact RAT,2130000,5,4.87,0.74454684,0.33297147,0.65262408
CaveFlyer,Exact RAT,2170000,5,4.782,0.86528608,0.3869677,0.75845669
CaveFlyer,Exact RAT,2210000,5,4.488,0.4768333,0.21324634,0.41796282
CaveFlyer,Exact RAT,2250000,5,4.804,0.46176834,0.20650908,0.4047578
CaveFlyer,Exact RAT,2290000,5,4.43,0.45678222,0.20427922,0.40038727
CaveFlyer,Exact RAT,2330000,5,4.804,0.54390256,0.24324062,0.47675162
CaveFlyer,Exact RAT,2380000,5,4.53,0.5217279,0.23332381,0.45731467
CaveFlyer,Exact RAT,2420000,5,4.39,0.80913534,0.36185633,0.7092384
CaveFlyer,Exact RAT,2460000,5,4.834,0.88723165,0.39678206,0.77769283
CaveFlyer,Exact RAT,2500000,5,4.358,1.1025062,0.49305578,0.96638932
CaveFlyer,Exact RAT,2540000,5,4.534,0.74362625,0.33255977,0.65181715
CaveFlyer,Exact RAT,2580000,5,4.712,0.60495454,0.2705439,0.53026604
CaveFlyer,Exact RAT,2620000,5,4.716,0.49998,0.22359785,0.43825179
CaveFlyer,Exact RAT,2660000,5,4.498,0.74627073,0.33374242,0.65413513
CaveFlyer,Exact RAT,2700000,5,4.758,0.54568306,0.24403688,0.47831229
CaveFlyer,Exact RAT,2740000,5,4.568,0.48566449,0.21719576,0.4257037
CaveFlyer,Exact RAT,2790000,5,4.146,0.26819769,0.11994165,0.23508564
CaveFlyer,Exact RAT,2830000,5,4.372,0.53466812,0.23911085,0.46865727
CaveFlyer,Exact RAT,2870000,5,4.918,0.70318561,0.31447416,0.61636936
CaveFlyer,Exact RAT,2910000,5,4.568,0.5512894,0.24654411,0.48322646
CaveFlyer,Exact RAT,2950000,5,4.412,0.66137735,0.29577694,0.57972281
CaveFlyer,Exact RAT,2990000,5,4.464,0.6354762,0.2841936,0.55701945
CaveFlyer,Exact RAT,3030000,5,4.388,0.90380861,0.4041955,0.79222317
CaveFlyer,Exact RAT,3070000,5,4.452,0.34751978,0.15541557,0.30461452
CaveFlyer,Exact RAT,3110000,5,4.344,0.65485113,0.29285833,0.57400232
CaveFlyer,Exact RAT,3150000,5,4.874,0.61573533,0.27536521,0.53971582
CaveFlyer,Exact RAT,3190000,5,4.84,0.46717235,0.20892582,0.40949462
CaveFlyer,Exact RAT,3240000,5,4.594,0.6531692,0.29210615,0.57252804
CaveFlyer,Exact RAT,3280000,5,4.228,0.59154036,0.26454489,0.51850799
CaveFlyer,Exact RAT,3320000,5,4.162,0.48935672,0.21884698,0.42894008
CaveFlyer,Exact RAT,3360000,5,4.588,0.4931227,0.22053118,0.43224111
CaveFlyer,Exact RAT,3400000,5,4.218,0.63096751,0.28217725,0.55306741
CaveFlyer,Exact RAT,3440000,5,3.844,0.44376796,0.19845906,0.38897977
CaveFlyer,Exact RAT,3480000,5,4.354,0.30826936,0.13786225,0.27021001
CaveFlyer,Exact RAT,3520000,5,4.308,0.35095584,0.15695222,0.30762636
CaveFlyer,Exact RAT,3560000,5,4.836,0.33110421,0.14807431,0.29022564
CaveFlyer,Exact RAT,3600000,5,4.446,0.37138928,0.16609034,0.32553706
CaveFlyer,Exact RAT,3650000,5,4.872,0.42774993,0.19129558,0.37493934
CaveFlyer,Exact RAT,3690000,5,4.348,0.56984208,0.25484113,0.49948861
CaveFlyer,Exact RAT,3730000,5,4.534,0.37753146,0.1688372,0.33092091
CaveFlyer,Exact RAT,3770000,5,4.638,0.47678087,0.21322289,0.41791686
CaveFlyer,Exact RAT,3810000,5,4.654,0.26987034,0.12068968,0.23655178
CaveFlyer,Exact RAT,3850000,5,4.352,0.58861702,0.26323754,0.51594557
CaveFlyer,Exact RAT,3890000,5,4.726,0.75665712,0.33838735,0.66323921
CaveFlyer,Exact RAT,3930000,5,4.324,0.56879698,0.25437374,0.49857253
CaveFlyer,Exact RAT,3970000,5,4.256,0.68049982,0.30432877,0.59648439
CaveFlyer,Exact RAT,4010000,5,4.596,0.66991044,0.29959306,0.58720239
CaveFlyer,Exact RAT,4060000,5,4.596,0.50222505,0.22460187,0.44021967
CaveFlyer,Exact RAT,4100000,5,4.436,0.22333831,0.099879928,0.19576466
CaveFlyer,Exact RAT,4140000,5,4.418,0.60536766,0.27072865,0.53062815
CaveFlyer,Exact RAT,4180000,5,4.432,0.35059949,0.15679286,0.307314
CaveFlyer,Exact RAT,4220000,5,4.24,0.57879185,0.25884358,0.50733342
CaveFlyer,Exact RAT,4260000,5,4.398,0.66307616,0.29653668,0.58121188
CaveFlyer,Exact RAT,4300000,5,4.428,0.48499485,0.21689629,0.42511673
CaveFlyer,Exact RAT,4340000,5,4.422,0.63365606,0.2833796,0.55542402
CaveFlyer,Exact RAT,4380000,5,4.622,0.64924572,0.29035151,0.56908896
CaveFlyer,Exact RAT,4420000,5,4.76,0.74320253,0.33237028,0.65144574
CaveFlyer,Exact RAT,4460000,5,4.674,0.53299156,0.23836107,0.4671877
CaveFlyer,Exact RAT,4510000,5,5.038,0.13953494,0.062401923,0.12230777
CaveFlyer,Exact RAT,4550000,5,4.786,0.63586948,0.28436948,0.55736418
CaveFlyer,Exact RAT,4590000,5,4.624,0.99344351,0.44428144,0.87079163
CaveFlyer,Exact RAT,4630000,5,3.924,0.60417713,0.27019622,0.5295846
CaveFlyer,Exact RAT,4670000,5,4.396,0.41028039,0.18348297,0.35962662
CaveFlyer,Exact RAT,4710000,5,4.342,0.39143326,0.17505428,0.34310638
CaveFlyer,Exact RAT,4750000,5,4.158,0.82493636,0.36892276,0.7230886
CaveFlyer,Exact RAT,4790000,5,4.71,0.76879776,0.34381681,0.67388095
CaveFlyer,Exact RAT,4830000,5,4.512,0.55625534,0.24876495,0.4875793
CaveFlyer,Exact RAT,4870000,5,4.886,0.30631683,0.13698905,0.26849854
CaveFlyer,Exact RAT,4920000,5,4.388,0.77606056,0.34706484,0.68024708
CaveFlyer,Exact RAT,4960000,5,4.396,0.48618926,0.21743045,0.42616368
CaveFlyer,Exact RAT,5000000,5,4.54,0.97218825,0.4347758,0.85216058
CaveFlyer,Exact RAT,5040000,5,4.846,0.31855926,0.14246403,0.2792295
CaveFlyer,Exact RAT,5080000,5,4.256,0.4002874,0.17901397,0.35086737
CaveFlyer,Exact RAT,5120000,5,4.56,0.82858313,0.37055364,0.72628513
CaveFlyer,Exact RAT,5160000,5,4.68,0.42679035,0.19086645,0.37409823
CaveFlyer,Exact RAT,5200000,5,4.312,0.57564746,0.25743737,0.50457725
CaveFlyer,Exact RAT,5240000,5,5.278,0.41002439,0.18336848,0.35940222
CaveFlyer,Exact RAT,5280000,5,5.05,0.52792045,0.2360932,0.46274268
CaveFlyer,Exact RAT,5320000,5,4.54,0.63725976,0.28499123,0.55858281
CaveFlyer,Exact RAT,5370000,5,4.576,0.57469992,0.25701362,0.50374669
CaveFlyer,Exact RAT,5410000,5,4.404,0.5391011,0.24109334,0.47254295
CaveFlyer,Exact RAT,5450000,5,4.482,0.43871403,0.19619888,0.3845498
CaveFlyer,Exact RAT,5490000,5,4.642,0.71408683,0.31934934,0.6259247
CaveFlyer,Exact RAT,5530000,5,4.546,0.40838707,0.18263625,0.35796705
CaveFlyer,Exact RAT,5570000,5,4.94,0.36407417,0.16281892,0.31912508
CaveFlyer,Exact RAT,5610000,5,4.79,0.35404802,0.15833509,0.31033677
CaveFlyer,Exact RAT,5650000,5,4.958,0.8018541,0.35860006,0.70285611
CaveFlyer,Exact RAT,5690000,5,4.81,0.6871681,0.30731092,0.6023294
CaveFlyer,Exact RAT,5730000,5,4.68,0.41599279,0.18603763,0.36463376
CaveFlyer,Exact RAT,5780000,5,4.592,0.76076935,0.3402264,0.66684373
CaveFlyer,Exact RAT,5820000,5,4.546,0.3819424,0.17080984,0.33478728
CaveFlyer,Exact RAT,5860000,5,4.338,0.53110263,0.23751632,0.46553198
CaveFlyer,Exact RAT,5900000,5,4.48,0.94010638,0.42042835,0.82403957
CaveFlyer,Exact RAT,5940000,5,4.666,0.22467755,0.10047885,0.19693855
CaveFlyer,Exact RAT,5980000,5,4.658,0.92761522,0.41484214,0.81309059
CoinRun,PPO,41000,5,3.588,0.76073649,0.3402117,0.66681493
CoinRun,PPO,81900,5,3.84,0.32093613,0.143527,0.28131292
CoinRun,PPO,123000,5,3.92,1.2255611,0.54808758,1.0742517
CoinRun,PPO,164000,5,3.56,0.77653075,0.34727511,0.68065921
CoinRun,PPO,205000,5,3.72,1.0521407,0.47053161,0.92224196
CoinRun,PPO,246000,5,3.94,1.7952716,0.80286985,1.5736249
CoinRun,PPO,287000,5,3.96,1.8902381,0.84534017,1.6568667
CoinRun,PPO,328000,5,3.94,1.9667232,0.87954534,1.7239089
CoinRun,PPO,369000,5,4.52,2.2917242,1.0248902,2.0087849
CoinRun,PPO,410000,5,4.64,1.6211107,0.72498276,1.4209662
CoinRun,PPO,451000,5,4.82,1.7782013,0.79523581,1.5586622
CoinRun,PPO,492000,5,5.02,1.6754104,0.74926631,1.468562
CoinRun,PPO,532000,5,4.76,1.9256168,0.86116201,1.6878775
CoinRun,PPO,573000,5,4.82,2.6546186,1.1871815,2.3268758
CoinRun,PPO,614000,5,4.9,2.6814175,1.1991664,2.3503661
CoinRun,PPO,655000,5,5.48,2.4793144,1.1087831,2.1732149
CoinRun,PPO,696000,5,5.38,2.5390943,1.1355175,2.2256143
CoinRun,PPO,737000,5,6.38,2.7325812,1.2220475,2.395213
CoinRun,PPO,778000,5,6.1,3.0207615,1.3509256,2.6478142
CoinRun,PPO,819000,5,6.46,3.0021659,1.3426094,2.6315144
CoinRun,PPO,860000,5,6.32,3.0144651,1.3481098,2.6422952
CoinRun,PPO,901000,5,6.64,2.8719331,1.2843675,2.5173604
CoinRun,PPO,942000,5,6.82,2.8455228,1.2725565,2.4942107
CoinRun,PPO,983000,5,6.84,2.9211299,1.306369,2.5604833
CoinRun,PPO,1020000,5,6.92,2.9878086,1.3361886,2.6189297
CoinRun,PPO,1060000,5,7.12,2.8137164,1.2583322,2.4663312
CoinRun,PPO,1110000,5,7.08,2.8856542,1.2905038,2.5293874
CoinRun,PPO,1150000,5,7.32,2.6771253,1.1972468,2.3466038
CoinRun,PPO,1190000,5,7.18,3.1140006,1.3926234,2.7295419
CoinRun,PPO,1230000,5,7.28,3.3244548,1.4867414,2.9140132
CoinRun,PPO,1270000,5,7.42,3.1308146,1.4001428,2.74428
CoinRun,PPO,1310000,5,7.22,3.2391357,1.4485855,2.8392276
CoinRun,PPO,1350000,5,6.84,3.211386,1.4361755,2.8149039
CoinRun,PPO,1390000,5,7.26,2.9108418,1.301768,2.5514653
CoinRun,PPO,1430000,5,7,3.3264095,1.4876155,2.9157265
CoinRun,PPO,1470000,5,7.44,2.4744696,1.1066165,2.1689683
CoinRun,PPO,1520000,5,7.74,2.5025986,1.1191961,2.1936244
CoinRun,PPO,1560000,5,7.52,2.8917123,1.2932131,2.5346976
CoinRun,PPO,1600000,5,7.82,2.4823376,1.1101351,2.1758648
CoinRun,PPO,1640000,5,8.02,2.1300235,0.95257546,1.8670479
CoinRun,PPO,1680000,5,7.84,2.4582514,1.0993635,2.1547524
CoinRun,PPO,1720000,5,8.06,2.3394444,1.0462313,2.0506134
CoinRun,PPO,1760000,5,8.6,2.0137031,0.90055538,1.7650886
CoinRun,PPO,1800000,5,8.5,2.6086395,1.166619,2.2865733
CoinRun,PPO,1840000,5,8.66,1.9844395,0.88746831,1.7394379
CoinRun,PPO,1880000,5,8.7,2.0124612,0.9,1.764
CoinRun,PPO,1930000,5,8.34,2.7162474,1.2147428,2.3808958
CoinRun,PPO,1970000,5,8.58,2.0801442,0.93026878,1.8233268
CoinRun,PPO,2010000,5,8.58,2.8472794,1.2733421,2.4957504
CoinRun,PPO,2050000,5,9.14,1.5323185,0.68527367,1.3431364
CoinRun,PPO,2090000,5,9.06,1.8229098,0.81523003,1.5978509
CoinRun,PPO,2130000,5,8.86,2.3287336,1.0414413,2.041225
CoinRun,PPO,2170000,5,9.08,1.5706686,0.70242437,1.3767518
CoinRun,PPO,2210000,5,8.68,2.2320394,0.99819838,1.9564688
CoinRun,PPO,2250000,5,9.08,1.8899735,0.84522186,1.6566349
CoinRun,PPO,2290000,5,9.08,1.6130716,0.72138755,1.4139196
CoinRun,PPO,2330000,5,9.18,1.6664333,0.74525164,1.4606932
CoinRun,PPO,2380000,5,9.28,1.3881643,0.62080593,1.2167796
CoinRun,PPO,2420000,5,9,2.0137031,0.90055538,1.7650886
CoinRun,PPO,2460000,5,9,1.6278821,0.72801099,1.4269015
CoinRun,PPO,2500000,5,9.28,1.3881643,0.62080593,1.2167796
CoinRun,PPO,2540000,5,9.06,1.7169741,0.76785415,1.5049941
CoinRun,PPO,2580000,5,8.86,2.3828554,1.0656453,2.0886649
CoinRun,PPO,2620000,5,8.98,1.8363006,0.82121861,1.6095885
CoinRun,PPO,2660000,5,9.2,1.5132746,0.67675697,1.3264437
CoinRun,PPO,2700000,5,9.24,1.4774979,0.66075714,1.295084
CoinRun,PPO,2740000,5,9.44,1.0853571,0.48538644,0.95135743
CoinRun,PPO,2790000,5,9.56,0.92897793,0.41545156,0.81428506
CoinRun,PPO,2830000,5,9.34,1.0853571,0.48538644,0.95135743
CoinRun,PPO,2870000,5,9.26,1.0014989,0.44788391,0.87785247
CoinRun,PPO,2910000,5,9.46,0.99146356,0.44339599,0.86905613
CoinRun,PPO,2950000,5,9.38,1.0034939,0.44877611,0.87960118
CoinRun,PPO,2990000,5,9.34,1.1696153,0.52306787,1.025213
CoinRun,PPO,3030000,5,9.56,0.72318739,0.32341923,0.6339017
CoinRun,PPO,3070000,5,9.22,1.0545141,0.47159304,0.92432237
CoinRun,PPO,3110000,5,9.38,0.85264295,0.38131352,0.7473745
CoinRun,PPO,3150000,5,9.44,0.61073726,0.27313001,0.53533481
CoinRun,PPO,3190000,5,9.5,0.64420494,0.28809721,0.56467052
CoinRun,PPO,3240000,5,9.56,0.58566202,0.26191602,0.51335539
CoinRun,PPO,3280000,5,9.54,0.63874878,0.28565714,0.55988799
CoinRun,PPO,3320000,5,9.56,0.87635609,0.39191836,0.76815998
CoinRun,PPO,3360000,5,9.62,0.63007936,0.28178006,0.55228891
CoinRun,PPO,3400000,5,9.74,0.47222876,0.21118712,0.41392676
CoinRun,PPO,3440000,5,9.72,0.38987177,0.17435596,0.34173768
CoinRun,PPO,3480000,5,9.94,0.054772256,0.024494897,0.048009999
CoinRun,PPO,3520000,5,9.84,0.15165751,0.0678233,0.13293367
CoinRun,PPO,3560000,5,9.56,0.40373258,0.1805547,0.35388721
CoinRun,PPO,3600000,5,9.88,0.083666003,0.037416574,0.073336485
CoinRun,PPO,3650000,5,9.76,0.15165751,0.0678233,0.13293367
CoinRun,PPO,3690000,5,9.88,0.10954451,0.048989795,0.096019998
CoinRun,PPO,3730000,5,9.92,0.04472136,0.02,0.0392
CoinRun,PPO,3770000,5,9.88,0.13038405,0.058309519,0.11428666
CoinRun,PPO,3810000,5,9.84,0.18165902,0.081240384,0.15923115
CoinRun,PPO,3850000,5,9.84,0.13416408,0.06,0.1176
CoinRun,PPO,3890000,5,9.86,0.13416408,0.06,0.1176
CoinRun,PPO,3930000,5,9.82,0.16431677,0.073484692,0.14403
CoinRun,PPO,3970000,5,9.88,0.13038405,0.058309519,0.11428666
CoinRun,PPO,4010000,5,9.74,0.2607681,0.11661904,0.22857331
CoinRun,PPO,4060000,5,9.8,0.2,0.089442719,0.17530773
CoinRun,PPO,4100000,5,9.86,0.089442719,0.04,0.0784
CoinRun,PPO,4140000,5,9.8,0.23452079,0.10488088,0.20556653
CoinRun,PPO,4180000,5,9.78,0.38340579,0.17146428,0.33606999
CoinRun,PPO,4220000,5,9.88,0.13038405,0.058309519,0.11428666
CoinRun,PPO,4260000,5,9.88,0.10954451,0.048989795,0.096019998
CoinRun,PPO,4300000,5,9.96,0.054772256,0.024494897,0.048009999
CoinRun,PPO,4340000,5,9.9,0.14142136,0.063245553,0.12396128
CoinRun,PPO,4380000,5,9.8,0.23452079,0.10488088,0.20556653
CoinRun,PPO,4420000,5,9.94,0.089442719,0.04,0.0784
CoinRun,PPO,4460000,5,9.92,0.083666003,0.037416574,0.073336485
CoinRun,PPO,4510000,5,10,0,0,0
CoinRun,PPO,4550000,5,9.94,0.054772256,0.024494897,0.048009999
CoinRun,PPO,4590000,5,9.88,0.16431677,0.073484692,0.14403
CoinRun,PPO,4630000,5,9.84,0.20736441,0.092736185,0.18176292
CoinRun,PPO,4670000,5,9.96,0.089442719,0.04,0.0784
CoinRun,PPO,4710000,5,9.96,0.054772256,0.024494897,0.048009999
CoinRun,PPO,4750000,5,9.82,0.19235384,0.086023253,0.16860558
CoinRun,PPO,4790000,5,9.96,0.054772256,0.024494897,0.048009999
CoinRun,PPO,4830000,5,9.9,0.12247449,0.054772256,0.10735362
CoinRun,PPO,4870000,5,9.74,0.25099801,0.11224972,0.22000945
CoinRun,PPO,4920000,5,9.94,0.054772256,0.024494897,0.048009999
CoinRun,PPO,4960000,5,9.88,0.083666003,0.037416574,0.073336485
CoinRun,PPO,5000000,5,9.92,0.04472136,0.02,0.0392
CoinRun,PPO,5040000,5,9.96,0.054772256,0.024494897,0.048009999
CoinRun,PPO,5080000,5,9.82,0.14832397,0.066332496,0.13001169
CoinRun,PPO,5120000,5,9.86,0.16733201,0.074833148,0.14667297
CoinRun,PPO,5160000,5,9.96,0.054772256,0.024494897,0.048009999
CoinRun,PPO,5200000,5,9.9,0.17320508,0.077459667,0.15182095
CoinRun,PPO,5240000,5,9.92,0.10954451,0.048989795,0.096019998
CoinRun,PPO,5280000,5,9.88,0.083666003,0.037416574,0.073336485
CoinRun,PPO,5320000,5,9.86,0.13416408,0.06,0.1176
CoinRun,PPO,5370000,5,9.96,0.054772256,0.024494897,0.048009999
CoinRun,PPO,5410000,5,9.84,0.15165751,0.0678233,0.13293367
CoinRun,PPO,5450000,5,9.88,0.04472136,0.02,0.0392
CoinRun,PPO,5490000,5,9.84,0.18165902,0.081240384,0.15923115
CoinRun,PPO,5530000,5,9.86,0.15165751,0.0678233,0.13293367
CoinRun,PPO,5570000,5,9.86,0.13416408,0.06,0.1176
CoinRun,PPO,5610000,5,9.92,0.083666003,0.037416574,0.073336485
CoinRun,PPO,5650000,5,9.94,0.054772256,0.024494897,0.048009999
CoinRun,PPO,5690000,5,9.94,0.054772256,0.024494897,0.048009999
CoinRun,PPO,5730000,5,9.86,0.13416408,0.06,0.1176
CoinRun,PPO,5780000,5,9.92,0.083666003,0.037416574,0.073336485
CoinRun,PPO,5820000,5,9.94,0.054772256,0.024494897,0.048009999
CoinRun,PPO,5860000,5,9.92,0.083666003,0.037416574,0.073336485
CoinRun,PPO,5900000,5,9.9,0.14142136,0.063245553,0.12396128
CoinRun,PPO,5940000,5,9.96,0.089442719,0.04,0.0784
CoinRun,PPO,5980000,5,9.94,0.054772256,0.024494897,0.048009999
CoinRun,Exact RAT,41000,5,2.4616,1.0752594,0.48087063,0.94250643
CoinRun,Exact RAT,81900,5,3.4,0.82158384,0.36742346,0.72014998
CoinRun,Exact RAT,123000,5,3.74,0.82340755,0.36823905,0.72174854
CoinRun,Exact RAT,164000,5,4.08,1.0733126,0.48,0.9408
CoinRun,Exact RAT,205000,5,5.26,2.0378911,0.91137259,1.7862903
CoinRun,Exact RAT,246000,5,5.06,2.4541801,1.0975427,2.1511837
CoinRun,Exact RAT,287000,5,5.08,3.1815091,1.4228141,2.7887157
CoinRun,Exact RAT,328000,5,5.72,3.2752099,1.4647184,2.8708481
CoinRun,Exact RAT,369000,5,5.5,3.3815677,1.512283,2.9640748
CoinRun,Exact RAT,410000,5,5.78,3.4831021,1.5576906,3.0530736
CoinRun,Exact RAT,451000,5,5.98,3.7049966,1.6569249,3.2475727
CoinRun,Exact RAT,492000,5,6.3,3.6283605,1.6226522,3.1803982
CoinRun,Exact RAT,532000,5,6.22,3.6272579,1.6221591,3.1794317
CoinRun,Exact RAT,573000,5,6.4,3.6674242,1.6401219,3.214639
CoinRun,Exact RAT,614000,5,6.22,3.8944833,1.7416659,3.4136651
CoinRun,Exact RAT,655000,5,6.26,4.1500602,1.8559634,3.6376882
CoinRun,Exact RAT,696000,5,6.28,3.8094619,1.7036432,3.3391406
CoinRun,Exact RAT,737000,5,6.64,3.6787226,1.6451748,3.2245425
CoinRun,Exact RAT,778000,5,6.74,3.5168167,1.5727683,3.0826258
CoinRun,Exact RAT,819000,5,6.84,3.4659775,1.5500323,3.0380632
CoinRun,Exact RAT,860000,5,6.74,3.1229793,1.3966388,2.7374121
CoinRun,Exact RAT,901000,5,6.76,2.8430617,1.2714559,2.4920535
CoinRun,Exact RAT,942000,5,6.36,3.1117519,1.3916178,2.7275708
CoinRun,Exact RAT,983000,5,6.1,3.3533565,1.4996666,2.9393466
CoinRun,Exact RAT,1020000,5,6.04,3.4500725,1.5429193,3.0241218
CoinRun,Exact RAT,1060000,5,6.14,3.5366651,1.5816447,3.1000236
CoinRun,Exact RAT,1110000,5,6.32,3.5052817,1.5676096,3.0725149
CoinRun,Exact RAT,1150000,5,6.04,3.4681407,1.5509997,3.0399594
CoinRun,Exact RAT,1190000,5,5.94,3.4515214,1.5435673,3.0253919
CoinRun,Exact RAT,1230000,5,6.18,3.6396428,1.6276978,3.1902876
CoinRun,Exact RAT,1270000,5,6.84,3.5746328,1.5986244,3.1333038
CoinRun,Exact RAT,1310000,5,6.84,3.303483,1.4773625,2.8956305
CoinRun,Exact RAT,1350000,5,7.06,3.1020961,1.3872995,2.7191071
CoinRun,Exact RAT,1390000,5,6.82,3.2460746,1.4516887,2.8453098
CoinRun,Exact RAT,1430000,5,6.66,3.1769482,1.4207744,2.7847179
CoinRun,Exact RAT,1470000,5,6.6,3.3667492,1.505656,2.9510858
CoinRun,Exact RAT,1520000,5,6.94,3.4333657,1.5354478,3.0094777
CoinRun,Exact RAT,1560000,5,7.12,3.0621888,1.3694524,2.6841268
CoinRun,Exact RAT,1600000,5,7.1,3.2703211,1.4625321,2.8665628
CoinRun,Exact RAT,1640000,5,7,3.0724583,1.3740451,2.6931284
CoinRun,Exact RAT,1680000,5,7.18,3.3252068,1.4870777,2.9146722
CoinRun,Exact RAT,1720000,5,7.04,3.3455941,1.4961952,2.9325425
CoinRun,Exact RAT,1760000,5,7.12,3.1704889,1.4178857,2.7790561
CoinRun,Exact RAT,1800000,5,7.6,2.9639501,1.3255188,2.5980168
CoinRun,Exact RAT,1840000,5,7.32,3.2629741,1.4592464,2.8601229
CoinRun,Exact RAT,1880000,5,7.08,3.4332201,1.5353827,3.0093501
CoinRun,Exact RAT,1930000,5,7.16,3.4246168,1.5315352,3.0018089
CoinRun,Exact RAT,1970000,5,7.28,3.2197826,1.4399306,2.8222639
CoinRun,Exact RAT,2010000,5,7.02,3.2368194,1.4475497,2.8371973
CoinRun,Exact RAT,2050000,5,7.1,3.2992423,1.475466,2.8919134
CoinRun,Exact RAT,2090000,5,7.06,3.2531523,1.4548539,2.8515137
CoinRun,Exact RAT,2130000,5,6.9,3.4263683,1.5323185,3.0033443
CoinRun,Exact RAT,2170000,5,7.08,3.4273897,1.5327753,3.0042395
CoinRun,Exact RAT,2210000,5,7.64,3.0940265,1.3836907,2.7120338
CoinRun,Exact RAT,2250000,5,7.54,3.1965607,1.4295454,2.8019089
CoinRun,Exact RAT,2290000,5,7.32,3.1538865,1.4104609,2.7645034
CoinRun,Exact RAT,2330000,5,7.44,3.3373642,1.4925147,2.9253287
CoinRun,Exact RAT,2380000,5,7.38,3.4303061,1.5340795,3.0067959
CoinRun,Exact RAT,2420000,5,7.24,3.4311806,1.5344706,3.0075624
CoinRun,Exact RAT,2460000,5,7.1,3.379349,1.5112908,2.96213
CoinRun,Exact RAT,2500000,5,7.02,3.139586,1.4040655,2.7519684
CoinRun,Exact RAT,2540000,5,7.48,2.644239,1.1825396,2.3177777
CoinRun,Exact RAT,2580000,5,7.68,2.8490349,1.2741272,2.4972892
CoinRun,Exact RAT,2620000,5,7.52,3.1308146,1.4001428,2.74428
CoinRun,Exact RAT,2660000,5,7.38,3.2874002,1.4701701,2.8815333
CoinRun,Exact RAT,2700000,5,7.52,3.4149671,1.5272197,2.9933506
CoinRun,Exact RAT,2740000,5,7.72,2.8030341,1.2535549,2.4569677
CoinRun,Exact RAT,2790000,5,7.98,3.0277054,1.354031,2.6539008
CoinRun,Exact RAT,2830000,5,7.7,3.1583223,1.4124447,2.7683916
CoinRun,Exact RAT,2870000,5,7.72,3.5604775,1.5922939,3.1208961
CoinRun,Exact RAT,2910000,5,8.12,2.3721298,1.0608487,2.0792635
CoinRun,Exact RAT,2950000,5,8.44,1.8635987,0.83342666,1.6335163
CoinRun,Exact RAT,2990000,5,8.9,1.3379088,0.59833101,1.1727288
CoinRun,Exact RAT,3030000,5,8.72,1.3217413,0.59110067,1.1585573
CoinRun,Exact RAT,3070000,5,9.22,0.78230429,0.34985711,0.68571994
CoinRun,Exact RAT,3110000,5,9.02,1.1410521,0.51029403,1.0001763
CoinRun,Exact RAT,3150000,5,9.34,0.77006493,0.34438351,0.67499167
CoinRun,Exact RAT,3190000,5,9.32,0.87578536,0.39166312,0.76765972
CoinRun,Exact RAT,3240000,5,9.14,1.236123,0.552811,1.0835096
CoinRun,Exact RAT,3280000,5,9.3,1.2961481,0.57965507,1.1361239
CoinRun,Exact RAT,3320000,5,9.16,1.3722245,0.61367744,1.2028078
CoinRun,Exact RAT,3360000,5,9.32,0.94180677,0.42118879,0.82553004
CoinRun,Exact RAT,3400000,5,9.12,1.2498,0.55892754,1.095498
CoinRun,Exact RAT,3440000,5,9.34,1.0945319,0.48948953,0.95939948
CoinRun,Exact RAT,3480000,5,9.2,1.0099505,0.45166359,0.88526064
CoinRun,Exact RAT,3520000,5,9.18,1.020784,0.45650849,0.89475664
CoinRun,Exact RAT,3560000,5,9.36,0.7436397,0.33256578,0.65182893
CoinRun,Exact RAT,3600000,5,9.28,0.9093954,0.40669399,0.79712022
CoinRun,Exact RAT,3650000,5,9.56,0.58991525,0.26381812,0.51708351
CoinRun,Exact RAT,3690000,5,9.46,0.6465292,0.28913665,0.56670783
CoinRun,Exact RAT,3730000,5,9.08,1.6724234,0.74793048,1.4659437
CoinRun,Exact RAT,3770000,5,8.98,1.8566098,0.83030115,1.6273903
CoinRun,Exact RAT,3810000,5,9.04,1.9806565,0.8857765,1.7361219
CoinRun,Exact RAT,3850000,5,8.74,2.5432263,1.1373654,2.2292361
CoinRun,Exact RAT,3890000,5,9.2,1.4628739,0.65421709,1.2822655
CoinRun,Exact RAT,3930000,5,9.38,1.1189281,0.50039984,0.98078369
CoinRun,Exact RAT,3970000,5,9.54,0.76681158,0.34292856,0.67213999
CoinRun,Exact RAT,4010000,5,9.68,0.60991803,0.27276363,0.53461672
CoinRun,Exact RAT,4060000,5,9.66,0.45055521,0.20149442,0.39492906
CoinRun,Exact RAT,4100000,5,9.62,0.73959448,0.33075671,0.64828315
CoinRun,Exact RAT,4140000,5,9.74,0.25099801,0.11224972,0.22000945
CoinRun,Exact RAT,4180000,5,9.72,0.46583259,0.20832667,0.40832027
CoinRun,Exact RAT,4220000,5,9.62,0.26832816,0.12,0.2352
CoinRun,Exact RAT,4260000,5,9.62,0.24899799,0.11135529,0.21825636
CoinRun,Exact RAT,4300000,5,9.8,0.15811388,0.070710678,0.13859293
CoinRun,Exact RAT,4340000,5,9.8,0.23452079,0.10488088,0.20556653
CoinRun,Exact RAT,4380000,5,9.74,0.15165751,0.0678233,0.13293367
CoinRun,Exact RAT,4420000,5,9.8,0.18708287,0.083666003,0.16398537
CoinRun,Exact RAT,4460000,5,9.84,0.15165751,0.0678233,0.13293367
CoinRun,Exact RAT,4510000,5,9.16,1.4432602,0.64544558,1.2650733
CoinRun,Exact RAT,4550000,5,8.82,2.3123581,1.034118,2.0268712
CoinRun,Exact RAT,4590000,5,8.6,2.6897955,1.2029131,2.3577097
CoinRun,Exact RAT,4630000,5,8.64,2.6670208,1.192728,2.3377468
CoinRun,Exact RAT,4670000,5,8.64,2.8762823,1.2863126,2.5211726
CoinRun,Exact RAT,4710000,5,8.62,2.6451843,1.1829624,2.3186063
CoinRun,Exact RAT,4750000,5,8.34,3.1004838,1.3865785,2.7176939
CoinRun,Exact RAT,4790000,5,8.4,3.1890437,1.4261837,2.7953201
CoinRun,Exact RAT,4830000,5,8.54,2.8797569,1.2878665,2.5242182
CoinRun,Exact RAT,4870000,5,8.52,3.0301815,1.3551384,2.6560712
CoinRun,Exact RAT,4920000,5,8.64,2.8745434,1.2855349,2.5196484
CoinRun,Exact RAT,4960000,5,8.62,2.8092704,1.2563439,2.462434
CoinRun,Exact RAT,5000000,5,8.58,3.0638211,1.3701825,2.6855576
CoinRun,Exact RAT,5040000,5,8.44,2.9534725,1.3208331,2.5888328
CoinRun,Exact RAT,5080000,5,8.58,2.630019,1.1761803,2.3053133
CoinRun,Exact RAT,5120000,5,8.98,1.8005555,0.80523289,1.5782565
CoinRun,Exact RAT,5160000,5,8.88,1.9575495,0.87544275,1.7158678
CoinRun,Exact RAT,5200000,5,9.06,1.6102795,0.72013888,1.4114722
CoinRun,Exact RAT,5240000,5,9.04,1.9243181,0.8605812,1.6867391
CoinRun,Exact RAT,5280000,5,8.86,2.270022,1.0151847,1.989762
CoinRun,Exact RAT,5320000,5,8.9,2.182888,0.97621719,1.9133857
CoinRun,Exact RAT,5370000,5,9.16,1.7672012,0.79031639,1.5490201
CoinRun,Exact RAT,5410000,5,9.16,1.6577093,0.74135012,1.4530462
CoinRun,Exact RAT,5450000,5,8.9,1.8920888,0.84616783,1.658489
CoinRun,Exact RAT,5490000,5,9,1.4611639,0.65345237,1.2807666
CoinRun,Exact RAT,5530000,5,9.04,1.5076472,0.67424031,1.321511
CoinRun,Exact RAT,5570000,5,9.2,1.0074721,0.45055521,0.88308822
CoinRun,Exact RAT,5610000,5,9.04,1.3446189,0.60133186,1.1786104
CoinRun,Exact RAT,5650000,5,8.84,2.1524405,0.96260064,1.8866973
CoinRun,Exact RAT,5690000,5,8.44,2.4582514,1.0993635,2.1547524
CoinRun,Exact RAT,5730000,5,8.88,1.9715476,0.8817029,1.7281377
CoinRun,Exact RAT,5780000,5,9.2,1.1224972,0.50199602,0.98391219
CoinRun,Exact RAT,5820000,5,9.2,1.0511898,0.47010637,0.92140849
CoinRun,Exact RAT,5860000,5,9.5,0.78740079,0.35213634,0.69018722
CoinRun,Exact RAT,5900000,5,9.4,0.69641941,0.31144823,0.61043853
CoinRun,Exact RAT,5940000,5,9.74,0.37815341,0.16911535,0.33146608
CoinRun,Exact RAT,5980000,5,9.56,0.61073726,0.27313001,0.53533481
Jumper,PPO,41000,5,5.14,0.40987803,0.18330303,0.35927393
Jumper,PPO,81900,5,6.12,0.27748874,0.12409674,0.2432296
Jumper,PPO,123000,5,6.48,0.74632433,0.33376639,0.65418212
Jumper,PPO,164000,5,6.28,0.77265775,0.34554305,0.67726438
Jumper,PPO,205000,5,7.08,1.1344602,0.50734604,0.99439823
Jumper,PPO,246000,5,7.76,1.0358571,0.46324939,0.90796881
Jumper,PPO,287000,5,7.94,1.6056151,0.71805292,1.4073837
Jumper,PPO,328000,5,8,1.43527,0.64187226,1.2580696
Jumper,PPO,369000,5,8.22,1.2988456,0.58086143,1.1384884
Jumper,PPO,410000,5,8.3,1.5033296,0.67230945,1.3177265
Jumper,PPO,451000,5,8.52,1.0963576,0.49030603,0.96099981
Jumper,PPO,492000,5,8.44,1.1760102,0.52592775,1.0308184
Jumper,PPO,532000,5,8.52,1.0825895,0.48414874,0.94893153
Jumper,PPO,573000,5,8.18,1.6483325,0.7371567,1.4448271
Jumper,PPO,614000,5,9,0.85732141,0.38340579,0.75147535
Jumper,PPO,655000,5,8.82,0.58051701,0.2596151,0.5088456
Jumper,PPO,696000,5,8.66,0.90719347,0.40570926,0.79519014
Jumper,PPO,737000,5,8.68,0.53103672,0.23748684,0.46547421
Jumper,PPO,778000,5,8.96,0.23021729,0.1029563,0.20179435
Jumper,PPO,819000,5,8.9,0.12247449,0.054772256,0.10735362
Jumper,PPO,860000,5,9,0.15811388,0.070710678,0.13859293
Jumper,PPO,901000,5,8.98,0.37013511,0.16552945,0.32443773
Jumper,PPO,942000,5,8.92,0.16431677,0.073484692,0.14403
Jumper,PPO,983000,5,8.82,0.22803509,0.10198039,0.19988156
Jumper,PPO,1020000,5,9.2,0.36055513,0.16124515,0.3160405
Jumper,PPO,1060000,5,9.02,0.21679483,0.096953597,0.19002905
Jumper,PPO,1110000,5,8.9,0.46904158,0.20976177,0.41113307
Jumper,PPO,1150000,5,8.94,0.30495901,0.13638182,0.26730836
Jumper,PPO,1190000,5,8.94,0.29664794,0.13266499,0.26002338
Jumper,PPO,1230000,5,9,0.39370039,0.17606817,0.34509361
Jumper,PPO,1270000,5,8.94,0.34351128,0.15362291,0.30110091
Jumper,PPO,1310000,5,9.1,0.33166248,0.14832397,0.29071498
Jumper,PPO,1350000,5,8.96,0.15165751,0.0678233,0.13293367
Jumper,PPO,1390000,5,9,0.24494897,0.10954451,0.21470724
Jumper,PPO,1430000,5,9.14,0.19493589,0.087177979,0.17086884
Jumper,PPO,1470000,5,9.02,0.083666003,0.037416574,0.073336485
Jumper,PPO,1520000,5,9.14,0.43931765,0.19646883,0.3850789
Jumper,PPO,1560000,5,9.2,0.29154759,0.13038405,0.25555273
Jumper,PPO,1600000,5,9.16,0.16733201,0.074833148,0.14667297
Jumper,PPO,1640000,5,9.16,0.11401754,0.050990195,0.099940782
Jumper,PPO,1680000,5,9.24,0.054772256,0.024494897,0.048009999
Jumper,PPO,1720000,5,9.06,0.15165751,0.0678233,0.13293367
Jumper,PPO,1760000,5,9.08,0.37013511,0.16552945,0.32443773
Jumper,PPO,1800000,5,9.02,0.23874673,0.10677078,0.20927073
Jumper,PPO,1840000,5,9.3,0.41231056,0.18439089,0.36140614
Jumper,PPO,1880000,5,9.08,0.25884358,0.11575837,0.2268864
Jumper,PPO,1930000,5,8.98,0.25884358,0.11575837,0.2268864
Jumper,PPO,1970000,5,9.4,0.18708287,0.083666003,0.16398537
Jumper,PPO,2010000,5,9.32,0.31144823,0.13928388,0.27299641
Jumper,PPO,2050000,5,9.06,0.19493589,0.087177979,0.17086884
Jumper,PPO,2090000,5,8.84,0.36469165,0.16309506,0.31966633
Jumper,PPO,2130000,5,9.22,0.30331502,0.1356466,0.26586734
Jumper,PPO,2170000,5,8.98,0.17888544,0.08,0.1568
Jumper,PPO,2210000,5,9.06,0.30495901,0.13638182,0.26730836
Jumper,PPO,2250000,5,8.98,0.25884358,0.11575837,0.2268864
Jumper,PPO,2290000,5,8.98,0.31144823,0.13928388,0.27299641
Jumper,PPO,2330000,5,8.96,0.23021729,0.1029563,0.20179435
Jumper,PPO,2380000,5,8.94,0.19493589,0.087177979,0.17086884
Jumper,PPO,2420000,5,8.8,0.28284271,0.12649111,0.24792257
Jumper,PPO,2460000,5,9.1,0.29154759,0.13038405,0.25555273
Jumper,PPO,2500000,5,8.76,0.48270074,0.21587033,0.42310585
Jumper,PPO,2540000,5,9,0.47958315,0.21447611,0.42037317
Jumper,PPO,2580000,5,9.06,0.18165902,0.081240384,0.15923115
Jumper,PPO,2620000,5,8.96,0.36469165,0.16309506,0.31966633
Jumper,PPO,2660000,5,9,0.52440442,0.23452079,0.45966074
Jumper,PPO,2700000,5,9.2,0.25495098,0.11401754,0.22347438
Jumper,PPO,2740000,5,9,0.29154759,0.13038405,0.25555273
Jumper,PPO,2790000,5,9.12,0.33466401,0.1496663,0.29334594
Jumper,PPO,2830000,5,9.04,0.18165902,0.081240384,0.15923115
Jumper,PPO,2870000,5,8.88,0.29495762,0.13190906,0.25854176
Jumper,PPO,2910000,5,9,0.23452079,0.10488088,0.20556653
Jumper,PPO,2950000,5,9.2,0.3082207,0.13784049,0.27016736
Jumper,PPO,2990000,5,8.96,0.25099801,0.11224972,0.22000945
Jumper,PPO,3030000,5,8.82,0.16431677,0.073484692,0.14403
Jumper,PPO,3070000,5,9.24,0.28809721,0.12884099,0.25252834
Jumper,PPO,3110000,5,8.76,0.35071356,0.15684387,0.30741399
Jumper,PPO,3150000,5,8.82,0.34205263,0.15297059,0.29982235
Jumper,PPO,3190000,5,9.1,0.38078866,0.17029386,0.33377597
Jumper,PPO,3240000,5,9.24,0.23021729,0.1029563,0.20179435
Jumper,PPO,3280000,5,9.22,0.04472136,0.02,0.0392
Jumper,PPO,3320000,5,8.94,0.20736441,0.092736185,0.18176292
Jumper,PPO,3360000,5,9.06,0.21908902,0.09797959,0.19204
Jumper,PPO,3400000,5,9.14,0.37148351,0.16613248,0.32561966
Jumper,PPO,3440000,5,8.96,0.27018512,0.12083046,0.2368277
Jumper,PPO,3480000,5,9.04,0.20736441,0.092736185,0.18176292
Jumper,PPO,3520000,5,8.84,0.28809721,0.12884099,0.25252834
Jumper,PPO,3560000,5,9.18,0.32710854,0.14628739,0.28672328
Jumper,PPO,3600000,5,8.96,0.25099801,0.11224972,0.22000945
Jumper,PPO,3650000,5,8.84,0.18165902,0.081240384,0.15923115
Jumper,PPO,3690000,5,8.92,0.44384682,0.19849433,0.38904889
Jumper,PPO,3730000,5,8.72,0.38987177,0.17435596,0.34173768
Jumper,PPO,3770000,5,8.98,0.29495762,0.13190906,0.25854176
Jumper,PPO,3810000,5,9.18,0.22803509,0.10198039,0.19988156
Jumper,PPO,3850000,5,8.9,0.43011626,0.19235384,0.37701353
Jumper,PPO,3890000,5,9.04,0.20736441,0.092736185,0.18176292
Jumper,PPO,3930000,5,9.04,0.23021729,0.1029563,0.20179435
Jumper,PPO,3970000,5,9.02,0.13038405,0.058309519,0.11428666
Jumper,PPO,4010000,5,9.08,0.31144823,0.13928388,0.27299641
Jumper,PPO,4060000,5,8.96,0.36469165,0.16309506,0.31966633
Jumper,PPO,4100000,5,8.88,0.25884358,0.11575837,0.2268864
Jumper,PPO,4140000,5,9.08,0.50199602,0.22449944,0.44001891
Jumper,PPO,4180000,5,8.9,0.24494897,0.10954451,0.21470724
Jumper,PPO,4220000,5,8.94,0.32863353,0.14696938,0.28805999
Jumper,PPO,4260000,5,8.7,0.2,0.089442719,0.17530773
Jumper,PPO,4300000,5,9.12,0.34205263,0.15297059,0.29982235
Jumper,PPO,4340000,5,8.94,0.4929503,0.22045408,0.43208999
Jumper,PPO,4380000,5,9,0.36742346,0.16431677,0.32206086
Jumper,PPO,4420000,5,9.04,0.089442719,0.04,0.0784
Jumper,PPO,4460000,5,8.86,0.20736441,0.092736185,0.18176292
Jumper,PPO,4510000,5,8.94,0.29664794,0.13266499,0.26002338
Jumper,PPO,4550000,5,9,0.2236068,0.1,0.196
Jumper,PPO,4590000,5,9.02,0.25884358,0.11575837,0.2268864
Jumper,PPO,4630000,5,8.8,0.3082207,0.13784049,0.27016736
Jumper,PPO,4670000,5,9.12,0.35637059,0.15937377,0.3123726
Jumper,PPO,4710000,5,8.94,0.11401754,0.050990195,0.099940782
Jumper,PPO,4750000,5,8.94,0.29664794,0.13266499,0.26002338
Jumper,PPO,4790000,5,9.06,0.33615473,0.15033296,0.29465261
Jumper,PPO,4830000,5,8.86,0.507937,0.22715633,0.44522641
Jumper,PPO,4870000,5,8.94,0.39749214,0.17776389,0.34841722
Jumper,PPO,4920000,5,9.02,0.34928498,0.15620499,0.30616179
Jumper,PPO,4960000,5,8.76,0.34351128,0.15362291,0.30110091
Jumper,PPO,5000000,5,9,0.29154759,0.13038405,0.25555273
Jumper,PPO,5040000,5,9.24,0.11401754,0.050990195,0.099940782
Jumper,PPO,5080000,5,8.84,0.38470768,0.17204651,0.33721115
Jumper,PPO,5120000,5,9.24,0.27018512,0.12083046,0.2368277
Jumper,PPO,5160000,5,8.96,0.21908902,0.09797959,0.19204
Jumper,PPO,5200000,5,8.88,0.37013511,0.16552945,0.32443773
Jumper,PPO,5240000,5,9.06,0.19493589,0.087177979,0.17086884
Jumper,PPO,5280000,5,8.6,0.3082207,0.13784049,0.27016736
Jumper,PPO,5320000,5,8.84,0.11401754,0.050990195,0.099940782
Jumper,PPO,5370000,5,9.02,0.17888544,0.08,0.1568
Jumper,PPO,5410000,5,9.02,0.21679483,0.096953597,0.19002905
Jumper,PPO,5450000,5,9.08,0.30331502,0.1356466,0.26586734
Jumper,PPO,5490000,5,9.08,0.37013511,0.16552945,0.32443773
Jumper,PPO,5530000,5,8.98,0.19235384,0.086023253,0.16860558
Jumper,PPO,5570000,5,8.78,0.30331502,0.1356466,0.26586734
Jumper,PPO,5610000,5,8.74,0.15165751,0.0678233,0.13293367
Jumper,PPO,5650000,5,8.9,0.29154759,0.13038405,0.25555273
Jumper,PPO,5690000,5,8.96,0.20736441,0.092736185,0.18176292
Jumper,PPO,5730000,5,8.44,0.37148351,0.16613248,0.32561966
Jumper,PPO,5780000,5,8.78,0.27748874,0.12409674,0.2432296
Jumper,PPO,5820000,5,9.08,0.37013511,0.16552945,0.32443773
Jumper,PPO,5860000,5,8.66,0.59413803,0.26570661,0.52078495
Jumper,PPO,5900000,5,8.84,0.23021729,0.1029563,0.20179435
Jumper,PPO,5940000,5,9,0.26457513,0.1183216,0.23191033
Jumper,PPO,5980000,5,8.9,0.25495098,0.11401754,0.22347438
Jumper,Exact RAT,41000,5,4.92,0.71902712,0.3215587,0.63025506
Jumper,Exact RAT,81900,5,5.72,0.69785385,0.31208973,0.61169587
Jumper,Exact RAT,123000,5,6.44,0.57271284,0.25612497,0.50200494
Jumper,Exact RAT,164000,5,5.74,1.3258959,0.59295868,1.162199
Jumper,Exact RAT,205000,5,6.12,1.7598295,0.78701969,1.5425586
Jumper,Exact RAT,246000,5,6.14,1.8716303,0.83701852,1.6405563
Jumper,Exact RAT,287000,5,6.32,1.9253571,0.86104588,1.6876499
Jumper,Exact RAT,328000,5,6.92,1.9613771,0.87715449,1.7192228
Jumper,Exact RAT,369000,5,6.92,1.5594871,0.69742383,1.3669507
Jumper,Exact RAT,410000,5,7.08,1.564289,0.6995713,1.3711597
Jumper,Exact RAT,451000,5,6.8,1.356466,0.60663004,1.1889949
Jumper,Exact RAT,492000,5,6.3,1.5858752,0.70922493,1.3900809
Jumper,Exact RAT,532000,5,5.96,2.2722236,1.0161693,1.9916918
Jumper,Exact RAT,573000,5,5.88,1.9318385,0.86394444,1.6933311
Jumper,Exact RAT,614000,5,5.78,1.9253571,0.86104588,1.6876499
Jumper,Exact RAT,655000,5,5.86,2.0791825,0.9298387,1.8224838
Jumper,Exact RAT,696000,5,5.64,2.270022,1.0151847,1.989762
Jumper,Exact RAT,737000,5,5.44,2.1801376,0.97498718,1.9109749
Jumper,Exact RAT,778000,5,5.52,2.2884493,1.0234256,2.0059142
Jumper,Exact RAT,819000,5,5.3,2.2561028,1.0089599,1.9775613
Jumper,Exact RAT,860000,5,5.54,2.1054691,0.94159439,1.845525
Jumper,Exact RAT,901000,5,5.9,1.9962465,0.89274856,1.7497872
Jumper,Exact RAT,942000,5,6.16,1.5646086,0.69971423,1.3714399
Jumper,Exact RAT,983000,5,5.04,0.89050547,0.39824616,0.78056246
Jumper,Exact RAT,1020000,5,5.62,1.1256109,0.50338852,0.9866415
Jumper,Exact RAT,1060000,5,5.5,1.7734148,0.7930952,1.5544666
Jumper,Exact RAT,1110000,5,5.9,1.1895377,0.53197744,1.0426758
Jumper,Exact RAT,1150000,5,6,1.029563,0.46043458,0.90245177
Jumper,Exact RAT,1190000,5,6.26,1.1104053,0.49658836,0.97331319
Jumper,Exact RAT,1230000,5,6.76,0.69137544,0.3091925,0.60601729
Jumper,Exact RAT,1270000,5,6.8,1.2,0.53665631,1.0518464
Jumper,Exact RAT,1310000,5,6.88,0.58051701,0.2596151,0.5088456
Jumper,Exact RAT,1350000,5,6.76,0.77974355,0.34871192,0.68347535
Jumper,Exact RAT,1390000,5,6.96,1.0212737,0.45672749,0.89518588
Jumper,Exact RAT,1430000,5,7.02,0.64575537,0.28879058,0.56602954
Jumper,Exact RAT,1470000,5,6.6,0.64420494,0.28809721,0.56467052
Jumper,Exact RAT,1520000,5,6.96,0.96591925,0.43197222,0.84666555
Jumper,Exact RAT,1560000,5,7.06,1.1886968,0.53160135,1.0419387
Jumper,Exact RAT,1600000,5,7.12,1.2173742,0.5444263,1.0670756
Jumper,Exact RAT,1640000,5,7.18,1.2930584,0.57827329,1.1334157
Jumper,Exact RAT,1680000,5,6.94,0.79874902,0.35721142,0.70013439
Jumper,Exact RAT,1720000,5,6.52,1.044988,0.46733286,0.9159724
Jumper,Exact RAT,1760000,5,6.4,1.566844,0.70071392,1.3733993
Jumper,Exact RAT,1800000,5,6.98,0.7293833,0.32619013,0.63933265
Jumper,Exact RAT,1840000,5,6.64,0.83246622,0.37229021,0.72968881
Jumper,Exact RAT,1880000,5,6.48,1.1454257,0.51224994,1.0040099
Jumper,Exact RAT,1930000,5,6.72,1.0825895,0.48414874,0.94893153
Jumper,Exact RAT,1970000,5,7.18,0.50695167,0.22671568,0.44436273
Jumper,Exact RAT,2010000,5,6.86,0.7436397,0.33256578,0.65182893
Jumper,Exact RAT,2050000,5,7.2,0.4472136,0.2,0.392
Jumper,Exact RAT,2090000,5,7.32,0.74296702,0.33226495,0.65123931
Jumper,Exact RAT,2130000,5,6.74,0.81117199,0.36276714,0.7110236
Jumper,Exact RAT,2170000,5,7.12,0.77588659,0.34698703,0.68009458
Jumper,Exact RAT,2210000,5,7,0.68190908,0.30495901,0.59771967
Jumper,Exact RAT,2250000,5,7.16,0.37815341,0.16911535,0.33146608
Jumper,Exact RAT,2290000,5,7.04,0.86197448,0.38548671,0.75555394
Jumper,Exact RAT,2330000,5,6.5,1.0630146,0.47539457,0.93177336
Jumper,Exact RAT,2380000,5,6.86,0.97877474,0.43772137,0.85793389
Jumper,Exact RAT,2420000,5,6.92,1.4411801,0.64451532,1.26325
Jumper,Exact RAT,2460000,5,7.1,1.3038405,0.58309519,1.1428666
Jumper,Exact RAT,2500000,5,6.46,1.4380542,0.64311741,1.2605101
Jumper,Exact RAT,2540000,5,6.6,1.7044061,0.76223356,1.4939778
Jumper,Exact RAT,2580000,5,6.56,1.2895736,0.57671483,1.1303611
Jumper,Exact RAT,2620000,5,6.46,1.0644247,0.47602521,0.93300941
Jumper,Exact RAT,2660000,5,6.4,1.6926311,0.75696763,1.4836566
Jumper,Exact RAT,2700000,5,6.74,1.6334014,0.73047929,1.4317394
Jumper,Exact RAT,2740000,5,6.7,1.8384776,0.82219219,1.6114967
Jumper,Exact RAT,2790000,5,6.46,1.6009372,0.71596089,1.4032833
Jumper,Exact RAT,2830000,5,7.2,1.3266499,0.59329588,1.1628599
Jumper,Exact RAT,2870000,5,7.1,1.4456832,0.6465292,1.2671972
Jumper,Exact RAT,2910000,5,6.94,1.3446189,0.60133186,1.1786104
Jumper,Exact RAT,2950000,5,6.68,1.0059821,0.44988888,0.8817822
Jumper,Exact RAT,2990000,5,6.56,1.3277801,0.59380131,1.1638506
Jumper,Exact RAT,3030000,5,6.72,0.91214034,0.40792156,0.79952626
Jumper,Exact RAT,3070000,5,7.2,1.4089003,0.63007936,1.2349555
Jumper,Exact RAT,3110000,5,6.88,1.8780309,0.83988094,1.6461667
Jumper,Exact RAT,3150000,5,7.38,0.94445752,0.42237424,0.82785351
Jumper,Exact RAT,3190000,5,7.16,0.68774995,0.30757113,0.60283941
Jumper,Exact RAT,3240000,5,7.14,0.76354437,0.34146742,0.66927615
Jumper,Exact RAT,3280000,5,7.28,1.0425929,0.46626173,0.91387299
Jumper,Exact RAT,3320000,5,6.72,1.6634302,0.7439086,1.4580608
Jumper,Exact RAT,3360000,5,7.06,1.2502,0.55910643,1.0958486
Jumper,Exact RAT,3400000,5,6.88,0.95760117,0.42825226,0.83937443
Jumper,Exact RAT,3440000,5,7.2,0.50497525,0.2258318,0.44263032
Jumper,Exact RAT,3480000,5,7.78,0.78866977,0.35270384,0.69129953
Jumper,Exact RAT,3520000,5,7.3,0.43011626,0.19235384,0.37701353
Jumper,Exact RAT,3560000,5,7.56,0.95026312,0.42497059,0.83294235
Jumper,Exact RAT,3600000,5,7.54,1.2461942,0.55731499,1.0923374
Jumper,Exact RAT,3650000,5,7.18,1.3479614,0.60282667,1.1815403
Jumper,Exact RAT,3690000,5,7.46,1.1148991,0.49859803,0.97725215
Jumper,Exact RAT,3730000,5,7.62,0.78230429,0.34985711,0.68571994
Jumper,Exact RAT,3770000,5,7.14,1.472413,0.65848311,1.2906269
Jumper,Exact RAT,3810000,5,7.56,1.1371016,0.50852729,0.99671348
Jumper,Exact RAT,3850000,5,7.62,1.0034939,0.44877611,0.87960118
Jumper,Exact RAT,3890000,5,7.86,0.89330846,0.39949969,0.78301939
Jumper,Exact RAT,3930000,5,7.94,0.94762862,0.4237924,0.83063311
Jumper,Exact RAT,3970000,5,7.48,1.0059821,0.44988888,0.8817822
Jumper,Exact RAT,4010000,5,7.6,1.0124228,0.45276926,0.88742774
Jumper,Exact RAT,4060000,5,7.48,1.1840608,0.52952809,1.0378751
Jumper,Exact RAT,4100000,5,7.82,0.28635642,0.12806248,0.25100247
Jumper,Exact RAT,4140000,5,7,0.58309519,0.2607681,0.51110547
Jumper,Exact RAT,4180000,5,7.54,0.55946403,0.25019992,0.49039184
Jumper,Exact RAT,4220000,5,7.74,0.84734881,0.37894591,0.74273398
Jumper,Exact RAT,4260000,5,8,0.78421936,0.35071356,0.68739857
Jumper,Exact RAT,4300000,5,7.9,1.2103718,0.54129474,1.0609377
Jumper,Exact RAT,4340000,5,7.84,1.2561847,0.56178288,1.1010944
Jumper,Exact RAT,4380000,5,8,1.2884099,0.57619441,1.129341
Jumper,Exact RAT,4420000,5,7.82,1.2070626,0.53981478,1.058037
Jumper,Exact RAT,4460000,5,7.7,1.2942179,0.57879185,1.134432
Jumper,Exact RAT,4510000,5,8,1.1067972,0.49497475,0.9701505
Jumper,Exact RAT,4550000,5,7.82,1.1691878,0.52287666,1.0248383
Jumper,Exact RAT,4590000,5,8.04,0.79561297,0.35580894,0.69738552
Jumper,Exact RAT,4630000,5,7.9,0.93541435,0.41833001,0.81992683
Jumper,Exact RAT,4670000,5,7.86,1.2660964,0.56621551,1.1097824
Jumper,Exact RAT,4710000,5,7.84,1.1991664,0.53628351,1.0511157
Jumper,Exact RAT,4750000,5,7.72,1.1454257,0.51224994,1.0040099
Jumper,Exact RAT,4790000,5,7.94,1.1480418,0.51341991,1.006303
Jumper,Exact RAT,4830000,5,7.92,1.1798305,0.52763624,1.034167
Jumper,Exact RAT,4870000,5,8.14,1.1126545,0.49759421,0.97528466
Jumper,Exact RAT,4920000,5,8.06,1.2601587,0.56356011,1.1045778
Jumper,Exact RAT,4960000,5,7.78,0.9679876,0.43289722,0.84847854
Jumper,Exact RAT,5000000,5,8.04,1.2177849,0.54460995,1.0674355
Jumper,Exact RAT,5040000,5,7.78,1.1366618,0.5083306,0.99632798
Jumper,Exact RAT,5080000,5,7.8,1.2708265,0.56833089,1.1139285
Jumper,Exact RAT,5120000,5,7.66,1.0691118,0.47812132,0.93711779
Jumper,Exact RAT,5160000,5,7.92,0.92574294,0.41400483,0.81144947
Jumper,Exact RAT,5200000,5,8.08,0.74632433,0.33376639,0.65418212
Jumper,Exact RAT,5240000,5,7.84,1.4467204,0.64699304,1.2681064
Jumper,Exact RAT,5280000,5,7.86,1.2441865,0.55641711,1.0905775
Jumper,Exact RAT,5320000,5,8.02,0.97826377,0.43749286,0.857486
Jumper,Exact RAT,5370000,5,7.72,1.1903781,0.53235327,1.0434124
Jumper,Exact RAT,5410000,5,7.8,1.3019217,0.58223707,1.1411846
Jumper,Exact RAT,5450000,5,7.86,1.6040574,0.71735626,1.4060183
Jumper,Exact RAT,5490000,5,7.9,1.4265343,0.63796552,1.2504124
Jumper,Exact RAT,5530000,5,7.84,1.1260551,0.50358713,0.98703078
Jumper,Exact RAT,5570000,5,7.98,0.91487704,0.40914545,0.80192508
Jumper,Exact RAT,5610000,5,8.04,0.94233752,0.42142615,0.82599525
Jumper,Exact RAT,5650000,5,7.96,1.1567195,0.51730069,1.0139093
Jumper,Exact RAT,5690000,5,7.7,1.0793517,0.48270074,0.94609344
Jumper,Exact RAT,5730000,5,8.16,1.0261579,0.45891176,0.89946704
Jumper,Exact RAT,5780000,5,8.28,0.89833179,0.40174619,0.78742253
Jumper,Exact RAT,5820000,5,8.24,1.0139033,0.45343136,0.88872547
Jumper,Exact RAT,5860000,5,8.04,0.97877474,0.43772137,0.85793389
Jumper,Exact RAT,5900000,5,7.8,1.1916375,0.5329165,1.0445163
Jumper,Exact RAT,5940000,5,8.3,0.97724101,0.43703547,0.85658952
Jumper,Exact RAT,5980000,5,8.12,1.3989282,0.62561969,1.2262146
Maze,PPO,41000,5,1.958,0.53950904,0.24127578,0.47290052
Maze,PPO,81900,5,1.94,0.4929503,0.22045408,0.43208999
Maze,PPO,123000,5,2.46,0.31304952,0.14,0.2744
Maze,PPO,164000,5,2.26,0.34351128,0.15362291,0.30110091
Maze,PPO,205000,5,2.66,0.79561297,0.35580894,0.69738552
Maze,PPO,246000,5,2.64,0.40373258,0.1805547,0.35388721
Maze,PPO,287000,5,3.06,0.33615473,0.15033296,0.29465261
Maze,PPO,328000,5,3.34,1.3277801,0.59380131,1.1638506
Maze,PPO,369000,5,3.46,0.94498677,0.42261093,0.82831743
Maze,PPO,410000,5,4.06,1.7067513,0.76328239,1.4960335
Maze,PPO,451000,5,4.14,1.4876155,0.6652819,1.3039525
Maze,PPO,492000,5,4.44,1.2054045,0.53907328,1.0565836
Maze,PPO,532000,5,4.92,1.1300442,0.50537115,0.99052746
Maze,PPO,573000,5,4.26,1.4432602,0.64544558,1.2650733
Maze,PPO,614000,5,4.5,1.8466185,0.82583291,1.6186325
Maze,PPO,655000,5,4.92,1.6146207,0.72208033,1.4152774
Maze,PPO,696000,5,5.16,1.3049904,0.58360946,1.1438745
Maze,PPO,737000,5,5.14,1.5725775,0.70327804,1.378425
Maze,PPO,778000,5,5.26,1.6349312,0.73116346,1.4330804
Maze,PPO,819000,5,4.92,1.5023315,0.67186308,1.3168516
Maze,PPO,860000,5,5.22,1.3989282,0.62561969,1.2262146
Maze,PPO,901000,5,5.4,1.9949937,0.89218832,1.7486891
Maze,PPO,942000,5,5.48,2.2286767,0.99669454,1.9535213
Maze,PPO,983000,5,5.22,1.8713631,0.83689904,1.6403221
Maze,PPO,1020000,5,5.58,1.956272,0.87487142,1.714748
Maze,PPO,1060000,5,6.1,1.7073371,0.76354437,1.496547
Maze,PPO,1110000,5,6.6,1.286468,0.57532599,1.1276389
Maze,PPO,1150000,5,6.72,1.3330416,0.59615434,1.1684625
Maze,PPO,1190000,5,6.08,1.9460216,0.87028731,1.7057631
Maze,PPO,1230000,5,6.8,1.0908712,0.48785244,0.95619078
Maze,PPO,1270000,5,6.76,1.254193,0.56089215,1.0993486
Maze,PPO,1310000,5,6.74,1.7472836,0.78140898,1.5315616
Maze,PPO,1350000,5,6.06,1.5931102,0.71246053,1.3964226
Maze,PPO,1390000,5,6.48,1.8033303,0.80647381,1.5806887
Maze,PPO,1430000,5,6.86,1.8528357,0.8286133,1.6240821
Maze,PPO,1470000,5,6.76,1.2054045,0.53907328,1.0565836
Maze,PPO,1520000,5,6.44,1.9475626,0.87097646,1.7071139
Maze,PPO,1560000,5,6.76,1.2502,0.55910643,1.0958486
Maze,PPO,1600000,5,6.6,1.5459625,0.69137544,1.3550959
Maze,PPO,1640000,5,6.74,1.4638989,0.65467549,1.283164
Maze,PPO,1680000,5,6.38,1.0802777,0.48311489,0.94690519
Maze,PPO,1720000,5,7,1.6446884,0.73552702,1.441633
Maze,PPO,1760000,5,6.94,1.5009997,0.67126746,1.3156842
Maze,PPO,1800000,5,6.8,1.3304135,0.59497899,1.1661588
Maze,PPO,1840000,5,6.62,1.2194261,0.54534393,1.0688741
Maze,PPO,1880000,5,6.96,1.5241391,0.68161573,1.3359668
Maze,PPO,1930000,5,7.06,1.472413,0.65848311,1.2906269
Maze,PPO,1970000,5,6.94,1.6592167,0.74202426,1.4543675
Maze,PPO,2010000,5,6.8,1.3228757,0.59160798,1.1595516
Maze,PPO,2050000,5,7.36,1.4604794,0.65314623,1.2801666
Maze,PPO,2090000,5,7,2.2226111,0.99398189,1.9482045
Maze,PPO,2130000,5,7.2,1.0368221,0.46368092,0.90881461
Maze,PPO,2170000,5,7.14,1.3049904,0.58360946,1.1438745
Maze,PPO,2210000,5,7.02,1.3953494,0.62401923,1.2230777
Maze,PPO,2250000,5,6.2,1.1445523,0.51185936,1.0032443
Maze,PPO,2290000,5,6.86,1.5192103,0.67941151,1.3316466
Maze,PPO,2330000,5,6.98,1.6053037,0.71791364,1.4071107
Maze,PPO,2380000,5,6.88,1.0425929,0.46626173,0.91387299
Maze,PPO,2420000,5,7.16,1.1674759,0.5221111,1.0233378
Maze,PPO,2460000,5,7.24,1.0667708,0.47707442,0.93506586
Maze,PPO,2500000,5,7.16,1.0899541,0.4874423,0.95538692
Maze,PPO,2540000,5,7.28,1.4956604,0.66887966,1.3110041
Maze,PPO,2580000,5,7.2,0.48989795,0.21908902,0.42941449
Maze,PPO,2620000,5,7.48,0.8228001,0.36796739,0.72121608
Maze,PPO,2660000,5,7.22,0.94445752,0.42237424,0.82785351
Maze,PPO,2700000,5,7.54,1.3464769,0.60216277,1.180239
Maze,PPO,2740000,5,7.32,1.2457929,0.55713553,1.0919856
Maze,PPO,2790000,5,6.76,0.78930349,0.35298725,0.69185501
Maze,PPO,2830000,5,7.16,1.4310835,0.64,1.2544
Maze,PPO,2870000,5,6.8,1.2144958,0.54313902,1.0645525
Maze,PPO,2910000,5,7.26,1.0784248,0.48228622,0.945281
Maze,PPO,2950000,5,7.28,1.2316655,0.55081757,1.0796024
Maze,PPO,2990000,5,7.32,0.92303846,0.41279535,0.80907888
Maze,PPO,3030000,5,7.16,0.98640762,0.4411349,0.8646244
Maze,PPO,3070000,5,6.94,0.82643814,0.36959437,0.72440497
Maze,PPO,3110000,5,6.82,1.2377399,0.5535341,1.0849268
Maze,PPO,3150000,5,7.14,1.0163661,0.45453273,0.89088415
Maze,PPO,3190000,5,7.4,0.88034084,0.39370039,0.77165277
Maze,PPO,3240000,5,7.62,0.85848704,0.38392708,0.75249707
Maze,PPO,3280000,5,7.12,0.97826377,0.43749286,0.857486
Maze,PPO,3320000,5,6.76,1.366748,0.61122827,1.1980074
Maze,PPO,3360000,5,7.08,1.2357184,0.55263008,1.0831549
Maze,PPO,3400000,5,7.02,1.4855975,0.66437941,1.3021836
Maze,PPO,3440000,5,7.14,1.1653326,0.52115257,1.021459
Maze,PPO,3480000,5,7.08,1.1189281,0.50039984,0.98078369
Maze,PPO,3520000,5,7.36,0.68774995,0.30757113,0.60283941
Maze,PPO,3560000,5,7.42,1.0232302,0.45760245,0.8969008
Maze,PPO,3600000,5,7.54,0.4929503,0.22045408,0.43208999
Maze,PPO,3650000,5,7.82,0.70142712,0.31368774,0.61482798
Maze,PPO,3690000,5,7.68,1.2696456,0.56780278,1.1128935
Maze,PPO,3730000,5,7.32,1.1627553,0.52,1.0192
Maze,PPO,3770000,5,7.5,1.0148892,0.45387223,0.88958957
Maze,PPO,3810000,5,7.52,0.77910205,0.34842503,0.68291305
Maze,PPO,3850000,5,7.58,0.99347874,0.4442972,0.87082251
Maze,PPO,3890000,5,7.58,1.0616026,0.4747631,0.93053567
Maze,PPO,3930000,5,7.98,1.1903781,0.53235327,1.0434124
Maze,PPO,3970000,5,7.5,1.1157957,0.498999,0.97803804
Maze,PPO,4010000,5,7.72,1.1497826,0.51419841,1.0078289
Maze,PPO,4060000,5,7.72,1.6604216,0.74256313,1.4554237
Maze,PPO,4100000,5,7.78,1.4446453,0.64606501,1.2662874
Maze,PPO,4140000,5,7.68,0.9884331,0.44204072,0.86639982
Maze,PPO,4180000,5,7.92,1.239758,0.55443665,1.0866958
Maze,PPO,4220000,5,7.72,1.4254824,0.6374951,1.2494904
Maze,PPO,4260000,5,7.92,1.1798305,0.52763624,1.034167
Maze,PPO,4300000,5,8.02,1.077961,0.48207883,0.94487451
Maze,PPO,4340000,5,8.04,1.3202273,0.59042358,1.1572302
Maze,PPO,4380000,5,7.86,1.1696153,0.52306787,1.025213
Maze,PPO,4420000,5,7.78,0.5585696,0.24979992,0.48960784
Maze,PPO,4460000,5,7.88,1.2275993,0.54899909,1.0760382
Maze,PPO,4510000,5,8.06,1.0310189,0.46108568,0.90372792
Maze,PPO,4550000,5,7.92,1.3103435,0.58600341,1.1485667
Maze,PPO,4590000,5,7.54,1.3371612,0.59799666,1.1720734
Maze,PPO,4630000,5,7.9,1.0319884,0.46151923,0.90457769
Maze,PPO,4670000,5,7.86,1.1717508,0.5240229,1.0270849
Maze,PPO,4710000,5,7.78,1.2853015,0.57480431,1.1266165
Maze,PPO,4750000,5,7.74,1.5630099,0.69899928,1.3700386
Maze,PPO,4790000,5,7.76,1.1717508,0.5240229,1.0270849
Maze,PPO,4830000,5,8.22,1.0802777,0.48311489,0.94690519
Maze,PPO,4870000,5,7.72,0.78230429,0.34985711,0.68571994
Maze,PPO,4920000,5,8.04,0.9989995,0.44676616,0.87566167
Maze,PPO,4960000,5,8.34,0.47222876,0.21118712,0.41392676
Maze,PPO,5000000,5,8.22,0.67970582,0.30397368,0.59578842
Maze,PPO,5040000,5,8.42,0.19235384,0.086023253,0.16860558
Maze,PPO,5080000,5,8.2,0.51961524,0.232379,0.45546284
Maze,PPO,5120000,5,8.1,0.67453688,0.30166206,0.59125764
Maze,PPO,5160000,5,8.1,0.5,0.2236068,0.43826932
Maze,PPO,5200000,5,8.12,0.25884358,0.11575837,0.2268864
Maze,PPO,5240000,5,8.16,0.49799598,0.22271057,0.43651273
Maze,PPO,5280000,5,8.08,0.51672043,0.2310844,0.45292542
Maze,PPO,5320000,5,8.28,0.48682646,0.21771541,0.4267222
Maze,PPO,5370000,5,8.24,0.50299105,0.22494444,0.4408911
Maze,PPO,5410000,5,8.34,0.51283526,0.2293469,0.44951992
Maze,PPO,5450000,5,8.3,0.41833001,0.18708287,0.36668242
Maze,PPO,5490000,5,8.28,0.44384682,0.19849433,0.38904889
Maze,PPO,5530000,5,8.12,0.66105976,0.29563491,0.57944442
Maze,PPO,5570000,5,8.24,0.089442719,0.04,0.0784
Maze,PPO,5610000,5,8.12,0.71902712,0.3215587,0.63025506
Maze,PPO,5650000,5,8.3,0.66332496,0.29664794,0.58142996
Maze,PPO,5690000,5,8.38,0.48682646,0.21771541,0.4267222
Maze,PPO,5730000,5,8,0.9027735,0.40373258,0.79131587
Maze,PPO,5780000,5,8.4,0.35355339,0.15811388,0.30990321
Maze,PPO,5820000,5,7.84,0.59413803,0.26570661,0.52078495
Maze,PPO,5860000,5,8.04,0.37815341,0.16911535,0.33146608
Maze,PPO,5900000,5,7.86,0.70213959,0.31400637,0.61545248
Maze,PPO,5940000,5,8.28,0.57183914,0.25573424,0.5012391
Maze,PPO,5980000,5,8.32,0.31937439,0.14282857,0.27994399
Maze,Exact RAT,41000,5,2.166,0.26302091,0.11762653,0.23054799
Maze,Exact RAT,81900,5,1.6,0.57008771,0.25495098,0.49970391
Maze,Exact RAT,123000,5,2.36,0.72318739,0.32341923,0.6339017
Maze,Exact RAT,164000,5,2.14,0.35071356,0.15684387,0.30741399
Maze,Exact RAT,205000,5,2.62,1.2194261,0.54534393,1.0688741
Maze,Exact RAT,246000,5,2.54,0.78294317,0.35014283,0.68627994
Maze,Exact RAT,287000,5,2.68,0.59749477,0.26720778,0.52372726
Maze,Exact RAT,328000,5,3.2,0.83964278,0.37549967,0.73597935
Maze,Exact RAT,369000,5,3.48,1.4060583,0.6288084,1.2324645
Maze,Exact RAT,410000,5,3.4,1.4247807,0.63718129,1.2488753
Maze,Exact RAT,451000,5,3.54,0.82643814,0.36959437,0.72440497
Maze,Exact RAT,492000,5,3.78,0.56745044,0.25377155,0.49739224
Maze,Exact RAT,532000,5,3.56,1.4808781,0.66226883,1.2980469
Maze,Exact RAT,573000,5,3.74,1.3069047,0.58446557,1.1455525
Maze,Exact RAT,614000,5,3.66,1.4328294,0.64078077,1.2559303
Maze,Exact RAT,655000,5,4,1.24499,0.55677644,1.0912818
Maze,Exact RAT,696000,5,4.12,1.3311649,0.59531504,1.1668175
Maze,Exact RAT,737000,5,3.96,1.7501429,0.78268768,1.5340678
Maze,Exact RAT,778000,5,4.34,1.8447222,0.82498485,1.6169703
Maze,Exact RAT,819000,5,4.16,1.9882153,0.8891569,1.7427475
Maze,Exact RAT,860000,5,4.32,0.99849887,0.44654227,0.87522285
Maze,Exact RAT,901000,5,4.18,0.94445752,0.42237424,0.82785351
Maze,Exact RAT,942000,5,4.64,0.86775573,0.38807216,0.76062143
Maze,Exact RAT,983000,5,4.36,0.7733046,0.34583233,0.67783137
Maze,Exact RAT,1020000,5,4.3,2.1505813,0.9617692,1.8850676
Maze,Exact RAT,1060000,5,4.58,2.5390943,1.1355175,2.2256143
Maze,Exact RAT,1110000,5,4.8,2.1236761,0.94973681,1.8614841
Maze,Exact RAT,1150000,5,4.84,2.4068652,1.0763828,2.1097103
Maze,Exact RAT,1190000,5,5.22,2.7280029,1.22,2.3912
Maze,Exact RAT,1230000,5,5.34,3.2082706,1.4347822,2.8121731
Maze,Exact RAT,1270000,5,5.6,2.602883,1.1640447,2.2815276
Maze,Exact RAT,1310000,5,6.04,2.1547622,0.96363894,1.8887323
Maze,Exact RAT,1350000,5,5.36,1.9204166,0.85883642,1.6833194
Maze,Exact RAT,1390000,5,4.74,2.0292856,0.9075241,1.7787472
Maze,Exact RAT,1430000,5,4.98,2.5946098,1.1603448,2.2742758
Maze,Exact RAT,1470000,5,4.98,2.2004545,0.98407317,1.9287834
Maze,Exact RAT,1520000,5,5.4,2.3462736,1.0492855,2.0565995
Maze,Exact RAT,1560000,5,4.96,2.3880955,1.0679888,2.093258
Maze,Exact RAT,1600000,5,4.92,2.355207,1.0532806,2.06443
Maze,Exact RAT,1640000,5,4.64,2.2941229,1.025963,2.0108874
Maze,Exact RAT,1680000,5,5.24,2.177843,0.97396098,1.9089635
Maze,Exact RAT,1720000,5,5.02,1.6843396,0.75325958,1.4763888
Maze,Exact RAT,1760000,5,4.58,1.1344602,0.50734604,0.99439823
Maze,Exact RAT,1800000,5,5.08,1.3498148,0.60365553,1.1831648
Maze,Exact RAT,1840000,5,4.86,1.505988,0.67349833,1.3200567
Maze,Exact RAT,1880000,5,5.02,1.6208023,0.72484481,1.4206958
Maze,Exact RAT,1930000,5,4.96,1.9514097,0.87269697,1.7104861
Maze,Exact RAT,1970000,5,5.38,1.8660118,0.83450584,1.6356314
Maze,Exact RAT,2010000,5,4.98,1.6932218,0.7572318,1.4841743
Maze,Exact RAT,2050000,5,5.28,1.804716,0.80709355,1.5819034
Maze,Exact RAT,2090000,5,4.98,1.723949,0.77097341,1.5111079
Maze,Exact RAT,2130000,5,5.02,1.8143869,0.81141851,1.5903803
Maze,Exact RAT,2170000,5,5.1,1.8330303,0.81975606,1.6067219
Maze,Exact RAT,2210000,5,4.84,1.8782971,0.84,1.6464
Maze,Exact RAT,2250000,5,4.84,1.7444197,0.78012819,1.5290513
Maze,Exact RAT,2290000,5,4.94,1.6920402,0.75670338,1.4831386
Maze,Exact RAT,2330000,5,5.24,1.6516658,0.73864741,1.4477489
Maze,Exact RAT,2380000,5,5.3,1.5033296,0.67230945,1.3177265
Maze,Exact RAT,2420000,5,5.6,2.0211383,0.90388052,1.7716058
Maze,Exact RAT,2460000,5,5.74,2.1984085,0.98315818,1.92699
Maze,Exact RAT,2500000,5,5.44,1.8836135,0.84237759,1.6510601
Maze,Exact RAT,2540000,5,5.98,2.1158922,0.94625578,1.8546613
Maze,Exact RAT,2580000,5,6,2.3270153,1.0406729,2.0397188
Maze,Exact RAT,2620000,5,5.8,1.7131842,0.76615925,1.5016721
Maze,Exact RAT,2660000,5,5.72,1.8185159,0.81326502,1.5939994
Maze,Exact RAT,2700000,5,5.92,2.012958,0.90022219,1.7644355
Maze,Exact RAT,2740000,5,5.22,1.6813685,0.75193085,1.4737845
Maze,Exact RAT,2790000,5,5.44,2.3136551,1.034698,2.0280081
Maze,Exact RAT,2830000,5,5.46,2.2187835,0.99227012,1.9448494
Maze,Exact RAT,2870000,5,4.88,2.4294032,1.0864621,2.1294658
Maze,Exact RAT,2910000,5,5.74,2.4785076,1.1084223,2.1725077
Maze,Exact RAT,2950000,5,6.38,2.021633,0.90410176,1.7720395
Maze,Exact RAT,2990000,5,6.24,2.4151605,1.0800926,2.1169815
Maze,Exact RAT,3030000,5,6.22,2.2163032,0.99116094,1.9426754
Maze,Exact RAT,3070000,5,6.28,2.1947665,0.98152942,1.9237977
Maze,Exact RAT,3110000,5,6.14,2.7491817,1.2294714,2.409764
Maze,Exact RAT,3150000,5,6.54,2.254551,1.0082658,1.976201
Maze,Exact RAT,3190000,5,6.14,2.2963014,1.0269372,2.0127969
Maze,Exact RAT,3240000,5,6.28,1.8349387,0.82060953,1.6083947
Maze,Exact RAT,3280000,5,6.56,2.3964557,1.0717276,2.1005861
Maze,Exact RAT,3320000,5,6.38,1.7469974,0.781281,1.5313108
Maze,Exact RAT,3360000,5,6.38,2.046216,0.91509562,1.7935874
Maze,Exact RAT,3400000,5,6.84,1.6920402,0.75670338,1.4831386
Maze,Exact RAT,3440000,5,6.7,1.6370706,0.73212021,1.4349556
Maze,Exact RAT,3480000,5,7.2,1.37659,0.61562976,1.2066343
Maze,Exact RAT,3520000,5,7.12,1.4202113,0.63513778,1.24487
Maze,Exact RAT,3560000,5,7.28,1.5990622,0.71512237,1.4016398
Maze,Exact RAT,3600000,5,7,1.7029386,0.76157731,1.4926915
Maze,Exact RAT,3650000,5,7.02,1.9639246,0.8782938,1.7214558
Maze,Exact RAT,3690000,5,7.26,1.8875911,0.84415638,1.6545465
Maze,Exact RAT,3730000,5,6.64,2.2556595,1.0087616,1.9771728
Maze,Exact RAT,3770000,5,6.78,1.7527122,0.78383672,1.53632
Maze,Exact RAT,3810000,5,6.98,1.7311846,0.77420927,1.5174502
Maze,Exact RAT,3850000,5,7.14,1.9654516,0.87897668,1.7227943
Maze,Exact RAT,3890000,5,7.32,2.3101948,1.0331505,2.024975
Maze,Exact RAT,3930000,5,7.04,2.2611944,1.0112369,1.9820243
Maze,Exact RAT,3970000,5,6.86,2.132604,0.95372952,1.8693099
Maze,Exact RAT,4010000,5,7.42,1.8485129,0.82668011,1.620293
Maze,Exact RAT,4060000,5,7.2,2.1482551,0.96072889,1.8830286
Maze,Exact RAT,4100000,5,7.08,2.1393924,0.95676538,1.8752602
Maze,Exact RAT,4140000,5,6.84,2.244549,1.0037928,1.9674339
Maze,Exact RAT,4180000,5,6.74,2.5909458,1.1587062,2.2710641
Maze,Exact RAT,4220000,5,6.82,2.3636836,1.0570714,2.07186
Maze,Exact RAT,4260000,5,7.1,1.6522712,0.73891813,1.4482795
Maze,Exact RAT,4300000,5,7.22,2.3962471,1.0716343,2.1004032
Maze,Exact RAT,4340000,5,7.3,2.1377558,0.95603347,1.8738256
Maze,Exact RAT,4380000,5,7.22,1.6991174,0.75986841,1.4893421
Maze,Exact RAT,4420000,5,7.2,1.9672316,0.8797727,1.7243545
Maze,Exact RAT,4460000,5,6.92,2.1229696,0.94942088,1.8608649
Maze,Exact RAT,4510000,5,6.96,2.0887795,0.93413061,1.830896
Maze,Exact RAT,4550000,5,7.1,2.2549945,1.0084642,1.9765898
Maze,Exact RAT,4590000,5,7.32,2.3402991,1.0466136,2.0513626
Maze,Exact RAT,4630000,5,7.28,2.3615673,1.056125,2.070005
Maze,Exact RAT,4670000,5,7.24,1.6816658,0.75206383,1.4740451
Maze,Exact RAT,4710000,5,7.1,1.9532025,0.87349871,1.7120575
Maze,Exact RAT,4750000,5,6.92,2.101666,0.93989361,1.8421915
Maze,Exact RAT,4790000,5,6.96,2.558906,1.1443776,2.24298
Maze,Exact RAT,4830000,5,6.72,2.2083931,0.98762341,1.9357419
Maze,Exact RAT,4870000,5,7.04,1.7586927,0.78651128,1.5415621
Maze,Exact RAT,4920000,5,7.12,2.4386472,1.0905962,2.1375685
Maze,Exact RAT,4960000,5,7.1,2.4238399,1.0839742,2.1245894
Maze,Exact RAT,5000000,5,7.36,2.0032474,0.89587946,1.7559237
Maze,Exact RAT,5040000,5,7,2.2538855,1.0079683,1.9756178
Maze,Exact RAT,5080000,5,7.02,2.0559669,0.91945636,1.8021345
Maze,Exact RAT,5120000,5,7.22,2.1741665,0.97231682,1.905741
Maze,Exact RAT,5160000,5,7.14,2.0574256,0.92010869,1.803413
Maze,Exact RAT,5200000,5,6.98,2.2993477,1.0282996,2.0154672
Maze,Exact RAT,5240000,5,7.38,2.176465,0.97334475,1.9077557
Maze,Exact RAT,5280000,5,7.06,1.9501282,0.87212384,1.7093627
Maze,Exact RAT,5320000,5,6.82,2.5616401,1.1456003,2.2453765
Maze,Exact RAT,5370000,5,7.04,2.5822471,1.154816,2.2634394
Maze,Exact RAT,5410000,5,7.3,2.0359273,0.91049437,1.784569
Maze,Exact RAT,5450000,5,7.22,2.1123447,0.94466925,1.8515517
Maze,Exact RAT,5490000,5,6.78,1.9967474,0.89297256,1.7502262
Maze,Exact RAT,5530000,5,7.06,1.479189,0.66151342,1.2965663
Maze,Exact RAT,5570000,5,6.4,2.1621748,0.96695398,1.8952298
Maze,Exact RAT,5610000,5,7.16,2.0983327,0.9384029,1.8392697
Maze,Exact RAT,5650000,5,6.98,2.4345431,1.0887608,2.1339711
Maze,Exact RAT,5690000,5,7.18,1.9434505,0.8691375,1.7035095
Maze,Exact RAT,5730000,5,7.22,1.9613771,0.87715449,1.7192228
Maze,Exact RAT,5780000,5,6.92,2.1510463,0.96197713,1.8854752
Maze,Exact RAT,5820000,5,7.2,1.8748333,0.83845095,1.6433639
Maze,Exact RAT,5860000,5,7.58,1.6932218,0.7572318,1.4841743
Maze,Exact RAT,5900000,5,7.28,1.523811,0.681469,1.3356792
Maze,Exact RAT,5940000,5,7.14,1.7038192,0.76197113,1.4934634
Maze,Exact RAT,5980000,5,7.48,1.6238842,0.72622311,1.4233973
Miner,PPO,41000,5,1.424,0.37553961,0.16794642,0.32917498
Miner,PPO,81900,5,1.362,0.30277054,0.1354031,0.26539008
Miner,PPO,123000,5,1.516,0.20743674,0.092768529,0.18182632
Miner,PPO,164000,5,1.542,0.17852171,0.079837335,0.15648118
Miner,PPO,205000,5,1.742,0.17767949,0.079460682,0.15574294
Miner,PPO,246000,5,1.542,0.094180677,0.042118879,0.082553004
Miner,PPO,287000,5,1.58,0.31184932,0.13946326,0.27334798
Miner,PPO,328000,5,1.76,0.40975602,0.18324847,0.35916699
Miner,PPO,369000,5,1.686,0.33731291,0.15085092,0.2956678
Miner,PPO,410000,5,1.6,0.32225766,0.14411801,0.28247129
Miner,PPO,451000,5,1.598,0.40739416,0.18219221,0.35709672
Miner,PPO,492000,5,1.534,0.37600532,0.16815469,0.32958319
Miner,PPO,532000,5,1.538,0.37056713,0.16572266,0.32481641
Miner,PPO,573000,5,1.526,0.28430617,0.12714559,0.24920535
Miner,PPO,614000,5,1.54,0.27586228,0.12336936,0.24180395
Miner,PPO,655000,5,1.748,0.30833423,0.13789126,0.27026687
Miner,PPO,696000,5,1.88,0.48187135,0.21549942,0.42237886
Miner,PPO,737000,5,1.744,0.19844395,0.088746831,0.17394379
Miner,PPO,778000,5,1.59,0.29214722,0.13065221,0.25607833
Miner,PPO,819000,5,1.718,0.31220186,0.13962092,0.27365699
Miner,PPO,860000,5,1.61,0.27046257,0.12095454,0.23707089
Miner,PPO,901000,5,1.468,0.29414282,0.13154467,0.25782755
Miner,PPO,942000,5,1.468,0.17455658,0.078064076,0.15300559
Miner,PPO,983000,5,1.704,0.29245512,0.13078991,0.25634822
Miner,PPO,1020000,5,1.83,0.53197744,0.23790755,0.46629879
Miner,PPO,1060000,5,1.752,0.40499383,0.18111875,0.35499274
Miner,PPO,1110000,5,1.776,0.29134172,0.13029198,0.25537228
Miner,PPO,1150000,5,1.884,0.52190037,0.23340094,0.45746585
Miner,PPO,1190000,5,1.878,0.51794787,0.23163333,0.45400133
Miner,PPO,1230000,5,2.088,0.56237888,0.25150348,0.49294682
Miner,PPO,1270000,5,2.06,0.35503521,0.15877657,0.31120208
Miner,PPO,1310000,5,1.946,0.33619935,0.15035292,0.29469172
Miner,PPO,1350000,5,1.972,0.36588249,0.16362763,0.32071015
Miner,PPO,1390000,5,2.07,0.46384265,0.20743674,0.40657601
Miner,PPO,1430000,5,2.034,0.33238532,0.14864723,0.29134858
Miner,PPO,1470000,5,1.822,0.39480375,0.1765616,0.34606074
Miner,PPO,1520000,5,1.714,0.38435661,0.1718895,0.33690342
Miner,PPO,1560000,5,1.996,0.66755524,0.29853978,0.58513797
Miner,PPO,1600000,5,2.03,0.45227204,0.20226221,0.39643392
Miner,PPO,1640000,5,1.814,0.3047622,0.1362938,0.26713585
Miner,PPO,1680000,5,2.042,0.60363068,0.26995185,0.52910562
Miner,PPO,1720000,5,2.078,0.54618678,0.24426215,0.47875382
Miner,PPO,1760000,5,2.238,0.64534487,0.288607,0.56566972
Miner,PPO,1800000,5,2.29,0.79965618,0.35761711,0.70092954
Miner,PPO,1840000,5,2.208,0.65063046,0.29097079,0.57030275
Miner,PPO,1880000,5,2.168,0.75754208,0.33878312,0.66401491
Miner,PPO,1930000,5,2.21,0.53272882,0.23824357,0.4669574
Miner,PPO,1970000,5,2.382,0.5700614,0.25493921,0.49968085
Miner,PPO,2010000,5,2.13,0.55195108,0.24684003,0.48380646
Miner,PPO,2050000,5,2.164,0.76425127,0.34178356,0.66989577
Miner,PPO,2090000,5,2.086,0.77796529,0.34791666,0.68191665
Miner,PPO,2130000,5,2.03,0.52569002,0.23509573,0.46078762
Miner,PPO,2170000,5,2.428,0.7078983,0.31658174,0.62050022
Miner,PPO,2210000,5,2.474,0.75982235,0.33980288,0.66601365
Miner,PPO,2250000,5,1.946,0.40752914,0.18225257,0.35721504
Miner,PPO,2290000,5,1.86,0.28530685,0.1275931,0.25008248
Miner,PPO,2330000,5,2.132,0.40567228,0.18142216,0.35558743
Miner,PPO,2380000,5,2.074,0.35472525,0.15863795,0.31093039
Miner,PPO,2420000,5,2.08,0.36269822,0.16220358,0.31791901
Miner,PPO,2460000,5,2.214,0.48803688,0.21825673,0.42778319
Miner,PPO,2500000,5,2.452,0.74109379,0.33142722,0.64959734
Miner,PPO,2540000,5,2.71,0.79962491,0.35760313,0.70090214
Miner,PPO,2580000,5,2.54,0.71526219,0.31987498,0.62695495
Miner,PPO,2620000,5,2.36,0.66419124,0.29703535,0.58218929
Miner,PPO,2660000,5,2.434,0.76523199,0.34222215,0.67075541
Miner,PPO,2700000,5,2.438,0.57399477,0.25669827,0.5031286
Miner,PPO,2740000,5,2.442,0.50036986,0.22377221,0.43859352
Miner,PPO,2790000,5,2.406,0.97364264,0.43542623,0.85343541
Miner,PPO,2830000,5,2.566,1.0662223,0.47682911,0.93458506
Miner,PPO,2870000,5,2.778,1.3921638,0.62259457,1.2202854
Miner,PPO,2910000,5,2.602,1.1874426,0.53104049,1.0408394
Miner,PPO,2950000,5,2.346,0.70287268,0.31433422,0.61609507
Miner,PPO,2990000,5,2.186,0.42252811,0.18896031,0.37036221
Miner,PPO,3030000,5,2.158,0.77933946,0.3485312,0.68312116
Miner,PPO,3070000,5,2.316,1.0336972,0.46228346,0.90607559
Miner,PPO,3110000,5,2.604,1.0832036,0.48442337,0.9494698
Miner,PPO,3150000,5,2.698,0.8831591,0.39496076,0.77412308
Miner,PPO,3190000,5,2.946,1.0886827,0.4868737,0.95427245
Miner,PPO,3240000,5,2.83,0.96643675,0.43220366,0.84711917
Miner,PPO,3280000,5,2.726,1.0217289,0.45693107,0.89558489
Miner,PPO,3320000,5,2.728,1.0086972,0.45110309,0.88416206
Miner,PPO,3360000,5,2.532,1.0894815,0.48723095,0.95497266
Miner,PPO,3400000,5,2.314,1.0577476,0.47303911,0.92715666
Miner,PPO,3440000,5,2.594,1.3405708,0.59952148,1.1750621
Miner,PPO,3480000,5,2.892,1.1972343,0.53541946,1.0494221
Miner,PPO,3520000,5,3.114,1.2516709,0.55976424,1.0971379
Miner,PPO,3560000,5,3.07,0.99143835,0.44338471,0.86903403
Miner,PPO,3600000,5,2.83,0.86023253,0.38470768,0.75402706
Miner,PPO,3650000,5,2.902,0.87611072,0.39180863,0.76794491
Miner,PPO,3690000,5,3.024,0.87288602,0.39036649,0.76511833
Miner,PPO,3730000,5,2.97,0.85594976,0.38279237,0.75027305
Miner,PPO,3770000,5,2.99,1.0420413,0.46601502,0.91338944
Miner,PPO,3810000,5,3.082,1.2565707,0.56195551,1.1014328
Miner,PPO,3850000,5,3.1,1.5343565,0.68618511,1.3449228
Miner,PPO,3890000,5,3.016,1.3614808,0.60887273,1.1933905
Miner,PPO,3930000,5,3.08,1.4848401,0.66404066,1.3015197
Miner,PPO,3970000,5,3.282,1.664533,0.74440177,1.4590275
Miner,PPO,4010000,5,3.272,1.4624192,0.65401376,1.281867
Miner,PPO,4060000,5,2.914,1.1922793,0.53320353,1.0450789
Miner,PPO,4100000,5,2.82,1.0821044,0.48393181,0.94850635
Miner,PPO,4140000,5,3.014,0.95565684,0.42738273,0.83767016
Miner,PPO,4180000,5,3.058,0.93555866,0.41839455,0.82005332
Miner,PPO,4220000,5,3.692,1.5271771,0.68297438,1.3386298
Miner,PPO,4260000,5,4.34,1.9831919,0.88691037,1.7383443
Miner,PPO,4300000,5,4.304,2.1329627,0.95388993,1.8696243
Miner,PPO,4340000,5,4.208,2.1855594,0.97741189,1.9157273
Miner,PPO,4380000,5,4.184,1.9611043,0.8770325,1.7189837
Miner,PPO,4420000,5,4.206,2.041906,0.91316811,1.7898095
Miner,PPO,4460000,5,4.534,2.5311717,1.1319744,2.2186698
Miner,PPO,4510000,5,4.506,2.7213103,1.217007,2.3853337
Miner,PPO,4550000,5,4.734,2.7758836,1.2414129,2.4331693
Miner,PPO,4590000,5,4.416,2.4260214,1.0849498,2.1265015
Miner,PPO,4630000,5,4.29,2.45938,1.0998682,2.1557416
Miner,PPO,4670000,5,4.612,2.7626925,1.2355137,2.4216068
Miner,PPO,4710000,5,4.19,2.3722142,1.0608864,2.0793374
Miner,PPO,4750000,5,4.394,2.3112399,1.0336179,2.0258911
Miner,PPO,4790000,5,4.622,2.4906064,1.113833,2.1831127
Miner,PPO,4830000,5,4.66,2.6201431,1.1717636,2.2966567
Miner,PPO,4870000,5,4.722,2.4120572,1.0787048,2.1142614
Miner,PPO,4920000,5,5.382,2.9021664,1.2978883,2.543861
Miner,PPO,4960000,5,5.154,2.517465,1.1258446,2.2066554
Miner,PPO,5000000,5,4.562,2.2754274,1.0176021,1.9945001
Miner,PPO,5040000,5,4.136,2.164366,0.96793388,1.8971504
Miner,PPO,5080000,5,4.244,2.0328133,0.90910175,1.7818394
Miner,PPO,5120000,5,4.796,2.4694291,1.1043623,2.16455
Miner,PPO,5160000,5,4.964,2.8597343,1.278912,2.5066676
Miner,PPO,5200000,5,4.824,2.822017,1.2620444,2.473607
Miner,PPO,5240000,5,4.514,2.7135733,1.2135469,2.3785519
Miner,PPO,5280000,5,4.46,2.9339734,1.3121128,2.5717411
Miner,PPO,5320000,5,4.562,2.5700428,1.1493581,2.2527418
Miner,PPO,5370000,5,4.382,2.4546731,1.0977632,2.1516158
Miner,PPO,5410000,5,4.8,2.9408927,1.3152072,2.5778061
Miner,PPO,5450000,5,4.714,2.7706552,1.2390747,2.4285863
Miner,PPO,5490000,5,4.856,2.8309062,1.2660197,2.4813987
Miner,PPO,5530000,5,4.88,2.6247095,1.1738058,2.3006593
Miner,PPO,5570000,5,5.574,3.1958614,1.4292327,2.801296
Miner,PPO,5610000,5,4.984,2.7501782,1.2299171,2.4106375
Miner,PPO,5650000,5,5.186,3.1728426,1.4189383,2.7811191
Miner,PPO,5690000,5,4.852,2.9288257,1.3098107,2.5672289
Miner,PPO,5730000,5,5.256,3.1776375,1.4210827,2.7853221
Miner,PPO,5780000,5,5.802,3.3496746,1.49802,2.9361193
Miner,PPO,5820000,5,5.522,3.2673261,1.4611927,2.8639376
Miner,PPO,5860000,5,5.13,2.9514742,1.3199394,2.5870812
Miner,PPO,5900000,5,4.904,2.9198767,1.3058086,2.5593848
Miner,PPO,5940000,5,5.58,3.3661402,1.5053837,2.950552
Miner,PPO,5980000,5,5.572,3.3005712,1.4760603,2.8930782
Miner,Exact RAT,41000,5,1.3098,0.22264366,0.099569272,0.19515577
Miner,Exact RAT,81900,5,1.486,0.3171435,0.14183089,0.27798854
Miner,Exact RAT,123000,5,1.694,0.14518953,0.064930732,0.12726424
Miner,Exact RAT,164000,5,1.886,0.30582675,0.13676988,0.26806896
Miner,Exact RAT,205000,5,1.822,0.50306063,0.22497555,0.44095209
Miner,Exact RAT,246000,5,1.788,0.30825314,0.137855,0.27019579
Miner,Exact RAT,287000,5,1.858,0.27280029,0.122,0.23912
Miner,Exact RAT,328000,5,1.686,0.34486229,0.15422711,0.30228513
Miner,Exact RAT,369000,5,1.73,0.35106979,0.15700318,0.30772624
Miner,Exact RAT,410000,5,1.758,0.38127418,0.170511,0.33420155
Miner,Exact RAT,451000,5,1.778,0.47588864,0.21282387,0.41713479
Miner,Exact RAT,492000,5,1.758,0.36642871,0.1638719,0.32118893
Miner,Exact RAT,532000,5,2.066,0.48752436,0.21802752,0.42733394
Miner,Exact RAT,573000,5,2.126,0.65301608,0.29203767,0.57239383
Miner,Exact RAT,614000,5,2.116,0.68138095,0.30472282,0.59725674
Miner,Exact RAT,655000,5,2.256,0.898738,0.40192785,0.78777859
Miner,Exact RAT,696000,5,1.968,0.43187961,0.19314243,0.37855917
Miner,Exact RAT,737000,5,1.852,0.34317634,0.15347312,0.30080732
Miner,Exact RAT,778000,5,2.024,0.52175665,0.23333667,0.45733987
Miner,Exact RAT,819000,5,2.128,0.67688256,0.30271108,0.59331372
Miner,Exact RAT,860000,5,2.068,0.61401954,0.27459789,0.53821186
Miner,Exact RAT,901000,5,2.204,0.85295369,0.38145249,0.74764687
Miner,Exact RAT,942000,5,2.184,0.8462151,0.3784389,0.74174024
Miner,Exact RAT,983000,5,2.26,0.90614568,0.40524067,0.79427171
Miner,Exact RAT,1020000,5,2.192,0.6414203,0.28685188,0.56222968
Miner,Exact RAT,1060000,5,2.108,0.8113384,0.36284156,0.71116946
Miner,Exact RAT,1110000,5,2.202,1.2677421,0.5669515,1.1112249
Miner,Exact RAT,1150000,5,2.316,1.2554402,0.56144991,1.1004418
Miner,Exact RAT,1190000,5,2.29,1.2768124,0.57100788,1.1191754
Miner,Exact RAT,1230000,5,2.338,1.5713275,0.70271901,1.3773292
Miner,Exact RAT,1270000,5,2.17,1.4397569,0.64387887,1.2620026
Miner,Exact RAT,1310000,5,2.016,0.73717705,0.3296756,0.64616417
Miner,Exact RAT,1350000,5,2.088,0.97073168,0.43412441,0.85088384
Miner,Exact RAT,1390000,5,2.334,1.2526692,0.56021067,1.0980129
Miner,Exact RAT,1430000,5,2.418,1.090995,0.48790778,0.95629925
Miner,Exact RAT,1470000,5,2.28,0.99357939,0.44434221,0.87091073
Miner,Exact RAT,1520000,5,2.348,1.4128411,0.63184175,1.2384098
Miner,Exact RAT,1560000,5,2.308,1.0051468,0.44951529,0.88104998
Miner,Exact RAT,1600000,5,2.568,1.1371983,0.50857055,0.99679827
Miner,Exact RAT,1640000,5,2.534,0.86233984,0.3856501,0.7558742
Miner,Exact RAT,1680000,5,2.53,1.1206025,0.50114868,0.98225141
Miner,Exact RAT,1720000,5,2.56,1.6973361,0.7590718,1.4877807
Miner,Exact RAT,1760000,5,2.39,1.6307207,0.72928047,1.4293897
Miner,Exact RAT,1800000,5,2.646,1.6559076,0.74054439,1.451467
Miner,Exact RAT,1840000,5,2.822,1.8822115,0.84175056,1.6498311
Miner,Exact RAT,1880000,5,2.988,1.9431341,0.86899597,1.7032321
Miner,Exact RAT,1930000,5,2.916,1.6735979,0.74845574,1.4669733
Miner,Exact RAT,1970000,5,2.854,1.5671726,0.7008609,1.3736874
Miner,Exact RAT,2010000,5,2.79,1.4582181,0.65213496,1.2781845
Miner,Exact RAT,2050000,5,2.858,1.4006142,0.62637369,1.2276924
Miner,Exact RAT,2090000,5,2.844,1.4233165,0.63652651,1.247592
Miner,Exact RAT,2130000,5,2.502,1.3266009,0.59327397,1.162817
Miner,Exact RAT,2170000,5,2.558,1.3011226,0.58187971,1.1404842
Miner,Exact RAT,2210000,5,2.94,1.5820556,0.70751678,1.3867329
Miner,Exact RAT,2250000,5,3,1.8421048,0.8238143,1.614676
Miner,Exact RAT,2290000,5,2.934,1.7386288,0.77753842,1.5239753
Miner,Exact RAT,2330000,5,2.94,1.7931676,0.80192892,1.5717807
Miner,Exact RAT,2380000,5,3.054,2.0476401,0.91573249,1.7948357
Miner,Exact RAT,2420000,5,3.176,1.7534765,0.78417855,1.53699
Miner,Exact RAT,2460000,5,2.834,1.00014,0.4472762,0.87666135
Miner,Exact RAT,2500000,5,2.874,1.2022188,0.53764858,1.0537912
Miner,Exact RAT,2540000,5,3.052,1.5221925,0.68074518,1.3342606
Miner,Exact RAT,2580000,5,3.23,1.735281,0.77604124,1.5210408
Miner,Exact RAT,2620000,5,3.126,1.624032,0.7262892,1.4235268
Miner,Exact RAT,2660000,5,3.2,1.8410187,0.82332861,1.6137241
Miner,Exact RAT,2700000,5,3.356,1.9139044,0.85592406,1.6776112
Miner,Exact RAT,2740000,5,3.738,2.0864252,0.9330777,1.8288323
Miner,Exact RAT,2790000,5,3.532,1.7791908,0.79567833,1.5595295
Miner,Exact RAT,2830000,5,3.654,2.0057368,0.89699275,1.7581058
Miner,Exact RAT,2870000,5,3.714,2.0947983,0.93682229,1.8361717
Miner,Exact RAT,2910000,5,3.978,2.7566773,1.2328236,2.4163342
Miner,Exact RAT,2950000,5,3.726,1.9238841,0.86038712,1.6863588
Miner,Exact RAT,2990000,5,3.8,1.6477712,0.73690569,1.4443352
Miner,Exact RAT,3030000,5,3.852,2.2967956,1.0271582,2.0132301
Miner,Exact RAT,3070000,5,3.62,2.1241704,0.94995789,1.8619175
Miner,Exact RAT,3110000,5,3.338,1.5059117,0.67346418,1.3199898
Miner,Exact RAT,3150000,5,2.908,1.384294,0.61907512,1.2133872
Miner,Exact RAT,3190000,5,3.884,2.5338863,1.1331884,2.2210493
Miner,Exact RAT,3240000,5,3.538,2.1629193,0.96728693,1.8958824
Miner,Exact RAT,3280000,5,3.628,2.4225544,1.0833993,2.1234626
Miner,Exact RAT,3320000,5,3.728,2.1956138,0.98190835,1.9245404
Miner,Exact RAT,3360000,5,3.542,1.5798006,0.70650832,1.3847563
Miner,Exact RAT,3400000,5,3.218,1.2017778,0.53745139,1.0534047
Miner,Exact RAT,3440000,5,3.312,1.4615642,0.65363139,1.2811175
Miner,Exact RAT,3480000,5,3.3,2.1975782,0.98278685,1.9262622
Miner,Exact RAT,3520000,5,3.29,2.3839253,1.0661238,2.0896027
Miner,Exact RAT,3560000,5,3.302,2.0763598,0.92857633,1.8200096
Miner,Exact RAT,3600000,5,3.69,2.1819945,0.97581761,1.9126025
Miner,Exact RAT,3650000,5,3.816,2.3014843,1.0292551,2.0173399
Miner,Exact RAT,3690000,5,3.8,2.3363112,1.0448301,2.0478671
Miner,Exact RAT,3730000,5,3.578,2.0464042,0.91517976,1.7937523
Miner,Exact RAT,3770000,5,3.946,2.9809613,1.3331264,2.6129277
Miner,Exact RAT,3810000,5,3.686,2.3913553,1.0694466,2.0961153
Miner,Exact RAT,3850000,5,3.952,2.6025987,1.1639175,2.2812783
Miner,Exact RAT,3890000,5,3.71,2.5687059,1.1487602,2.25157
Miner,Exact RAT,3930000,5,3.772,2.2778213,1.0186727,1.9965984
Miner,Exact RAT,3970000,5,3.966,2.125801,0.95068712,1.8633468
Miner,Exact RAT,4010000,5,3.738,2.1233394,0.94958623,1.861189
Miner,Exact RAT,4060000,5,4.134,2.4944298,1.1155429,2.1864641
Miner,Exact RAT,4100000,5,3.872,2.3886126,1.06822,2.0937112
Miner,Exact RAT,4140000,5,3.354,1.7328676,0.77496193,1.5189254
Miner,Exact RAT,4180000,5,3.432,1.742217,0.77914312,1.5271205
Miner,Exact RAT,4220000,5,3.398,1.5724726,0.70323111,1.378333
Miner,Exact RAT,4260000,5,3.746,1.7368448,0.77674063,1.5224116
Miner,Exact RAT,4300000,5,4.212,2.5419618,1.1367999,2.2281278
Miner,Exact RAT,4340000,5,3.686,2.0421141,0.91326119,1.7899919
Miner,Exact RAT,4380000,5,3.776,2.4452873,1.0935657,2.1433888
Miner,Exact RAT,4420000,5,3.848,2.7860581,1.2459631,2.4420876
Miner,Exact RAT,4460000,5,3.828,2.5797519,1.1537001,2.2612523
Miner,Exact RAT,4510000,5,3.622,2.3003739,1.0287585,2.0163666
Miner,Exact RAT,4550000,5,3.842,2.3372676,1.0452579,2.0487054
Miner,Exact RAT,4590000,5,4.146,2.2972875,1.0273782,2.0136613
Miner,Exact RAT,4630000,5,4.012,2.2333428,0.99878126,1.9576113
Miner,Exact RAT,4670000,5,4.014,2.4953918,1.1159731,2.1873073
Miner,Exact RAT,4710000,5,3.798,2.2807937,1.020002,1.9992038
Miner,Exact RAT,4750000,5,4.054,2.4402418,1.0913093,2.1389662
Miner,Exact RAT,4790000,5,3.942,2.04754,0.91568772,1.7947479
Miner,Exact RAT,4830000,5,4.104,2.6043099,1.1646828,2.2827783
Miner,Exact RAT,4870000,5,4.044,2.6025718,1.1639055,2.2812548
Miner,Exact RAT,4920000,5,3.894,2.2744296,1.0171558,1.9936254
Miner,Exact RAT,4960000,5,3.898,2.1703732,0.97062042,1.902416
Miner,Exact RAT,5000000,5,3.904,2.2828338,1.0209143,2.000992
Miner,Exact RAT,5040000,5,3.604,2.0758083,0.92832968,1.8195262
Miner,Exact RAT,5080000,5,3.918,2.3824714,1.0654736,2.0883283
Miner,Exact RAT,5120000,5,4.06,2.4298663,1.0866692,2.1298717
Miner,Exact RAT,5160000,5,4.17,2.4825189,1.1102162,2.1760237
Miner,Exact RAT,5200000,5,3.908,2.3204676,1.0377447,2.0339796
Miner,Exact RAT,5240000,5,3.894,2.3169981,1.036193,2.0309383
Miner,Exact RAT,5280000,5,4.234,2.521325,1.1275708,2.2100388
Miner,Exact RAT,5320000,5,4.142,2.5879181,1.1573522,2.2684102
Miner,Exact RAT,5370000,5,4.212,2.4639541,1.1019138,2.159751
Miner,Exact RAT,5410000,5,4.602,2.4833687,1.1105962,2.1767686
Miner,Exact RAT,5450000,5,4.322,2.2822182,1.020639,2.0004525
Miner,Exact RAT,5490000,5,4.434,2.5191129,1.1265816,2.2080998
Miner,Exact RAT,5530000,5,4.818,2.6687769,1.1935133,2.3392861
Miner,Exact RAT,5570000,5,4.744,2.4750616,1.1068812,2.1694872
Miner,Exact RAT,5610000,5,4.784,2.7811023,1.2437468,2.4377436
Miner,Exact RAT,5650000,5,4.662,2.3234177,1.039064,2.0365654
Miner,Exact RAT,5690000,5,4.232,2.1047969,0.94129379,1.8449358
Miner,Exact RAT,5730000,5,4.232,2.5520717,1.1413212,2.2369895
Miner,Exact RAT,5780000,5,4.528,2.5284422,1.1307537,2.2162773
Miner,Exact RAT,5820000,5,4.418,2.5320585,1.132371,2.2194471
Miner,Exact RAT,5860000,5,4.39,2.5029483,1.1193525,2.1939309
Miner,Exact RAT,5900000,5,4.71,2.4990298,1.1176001,2.1904962
Miner,Exact RAT,5940000,5,4.562,2.376146,1.0626448,2.0827838
Miner,Exact RAT,5980000,5,4.698,2.7743233,1.2407151,2.4318016
StarPilot,PPO,41000,5,2.152,0.39543647,0.17684456,0.34661535
StarPilot,PPO,81900,5,4.346,0.74530531,0.33331067,0.65328891
StarPilot,PPO,123000,5,5.912,0.61296003,0.27412406,0.53728316
StarPilot,PPO,164000,5,7.134,0.15043271,0.067275553,0.13186008
StarPilot,PPO,205000,5,8.106,0.64601084,0.28890483,0.56625346
StarPilot,PPO,246000,5,9.094,0.92199783,0.41232996,0.80816673
StarPilot,PPO,287000,5,9.546,0.87768445,0.39251242,0.76932434
StarPilot,PPO,328000,5,10.524,0.91426473,0.40887162,0.80138837
StarPilot,PPO,369000,5,10.78,0.49193496,0.22,0.4312
StarPilot,PPO,410000,5,11.44,0.92897793,0.41545156,0.81428506
StarPilot,PPO,451000,5,11.558,1.217711,0.5445769,1.0673707
StarPilot,PPO,492000,5,11.99,1.6211107,0.72498276,1.4209662
StarPilot,PPO,532000,5,12,0.9027735,0.40373258,0.79131587
StarPilot,PPO,573000,5,12.38,0.96540147,0.43174066,0.8462117
StarPilot,PPO,614000,5,13.24,1.0114346,0.45232732,0.88656154
StarPilot,PPO,655000,5,12.84,0.72318739,0.32341923,0.6339017
StarPilot,PPO,696000,5,13.5,1.029563,0.46043458,0.90245177
StarPilot,PPO,737000,5,14.06,0.70213959,0.31400637,0.61545248
StarPilot,PPO,778000,5,14.06,1.1371016,0.50852729,0.99671348
StarPilot,PPO,819000,5,14.22,1.5319922,0.68512773,1.3428503
StarPilot,PPO,860000,5,14.28,1.1945711,0.53422842,1.0470877
StarPilot,PPO,901000,5,14.46,1.0114346,0.45232732,0.88656154
StarPilot,PPO,942000,5,14.94,0.75365775,0.33704599,0.66061014
StarPilot,PPO,983000,5,16.28,0.74966659,0.33526109,0.65711174
StarPilot,PPO,1020000,5,15.4,0.83964278,0.37549967,0.73597935
StarPilot,PPO,1060000,5,14.68,1.6192591,0.72415468,1.4193432
StarPilot,PPO,1110000,5,15.7,1.6807736,0.75166482,1.473263
StarPilot,PPO,1150000,5,16.68,1.7369514,0.77678826,1.522505
StarPilot,PPO,1190000,5,15.16,1.8406521,0.82316463,1.6134027
StarPilot,PPO,1230000,5,14.34,1.1865918,0.53065997,1.0400935
StarPilot,PPO,1270000,5,15.04,1.3069047,0.58446557,1.1455525
StarPilot,PPO,1310000,5,16.12,2.0241047,0.90520716,1.774206
StarPilot,PPO,1350000,5,16.22,0.8043631,0.35972211,0.70505535
StarPilot,PPO,1390000,5,15.36,1.4205633,0.63529521,1.2451786
StarPilot,PPO,1430000,5,16.44,1.1414903,0.51048996,1.0005603
StarPilot,PPO,1470000,5,16.16,0.45055521,0.20149442,0.39492906
StarPilot,PPO,1520000,5,16.86,0.65802736,0.29427878,0.57678641
StarPilot,PPO,1560000,5,16.48,0.96020831,0.42941821,0.84165969
StarPilot,PPO,1600000,5,17.34,1.0382678,0.46432747,0.91008184
StarPilot,PPO,1640000,5,17.3,2.0124612,0.9,1.764
StarPilot,PPO,1680000,5,16.28,1.4956604,0.66887966,1.3110041
StarPilot,PPO,1720000,5,16.66,2.1466253,0.96,1.8816
StarPilot,PPO,1760000,5,16.94,0.8988882,0.40199502,0.78791025
StarPilot,PPO,1800000,5,16.24,1.9385562,0.86694867,1.6992194
StarPilot,PPO,1840000,5,18.14,2.1686401,0.96984535,1.9008969
StarPilot,PPO,1880000,5,17.06,2.5540164,1.1421909,2.2386941
StarPilot,PPO,1930000,5,17.24,0.99398189,0.44452222,0.87126354
StarPilot,PPO,1970000,5,17.74,1.236123,0.552811,1.0835096
StarPilot,PPO,2010000,5,18.34,2.1732464,0.97190535,1.9049345
StarPilot,PPO,2050000,5,17.94,1.3649176,0.6104097,1.196403
StarPilot,PPO,2090000,5,17.58,1.6177144,0.72346389,1.4179892
StarPilot,PPO,2130000,5,16.78,2.5781777,1.1529961,2.2598724
StarPilot,PPO,2170000,5,17.06,1.5501613,0.6932532,1.3587763
StarPilot,PPO,2210000,5,17.52,1.6798809,0.7512656,1.4724806
StarPilot,PPO,2250000,5,17.28,1.3809417,0.61757591,1.2104488
StarPilot,PPO,2290000,5,17.94,0.92086915,0.41182521,0.8071774
StarPilot,PPO,2330000,5,18.76,0.78294317,0.35014283,0.68627994
StarPilot,PPO,2380000,5,18.8,1.1247222,0.50299105,0.98586247
StarPilot,PPO,2420000,5,18.02,1.7455658,0.78064076,1.5300559
StarPilot,PPO,2460000,5,18.32,2.1684096,0.96974223,1.9006948
StarPilot,PPO,2500000,5,18.98,1.5270887,0.68293484,1.3385523
StarPilot,PPO,2540000,5,18.26,1.5931102,0.71246053,1.3964226
StarPilot,PPO,2580000,5,19.18,2.6176325,1.1706409,2.2944561
StarPilot,PPO,2620000,5,19.42,1.5089732,0.67483331,1.3226733
StarPilot,PPO,2660000,5,19.78,0.7981228,0.35693137,0.69958548
StarPilot,PPO,2700000,5,18.18,1.7584084,0.78638413,1.5413129
StarPilot,PPO,2740000,5,19.3,1.8881208,0.84439327,1.6550108
StarPilot,PPO,2790000,5,18.38,1.6498485,0.73783467,1.446156
StarPilot,PPO,2830000,5,18.72,1.5562776,0.69598851,1.3641375
StarPilot,PPO,2870000,5,19.8,1.7464249,0.78102497,1.5308089
StarPilot,PPO,2910000,5,20.22,0.97313925,0.4352011,0.85299416
StarPilot,PPO,2950000,5,20.22,2.0873428,0.93348808,1.8296366
StarPilot,PPO,2990000,5,19.92,1.9537144,0.87372765,1.7125062
StarPilot,PPO,3030000,5,19.98,1.564289,0.6995713,1.3711597
StarPilot,PPO,3070000,5,20.1,1.7888544,0.8,1.568
StarPilot,PPO,3110000,5,19.94,2.2456625,1.0042908,1.96841
StarPilot,PPO,3150000,5,19.42,1.4805404,0.66211781,1.2977509
StarPilot,PPO,3190000,5,19.82,1.6604216,0.74256313,1.4554237
StarPilot,PPO,3240000,5,19.76,0.77006493,0.34438351,0.67499167
StarPilot,PPO,3280000,5,19.4,1.9196354,0.85848704,1.6826346
StarPilot,PPO,3320000,5,19.98,1.6932218,0.7572318,1.4841743
StarPilot,PPO,3360000,5,20.18,1.6649324,0.74458042,1.4593776
StarPilot,PPO,3400000,5,20.46,3.2207142,1.4403472,2.8230805
StarPilot,PPO,3440000,5,19.52,2.2331592,0.99869915,1.9574503
StarPilot,PPO,3480000,5,19.54,2.2356207,0.99979998,1.959608
StarPilot,PPO,3520000,5,20.78,2.0290392,0.90741391,1.7785313
StarPilot,PPO,3560000,5,20.66,1.6318701,0.72979449,1.4303972
StarPilot,PPO,3600000,5,20.42,2.0680909,0.92487837,1.8127616
StarPilot,PPO,3650000,5,20.04,1.7386777,0.77756029,1.5240182
StarPilot,PPO,3690000,5,19.88,0.67601775,0.30232433,0.59255569
StarPilot,PPO,3730000,5,19.66,1.6334014,0.73047929,1.4317394
StarPilot,PPO,3770000,5,19.98,2.9524566,1.3203787,2.5879423
StarPilot,PPO,3810000,5,20,3.3563373,1.5009997,2.9419593
StarPilot,PPO,3850000,5,20.84,2.6538651,1.1868446,2.3262153
StarPilot,PPO,3890000,5,19.82,3.1212177,1.395851,2.735868
StarPilot,PPO,3930000,5,18.38,3.0490982,1.3635982,2.6726524
StarPilot,PPO,3970000,5,19.44,2.1125814,0.94477511,1.8517592
StarPilot,PPO,4010000,5,19.46,2.6801119,1.1985825,2.3492217
StarPilot,PPO,4060000,5,18.86,3.0533588,1.3655036,2.676387
StarPilot,PPO,4100000,5,19.2,2.6296388,1.1760102,2.30498
StarPilot,PPO,4140000,5,19.9,2.4114311,1.0784248,2.1137126
StarPilot,PPO,4180000,5,20.5,2.0099751,0.8988882,1.7618209
StarPilot,PPO,4220000,5,21.16,1.8008331,0.80535706,1.5784998
StarPilot,PPO,4260000,5,20.36,0.98640762,0.4411349,0.8646244
StarPilot,PPO,4300000,5,21.28,1.3736812,0.6143289,1.2040846
StarPilot,PPO,4340000,5,20.78,1.7739786,0.79334734,1.5549608
StarPilot,PPO,4380000,5,21.44,4.7721065,2.1341509,4.1829357
StarPilot,PPO,4420000,5,21.54,3.6800815,1.6457825,3.2257337
StarPilot,PPO,4460000,5,22.32,3.0687131,1.3723702,2.6898456
StarPilot,PPO,4510000,5,21.88,4.1673733,1.863706,3.6528637
StarPilot,PPO,4550000,5,19.86,2.2423202,1.0027961,1.9654803
StarPilot,PPO,4590000,5,21.06,2.7772288,1.2420145,2.4343484
StarPilot,PPO,4630000,5,20.54,2.177843,0.97396098,1.9089635
StarPilot,PPO,4670000,5,22.1,1.6309506,0.7293833,1.4295913
StarPilot,PPO,4710000,5,21.56,2.2622997,1.0117312,1.9829931
StarPilot,PPO,4750000,5,23.28,1.8912959,0.84581322,1.6577939
StarPilot,PPO,4790000,5,21.92,0.75630682,0.33823069,0.66293215
StarPilot,PPO,4830000,5,21.92,2.1358839,0.95519631,1.8721848
StarPilot,PPO,4870000,5,20.38,2.9456748,1.3173458,2.5819978
StarPilot,PPO,4920000,5,20.04,2.8413025,1.2706691,2.4905115
StarPilot,PPO,4960000,5,20.58,3.1586389,1.4125863,2.7686691
StarPilot,PPO,5000000,5,22.24,2.4643458,1.1020889,2.1600943
StarPilot,PPO,5040000,5,22.62,2.7261695,1.2191801,2.3895929
StarPilot,PPO,5080000,5,21.72,1.7612496,0.78765475,1.5438033
StarPilot,PPO,5120000,5,21.7,3.4212571,1.5300327,2.9988641
StarPilot,PPO,5160000,5,21.16,3.5892896,1.6051791,3.1461511
StarPilot,PPO,5200000,5,20.62,3.6975668,1.6536021,3.2410602
StarPilot,PPO,5240000,5,21.26,2.4694129,1.104355,2.1645358
StarPilot,PPO,5280000,5,19.72,2.91839,1.3051437,2.5580816
StarPilot,PPO,5320000,5,21.26,2.6735744,1.1956588,2.3434913
StarPilot,PPO,5370000,5,21.76,2.9483894,1.3185598,2.5843772
StarPilot,PPO,5410000,5,22.1,2.7919527,1.2485992,2.4472545
StarPilot,PPO,5450000,5,21.76,3.7500667,1.6770808,3.2870784
StarPilot,PPO,5490000,5,23.16,3.9834658,1.7814601,3.4916617
StarPilot,PPO,5530000,5,20.56,2.8395422,1.2698819,2.4889685
StarPilot,PPO,5570000,5,21.42,2.9175332,1.3047605,2.5573306
StarPilot,PPO,5610000,5,20.76,2.9322346,1.3113352,2.570217
StarPilot,PPO,5650000,5,22.28,3.1610125,1.4136478,2.7707496
StarPilot,PPO,5690000,5,22.16,1.7615334,0.7877817,1.5440521
StarPilot,PPO,5730000,5,21.9,1.0511898,0.47010637,0.92140849
StarPilot,PPO,5780000,5,22.14,2.2788155,1.0191173,1.9974698
StarPilot,PPO,5820000,5,21.5,1.7248188,0.77136243,1.5118704
StarPilot,PPO,5860000,5,22.54,2.0995238,0.93893557,1.8403137
StarPilot,PPO,5900000,5,23.18,1.8376616,0.82182723,1.6107814
StarPilot,PPO,5940000,5,22.32,3.5548558,1.5897799,3.1159685
StarPilot,PPO,5980000,5,20.88,1.3989282,0.62561969,1.2262146
StarPilot,Exact RAT,41000,5,1.746,0.21137644,0.094530418,0.18527962
StarPilot,Exact RAT,81900,5,2.742,0.47060599,0.2104614,0.41250434
StarPilot,Exact RAT,123000,5,4.69,0.47449974,0.21220273,0.41591736
StarPilot,Exact RAT,164000,5,6.112,0.55854275,0.24978791,0.4895843
StarPilot,Exact RAT,205000,5,7.166,0.35295892,0.15784803,0.30938214
StarPilot,Exact RAT,246000,5,8.852,0.69976425,0.31294408,0.61337041
StarPilot,Exact RAT,287000,5,9.704,0.61296819,0.27412771,0.53729031
StarPilot,Exact RAT,328000,5,10.104,0.97184361,0.43462167,0.85185848
StarPilot,Exact RAT,369000,5,10.9,0.53385391,0.23874673,0.46794359
StarPilot,Exact RAT,410000,5,11.4,0.9460444,0.42308392,0.82924448
StarPilot,Exact RAT,451000,5,11.84,0.74027022,0.33105891,0.64887546
StarPilot,Exact RAT,492000,5,12.24,1.2300406,0.5500909,1.0781782
StarPilot,Exact RAT,532000,5,11.58,0.85848704,0.38392708,0.75249707
StarPilot,Exact RAT,573000,5,12.48,0.80746517,0.3611094,0.70777443
StarPilot,Exact RAT,614000,5,13.48,1.1189281,0.50039984,0.98078369
StarPilot,Exact RAT,655000,5,13.04,0.9396808,0.42023803,0.82366653
StarPilot,Exact RAT,696000,5,13.26,1.2116105,0.54184869,1.0620234
StarPilot,Exact RAT,737000,5,13.48,0.92574294,0.41400483,0.81144947
StarPilot,Exact RAT,778000,5,13.22,0.71554175,0.32,0.6272
StarPilot,Exact RAT,819000,5,13.46,1.0089599,0.45122057,0.88439231
StarPilot,Exact RAT,860000,5,13.54,0.68410526,0.30594117,0.59964469
StarPilot,Exact RAT,901000,5,14.14,0.96072889,0.42965102,0.842116
StarPilot,Exact RAT,942000,5,14.38,0.88994382,0.39799497,0.78007015
StarPilot,Exact RAT,983000,5,14.02,0.39623226,0.17720045,0.34731288
StarPilot,Exact RAT,1020000,5,14.02,0.7981228,0.35693137,0.69958548
StarPilot,Exact RAT,1060000,5,14,1.6807736,0.75166482,1.473263
StarPilot,Exact RAT,1110000,5,15.28,2.3752895,1.0622617,2.082033
StarPilot,Exact RAT,1150000,5,14.22,0.80746517,0.3611094,0.70777443
StarPilot,Exact RAT,1190000,5,14.6,1.5411035,0.68920244,1.3508368
StarPilot,Exact RAT,1230000,5,15.5,1.2825755,0.57358522,1.124227
StarPilot,Exact RAT,1270000,5,15.6,0.75828754,0.3391165,0.66466834
StarPilot,Exact RAT,1310000,5,16.22,1.0009995,0.44766059,0.87741475
StarPilot,Exact RAT,1350000,5,15.92,1.8766992,0.83928541,1.6449994
StarPilot,Exact RAT,1390000,5,16.2,1.1335784,0.50695167,0.99362528
StarPilot,Exact RAT,1430000,5,15.7,0.64807407,0.28982753,0.56806197
StarPilot,Exact RAT,1470000,5,16.4,0.98994949,0.44271887,0.86772899
StarPilot,Exact RAT,1520000,5,17,1.0653638,0.47644517,0.93383253
StarPilot,Exact RAT,1560000,5,16.78,1.4515509,0.64915329,1.2723405
StarPilot,Exact RAT,1600000,5,16.68,1.4463748,0.64683847,1.2678034
StarPilot,Exact RAT,1640000,5,17.54,1.8229098,0.81523003,1.5978509
StarPilot,Exact RAT,1680000,5,16.88,1.2774976,0.57131427,1.119776
StarPilot,Exact RAT,1720000,5,18.1,1.7916473,0.80124902,1.5704481
StarPilot,Exact RAT,1760000,5,17.76,1.3939153,0.6233779,1.2218207
StarPilot,Exact RAT,1800000,5,17.96,2.1524405,0.96260064,1.8866973
StarPilot,Exact RAT,1840000,5,17.2,1.3674794,0.61155539,1.1986486
StarPilot,Exact RAT,1880000,5,18.54,1.6562005,0.74067537,1.4517237
StarPilot,Exact RAT,1930000,5,17.22,1.4219705,0.63592452,1.2464121
StarPilot,Exact RAT,1970000,5,17.3,1.4679918,0.6565059,1.2867516
StarPilot,Exact RAT,2010000,5,17.14,1.6697305,0.74672619,1.4635833
StarPilot,Exact RAT,2050000,5,18.06,1.4690133,0.65696271,1.2876469
StarPilot,Exact RAT,2090000,5,17.92,0.7981228,0.35693137,0.69958548
StarPilot,Exact RAT,2130000,5,18.2,1.2389512,0.55407581,1.0859886
StarPilot,Exact RAT,2170000,5,18.22,1.3046072,0.58343809,1.1435386
StarPilot,Exact RAT,2210000,5,18.52,3.1123946,1.3919052,2.7281341
StarPilot,Exact RAT,2250000,5,18.84,1.0830512,0.48435524,0.94933627
StarPilot,Exact RAT,2290000,5,18.3,1.2206556,0.54589376,1.0699518
StarPilot,Exact RAT,2330000,5,18.94,2.0268202,0.90642154,1.7765862
StarPilot,Exact RAT,2380000,5,19.22,1.5722595,0.70313583,1.3781462
StarPilot,Exact RAT,2420000,5,19.52,1.5205262,0.68,1.3328
StarPilot,Exact RAT,2460000,5,19.88,1.6754104,0.74926631,1.468562
StarPilot,Exact RAT,2500000,5,19.3,2.2538855,1.0079683,1.9756178
StarPilot,Exact RAT,2540000,5,18.86,2.0995238,0.93893557,1.8403137
StarPilot,Exact RAT,2580000,5,19.04,3.5542932,1.5895282,3.1154753
StarPilot,Exact RAT,2620000,5,19.46,1.3446189,0.60133186,1.1786104
StarPilot,Exact RAT,2660000,5,19.1,1.5748016,0.70427267,1.3803744
StarPilot,Exact RAT,2700000,5,19.7,3.2054641,1.4335271,2.8097132
StarPilot,Exact RAT,2740000,5,20.16,1.6577093,0.74135012,1.4530462
StarPilot,Exact RAT,2790000,5,19.06,1.4380542,0.64311741,1.2605101
StarPilot,Exact RAT,2830000,5,19.86,2.5363359,1.1342839,2.2231965
StarPilot,Exact RAT,2870000,5,19.04,1.7271364,0.77239886,1.5139018
StarPilot,Exact RAT,2910000,5,20.48,1.7908099,0.80087452,1.5697141
StarPilot,Exact RAT,2950000,5,19.72,1.1819475,0.52858301,1.0360227
StarPilot,Exact RAT,2990000,5,19.78,1.7894133,0.80024996,1.5684899
StarPilot,Exact RAT,3030000,5,20.1,1.6309506,0.7293833,1.4295913
StarPilot,Exact RAT,3070000,5,19.9,1.5443445,0.69065187,1.3536777
StarPilot,Exact RAT,3110000,5,20.82,2.6864475,1.2014158,2.354775
StarPilot,Exact RAT,3150000,5,20.78,3.8225646,1.7095029,3.3506256
StarPilot,Exact RAT,3190000,5,19.28,4.4941073,2.0098259,3.9392587
StarPilot,Exact RAT,3240000,5,19.6,4.4198416,1.9766133,3.874162
StarPilot,Exact RAT,3280000,5,20.18,3.0760364,1.3756453,2.6962648
StarPilot,Exact RAT,3320000,5,19.72,3.4178941,1.5285287,2.9959163
StarPilot,Exact RAT,3360000,5,18.58,2.5489213,1.1399123,2.2342281
StarPilot,Exact RAT,3400000,5,20.94,2.2875751,1.0230347,2.005148
StarPilot,Exact RAT,3440000,5,20.02,1.7753873,0.79397733,1.5561956
StarPilot,Exact RAT,3480000,5,20.52,1.9421637,0.86856203,1.7023816
StarPilot,Exact RAT,3520000,5,21.02,1.8019434,0.80585358,1.579473
StarPilot,Exact RAT,3560000,5,20.56,1.2033287,0.53814496,1.0547641
StarPilot,Exact RAT,3600000,5,21.24,1.6772,0.75006666,1.4701307
StarPilot,Exact RAT,3650000,5,21.3,1.6340135,0.73075304,1.432276
StarPilot,Exact RAT,3690000,5,19.48,2.2906331,1.0244023,2.0078284
StarPilot,Exact RAT,3730000,5,21.32,1.5959323,0.71372264,1.3988964
StarPilot,Exact RAT,3770000,5,21.08,1.1882761,0.53141321,1.0415699
StarPilot,Exact RAT,3810000,5,21.36,1.0139033,0.45343136,0.88872547
StarPilot,Exact RAT,3850000,5,20.68,2.012958,0.90022219,1.7644355
StarPilot,Exact RAT,3890000,5,21.14,2.2311432,0.99779757,1.9556832
StarPilot,Exact RAT,3930000,5,21.22,2.243212,1.0031949,1.966262
StarPilot,Exact RAT,3970000,5,22.08,1.9879638,0.88904443,1.7425271
StarPilot,Exact RAT,4010000,5,21.74,1.7285832,0.77304592,1.51517
StarPilot,Exact RAT,4060000,5,22.64,0.81424812,0.36414283,0.71371995
StarPilot,Exact RAT,4100000,5,21.84,0.84734881,0.37894591,0.74273398
StarPilot,Exact RAT,4140000,5,22.5,2,0.89442719,1.7530773
StarPilot,Exact RAT,4180000,5,22.7,2.8879058,1.2915107,2.5313611
StarPilot,Exact RAT,4220000,5,22.14,2.8324901,1.2667281,2.482787
StarPilot,Exact RAT,4260000,5,21.68,1.9292486,0.86278618,1.6910609
StarPilot,Exact RAT,4300000,5,23.66,1.4467204,0.64699304,1.2681064
StarPilot,Exact RAT,4340000,5,23.32,3.0433534,1.361029,2.6676169
StarPilot,Exact RAT,4380000,5,22.88,2.3080295,1.0321822,2.023077
StarPilot,Exact RAT,4420000,5,22.68,1.7922053,0.8014986,1.5709372
StarPilot,Exact RAT,4460000,5,23.16,1.8635987,0.83342666,1.6335163
StarPilot,Exact RAT,4510000,5,22.42,2.3155993,1.0355675,2.0297123
StarPilot,Exact RAT,4550000,5,22.84,1.9021041,0.85064681,1.6672678
StarPilot,Exact RAT,4590000,5,22.62,1.7108477,0.76511437,1.4996242
StarPilot,Exact RAT,4630000,5,23.62,1.8952572,0.8475848,1.6612662
StarPilot,Exact RAT,4670000,5,23.64,2.7528167,1.2310971,2.4129503
StarPilot,Exact RAT,4710000,5,23.18,0.7293833,0.32619013,0.63933265
StarPilot,Exact RAT,4750000,5,23.54,1.9385562,0.86694867,1.6992194
StarPilot,Exact RAT,4790000,5,24.46,1.6226522,0.7256721,1.4223173
StarPilot,Exact RAT,4830000,5,23.5,2.5387005,1.1353414,2.2252691
StarPilot,Exact RAT,4870000,5,24.08,1.6146207,0.72208033,1.4152774
StarPilot,Exact RAT,4920000,5,23.12,2.8039258,1.2539537,2.4577493
StarPilot,Exact RAT,4960000,5,22.7,1.1916375,0.5329165,1.0445163
StarPilot,Exact RAT,5000000,5,23.62,1.7412639,0.77871689,1.5262851
StarPilot,Exact RAT,5040000,5,24.48,1.8157643,0.81203448,1.5915876
StarPilot,Exact RAT,5080000,5,24.3,2.9841247,1.3345411,2.6157006
StarPilot,Exact RAT,5120000,5,23.84,1.6920402,0.75670338,1.4831386
StarPilot,Exact RAT,5160000,5,24.66,1.0502381,0.46968074,0.92057426
StarPilot,Exact RAT,5200000,5,23.68,2.413918,1.0795369,2.1158924
StarPilot,Exact RAT,5240000,5,24.66,2.8360183,1.268306,2.4858797
StarPilot,Exact RAT,5280000,5,25.58,1.1300442,0.50537115,0.99052746
StarPilot,Exact RAT,5320000,5,24.54,1.7329166,0.77498387,1.5189684
StarPilot,Exact RAT,5370000,5,24.12,1.956272,0.87487142,1.714748
StarPilot,Exact RAT,5410000,5,24.14,2.1431286,0.95843623,1.878535
StarPilot,Exact RAT,5450000,5,23.9,2.092845,0.93594872,1.8344595
StarPilot,Exact RAT,5490000,5,25.34,2.2467755,1.0047885,1.9693855
StarPilot,Exact RAT,5530000,5,24.8,1.5016657,0.67156534,1.3162681
StarPilot,Exact RAT,5570000,5,24.7,1.3038405,0.58309519,1.1428666
StarPilot,Exact RAT,5610000,5,26.04,3.0484422,1.3633048,2.6720774
StarPilot,Exact RAT,5650000,5,25.18,1.510629,0.67557383,1.3241247
StarPilot,Exact RAT,5690000,5,23.6,1.8234583,0.81547532,1.5983316
StarPilot,Exact RAT,5730000,5,23.46,2.8970675,1.295608,2.5393916
StarPilot,Exact RAT,5780000,5,24.76,1.3464769,0.60216277,1.180239
StarPilot,Exact RAT,5820000,5,23.48,1.8633304,0.83330667,1.6332811
StarPilot,Exact RAT,5860000,5,23.7,3.5993055,1.6096583,3.1549304
StarPilot,Exact RAT,5900000,5,24.86,2.6660833,1.1923087,2.336925
StarPilot,Exact RAT,5940000,5,26.6,3.6551334,1.6346253,3.2038657
StarPilot,Exact RAT,5980000,5,24.28,2.7644168,1.2362848,2.4231181
