Setting seed: 3
Logging to logs/shared.adv.karzmarz_False.resnet.dropout_0.0.damping_0.5.lr_0.5/starpilot-easy-0-10.20260721-063507_3
creating environment
Running on device: cuda:0
training...

Number of parameters: 938979.0

------------------------------------
| action_max            | 14       |
| action_min            | 0        |
| adv_avg               | -0.874   |
| adv_max               | 2.66     |
| adv_med               | -0.881   |
| adv_min               | -5.47    |
| adv_var               | 0.531    |
| clipfrac              | 0        |
| curr_lr               | 0.5      |
| entropy               | 2.67     |
| eplenmean             | 81.7     |
| eprewmean             | 1.77     |
| fps                   | 2.39e+03 |
| grad_norm             | 1        |
| kl                    | 0.0124   |
| loss_pi               | 0.044    |
| loss_v                | 0.175    |
| lr                    | 0.5      |
| misc/nupdates         | 9        |
| misc/serial_timesteps | 4.1e+04  |
| misc/time_elapsed     | 17.8     |
| misc/total_timesteps  | 4.1e+04  |
| ratio_max             | 2.59     |
| ratio_min             | 0.61     |
| ret_avg               | 0.318    |
| ret_max               | 6.21     |
| ret_med               | -0.106   |
| ret_min               | -0.929   |
| ret_var               | 1.03     |
------------------------------------
------------------------------------
| action_max            | 14       |
| action_min            | 0        |
| adv_avg               | -0.834   |
| adv_max               | 1.53     |
| adv_med               | -0.924   |
| adv_min               | -3.22    |
| adv_var               | 0.347    |
| clipfrac              | 0        |
| curr_lr               | 0.5      |
| entropy               | 2.52     |
| eplenmean             | 92.2     |
| eprewmean             | 2.91     |
| fps                   | 2.39e+03 |
| grad_norm             | 1.9      |
| kl                    | 0.0145   |
| loss_pi               | 0.0185   |
| loss_v                | 0.188    |
| lr                    | 0.5      |
| misc/nupdates         | 19       |
| misc/serial_timesteps | 8.19e+04 |
| misc/time_elapsed     | 35.2     |
| misc/total_timesteps  | 8.19e+04 |
| ratio_max             | 2.1      |
| ratio_min             | 0.413    |
| ret_avg               | 0.486    |
| ret_max               | 5.22     |
| ret_med               | 0.00877  |
| ret_min               | -1.13    |
| ret_var               | 1.72     |
------------------------------------
------------------------------------
| action_max            | 14       |
| action_min            | 0        |
| adv_avg               | -0.827   |
| adv_max               | 1.93     |
| adv_med               | -0.833   |
| adv_min               | -3.52    |
| adv_var               | 0.449    |
| clipfrac              | 0        |
| curr_lr               | 0.333    |
| entropy               | 2.38     |
| eplenmean             | 106      |
| eprewmean             | 5.22     |
| fps                   | 2.36e+03 |
| grad_norm             | 1.36     |
| kl                    | 0.0172   |
| loss_pi               | -0.00577 |
| loss_v                | 0.15     |
| lr                    | 0.333    |
| misc/nupdates         | 29       |
| misc/serial_timesteps | 1.23e+05 |
| misc/time_elapsed     | 52.5     |
| misc/total_timesteps  | 1.23e+05 |
| ratio_max             | 1.95     |
| ratio_min             | 0.28     |
| ret_avg               | 1.35     |
| ret_max               | 5.17     |
| ret_med               | 1.31     |
| ret_min               | -1.2     |
| ret_var               | 1.89     |
------------------------------------
------------------------------------
| action_max            | 14       |
| action_min            | 0        |
| adv_avg               | -0.969   |
| adv_max               | 0.987    |
| adv_med               | -0.977   |
| adv_min               | -2.89    |
| adv_var               | 0.31     |
| clipfrac              | 0        |
| curr_lr               | 0.148    |
| entropy               | 2.3      |
| eplenmean             | 117      |
| eprewmean             | 6.24     |
| fps                   | 2.36e+03 |
| grad_norm             | 0.643    |
| kl                    | 0.0319   |
| loss_pi               | -0.0103  |
| loss_v                | 0.0716   |
| lr                    | 0.148    |
| misc/nupdates         | 39       |
| misc/serial_timesteps | 1.64e+05 |
| misc/time_elapsed     | 69.8     |
| misc/total_timesteps  | 1.64e+05 |
| ratio_max             | 2.68     |
| ratio_min             | 0.431    |
| ret_avg               | 0.762    |
| ret_max               | 3.85     |
| ret_med               | 0.685    |
| ret_min               | -1.38    |
| ret_var               | 1.24     |
------------------------------------
-------------------------------------
| action_max            | 14        |
| action_min            | 0         |
| adv_avg               | -0.982    |
| adv_max               | 0.998     |
| adv_med               | -0.994    |
| adv_min               | -3.24     |
| adv_var               | 0.178     |
| clipfrac              | 0         |
| curr_lr               | 0.0658    |
| entropy               | 2.05      |
| eplenmean             | 122       |
| eprewmean             | 7.14      |
| fps                   | 2.36e+03  |
| grad_norm             | 0.509     |
| kl                    | 0.0165    |
| loss_pi               | -0.000984 |
| loss_v                | 0.0341    |
| lr                    | 0.0658    |
| misc/nupdates         | 49        |
| misc/serial_timesteps | 2.05e+05  |
| misc/time_elapsed     | 87.1      |
| misc/total_timesteps  | 2.05e+05  |
| ratio_max             | 1.65      |
| ratio_min             | 0.532     |
| ret_avg               | 0.91      |
| ret_max               | 4.33      |
| ret_med               | 0.805     |
| ret_min               | -1.18     |
| ret_var               | 1.33      |
-------------------------------------
------------------------------------
| action_max            | 14       |
| action_min            | 0        |
| adv_avg               | -1.03    |
| adv_max               | 0.0795   |
| adv_med               | -1.03    |
| adv_min               | -2.7     |
| adv_var               | 0.124    |
| clipfrac              | 0        |
| curr_lr               | 0.0658   |
| entropy               | 1.95     |
| eplenmean             | 138      |
| eprewmean             | 9.4      |
| fps                   | 2.34e+03 |
| grad_norm             | 0.488    |
| kl                    | 0.0254   |
| loss_pi               | -0.0369  |
| loss_v                | 0.0243   |
| lr                    | 0.0658   |
| misc/nupdates         | 59       |
| misc/serial_timesteps | 2.46e+05 |
| misc/time_elapsed     | 105      |
| misc/total_timesteps  | 2.46e+05 |
| ratio_max             | 1.81     |
| ratio_min             | 0.44     |
| ret_avg               | 0.642    |
| ret_max               | 3.92     |
| ret_med               | 0.653    |
| ret_min               | -1.09    |
| ret_var               | 1.06     |
------------------------------------
------------------------------------
| action_max            | 14       |
| action_min            | 0        |
| adv_avg               | -1.1     |
| adv_max               | 0.56     |
| adv_med               | -1.08    |
| adv_min               | -3.51    |
| adv_var               | 0.149    |
| clipfrac              | 0        |
| curr_lr               | 0.0658   |
| entropy               | 1.77     |
| eplenmean             | 144      |
| eprewmean             | 10.6     |
| fps                   | 2.36e+03 |
| grad_norm             | 0.636    |
| kl                    | 0.0473   |
| loss_pi               | -0.0396  |
| loss_v                | 0.0332   |
| lr                    | 0.0439   |
| misc/nupdates         | 69       |
| misc/serial_timesteps | 2.87e+05 |
| misc/time_elapsed     | 122      |
| misc/total_timesteps  | 2.87e+05 |
| ratio_max             | 2.73     |
| ratio_min             | 0.253    |
| ret_avg               | 0.827    |
| ret_max               | 5.06     |
| ret_med               | 0.746    |
| ret_min               | -1.23    |
| ret_var               | 1.5      |
------------------------------------
------------------------------------
| action_max            | 14       |
| action_min            | 0        |
| adv_avg               | -1.13    |
| adv_max               | 0.178    |
| adv_med               | -1.11    |
| adv_min               | -3.6     |
| adv_var               | 0.0911   |
| clipfrac              | 0        |
| curr_lr               | 0.0439   |
| entropy               | 1.63     |
| eplenmean             | 141      |
| eprewmean             | 9.78     |
| fps                   | 2.35e+03 |
| grad_norm             | 0.399    |
| kl                    | 0.0458   |
| loss_pi               | -0.0336  |
| loss_v                | 0.0139   |
| lr                    | 0.0293   |
| misc/nupdates         | 79       |
| misc/serial_timesteps | 3.28e+05 |
| misc/time_elapsed     | 140      |
| misc/total_timesteps  | 3.28e+05 |
| ratio_max             | 2.45     |
| ratio_min             | 0.1      |
| ret_avg               | 0.496    |
| ret_max               | 4.2      |
| ret_med               | 0.369    |
| ret_min               | -1.16    |
| ret_var               | 1.35     |
------------------------------------
------------------------------------
| action_max            | 14       |
| action_min            | 0        |
| adv_avg               | -1.13    |
| adv_max               | 0.53     |
| adv_med               | -1.11    |
| adv_min               | -4.21    |
| adv_var               | 0.109    |
| clipfrac              | 0        |
| curr_lr               | 0.0293   |
| entropy               | 1.68     |
| eplenmean             | 142      |
| eprewmean             | 10.4     |
| fps                   | 2.37e+03 |
| grad_norm             | 0.503    |
| kl                    | 0.0149   |
| loss_pi               | -0.0365  |
| loss_v                | 0.0186   |
| lr                    | 0.0293   |
| misc/nupdates         | 89       |
| misc/serial_timesteps | 3.69e+05 |
| misc/time_elapsed     | 157      |
| misc/total_timesteps  | 3.69e+05 |
| ratio_max             | 1.96     |
| ratio_min             | 0.294    |
| ret_avg               | 0.466    |
| ret_max               | 3.37     |
| ret_med               | 0.417    |
| ret_min               | -1.18    |
| ret_var               | 1.11     |
------------------------------------
------------------------------------
| action_max            | 14       |
| action_min            | 0        |
| adv_avg               | -1.09    |
| adv_max               | 0.419    |
| adv_med               | -1.09    |
| adv_min               | -2.95    |
| adv_var               | 0.098    |
| clipfrac              | 0        |
| curr_lr               | 0.0293   |
| entropy               | 1.51     |
| eplenmean             | 147      |
| eprewmean             | 10.9     |
| fps                   | 2.39e+03 |
| grad_norm             | 0.621    |
| kl                    | 0.0145   |
| loss_pi               | -0.0412  |
| loss_v                | 0.021    |
| lr                    | 0.0293   |
| misc/nupdates         | 99       |
| misc/serial_timesteps | 4.1e+05  |
| misc/time_elapsed     | 174      |
| misc/total_timesteps  | 4.1e+05  |
| ratio_max             | 2.12     |
| ratio_min             | 0.465    |
| ret_avg               | 0.714    |
| ret_max               | 3.83     |
| ret_med               | 0.585    |
| ret_min               | -1.25    |
| ret_var               | 1.51     |
------------------------------------
------------------------------------
| action_max            | 14       |
| action_min            | 0        |
| adv_avg               | -1.17    |
| adv_max               | -0.0237  |
| adv_med               | -1.16    |
| adv_min               | -2.72    |
| adv_var               | 0.0646   |
| clipfrac              | 0        |
| curr_lr               | 0.0293   |
| entropy               | 1.47     |
| eplenmean             | 153      |
| eprewmean             | 11.9     |
| fps                   | 2.33e+03 |
| grad_norm             | 0.619    |
| kl                    | 0.0153   |
| loss_pi               | -0.0441  |
| loss_v                | 0.0145   |
| lr                    | 0.0293   |
| misc/nupdates         | 109      |
| misc/serial_timesteps | 4.51e+05 |
| misc/time_elapsed     | 192      |
| misc/total_timesteps  | 4.51e+05 |
| ratio_max             | 2.08     |
| ratio_min             | 0.287    |
| ret_avg               | 0.73     |
| ret_max               | 3.69     |
| ret_med               | 0.579    |
| ret_min               | -1.36    |
| ret_var               | 1.53     |
------------------------------------
------------------------------------
| action_max            | 14       |
| action_min            | 0        |
| adv_avg               | -1.17    |
| adv_max               | -0.249   |
| adv_med               | -1.17    |
| adv_min               | -3.49    |
| adv_var               | 0.0628   |
| clipfrac              | 0        |
| curr_lr               | 0.0293   |
| entropy               | 1.35     |
| eplenmean             | 167      |
| eprewmean             | 13.2     |
| fps                   | 2.34e+03 |
| grad_norm             | 0.634    |
| kl                    | 0.0143   |
| loss_pi               | -0.0311  |
| loss_v                | 0.0181   |
| lr                    | 0.0293   |
| misc/nupdates         | 119      |
| misc/serial_timesteps | 4.92e+05 |
| misc/time_elapsed     | 209      |
| misc/total_timesteps  | 4.92e+05 |
| ratio_max             | 1.68     |
| ratio_min             | 0.462    |
| ret_avg               | 0.41     |
| ret_max               | 3.9      |
| ret_med               | 0.437    |
| ret_min               | -1.28    |
| ret_var               | 0.933    |
------------------------------------
------------------------------------
| action_max            | 14       |
| action_min            | 0        |
| adv_avg               | -1.18    |
| adv_max               | 0.194    |
| adv_med               | -1.19    |
| adv_min               | -2.16    |
| adv_var               | 0.0441   |
| clipfrac              | 0        |
| curr_lr               | 0.0293   |
| entropy               | 1.31     |
| eplenmean             | 143      |
| eprewmean             | 10.7     |
| fps                   | 2.37e+03 |
| grad_norm             | 0.722    |
| kl                    | 0.0134   |
| loss_pi               | -0.0377  |
| loss_v                | 0.0162   |
| lr                    | 0.0293   |
| misc/nupdates         | 129      |
| misc/serial_timesteps | 5.32e+05 |
| misc/time_elapsed     | 227      |
| misc/total_timesteps  | 5.32e+05 |
| ratio_max             | 1.72     |
| ratio_min             | 0.33     |
| ret_avg               | 0.435    |
| ret_max               | 3.9      |
| ret_med               | 0.314    |
| ret_min               | -1.3     |
| ret_var               | 1.17     |
------------------------------------
------------------------------------
| action_max            | 14       |
| action_min            | 0        |
| adv_avg               | -1.22    |
| adv_max               | 0.228    |
| adv_med               | -1.21    |
| adv_min               | -4       |
| adv_var               | 0.0862   |
| clipfrac              | 0        |
| curr_lr               | 0.0293   |
| entropy               | 1.22     |
| eplenmean             | 158      |
| eprewmean             | 12.4     |
| fps                   | 2.34e+03 |
| grad_norm             | 0.989    |
| kl                    | 0.0104   |
| loss_pi               | -0.0346  |
| loss_v                | 0.0189   |
| lr                    | 0.0293   |
| misc/nupdates         | 139      |
| misc/serial_timesteps | 5.73e+05 |
| misc/time_elapsed     | 244      |
| misc/total_timesteps  | 5.73e+05 |
| ratio_max             | 1.62     |
| ratio_min             | 0.543    |
| ret_avg               | 0.668    |
| ret_max               | 3.82     |
| ret_med               | 0.484    |
| ret_min               | -1.42    |
| ret_var               | 1.61     |
------------------------------------
------------------------------------
| action_max            | 14       |
| action_min            | 0        |
| adv_avg               | -1.22    |
| adv_max               | -0.389   |
| adv_med               | -1.21    |
| adv_min               | -2.7     |
| adv_var               | 0.0416   |
| clipfrac              | 0        |
| curr_lr               | 0.0293   |
| entropy               | 1.24     |
| eplenmean             | 182      |
| eprewmean             | 14.4     |
| fps                   | 2.34e+03 |
| grad_norm             | 0.607    |
| kl                    | 0.011    |
| loss_pi               | -0.0714  |
| loss_v                | 0.0104   |
| lr                    | 0.0293   |
| misc/nupdates         | 149      |
| misc/serial_timesteps | 6.14e+05 |
| misc/time_elapsed     | 262      |
| misc/total_timesteps  | 6.14e+05 |
| ratio_max             | 1.61     |
| ratio_min             | 0.362    |
| ret_avg               | 0.516    |
| ret_max               | 3.55     |
| ret_med               | 0.471    |
| ret_min               | -1.42    |
| ret_var               | 1.22     |
------------------------------------
------------------------------------
| action_max            | 14       |
| action_min            | 0        |
| adv_avg               | -1.27    |
| adv_max               | 0.574    |
| adv_med               | -1.26    |
| adv_min               | -2.26    |
| adv_var               | 0.0502   |
| clipfrac              | 0        |
| curr_lr               | 0.0439   |
| entropy               | 1.22     |
| eplenmean             | 162      |
| eprewmean             | 12.8     |
| fps                   | 2.37e+03 |
| grad_norm             | 0.915    |
| kl                    | 0.0232   |
| loss_pi               | -0.0471  |
| loss_v                | 0.0147   |
| lr                    | 0.0439   |
| misc/nupdates         | 159      |
| misc/serial_timesteps | 6.55e+05 |
| misc/time_elapsed     | 279      |
| misc/total_timesteps  | 6.55e+05 |
| ratio_max             | 2.03     |
| ratio_min             | 0.341    |
| ret_avg               | 0.518    |
| ret_max               | 3.2      |
| ret_med               | 0.423    |
| ret_min               | -1.24    |
| ret_var               | 1.1      |
------------------------------------
------------------------------------
| action_max            | 14       |
| action_min            | 0        |
| adv_avg               | -1.26    |
| adv_max               | -0.221   |
| adv_med               | -1.25    |
| adv_min               | -2.35    |
| adv_var               | 0.0453   |
| clipfrac              | 0        |
| curr_lr               | 0.0439   |
| entropy               | 1.16     |
| eplenmean             | 166      |
| eprewmean             | 12.6     |
| fps                   | 2.34e+03 |
| grad_norm             | 0.731    |
| kl                    | 0.0125   |
| loss_pi               | -0.0347  |
| loss_v                | 0.0111   |
| lr                    | 0.0439   |
| misc/nupdates         | 169      |
| misc/serial_timesteps | 6.96e+05 |
| misc/time_elapsed     | 296      |
| misc/total_timesteps  | 6.96e+05 |
| ratio_max             | 2        |
| ratio_min             | 0.44     |
| ret_avg               | 0.498    |
| ret_max               | 3.39     |
| ret_med               | 0.448    |
| ret_min               | -1.42    |
| ret_var               | 1.15     |
------------------------------------
------------------------------------
| action_max            | 14       |
| action_min            | 0        |
| adv_avg               | -1.24    |
| adv_max               | 0.00186  |
| adv_med               | -1.22    |
| adv_min               | -4.1     |
| adv_var               | 0.075    |
| clipfrac              | 0        |
| curr_lr               | 0.0439   |
| entropy               | 1.23     |
| eplenmean             | 165      |
| eprewmean             | 12.9     |
| fps                   | 2.34e+03 |
| grad_norm             | 1.05     |
| kl                    | 0.0171   |
| loss_pi               | -0.0637  |
| loss_v                | 0.0162   |
| lr                    | 0.0439   |
| misc/nupdates         | 179      |
| misc/serial_timesteps | 7.37e+05 |
| misc/time_elapsed     | 314      |
| misc/total_timesteps  | 7.37e+05 |
| ratio_max             | 2.43     |
| ratio_min             | 0.326    |
| ret_avg               | 0.342    |
| ret_max               | 3.18     |
| ret_med               | 0.201    |
| ret_min               | -1.41    |
| ret_var               | 1.38     |
------------------------------------
------------------------------------
| action_max            | 14       |
| action_min            | 0        |
| adv_avg               | -1.28    |
| adv_max               | -0.452   |
| adv_med               | -1.26    |
| adv_min               | -3.66    |
| adv_var               | 0.0608   |
| clipfrac              | 0        |
| curr_lr               | 0.0293   |
| entropy               | 1.13     |
| eplenmean             | 159      |
| eprewmean             | 12.2     |
| fps                   | 2.4e+03  |
| grad_norm             | 0.472    |
| kl                    | 0.0205   |
| loss_pi               | -0.0903  |
| loss_v                | 0.00428  |
| lr                    | 0.0293   |
| misc/nupdates         | 189      |
| misc/serial_timesteps | 7.78e+05 |
| misc/time_elapsed     | 331      |
| misc/total_timesteps  | 7.78e+05 |
| ratio_max             | 2.15     |
| ratio_min             | 0.129    |
| ret_avg               | 0.238    |
| ret_max               | 3.42     |
| ret_med               | 0.182    |
| ret_min               | -1.27    |
| ret_var               | 1.03     |
------------------------------------
------------------------------------
| action_max            | 14       |
| action_min            | 0        |
| adv_avg               | -1.28    |
| adv_max               | -0.144   |
| adv_med               | -1.25    |
| adv_min               | -3.32    |
| adv_var               | 0.0863   |
| clipfrac              | 0        |
| curr_lr               | 0.0293   |
| entropy               | 1.09     |
| eplenmean             | 178      |
| eprewmean             | 14       |
| fps                   | 2.32e+03 |
| grad_norm             | 0.423    |
| kl                    | 0.0268   |
| loss_pi               | -0.0427  |
| loss_v                | 0.0114   |
| lr                    | 0.0293   |
| misc/nupdates         | 199      |
| misc/serial_timesteps | 8.19e+05 |
| misc/time_elapsed     | 349      |
| misc/total_timesteps  | 8.19e+05 |
| ratio_max             | 2.58     |
| ratio_min             | 0.363    |
| ret_avg               | 0.546    |
| ret_max               | 3.48     |
| ret_med               | 0.37     |
| ret_min               | -1.28    |
| ret_var               | 1.24     |
------------------------------------
------------------------------------
| action_max            | 14       |
| action_min            | 0        |
| adv_avg               | -1.26    |
| adv_max               | -0.316   |
| adv_med               | -1.24    |
| adv_min               | -2.81    |
| adv_var               | 0.0685   |
| clipfrac              | 0        |
| curr_lr               | 0.0293   |
| entropy               | 1.11     |
| eplenmean             | 184      |
| eprewmean             | 13.9     |
| fps                   | 2.32e+03 |
| grad_norm             | 0.612    |
| kl                    | 0.0202   |
| loss_pi               | -0.0308  |
| loss_v                | 0.0126   |
| lr                    | 0.0293   |
| misc/nupdates         | 209      |
| misc/serial_timesteps | 8.6e+05  |
| misc/time_elapsed     | 366      |
| misc/total_timesteps  | 8.6e+05  |
| ratio_max             | 2.04     |
| ratio_min             | 0.348    |
| ret_avg               | 0.323    |
| ret_max               | 3.88     |
| ret_med               | 0.18     |
| ret_min               | -1.28    |
| ret_var               | 1.14     |
------------------------------------
------------------------------------
| action_max            | 14       |
| action_min            | 0        |
| adv_avg               | -1.29    |
| adv_max               | -0.251   |
| adv_med               | -1.26    |
| adv_min               | -3.79    |
| adv_var               | 0.0918   |
| clipfrac              | 0        |
| curr_lr               | 0.0293   |
| entropy               | 1.06     |
| eplenmean             | 191      |
| eprewmean             | 14.1     |
| fps                   | 2.37e+03 |
| grad_norm             | 0.998    |
| kl                    | 0.0108   |
| loss_pi               | -0.0541  |
| loss_v                | 0.0218   |
| lr                    | 0.0293   |
| misc/nupdates         | 219      |
| misc/serial_timesteps | 9.01e+05 |
| misc/time_elapsed     | 384      |
| misc/total_timesteps  | 9.01e+05 |
| ratio_max             | 1.94     |
| ratio_min             | 0.437    |
| ret_avg               | 0.636    |
| ret_max               | 3.96     |
| ret_med               | 0.429    |
| ret_min               | -1.29    |
| ret_var               | 1.59     |
------------------------------------
------------------------------------
| action_max            | 14       |
| action_min            | 0        |
| adv_avg               | -1.25    |
| adv_max               | -0.105   |
| adv_med               | -1.25    |
| adv_min               | -2.47    |
| adv_var               | 0.0547   |
| clipfrac              | 0        |
| curr_lr               | 0.0439   |
| entropy               | 0.948    |
| eplenmean             | 184      |
| eprewmean             | 14.8     |
| fps                   | 2.34e+03 |
| grad_norm             | 1.18     |
| kl                    | 0.00856  |
| loss_pi               | -0.057   |
| loss_v                | 0.0169   |
| lr                    | 0.0439   |
| misc/nupdates         | 229      |
| misc/serial_timesteps | 9.42e+05 |
| misc/time_elapsed     | 401      |
| misc/total_timesteps  | 9.42e+05 |
| ratio_max             | 1.53     |
| ratio_min             | 0.335    |
| ret_avg               | 0.497    |
| ret_max               | 3.41     |
| ret_med               | 0.461    |
| ret_min               | -1.6     |
| ret_var               | 1.3      |
------------------------------------
------------------------------------
| action_max            | 14       |
| action_min            | 0        |
| adv_avg               | -1.26    |
| adv_max               | -0.323   |
| adv_med               | -1.26    |
| adv_min               | -2.53    |
| adv_var               | 0.0503   |
| clipfrac              | 0        |
| curr_lr               | 0.0439   |
| entropy               | 1.16     |
| eplenmean             | 190      |
| eprewmean             | 14.4     |
| fps                   | 2.37e+03 |
| grad_norm             | 0.569    |
| kl                    | 0.0211   |
| loss_pi               | -0.06    |
| loss_v                | 0.00975  |
| lr                    | 0.0439   |
| misc/nupdates         | 239      |
| misc/serial_timesteps | 9.83e+05 |
| misc/time_elapsed     | 419      |
| misc/total_timesteps  | 9.83e+05 |
| ratio_max             | 3.35     |
| ratio_min             | 0.401    |
| ret_avg               | 0.00266  |
| ret_max               | 2.38     |
| ret_med               | -0.102   |
| ret_min               | -1.48    |
| ret_var               | 0.807    |
------------------------------------
------------------------------------
| action_max            | 14       |
| action_min            | 0        |
| adv_avg               | -1.25    |
| adv_max               | -0.379   |
| adv_med               | -1.23    |
| adv_min               | -3.08    |
| adv_var               | 0.0657   |
| clipfrac              | 0        |
| curr_lr               | 0.0439   |
| entropy               | 1.07     |
| eplenmean             | 187      |
| eprewmean             | 14.8     |
| fps                   | 2.34e+03 |
| grad_norm             | 1.2      |
| kl                    | 0.022    |
| loss_pi               | -0.0509  |
| loss_v                | 0.0198   |
| lr                    | 0.0439   |
| misc/nupdates         | 249      |
| misc/serial_timesteps | 1.02e+06 |
| misc/time_elapsed     | 436      |
| misc/total_timesteps  | 1.02e+06 |
| ratio_max             | 2.11     |
| ratio_min             | 0.232    |
| ret_avg               | 0.157    |
| ret_max               | 2.21     |
| ret_med               | 0.242    |
| ret_min               | -1.37    |
| ret_var               | 0.736    |
------------------------------------
------------------------------------
| action_max            | 14       |
| action_min            | 0        |
| adv_avg               | -1.25    |
| adv_max               | -0.0438  |
| adv_med               | -1.24    |
| adv_min               | -3.2     |
| adv_var               | 0.0746   |
| clipfrac              | 0        |
| curr_lr               | 0.0439   |
| entropy               | 1.03     |
| eplenmean             | 189      |
| eprewmean             | 14.9     |
| fps                   | 2.25e+03 |
| grad_norm             | 0.742    |
| kl                    | 0.0118   |
| loss_pi               | -0.0742  |
| loss_v                | 0.0124   |
| lr                    | 0.0439   |
| misc/nupdates         | 259      |
| misc/serial_timesteps | 1.06e+06 |
| misc/time_elapsed     | 454      |
| misc/total_timesteps  | 1.06e+06 |
| ratio_max             | 1.54     |
| ratio_min             | 0.517    |
| ret_avg               | 0.33     |
| ret_max               | 2.64     |
| ret_med               | 0.363    |
| ret_min               | -1.35    |
| ret_var               | 0.887    |
------------------------------------
------------------------------------
| action_max            | 14       |
| action_min            | 0        |
| adv_avg               | -1.29    |
| adv_max               | 0.203    |
| adv_med               | -1.27    |
| adv_min               | -3.23    |
| adv_var               | 0.0785   |
| clipfrac              | 0        |
| curr_lr               | 0.0439   |
| entropy               | 1.14     |
| eplenmean             | 194      |
| eprewmean             | 15.6     |
| fps                   | 2.33e+03 |
| grad_norm             | 1.03     |
| kl                    | 0.0146   |
| loss_pi               | -0.0465  |
| loss_v                | 0.0164   |
| lr                    | 0.0439   |
| misc/nupdates         | 269      |
| misc/serial_timesteps | 1.11e+06 |
| misc/time_elapsed     | 471      |
| misc/total_timesteps  | 1.11e+06 |
| ratio_max             | 1.97     |
| ratio_min             | 0.403    |
| ret_avg               | 0.374    |
| ret_max               | 3.21     |
| ret_med               | 0.257    |
| ret_min               | -1.34    |
| ret_var               | 1.12     |
------------------------------------
------------------------------------
| action_max            | 14       |
| action_min            | 0        |
| adv_avg               | -1.28    |
| adv_max               | -0.234   |
| adv_med               | -1.26    |
| adv_min               | -3.06    |
| adv_var               | 0.0631   |
| clipfrac              | 0        |
| curr_lr               | 0.0439   |
| entropy               | 1.03     |
| eplenmean             | 190      |
| eprewmean             | 14.9     |
| fps                   | 2.38e+03 |
| grad_norm             | 0.865    |
| kl                    | 0.0119   |
| loss_pi               | -0.0324  |
| loss_v                | 0.0127   |
| lr                    | 0.0439   |
| misc/nupdates         | 279      |
| misc/serial_timesteps | 1.15e+06 |
| misc/time_elapsed     | 489      |
| misc/total_timesteps  | 1.15e+06 |
| ratio_max             | 1.97     |
| ratio_min             | 0.393    |
| ret_avg               | 0.368    |
| ret_max               | 2.95     |
| ret_med               | 0.185    |
| ret_min               | -1.35    |
| ret_var               | 1.07     |
------------------------------------
------------------------------------
| action_max            | 14       |
| action_min            | 0        |
| adv_avg               | -1.3     |
| adv_max               | 0.269    |
| adv_med               | -1.28    |
| adv_min               | -2.95    |
| adv_var               | 0.0756   |
| clipfrac              | 0        |
| curr_lr               | 0.0439   |
| entropy               | 0.967    |
| eplenmean             | 195      |
| eprewmean             | 16.1     |
| fps                   | 2.35e+03 |
| grad_norm             | 0.977    |
| kl                    | 0.014    |
| loss_pi               | -0.0493  |
| loss_v                | 0.0181   |
| lr                    | 0.0439   |
| misc/nupdates         | 289      |
| misc/serial_timesteps | 1.19e+06 |
| misc/time_elapsed     | 506      |
| misc/total_timesteps  | 1.19e+06 |
| ratio_max             | 1.78     |
| ratio_min             | 0.355    |
| ret_avg               | 0.486    |
| ret_max               | 2.83     |
| ret_med               | 0.433    |
| ret_min               | -1.35    |
| ret_var               | 1        |
------------------------------------
------------------------------------
| action_max            | 14       |
| action_min            | 0        |
| adv_avg               | -1.37    |
| adv_max               | -0.122   |
| adv_med               | -1.34    |
| adv_min               | -4.23    |
| adv_var               | 0.113    |
| clipfrac              | 0        |
| curr_lr               | 0.0439   |
| entropy               | 1.05     |
| eplenmean             | 187      |
| eprewmean             | 14.9     |
| fps                   | 2.32e+03 |
| grad_norm             | 0.944    |
| kl                    | 0.0148   |
| loss_pi               | -0.0355  |
| loss_v                | 0.019    |
| lr                    | 0.0439   |
| misc/nupdates         | 299      |
| misc/serial_timesteps | 1.23e+06 |
| misc/time_elapsed     | 524      |
| misc/total_timesteps  | 1.23e+06 |
| ratio_max             | 1.53     |
| ratio_min             | 0.1      |
| ret_avg               | 0.74     |
| ret_max               | 3.43     |
| ret_med               | 0.572    |
| ret_min               | -1.46    |
| ret_var               | 1.41     |
------------------------------------
------------------------------------
| action_max            | 14       |
| action_min            | 0        |
| adv_avg               | -1.35    |
| adv_max               | -0.455   |
| adv_med               | -1.32    |
| adv_min               | -3.38    |
| adv_var               | 0.0848   |
| clipfrac              | 0        |
| curr_lr               | 0.0439   |
| entropy               | 0.999    |
| eplenmean             | 198      |
| eprewmean             | 15.9     |
| fps                   | 2.32e+03 |
| grad_norm             | 0.997    |
| kl                    | 0.0245   |
| loss_pi               | -0.0503  |
| loss_v                | 0.0151   |
| lr                    | 0.0439   |
| misc/nupdates         | 309      |
| misc/serial_timesteps | 1.27e+06 |
| misc/time_elapsed     | 541      |
| misc/total_timesteps  | 1.27e+06 |
| ratio_max             | 2.99     |
| ratio_min             | 0.327    |
| ret_avg               | 0.634    |
| ret_max               | 3.74     |
| ret_med               | 0.419    |
| ret_min               | -1.35    |
| ret_var               | 1.48     |
------------------------------------
------------------------------------
| action_max            | 14       |
| action_min            | 0        |
| adv_avg               | -1.34    |
| adv_max               | -0.408   |
| adv_med               | -1.33    |
| adv_min               | -2.78    |
| adv_var               | 0.0464   |
| clipfrac              | 0        |
| curr_lr               | 0.0439   |
| entropy               | 0.874    |
| eplenmean             | 200      |
| eprewmean             | 17       |
| fps                   | 2.36e+03 |
| grad_norm             | 0.962    |
| kl                    | 0.0126   |
| loss_pi               | -0.0337  |
| loss_v                | 0.0132   |
| lr                    | 0.0439   |
| misc/nupdates         | 319      |
| misc/serial_timesteps | 1.31e+06 |
| misc/time_elapsed     | 559      |
| misc/total_timesteps  | 1.31e+06 |
| ratio_max             | 2.1      |
| ratio_min             | 0.404    |
| ret_avg               | 0.604    |
| ret_max               | 2.94     |
| ret_med               | 0.505    |
| ret_min               | -1.35    |
| ret_var               | 1.44     |
------------------------------------
------------------------------------
| action_max            | 14       |
| action_min            | 0        |
| adv_avg               | -1.31    |
| adv_max               | 0.0415   |
| adv_med               | -1.3     |
| adv_min               | -2.92    |
| adv_var               | 0.0894   |
| clipfrac              | 0        |
| curr_lr               | 0.0439   |
| entropy               | 1.01     |
| eplenmean             | 185      |
| eprewmean             | 15.3     |
| fps                   | 2.37e+03 |
| grad_norm             | 0.894    |
| kl                    | 0.0242   |
| loss_pi               | -0.0384  |
| loss_v                | 0.0143   |
| lr                    | 0.0439   |
| misc/nupdates         | 329      |
| misc/serial_timesteps | 1.35e+06 |
| misc/time_elapsed     | 576      |
| misc/total_timesteps  | 1.35e+06 |
| ratio_max             | 4.51     |
| ratio_min             | 0.266    |
| ret_avg               | 0.368    |
| ret_max               | 3.24     |
| ret_med               | 0.231    |
| ret_min               | -1.65    |
| ret_var               | 1.25     |
------------------------------------
------------------------------------
| action_max            | 14       |
| action_min            | 0        |
| adv_avg               | -1.36    |
| adv_max               | -0.385   |
| adv_med               | -1.33    |
| adv_min               | -3.5     |
| adv_var               | 0.0766   |
| clipfrac              | 0        |
| curr_lr               | 0.0439   |
| entropy               | 0.897    |
| eplenmean             | 190      |
| eprewmean             | 15.5     |
| fps                   | 2.33e+03 |
| grad_norm             | 1.22     |
| kl                    | 0.0128   |
| loss_pi               | -0.0905  |
| loss_v                | 0.0176   |
| lr                    | 0.0439   |
| misc/nupdates         | 339      |
| misc/serial_timesteps | 1.39e+06 |
| misc/time_elapsed     | 593      |
| misc/total_timesteps  | 1.39e+06 |
| ratio_max             | 2.06     |
| ratio_min             | 0.473    |
| ret_avg               | 0.749    |
| ret_max               | 3.65     |
| ret_med               | 0.61     |
| ret_min               | -1.36    |
| ret_var               | 1.74     |
------------------------------------
------------------------------------
| action_max            | 14       |
| action_min            | 0        |
| adv_avg               | -1.35    |
| adv_max               | 0.15     |
| adv_med               | -1.32    |
| adv_min               | -2.85    |
| adv_var               | 0.0604   |
| clipfrac              | 0        |
| curr_lr               | 0.0439   |
| entropy               | 1.01     |
| eplenmean             | 186      |
| eprewmean             | 15.4     |
| fps                   | 2.36e+03 |
| grad_norm             | 0.748    |
| kl                    | 0.0365   |
| loss_pi               | -0.104   |
| loss_v                | 0.0103   |
| lr                    | 0.0439   |
| misc/nupdates         | 349      |
| misc/serial_timesteps | 1.43e+06 |
| misc/time_elapsed     | 611      |
| misc/total_timesteps  | 1.43e+06 |
| ratio_max             | 1.9      |
| ratio_min             | 0.247    |
| ret_avg               | 0.218    |
| ret_max               | 3.39     |
| ret_med               | 0.0727   |
| ret_min               | -1.46    |
| ret_var               | 1.1      |
------------------------------------
------------------------------------
| action_max            | 14       |
| action_min            | 0        |
| adv_avg               | -1.34    |
| adv_max               | -0.516   |
| adv_med               | -1.31    |
| adv_min               | -3.24    |
| adv_var               | 0.0749   |
| clipfrac              | 0        |
| curr_lr               | 0.0293   |
| entropy               | 0.793    |
| eplenmean             | 209      |
| eprewmean             | 16.9     |
| fps                   | 2.35e+03 |
| grad_norm             | 0.8      |
| kl                    | 0.0135   |
| loss_pi               | -0.0239  |
| loss_v                | 0.0114   |
| lr                    | 0.0293   |
| misc/nupdates         | 359      |
| misc/serial_timesteps | 1.47e+06 |
| misc/time_elapsed     | 628      |
| misc/total_timesteps  | 1.47e+06 |
| ratio_max             | 2        |
| ratio_min             | 0.315    |
| ret_avg               | 0.97     |
| ret_max               | 3.26     |
| ret_med               | 0.937    |
| ret_min               | -1.37    |
| ret_var               | 1.43     |
------------------------------------
------------------------------------
| action_max            | 14       |
| action_min            | 0        |
| adv_avg               | -1.38    |
| adv_max               | 0.0191   |
| adv_med               | -1.36    |
| adv_min               | -3.95    |
| adv_var               | 0.1      |
| clipfrac              | 0        |
| curr_lr               | 0.0293   |
| entropy               | 0.904    |
| eplenmean             | 217      |
| eprewmean             | 17.2     |
| fps                   | 2.32e+03 |
| grad_norm             | 0.863    |
| kl                    | 0.014    |
| loss_pi               | -0.0204  |
| loss_v                | 0.0129   |
| lr                    | 0.0293   |
| misc/nupdates         | 369      |
| misc/serial_timesteps | 1.52e+06 |
| misc/time_elapsed     | 646      |
| misc/total_timesteps  | 1.52e+06 |
| ratio_max             | 1.7      |
| ratio_min             | 0.503    |
| ret_avg               | 0.558    |
| ret_max               | 4.48     |
| ret_med               | 0.259    |
| ret_min               | -1.36    |
| ret_var               | 1.59     |
------------------------------------
------------------------------------
| action_max            | 14       |
| action_min            | 0        |
| adv_avg               | -1.38    |
| adv_max               | -0.527   |
| adv_med               | -1.34    |
| adv_min               | -2.78    |
| adv_var               | 0.0713   |
| clipfrac              | 0        |
| curr_lr               | 0.0293   |
| entropy               | 0.747    |
| eplenmean             | 211      |
| eprewmean             | 17.9     |
| fps                   | 2.38e+03 |
| grad_norm             | 0.908    |
| kl                    | 0.0142   |
| loss_pi               | -0.0652  |
| loss_v                | 0.0112   |
| lr                    | 0.0293   |
| misc/nupdates         | 379      |
| misc/serial_timesteps | 1.56e+06 |
| misc/time_elapsed     | 663      |
| misc/total_timesteps  | 1.56e+06 |
| ratio_max             | 2.37     |
| ratio_min             | 0.27     |
| ret_avg               | 0.754    |
| ret_max               | 4.31     |
| ret_med               | 0.522    |
| ret_min               | -1.37    |
| ret_var               | 1.84     |
------------------------------------
------------------------------------
| action_max            | 14       |
| action_min            | 0        |
| adv_avg               | -1.35    |
| adv_max               | -0.428   |
| adv_med               | -1.32    |
| adv_min               | -2.87    |
| adv_var               | 0.0734   |
| clipfrac              | 0        |
| curr_lr               | 0.0293   |
| entropy               | 0.77     |
| eplenmean             | 230      |
| eprewmean             | 18.6     |
| fps                   | 2.36e+03 |
| grad_norm             | 0.839    |
| kl                    | 0.0121   |
| loss_pi               | -0.0494  |
| loss_v                | 0.0129   |
| lr                    | 0.0293   |
| misc/nupdates         | 389      |
| misc/serial_timesteps | 1.6e+06  |
| misc/time_elapsed     | 680      |
| misc/total_timesteps  | 1.6e+06  |
| ratio_max             | 1.9      |
| ratio_min             | 0.376    |
| ret_avg               | 0.686    |
| ret_max               | 4.15     |
| ret_med               | 0.388    |
| ret_min               | -1.35    |
| ret_var               | 1.89     |
------------------------------------
------------------------------------
| action_max            | 14       |
| action_min            | 0        |
| adv_avg               | -1.35    |
| adv_max               | -0.336   |
| adv_med               | -1.32    |
| adv_min               | -5.17    |
| adv_var               | 0.0966   |
| clipfrac              | 0        |
| curr_lr               | 0.0293   |
| entropy               | 0.662    |
| eplenmean             | 223      |
| eprewmean             | 18.7     |
| fps                   | 2.33e+03 |
| grad_norm             | 1.43     |
| kl                    | 0.00756  |
| loss_pi               | -0.0323  |
| loss_v                | 0.0169   |
| lr                    | 0.0293   |
| misc/nupdates         | 399      |
| misc/serial_timesteps | 1.64e+06 |
| misc/time_elapsed     | 698      |
| misc/total_timesteps  | 1.64e+06 |
| ratio_max             | 1.61     |
| ratio_min             | 0.473    |
| ret_avg               | 0.846    |
| ret_max               | 4.49     |
| ret_med               | 0.572    |
| ret_min               | -1.5     |
| ret_var               | 1.8      |
------------------------------------
------------------------------------
| action_max            | 14       |
| action_min            | 0        |
| adv_avg               | -1.37    |
| adv_max               | 0.208    |
| adv_med               | -1.34    |
| adv_min               | -3.42    |
| adv_var               | 0.11     |
| clipfrac              | 0        |
| curr_lr               | 0.0293   |
| entropy               | 0.849    |
| eplenmean             | 207      |
| eprewmean             | 16.9     |
| fps                   | 2.39e+03 |
| grad_norm             | 0.756    |
| kl                    | 0.0202   |
| loss_pi               | -0.0439  |
| loss_v                | 0.0146   |
| lr                    | 0.0293   |
| misc/nupdates         | 409      |
| misc/serial_timesteps | 1.68e+06 |
| misc/time_elapsed     | 715      |
| misc/total_timesteps  | 1.68e+06 |
| ratio_max             | 2.05     |
| ratio_min             | 0.3      |
| ret_avg               | 0.35     |
| ret_max               | 3.16     |
| ret_med               | 0.337    |
| ret_min               | -1.35    |
| ret_var               | 0.991    |
------------------------------------
------------------------------------
| action_max            | 14       |
| action_min            | 0        |
| adv_avg               | -1.35    |
| adv_max               | -0.264   |
| adv_med               | -1.31    |
| adv_min               | -3.01    |
| adv_var               | 0.0663   |
| clipfrac              | 0        |
| curr_lr               | 0.0293   |
| entropy               | 0.682    |
| eplenmean             | 232      |
| eprewmean             | 20.2     |
| fps                   | 2.33e+03 |
| grad_norm             | 1.14     |
| kl                    | 0.0166   |
| loss_pi               | -0.0626  |
| loss_v                | 0.0103   |
| lr                    | 0.0293   |
| misc/nupdates         | 419      |
| misc/serial_timesteps | 1.72e+06 |
| misc/time_elapsed     | 733      |
| misc/total_timesteps  | 1.72e+06 |
| ratio_max             | 1.82     |
| ratio_min             | 0.371    |
| ret_avg               | 0.684    |
| ret_max               | 3.71     |
| ret_med               | 0.548    |
| ret_min               | -1.35    |
| ret_var               | 1.5      |
------------------------------------
------------------------------------
| action_max            | 14       |
| action_min            | 0        |
| adv_avg               | -1.35    |
| adv_max               | 0.231    |
| adv_med               | -1.31    |
| adv_min               | -3.16    |
| adv_var               | 0.0778   |
| clipfrac              | 0        |
| curr_lr               | 0.0293   |
| entropy               | 0.771    |
| eplenmean             | 212      |
| eprewmean             | 18.3     |
| fps                   | 2.35e+03 |
| grad_norm             | 0.692    |
| kl                    | 0.0226   |
| loss_pi               | -0.0836  |
| loss_v                | 0.0114   |
| lr                    | 0.0293   |
| misc/nupdates         | 429      |
| misc/serial_timesteps | 1.76e+06 |
| misc/time_elapsed     | 750      |
| misc/total_timesteps  | 1.76e+06 |
| ratio_max             | 2.41     |
| ratio_min             | 0.354    |
| ret_avg               | 0.594    |
| ret_max               | 3.86     |
| ret_med               | 0.335    |
| ret_min               | -1.37    |
| ret_var               | 1.58     |
------------------------------------
------------------------------------
| action_max            | 14       |
| action_min            | 0        |
| adv_avg               | -1.4     |
| adv_max               | -0.531   |
| adv_med               | -1.36    |
| adv_min               | -2.77    |
| adv_var               | 0.0725   |
| clipfrac              | 0        |
| curr_lr               | 0.0293   |
| entropy               | 0.77     |
| eplenmean             | 200      |
| eprewmean             | 16.6     |
| fps                   | 2.35e+03 |
| grad_norm             | 0.996    |
| kl                    | 0.0145   |
| loss_pi               | -0.0446  |
| loss_v                | 0.015    |
| lr                    | 0.0293   |
| misc/nupdates         | 439      |
| misc/serial_timesteps | 1.8e+06  |
| misc/time_elapsed     | 768      |
| misc/total_timesteps  | 1.8e+06  |
| ratio_max             | 4.58     |
| ratio_min             | 0.35     |
| ret_avg               | 0.361    |
| ret_max               | 3.09     |
| ret_med               | 0.309    |
| ret_min               | -1.65    |
| ret_var               | 1.26     |
------------------------------------
------------------------------------
| action_max            | 14       |
| action_min            | 0        |
| adv_avg               | -1.4     |
| adv_max               | -0.483   |
| adv_med               | -1.35    |
| adv_min               | -3.36    |
| adv_var               | 0.0797   |
| clipfrac              | 0        |
| curr_lr               | 0.0293   |
| entropy               | 0.735    |
| eplenmean             | 185      |
| eprewmean             | 15.1     |
| fps                   | 2.36e+03 |
| grad_norm             | 1.23     |
| kl                    | 0.0186   |
| loss_pi               | -0.0977  |
| loss_v                | 0.0153   |
| lr                    | 0.0293   |
| misc/nupdates         | 449      |
| misc/serial_timesteps | 1.84e+06 |
| misc/time_elapsed     | 785      |
| misc/total_timesteps  | 1.84e+06 |
| ratio_max             | 1.91     |
| ratio_min             | 0.25     |
| ret_avg               | 0.664    |
| ret_max               | 3.23     |
| ret_med               | 0.573    |
| ret_min               | -1.36    |
| ret_var               | 1.34     |
------------------------------------
------------------------------------
| action_max            | 14       |
| action_min            | 0        |
| adv_avg               | -1.4     |
| adv_max               | -0.213   |
| adv_med               | -1.36    |
| adv_min               | -3.78    |
| adv_var               | 0.102    |
| clipfrac              | 0        |
| curr_lr               | 0.0293   |
| entropy               | 0.833    |
| eplenmean             | 200      |
| eprewmean             | 16.9     |
| fps                   | 2.35e+03 |
| grad_norm             | 0.875    |
| kl                    | 0.0272   |
| loss_pi               | -0.0749  |
| loss_v                | 0.0161   |
| lr                    | 0.0293   |
| misc/nupdates         | 459      |
| misc/serial_timesteps | 1.88e+06 |
| misc/time_elapsed     | 802      |
| misc/total_timesteps  | 1.88e+06 |
| ratio_max             | 2.2      |
| ratio_min             | 0.1      |
| ret_avg               | 0.348    |
| ret_max               | 3.19     |
| ret_med               | 0.254    |
| ret_min               | -1.36    |
| ret_var               | 1.02     |
------------------------------------
------------------------------------
| action_max            | 14       |
| action_min            | 0        |
| adv_avg               | -1.42    |
| adv_max               | -0.384   |
| adv_med               | -1.39    |
| adv_min               | -2.7     |
| adv_var               | 0.0711   |
| clipfrac              | 0        |
| curr_lr               | 0.0293   |
| entropy               | 0.781    |
| eplenmean             | 202      |
| eprewmean             | 16.2     |
| fps                   | 2.39e+03 |
| grad_norm             | 0.685    |
| kl                    | 0.0222   |
| loss_pi               | -0.0836  |
| loss_v                | 0.0115   |
| lr                    | 0.0293   |
| misc/nupdates         | 469      |
| misc/serial_timesteps | 1.93e+06 |
| misc/time_elapsed     | 819      |
| misc/total_timesteps  | 1.93e+06 |
| ratio_max             | 2.28     |
| ratio_min             | 0.306    |
| ret_avg               | 0.337    |
| ret_max               | 3.11     |
| ret_med               | 0.305    |
| ret_min               | -1.37    |
| ret_var               | 1.03     |
------------------------------------
------------------------------------
| action_max            | 14       |
| action_min            | 0        |
| adv_avg               | -1.34    |
| adv_max               | -0.592   |
| adv_med               | -1.32    |
| adv_min               | -2.4     |
| adv_var               | 0.0502   |
| clipfrac              | 0        |
| curr_lr               | 0.0293   |
| entropy               | 0.806    |
| eplenmean             | 199      |
| eprewmean             | 16.8     |
| fps                   | 2.43e+03 |
| grad_norm             | 0.559    |
| kl                    | 0.0167   |
| loss_pi               | -0.0986  |
| loss_v                | 0.00761  |
| lr                    | 0.0293   |
| misc/nupdates         | 479      |
| misc/serial_timesteps | 1.97e+06 |
| misc/time_elapsed     | 837      |
| misc/total_timesteps  | 1.97e+06 |
| ratio_max             | 2        |
| ratio_min             | 0.306    |
| ret_avg               | 0.27     |
| ret_max               | 2.84     |
| ret_med               | 0.139    |
| ret_min               | -1.37    |
| ret_var               | 0.968    |
------------------------------------
------------------------------------
| action_max            | 14       |
| action_min            | 0        |
| adv_avg               | -1.35    |
| adv_max               | -0.293   |
| adv_med               | -1.34    |
| adv_min               | -2.58    |
| adv_var               | 0.0414   |
| clipfrac              | 0        |
| curr_lr               | 0.0293   |
| entropy               | 0.745    |
| eplenmean             | 211      |
| eprewmean             | 17.2     |
| fps                   | 2.35e+03 |
| grad_norm             | 0.577    |
| kl                    | 0.0168   |
| loss_pi               | -0.0507  |
| loss_v                | 0.00601  |
| lr                    | 0.0293   |
| misc/nupdates         | 489      |
| misc/serial_timesteps | 2.01e+06 |
| misc/time_elapsed     | 854      |
| misc/total_timesteps  | 2.01e+06 |
| ratio_max             | 2.56     |
| ratio_min             | 0.157    |
| ret_avg               | 0.201    |
| ret_max               | 2.44     |
| ret_med               | 0.208    |
| ret_min               | -1.38    |
| ret_var               | 0.748    |
------------------------------------
------------------------------------
| action_max            | 14       |
| action_min            | 0        |
| adv_avg               | -1.37    |
| adv_max               | -0.417   |
| adv_med               | -1.35    |
| adv_min               | -3.18    |
| adv_var               | 0.0749   |
| clipfrac              | 0        |
| curr_lr               | 0.0293   |
| entropy               | 0.709    |
| eplenmean             | 211      |
| eprewmean             | 17.5     |
| fps                   | 2.32e+03 |
| grad_norm             | 1.15     |
| kl                    | 0.0153   |
| loss_pi               | -0.0528  |
| loss_v                | 0.0181   |
| lr                    | 0.0293   |
| misc/nupdates         | 499      |
| misc/serial_timesteps | 2.05e+06 |
| misc/time_elapsed     | 872      |
| misc/total_timesteps  | 2.05e+06 |
| ratio_max             | 1.92     |
| ratio_min             | 0.407    |
| ret_avg               | 0.37     |
| ret_max               | 2.66     |
| ret_med               | 0.378    |
| ret_min               | -1.39    |
| ret_var               | 0.854    |
------------------------------------
------------------------------------
| action_max            | 14       |
| action_min            | 0        |
| adv_avg               | -1.37    |
| adv_max               | -0.627   |
| adv_med               | -1.34    |
| adv_min               | -3.16    |
| adv_var               | 0.053    |
| clipfrac              | 0        |
| curr_lr               | 0.0293   |
| entropy               | 0.661    |
| eplenmean             | 216      |
| eprewmean             | 17.6     |
| fps                   | 2.35e+03 |
| grad_norm             | 0.953    |
| kl                    | 0.0099   |
| loss_pi               | -0.0975  |
| loss_v                | 0.00901  |
| lr                    | 0.0293   |
| misc/nupdates         | 509      |
| misc/serial_timesteps | 2.09e+06 |
| misc/time_elapsed     | 889      |
| misc/total_timesteps  | 2.09e+06 |
| ratio_max             | 1.35     |
| ratio_min             | 0.413    |
| ret_avg               | 0.438    |
| ret_max               | 2.93     |
| ret_med               | 0.462    |
| ret_min               | -1.39    |
| ret_var               | 1.08     |
------------------------------------
------------------------------------
| action_max            | 14       |
| action_min            | 0        |
| adv_avg               | -1.38    |
| adv_max               | -0.506   |
| adv_med               | -1.35    |
| adv_min               | -2.78    |
| adv_var               | 0.0715   |
| clipfrac              | 0        |
| curr_lr               | 0.0293   |
| entropy               | 0.684    |
| eplenmean             | 227      |
| eprewmean             | 18.4     |
| fps                   | 2.35e+03 |
| grad_norm             | 0.958    |
| kl                    | 0.0142   |
| loss_pi               | -0.067   |
| loss_v                | 0.0124   |
| lr                    | 0.0293   |
| misc/nupdates         | 519      |
| misc/serial_timesteps | 2.13e+06 |
| misc/time_elapsed     | 907      |
| misc/total_timesteps  | 2.13e+06 |
| ratio_max             | 7.07     |
| ratio_min             | 0.307    |
| ret_avg               | 0.58     |
| ret_max               | 2.71     |
| ret_med               | 0.61     |
| ret_min               | -1.4     |
| ret_var               | 1.09     |
------------------------------------
------------------------------------
| action_max            | 14       |
| action_min            | 0        |
| adv_avg               | -1.45    |
| adv_max               | -0.475   |
| adv_med               | -1.43    |
| adv_min               | -2.89    |
| adv_var               | 0.0711   |
| clipfrac              | 0        |
| curr_lr               | 0.0293   |
| entropy               | 0.612    |
| eplenmean             | 216      |
| eprewmean             | 18       |
| fps                   | 2.33e+03 |
| grad_norm             | 0.905    |
| kl                    | 0.0132   |
| loss_pi               | -0.0475  |
| loss_v                | 0.0159   |
| lr                    | 0.0293   |
| misc/nupdates         | 529      |
| misc/serial_timesteps | 2.17e+06 |
| misc/time_elapsed     | 924      |
| misc/total_timesteps  | 2.17e+06 |
| ratio_max             | 5.01     |
| ratio_min             | 0.397    |
| ret_avg               | 0.585    |
| ret_max               | 3.5      |
| ret_med               | 0.626    |
| ret_min               | -1.4     |
| ret_var               | 1.03     |
------------------------------------
------------------------------------
| action_max            | 14       |
| action_min            | 0        |
| adv_avg               | -1.45    |
| adv_max               | -0.462   |
| adv_med               | -1.43    |
| adv_min               | -3.37    |
| adv_var               | 0.0649   |
| clipfrac              | 0        |
| curr_lr               | 0.0293   |
| entropy               | 0.58     |
| eplenmean             | 221      |
| eprewmean             | 18.3     |
| fps                   | 2.37e+03 |
| grad_norm             | 1.12     |
| kl                    | 0.00747  |
| loss_pi               | -0.0819  |
| loss_v                | 0.0168   |
| lr                    | 0.0293   |
| misc/nupdates         | 539      |
| misc/serial_timesteps | 2.21e+06 |
| misc/time_elapsed     | 942      |
| misc/total_timesteps  | 2.21e+06 |
| ratio_max             | 1.84     |
| ratio_min             | 0.39     |
| ret_avg               | 0.603    |
| ret_max               | 3.23     |
| ret_med               | 0.595    |
| ret_min               | -1.4     |
| ret_var               | 1.07     |
------------------------------------
------------------------------------
| action_max            | 14       |
| action_min            | 0        |
| adv_avg               | -1.39    |
| adv_max               | -0.522   |
| adv_med               | -1.37    |
| adv_min               | -3.09    |
| adv_var               | 0.0488   |
| clipfrac              | 0        |
| curr_lr               | 0.0293   |
| entropy               | 0.55     |
| eplenmean             | 235      |
| eprewmean             | 18.8     |
| fps                   | 2.35e+03 |
| grad_norm             | 1.02     |
| kl                    | 0.0093   |
| loss_pi               | -0.103   |
| loss_v                | 0.0116   |
| lr                    | 0.0293   |
| misc/nupdates         | 549      |
| misc/serial_timesteps | 2.25e+06 |
| misc/time_elapsed     | 959      |
| misc/total_timesteps  | 2.25e+06 |
| ratio_max             | 1.55     |
| ratio_min             | 0.393    |
| ret_avg               | 0.472    |
| ret_max               | 2.88     |
| ret_med               | 0.448    |
| ret_min               | -1.41    |
| ret_var               | 1.03     |
------------------------------------
------------------------------------
| action_max            | 14       |
| action_min            | 0        |
| adv_avg               | -1.4     |
| adv_max               | -0.566   |
| adv_med               | -1.37    |
| adv_min               | -2.7     |
| adv_var               | 0.0472   |
| clipfrac              | 0        |
| curr_lr               | 0.0293   |
| entropy               | 0.818    |
| eplenmean             | 233      |
| eprewmean             | 18.4     |
| fps                   | 2.33e+03 |
| grad_norm             | 0.579    |
| kl                    | 0.0168   |
| loss_pi               | -0.0836  |
| loss_v                | 0.0065   |
| lr                    | 0.0293   |
| misc/nupdates         | 559      |
| misc/serial_timesteps | 2.29e+06 |
| misc/time_elapsed     | 976      |
| misc/total_timesteps  | 2.29e+06 |
| ratio_max             | 2.5      |
| ratio_min             | 0.302    |
| ret_avg               | 0.111    |
| ret_max               | 2.39     |
| ret_med               | -0.107   |
| ret_min               | -1.49    |
| ret_var               | 0.952    |
------------------------------------
------------------------------------
| action_max            | 14       |
| action_min            | 0        |
| adv_avg               | -1.43    |
| adv_max               | -0.298   |
| adv_med               | -1.4     |
| adv_min               | -3.45    |
| adv_var               | 0.067    |
| clipfrac              | 0        |
| curr_lr               | 0.0293   |
| entropy               | 0.729    |
| eplenmean             | 225      |
| eprewmean             | 18.5     |
| fps                   | 2.33e+03 |
| grad_norm             | 0.81     |
| kl                    | 0.02     |
| loss_pi               | -0.0721  |
| loss_v                | 0.0157   |
| lr                    | 0.0293   |
| misc/nupdates         | 569      |
| misc/serial_timesteps | 2.33e+06 |
| misc/time_elapsed     | 994      |
| misc/total_timesteps  | 2.33e+06 |
| ratio_max             | 2.59     |
| ratio_min             | 0.155    |
| ret_avg               | 0.282    |
| ret_max               | 2.73     |
| ret_med               | 0.27     |
| ret_min               | -1.48    |
| ret_var               | 1.01     |
------------------------------------
------------------------------------
| action_max            | 14       |
| action_min            | 0        |
| adv_avg               | -1.42    |
| adv_max               | -0.601   |
| adv_med               | -1.39    |
| adv_min               | -2.81    |
| adv_var               | 0.0519   |
| clipfrac              | 0        |
| curr_lr               | 0.0293   |
| entropy               | 0.637    |
| eplenmean             | 236      |
| eprewmean             | 19.1     |
| fps                   | 2.36e+03 |
| grad_norm             | 0.693    |
| kl                    | 0.00998  |
| loss_pi               | -0.111   |
| loss_v                | 0.00852  |
| lr                    | 0.0293   |
| misc/nupdates         | 579      |
| misc/serial_timesteps | 2.38e+06 |
| misc/time_elapsed     | 1.01e+03 |
| misc/total_timesteps  | 2.38e+06 |
| ratio_max             | 2.71     |
| ratio_min             | 0.541    |
| ret_avg               | 0.325    |
| ret_max               | 2.88     |
| ret_med               | 0.233    |
| ret_min               | -1.42    |
| ret_var               | 1.07     |
------------------------------------
------------------------------------
| action_max            | 14       |
| action_min            | 0        |
| adv_avg               | -1.43    |
| adv_max               | -0.549   |
| adv_med               | -1.4     |
| adv_min               | -3.15    |
| adv_var               | 0.0695   |
| clipfrac              | 0        |
| curr_lr               | 0.0293   |
| entropy               | 0.719    |
| eplenmean             | 245      |
| eprewmean             | 19.4     |
| fps                   | 2.3e+03  |
| grad_norm             | 0.841    |
| kl                    | 0.0261   |
| loss_pi               | -0.0994  |
| loss_v                | 0.0124   |
| lr                    | 0.0293   |
| misc/nupdates         | 589      |
| misc/serial_timesteps | 2.42e+06 |
| misc/time_elapsed     | 1.03e+03 |
| misc/total_timesteps  | 2.42e+06 |
| ratio_max             | 2.47     |
| ratio_min             | 0.1      |
| ret_avg               | 0.382    |
| ret_max               | 2.93     |
| ret_med               | 0.249    |
| ret_min               | -1.43    |
| ret_var               | 0.938    |
------------------------------------
------------------------------------
| action_max            | 14       |
| action_min            | 0        |
| adv_avg               | -1.43    |
| adv_max               | -0.423   |
| adv_med               | -1.41    |
| adv_min               | -3.36    |
| adv_var               | 0.051    |
| clipfrac              | 0        |
| curr_lr               | 0.0293   |
| entropy               | 0.667    |
| eplenmean             | 241      |
| eprewmean             | 20       |
| fps                   | 2.4e+03  |
| grad_norm             | 0.596    |
| kl                    | 0.00966  |
| loss_pi               | -0.0312  |
| loss_v                | 0.00724  |
| lr                    | 0.0293   |
| misc/nupdates         | 599      |
| misc/serial_timesteps | 2.46e+06 |
| misc/time_elapsed     | 1.05e+03 |
| misc/total_timesteps  | 2.46e+06 |
| ratio_max             | 1.6      |
| ratio_min             | 0.524    |
| ret_avg               | 0.415    |
| ret_max               | 3.3      |
| ret_med               | 0.413    |
| ret_min               | -1.49    |
| ret_var               | 1.17     |
------------------------------------
------------------------------------
| action_max            | 14       |
| action_min            | 0        |
| adv_avg               | -1.44    |
| adv_max               | -0.42    |
| adv_med               | -1.41    |
| adv_min               | -2.84    |
| adv_var               | 0.0627   |
| clipfrac              | 0        |
| curr_lr               | 0.0439   |
| entropy               | 0.728    |
| eplenmean             | 238      |
| eprewmean             | 18.7     |
| fps                   | 2.37e+03 |
| grad_norm             | 0.933    |
| kl                    | 0.0146   |
| loss_pi               | -0.0694  |
| loss_v                | 0.0131   |
| lr                    | 0.0439   |
| misc/nupdates         | 609      |
| misc/serial_timesteps | 2.5e+06  |
| misc/time_elapsed     | 1.06e+03 |
| misc/total_timesteps  | 2.5e+06  |
| ratio_max             | 2.94     |
| ratio_min             | 0.392    |
| ret_avg               | 0.28     |
| ret_max               | 2.75     |
| ret_med               | 0.149    |
| ret_min               | -1.43    |
| ret_var               | 1.09     |
------------------------------------
------------------------------------
| action_max            | 14       |
| action_min            | 0        |
| adv_avg               | -1.42    |
| adv_max               | -0.718   |
| adv_med               | -1.39    |
| adv_min               | -2.79    |
| adv_var               | 0.0539   |
| clipfrac              | 0        |
| curr_lr               | 0.0439   |
| entropy               | 0.801    |
| eplenmean             | 225      |
| eprewmean             | 19.2     |
| fps                   | 2.33e+03 |
| grad_norm             | 0.81     |
| kl                    | 0.0251   |
| loss_pi               | -0.0924  |
| loss_v                | 0.0113   |
| lr                    | 0.0439   |
| misc/nupdates         | 619      |
| misc/serial_timesteps | 2.54e+06 |
| misc/time_elapsed     | 1.08e+03 |
| misc/total_timesteps  | 2.54e+06 |
| ratio_max             | 2.23     |
| ratio_min             | 0.246    |
| ret_avg               | 0.0727   |
| ret_max               | 2.3      |
| ret_med               | 0.0708   |
| ret_min               | -1.44    |
| ret_var               | 0.682    |
------------------------------------
------------------------------------
| action_max            | 14       |
| action_min            | 0        |
| adv_avg               | -1.44    |
| adv_max               | -0.488   |
| adv_med               | -1.42    |
| adv_min               | -3.05    |
| adv_var               | 0.0623   |
| clipfrac              | 0        |
| curr_lr               | 0.0195   |
| entropy               | 0.761    |
| eplenmean             | 222      |
| eprewmean             | 17.2     |
| fps                   | 2.41e+03 |
| grad_norm             | 0.389    |
| kl                    | 0.0185   |
| loss_pi               | -0.0681  |
| loss_v                | 0.0088   |
| lr                    | 0.0195   |
| misc/nupdates         | 629      |
| misc/serial_timesteps | 2.58e+06 |
| misc/time_elapsed     | 1.1e+03  |
| misc/total_timesteps  | 2.58e+06 |
| ratio_max             | 2.85     |
| ratio_min             | 0.263    |
| ret_avg               | 0.0877   |
| ret_max               | 2.82     |
| ret_med               | -0.0576  |
| ret_min               | -1.5     |
| ret_var               | 0.798    |
------------------------------------
------------------------------------
| action_max            | 14       |
| action_min            | 0        |
| adv_avg               | -1.44    |
| adv_max               | -0.51    |
| adv_med               | -1.42    |
| adv_min               | -2.91    |
| adv_var               | 0.0531   |
| clipfrac              | 0        |
| curr_lr               | 0.0195   |
| entropy               | 0.716    |
| eplenmean             | 234      |
| eprewmean             | 18       |
| fps                   | 2.34e+03 |
| grad_norm             | 0.424    |
| kl                    | 0.0135   |
| loss_pi               | -0.0467  |
| loss_v                | 0.00661  |
| lr                    | 0.0195   |
| misc/nupdates         | 639      |
| misc/serial_timesteps | 2.62e+06 |
| misc/time_elapsed     | 1.12e+03 |
| misc/total_timesteps  | 2.62e+06 |
| ratio_max             | 1.66     |
| ratio_min             | 0.448    |
| ret_avg               | 0.34     |
| ret_max               | 3.04     |
| ret_med               | 0.147    |
| ret_min               | -1.44    |
| ret_var               | 1.05     |
------------------------------------
------------------------------------
| action_max            | 14       |
| action_min            | 0        |
| adv_avg               | -1.46    |
| adv_max               | -0.395   |
| adv_med               | -1.44    |
| adv_min               | -3.27    |
| adv_var               | 0.0562   |
| clipfrac              | 0        |
| curr_lr               | 0.0195   |
| entropy               | 0.585    |
| eplenmean             | 220      |
| eprewmean             | 18.2     |
| fps                   | 2.32e+03 |
| grad_norm             | 0.899    |
| kl                    | 0.0123   |
| loss_pi               | -0.0407  |
| loss_v                | 0.0135   |
| lr                    | 0.0195   |
| misc/nupdates         | 649      |
| misc/serial_timesteps | 2.66e+06 |
| misc/time_elapsed     | 1.13e+03 |
| misc/total_timesteps  | 2.66e+06 |
| ratio_max             | 2.23     |
| ratio_min             | 0.43     |
| ret_avg               | 0.366    |
| ret_max               | 3.07     |
| ret_med               | 0.345    |
| ret_min               | -1.45    |
| ret_var               | 0.904    |
------------------------------------
------------------------------------
| action_max            | 14       |
| action_min            | 0        |
| adv_avg               | -1.46    |
| adv_max               | -0.682   |
| adv_med               | -1.44    |
| adv_min               | -2.82    |
| adv_var               | 0.0464   |
| clipfrac              | 0        |
| curr_lr               | 0.0195   |
| entropy               | 0.541    |
| eplenmean             | 239      |
| eprewmean             | 19.9     |
| fps                   | 2.33e+03 |
| grad_norm             | 0.61     |
| kl                    | 0.00883  |
| loss_pi               | -0.0996  |
| loss_v                | 0.00977  |
| lr                    | 0.0195   |
| misc/nupdates         | 659      |
| misc/serial_timesteps | 2.7e+06  |
| misc/time_elapsed     | 1.15e+03 |
| misc/total_timesteps  | 2.7e+06  |
| ratio_max             | 2.29     |
| ratio_min             | 0.486    |
| ret_avg               | 0.44     |
| ret_max               | 3.12     |
| ret_med               | 0.377    |
| ret_min               | -1.45    |
| ret_var               | 1.08     |
------------------------------------
------------------------------------
| action_max            | 14       |
| action_min            | 0        |
| adv_avg               | -1.5     |
| adv_max               | -0.744   |
| adv_med               | -1.46    |
| adv_min               | -3.12    |
| adv_var               | 0.0572   |
| clipfrac              | 0        |
| curr_lr               | 0.0293   |
| entropy               | 0.523    |
| eplenmean             | 251      |
| eprewmean             | 21.2     |
| fps                   | 2.33e+03 |
| grad_norm             | 1.27     |
| kl                    | 0.0102   |
| loss_pi               | -0.0827  |
| loss_v                | 0.0153   |
| lr                    | 0.0293   |
| misc/nupdates         | 669      |
| misc/serial_timesteps | 2.74e+06 |
| misc/time_elapsed     | 1.17e+03 |
| misc/total_timesteps  | 2.74e+06 |
| ratio_max             | 4.41     |
| ratio_min             | 0.266    |
| ret_avg               | 0.613    |
| ret_max               | 3.77     |
| ret_med               | 0.687    |
| ret_min               | -1.45    |
| ret_var               | 1.4      |
------------------------------------
------------------------------------
| action_max            | 14       |
| action_min            | 0        |
| adv_avg               | -1.48    |
| adv_max               | -0.67    |
| adv_med               | -1.46    |
| adv_min               | -3.69    |
| adv_var               | 0.0764   |
| clipfrac              | 0        |
| curr_lr               | 0.0293   |
| entropy               | 0.567    |
| eplenmean             | 237      |
| eprewmean             | 19.2     |
| fps                   | 2.34e+03 |
| grad_norm             | 1.19     |
| kl                    | 0.016    |
| loss_pi               | -0.0344  |
| loss_v                | 0.0172   |
| lr                    | 0.0293   |
| misc/nupdates         | 679      |
| misc/serial_timesteps | 2.79e+06 |
| misc/time_elapsed     | 1.19e+03 |
| misc/total_timesteps  | 2.79e+06 |
| ratio_max             | 4.05     |
| ratio_min             | 0.391    |
| ret_avg               | 0.795    |
| ret_max               | 3.37     |
| ret_med               | 0.831    |
| ret_min               | -1.45    |
| ret_var               | 1.3      |
------------------------------------
------------------------------------
| action_max            | 14       |
| action_min            | 0        |
| adv_avg               | -1.49    |
| adv_max               | -0.465   |
| adv_med               | -1.46    |
| adv_min               | -3.43    |
| adv_var               | 0.0755   |
| clipfrac              | 0        |
| curr_lr               | 0.0293   |
| entropy               | 0.613    |
| eplenmean             | 235      |
| eprewmean             | 19.6     |
| fps                   | 2.35e+03 |
| grad_norm             | 0.5      |
| kl                    | 0.015    |
| loss_pi               | -0.0711  |
| loss_v                | 0.00981  |
| lr                    | 0.0293   |
| misc/nupdates         | 689      |
| misc/serial_timesteps | 2.83e+06 |
| misc/time_elapsed     | 1.2e+03  |
| misc/total_timesteps  | 2.83e+06 |
| ratio_max             | 1.9      |
| ratio_min             | 0.31     |
| ret_avg               | 0.617    |
| ret_max               | 3.48     |
| ret_med               | 0.535    |
| ret_min               | -1.45    |
| ret_var               | 1.25     |
------------------------------------
------------------------------------
| action_max            | 14       |
| action_min            | 0        |
| adv_avg               | -1.49    |
| adv_max               | -0.497   |
| adv_med               | -1.47    |
| adv_min               | -3.11    |
| adv_var               | 0.0494   |
| clipfrac              | 0        |
| curr_lr               | 0.0195   |
| entropy               | 0.512    |
| eplenmean             | 240      |
| eprewmean             | 19.5     |
| fps                   | 2.34e+03 |
| grad_norm             | 0.743    |
| kl                    | 0.00961  |
| loss_pi               | -0.0804  |
| loss_v                | 0.00602  |
| lr                    | 0.0195   |
| misc/nupdates         | 699      |
| misc/serial_timesteps | 2.87e+06 |
| misc/time_elapsed     | 1.22e+03 |
| misc/total_timesteps  | 2.87e+06 |
| ratio_max             | 1.79     |
| ratio_min             | 0.435    |
| ret_avg               | 0.67     |
| ret_max               | 3.16     |
| ret_med               | 0.714    |
| ret_min               | -1.46    |
| ret_var               | 1.24     |
------------------------------------
------------------------------------
| action_max            | 14       |
| action_min            | 0        |
| adv_avg               | -1.52    |
| adv_max               | -0.41    |
| adv_med               | -1.48    |
| adv_min               | -3.6     |
| adv_var               | 0.0879   |
| clipfrac              | 0        |
| curr_lr               | 0.0195   |
| entropy               | 0.561    |
| eplenmean             | 249      |
| eprewmean             | 20.6     |
| fps                   | 2.4e+03  |
| grad_norm             | 0.448    |
| kl                    | 0.012    |
| loss_pi               | -0.0382  |
| loss_v                | 0.0107   |
| lr                    | 0.0195   |
| misc/nupdates         | 709      |
| misc/serial_timesteps | 2.91e+06 |
| misc/time_elapsed     | 1.24e+03 |
| misc/total_timesteps  | 2.91e+06 |
| ratio_max             | 1.76     |
| ratio_min             | 0.272    |
| ret_avg               | 0.615    |
| ret_max               | 3.22     |
| ret_med               | 0.559    |
| ret_min               | -1.46    |
| ret_var               | 1.38     |
------------------------------------
------------------------------------
| action_max            | 14       |
| action_min            | 0        |
| adv_avg               | -1.48    |
| adv_max               | -0.11    |
| adv_med               | -1.46    |
| adv_min               | -3.08    |
| adv_var               | 0.0722   |
| clipfrac              | 0        |
| curr_lr               | 0.0195   |
| entropy               | 0.521    |
| eplenmean             | 251      |
| eprewmean             | 20.7     |
| fps                   | 2.25e+03 |
| grad_norm             | 0.911    |
| kl                    | 0.00935  |
| loss_pi               | -0.0653  |
| loss_v                | 0.016    |
| lr                    | 0.0195   |
| misc/nupdates         | 719      |
| misc/serial_timesteps | 2.95e+06 |
| misc/time_elapsed     | 1.25e+03 |
| misc/total_timesteps  | 2.95e+06 |
| ratio_max             | 2.17     |
| ratio_min             | 0.618    |
| ret_avg               | 0.811    |
| ret_max               | 3.17     |
| ret_med               | 0.651    |
| ret_min               | -1.46    |
| ret_var               | 1.46     |
------------------------------------
------------------------------------
| action_max            | 14       |
| action_min            | 0        |
| adv_avg               | -1.46    |
| adv_max               | -0.584   |
| adv_med               | -1.45    |
| adv_min               | -2.97    |
| adv_var               | 0.0727   |
| clipfrac              | 0        |
| curr_lr               | 0.0195   |
| entropy               | 0.458    |
| eplenmean             | 262      |
| eprewmean             | 21.7     |
| fps                   | 2.35e+03 |
| grad_norm             | 0.785    |
| kl                    | 0.00548  |
| loss_pi               | -0.0308  |
| loss_v                | 0.0106   |
| lr                    | 0.0195   |
| misc/nupdates         | 729      |
| misc/serial_timesteps | 2.99e+06 |
| misc/time_elapsed     | 1.27e+03 |
| misc/total_timesteps  | 2.99e+06 |
| ratio_max             | 1.53     |
| ratio_min             | 0.563    |
| ret_avg               | 1.02     |
| ret_max               | 3.31     |
| ret_med               | 1.15     |
| ret_min               | -1.46    |
| ret_var               | 1.37     |
------------------------------------
------------------------------------
| action_max            | 14       |
| action_min            | 0        |
| adv_avg               | -1.47    |
| adv_max               | -0.485   |
| adv_med               | -1.45    |
| adv_min               | -3.04    |
| adv_var               | 0.0609   |
| clipfrac              | 0        |
| curr_lr               | 0.0195   |
| entropy               | 0.514    |
| eplenmean             | 253      |
| eprewmean             | 20.7     |
| fps                   | 2.33e+03 |
| grad_norm             | 0.703    |
| kl                    | 0.0151   |
| loss_pi               | -0.102   |
| loss_v                | 0.0112   |
| lr                    | 0.0195   |
| misc/nupdates         | 739      |
| misc/serial_timesteps | 3.03e+06 |
| misc/time_elapsed     | 1.29e+03 |
| misc/total_timesteps  | 3.03e+06 |
| ratio_max             | 1.82     |
| ratio_min             | 0.357    |
| ret_avg               | 0.689    |
| ret_max               | 3.18     |
| ret_med               | 0.622    |
| ret_min               | -1.46    |
| ret_var               | 1.19     |
------------------------------------
------------------------------------
| action_max            | 14       |
| action_min            | 0        |
| adv_avg               | -1.49    |
| adv_max               | -0.331   |
| adv_med               | -1.47    |
| adv_min               | -3.46    |
| adv_var               | 0.0733   |
| clipfrac              | 0        |
| curr_lr               | 0.0195   |
| entropy               | 0.601    |
| eplenmean             | 258      |
| eprewmean             | 21.3     |
| fps                   | 2.34e+03 |
| grad_norm             | 0.691    |
| kl                    | 0.0128   |
| loss_pi               | -0.0751  |
| loss_v                | 0.0131   |
| lr                    | 0.0195   |
| misc/nupdates         | 749      |
| misc/serial_timesteps | 3.07e+06 |
| misc/time_elapsed     | 1.31e+03 |
| misc/total_timesteps  | 3.07e+06 |
| ratio_max             | 1.87     |
| ratio_min             | 0.227    |
| ret_avg               | 0.572    |
| ret_max               | 3.17     |
| ret_med               | 0.477    |
| ret_min               | -1.47    |
| ret_var               | 1.08     |
------------------------------------
------------------------------------
| action_max            | 14       |
| action_min            | 0        |
| adv_avg               | -1.48    |
| adv_max               | -0.0937  |
| adv_med               | -1.47    |
| adv_min               | -3.58    |
| adv_var               | 0.0774   |
| clipfrac              | 0        |
| curr_lr               | 0.0293   |
| entropy               | 0.626    |
| eplenmean             | 264      |
| eprewmean             | 21.5     |
| fps                   | 2.35e+03 |
| grad_norm             | 0.527    |
| kl                    | 0.0171   |
| loss_pi               | -0.0593  |
| loss_v                | 0.00952  |
| lr                    | 0.0293   |
| misc/nupdates         | 759      |
| misc/serial_timesteps | 3.11e+06 |
| misc/time_elapsed     | 1.32e+03 |
| misc/total_timesteps  | 3.11e+06 |
| ratio_max             | 2.37     |
| ratio_min             | 0.369    |
| ret_avg               | 0.609    |
| ret_max               | 3.34     |
| ret_med               | 0.369    |
| ret_min               | -1.47    |
| ret_var               | 1.21     |
------------------------------------
------------------------------------
| action_max            | 14       |
| action_min            | 0        |
| adv_avg               | -1.45    |
| adv_max               | -0.306   |
| adv_med               | -1.42    |
| adv_min               | -3.08    |
| adv_var               | 0.0767   |
| clipfrac              | 0        |
| curr_lr               | 0.0293   |
| entropy               | 0.673    |
| eplenmean             | 278      |
| eprewmean             | 23       |
| fps                   | 2.33e+03 |
| grad_norm             | 0.798    |
| kl                    | 0.0199   |
| loss_pi               | -0.0504  |
| loss_v                | 0.0121   |
| lr                    | 0.0293   |
| misc/nupdates         | 769      |
| misc/serial_timesteps | 3.15e+06 |
| misc/time_elapsed     | 1.34e+03 |
| misc/total_timesteps  | 3.15e+06 |
| ratio_max             | 3.17     |
| ratio_min             | 0.393    |
| ret_avg               | 0.343    |
| ret_max               | 2.75     |
| ret_med               | 0.148    |
| ret_min               | -1.47    |
| ret_var               | 0.92     |
------------------------------------
------------------------------------
| action_max            | 14       |
| action_min            | 0        |
| adv_avg               | -1.47    |
| adv_max               | -0.456   |
| adv_med               | -1.46    |
| adv_min               | -2.89    |
| adv_var               | 0.0569   |
| clipfrac              | 0        |
| curr_lr               | 0.0293   |
| entropy               | 0.569    |
| eplenmean             | 276      |
| eprewmean             | 22.8     |
| fps                   | 2.3e+03  |
| grad_norm             | 0.839    |
| kl                    | 0.0146   |
| loss_pi               | -0.0734  |
| loss_v                | 0.00968  |
| lr                    | 0.0293   |
| misc/nupdates         | 779      |
| misc/serial_timesteps | 3.19e+06 |
| misc/time_elapsed     | 1.36e+03 |
| misc/total_timesteps  | 3.19e+06 |
| ratio_max             | 2.16     |
| ratio_min             | 0.295    |
| ret_avg               | 0.607    |
| ret_max               | 3.41     |
| ret_med               | 0.427    |
| ret_min               | -1.47    |
| ret_var               | 1.1      |
------------------------------------
------------------------------------
| action_max            | 14       |
| action_min            | 0        |
| adv_avg               | -1.48    |
| adv_max               | 0.023    |
| adv_med               | -1.46    |
| adv_min               | -4.61    |
| adv_var               | 0.085    |
| clipfrac              | 0        |
| curr_lr               | 0.0293   |
| entropy               | 0.588    |
| eplenmean             | 278      |
| eprewmean             | 22.5     |
| fps                   | 2.37e+03 |
| grad_norm             | 0.696    |
| kl                    | 0.025    |
| loss_pi               | -0.0573  |
| loss_v                | 0.0109   |
| lr                    | 0.0293   |
| misc/nupdates         | 789      |
| misc/serial_timesteps | 3.24e+06 |
| misc/time_elapsed     | 1.38e+03 |
| misc/total_timesteps  | 3.24e+06 |
| ratio_max             | 2.32     |
| ratio_min             | 0.1      |
| ret_avg               | 0.666    |
| ret_max               | 3.05     |
| ret_med               | 0.578    |
| ret_min               | -1.48    |
| ret_var               | 1.37     |
------------------------------------
------------------------------------
| action_max            | 14       |
| action_min            | 0        |
| adv_avg               | -1.54    |
| adv_max               | -0.525   |
| adv_med               | -1.48    |
| adv_min               | -3.11    |
| adv_var               | 0.0768   |
| clipfrac              | 0        |
| curr_lr               | 0.0293   |
| entropy               | 0.686    |
| eplenmean             | 270      |
| eprewmean             | 22.4     |
| fps                   | 2.34e+03 |
| grad_norm             | 1        |
| kl                    | 0.0163   |
| loss_pi               | -0.0812  |
| loss_v                | 0.0157   |
| lr                    | 0.0293   |
| misc/nupdates         | 799      |
| misc/serial_timesteps | 3.28e+06 |
| misc/time_elapsed     | 1.39e+03 |
| misc/total_timesteps  | 3.28e+06 |
| ratio_max             | 1.68     |
| ratio_min             | 0.189    |
| ret_avg               | 0.398    |
| ret_max               | 3.12     |
| ret_med               | 0.216    |
| ret_min               | -1.47    |
| ret_var               | 1.33     |
------------------------------------
------------------------------------
| action_max            | 14       |
| action_min            | 0        |
| adv_avg               | -1.5     |
| adv_max               | -0.191   |
| adv_med               | -1.45    |
| adv_min               | -4.08    |
| adv_var               | 0.0818   |
| clipfrac              | 0        |
| curr_lr               | 0.0293   |
| entropy               | 0.495    |
| eplenmean             | 260      |
| eprewmean             | 22.7     |
| fps                   | 2.36e+03 |
| grad_norm             | 0.895    |
| kl                    | 0.017    |
| loss_pi               | -0.0255  |
| loss_v                | 0.0193   |
| lr                    | 0.0293   |
| misc/nupdates         | 809      |
| misc/serial_timesteps | 3.32e+06 |
| misc/time_elapsed     | 1.41e+03 |
| misc/total_timesteps  | 3.32e+06 |
| ratio_max             | 2.1      |
| ratio_min             | 0.168    |
| ret_avg               | 0.67     |
| ret_max               | 3.05     |
| ret_med               | 0.703    |
| ret_min               | -1.53    |
| ret_var               | 1.01     |
------------------------------------
------------------------------------
| action_max            | 14       |
| action_min            | 0        |
| adv_avg               | -1.51    |
| adv_max               | -0.109   |
| adv_med               | -1.49    |
| adv_min               | -4.03    |
| adv_var               | 0.0714   |
| clipfrac              | 0        |
| curr_lr               | 0.0293   |
| entropy               | 0.533    |
| eplenmean             | 254      |
| eprewmean             | 21.5     |
| fps                   | 2.34e+03 |
| grad_norm             | 0.762    |
| kl                    | 0.0111   |
| loss_pi               | -0.0664  |
| loss_v                | 0.0106   |
| lr                    | 0.0293   |
| misc/nupdates         | 819      |
| misc/serial_timesteps | 3.36e+06 |
| misc/time_elapsed     | 1.43e+03 |
| misc/total_timesteps  | 3.36e+06 |
| ratio_max             | 3.45     |
| ratio_min             | 0.429    |
| ret_avg               | 0.677    |
| ret_max               | 3.15     |
| ret_med               | 0.747    |
| ret_min               | -1.48    |
| ret_var               | 1.06     |
------------------------------------
------------------------------------
| action_max            | 14       |
| action_min            | 0        |
| adv_avg               | -1.45    |
| adv_max               | -0.648   |
| adv_med               | -1.43    |
| adv_min               | -2.82    |
| adv_var               | 0.0483   |
| clipfrac              | 0        |
| curr_lr               | 0.0293   |
| entropy               | 0.534    |
| eplenmean             | 277      |
| eprewmean             | 23       |
| fps                   | 2.35e+03 |
| grad_norm             | 1.03     |
| kl                    | 0.0193   |
| loss_pi               | -0.101   |
| loss_v                | 0.0101   |
| lr                    | 0.0293   |
| misc/nupdates         | 829      |
| misc/serial_timesteps | 3.4e+06  |
| misc/time_elapsed     | 1.45e+03 |
| misc/total_timesteps  | 3.4e+06  |
| ratio_max             | 1.84     |
| ratio_min             | 0.224    |
| ret_avg               | 0.402    |
| ret_max               | 2.79     |
| ret_med               | 0.441    |
| ret_min               | -1.48    |
| ret_var               | 0.931    |
------------------------------------
------------------------------------
| action_max            | 14       |
| action_min            | 0        |
| adv_avg               | -1.49    |
| adv_max               | -0.414   |
| adv_med               | -1.47    |
| adv_min               | -2.85    |
| adv_var               | 0.0531   |
| clipfrac              | 0        |
| curr_lr               | 0.0293   |
| entropy               | 0.521    |
| eplenmean             | 241      |
| eprewmean             | 19.5     |
| fps                   | 2.4e+03  |
| grad_norm             | 0.981    |
| kl                    | 0.0149   |
| loss_pi               | -0.102   |
| loss_v                | 0.00954  |
| lr                    | 0.0293   |
| misc/nupdates         | 839      |
| misc/serial_timesteps | 3.44e+06 |
| misc/time_elapsed     | 1.46e+03 |
| misc/total_timesteps  | 3.44e+06 |
| ratio_max             | 2.31     |
| ratio_min             | 0.171    |
| ret_avg               | 0.44     |
| ret_max               | 2.7      |
| ret_med               | 0.424    |
| ret_min               | -1.49    |
| ret_var               | 1.01     |
------------------------------------
------------------------------------
| action_max            | 14       |
| action_min            | 0        |
| adv_avg               | -1.46    |
| adv_max               | -0.514   |
| adv_med               | -1.44    |
| adv_min               | -4.5     |
| adv_var               | 0.0714   |
| clipfrac              | 0        |
| curr_lr               | 0.0293   |
| entropy               | 0.586    |
| eplenmean             | 241      |
| eprewmean             | 19.4     |
| fps                   | 2.39e+03 |
| grad_norm             | 0.986    |
| kl                    | 0.012    |
| loss_pi               | -0.0536  |
| loss_v                | 0.0106   |
| lr                    | 0.0293   |
| misc/nupdates         | 849      |
| misc/serial_timesteps | 3.48e+06 |
| misc/time_elapsed     | 1.48e+03 |
| misc/total_timesteps  | 3.48e+06 |
| ratio_max             | 1.75     |
| ratio_min             | 0.414    |
| ret_avg               | 0.493    |
| ret_max               | 2.75     |
| ret_med               | 0.553    |
| ret_min               | -1.49    |
| ret_var               | 0.882    |
------------------------------------
------------------------------------
| action_max            | 14       |
| action_min            | 0        |
| adv_avg               | -1.49    |
| adv_max               | -0.393   |
| adv_med               | -1.46    |
| adv_min               | -3.28    |
| adv_var               | 0.0639   |
| clipfrac              | 0        |
| curr_lr               | 0.0293   |
| entropy               | 0.597    |
| eplenmean             | 265      |
| eprewmean             | 22.8     |
| fps                   | 2.39e+03 |
| grad_norm             | 0.596    |
| kl                    | 0.0141   |
| loss_pi               | -0.0912  |
| loss_v                | 0.00766  |
| lr                    | 0.0293   |
| misc/nupdates         | 859      |
| misc/serial_timesteps | 3.52e+06 |
| misc/time_elapsed     | 1.5e+03  |
| misc/total_timesteps  | 3.52e+06 |
| ratio_max             | 2        |
| ratio_min             | 0.326    |
| ret_avg               | 0.417    |
| ret_max               | 2.73     |
| ret_med               | 0.302    |
| ret_min               | -1.61    |
| ret_var               | 1.15     |
------------------------------------
------------------------------------
| action_max            | 14       |
| action_min            | 0        |
| adv_avg               | -1.53    |
| adv_max               | -0.752   |
| adv_med               | -1.47    |
| adv_min               | -4.4     |
| adv_var               | 0.0845   |
| clipfrac              | 0        |
| curr_lr               | 0.0293   |
| entropy               | 0.503    |
| eplenmean             | 271      |
| eprewmean             | 22.6     |
| fps                   | 2.35e+03 |
| grad_norm             | 0.776    |
| kl                    | 0.0166   |
| loss_pi               | -0.109   |
| loss_v                | 0.0165   |
| lr                    | 0.0293   |
| misc/nupdates         | 869      |
| misc/serial_timesteps | 3.56e+06 |
| misc/time_elapsed     | 1.52e+03 |
| misc/total_timesteps  | 3.56e+06 |
| ratio_max             | 3.81     |
| ratio_min             | 0.35     |
| ret_avg               | 0.695    |
| ret_max               | 2.59     |
| ret_med               | 0.786    |
| ret_min               | -1.5     |
| ret_var               | 1.1      |
------------------------------------
------------------------------------
| action_max            | 14       |
| action_min            | 0        |
| adv_avg               | -1.51    |
| adv_max               | -0.342   |
| adv_med               | -1.47    |
| adv_min               | -3.65    |
| adv_var               | 0.0947   |
| clipfrac              | 0        |
| curr_lr               | 0.0293   |
| entropy               | 0.545    |
| eplenmean             | 281      |
| eprewmean             | 23.7     |
| fps                   | 2.33e+03 |
| grad_norm             | 1.21     |
| kl                    | 0.0149   |
| loss_pi               | -0.034   |
| loss_v                | 0.021    |
| lr                    | 0.0293   |
| misc/nupdates         | 879      |
| misc/serial_timesteps | 3.6e+06  |
| misc/time_elapsed     | 1.53e+03 |
| misc/total_timesteps  | 3.6e+06  |
| ratio_max             | 3.99     |
| ratio_min             | 0.3      |
| ret_avg               | 0.709    |
| ret_max               | 2.83     |
| ret_med               | 0.522    |
| ret_min               | -1.5     |
| ret_var               | 1.05     |
------------------------------------
------------------------------------
| action_max            | 14       |
| action_min            | 0        |
| adv_avg               | -1.51    |
| adv_max               | -0.665   |
| adv_med               | -1.47    |
| adv_min               | -2.94    |
| adv_var               | 0.0512   |
| clipfrac              | 0        |
| curr_lr               | 0.0293   |
| entropy               | 0.616    |
| eplenmean             | 274      |
| eprewmean             | 23.3     |
| fps                   | 2.35e+03 |
| grad_norm             | 0.885    |
| kl                    | 0.0131   |
| loss_pi               | -0.0931  |
| loss_v                | 0.00591  |
| lr                    | 0.0293   |
| misc/nupdates         | 889      |
| misc/serial_timesteps | 3.65e+06 |
| misc/time_elapsed     | 1.55e+03 |
| misc/total_timesteps  | 3.65e+06 |
| ratio_max             | 2.08     |
| ratio_min             | 0.318    |
| ret_avg               | 0.337    |
| ret_max               | 2.75     |
| ret_med               | 0.153    |
| ret_min               | -1.51    |
| ret_var               | 1.17     |
------------------------------------
------------------------------------
| action_max            | 14       |
| action_min            | 0        |
| adv_avg               | -1.51    |
| adv_max               | -0.655   |
| adv_med               | -1.49    |
| adv_min               | -3.41    |
| adv_var               | 0.0472   |
| clipfrac              | 0        |
| curr_lr               | 0.0293   |
| entropy               | 0.51     |
| eplenmean             | 264      |
| eprewmean             | 22.2     |
| fps                   | 2.33e+03 |
| grad_norm             | 0.937    |
| kl                    | 0.0122   |
| loss_pi               | -0.115   |
| loss_v                | 0.00777  |
| lr                    | 0.0293   |
| misc/nupdates         | 899      |
| misc/serial_timesteps | 3.69e+06 |
| misc/time_elapsed     | 1.57e+03 |
| misc/total_timesteps  | 3.69e+06 |
| ratio_max             | 1.85     |
| ratio_min             | 0.405    |
| ret_avg               | 0.341    |
| ret_max               | 2.57     |
| ret_med               | 0.24     |
| ret_min               | -1.57    |
| ret_var               | 0.974    |
------------------------------------
------------------------------------
| action_max            | 14       |
| action_min            | 0        |
| adv_avg               | -1.5     |
| adv_max               | -0.841   |
| adv_med               | -1.47    |
| adv_min               | -2.95    |
| adv_var               | 0.0491   |
| clipfrac              | 0        |
| curr_lr               | 0.0293   |
| entropy               | 0.523    |
| eplenmean             | 289      |
| eprewmean             | 23.5     |
| fps                   | 2.38e+03 |
| grad_norm             | 1.03     |
| kl                    | 0.00609  |
| loss_pi               | -0.133   |
| loss_v                | 0.00872  |
| lr                    | 0.0293   |
| misc/nupdates         | 909      |
| misc/serial_timesteps | 3.73e+06 |
| misc/time_elapsed     | 1.59e+03 |
| misc/total_timesteps  | 3.73e+06 |
| ratio_max             | 1.88     |
| ratio_min             | 0.547    |
| ret_avg               | 0.725    |
| ret_max               | 2.74     |
| ret_med               | 0.771    |
| ret_min               | -1.51    |
| ret_var               | 1.14     |
------------------------------------
------------------------------------
| action_max            | 14       |
| action_min            | 0        |
| adv_avg               | -1.53    |
| adv_max               | -0.582   |
| adv_med               | -1.49    |
| adv_min               | -3.31    |
| adv_var               | 0.0691   |
| clipfrac              | 0        |
| curr_lr               | 0.0293   |
| entropy               | 0.542    |
| eplenmean             | 272      |
| eprewmean             | 21.3     |
| fps                   | 2.35e+03 |
| grad_norm             | 1.07     |
| kl                    | 0.0124   |
| loss_pi               | -0.0206  |
| loss_v                | 0.0159   |
| lr                    | 0.0293   |
| misc/nupdates         | 919      |
| misc/serial_timesteps | 3.77e+06 |
| misc/time_elapsed     | 1.6e+03  |
| misc/total_timesteps  | 3.77e+06 |
| ratio_max             | 3.41     |
| ratio_min             | 0.474    |
| ret_avg               | 0.585    |
| ret_max               | 3.13     |
| ret_med               | 0.538    |
| ret_min               | -1.51    |
| ret_var               | 1.2      |
------------------------------------
------------------------------------
| action_max            | 14       |
| action_min            | 0        |
| adv_avg               | -1.54    |
| adv_max               | -0.412   |
| adv_med               | -1.53    |
| adv_min               | -3.86    |
| adv_var               | 0.0939   |
| clipfrac              | 0        |
| curr_lr               | 0.0439   |
| entropy               | 0.741    |
| eplenmean             | 245      |
| eprewmean             | 19.9     |
| fps                   | 2.35e+03 |
| grad_norm             | 0.666    |
| kl                    | 0.032    |
| loss_pi               | -0.00878 |
| loss_v                | 0.0163   |
| lr                    | 0.0439   |
| misc/nupdates         | 929      |
| misc/serial_timesteps | 3.81e+06 |
| misc/time_elapsed     | 1.62e+03 |
| misc/total_timesteps  | 3.81e+06 |
| ratio_max             | 2.92     |
| ratio_min             | 0.25     |
| ret_avg               | 0.199    |
| ret_max               | 3.02     |
| ret_med               | 0.195    |
| ret_min               | -1.52    |
| ret_var               | 0.898    |
------------------------------------
------------------------------------
| action_max            | 14       |
| action_min            | 0        |
| adv_avg               | -1.52    |
| adv_max               | -0.809   |
| adv_med               | -1.48    |
| adv_min               | -4.93    |
| adv_var               | 0.0783   |
| clipfrac              | 0        |
| curr_lr               | 0.0439   |
| entropy               | 0.646    |
| eplenmean             | 270      |
| eprewmean             | 21.5     |
| fps                   | 2.34e+03 |
| grad_norm             | 1.05     |
| kl                    | 0.0394   |
| loss_pi               | -0.103   |
| loss_v                | 0.00733  |
| lr                    | 0.0439   |
| misc/nupdates         | 939      |
| misc/serial_timesteps | 3.85e+06 |
| misc/time_elapsed     | 1.64e+03 |
| misc/total_timesteps  | 3.85e+06 |
| ratio_max             | 1.95     |
| ratio_min             | 0.1      |
| ret_avg               | 0.519    |
| ret_max               | 3.12     |
| ret_med               | 0.551    |
| ret_min               | -1.58    |
| ret_var               | 0.841    |
------------------------------------
------------------------------------
| action_max            | 14       |
| action_min            | 0        |
| adv_avg               | -1.5     |
| adv_max               | -0.498   |
| adv_med               | -1.48    |
| adv_min               | -3       |
| adv_var               | 0.0508   |
| clipfrac              | 0        |
| curr_lr               | 0.0293   |
| entropy               | 0.586    |
| eplenmean             | 264      |
| eprewmean             | 21.6     |
| fps                   | 2.37e+03 |
| grad_norm             | 0.865    |
| kl                    | 0.0215   |
| loss_pi               | -0.0971  |
| loss_v                | 0.00743  |
| lr                    | 0.0293   |
| misc/nupdates         | 949      |
| misc/serial_timesteps | 3.89e+06 |
| misc/time_elapsed     | 1.66e+03 |
| misc/total_timesteps  | 3.89e+06 |
| ratio_max             | 3.43     |
| ratio_min             | 0.257    |
| ret_avg               | 0.438    |
| ret_max               | 2.54     |
| ret_med               | 0.421    |
| ret_min               | -1.52    |
| ret_var               | 0.92     |
------------------------------------
------------------------------------
| action_max            | 14       |
| action_min            | 0        |
| adv_avg               | -1.49    |
| adv_max               | -0.588   |
| adv_med               | -1.47    |
| adv_min               | -2.59    |
| adv_var               | 0.0393   |
| clipfrac              | 0        |
| curr_lr               | 0.0293   |
| entropy               | 0.575    |
| eplenmean             | 247      |
| eprewmean             | 20.1     |
| fps                   | 2.36e+03 |
| grad_norm             | 0.931    |
| kl                    | 0.0182   |
| loss_pi               | -0.0499  |
| loss_v                | 0.00717  |
| lr                    | 0.0293   |
| misc/nupdates         | 959      |
| misc/serial_timesteps | 3.93e+06 |
| misc/time_elapsed     | 1.67e+03 |
| misc/total_timesteps  | 3.93e+06 |
| ratio_max             | 3.76     |
| ratio_min             | 0.395    |
| ret_avg               | 0.303    |
| ret_max               | 2.65     |
| ret_med               | 0.331    |
| ret_min               | -1.53    |
| ret_var               | 1        |
------------------------------------
------------------------------------
| action_max            | 14       |
| action_min            | 0        |
| adv_avg               | -1.52    |
| adv_max               | -0.573   |
| adv_med               | -1.49    |
| adv_min               | -3.56    |
| adv_var               | 0.08     |
| clipfrac              | 0        |
| curr_lr               | 0.0293   |
| entropy               | 0.499    |
| eplenmean             | 257      |
| eprewmean             | 21.2     |
| fps                   | 2.35e+03 |
| grad_norm             | 0.791    |
| kl                    | 0.00891  |
| loss_pi               | -0.091   |
| loss_v                | 0.0162   |
| lr                    | 0.0293   |
| misc/nupdates         | 969      |
| misc/serial_timesteps | 3.97e+06 |
| misc/time_elapsed     | 1.69e+03 |
| misc/total_timesteps  | 3.97e+06 |
| ratio_max             | 2.37     |
| ratio_min             | 0.356    |
| ret_avg               | 0.671    |
| ret_max               | 3.16     |
| ret_med               | 0.733    |
| ret_min               | -1.52    |
| ret_var               | 1.02     |
------------------------------------
------------------------------------
| action_max            | 14       |
| action_min            | 0        |
| adv_avg               | -1.53    |
| adv_max               | -0.719   |
| adv_med               | -1.48    |
| adv_min               | -3.78    |
| adv_var               | 0.0814   |
| clipfrac              | 0        |
| curr_lr               | 0.0293   |
| entropy               | 0.521    |
| eplenmean             | 259      |
| eprewmean             | 21.6     |
| fps                   | 2.34e+03 |
| grad_norm             | 1.15     |
| kl                    | 0.0176   |
| loss_pi               | -0.0826  |
| loss_v                | 0.011    |
| lr                    | 0.0293   |
| misc/nupdates         | 979      |
| misc/serial_timesteps | 4.01e+06 |
| misc/time_elapsed     | 1.71e+03 |
| misc/total_timesteps  | 4.01e+06 |
| ratio_max             | 2.77     |
| ratio_min             | 0.22     |
| ret_avg               | 0.611    |
| ret_max               | 3.1      |
| ret_med               | 0.749    |
| ret_min               | -1.73    |
| ret_var               | 1.15     |
------------------------------------
------------------------------------
| action_max            | 14       |
| action_min            | 0        |
| adv_avg               | -1.52    |
| adv_max               | -0.654   |
| adv_med               | -1.5     |
| adv_min               | -3.82    |
| adv_var               | 0.0616   |
| clipfrac              | 0        |
| curr_lr               | 0.0293   |
| entropy               | 0.573    |
| eplenmean             | 274      |
| eprewmean             | 23.2     |
| fps                   | 2.35e+03 |
| grad_norm             | 0.961    |
| kl                    | 0.00919  |
| loss_pi               | -0.0472  |
| loss_v                | 0.013    |
| lr                    | 0.0293   |
| misc/nupdates         | 989      |
| misc/serial_timesteps | 4.06e+06 |
| misc/time_elapsed     | 1.73e+03 |
| misc/total_timesteps  | 4.06e+06 |
| ratio_max             | 2.24     |
| ratio_min             | 0.567    |
| ret_avg               | 0.696    |
| ret_max               | 3.34     |
| ret_med               | 0.566    |
| ret_min               | -1.52    |
| ret_var               | 1.05     |
------------------------------------
------------------------------------
| action_max            | 14       |
| action_min            | 0        |
| adv_avg               | -1.56    |
| adv_max               | -0.811   |
| adv_med               | -1.52    |
| adv_min               | -3.59    |
| adv_var               | 0.0622   |
| clipfrac              | 0        |
| curr_lr               | 0.0293   |
| entropy               | 0.562    |
| eplenmean             | 262      |
| eprewmean             | 21.7     |
| fps                   | 2.36e+03 |
| grad_norm             | 1.21     |
| kl                    | 0.00956  |
| loss_pi               | -0.117   |
| loss_v                | 0.0146   |
| lr                    | 0.0293   |
| misc/nupdates         | 999      |
| misc/serial_timesteps | 4.1e+06  |
| misc/time_elapsed     | 1.74e+03 |
| misc/total_timesteps  | 4.1e+06  |
| ratio_max             | 2.35     |
| ratio_min             | 0.448    |
| ret_avg               | 0.583    |
| ret_max               | 2.59     |
| ret_med               | 0.714    |
| ret_min               | -1.52    |
| ret_var               | 1.1      |
------------------------------------
------------------------------------
| action_max            | 14       |
| action_min            | 0        |
| adv_avg               | -1.5     |
| adv_max               | -0.536   |
| adv_med               | -1.49    |
| adv_min               | -2.86    |
| adv_var               | 0.0511   |
| clipfrac              | 0        |
| curr_lr               | 0.0439   |
| entropy               | 0.558    |
| eplenmean             | 279      |
| eprewmean             | 24       |
| fps                   | 2.33e+03 |
| grad_norm             | 1.6      |
| kl                    | 0.0107   |
| loss_pi               | -0.0689  |
| loss_v                | 0.0162   |
| lr                    | 0.0439   |
| misc/nupdates         | 1.01e+03 |
| misc/serial_timesteps | 4.14e+06 |
| misc/time_elapsed     | 1.76e+03 |
| misc/total_timesteps  | 4.14e+06 |
| ratio_max             | 1.71     |
| ratio_min             | 0.455    |
| ret_avg               | 0.462    |
| ret_max               | 2.87     |
| ret_med               | 0.369    |
| ret_min               | -1.53    |
| ret_var               | 0.944    |
------------------------------------
------------------------------------
| action_max            | 14       |
| action_min            | 0        |
| adv_avg               | -1.5     |
| adv_max               | -0.808   |
| adv_med               | -1.48    |
| adv_min               | -3.22    |
| adv_var               | 0.0612   |
| clipfrac              | 0        |
| curr_lr               | 0.0439   |
| entropy               | 0.75     |
| eplenmean             | 222      |
| eprewmean             | 18.5     |
| fps                   | 2.34e+03 |
| grad_norm             | 1.13     |
| kl                    | 0.0293   |
| loss_pi               | -0.0948  |
| loss_v                | 0.0116   |
| lr                    | 0.0439   |
| misc/nupdates         | 1.02e+03 |
| misc/serial_timesteps | 4.18e+06 |
| misc/time_elapsed     | 1.78e+03 |
| misc/total_timesteps  | 4.18e+06 |
| ratio_max             | 6.06     |
| ratio_min             | 0.216    |
| ret_avg               | 0.109    |
| ret_max               | 2.4      |
| ret_med               | -0.0511  |
| ret_min               | -1.54    |
| ret_var               | 0.919    |
------------------------------------
------------------------------------
| action_max            | 14       |
| action_min            | 0        |
| adv_avg               | -1.54    |
| adv_max               | -0.494   |
| adv_med               | -1.51    |
| adv_min               | -3.75    |
| adv_var               | 0.0737   |
| clipfrac              | 0        |
| curr_lr               | 0.0195   |
| entropy               | 0.65     |
| eplenmean             | 248      |
| eprewmean             | 20.5     |
| fps                   | 2.36e+03 |
| grad_norm             | 0.396    |
| kl                    | 0.0119   |
| loss_pi               | -0.0651  |
| loss_v                | 0.0081   |
| lr                    | 0.0195   |
| misc/nupdates         | 1.03e+03 |
| misc/serial_timesteps | 4.22e+06 |
| misc/time_elapsed     | 1.79e+03 |
| misc/total_timesteps  | 4.22e+06 |
| ratio_max             | 1.99     |
| ratio_min             | 0.352    |
| ret_avg               | 0.17     |
| ret_max               | 2.57     |
| ret_med               | 0.176    |
| ret_min               | -1.53    |
| ret_var               | 0.894    |
------------------------------------
------------------------------------
| action_max            | 14       |
| action_min            | 0        |
| adv_avg               | -1.55    |
| adv_max               | -0.501   |
| adv_med               | -1.52    |
| adv_min               | -3.24    |
| adv_var               | 0.0685   |
| clipfrac              | 0        |
| curr_lr               | 0.0195   |
| entropy               | 0.56     |
| eplenmean             | 260      |
| eprewmean             | 21.9     |
| fps                   | 2.34e+03 |
| grad_norm             | 0.539    |
| kl                    | 0.0114   |
| loss_pi               | -0.0609  |
| loss_v                | 0.00762  |
| lr                    | 0.0195   |
| misc/nupdates         | 1.04e+03 |
| misc/serial_timesteps | 4.26e+06 |
| misc/time_elapsed     | 1.81e+03 |
| misc/total_timesteps  | 4.26e+06 |
| ratio_max             | 1.64     |
| ratio_min             | 0.144    |
| ret_avg               | 0.377    |
| ret_max               | 2.87     |
| ret_med               | 0.256    |
| ret_min               | -1.53    |
| ret_var               | 1.09     |
------------------------------------
------------------------------------
| action_max            | 14       |
| action_min            | 0        |
| adv_avg               | -1.52    |
| adv_max               | -0.66    |
| adv_med               | -1.5     |
| adv_min               | -3.2     |
| adv_var               | 0.0498   |
| clipfrac              | 0        |
| curr_lr               | 0.0195   |
| entropy               | 0.553    |
| eplenmean             | 281      |
| eprewmean             | 22.7     |
| fps                   | 2.33e+03 |
| grad_norm             | 0.487    |
| kl                    | 0.0166   |
| loss_pi               | -0.0266  |
| loss_v                | 0.00678  |
| lr                    | 0.0195   |
| misc/nupdates         | 1.05e+03 |
| misc/serial_timesteps | 4.3e+06  |
| misc/time_elapsed     | 1.83e+03 |
| misc/total_timesteps  | 4.3e+06  |
| ratio_max             | 1.6      |
| ratio_min             | 0.293    |
| ret_avg               | 0.485    |
| ret_max               | 3        |
| ret_med               | 0.266    |
| ret_min               | -1.61    |
| ret_var               | 1.05     |
------------------------------------
------------------------------------
| action_max            | 14       |
| action_min            | 0        |
| adv_avg               | -1.56    |
| adv_max               | -0.84    |
| adv_med               | -1.55    |
| adv_min               | -2.71    |
| adv_var               | 0.0391   |
| clipfrac              | 0        |
| curr_lr               | 0.0293   |
| entropy               | 0.556    |
| eplenmean             | 281      |
| eprewmean             | 23       |
| fps                   | 2.33e+03 |
| grad_norm             | 1.05     |
| kl                    | 0.00884  |
| loss_pi               | -0.0901  |
| loss_v                | 0.00709  |
| lr                    | 0.0293   |
| misc/nupdates         | 1.06e+03 |
| misc/serial_timesteps | 4.34e+06 |
| misc/time_elapsed     | 1.85e+03 |
| misc/total_timesteps  | 4.34e+06 |
| ratio_max             | 2.49     |
| ratio_min             | 0.493    |
| ret_avg               | 0.545    |
| ret_max               | 3.1      |
| ret_med               | 0.393    |
| ret_min               | -1.53    |
| ret_var               | 1.69     |
------------------------------------
------------------------------------
| action_max            | 14       |
| action_min            | 0        |
| adv_avg               | -1.56    |
| adv_max               | -0.614   |
| adv_med               | -1.54    |
| adv_min               | -3       |
| adv_var               | 0.0481   |
| clipfrac              | 0        |
| curr_lr               | 0.0293   |
| entropy               | 0.508    |
| eplenmean             | 287      |
| eprewmean             | 24.2     |
| fps                   | 2.42e+03 |
| grad_norm             | 1.07     |
| kl                    | 0.00861  |
| loss_pi               | -0.0938  |
| loss_v                | 0.00773  |
| lr                    | 0.0293   |
| misc/nupdates         | 1.07e+03 |
| misc/serial_timesteps | 4.38e+06 |
| misc/time_elapsed     | 1.86e+03 |
| misc/total_timesteps  | 4.38e+06 |
| ratio_max             | 4.31     |
| ratio_min             | 0.328    |
| ret_avg               | 1.01     |
| ret_max               | 3.62     |
| ret_med               | 1.07     |
| ret_min               | -1.53    |
| ret_var               | 1.53     |
------------------------------------
------------------------------------
| action_max            | 14       |
| action_min            | 0        |
| adv_avg               | -1.54    |
| adv_max               | -0.636   |
| adv_med               | -1.54    |
| adv_min               | -3.24    |
| adv_var               | 0.0484   |
| clipfrac              | 0        |
| curr_lr               | 0.0293   |
| entropy               | 0.575    |
| eplenmean             | 300      |
| eprewmean             | 24       |
| fps                   | 2.4e+03  |
| grad_norm             | 0.824    |
| kl                    | 0.011    |
| loss_pi               | -0.0369  |
| loss_v                | 0.00727  |
| lr                    | 0.0293   |
| misc/nupdates         | 1.08e+03 |
| misc/serial_timesteps | 4.42e+06 |
| misc/time_elapsed     | 1.88e+03 |
| misc/total_timesteps  | 4.42e+06 |
| ratio_max             | 1.77     |
| ratio_min             | 0.464    |
| ret_avg               | 0.563    |
| ret_max               | 3.23     |
| ret_med               | 0.335    |
| ret_min               | -1.53    |
| ret_var               | 1.11     |
------------------------------------
------------------------------------
| action_max            | 14       |
| action_min            | 0        |
| adv_avg               | -1.53    |
| adv_max               | -0.583   |
| adv_med               | -1.51    |
| adv_min               | -3.25    |
| adv_var               | 0.073    |
| clipfrac              | 0        |
| curr_lr               | 0.0293   |
| entropy               | 0.631    |
| eplenmean             | 278      |
| eprewmean             | 21.8     |
| fps                   | 2.42e+03 |
| grad_norm             | 0.7      |
| kl                    | 0.0284   |
| loss_pi               | -0.0913  |
| loss_v                | 0.0101   |
| lr                    | 0.0293   |
| misc/nupdates         | 1.09e+03 |
| misc/serial_timesteps | 4.46e+06 |
| misc/time_elapsed     | 1.9e+03  |
| misc/total_timesteps  | 4.46e+06 |
| ratio_max             | 3.17     |
| ratio_min             | 0.198    |
| ret_avg               | 0.507    |
| ret_max               | 3.5      |
| ret_med               | 0.309    |
| ret_min               | -1.53    |
| ret_var               | 1.12     |
------------------------------------
------------------------------------
| action_max            | 14       |
| action_min            | 0        |
| adv_avg               | -1.56    |
| adv_max               | -0.88    |
| adv_med               | -1.52    |
| adv_min               | -3.72    |
| adv_var               | 0.058    |
| clipfrac              | 0        |
| curr_lr               | 0.0293   |
| entropy               | 0.47     |
| eplenmean             | 301      |
| eprewmean             | 24.8     |
| fps                   | 2.33e+03 |
| grad_norm             | 0.707    |
| kl                    | 0.00867  |
| loss_pi               | -0.0635  |
| loss_v                | 0.0084   |
| lr                    | 0.0293   |
| misc/nupdates         | 1.1e+03  |
| misc/serial_timesteps | 4.51e+06 |
| misc/time_elapsed     | 1.92e+03 |
| misc/total_timesteps  | 4.51e+06 |
| ratio_max             | 1.61     |
| ratio_min             | 0.574    |
| ret_avg               | 0.795    |
| ret_max               | 3.25     |
| ret_med               | 0.924    |
| ret_min               | -1.55    |
| ret_var               | 1.44     |
------------------------------------
------------------------------------
| action_max            | 14       |
| action_min            | 0        |
| adv_avg               | -1.53    |
| adv_max               | -0.543   |
| adv_med               | -1.52    |
| adv_min               | -2.64    |
| adv_var               | 0.0392   |
| clipfrac              | 0        |
| curr_lr               | 0.0293   |
| entropy               | 0.506    |
| eplenmean             | 279      |
| eprewmean             | 23.5     |
| fps                   | 2.34e+03 |
| grad_norm             | 0.888    |
| kl                    | 0.00961  |
| loss_pi               | -0.0853  |
| loss_v                | 0.00714  |
| lr                    | 0.0293   |
| misc/nupdates         | 1.11e+03 |
| misc/serial_timesteps | 4.55e+06 |
| misc/time_elapsed     | 1.93e+03 |
| misc/total_timesteps  | 4.55e+06 |
| ratio_max             | 2.89     |
| ratio_min             | 0.424    |
| ret_avg               | 0.562    |
| ret_max               | 3.04     |
| ret_med               | 0.583    |
| ret_min               | -1.54    |
| ret_var               | 1.38     |
------------------------------------
------------------------------------
| action_max            | 14       |
| action_min            | 0        |
| adv_avg               | -1.58    |
| adv_max               | -0.908   |
| adv_med               | -1.53    |
| adv_min               | -4.34    |
| adv_var               | 0.0954   |
| clipfrac              | 0        |
| curr_lr               | 0.0293   |
| entropy               | 0.596    |
| eplenmean             | 277      |
| eprewmean             | 22.9     |
| fps                   | 2.37e+03 |
| grad_norm             | 1.12     |
| kl                    | 0.0153   |
| loss_pi               | -0.0901  |
| loss_v                | 0.0146   |
| lr                    | 0.0293   |
| misc/nupdates         | 1.12e+03 |
| misc/serial_timesteps | 4.59e+06 |
| misc/time_elapsed     | 1.95e+03 |
| misc/total_timesteps  | 4.59e+06 |
| ratio_max             | 2.63     |
| ratio_min             | 0.409    |
| ret_avg               | 0.656    |
| ret_max               | 3.17     |
| ret_med               | 0.649    |
| ret_min               | -1.54    |
| ret_var               | 1.1      |
------------------------------------
------------------------------------
| action_max            | 14       |
| action_min            | 0        |
| adv_avg               | -1.54    |
| adv_max               | -0.617   |
| adv_med               | -1.5     |
| adv_min               | -4.13    |
| adv_var               | 0.0733   |
| clipfrac              | 0        |
| curr_lr               | 0.0293   |
| entropy               | 0.512    |
| eplenmean             | 297      |
| eprewmean             | 24.8     |
| fps                   | 2.32e+03 |
| grad_norm             | 0.495    |
| kl                    | 0.0266   |
| loss_pi               | -0.0918  |
| loss_v                | 0.00728  |
| lr                    | 0.0293   |
| misc/nupdates         | 1.13e+03 |
| misc/serial_timesteps | 4.63e+06 |
| misc/time_elapsed     | 1.97e+03 |
| misc/total_timesteps  | 4.63e+06 |
| ratio_max             | 2.77     |
| ratio_min             | 0.1      |
| ret_avg               | 0.507    |
| ret_max               | 2.85     |
| ret_med               | 0.554    |
| ret_min               | -1.54    |
| ret_var               | 1.13     |
------------------------------------
------------------------------------
| action_max            | 14       |
| action_min            | 0        |
| adv_avg               | -1.56    |
| adv_max               | 0.000218 |
| adv_med               | -1.54    |
| adv_min               | -3.63    |
| adv_var               | 0.0538   |
| clipfrac              | 0        |
| curr_lr               | 0.0293   |
| entropy               | 0.7      |
| eplenmean             | 272      |
| eprewmean             | 22.1     |
| fps                   | 2.34e+03 |
| grad_norm             | 0.413    |
| kl                    | 0.0183   |
| loss_pi               | -0.097   |
| loss_v                | 0.00673  |
| lr                    | 0.0293   |
| misc/nupdates         | 1.14e+03 |
| misc/serial_timesteps | 4.67e+06 |
| misc/time_elapsed     | 1.99e+03 |
| misc/total_timesteps  | 4.67e+06 |
| ratio_max             | 2.1      |
| ratio_min             | 0.27     |
| ret_avg               | 0.125    |
| ret_max               | 3.05     |
| ret_med               | 0.0238   |
| ret_min               | -1.54    |
| ret_var               | 1.02     |
------------------------------------
------------------------------------
| action_max            | 14       |
| action_min            | 0        |
| adv_avg               | -1.58    |
| adv_max               | -0.358   |
| adv_med               | -1.54    |
| adv_min               | -3.72    |
| adv_var               | 0.0692   |
| clipfrac              | 0        |
| curr_lr               | 0.0195   |
| entropy               | 0.552    |
| eplenmean             | 282      |
| eprewmean             | 23.4     |
| fps                   | 2.37e+03 |
| grad_norm             | 0.436    |
| kl                    | 0.0203   |
| loss_pi               | -0.0826  |
| loss_v                | 0.00725  |
| lr                    | 0.0195   |
| misc/nupdates         | 1.15e+03 |
| misc/serial_timesteps | 4.71e+06 |
| misc/time_elapsed     | 2e+03    |
| misc/total_timesteps  | 4.71e+06 |
| ratio_max             | 2.21     |
| ratio_min             | 0.371    |
| ret_avg               | 0.478    |
| ret_max               | 3.51     |
| ret_med               | 0.449    |
| ret_min               | -1.54    |
| ret_var               | 1.25     |
------------------------------------
------------------------------------
| action_max            | 14       |
| action_min            | 0        |
| adv_avg               | -1.57    |
| adv_max               | -0.514   |
| adv_med               | -1.54    |
| adv_min               | -3.41    |
| adv_var               | 0.0543   |
| clipfrac              | 0        |
| curr_lr               | 0.0195   |
| entropy               | 0.502    |
| eplenmean             | 281      |
| eprewmean             | 23       |
| fps                   | 2.41e+03 |
| grad_norm             | 0.43     |
| kl                    | 0.00857  |
| loss_pi               | -0.0591  |
| loss_v                | 0.00605  |
| lr                    | 0.0195   |
| misc/nupdates         | 1.16e+03 |
| misc/serial_timesteps | 4.75e+06 |
| misc/time_elapsed     | 2.02e+03 |
| misc/total_timesteps  | 4.75e+06 |
| ratio_max             | 1.63     |
| ratio_min             | 0.38     |
| ret_avg               | 0.726    |
| ret_max               | 3.1      |
| ret_med               | 0.665    |
| ret_min               | -1.54    |
| ret_var               | 1.46     |
------------------------------------
------------------------------------
| action_max            | 14       |
| action_min            | 0        |
| adv_avg               | -1.55    |
| adv_max               | -0.364   |
| adv_med               | -1.54    |
| adv_min               | -3.92    |
| adv_var               | 0.0689   |
| clipfrac              | 0        |
| curr_lr               | 0.0195   |
| entropy               | 0.445    |
| eplenmean             | 278      |
| eprewmean             | 23.3     |
| fps                   | 2.34e+03 |
| grad_norm             | 0.5      |
| kl                    | 0.0124   |
| loss_pi               | -0.107   |
| loss_v                | 0.00814  |
| lr                    | 0.0195   |
| misc/nupdates         | 1.17e+03 |
| misc/serial_timesteps | 4.79e+06 |
| misc/time_elapsed     | 2.04e+03 |
| misc/total_timesteps  | 4.79e+06 |
| ratio_max             | 2.32     |
| ratio_min             | 0.451    |
| ret_avg               | 0.701    |
| ret_max               | 3.63     |
| ret_med               | 0.162    |
| ret_min               | -1.55    |
| ret_var               | 2.03     |
------------------------------------
------------------------------------
| action_max            | 14       |
| action_min            | 0        |
| adv_avg               | -1.55    |
| adv_max               | -0.825   |
| adv_med               | -1.54    |
| adv_min               | -2.79    |
| adv_var               | 0.044    |
| clipfrac              | 0        |
| curr_lr               | 0.0195   |
| entropy               | 0.533    |
| eplenmean             | 300      |
| eprewmean             | 24.8     |
| fps                   | 2.24e+03 |
| grad_norm             | 0.39     |
| kl                    | 0.0164   |
| loss_pi               | -0.0679  |
| loss_v                | 0.00572  |
| lr                    | 0.0195   |
| misc/nupdates         | 1.18e+03 |
| misc/serial_timesteps | 4.83e+06 |
| misc/time_elapsed     | 2.06e+03 |
| misc/total_timesteps  | 4.83e+06 |
| ratio_max             | 2.33     |
| ratio_min             | 0.322    |
| ret_avg               | 0.387    |
| ret_max               | 3.77     |
| ret_med               | 0.226    |
| ret_min               | -1.54    |
| ret_var               | 1.25     |
------------------------------------
------------------------------------
| action_max            | 14       |
| action_min            | 0        |
| adv_avg               | -1.57    |
| adv_max               | -0.286   |
| adv_med               | -1.55    |
| adv_min               | -4.23    |
| adv_var               | 0.0742   |
| clipfrac              | 0        |
| curr_lr               | 0.0195   |
| entropy               | 0.531    |
| eplenmean             | 283      |
| eprewmean             | 23.6     |
| fps                   | 2.33e+03 |
| grad_norm             | 0.73     |
| kl                    | 0.00937  |
| loss_pi               | -0.0797  |
| loss_v                | 0.0106   |
| lr                    | 0.0195   |
| misc/nupdates         | 1.19e+03 |
| misc/serial_timesteps | 4.87e+06 |
| misc/time_elapsed     | 2.07e+03 |
| misc/total_timesteps  | 4.87e+06 |
| ratio_max             | 1.51     |
| ratio_min             | 0.482    |
| ret_avg               | 0.781    |
| ret_max               | 3.68     |
| ret_med               | 0.631    |
| ret_min               | -1.54    |
| ret_var               | 1.53     |
------------------------------------
------------------------------------
| action_max            | 14       |
| action_min            | 0        |
| adv_avg               | -1.57    |
| adv_max               | -0.723   |
| adv_med               | -1.54    |
| adv_min               | -2.98    |
| adv_var               | 0.0466   |
| clipfrac              | 0        |
| curr_lr               | 0.0195   |
| entropy               | 0.48     |
| eplenmean             | 302      |
| eprewmean             | 24.9     |
| fps                   | 2.39e+03 |
| grad_norm             | 0.802    |
| kl                    | 0.00874  |
| loss_pi               | -0.0871  |
| loss_v                | 0.00633  |
| lr                    | 0.0195   |
| misc/nupdates         | 1.2e+03  |
| misc/serial_timesteps | 4.92e+06 |
| misc/time_elapsed     | 2.09e+03 |
| misc/total_timesteps  | 4.92e+06 |
| ratio_max             | 2.15     |
| ratio_min             | 0.446    |
| ret_avg               | 0.588    |
| ret_max               | 3.49     |
| ret_med               | 0.35     |
| ret_min               | -1.54    |
| ret_var               | 1.61     |
------------------------------------
------------------------------------
| action_max            | 14       |
| action_min            | 0        |
| adv_avg               | -1.57    |
| adv_max               | -0.65    |
| adv_med               | -1.53    |
| adv_min               | -4.29    |
| adv_var               | 0.0688   |
| clipfrac              | 0        |
| curr_lr               | 0.0195   |
| entropy               | 0.544    |
| eplenmean             | 295      |
| eprewmean             | 24.2     |
| fps                   | 2.37e+03 |
| grad_norm             | 0.548    |
| kl                    | 0.015    |
| loss_pi               | -0.0991  |
| loss_v                | 0.00758  |
| lr                    | 0.0195   |
| misc/nupdates         | 1.21e+03 |
| misc/serial_timesteps | 4.96e+06 |
| misc/time_elapsed     | 2.11e+03 |
| misc/total_timesteps  | 4.96e+06 |
| ratio_max             | 2.12     |
| ratio_min             | 0.36     |
| ret_avg               | 0.292    |
| ret_max               | 2.77     |
| ret_med               | 0.189    |
| ret_min               | -1.54    |
| ret_var               | 1.12     |
------------------------------------
------------------------------------
| action_max            | 14       |
| action_min            | 0        |
| adv_avg               | -1.57    |
| adv_max               | -0.753   |
| adv_med               | -1.54    |
| adv_min               | -3.7     |
| adv_var               | 0.0614   |
| clipfrac              | 0        |
| curr_lr               | 0.0293   |
| entropy               | 0.566    |
| eplenmean             | 313      |
| eprewmean             | 26.2     |
| fps                   | 2.34e+03 |
| grad_norm             | 0.792    |
| kl                    | 0.0209   |
| loss_pi               | -0.0871  |
| loss_v                | 0.00948  |
| lr                    | 0.0293   |
| misc/nupdates         | 1.22e+03 |
| misc/serial_timesteps | 5e+06    |
| misc/time_elapsed     | 2.13e+03 |
| misc/total_timesteps  | 5e+06    |
| ratio_max             | 3.16     |
| ratio_min             | 0.126    |
| ret_avg               | 0.57     |
| ret_max               | 3.98     |
| ret_med               | 0.592    |
| ret_min               | -1.54    |
| ret_var               | 1.21     |
------------------------------------
------------------------------------
| action_max            | 14       |
| action_min            | 0        |
| adv_avg               | -1.6     |
| adv_max               | -0.831   |
| adv_med               | -1.56    |
| adv_min               | -2.79    |
| adv_var               | 0.0447   |
| clipfrac              | 0        |
| curr_lr               | 0.0293   |
| entropy               | 0.466    |
| eplenmean             | 288      |
| eprewmean             | 24.5     |
| fps                   | 2.33e+03 |
| grad_norm             | 1.23     |
| kl                    | 0.00628  |
| loss_pi               | -0.0849  |
| loss_v                | 0.00824  |
| lr                    | 0.0293   |
| misc/nupdates         | 1.23e+03 |
| misc/serial_timesteps | 5.04e+06 |
| misc/time_elapsed     | 2.14e+03 |
| misc/total_timesteps  | 5.04e+06 |
| ratio_max             | 1.68     |
| ratio_min             | 0.397    |
| ret_avg               | 0.94     |
| ret_max               | 3.98     |
| ret_med               | 0.878    |
| ret_min               | -1.54    |
| ret_var               | 2.03     |
------------------------------------
------------------------------------
| action_max            | 14       |
| action_min            | 0        |
| adv_avg               | -1.57    |
| adv_max               | -0.627   |
| adv_med               | -1.55    |
| adv_min               | -3.95    |
| adv_var               | 0.0486   |
| clipfrac              | 0        |
| curr_lr               | 0.0293   |
| entropy               | 0.482    |
| eplenmean             | 273      |
| eprewmean             | 22.5     |
| fps                   | 2.38e+03 |
| grad_norm             | 0.98     |
| kl                    | 0.011    |
| loss_pi               | -0.103   |
| loss_v                | 0.00668  |
| lr                    | 0.0293   |
| misc/nupdates         | 1.24e+03 |
| misc/serial_timesteps | 5.08e+06 |
| misc/time_elapsed     | 2.16e+03 |
| misc/total_timesteps  | 5.08e+06 |
| ratio_max             | 2.54     |
| ratio_min             | 0.307    |
| ret_avg               | 0.873    |
| ret_max               | 4.14     |
| ret_med               | 0.741    |
| ret_min               | -1.54    |
| ret_var               | 1.88     |
------------------------------------
------------------------------------
| action_max            | 14       |
| action_min            | 0        |
| adv_avg               | -1.64    |
| adv_max               | -0.684   |
| adv_med               | -1.57    |
| adv_min               | -4.24    |
| adv_var               | 0.11     |
| clipfrac              | 0        |
| curr_lr               | 0.0293   |
| entropy               | 0.568    |
| eplenmean             | 280      |
| eprewmean             | 24.7     |
| fps                   | 2.34e+03 |
| grad_norm             | 0.689    |
| kl                    | 0.0365   |
| loss_pi               | -0.105   |
| loss_v                | 0.00886  |
| lr                    | 0.0293   |
| misc/nupdates         | 1.25e+03 |
| misc/serial_timesteps | 5.12e+06 |
| misc/time_elapsed     | 2.18e+03 |
| misc/total_timesteps  | 5.12e+06 |
| ratio_max             | 2.44     |
| ratio_min             | 0.1      |
| ret_avg               | 0.676    |
| ret_max               | 4.03     |
| ret_med               | 0.663    |
| ret_min               | -1.54    |
| ret_var               | 1.87     |
------------------------------------
------------------------------------
| action_max            | 14       |
| action_min            | 0        |
| adv_avg               | -1.55    |
| adv_max               | -0.554   |
| adv_med               | -1.53    |
| adv_min               | -3.26    |
| adv_var               | 0.0571   |
| clipfrac              | 0        |
| curr_lr               | 0.0293   |
| entropy               | 0.383    |
| eplenmean             | 292      |
| eprewmean             | 24.3     |
| fps                   | 2.33e+03 |
| grad_norm             | 1.23     |
| kl                    | 0.0164   |
| loss_pi               | -0.0629  |
| loss_v                | 0.0112   |
| lr                    | 0.0293   |
| misc/nupdates         | 1.26e+03 |
| misc/serial_timesteps | 5.16e+06 |
| misc/time_elapsed     | 2.2e+03  |
| misc/total_timesteps  | 5.16e+06 |
| ratio_max             | 2.6      |
| ratio_min             | 0.151    |
| ret_avg               | 0.82     |
| ret_max               | 3.23     |
| ret_med               | 0.835    |
| ret_min               | -1.54    |
| ret_var               | 1.1      |
------------------------------------
------------------------------------
| action_max            | 14       |
| action_min            | 0        |
| adv_avg               | -1.57    |
| adv_max               | -0.66    |
| adv_med               | -1.52    |
| adv_min               | -4.07    |
| adv_var               | 0.0643   |
| clipfrac              | 0        |
| curr_lr               | 0.0293   |
| entropy               | 0.476    |
| eplenmean             | 291      |
| eprewmean             | 24.2     |
| fps                   | 2.42e+03 |
| grad_norm             | 0.694    |
| kl                    | 0.0209   |
| loss_pi               | -0.122   |
| loss_v                | 0.0102   |
| lr                    | 0.0293   |
| misc/nupdates         | 1.27e+03 |
| misc/serial_timesteps | 5.2e+06  |
| misc/time_elapsed     | 2.21e+03 |
| misc/total_timesteps  | 5.2e+06  |
| ratio_max             | 2.19     |
| ratio_min             | 0.185    |
| ret_avg               | 0.695    |
| ret_max               | 3.27     |
| ret_med               | 0.695    |
| ret_min               | -1.54    |
| ret_var               | 1.19     |
------------------------------------
------------------------------------
| action_max            | 14       |
| action_min            | 0        |
| adv_avg               | -1.56    |
| adv_max               | -0.755   |
| adv_med               | -1.53    |
| adv_min               | -3.14    |
| adv_var               | 0.0466   |
| clipfrac              | 0        |
| curr_lr               | 0.0293   |
| entropy               | 0.514    |
| eplenmean             | 287      |
| eprewmean             | 23.8     |
| fps                   | 2.36e+03 |
| grad_norm             | 0.908    |
| kl                    | 0.0105   |
| loss_pi               | -0.0758  |
| loss_v                | 0.00774  |
| lr                    | 0.0293   |
| misc/nupdates         | 1.28e+03 |
| misc/serial_timesteps | 5.24e+06 |
| misc/time_elapsed     | 2.23e+03 |
| misc/total_timesteps  | 5.24e+06 |
| ratio_max             | 2.08     |
| ratio_min             | 0.34     |
| ret_avg               | 0.482    |
| ret_max               | 2.79     |
| ret_med               | 0.443    |
| ret_min               | -1.54    |
| ret_var               | 1.17     |
------------------------------------
------------------------------------
| action_max            | 14       |
| action_min            | 0        |
| adv_avg               | -1.51    |
| adv_max               | -0.617   |
| adv_med               | -1.5     |
| adv_min               | -3.23    |
| adv_var               | 0.0504   |
| clipfrac              | 0        |
| curr_lr               | 0.0293   |
| entropy               | 0.617    |
| eplenmean             | 306      |
| eprewmean             | 26.6     |
| fps                   | 2.4e+03  |
| grad_norm             | 0.587    |
| kl                    | 0.0215   |
| loss_pi               | -0.0405  |
| loss_v                | 0.00772  |
| lr                    | 0.0293   |
| misc/nupdates         | 1.29e+03 |
| misc/serial_timesteps | 5.28e+06 |
| misc/time_elapsed     | 2.25e+03 |
| misc/total_timesteps  | 5.28e+06 |
| ratio_max             | 2.74     |
| ratio_min             | 0.15     |
| ret_avg               | 0.355    |
| ret_max               | 2.97     |
| ret_med               | 0.385    |
| ret_min               | -1.54    |
| ret_var               | 1.11     |
------------------------------------
------------------------------------
| action_max            | 14       |
| action_min            | 0        |
| adv_avg               | -1.52    |
| adv_max               | -0.48    |
| adv_med               | -1.5     |
| adv_min               | -4.18    |
| adv_var               | 0.0659   |
| clipfrac              | 0        |
| curr_lr               | 0.0293   |
| entropy               | 0.522    |
| eplenmean             | 296      |
| eprewmean             | 24.9     |
| fps                   | 2.32e+03 |
| grad_norm             | 0.871    |
| kl                    | 0.0103   |
| loss_pi               | -0.0311  |
| loss_v                | 0.0174   |
| lr                    | 0.0293   |
| misc/nupdates         | 1.3e+03  |
| misc/serial_timesteps | 5.32e+06 |
| misc/time_elapsed     | 2.26e+03 |
| misc/total_timesteps  | 5.32e+06 |
| ratio_max             | 2.51     |
| ratio_min             | 0.416    |
| ret_avg               | 0.547    |
| ret_max               | 3.09     |
| ret_med               | 0.641    |
| ret_min               | -1.54    |
| ret_var               | 0.977    |
------------------------------------
------------------------------------
| action_max            | 14       |
| action_min            | 0        |
| adv_avg               | -1.57    |
| adv_max               | -0.496   |
| adv_med               | -1.52    |
| adv_min               | -3.93    |
| adv_var               | 0.0695   |
| clipfrac              | 0        |
| curr_lr               | 0.0293   |
| entropy               | 0.598    |
| eplenmean             | 286      |
| eprewmean             | 23.4     |
| fps                   | 2.36e+03 |
| grad_norm             | 0.847    |
| kl                    | 0.0194   |
| loss_pi               | -0.0921  |
| loss_v                | 0.0119   |
| lr                    | 0.0293   |
| misc/nupdates         | 1.31e+03 |
| misc/serial_timesteps | 5.37e+06 |
| misc/time_elapsed     | 2.28e+03 |
| misc/total_timesteps  | 5.37e+06 |
| ratio_max             | 1.85     |
| ratio_min             | 0.137    |
| ret_avg               | 0.436    |
| ret_max               | 3.3      |
| ret_med               | 0.404    |
| ret_min               | -1.54    |
| ret_var               | 1.21     |
------------------------------------
------------------------------------
| action_max            | 14       |
| action_min            | 0        |
| adv_avg               | -1.54    |
| adv_max               | -0.645   |
| adv_med               | -1.52    |
| adv_min               | -3.04    |
| adv_var               | 0.0438   |
| clipfrac              | 0        |
| curr_lr               | 0.0293   |
| entropy               | 0.597    |
| eplenmean             | 307      |
| eprewmean             | 25.4     |
| fps                   | 2.34e+03 |
| grad_norm             | 0.6      |
| kl                    | 0.028    |
| loss_pi               | -0.0695  |
| loss_v                | 0.00644  |
| lr                    | 0.0293   |
| misc/nupdates         | 1.32e+03 |
| misc/serial_timesteps | 5.41e+06 |
| misc/time_elapsed     | 2.3e+03  |
| misc/total_timesteps  | 5.41e+06 |
| ratio_max             | 2.61     |
| ratio_min             | 0.19     |
| ret_avg               | 0.466    |
| ret_max               | 2.89     |
| ret_med               | 0.454    |
| ret_min               | -1.54    |
| ret_var               | 1.03     |
------------------------------------
------------------------------------
| action_max            | 14       |
| action_min            | 0        |
| adv_avg               | -1.54    |
| adv_max               | -0.629   |
| adv_med               | -1.52    |
| adv_min               | -3.1     |
| adv_var               | 0.0478   |
| clipfrac              | 0        |
| curr_lr               | 0.0293   |
| entropy               | 0.502    |
| eplenmean             | 305      |
| eprewmean             | 25.1     |
| fps                   | 2.37e+03 |
| grad_norm             | 0.795    |
| kl                    | 0.0114   |
| loss_pi               | -0.0388  |
| loss_v                | 0.00784  |
| lr                    | 0.0293   |
| misc/nupdates         | 1.33e+03 |
| misc/serial_timesteps | 5.45e+06 |
| misc/time_elapsed     | 2.32e+03 |
| misc/total_timesteps  | 5.45e+06 |
| ratio_max             | 2.86     |
| ratio_min             | 0.248    |
| ret_avg               | 0.663    |
| ret_max               | 3.09     |
| ret_med               | 0.7      |
| ret_min               | -1.55    |
| ret_var               | 1.21     |
------------------------------------
------------------------------------
| action_max            | 14       |
| action_min            | 0        |
| adv_avg               | -1.55    |
| adv_max               | -0.739   |
| adv_med               | -1.51    |
| adv_min               | -3.18    |
| adv_var               | 0.043    |
| clipfrac              | 0        |
| curr_lr               | 0.0293   |
| entropy               | 0.557    |
| eplenmean             | 300      |
| eprewmean             | 25.6     |
| fps                   | 2.33e+03 |
| grad_norm             | 0.755    |
| kl                    | 0.0118   |
| loss_pi               | -0.0723  |
| loss_v                | 0.00593  |
| lr                    | 0.0293   |
| misc/nupdates         | 1.34e+03 |
| misc/serial_timesteps | 5.49e+06 |
| misc/time_elapsed     | 2.33e+03 |
| misc/total_timesteps  | 5.49e+06 |
| ratio_max             | 2.46     |
| ratio_min             | 0.357    |
| ret_avg               | 0.339    |
| ret_max               | 2.49     |
| ret_med               | 0.139    |
| ret_min               | -1.55    |
| ret_var               | 1.08     |
------------------------------------
------------------------------------
| action_max            | 14       |
| action_min            | 0        |
| adv_avg               | -1.57    |
| adv_max               | -0.939   |
| adv_med               | -1.54    |
| adv_min               | -2.92    |
| adv_var               | 0.0443   |
| clipfrac              | 0        |
| curr_lr               | 0.0439   |
| entropy               | 0.428    |
| eplenmean             | 294      |
| eprewmean             | 23.8     |
| fps                   | 2.42e+03 |
| grad_norm             | 2.6      |
| kl                    | 0.00531  |
| loss_pi               | -0.0955  |
| loss_v                | 0.0175   |
| lr                    | 0.0439   |
| misc/nupdates         | 1.35e+03 |
| misc/serial_timesteps | 5.53e+06 |
| misc/time_elapsed     | 2.35e+03 |
| misc/total_timesteps  | 5.53e+06 |
| ratio_max             | 1.67     |
| ratio_min             | 0.615    |
| ret_avg               | 0.862    |
| ret_max               | 3.36     |
| ret_med               | 0.899    |
| ret_min               | -1.55    |
| ret_var               | 1.38     |
------------------------------------
------------------------------------
| action_max            | 14       |
| action_min            | 0        |
| adv_avg               | -1.55    |
| adv_max               | -1.02    |
| adv_med               | -1.52    |
| adv_min               | -2.78    |
| adv_var               | 0.0312   |
| clipfrac              | 0        |
| curr_lr               | 0.0439   |
| entropy               | 0.524    |
| eplenmean             | 299      |
| eprewmean             | 25.3     |
| fps                   | 2.34e+03 |
| grad_norm             | 0.875    |
| kl                    | 0.0243   |
| loss_pi               | -0.134   |
| loss_v                | 0.00929  |
| lr                    | 0.0439   |
| misc/nupdates         | 1.36e+03 |
| misc/serial_timesteps | 5.57e+06 |
| misc/time_elapsed     | 2.37e+03 |
| misc/total_timesteps  | 5.57e+06 |
| ratio_max             | 2.69     |
| ratio_min             | 0.185    |
| ret_avg               | 0.2      |
| ret_max               | 2.78     |
| ret_med               | 0.0835   |
| ret_min               | -1.55    |
| ret_var               | 0.907    |
------------------------------------
------------------------------------
| action_max            | 14       |
| action_min            | 0        |
| adv_avg               | -1.54    |
| adv_max               | -0.252   |
| adv_med               | -1.51    |
| adv_min               | -2.89    |
| adv_var               | 0.0511   |
| clipfrac              | 0        |
| curr_lr               | 0.0293   |
| entropy               | 0.547    |
| eplenmean             | 292      |
| eprewmean             | 24.2     |
| fps                   | 2.38e+03 |
| grad_norm             | 0.851    |
| kl                    | 0.0179   |
| loss_pi               | -0.0921  |
| loss_v                | 0.00709  |
| lr                    | 0.0293   |
| misc/nupdates         | 1.37e+03 |
| misc/serial_timesteps | 5.61e+06 |
| misc/time_elapsed     | 2.39e+03 |
| misc/total_timesteps  | 5.61e+06 |
| ratio_max             | 3.01     |
| ratio_min             | 0.173    |
| ret_avg               | 0.365    |
| ret_max               | 2.74     |
| ret_med               | 0.309    |
| ret_min               | -1.55    |
| ret_var               | 1        |
------------------------------------
------------------------------------
| action_max            | 14       |
| action_min            | 0        |
| adv_avg               | -1.55    |
| adv_max               | -0.716   |
| adv_med               | -1.53    |
| adv_min               | -2.96    |
| adv_var               | 0.0409   |
| clipfrac              | 0        |
| curr_lr               | 0.0293   |
| entropy               | 0.486    |
| eplenmean             | 311      |
| eprewmean             | 26.4     |
| fps                   | 2.36e+03 |
| grad_norm             | 0.902    |
| kl                    | 0.0128   |
| loss_pi               | -0.104   |
| loss_v                | 0.00844  |
| lr                    | 0.0293   |
| misc/nupdates         | 1.38e+03 |
| misc/serial_timesteps | 5.65e+06 |
| misc/time_elapsed     | 2.4e+03  |
| misc/total_timesteps  | 5.65e+06 |
| ratio_max             | 2.74     |
| ratio_min             | 0.156    |
| ret_avg               | 0.635    |
| ret_max               | 2.87     |
| ret_med               | 0.664    |
| ret_min               | -1.58    |
| ret_var               | 1.09     |
------------------------------------
------------------------------------
| action_max            | 14       |
| action_min            | 0        |
| adv_avg               | -1.57    |
| adv_max               | -0.999   |
| adv_med               | -1.53    |
| adv_min               | -3.18    |
| adv_var               | 0.0374   |
| clipfrac              | 0        |
| curr_lr               | 0.0439   |
| entropy               | 0.422    |
| eplenmean             | 297      |
| eprewmean             | 24.9     |
| fps                   | 2.33e+03 |
| grad_norm             | 1.23     |
| kl                    | 0.0116   |
| loss_pi               | -0.101   |
| loss_v                | 0.012    |
| lr                    | 0.0439   |
| misc/nupdates         | 1.39e+03 |
| misc/serial_timesteps | 5.69e+06 |
| misc/time_elapsed     | 2.42e+03 |
| misc/total_timesteps  | 5.69e+06 |
| ratio_max             | 1.83     |
| ratio_min             | 0.491    |
| ret_avg               | 0.737    |
| ret_max               | 2.95     |
| ret_med               | 0.849    |
| ret_min               | -1.55    |
| ret_var               | 1.17     |
------------------------------------
------------------------------------
| action_max            | 14       |
| action_min            | 0        |
| adv_avg               | -1.54    |
| adv_max               | -0.795   |
| adv_med               | -1.52    |
| adv_min               | -3.72    |
| adv_var               | 0.0508   |
| clipfrac              | 0        |
| curr_lr               | 0.0293   |
| entropy               | 0.626    |
| eplenmean             | 269      |
| eprewmean             | 21.9     |
| fps                   | 2.35e+03 |
| grad_norm             | 0.54     |
| kl                    | 0.0243   |
| loss_pi               | -0.0655  |
| loss_v                | 0.00704  |
| lr                    | 0.0293   |
| misc/nupdates         | 1.4e+03  |
| misc/serial_timesteps | 5.73e+06 |
| misc/time_elapsed     | 2.44e+03 |
| misc/total_timesteps  | 5.73e+06 |
| ratio_max             | 2.47     |
| ratio_min             | 0.298    |
| ret_avg               | 0.211    |
| ret_max               | 2.81     |
| ret_med               | 0.218    |
| ret_min               | -1.59    |
| ret_var               | 1.05     |
------------------------------------
------------------------------------
| action_max            | 14       |
| action_min            | 0        |
| adv_avg               | -1.61    |
| adv_max               | -0.761   |
| adv_med               | -1.56    |
| adv_min               | -3.63    |
| adv_var               | 0.0704   |
| clipfrac              | 0        |
| curr_lr               | 0.0293   |
| entropy               | 0.553    |
| eplenmean             | 275      |
| eprewmean             | 23       |
| fps                   | 2.34e+03 |
| grad_norm             | 0.756    |
| kl                    | 0.0223   |
| loss_pi               | -0.105   |
| loss_v                | 0.00908  |
| lr                    | 0.0293   |
| misc/nupdates         | 1.41e+03 |
| misc/serial_timesteps | 5.78e+06 |
| misc/time_elapsed     | 2.46e+03 |
| misc/total_timesteps  | 5.78e+06 |
| ratio_max             | 2.94     |
| ratio_min             | 0.172    |
| ret_avg               | 0.314    |
| ret_max               | 2.48     |
| ret_med               | 0.262    |
| ret_min               | -1.56    |
| ret_var               | 0.887    |
------------------------------------
------------------------------------
| action_max            | 14       |
| action_min            | 0        |
| adv_avg               | -1.55    |
| adv_max               | -0.619   |
| adv_med               | -1.53    |
| adv_min               | -3.52    |
| adv_var               | 0.0374   |
| clipfrac              | 0        |
| curr_lr               | 0.0293   |
| entropy               | 0.608    |
| eplenmean             | 265      |
| eprewmean             | 20.3     |
| fps                   | 2.33e+03 |
| grad_norm             | 0.653    |
| kl                    | 0.0144   |
| loss_pi               | -0.101   |
| loss_v                | 0.00633  |
| lr                    | 0.0293   |
| misc/nupdates         | 1.42e+03 |
| misc/serial_timesteps | 5.82e+06 |
| misc/time_elapsed     | 2.47e+03 |
| misc/total_timesteps  | 5.82e+06 |
| ratio_max             | 1.8      |
| ratio_min             | 0.168    |
| ret_avg               | 0.355    |
| ret_max               | 3.22     |
| ret_med               | 0.298    |
| ret_min               | -1.56    |
| ret_var               | 1.2      |
------------------------------------
------------------------------------
| action_max            | 14       |
| action_min            | 0        |
| adv_avg               | -1.58    |
| adv_max               | -0.115   |
| adv_med               | -1.55    |
| adv_min               | -3.3     |
| adv_var               | 0.0578   |
| clipfrac              | 0        |
| curr_lr               | 0.0293   |
| entropy               | 0.702    |
| eplenmean             | 253      |
| eprewmean             | 19.4     |
| fps                   | 2.34e+03 |
| grad_norm             | 0.69     |
| kl                    | 0.0208   |
| loss_pi               | -0.105   |
| loss_v                | 0.00866  |
| lr                    | 0.0293   |
| misc/nupdates         | 1.43e+03 |
| misc/serial_timesteps | 5.86e+06 |
| misc/time_elapsed     | 2.49e+03 |
| misc/total_timesteps  | 5.86e+06 |
| ratio_max             | 2.27     |
| ratio_min             | 0.166    |
| ret_avg               | 0.232    |
| ret_max               | 3.37     |
| ret_med               | 0.101    |
| ret_min               | -1.56    |
| ret_var               | 1.44     |
------------------------------------
------------------------------------
| action_max            | 14       |
| action_min            | 0        |
| adv_avg               | -1.57    |
| adv_max               | -0.718   |
| adv_med               | -1.55    |
| adv_min               | -3.32    |
| adv_var               | 0.0473   |
| clipfrac              | 0        |
| curr_lr               | 0.0293   |
| entropy               | 0.443    |
| eplenmean             | 289      |
| eprewmean             | 21.6     |
| fps                   | 2.34e+03 |
| grad_norm             | 1.12     |
| kl                    | 0.0312   |
| loss_pi               | -0.0707  |
| loss_v                | 0.00749  |
| lr                    | 0.0293   |
| misc/nupdates         | 1.44e+03 |
| misc/serial_timesteps | 5.9e+06  |
| misc/time_elapsed     | 2.51e+03 |
| misc/total_timesteps  | 5.9e+06  |
| ratio_max             | 1.85     |
| ratio_min             | 0.115    |
| ret_avg               | 0.564    |
| ret_max               | 3.22     |
| ret_med               | 0.518    |
| ret_min               | -1.56    |
| ret_var               | 1.03     |
------------------------------------
------------------------------------
| action_max            | 14       |
| action_min            | 0        |
| adv_avg               | -1.57    |
| adv_max               | -0.618   |
| adv_med               | -1.54    |
| adv_min               | -3.59    |
| adv_var               | 0.0557   |
| clipfrac              | 0        |
| curr_lr               | 0.0293   |
| entropy               | 0.668    |
| eplenmean             | 279      |
| eprewmean             | 22.3     |
| fps                   | 2.38e+03 |
| grad_norm             | 1.12     |
| kl                    | 0.0217   |
| loss_pi               | -0.0792  |
| loss_v                | 0.0124   |
| lr                    | 0.0293   |
| misc/nupdates         | 1.45e+03 |
| misc/serial_timesteps | 5.94e+06 |
| misc/time_elapsed     | 2.53e+03 |
| misc/total_timesteps  | 5.94e+06 |
| ratio_max             | 1.89     |
| ratio_min             | 0.264    |
| ret_avg               | 0.347    |
| ret_max               | 3.79     |
| ret_med               | 0.0196   |
| ret_min               | -1.56    |
| ret_var               | 1.22     |
------------------------------------
------------------------------------
| action_max            | 14       |
| action_min            | 0        |
| adv_avg               | -1.57    |
| adv_max               | -0.707   |
| adv_med               | -1.56    |
| adv_min               | -3.2     |
| adv_var               | 0.0537   |
| clipfrac              | 0        |
| curr_lr               | 0.0195   |
| entropy               | 0.568    |
| eplenmean             | 280      |
| eprewmean             | 20.6     |
| fps                   | 2.32e+03 |
| grad_norm             | 0.522    |
| kl                    | 0.0198   |
| loss_pi               | -0.0238  |
| loss_v                | 0.00694  |
| lr                    | 0.0195   |
| misc/nupdates         | 1.46e+03 |
| misc/serial_timesteps | 5.98e+06 |
| misc/time_elapsed     | 2.54e+03 |
| misc/total_timesteps  | 5.98e+06 |
| ratio_max             | 3.29     |
| ratio_min             | 0.222    |
| ret_avg               | 0.332    |
| ret_max               | 3.8      |
| ret_med               | 0.176    |
| ret_min               | -1.56    |
| ret_var               | 0.933    |
------------------------------------
