action_max,action_min,adv_avg,adv_max,adv_med,adv_min,adv_var,clipfrac,curr_lr,entropy,eplenmean,eprewmean,fps,grad_norm,joint_optimizer_state_entries,kl,loss_pi,loss_v,lr,misc/nupdates,misc/serial_timesteps,misc/time_elapsed,misc/total_timesteps,ratio_max,ratio_min,ret_avg,ret_max,ret_med,ret_min,ret_var,critic_ratio_max,critic_ratio_min,critic_rows,joint_actor_fisher_quadratic,joint_actor_raw_scale,joint_applied_solve_residual,joint_cholesky_info_max,joint_clip_scale,joint_critic_curvature_coef,joint_critic_ggn_quadratic,joint_critic_objective_coef,joint_critic_raw_scale,joint_cross_block_frobenius,joint_direction_l2,joint_finite_scan_pass,joint_jacobi_scale_max,joint_jacobi_scale_min,joint_kernel_mode,joint_linear_solve_dtype,joint_predicted_step_kl,joint_relative_solve_residual,joint_solve_residual,joint_solver_mode,joint_system_rows,optimizer_history_correction,optimizer_momentum,optimizer_momentum_semantics
14,0,0.019727645441889763,0.1457696408033371,0.020835978910326958,-0.1542363315820694,0.0007616594666615129,0.173828125,0.001,2.5355372428894043,22.19,0.0,1597,0.25206390023231506,0,0.011919485405087471,-0.04632720351219177,0.0008422232931479812,0.001,9,40960,26.256821904331446,40960,1.642712950706482,0.6144648790359497,0.016141392290592194,0.06496309489011765,0.01768491230905056,-0.07720164209604263,0.00011469698802102357,,,,,,,,,,,,,,,,,,,,,,,,,,,
14,0,0.009653056040406227,0.228365957736969,0.010000424459576607,-0.25440382957458496,0.0011798364575952291,0.28515625,0.001,2.4778945446014404,24.02,0.0,1646,0.2688823640346527,0,0.015973538160324097,-0.07783233374357224,0.0009740071836858988,0.001,19,81920,51.8109316714108,81920,2.9963886737823486,0.4038287103176117,0.011759921908378601,0.08011969923973083,0.011067933402955532,-0.095057912170887,0.00011012623872375116,,,,,,,,,,,,,,,,,,,,,,,,,,,
14,0,0.006877393927425146,0.022741977125406265,0.006701943464577198,-0.010498922318220139,1.5292496755137108e-05,0.361328125,0.001,2.275576114654541,23.9,0.0,1669,0.3471916913986206,0,0.026937589049339294,-0.06976869702339172,6.740387107129209e-06,0.001,29,122880,77.25358790904284,122880,2.286724328994751,0.11750096082687378,0.006993028335273266,0.011837325990200043,0.007056157570332289,0.0017894338816404343,1.3002305649933987e-06,,,,,,,,,,,,,,,,,,,,,,,,,,,
14,0,-0.0311809740960598,0.08411293476819992,-0.028359251096844673,-0.33380648493766785,0.0006006687763147056,0.275390625,0.001,1.5643959045410156,25.21,0.0,1587,0.609511137008667,0,0.04374602437019348,-0.046321358531713486,0.0001929086574818939,0.001,39,163840,102.37282188935205,163840,2.1745259761810303,0.08221332728862762,-0.01940562203526497,0.03413543105125427,-0.021904047578573227,-0.09270142018795013,0.00010428588575450704,,,,,,,,,,,,,,,,,,,,,,,,,,,
14,0,-0.025445155799388885,0.06337279081344604,-0.02359340712428093,-0.9928866028785706,0.000852252240292728,0.28515625,0.001,1.7972816228866577,22.05,0.0,1600,0.2746717035770416,0,0.02938068099319935,-0.04062330722808838,0.00018897801055572927,0.001,49,204800,128.24730783700943,204800,2.3287622928619385,0.11317387223243713,-0.020527001470327377,0.059935908764600754,-0.023428741842508316,-0.03164887800812721,7.773654215270653e-05,,,,,,,,,,,,,,,,,,,,,,,,,,,
14,0,-0.02183026634156704,0.03139960393309593,-0.022443490102887154,-0.2174627035856247,4.672097566071898e-05,0.35546875,0.001,1.7047882080078125,25.15,0.0,1683,0.37767133116722107,0,0.03534945845603943,-0.04979462921619415,0.00012805602455046028,0.001,59,245760,153.29938116203994,245760,2.626560688018799,0.2018725723028183,-0.023432642221450806,-0.012202966958284378,-0.023111611604690552,-0.03427700698375702,2.96585767500801e-06,,,,,,,,,,,,,,,,,,,,,,,,,,,
14,0,-0.020860332995653152,-0.007774495054036379,-0.020968547090888023,-0.08682128041982651,2.8937847673660144e-06,0.408203125,0.001,1.7388877868652344,28.12,0.0,1663,0.5489903092384338,0,0.0453488826751709,-0.047844480723142624,1.2554354498206521e-06,0.001,69,286720,178.16916744643822,286720,5.003880023956299,0.24264679849147797,-0.021004600450396538,-0.017702829092741013,-0.021034112200140953,-0.022026507183909416,1.3175066726489604e-07,,,,,,,,,,,,,,,,,,,,,,,,,,,
14,0,-0.019430579617619514,-0.012889573350548744,-0.019575830549001694,-0.02729157544672489,5.035594199398474e-07,0.40625,0.001,1.7384448051452637,30.2,0.0,1634,0.40110161900520325,0,0.040445562452077866,-0.06821440905332565,1.0078476719854734e-07,0.001,79,327680,203.07979739643633,327680,10.800033569335938,0.20307791233062744,-0.019815783947706223,-0.019116777926683426,-0.019738655537366867,-0.02174760028719902,1.0143943285356727e-07,,,,,,,,,,,,,,,,,,,,,,,,,,,
14,0,-0.018099378794431686,-0.015872647985816002,-0.018181543797254562,-0.019093064591288567,1.4216307420156227e-07,0.4296875,0.001,1.4696052074432373,25.09,0.0,1705,0.6704832911491394,0,0.05004161223769188,-0.05203260853886604,2.0518967858151882e-07,0.001,89,368640,227.81176785100251,368640,2.566042184829712,0.20575256645679474,-0.018659133464097977,-0.018344556912779808,-0.018625568598508835,-0.019220689311623573,3.6094519373364164e-08,,,,,,,,,,,,,,,,,,,,,,,,,,,
14,0,-0.016759196296334267,0.1489546298980713,-0.016089849174022675,-1.444694995880127,0.0008162515005096793,0.32421875,0.001,1.5325392484664917,25.61,0.0,1674,0.2373122125864029,0,0.04304949566721916,-0.02877487987279892,0.00023653589596506208,0.001,99,409600,252.27328884229064,409600,7.641641616821289,0.1257878839969635,-0.016220273450016975,0.16441048681735992,-0.01736936904489994,-0.023124689236283302,0.00011286371591268107,,,,,,,,,,,,,,,,,,,,,,,,,,,
14,0,0.034172914922237396,18.62895965576172,-0.06149578467011452,-2.111008882522583,1.7127009630203247,0.4140625,0.001,1.6086769104003906,32.94,0.02,1659,2.4184272289276123,0,0.06930919736623764,-0.008777182549238205,0.8343348503112793,0.001,109,450560,276.9706567302346,450560,3.674215316772461,0.08958623558282852,0.5625892877578735,19.380691528320312,0.02445230260491371,-0.12179475277662277,2.240394115447998,,,,,,,,,,,,,,,,,,,,,,,,,,,
14,0,-0.024099480360746384,10.239958763122559,-0.10556457936763763,-6.374610424041748,0.7421708106994629,0.193359375,0.001,1.054368257522583,33.22,0.07,1655,17.37955093383789,0,0.025137238204479218,0.0025879479944705963,0.40546131134033203,0.001,119,491520,302.38616586709395,491520,2.1409006118774414,0.17817220091819763,2.2967705726623535,11.046745300292969,-0.0015601920895278454,-0.317703515291214,15.290436744689941,,,,,,,,,,,,,,,,,,,,,,,,,,,
14,0,-0.2850813567638397,5.600722312927246,-0.1834850013256073,-5.483931541442871,0.5656694769859314,0.0,0.00014999999999999996,1.051456093788147,41.01,0.11,246,0.8278731107711792,26,0.06334783136844635,-0.01602834090590477,0.3944382071495056,0.0001,129,532480,426.07093382114545,532480,5.386652946472168,0.10000000149011612,1.5035064220428467,7.109549522399902,0.019765179604291916,-0.3364807963371277,6.2201361656188965,1.0,1.0,512,0.8260790109634399,2287.4482421875,7.387135702991249e-13,0,0.6039572954177856,0.1,5.693989276885986,1.0,3876.248291015625,65.29913230712921,0.8278731107711792,1.0,1.4142117526143214,0.07179821833239994,exact_deterministic_ggn_2b,torch.float64,3.3898974738377774e-09,1.3590103161073211e-14,7.854412019071709e-13,symmetrized_jacobi_fullfp64_chunked,1024,1.0,1e-06,paper_sgd_momentum_1e-6
14,0,-0.10016968846321106,2.40816593170166,-0.18957671523094177,-4.430981159210205,0.2942582368850708,0.0,0.0011390625,1.2695213556289673,29.37,0.03,246,0.683465301990509,26,0.05701885744929314,-0.054483093321323395,0.21741025149822235,0.0007593750000000001,139,573440,591.5555434483103,573440,2.6741316318511963,0.10000000149011612,0.520751416683197,6.315207004547119,-0.18756863474845886,-0.4749075472354889,2.900092840194702,1.0,1.0,512,0.7814400792121887,1299.5018310546875,3.575792342843518e-13,0,0.7315660119056702,0.1,6.458896636962891,1.0,1895.326171875,43.1665063992314,0.683465301990509,1.0,1.4142122844586675,0.16293476318364727,exact_deterministic_ggn_2b,torch.float64,2.713112507990445e-07,7.797472201162178e-15,3.5762469776455185e-13,symmetrized_jacobi_fullfp64_chunked,1024,1.0,1e-06,paper_sgd_momentum_1e-6
14,0,-0.24568326771259308,1.8271510601043701,-0.22386395931243896,-4.956509590148926,0.21396347880363464,0.0,0.00033750000000000007,1.2764092683792114,38.86,0.04,241,0.5592738389968872,26,0.09115980565547943,-0.04526454210281372,0.10123024880886078,0.00022500000000000005,149,614400,759.6104895682074,614400,7.411534309387207,0.10000000149011612,0.614822506904602,6.113326072692871,-0.18894237279891968,-0.327216774225235,3.1155483722686768,1.0,1.0,512,4.170841217041016,1500.4189453125,2.0503650800307075e-13,0,0.894016444683075,0.1,6.217374801635742,1.0,2051.067626953125,59.09232023982348,0.5592738389968872,1.0,1.4142116043217114,0.09914295005883632,exact_deterministic_ggn_2b,torch.float64,1.8985946326210978e-07,3.559463616799581e-15,2.0284017642499816e-13,symmetrized_jacobi_fullfp64_chunked,1024,1.0,1e-06,paper_sgd_momentum_1e-6
14,0,-0.29054689407348633,1.4598467350006104,-0.24721145629882812,-4.030383110046387,0.14229907095432281,0.0,0.0002249999999999998,1.418001651763916,34.28,0.0,245,0.5522225499153137,26,0.12270711362361908,-0.08906500041484833,0.06024844944477081,0.00014999999999999988,159,655360,926.9222955740988,655360,2.994077205657959,0.10000000149011612,0.36636295914649963,6.273224830627441,-0.22522898018360138,-0.5285840630531311,2.7159407138824463,1.0,1.0,512,6.378544807434082,1697.74169921875,1.949275315918722e-13,0,0.9054321646690369,0.1,2.705329418182373,1.0,1606.62646484375,82.43898774357358,0.552222490310669,1.0,1.4140534475911315,0.133711802981578,exact_deterministic_ggn_2b,torch.float64,1.3236356721790798e-07,3.0688486045123574e-15,1.8982198516269892e-13,symmetrized_jacobi_fullfp64_chunked,1024,1.0,1e-06,paper_sgd_momentum_1e-6
14,0,-0.23348861932754517,2.981139659881592,-0.2525940239429474,-4.430326461791992,0.2196451872587204,0.0,0.00033749999999999986,1.5330249071121216,42.05,0.09,243,0.555047333240509,26,0.12696939706802368,-0.04852534458041191,0.11606575548648834,0.0002249999999999999,169,696320,1094.8204187960364,696320,10.0,0.10000000149011612,0.7879971861839294,7.225062370300293,-0.21468371152877808,-0.45058339834213257,3.8480300903320312,1.0,1.0,512,1.358490228652954,2197.77783203125,4.80783999908809e-13,0,0.9008240699768066,0.1,1.9375094175338745,1.0,1810.470458984375,414.7113084875851,0.555047333240509,1.0,1.4142135617645295,0.11857658608289204,exact_deterministic_ggn_2b,torch.float64,6.278473563270381e-08,1.1412874958942362e-14,3.709855409930541e-13,symmetrized_jacobi_fullfp64_chunked,1024,1.0,1e-06,paper_sgd_momentum_1e-6
14,0,-0.11971303820610046,4.454533100128174,-0.17953218519687653,-8.54642105102539,0.8795785307884216,0.0,0.0003374999999999999,1.353022813796997,40.81,0.2,241,1.0926084518432617,26,0.05899644270539284,-0.02513781189918518,0.40816158056259155,0.00022499999999999994,179,737280,1263.7754274019971,737280,3.627056360244751,0.10000000149011612,2.1133975982666016,20.81247329711914,-0.1118135154247284,-0.48732954263687134,15.066405296325684,1.0,1.0,512,0.6119071245193481,6542.41552734375,7.483234852438512e-12,0,0.4576204717159271,0.1,8.525262832641602,1.0,19232.984375,5440.3887519484015,1.0926084518432617,1.0,1.4142135623722407,0.04718466843891584,exact_deterministic_ggn_2b,torch.float64,7.298170068281706e-09,1.4341966992198669e-13,6.6876749578316196e-12,symmetrized_jacobi_fullfp64_chunked,1024,1.0,1e-06,paper_sgd_momentum_1e-6
14,0,-0.21081864833831787,9.89168930053711,-0.24612411856651306,-3.404937744140625,0.6964734792709351,0.0,0.0017085937499999992,1.6794438362121582,33.6,0.18,245,1.0248138904571533,26,0.052044689655303955,-0.128844752907753,0.27464988827705383,0.0011390624999999995,189,778240,1431.3490295442753,778240,5.280187129974365,0.10000000149011612,0.6572619676589966,18.364511489868164,-0.22504109144210815,-0.6205222010612488,2.7733709812164307,1.0,1.0,512,0.7750101089477539,4684.45947265625,2.8295510448206175e-12,0,0.4878934621810913,0.1,2.6936020851135254,1.0,5068.37451171875,1733.6603014978666,1.0248138904571533,1.0,1.4142135160983387,0.06615047294690836,exact_deterministic_ggn_2b,torch.float64,2.69280576503661e-07,6.290255282456713e-14,2.758690564988315e-12,symmetrized_jacobi_fullfp64_chunked,1024,1.0,1e-06,paper_sgd_momentum_1e-6
14,0,-0.17944544553756714,13.986496925354004,-0.2606676518917084,-6.834710597991943,1.4115350246429443,0.0,0.012974633789062497,1.520532250404358,48.55,0.53,245,1.4664580821990967,26,0.05281474441289902,-0.05108817666769028,0.7441998720169067,0.008649755859374999,199,819200,1599.1597561873496,819200,5.341779708862305,0.1024542972445488,1.3353240489959717,16.42791175842285,-0.22582562267780304,-0.41766542196273804,6.302014350891113,1.0,1.0,512,0.5619361996650696,6154.263671875,6.229421349469197e-12,0,0.3409575819969177,0.1,9.91791820526123,1.0,9770.4990234375,4004.105729345421,1.4664580821990967,1.0,1.4142135623217191,0.04914551615113375,exact_deterministic_ggn_2b,torch.float64,5.4985471251711715e-06,9.299538131642238e-14,6.136668482287934e-12,symmetrized_jacobi_fullfp64_chunked,1024,1.0,1e-06,paper_sgd_momentum_1e-6
14,0,-0.08714672923088074,15.083882331848145,-0.2713330388069153,-4.294647693634033,1.699070930480957,0.0,0.0025628906249999988,1.6771457195281982,44.26,0.55,241,1.1350153684616089,26,0.06224965304136276,0.003395266830921173,0.5351797342300415,0.0017085937499999992,209,860160,1767.8846940854564,860160,3.2812092304229736,0.10000000149011612,0.9744917750358582,15.185669898986816,-0.2767431139945984,-0.6636568903923035,4.569306373596191,1.0,1.0,512,0.5159714221954346,4510.41552734375,3.042804940185123e-12,0,0.4405227303504944,0.1,3.74694561958313,1.0,5043.65234375,2302.635632958355,1.1350152492523193,1.0,1.4140312059731233,0.07422758482991151,exact_deterministic_ggn_2b,torch.float64,3.288458572114905e-07,5.1783131761378644e-14,2.8314250514919133e-12,symmetrized_jacobi_fullfp64_chunked,1024,1.0,1e-06,paper_sgd_momentum_1e-6
14,0,-0.4223814904689789,1.7632263898849487,-0.34420275688171387,-4.005502700805664,0.2552325129508972,0.0,0.0007593749999999993,1.516021966934204,69.56,0.13,243,0.6355836987495422,26,0.0630214512348175,-0.05706387013196945,0.0904102623462677,0.0005062499999999995,219,901120,1936.0078563843854,901120,2.018324375152588,0.10000000149011612,1.2885706424713135,4.654428958892822,1.4648380279541016,-0.3891250789165497,2.51877498626709,1.0,1.0,512,0.9299536943435669,5069.92578125,1.6112312090745959e-12,0,0.7866783738136292,0.1,0.5891002416610718,1.0,3601.56591796875,1779.075436778284,0.635583758354187,1.0,1.414118024186892,0.08558226014918614,exact_deterministic_ggn_2b,torch.float64,1.6593511986684462e-07,4.431616132491385e-14,1.4385677485593651e-12,symmetrized_jacobi_fullfp64_chunked,1024,1.0,1e-06,paper_sgd_momentum_1e-6
14,0,-0.258484423160553,7.370107173919678,-0.3247503936290741,-9.34260082244873,1.2765089273452759,0.0,0.00033749999999999986,1.447911262512207,57.35,0.78,245,1.0418659448623657,26,0.05814472213387489,-0.06125680357217789,0.31274694204330444,0.0002249999999999999,229,942080,2103.69308024412,942080,2.7242393493652344,0.10000000149011612,1.3922069072723389,12.197127342224121,-0.28313183784484863,-0.49989035725593567,8.080328941345215,1.0,1.0,512,0.9597377777099609,7713.47802734375,7.171249237458781e-12,0,0.47990819811820984,0.1,4.4097700119018555,1.0,11720.115234375,5962.592938423871,1.0418659448623657,1.0,1.4142135623693248,0.05732900818951739,exact_deterministic_ggn_2b,torch.float64,1.2588862396967215e-08,1.4695980387074242e-13,7.229121269674943e-12,symmetrized_jacobi_fullfp64_chunked,1024,1.0,1e-06,paper_sgd_momentum_1e-6
14,0,-0.43194788694381714,5.538018703460693,-0.35529935359954834,-5.922245979309082,0.5234727263450623,0.0,0.0007593749999999996,1.6605260372161865,46.0,0.17,240,0.9251325130462646,26,0.052361465990543365,0.0316949337720871,0.2597624659538269,0.0005062499999999998,239,983040,2272.6065332000144,983040,5.6620707511901855,0.10000000149011612,0.3469701111316681,11.357756614685059,-0.32895004749298096,-1.3293452262878418,2.1251540184020996,1.0,1.0,512,0.914381742477417,7864.10888671875,5.1479267349651684e-12,0,0.5404630899429321,0.1,3.426673412322998,1.0,6240.3505859375,4424.434966139035,0.9251325726509094,1.0,1.4139092866791798,0.030349815158515116,exact_deterministic_ggn_2b,torch.float64,7.70091332924494e-08,1.114330231978999e-13,6.694196524807738e-12,symmetrized_jacobi_fullfp64_chunked,1024,1.0,1e-06,paper_sgd_momentum_1e-6
14,0,-0.26749294996261597,5.295770168304443,-0.34816280007362366,-7.44071102142334,0.6682592034339905,0.0,0.0011390624999999997,1.5410948991775513,65.78,0.52,242,0.8311426043510437,26,0.05219593644142151,-0.08330827206373215,0.20921742916107178,0.0007593749999999997,249,1024000,2441.0074717174284,1024000,8.90322494506836,0.1504952609539032,0.8190169334411621,11.028959274291992,-0.3077690899372101,-0.8976403474807739,4.396302223205566,1.0,1.0,512,0.809888482093811,10230.6337890625,9.52594779892677e-12,0,0.6015814542770386,0.1,2.4724135398864746,1.0,14690.646484375,9140.153002608396,0.8311426043510437,1.0,1.4142134992863449,0.05185769471124353,exact_deterministic_ggn_2b,torch.float64,1.9014250085547246e-07,2.2391889673905593e-13,8.489354400853436e-12,symmetrized_jacobi_fullfp64_chunked,1024,1.0,1e-06,paper_sgd_momentum_1e-6
14,0,-0.32268232107162476,6.9406352043151855,-0.36638137698173523,-5.548405647277832,0.4330536723136902,0.0,0.0005062499999999999,1.5678753852844238,84.1,0.62,244,0.6924217939376831,26,0.06997743248939514,-0.05263546109199524,0.15382379293441772,0.0003374999999999999,259,1064960,2608.6597777274437,1064960,2.9686830043792725,0.10000000149011612,1.3260071277618408,10.772998809814453,-0.2574840784072876,-0.3914971351623535,4.929684638977051,1.0,1.0,512,0.5274574160575867,12752.796875,9.505182250655388e-12,0,0.7221032381057739,0.1,1.7151429653167725,1.0,20014.841796875,11386.679305632762,0.6924217939376831,1.0,1.41383434100953,0.034459876097063254,exact_deterministic_ggn_2b,torch.float64,3.52440707729329e-08,2.5333491299367314e-13,9.444750412687875e-12,symmetrized_jacobi_fullfp64_chunked,1024,1.0,1e-06,paper_sgd_momentum_1e-6
14,0,-0.3912486135959625,3.36305832862854,-0.3564077913761139,-6.259703636169434,0.28417712450027466,0.0,0.0011390625,1.6006760597229004,74.57,0.47,240,0.6722127795219421,26,0.06785061955451965,-0.028715409338474274,0.1145392507314682,0.0007593750000000001,269,1105920,2777.6885746051557,1105920,4.602452278137207,0.1352619081735611,1.1080009937286377,8.526713371276855,-0.34252384305000305,-0.5701643228530884,5.564022541046143,1.0,1.0,512,0.9849207401275635,10752.509765625,7.048346002443564e-12,0,0.743812084197998,0.1,2.3406758308410645,1.0,11730.0185546875,7291.437419725893,0.6722127795219421,1.0,1.414213562368433,0.04877844511640547,exact_deterministic_ggn_2b,torch.float64,3.5350277016732434e-07,1.7989964023479763e-13,6.02675324068922e-12,symmetrized_jacobi_fullfp64_chunked,1024,1.0,1e-06,paper_sgd_momentum_1e-6
14,0,-0.345731258392334,4.634202480316162,-0.37771233916282654,-3.6894338130950928,0.25916123390197754,0.0,0.00170859375,1.5418907403945923,71.06,0.3,244,0.6961261630058289,26,0.04793623089790344,0.018068449571728706,0.1501941978931427,0.0011390625,279,1146880,2946.4691029512323,1146880,5.3899030685424805,0.10000000149011612,0.8149446249008179,8.195344924926758,-0.31096261739730835,-0.4753892123699188,2.9274518489837646,1.0,1.0,512,0.6212973594665527,7755.7158203125,4.626361363109891e-12,0,0.7182605266571045,0.1,1.861417531967163,1.0,7352.61376953125,4333.797545668936,0.6961262226104736,1.0,1.4142064778558452,0.028988538866658507,exact_deterministic_ggn_2b,torch.float64,4.678549316849967e-07,1.1795408673858245e-13,4.603933493696061e-12,symmetrized_jacobi_fullfp64_chunked,1024,1.0,1e-06,paper_sgd_momentum_1e-6
14,0,-0.39666038751602173,5.593536376953125,-0.3950071930885315,-2.9358863830566406,0.16010501980781555,0.0,0.00033750000000000007,1.413484811782837,92.52,0.37,243,0.6133557558059692,26,0.06890029460191727,-0.03271956741809845,0.2079063504934311,0.00022500000000000005,289,1187840,3114.8277204320766,1187840,5.044581413269043,0.10000000149011612,0.49499955773353577,7.837974548339844,-0.3633749186992645,-0.5501783490180969,1.4885921478271484,1.0,1.0,512,0.8691799640655518,11415.357421875,4.386168123302366e-12,0,0.8151875734329224,0.1,0.9545328617095947,1.0,4750.923828125,3584.028038951394,0.6133557558059692,1.0,1.4142111338382455,0.04273951031343844,exact_deterministic_ggn_2b,torch.float64,3.2895947299493855e-08,9.871462390236321e-14,3.32431891824064e-12,symmetrized_jacobi_fullfp64_chunked,1024,1.0,1e-06,paper_sgd_momentum_1e-6
14,0,-0.39993566274642944,4.9934916496276855,-0.3936138451099396,-3.2519729137420654,0.1320415884256363,0.0,0.00022500000000000005,1.3714940547943115,80.28,0.48,245,0.5943801403045654,26,0.0761195570230484,-0.06010480225086212,0.10248804837465286,0.00015000000000000004,299,1228800,3283.1357342512347,1228800,2.7458713054656982,0.10000000149011612,0.20393818616867065,7.8347320556640625,-0.37926939129829407,-0.47033774852752686,0.9750905632972717,1.0,1.0,512,2.1516106128692627,6809.2919921875,3.178646741152503e-12,0,0.8412125706672668,0.1,0.49907565116882324,1.0,3733.6083984375,2235.6295054772477,0.5943800806999207,1.0,1.4142032305766206,0.055825886595551016,exact_deterministic_ggn_2b,torch.float64,3.853986996205094e-08,6.914269127435524e-14,2.347869990828514e-12,symmetrized_jacobi_fullfp64_chunked,1024,1.0,1e-06,paper_sgd_momentum_1e-6
14,0,-0.31550028920173645,4.228956699371338,-0.3961223363876343,-5.002547740936279,0.3211199939250946,0.0,0.0038443359375000003,1.4410392045974731,73.35,0.99,245,0.5811102986335754,26,0.06596483290195465,-0.047824107110500336,0.09128005802631378,0.002562890625,309,1269760,3452.6625977642834,1269760,4.118268966674805,0.10000000149011612,0.9842982292175293,7.625505447387695,-0.35170844197273254,-0.5214347243309021,3.267167091369629,1.0,1.0,512,0.9569567441940308,7174.8564453125,3.4113360415777092e-12,0,0.8604218363761902,0.1,2.7733147144317627,1.0,10504.19140625,5714.694092013738,0.5811102986335754,1.0,1.4142129549863698,0.026141820248195863,exact_deterministic_ggn_2b,torch.float64,5.235133812675485e-06,9.119829987021068e-14,3.4083320074729017e-12,symmetrized_jacobi_fullfp64_chunked,1024,1.0,1e-06,paper_sgd_momentum_1e-6
14,0,-0.40450412034988403,3.3196232318878174,-0.4135359227657318,-4.132800102233887,0.10222522169351578,0.0,0.0005062500000000001,1.631364345550537,79.61,0.24,244,0.42606091499328613,26,0.12587378919124603,-0.05334026366472244,0.047648072242736816,0.00033750000000000007,319,1310720,3621.0662542460486,1310720,3.614293336868286,0.10000000149011612,0.2707447111606598,7.3736162185668945,-0.35877707600593567,-0.46756452322006226,1.6840890645980835,1.0,1.0,512,2.801785469055176,8229.52734375,2.4548189678523784e-12,0,1.0,0.1,1.7315385341644287,1.0,3702.91552734375,3045.2133640094207,0.42606091499328613,1.0,1.4142134451869306,0.05987489658140652,exact_deterministic_ggn_2b,torch.float64,3.590334927139338e-07,5.1786655186254795e-14,1.6189824167072656e-12,symmetrized_jacobi_fullfp64_chunked,1024,1.0,1e-06,paper_sgd_momentum_1e-6
14,0,-0.40408483147621155,2.174994468688965,-0.42294469475746155,-4.946910858154297,0.24794836342334747,0.0,0.0001,1.4103161096572876,119.81,1.29,244,0.6709350347518921,26,0.060461170971393585,-0.03734150528907776,0.11037613451480865,0.0001,329,1351680,3789.505866925232,1351680,5.330031394958496,0.10000000149011612,0.8938195705413818,7.269781589508057,-0.18427875638008118,-0.4446336328983307,2.955561637878418,1.0,1.0,512,1.2229000329971313,7711.658203125,3.5577319361005032e-12,0,0.74522864818573,0.1,0.9994109869003296,1.0,7778.576171875,4036.2829204327854,0.6709350347518921,1.0,1.414211520828089,0.04111119412954495,exact_deterministic_ggn_2b,torch.float64,3.39578343222513e-09,8.474620150969764e-14,3.3070137436246054e-12,symmetrized_jacobi_fullfp64_chunked,1024,1.0,1e-06,paper_sgd_momentum_1e-6
14,0,-0.469564288854599,4.951233386993408,-0.4526807367801666,-4.399717330932617,0.2380378097295761,0.0,0.00015000000000000004,1.2822458744049072,91.08,0.62,241,0.5179806351661682,26,0.08368873596191406,-0.05587548017501831,0.10414551198482513,0.00010000000000000003,339,1392640,3959.014191313181,1392640,10.0,0.10000000149011612,0.8366152048110962,6.903528690338135,0.4466176927089691,-0.44111746549606323,1.705381155014038,1.0,1.0,512,2.450787305831909,9166.06640625,1.325727335958898e-12,0,0.9652870297431946,0.1,0.3724118769168854,1.0,3606.3017578125,1329.1643398050524,0.5179806351661682,1.0,1.4142116386003454,0.031622898342672345,exact_deterministic_ggn_2b,torch.float64,2.5690413352208452e-08,2.8409519218087167e-14,1.3081023146177623e-12,symmetrized_jacobi_fullfp64_chunked,1024,1.0,1e-06,paper_sgd_momentum_1e-6
14,0,-0.43073129653930664,3.79890513420105,-0.4568028450012207,-3.054070472717285,0.23516051471233368,0.0,0.0005062500000000001,1.1437441110610962,108.15,0.89,243,0.658633291721344,26,0.06640512496232986,-0.05739998072385788,0.1492840200662613,0.00033750000000000007,349,1433600,4127.889395471197,1433600,2.772237539291382,0.10000000149011612,0.8808873891830444,6.723766803741455,0.41870760917663574,-0.48658859729766846,1.5911786556243896,1.0,1.0,512,1.0054876804351807,10645.3671875,2.8297325410621307e-12,0,0.7591477632522583,0.1,0.6156688928604126,1.0,4035.357421875,2370.745694554934,0.658633291721344,1.0,1.414213562373083,0.060354477221061346,exact_deterministic_ggn_2b,torch.float64,7.425563808283187e-08,6.79750112997904e-14,2.3612990444990655e-12,symmetrized_jacobi_fullfp64_chunked,1024,1.0,1e-06,paper_sgd_momentum_1e-6
14,0,-0.4313793182373047,2.5059382915496826,-0.4724233150482178,-3.3320956230163574,0.1945129781961441,0.0,0.00170859375,1.0997587442398071,104.74,1.56,244,0.5658576488494873,26,0.07740873098373413,-0.02680451050400734,0.08342523872852325,0.0011390625,359,1474560,4296.438994990196,1474560,5.333240509033203,0.10000000149011612,0.6751347184181213,6.532270431518555,-0.01833341456949711,-0.6092565655708313,1.940586805343628,1.0,1.0,512,1.0165419578552246,10417.521484375,2.857170467150525e-12,0,0.8836144804954529,0.1,2.098794937133789,1.0,5479.18798828125,3505.654578456262,0.5658576488494873,1.0,1.4142135619160618,0.03721370032550251,exact_deterministic_ggn_2b,torch.float64,1.158506961473904e-06,7.541025114971591e-14,2.773309525004934e-12,symmetrized_jacobi_fullfp64_chunked,1024,1.0,1e-06,paper_sgd_momentum_1e-6
14,0,-0.5101621150970459,2.864755153656006,-0.47787192463874817,-4.0081000328063965,0.15692183375358582,0.0,0.0007593750000000001,1.3461374044418335,131.98,1.31,244,0.6038480997085571,26,0.06982191652059555,0.002747783437371254,0.08050571382045746,0.0005062500000000001,369,1515520,4465.086094236001,1515520,3.275160312652588,0.10000000149011612,0.2917209267616272,6.278017044067383,-0.18748649954795837,-0.4859749972820282,1.3085120916366577,1.0,1.0,512,3.4770665168762207,18784.40234375,5.633843534738818e-12,0,0.828022837638855,0.1,2.8311471939086914,1.0,4346.1044921875,5488.9954469786835,0.6038480997085571,1.0,1.4142133479497598,0.033523120583735716,exact_deterministic_ggn_2b,torch.float64,6.873535767226713e-07,1.0812217027429622e-13,5.443815770199152e-12,symmetrized_jacobi_fullfp64_chunked,1024,1.0,1e-06,paper_sgd_momentum_1e-6
14,0,-0.49396011233329773,0.28612056374549866,-0.4793055057525635,-1.6064157485961914,0.02626209892332554,0.0,0.00022500000000000005,0.7010461091995239,190.22,0.86,244,0.504924476146698,26,0.0545680895447731,-0.02390110492706299,0.012657555751502514,0.00015000000000000004,379,1556480,4633.472744708415,1556480,5.907001495361328,0.10000000149011612,-0.15000352263450623,1.0439320802688599,-0.21527248620986938,-0.4911806583404541,0.07372212409973145,1.0,1.0,512,2.6961426734924316,8792.41015625,1.2781406532772415e-12,0,0.9902471303939819,0.1,0.9894906878471375,1.0,1531.5057373046875,663.1183373129032,0.504924476146698,1.0,1.413173974628681,0.0513868332200694,exact_deterministic_ggn_2b,torch.float64,6.692140885888875e-08,2.988458300585007e-14,1.273393907432738e-12,symmetrized_jacobi_fullfp64_chunked,1024,1.0,1e-06,paper_sgd_momentum_1e-6
14,0,-0.4818941354751587,0.8069127202033997,-0.48327574133872986,-0.7419004440307617,0.004666709806770086,0.0,0.00015000000000000004,0.6172617077827454,418.29,0.44,247,0.5138921737670898,26,0.06262822449207306,-0.008035714738070965,0.0024699154309928417,0.00010000000000000003,389,1597440,4799.734098312445,1597440,2.5282084941864014,0.10000000149011612,-0.272765189409256,0.28306981921195984,-0.25051093101501465,-0.548163890838623,0.004237065557390451,1.0,1.0,512,4.200093746185303,14289.216796875,1.509897590614114e-12,0,0.972966730594635,0.1,2.292797088623047,1.0,3730.03662109375,265.784518310892,0.5138921737670898,1.0,1.4142000341321785,0.052534116932492776,exact_deterministic_ggn_2b,torch.float64,4.473088566214756e-08,2.893934340869401e-14,1.3955740472767413e-12,symmetrized_jacobi_fullfp64_chunked,1024,1.0,1e-06,paper_sgd_momentum_1e-6
14,0,-0.4793962836265564,0.268453985452652,-0.48040035367012024,-1.5722211599349976,0.008946390822529793,0.0,0.00033750000000000007,0.6185506582260132,573.1,0.18,245,0.4067991375923157,26,0.07883474230766296,-0.10417574644088745,0.009270764887332916,0.00022500000000000005,399,1638400,4966.344161300454,1638400,10.0,0.10000000149011612,-0.24828863143920898,1.2119832038879395,-0.291151225566864,-0.5156950354576111,0.05775824934244156,1.0,1.0,512,2.9585328102111816,18525.52734375,2.3434706338106483e-12,0,1.0,0.1,0.6981111764907837,1.0,4114.8994140625,995.9404925657673,0.4067991375923157,1.0,1.4142131752937679,0.02656431439203309,exact_deterministic_ggn_2b,torch.float64,1.6849769224336342e-07,5.250801514592758e-14,2.6250616823479277e-12,symmetrized_jacobi_fullfp64_chunked,1024,1.0,1e-06,paper_sgd_momentum_1e-6
14,0,-0.40097159147262573,5.616156101226807,-0.48517781496047974,-2.6152358055114746,0.31383562088012695,0.0,0.00022500000000000005,1.102186918258667,111.69,0.78,244,0.6531528830528259,26,0.05523926764726639,-0.008016875013709068,0.19205525517463684,0.00015000000000000004,409,1679360,5133.906046260148,1679360,7.7390241622924805,0.10726334154605865,0.02144869789481163,6.4606475830078125,-0.3142993152141571,-0.519461989402771,0.7300218343734741,1.0,1.0,512,0.6560518145561218,14378.2861328125,3.1169944664085166e-12,0,0.76551753282547,0.1,2.060103416442871,1.0,3197.09033203125,2360.4506256079017,0.6531528830528259,1.0,1.4142134742034271,0.0392357383719062,exact_deterministic_ggn_2b,torch.float64,9.731582650829296e-09,7.310186082914478e-14,2.872387307656056e-12,symmetrized_jacobi_fullfp64_chunked,1024,1.0,1e-06,paper_sgd_momentum_1e-6
14,0,-0.5317070484161377,0.5920575261116028,-0.5059234499931335,-2.935530662536621,0.06966791301965714,0.0,0.0005062500000000001,1.1495343446731567,100.43,0.22,242,0.5801124572753906,26,0.07386745512485504,-0.032745733857154846,0.03491157293319702,0.00033750000000000007,419,1720320,5302.848008860368,1720320,5.441135883331299,0.10000000149011612,-0.005518946330994368,2.381544351577759,-0.2988484501838684,-0.5324993133544922,0.4335363805294037,1.0,1.0,512,4.850928783416748,17211.939453125,3.414314591604996e-12,0,0.8619018793106079,0.1,1.5404410362243652,1.0,2076.14306640625,1230.1594514954618,0.5801124572753906,1.0,1.4142134952195327,0.023178311968261735,exact_deterministic_ggn_2b,torch.float64,4.6178587354006595e-07,6.072997169136376e-14,2.686677302657075e-12,symmetrized_jacobi_fullfp64_chunked,1024,1.0,1e-06,paper_sgd_momentum_1e-6
14,0,-0.4933547377586365,3.231809139251709,-0.5026233792304993,-3.3911962509155273,0.07872552424669266,0.0,0.0005062500000000001,1.3524200916290283,150.34,0.73,243,0.4648732542991638,26,0.06594723463058472,-0.03132235258817673,0.04784776270389557,0.00033750000000000007,429,1761280,5471.232708338182,1761280,4.761061191558838,0.10000000149011612,-0.01988903060555458,6.511821269989014,-0.27237117290496826,-0.530561089515686,0.5207322835922241,1.0,1.0,512,1.1431279182434082,14896.015625,1.6933703412069668e-12,0,1.0,0.1,1.0955188274383545,1.0,1710.1834716796875,1084.1150594993828,0.4648732542991638,1.0,1.4142135467891008,0.040810931799927445,exact_deterministic_ggn_2b,torch.float64,1.4648558988028526e-07,4.645781471776618e-14,1.4900711057687426e-12,symmetrized_jacobi_fullfp64_chunked,1024,1.0,1e-06,paper_sgd_momentum_1e-6
14,0,-0.48155415058135986,3.5049829483032227,-0.49657097458839417,-3.1140410900115967,0.08725489675998688,0.0,0.00022500000000000005,1.3473575115203857,153.65,1.04,246,0.5087882280349731,26,0.06400440633296967,-0.030284490436315536,0.06598678231239319,0.00015000000000000004,439,1802240,5638.971343334299,1802240,10.0,0.10000000149011612,0.11250592023134232,6.497414588928223,-0.33752238750457764,-0.5285629034042358,0.9501261711120605,1.0,1.0,512,2.090132236480713,11727.08984375,2.3097951366643886e-12,0,0.9827271103858948,0.1,1.4142142534255981,1.0,1901.7833251953125,1177.8486800386481,0.5087882280349731,1.0,1.4142135622847039,0.03765804013773342,exact_deterministic_ggn_2b,torch.float64,5.1094559694320196e-08,5.106199168653738e-14,2.1999658727418074e-12,symmetrized_jacobi_fullfp64_chunked,1024,1.0,1e-06,paper_sgd_momentum_1e-6
14,0,-0.46935516595840454,4.087107181549072,-0.49957457184791565,-1.5617990493774414,0.08701349794864655,0.0,0.00022500000000000005,1.2382704019546509,136.41,0.48,243,0.5473053455352783,26,0.14838433265686035,-0.01987232081592083,0.06239786371588707,0.00015000000000000004,449,1843200,5807.151477032341,1843200,9.55611801147461,0.10000000149011612,-0.09491191804409027,6.513887882232666,-0.20657406747341156,-0.5528602600097656,0.3029574155807495,1.0,1.0,512,6.993193626403809,29247.1015625,5.016732727825124e-12,0,0.9135668277740479,0.1,8.84636402130127,1.0,2620.6728515625,2184.928820895353,0.5473053455352783,1.0,1.4142135623724232,0.01489230563880468,exact_deterministic_ggn_2b,torch.float64,1.4773765144582285e-07,7.053686105224624e-14,4.2952191157096165e-12,symmetrized_jacobi_fullfp64_chunked,1024,1.0,1e-06,paper_sgd_momentum_1e-6
14,0,-0.478296160697937,5.111183166503906,-0.4991532564163208,-3.4782466888427734,0.18695764243602753,0.0,0.0001,1.1011383533477783,196.46,1.86,244,0.5243352651596069,26,0.059748999774456024,0.002233074977993965,0.09938308596611023,0.0001,459,1884160,5974.677082182374,1884160,4.654208660125732,0.10000000149011612,0.39168012142181396,6.53548002243042,0.05155092477798462,-0.6007579565048218,0.7984602451324463,1.0,1.0,512,1.4363878965377808,21277.63671875,4.9262390293047784e-12,0,0.9535883665084839,0.1,1.3350474834442139,1.0,5441.05126953125,5553.119984886606,0.5243352651596069,1.0,1.4142135621394598,0.031451911750583705,exact_deterministic_ggn_2b,torch.float64,6.530757712397417e-09,1.1891237797788045e-13,4.687845744153741e-12,symmetrized_jacobi_fullfp64_chunked,1024,1.0,1e-06,paper_sgd_momentum_1e-6
14,0,-0.46129918098449707,4.322871685028076,-0.49709275364875793,-5.157919406890869,0.2483147531747818,0.0,0.00010000000000000003,1.1561545133590698,159.35,0.89,244,0.6584851145744324,26,0.06560001522302628,-0.017456546425819397,0.15727350115776062,0.0001,469,1925120,6142.261791349389,1925120,3.0078158378601074,0.10000000149011612,0.3060106635093689,6.500142574310303,-0.04384876787662506,-0.5023258924484253,0.8452868461608887,1.0,1.0,512,1.304710865020752,18151.2421875,4.236170358956898e-12,0,0.7593185901641846,0.1,1.236079454421997,1.0,5114.6005859375,4088.0613797452056,0.6584851145744324,1.0,1.4142135623359635,0.035662501580102396,exact_deterministic_ggn_2b,torch.float64,3.7612513104079426e-09,9.683774276491873e-14,3.887842386115678e-12,symmetrized_jacobi_fullfp64_chunked,1024,1.0,1e-06,paper_sgd_momentum_1e-6
14,0,-0.5131391286849976,4.256997585296631,-0.5182898640632629,-3.2029201984405518,0.09159509837627411,0.0,0.0007593750000000001,1.102548360824585,180.81,1.12,242,0.5145421624183655,26,0.1113818809390068,-0.019931446760892868,0.04064352810382843,0.0005062500000000001,479,1966080,6310.889877466019,1966080,8.43917465209961,0.10000000149011612,0.7393951416015625,6.3557634353637695,0.22797110676765442,-0.5113667249679565,1.653297781944275,1.0,1.0,512,3.754117488861084,23029.951171875,5.277283049633116e-12,0,0.9717376828193665,0.1,1.3034576177597046,1.0,9840.998046875,7601.997397869804,0.5145421624183655,1.0,1.414213543687286,0.019558475490648077,exact_deterministic_ggn_2b,torch.float64,1.0220886679235264e-06,1.0318612077586147e-13,5.895456596318131e-12,symmetrized_jacobi_fullfp64_chunked,1024,1.0,1e-06,paper_sgd_momentum_1e-6
14,0,-0.5366612672805786,2.4867420196533203,-0.5421029925346375,-3.361379623413086,0.11579038947820663,0.0,0.0005062500000000001,1.1509490013122559,192.92,1.77,246,0.5037636160850525,26,0.08300091326236725,-0.019585680216550827,0.0618252195417881,0.00033750000000000007,489,2007040,6479.035994992126,2007040,8.501080513000488,0.1324315220117569,0.4966363310813904,6.224129676818848,0.3329470455646515,-0.5188324451446533,0.8470957279205322,1.0,1.0,512,2.951557159423828,22526.125,6.352707852719397e-12,0,0.9925289750099182,0.1,1.7215816974639893,1.0,7358.83154296875,7781.439174407734,0.5037636160850525,1.0,1.4141901027336095,0.036017542386655624,exact_deterministic_ggn_2b,torch.float64,3.7259553664625855e-07,1.332544805121144e-13,4.8746660829911225e-12,symmetrized_jacobi_fullfp64_chunked,1024,1.0,1e-06,paper_sgd_momentum_1e-6
14,0,-0.5690215826034546,0.597037136554718,-0.5366895794868469,-4.500622272491455,0.14530707895755768,0.0,0.0005062500000000001,0.8406752347946167,165.6,1.56,245,0.4784982204437256,26,0.08317059278488159,-0.04049130529165268,0.06563255190849304,0.00033750000000000007,499,2048000,6646.46197379427,2048000,3.8303911685943604,0.10000000149011612,1.2600733041763306,4.465948581695557,0.7165728211402893,-0.5416614413261414,2.5135669708251953,1.0,1.0,512,1.3429139852523804,32771.51171875,6.6267922752470366e-12,0,1.0,0.1,1.049885869026184,1.0,14172.796875,13077.38829132666,0.4784982204437256,1.0,1.4142133047081558,0.0191594189894681,exact_deterministic_ggn_2b,torch.float64,1.7208708413818385e-07,1.800340642643087e-13,5.6072917082143245e-12,symmetrized_jacobi_fullfp64_chunked,1024,1.0,1e-06,paper_sgd_momentum_1e-6
14,0,-0.4804399013519287,3.679703712463379,-0.5347862243652344,-5.522174835205078,0.18531711399555206,0.0,0.0005062500000000001,0.827564537525177,150.6,2.03,243,0.5831917524337769,26,0.07408031076192856,-0.027587782591581345,0.1606270670890808,0.00033750000000000007,509,2088960,6814.445250704419,2088960,4.1737847328186035,0.10000000149011612,0.8390721082687378,5.975419521331787,0.47001025080680847,-0.5479785203933716,1.554366946220398,1.0,1.0,512,2.5346031188964844,21119.1484375,2.996591825250017e-12,0,0.8573509454727173,0.1,4.144213676452637,1.0,5800.9443359375,3865.904223876523,0.5831917524337769,1.0,1.4142135622865688,0.028482387875911088,exact_deterministic_ggn_2b,torch.float64,2.387411655035976e-07,5.694469056744662e-14,2.6102335564315776e-12,symmetrized_jacobi_fullfp64_chunked,1024,1.0,1e-06,paper_sgd_momentum_1e-6
14,0,-0.5859530568122864,0.7497098445892334,-0.5600839257240295,-3.97574782371521,0.09045754373073578,0.0,0.0005062500000000001,0.9119699597358704,172.09,1.67,243,0.601199209690094,26,0.08968580514192581,0.03441673144698143,0.0834769681096077,0.00033750000000000007,519,2129920,6983.187485370319,2129920,10.0,0.10000000149011612,0.753675639629364,3.7993719577789307,0.1873226910829544,-0.5809335112571716,1.57205069065094,1.0,1.0,512,5.927429676055908,54436.8046875,1.314259169444514e-11,0,0.8316709995269775,0.1,2.251380681991577,1.0,7209.4619140625,10102.567873569096,0.6011992692947388,1.0,1.414213561963638,0.023781387035354498,exact_deterministic_ggn_2b,torch.float64,5.253752419775992e-07,2.0829978454218576e-13,1.139573026187915e-11,symmetrized_jacobi_fullfp64_chunked,1024,1.0,1e-06,paper_sgd_momentum_1e-6
14,0,-0.49276939034461975,4.826684951782227,-0.5467319488525391,-2.1204092502593994,0.214347705245018,0.0,0.00033750000000000007,0.8318449258804321,154.99,1.77,244,0.586615264415741,26,0.09040558338165283,-0.0725967139005661,0.18162143230438232,0.00022500000000000005,529,2170880,7150.9259098093025,2170880,10.0,0.10000000149011612,0.939502477645874,6.259232997894287,0.4473801255226135,-0.6113171577453613,1.7509101629257202,1.0,1.0,512,3.581526279449463,45371.54296875,7.385399483805482e-12,0,0.8523474335670471,0.1,1.4656720161437988,1.0,12382.814453125,12973.23702863933,0.586615264415741,1.0,1.4142135623726335,0.01121993135276417,exact_deterministic_ggn_2b,torch.float64,1.481900540056813e-07,1.2917142173170745e-13,8.113963025413006e-12,symmetrized_jacobi_fullfp64_chunked,1024,1.0,1e-06,paper_sgd_momentum_1e-6
14,0,-0.6356194019317627,4.36888313293457,-0.5902076959609985,-5.044774055480957,0.2615676522254944,0.0,0.0005062500000000001,0.7704342603683472,173.5,1.6,244,0.5608717799186707,26,0.06847357004880905,-0.04340814799070358,0.18556009232997894,0.00033750000000000007,539,2211840,7319.516562901437,2211840,4.2061381340026855,0.10000000149011612,1.274221658706665,5.544772624969482,0.7818844318389893,-0.5693626999855042,2.382171630859375,1.0,1.0,512,2.6943087577819824,50057.36328125,1.2338941275643882e-11,0,0.8914693593978882,0.1,1.089925765991211,1.0,13311.34375,13419.6471737166,0.5608717799186707,1.0,1.4142135623717162,0.018679559872647303,exact_deterministic_ggn_2b,torch.float64,2.743849734088144e-07,2.3408317425291077e-13,1.0707277407710952e-11,symmetrized_jacobi_fullfp64_chunked,1024,1.0,1e-06,paper_sgd_momentum_1e-6
14,0,-0.5625676512718201,3.1251394748687744,-0.5647289752960205,-3.959841012954712,0.14388403296470642,0.0,0.00033750000000000007,0.728821337223053,199.76,2.52,245,0.5359851121902466,26,0.06264244019985199,-0.03455493599176407,0.13031671941280365,0.00022500000000000005,549,2252800,7488.673942740075,2252800,6.266663074493408,0.10000000149011612,0.7166769504547119,5.962264060974121,0.2525312602519989,-0.5751804709434509,1.3462061882019043,1.0,1.0,512,3.400054454803467,42113.32421875,9.98660293280042e-12,0,0.9328617453575134,0.1,2.6762547492980957,1.0,8743.3798828125,9446.270954241356,0.5359851121902466,1.0,1.4142135623730558,0.01770609796381262,exact_deterministic_ggn_2b,torch.float64,1.685147879015858e-07,1.841649841872006e-13,8.425925225826366e-12,symmetrized_jacobi_fullfp64_chunked,1024,1.0,1e-06,paper_sgd_momentum_1e-6
14,0,-0.5100395083427429,3.8259363174438477,-0.5435691475868225,-1.8848152160644531,0.12534373998641968,0.0,0.00033750000000000007,0.917387843132019,182.01,2.26,245,0.561566948890686,26,0.07080759108066559,-0.03427096828818321,0.13520939648151398,0.00022500000000000005,559,2293760,7656.933991969097,2293760,3.452285051345825,0.10498560965061188,0.6296625137329102,5.385205268859863,0.012743889354169369,-0.6066281199455261,2.0208523273468018,1.0,1.0,512,3.4861340522766113,48826.0546875,2.1241075697315417e-11,0,0.890365719795227,0.1,2.217149019241333,1.0,13760.544921875,17485.91857759625,0.5615670084953308,1.0,1.414213562295961,0.021506536742474616,exact_deterministic_ggn_2b,torch.float64,1.5739776415557571e-07,3.9233548236667423e-13,1.3958762249705977e-11,symmetrized_jacobi_fullfp64_chunked,1024,1.0,1e-06,paper_sgd_momentum_1e-6
14,0,-0.5004018545150757,4.128291606903076,-0.5710869431495667,-4.367093563079834,0.21647299826145172,0.0,0.00033750000000000007,0.6459245085716248,211.74,2.38,241,0.5389949083328247,26,0.1418609321117401,-0.034747540950775146,0.21167954802513123,0.00022500000000000005,569,2334720,7825.646095821168,2334720,10.0,0.10000000149011612,0.9190493822097778,5.348086357116699,0.5819055438041687,-0.5849339365959167,1.4359065294265747,1.0,1.0,512,4.254073143005371,108205.203125,2.7013540166156067e-11,0,0.9276525378227234,0.1,3.995121717453003,1.0,12348.244140625,22680.961580236362,0.5389949083328247,1.0,1.4142135400471356,0.005322112607570567,exact_deterministic_ggn_2b,torch.float64,2.0849383020049572e-07,4.340186806566796e-13,2.5856982258749687e-11,symmetrized_jacobi_fullfp64_chunked,1024,1.0,1e-06,paper_sgd_momentum_1e-6
14,0,-0.5195652842521667,4.0614914894104,-0.5862662196159363,-1.9025804996490479,0.14704711735248566,0.0,0.00010000000000000003,0.7452225685119629,168.38,3.26,241,0.54465252161026,26,0.09507741034030914,0.0007902318611741066,0.08875718712806702,0.0001,579,2375680,7994.207402918022,2375680,10.0,0.10000000149011612,1.1955101490020752,5.796570301055908,0.7105187773704529,-0.593950629234314,2.39485239982605,1.0,1.0,512,4.352989196777344,108915.453125,1.961232718142281e-11,0,0.9180166125297546,0.1,4.949570178985596,1.0,21594.73828125,29768.98457668404,0.5446524620056152,1.0,1.4142135623730472,0.02434262899627876,exact_deterministic_ggn_2b,torch.float64,1.834250618060196e-08,3.3863667435697477e-13,1.1120409803131402e-11,symmetrized_jacobi_fullfp64_chunked,1024,1.0,1e-06,paper_sgd_momentum_1e-6
14,0,-0.5698285698890686,1.5884398221969604,-0.6044995784759521,-2.2309932708740234,0.09371837228536606,0.0,0.00022500000000000005,0.8736463785171509,149.7,2.04,245,0.49944913387298584,26,0.08979921042919159,-0.001360088586807251,0.04792824015021324,0.00015000000000000004,589,2416640,8161.922121618409,2416640,3.5062785148620605,0.10000000149011612,0.6050165891647339,5.13841438293457,0.28301405906677246,-0.6021058559417725,1.1990631818771362,1.0,1.0,512,5.894844055175781,50935.69921875,5.2668099211678526e-12,0,1.0,0.1,0.9067240357398987,1.0,8195.990234375,9079.684406996133,0.49944913387298584,1.0,1.414213562372945,0.027293151812473725,exact_deterministic_ggn_2b,torch.float64,1.4921323554517585e-07,8.559154940123179e-14,4.095250009643854e-12,symmetrized_jacobi_fullfp64_chunked,1024,1.0,1e-06,paper_sgd_momentum_1e-6
14,0,-0.5654464364051819,3.4059267044067383,-0.6007606983184814,-2.2999141216278076,0.1167750209569931,0.0,0.00022500000000000005,1.109072208404541,193.17,2.56,244,0.5216635465621948,26,0.08425559103488922,-0.0077547337859869,0.07560911029577255,0.00015000000000000004,599,2457600,8329.701424155384,2457600,9.896415710449219,0.10000000149011612,0.25736644864082336,5.091237545013428,-0.02760687842965126,-0.6053479313850403,0.6839052438735962,1.0,1.0,512,8.846097946166992,42071.6484375,4.895733275644513e-12,0,0.9584721922874451,0.1,2.5463509559631348,1.0,4507.4267578125,4125.298753693331,0.5216635465621948,1.0,1.4142135393958817,0.013740565183792535,exact_deterministic_ggn_2b,torch.float64,2.0570546155340708e-07,6.577742208459423e-14,4.267004210646192e-12,symmetrized_jacobi_fullfp64_chunked,1024,1.0,1e-06,paper_sgd_momentum_1e-6
14,0,-0.6422911882400513,0.01925797387957573,-0.6281660199165344,-1.9132180213928223,0.03998899087309837,0.0,0.00015000000000000004,1.1114907264709473,157.4,1.34,243,0.5661976933479309,26,0.08639519661664963,-0.01826753094792366,0.038854360580444336,0.00010000000000000003,609,2498560,8498.082416856196,2498560,4.657758712768555,0.10000000149011612,0.1506422460079193,5.054905414581299,-0.10213962197303772,-0.6094998717308044,0.8908534646034241,1.0,1.0,512,4.404698371887207,31391.98828125,5.294156642030989e-12,0,0.8830837607383728,0.1,1.1738866567611694,1.0,5890.88818359375,7249.088565990221,0.5661976933479309,1.0,1.4142135623729974,0.015181513698338759,exact_deterministic_ggn_2b,torch.float64,3.864315445412103e-08,9.872782082573696e-14,3.562758380125085e-12,symmetrized_jacobi_fullfp64_chunked,1024,1.0,1e-06,paper_sgd_momentum_1e-6
14,0,-0.615070641040802,1.7409067153930664,-0.6169044971466064,-2.1311380863189697,0.05706597864627838,0.0,0.0001,0.9518630504608154,141.25,2.32,242,0.49980250000953674,26,0.07914196699857712,-0.03613347187638283,0.03799908235669136,0.0001,619,2539520,8666.672529088333,2539520,6.359808444976807,0.10000000149011612,0.3346511721611023,4.963273048400879,0.15429145097732544,-0.6118958592414856,1.1021076440811157,1.0,1.0,512,10.446685791015625,57885.44921875,8.510975564909455e-12,0,1.0,0.1,5.070812225341797,1.0,7816.689453125,9156.055964106808,0.49980250000953674,1.0,1.4142135623718877,0.020048199101360336,exact_deterministic_ggn_2b,torch.float64,5.223342469662384e-08,1.0837264369158516e-13,6.947485552181779e-12,symmetrized_jacobi_fullfp64_chunked,1024,1.0,1e-06,paper_sgd_momentum_1e-6
14,0,-0.6150168776512146,0.602632999420166,-0.6169781684875488,-1.917333722114563,0.0511544905602932,0.0,0.0001,1.0047577619552612,165.63,2.39,244,0.5052785873413086,26,0.09148751199245453,-0.06849132478237152,0.03276709467172623,0.0001,629,2580480,8834.77812891826,2580480,2.236468553543091,0.10000000149011612,0.3593616187572479,4.931729316711426,0.09401638060808182,-0.6126411557197571,1.1136142015457153,1.0,1.0,512,18.955617904663086,50591.60546875,5.855296192557568e-12,0,0.9895530939102173,0.1,1.4814423322677612,1.0,4992.91796875,6532.813924533937,0.5052785873413086,1.0,1.4142117419751659,0.0379323551958568,exact_deterministic_ggn_2b,torch.float64,9.28081576034856e-08,5.758847042612159e-14,4.079143195068384e-12,symmetrized_jacobi_fullfp64_chunked,1024,1.0,1e-06,paper_sgd_momentum_1e-6
14,0,-0.6023373603820801,4.515572547912598,-0.6232856512069702,-3.562473773956299,0.17922887206077576,0.0,0.00033750000000000007,0.7943567037582397,148.72,2.57,244,0.5619747638702393,26,0.09574739634990692,-0.05723268538713455,0.11887890100479126,0.00022500000000000005,639,2621440,9002.903916737065,2621440,5.23376989364624,0.10000000149011612,1.4186601638793945,5.434906959533691,0.4667370021343231,-0.6290414929389954,3.4956023693084717,1.0,1.0,512,3.036698579788208,88977.84375,1.1547309880899732e-11,0,0.8897196650505066,0.1,0.855872631072998,1.0,22325.853515625,20547.11569598323,0.5619747638702393,1.0,1.4142135623730632,0.01905505493095017,exact_deterministic_ggn_2b,torch.float64,1.369070048440335e-07,2.332366861964529e-13,8.793862569921402e-12,symmetrized_jacobi_fullfp64_chunked,1024,1.0,1e-06,paper_sgd_momentum_1e-6
14,0,-0.6559808254241943,2.543907642364502,-0.640629768371582,-5.610295295715332,0.11406993865966797,0.0,0.00010000000000000003,0.8868633508682251,177.6,1.82,244,0.5150805115699768,26,0.11243274062871933,-0.002505652606487274,0.09320135414600372,0.0001,649,2662400,9171.695309331175,2662400,6.611494064331055,0.10000000149011612,0.9759252071380615,4.718544960021973,0.16573727130889893,-0.6262433528900146,2.7744333744049072,1.0,1.0,512,8.882871627807617,62998.05078125,1.2228007960590786e-11,0,0.9707220196723938,0.1,18.5714054107666,1.0,11300.8076171875,12382.229087984286,0.5150805115699768,1.0,1.4142135623125718,0.020015440510586874,exact_deterministic_ggn_2b,torch.float64,4.185170610071509e-08,1.518971004563281e-13,7.25932359666613e-12,symmetrized_jacobi_fullfp64_chunked,1024,1.0,1e-06,paper_sgd_momentum_1e-6
14,0,-0.6549708247184753,3.6009232997894287,-0.6460894346237183,-1.9416089057922363,0.07622233778238297,0.0,0.00010000000000000003,0.7317360043525696,188.87,1.71,243,0.9642199277877808,26,0.08551408350467682,-0.12308517843484879,0.0720745176076889,0.0001,659,2703360,9339.864472139161,2703360,5.0764641761779785,0.10000000149011612,1.0107078552246094,4.66747522354126,0.31636855006217957,-0.6295861005783081,2.6207001209259033,1.0,1.0,512,7.153301239013672,91770.3359375,1.2580055382753531e-11,0,0.5185539126396179,0.1,8.055071830749512,1.0,18191.689453125,25884.80834989351,0.9642199277877808,1.0,1.4142135623674548,0.010209471878904345,exact_deterministic_ggn_2b,torch.float64,9.617547647167157e-09,1.8314389434695085e-13,1.0067222840559443e-11,symmetrized_jacobi_fullfp64_chunked,1024,1.0,1e-06,paper_sgd_momentum_1e-6
14,0,-0.5878863334655762,3.246281623840332,-0.6127735376358032,-2.0742387771606445,0.14856652915477753,0.0,0.00022500000000000005,0.7725476622581482,197.49,2.6,242,0.5452253222465515,26,0.08590725064277649,-0.0014658421277999878,0.1260070651769638,0.00015000000000000004,669,2744320,9507.902955210302,2744320,5.293728828430176,0.10000000149011612,0.5936880111694336,4.60749626159668,0.27954909205436707,-0.774096667766571,1.5948035717010498,1.0,1.0,512,4.837742328643799,74730.71875,6.938948986829119e-12,0,0.9170520305633545,0.1,3.6179752349853516,1.0,9627.3349609375,11207.31876214555,0.5452253222465515,1.0,1.414213562372991,0.016508086330331177,exact_deterministic_ggn_2b,torch.float64,1.0298303720901458e-07,1.1556361869579128e-13,6.279117322699359e-12,symmetrized_jacobi_fullfp64_chunked,1024,1.0,1e-06,paper_sgd_momentum_1e-6
14,0,-0.6181530952453613,3.431955337524414,-0.6360074281692505,-1.4508010149002075,0.05694909021258354,0.0,0.00015000000000000004,0.7110027074813843,124.29,1.59,241,0.5600417256355286,26,0.09060072898864746,-0.057207029312849045,0.034051112830638885,0.00010000000000000003,679,2785280,9676.81527123414,2785280,3.9036314487457275,0.10000000149011612,0.06005454063415527,4.570154666900635,0.06730165332555771,-0.6359772682189941,0.365830659866333,1.0,1.0,512,6.725945472717285,54441.796875,5.207291435783196e-12,0,0.8927904963493347,0.1,2.5882680416107178,1.0,4945.0078125,3552.7445101322996,0.5600417852401733,1.0,1.4142135623447358,0.013566181743831089,exact_deterministic_ggn_2b,torch.float64,6.031218191537846e-08,7.94312148906835e-14,4.643360860009587e-12,symmetrized_jacobi_fullfp64_chunked,1024,1.0,1e-06,paper_sgd_momentum_1e-6
14,0,-0.6656962633132935,3.7971949577331543,-0.6475610136985779,-2.9641177654266357,0.08171825110912323,0.0,0.00010000000000000003,0.8786780834197998,193.08,2.94,244,0.47072863578796387,26,0.09496866166591644,-0.016455423086881638,0.09065669029951096,0.0001,689,2826240,9845.393012553453,2826240,10.0,0.10000000149011612,0.16290128231048584,4.590231418609619,-0.2812570035457611,-0.6368810534477234,1.3693630695343018,1.0,1.0,512,11.217931747436523,79765.59375,1.5453247572356215e-11,0,1.0,0.1,5.578407287597656,1.0,14795.44140625,20894.456492915106,0.47072863578796387,1.0,1.4142135623679455,0.010738003370485189,exact_deterministic_ggn_2b,torch.float64,5.608965381043163e-08,1.8287959360595523e-13,1.2956701825739099e-11,symmetrized_jacobi_fullfp64_chunked,1024,1.0,1e-06,paper_sgd_momentum_1e-6
14,0,-0.6786597967147827,-0.04606044664978981,-0.6548032760620117,-2.958622932434082,0.03869074210524559,0.0,0.0001,0.9422268867492676,192.14,2.14,243,0.5244714617729187,26,0.10986097157001495,-0.08434589952230453,0.016888871788978577,0.0001,699,2867200,10012.655673835427,2867200,3.4608500003814697,0.10000000149011612,0.2584892511367798,4.005467891693115,-0.18384233117103577,-0.6523334383964539,1.5189504623413086,1.0,1.0,512,64.80534362792969,70208.109375,9.313367641436657e-12,0,0.9533407092094421,0.1,1.2840092182159424,1.0,8894.0732421875,13510.776901406465,0.5244714617729187,1.0,1.4142135623562773,0.019264105512797506,exact_deterministic_ggn_2b,torch.float64,2.94494441277493e-07,5.037765450824764e-14,8.638736122575573e-12,symmetrized_jacobi_fullfp64_chunked,1024,1.0,1e-06,paper_sgd_momentum_1e-6
14,0,-0.6172188520431519,4.072939872741699,-0.6530550718307495,-1.67253577709198,0.14031937718391418,0.0,0.0005062500000000001,0.6729391813278198,231.57,2.5,245,0.5328390598297119,26,0.06267822533845901,-0.03324948996305466,0.10884425044059753,0.00033750000000000007,709,2908160,10180.333327139262,2908160,4.292367935180664,0.10000000149011612,0.976189374923706,4.9250922203063965,0.009611150249838829,-0.6548302173614502,2.723924398422241,1.0,1.0,512,2.254129648208618,69839.640625,1.589608006617952e-11,0,0.938369631767273,0.1,8.781469345092773,1.0,27222.05859375,25315.608978366836,0.5328390598297119,1.0,1.4142135622742416,0.011476907311195682,exact_deterministic_ggn_2b,torch.float64,2.5434715666960983e-07,3.0979972230868836e-13,1.6976095291321066e-11,symmetrized_jacobi_fullfp64_chunked,1024,1.0,1e-06,paper_sgd_momentum_1e-6
14,0,-0.5800882577896118,4.1365227699279785,-0.6264082193374634,-1.679057002067566,0.15795865654945374,0.0,0.0001,0.5865407586097717,271.98,2.75,245,0.4976198971271515,26,0.07129161804914474,-0.012547864578664303,0.09971630573272705,0.0001,719,2949120,10347.72358630225,2949120,3.137275457382202,0.10000000149011612,0.8966535925865173,4.446678161621094,0.756327211856842,-0.6612706780433655,0.823297381401062,1.0,1.0,512,7.849724769592285,86686.0625,1.0654093145796907e-11,0,1.0,0.1,2.861692190170288,1.0,17267.025390625,18188.56240993075,0.4976198971271515,1.0,1.4142135618531777,0.019211992583834884,exact_deterministic_ggn_2b,torch.float64,3.924861857740325e-08,1.4917622842417558e-13,1.0188275756790173e-11,symmetrized_jacobi_fullfp64_chunked,1024,1.0,1e-06,paper_sgd_momentum_1e-6
14,0,-0.634367823600769,0.6079214811325073,-0.6514095664024353,-1.9385550022125244,0.0423327200114727,0.0,0.00010000000000000003,0.7815755605697632,185.97,2.01,245,0.5386406779289246,26,0.07981720566749573,-0.033416323363780975,0.030803760513663292,0.0001,729,2990080,10515.046701931395,2990080,4.114980697631836,0.10982029139995575,0.3478909134864807,4.443741321563721,-0.05189536511898041,-0.6517106294631958,1.133070707321167,1.0,1.0,512,7.280053615570068,49889.49609375,6.985572473068055e-12,0,0.9282625913619995,0.1,9.611352920532227,1.0,12287.064453125,12300.519824701872,0.5386406779289246,1.0,1.4142135623713679,0.026051434967011285,exact_deterministic_ggn_2b,torch.float64,3.136507231715768e-08,1.0085733715811089e-13,6.3452578620643965e-12,symmetrized_jacobi_fullfp64_chunked,1024,1.0,1e-06,paper_sgd_momentum_1e-6
14,0,-0.705769419670105,-0.06457553803920746,-0.669073760509491,-5.34883975982666,0.08275999873876572,0.0,0.00015000000000000004,0.5833598971366882,202.15,1.58,245,0.5127800107002258,26,0.07433269917964935,0.0013520065695047379,0.09934477508068085,0.00010000000000000003,739,3031040,10682.001690598205,3031040,10.0,0.10000000149011612,1.7931886911392212,4.264102935791016,0.35884803533554077,-0.6507189273834229,3.8087737560272217,1.0,1.0,512,9.987947463989258,130552.0859375,2.6574673964974674e-11,0,0.9750770330429077,0.1,5.005843639373779,1.0,30969.5390625,34006.95092666027,0.5127800107002258,1.0,1.4142135596249295,0.007755127125446545,exact_deterministic_ggn_2b,torch.float64,1.068333119746967e-07,3.3774090941245976e-13,2.6276091749272417e-11,symmetrized_jacobi_fullfp64_chunked,1024,1.0,1e-06,paper_sgd_momentum_1e-6
14,0,-0.6478170156478882,3.500230312347412,-0.6620566844940186,-2.252850294113159,0.12214034050703049,0.0,0.00022500000000000005,0.6952458620071411,223.31,3.46,245,0.505489706993103,26,0.09121458232402802,-0.03483268618583679,0.14095240831375122,0.00015000000000000004,749,3072000,10849.384836719371,3072000,3.904167413711548,0.10000000149011612,0.7987843751907349,4.346433162689209,0.26410654187202454,-0.6666192412376404,1.9069738388061523,1.0,1.0,512,4.3533196449279785,81899.3046875,1.4039881443141821e-11,0,0.9891397953033447,0.1,2.613586902618408,1.0,18626.123046875,21312.74334591823,0.505489706993103,1.0,1.4142135623730758,0.015089947706420243,exact_deterministic_ggn_2b,torch.float64,1.0781295856077122e-07,2.36476374212844e-13,1.1908892571236245e-11,symmetrized_jacobi_fullfp64_chunked,1024,1.0,1e-06,paper_sgd_momentum_1e-6
14,0,-0.6249052882194519,3.4657516479492188,-0.650587797164917,-1.6760773658752441,0.09484957158565521,0.0,0.00022500000000000005,0.844836950302124,195.39,2.28,243,0.5944997072219849,26,0.07616612315177917,-0.00038507580757141113,0.0536217987537384,0.00015000000000000004,759,3112960,11017.789001253434,3112960,6.64183235168457,0.10000000149011612,0.1367749273777008,4.324377536773682,0.11856533586978912,-0.9179794788360596,0.39082664251327515,1.0,1.0,512,6.335057258605957,52818.63671875,8.43170275857905e-12,0,0.8410432934761047,0.1,9.386143684387207,1.0,4398.35888671875,5648.076830310512,0.5944997072219849,1.0,1.4142134334156324,0.0202625377730946,exact_deterministic_ggn_2b,torch.float64,1.1342851280460309e-07,1.2721018595215686e-13,6.975454437320627e-12,symmetrized_jacobi_fullfp64_chunked,1024,1.0,1e-06,paper_sgd_momentum_1e-6
14,0,-0.6637306213378906,0.04390069842338562,-0.6585917472839355,-1.844990611076355,0.027676532045006752,0.0,0.00010000000000000003,0.7064992785453796,226.39,2.15,244,0.5142152309417725,26,0.06290817260742188,-0.05122138187289238,0.025843657553195953,0.0001,769,3153920,11185.570416934323,3153920,3.849653482437134,0.10000000149011612,0.44027525186538696,4.3086934089660645,0.22017258405685425,-0.7048665285110474,1.0817333459854126,1.0,1.0,512,9.771330833435059,69992.046875,9.667019858731597e-12,0,0.9723554849624634,0.1,1.1755974292755127,1.0,9897.900390625,15341.499121042852,0.5142152309417725,1.0,1.4142135623729106,0.012829757934331247,exact_deterministic_ggn_2b,torch.float64,4.619275273398671e-08,1.2829095151032057e-13,8.036110249779848e-12,symmetrized_jacobi_fullfp64_chunked,1024,1.0,1e-06,paper_sgd_momentum_1e-6
14,0,-0.6764094829559326,2.8155438899993896,-0.6735889315605164,-1.8599108457565308,0.05966811254620552,0.0,0.0001,0.7043669819831848,177.94,2.43,245,0.5007113814353943,26,0.07215177267789841,-0.03699193149805069,0.03245528042316437,0.0001,779,3194880,11353.299244944006,3194880,4.315040588378906,0.10000000149011612,0.5238125324249268,4.281172275543213,0.3082190752029419,-0.6806672215461731,1.2983144521713257,1.0,1.0,512,8.396718978881836,70684.890625,1.1504955747705543e-11,0,0.9985792636871338,0.1,4.705488681793213,1.0,10088.0615234375,14195.130586212073,0.5007113814353943,1.0,1.4142135496360357,0.01860474813568825,exact_deterministic_ggn_2b,torch.float64,4.186438573583473e-08,1.601201936742099e-13,1.0762393369755655e-11,symmetrized_jacobi_fullfp64_chunked,1024,1.0,1e-06,paper_sgd_momentum_1e-6
14,0,-0.6922404766082764,2.8251113891601562,-0.6923970580101013,-1.9630235433578491,0.06482863426208496,0.0,0.00010000000000000003,0.5138578414916992,237.16,1.9,245,0.4706386625766754,26,0.08206811547279358,-0.021450944244861603,0.055465348064899445,0.0001,789,3235840,11521.327746976167,3235840,4.94065523147583,0.10000000149011612,1.1397349834442139,4.235935211181641,0.33863601088523865,-0.6913678050041199,2.700331211090088,1.0,1.0,512,21.44961166381836,94298.671875,1.284709919483495e-11,0,1.0,0.1,6.477189540863037,1.0,30199.8359375,29878.597871226066,0.470638632774353,1.0,1.414213562372958,0.011993877354424821,exact_deterministic_ggn_2b,torch.float64,1.0724804866413251e-07,1.1683503422067825e-13,1.1601099400390284e-11,symmetrized_jacobi_fullfp64_chunked,1024,1.0,1e-06,paper_sgd_momentum_1e-6
14,0,-0.694865882396698,-0.057949554175138474,-0.6849890351295471,-2.101729393005371,0.031875621527433395,0.0,0.00010000000000000003,0.5141938924789429,264.08,1.98,245,0.5220025777816772,26,0.08212919533252716,-0.026790432631969452,0.028474655002355576,0.0001,799,3276800,11688.477565912995,3276800,3.8494231700897217,0.10000000149011612,0.23307830095291138,3.178715705871582,0.15954352915287018,-0.693435788154602,0.35482585430145264,1.0,1.0,512,8.645159721374512,54525.71484375,8.750190512386917e-12,0,0.9578495621681213,0.1,2.1674458980560303,1.0,10309.25390625,7297.6413083966545,0.522002637386322,1.0,1.414213562339577,0.029883760996227606,exact_deterministic_ggn_2b,torch.float64,3.96586230522189e-08,1.219500811093229e-13,8.21933126178914e-12,symmetrized_jacobi_fullfp64_chunked,1024,1.0,1e-06,paper_sgd_momentum_1e-6
14,0,-0.687526524066925,0.15050770342350006,-0.6848405003547668,-1.7323830127716064,0.029737142845988274,0.0,0.00010000000000000003,0.6214137077331543,199.28,2.16,243,0.5149358510971069,26,0.08353059738874435,-0.04313068836927414,0.017815934494137764,0.0001,809,3317760,11856.280733538326,3317760,4.99774169921875,0.10000000149011612,0.17897281050682068,4.202516555786133,-0.03941710665822029,-0.6785712838172913,0.671620786190033,1.0,1.0,512,15.347530364990234,70499.4375,9.210922761659422e-12,0,0.9709947109222412,0.1,4.557992458343506,1.0,6554.16064453125,8021.986380924781,0.5149358510971069,1.0,1.4142120506439626,0.022550700109221933,exact_deterministic_ggn_2b,torch.float64,7.235060905941282e-08,9.923946190249828e-14,8.75816075085262e-12,symmetrized_jacobi_fullfp64_chunked,1024,1.0,1e-06,paper_sgd_momentum_1e-6
14,0,-0.6285601854324341,4.071360111236572,-0.6766653656959534,-1.5450901985168457,0.14386175572872162,0.0,0.0005062500000000001,0.7808865308761597,199.37,2.21,246,0.47929275035858154,26,0.06293115019798279,-0.006659660954028368,0.09619265794754028,0.00033750000000000007,819,3358720,12023.645131974015,3358720,3.206712007522583,0.10000000149011612,0.20360270142555237,4.201671123504639,0.00867378432303667,-0.7489186525344849,0.9264518618583679,1.0,1.0,512,7.909428119659424,82216.6328125,8.481795163814566e-12,0,1.0,0.1,26.65371322631836,1.0,7260.76904296875,8832.48807730901,0.47929275035858154,1.0,1.4142135619521756,0.016567432251812047,exact_deterministic_ggn_2b,torch.float64,1.013549990602769e-06,1.0613503321306862e-13,7.614276383031782e-12,symmetrized_jacobi_fullfp64_chunked,1024,1.0,1e-06,paper_sgd_momentum_1e-6
14,0,-0.6569451093673706,3.031369924545288,-0.6758548021316528,-5.941350936889648,0.22991973161697388,0.0,0.00022500000000000005,0.7489616870880127,257.08,3.73,245,0.5630762577056885,26,0.10292042046785355,0.0026982538402080536,0.20152407884597778,0.00015000000000000004,829,3399680,12191.378061182331,3399680,10.0,0.10000000149011612,0.5730925798416138,4.185751438140869,0.31163424253463745,-0.6851063370704651,1.2911486625671387,1.0,1.0,512,8.27925968170166,121328.640625,2.0804689469962598e-11,0,0.88797926902771,0.1,4.402498245239258,1.0,14136.4248046875,24833.58647367435,0.5630761981010437,1.0,1.4142135543431789,0.013265333923902504,exact_deterministic_ggn_2b,torch.float64,1.6524647605820064e-07,2.76543603181998e-13,1.4296977464057592e-11,symmetrized_jacobi_fullfp64_chunked,1024,1.0,1e-06,paper_sgd_momentum_1e-6
14,0,-0.6185333728790283,3.389636754989624,-0.6939520239830017,-2.1939284801483154,0.248050719499588,0.0,0.00033750000000000007,0.7057445645332336,208.75,3.19,243,0.5219601988792419,26,0.07538504898548126,-0.015686899423599243,0.2055644541978836,0.00022500000000000005,839,3440640,12358.982501431368,3440640,3.531609535217285,0.10000000149011612,0.5718855261802673,4.1801605224609375,0.30422085523605347,-0.7754904627799988,1.3666315078735352,1.0,1.0,512,7.553541660308838,93214.2265625,1.351298446577519e-11,0,0.9579274654388428,0.1,4.842067718505859,1.0,16471.46484375,21844.502447928124,0.5219601988792419,1.0,1.4142135622886447,0.019887196281558557,exact_deterministic_ggn_2b,torch.float64,3.9476032043239684e-07,1.7962580800170428e-13,1.1977063619695786e-11,symmetrized_jacobi_fullfp64_chunked,1024,1.0,1e-06,paper_sgd_momentum_1e-6
14,0,-0.6543634533882141,3.362363338470459,-0.7068830132484436,-1.699151635169983,0.16767819225788116,0.0,0.00033750000000000007,0.6659204959869385,235.54,2.68,247,0.49505117535591125,26,0.10119765996932983,-0.005186308175325394,0.17782531678676605,0.00022500000000000005,849,3481600,12525.972308076452,3481600,4.138587474822998,0.10000000149011612,0.7848157286643982,4.149783611297607,0.21722067892551422,-0.7097177505493164,1.7451424598693848,1.0,1.0,512,4.647402763366699,97852.25,1.0888805775895254e-11,0,1.0,0.1,7.410792350769043,1.0,19979.28515625,26968.264298965172,0.49505117535591125,1.0,1.4142135621557954,0.007810350054880285,exact_deterministic_ggn_2b,torch.float64,2.6468413238944777e-07,1.7038688597171802e-13,1.0429712107069888e-11,symmetrized_jacobi_fullfp64_chunked,1024,1.0,1e-06,paper_sgd_momentum_1e-6
14,0,-0.6808342933654785,2.290642738342285,-0.6978155970573425,-2.555098056793213,0.08583170920610428,0.0,0.00015000000000000004,0.5906078219413757,232.98,4.06,247,0.4818879961967468,26,0.061940521001815796,-0.03664179891347885,0.05550616607069969,0.00010000000000000003,859,3522560,12691.722043821122,3522560,2.8901336193084717,0.1215205043554306,0.7114949226379395,4.100513935089111,0.318814754486084,-0.7044419050216675,1.506131887435913,1.0,1.0,512,7.039673805236816,82804.625,1.4813762553505198e-11,0,1.0,0.1,1.6792973279953003,1.0,14970.880859375,15414.016071769676,0.4818879961967468,1.0,1.4142135623726726,0.010220020278886906,exact_deterministic_ggn_2b,torch.float64,7.919634015252086e-08,2.2362545672485855e-13,1.3413424270482039e-11,symmetrized_jacobi_fullfp64_chunked,1024,1.0,1e-06,paper_sgd_momentum_1e-6
14,0,-0.6987578868865967,3.1558284759521484,-0.719717800617218,-2.3194873332977295,0.0767853781580925,0.0,0.00015000000000000004,0.6153396368026733,199.15,2.92,243,0.5147887468338013,26,0.10345850139856339,-0.013673137873411179,0.06856627017259598,0.00010000000000000003,869,3563520,12858.440823464189,3563520,4.132905006408691,0.10000000149011612,0.6558628082275391,4.479965686798096,-0.10287676751613617,-0.8211790919303894,1.8585208654403687,1.0,1.0,512,9.396271705627441,91424.03125,1.502206574666999e-11,0,0.9712722301483154,0.1,2.051801919937134,1.0,23228.125,26400.550763411535,0.5147887468338013,1.0,1.4142135455928464,0.014053612643194536,exact_deterministic_ggn_2b,torch.float64,9.972178105499552e-08,1.9903441039274278e-13,1.212412405913597e-11,symmetrized_jacobi_fullfp64_chunked,1024,1.0,1e-06,paper_sgd_momentum_1e-6
14,0,-0.7417668104171753,2.8133726119995117,-0.7328661680221558,-2.346076726913452,0.13035209476947784,0.0,0.00015000000000000004,0.6785399913787842,194.92,2.64,246,0.5168454051017761,26,0.0829191729426384,-0.046864092350006104,0.07587606459856033,0.00010000000000000003,879,3604480,13024.918165484443,3604480,3.971403121948242,0.11176254600286484,0.9685711860656738,4.429928302764893,1.007638931274414,-0.7099352478981018,1.683174967765808,1.0,1.0,512,10.190841674804688,118144.0234375,1.7487065773169235e-11,0,0.9674072861671448,0.1,5.314028739929199,1.0,27985.36328125,38255.58629500104,0.5168454051017761,1.0,1.4142135502334807,0.010333426883030015,exact_deterministic_ggn_2b,torch.float64,1.0729546318088978e-07,2.18909798957191e-13,1.5206963160522256e-11,symmetrized_jacobi_fullfp64_chunked,1024,1.0,1e-06,paper_sgd_momentum_1e-6
14,0,-0.6663076877593994,2.651984691619873,-0.7089686989784241,-1.9963195323944092,0.12367767840623856,0.0,0.00022500000000000005,0.7863483428955078,165.32,2.75,245,0.43673795461654663,26,0.08778221905231476,-0.030249256640672684,0.1313512921333313,0.00015000000000000004,889,3645440,13191.436711766291,3645440,8.077691078186035,0.10000000149011612,0.2363128662109375,3.965083599090576,0.3093295991420746,-0.814210832118988,0.885947585105896,1.0,1.0,512,4.821002960205078,51606.828125,7.621482718918624e-12,0,1.0,0.1,5.1100263595581055,1.0,6096.353515625,4834.071676544734,0.43673795461654663,1.0,1.4142108839404424,0.014170995880170944,exact_deterministic_ggn_2b,torch.float64,1.2203163635149394e-07,1.216232240963616e-13,6.658096915870456e-12,symmetrized_jacobi_fullfp64_chunked,1024,1.0,1e-06,paper_sgd_momentum_1e-6
14,0,-0.7339762449264526,3.453382730484009,-0.7298527956008911,-2.0616226196289062,0.10466157644987106,0.0,0.0001,0.6905357837677002,156.35,2.4,246,0.6101948022842407,26,0.11044427752494812,-0.024698970839381218,0.045654840767383575,0.0001,899,3686400,13358.092219114304,3686400,4.190343379974365,0.10000000149011612,0.4513707160949707,3.951558828353882,0.33992743492126465,-0.7552984952926636,1.264931321144104,1.0,1.0,512,76.0732650756836,112396.2109375,1.8355809770486848e-11,0,0.8194104433059692,0.1,3.2603118419647217,1.0,12187.3359375,20720.7738757706,0.6101948022842407,1.0,1.4142056103490361,0.018667618508581712,exact_deterministic_ggn_2b,torch.float64,2.553906597313471e-07,9.181536792019537e-14,1.1258105235034963e-11,symmetrized_jacobi_fullfp64_chunked,1024,1.0,1e-06,paper_sgd_momentum_1e-6
14,0,-0.6847909688949585,3.4684436321258545,-0.7201225161552429,-1.807989478111267,0.11425360292196274,0.0,0.00015000000000000004,0.6646835803985596,196.4,3.15,246,0.44844120740890503,26,0.08150379359722137,0.031196027994155884,0.1020202785730362,0.00010000000000000003,909,3727360,13524.60021197144,3727360,5.558662414550781,0.10000000149011612,0.4658452272415161,3.933063268661499,-0.0472191758453846,-0.767134428024292,1.4121694564819336,1.0,1.0,512,8.572436332702637,77909.46875,1.1910279609289102e-11,0,1.0,0.1,5.274113655090332,1.0,9755.173828125,10248.5347884103,0.44844120740890503,1.0,1.41421356148871,0.007433672366874455,exact_deterministic_ggn_2b,torch.float64,9.643991916163941e-08,1.598969939456909e-13,8.397498114298471e-12,symmetrized_jacobi_fullfp64_chunked,1024,1.0,1e-06,paper_sgd_momentum_1e-6
14,0,-0.7625673413276672,1.6661980152130127,-0.7413613796234131,-3.0133702754974365,0.08530375361442566,0.0,0.00015000000000000004,0.6710354089736938,173.57,2.79,246,0.5494101047515869,26,0.05716361850500107,-0.025321511551737785,0.06796938925981522,0.00010000000000000003,919,3768320,13691.622986761387,3768320,3.7466442584991455,0.11200010776519775,0.5953543186187744,3.902571678161621,0.3759681284427643,-0.7257129549980164,0.8482650518417358,1.0,1.0,512,6.286026477813721,69463.46875,9.98863965283853e-12,0,0.910067081451416,0.1,1.5736967325210571,1.0,9507.728515625,12690.149698529118,0.5494100451469421,1.0,1.4142135409360994,0.023538192544373362,exact_deterministic_ggn_2b,torch.float64,5.8570044814132416e-08,1.5733842086356676e-13,8.547799465758156e-12,symmetrized_jacobi_fullfp64_chunked,1024,1.0,1e-06,paper_sgd_momentum_1e-6
14,0,-0.7433609962463379,2.2443530559539795,-0.7283112406730652,-3.485060691833496,0.12590104341506958,0.0,0.00033750000000000007,0.7379832863807678,227.33,3.69,245,0.6216170787811279,26,0.0948992595076561,-0.03454175963997841,0.09522156417369843,0.00022500000000000005,929,3809280,13859.171573840082,3809280,10.0,0.10000000149011612,0.7457669973373413,4.288886070251465,0.646213710308075,-0.8169686794281006,1.1154584884643555,1.0,1.0,512,6.279263973236084,102032.390625,2.388905306251301e-11,0,0.8043537139892578,0.1,0.8702462911605835,1.0,12689.4765625,22065.523456276693,0.6216170787811279,1.0,1.414213561980803,0.013748997525330604,exact_deterministic_ggn_2b,torch.float64,2.3137714322274405e-07,3.723629055571791e-13,2.0358811030749076e-11,symmetrized_jacobi_fullfp64_chunked,1024,1.0,1e-06,paper_sgd_momentum_1e-6
14,0,-0.7073023915290833,2.6750686168670654,-0.7220841646194458,-2.808586835861206,0.09902048856019974,0.0,0.00010000000000000003,0.6549065113067627,199.33,3.44,246,0.45517948269844055,26,0.06656257063150406,-0.01237020269036293,0.08716624975204468,0.0001,939,3850240,14026.100573469419,3850240,10.0,0.10000000149011612,0.8471981287002563,3.8315718173980713,0.2898997366428375,-0.7775241136550903,1.7745599746704102,1.0,1.0,512,10.986879348754883,60235.83984375,6.1237477734390625e-12,0,1.0,0.1,1.8805443048477173,1.0,18968.4140625,18524.86007538472,0.45517948269844055,1.0,1.4142135621806797,0.016232954943191234,exact_deterministic_ggn_2b,torch.float64,5.493439303450032e-08,7.492139780163884e-14,5.804570604466815e-12,symmetrized_jacobi_fullfp64_chunked,1024,1.0,1e-06,paper_sgd_momentum_1e-6
14,0,-0.7639832496643066,1.7015239000320435,-0.7528291344642639,-2.2077033519744873,0.07246830314397812,0.0,0.00015000000000000004,0.7238169312477112,172.71,2.75,246,0.5399693250656128,26,0.05709492042660713,-0.05713183432817459,0.032770879566669464,0.00010000000000000003,949,3891200,14193.830332915299,3891200,3.378199815750122,0.10000000149011612,0.6140689253807068,3.841578722000122,0.40195468068122864,-0.7928074598312378,1.4495362043380737,1.0,1.0,512,8.935909271240234,89616.84375,1.1311101952026609e-11,0,0.9259785413742065,0.1,2.2813639640808105,1.0,12858.64453125,15153.097997964294,0.5399693250656128,1.0,1.414213562355416,0.015327170038152933,exact_deterministic_ggn_2b,torch.float64,8.61972040411274e-08,1.5532538912680483e-13,1.0421666380232335e-11,symmetrized_jacobi_fullfp64_chunked,1024,1.0,1e-06,paper_sgd_momentum_1e-6
14,0,-0.753179669380188,2.7353172302246094,-0.763336718082428,-2.3450632095336914,0.09645427018404007,0.0,0.00010000000000000003,0.631089448928833,194.36,3.12,247,0.47059792280197144,26,0.06725718080997467,0.006863301619887352,0.07397638261318207,0.0001,959,3932160,14360.924558033235,3932160,4.077585220336914,0.10000000149011612,1.0571483373641968,3.7900516986846924,0.548082709312439,-0.7755593061447144,2.0944771766662598,1.0,1.0,512,4.269405364990234,104519.8125,1.2665314150461224e-11,0,1.0,0.1,2.776644229888916,1.0,20769.6484375,27543.315789329834,0.47059792280197144,1.0,1.414213562369918,0.009536307449703805,exact_deterministic_ggn_2b,torch.float64,2.1347025480622506e-08,2.2746221426156324e-13,1.173929435972657e-11,symmetrized_jacobi_fullfp64_chunked,1024,1.0,1e-06,paper_sgd_momentum_1e-6
14,0,-0.756695032119751,2.4485487937927246,-0.7510814666748047,-2.946530818939209,0.09844282269477844,0.0,0.0001,0.8291646242141724,166.36,2.58,246,0.4534604251384735,26,0.07967441529035568,-0.004974422976374626,0.06964157521724701,0.0001,969,3973120,14527.71940800827,3973120,10.0,0.10383784770965576,0.501570463180542,3.7615504264831543,0.32998165488243103,-0.7860106229782104,1.237174153327942,1.0,1.0,512,4.8756513595581055,89264.890625,8.453226438086396e-12,0,1.0,0.1,1.0735723972320557,1.0,9650.1533203125,12945.262689002693,0.4534603953361511,1.0,1.4142135623634755,0.014352691520802595,exact_deterministic_ggn_2b,torch.float64,2.4378254082080275e-08,1.4496332155381744e-13,7.738491215048162e-12,symmetrized_jacobi_fullfp64_chunked,1024,1.0,1e-06,paper_sgd_momentum_1e-6
14,0,-0.7182210683822632,2.4866251945495605,-0.7484932541847229,-2.5420572757720947,0.09272314608097076,0.0,0.00015000000000000004,0.7217351198196411,182.55,3.92,242,0.548643946647644,26,0.08271151036024094,-0.007527405396103859,0.08716121315956116,0.00010000000000000003,979,4014080,14695.292841053102,4014080,5.178162574768066,0.10000000149011612,0.8031214475631714,4.132271766662598,0.53938889503479,-0.926909863948822,1.3953630924224854,1.0,1.0,512,4.34332275390625,97640.625,9.21209281481118e-12,0,0.9113378524780273,0.1,4.1588544845581055,1.0,9608.611328125,11926.584057410439,0.548643946647644,1.0,1.41421352759024,0.015479590832972191,exact_deterministic_ggn_2b,torch.float64,4.05819982063349e-08,1.6136096197844345e-13,8.896911714984437e-12,symmetrized_jacobi_fullfp64_chunked,1024,1.0,1e-06,paper_sgd_momentum_1e-6
14,0,-0.7231045961380005,2.5310885906219482,-0.7585846185684204,-3.197166919708252,0.14601492881774902,0.0,0.00015000000000000004,0.7265565395355225,189.29,3.26,246,0.5351182222366333,26,0.10014460980892181,-0.03655042126774788,0.06380432844161987,0.00010000000000000003,989,4055040,14861.795428897254,4055040,3.3315844535827637,0.10000000149011612,0.7706778049468994,3.6816320419311523,0.3657471835613251,-1.2304532527923584,1.5862748622894287,1.0,1.0,512,10.81330394744873,116213.59375,1.5505285078898037e-11,0,0.9343729615211487,0.1,2.5156829357147217,1.0,14192.3994140625,20005.18882431992,0.5351182222366333,1.0,1.4142135623716128,0.016019363978399547,exact_deterministic_ggn_2b,torch.float64,1.0620661328175629e-07,1.9510430214213427e-13,1.5079938916351162e-11,symmetrized_jacobi_fullfp64_chunked,1024,1.0,1e-06,paper_sgd_momentum_1e-6
14,0,-0.7857734560966492,2.5201220512390137,-0.7765112519264221,-2.9286370277404785,0.10134443640708923,0.0,0.00022500000000000005,0.6541427373886108,189.12,2.84,246,0.5757477283477783,26,0.07850494980812073,-0.05497361347079277,0.06403055042028427,0.00015000000000000004,999,4096000,15028.663892377168,4096000,3.5597527027130127,0.10000000149011612,0.5205844044685364,3.6546640396118164,0.4360397756099701,-0.8097634315490723,0.7666782140731812,1.0,1.0,512,3.9589760303497314,94503.046875,1.1280052613630547e-11,0,0.868435800075531,0.1,0.8189413547515869,1.0,9787.52734375,9808.270301811584,0.5757477879524231,1.0,1.4142135623486793,0.018646498388339282,exact_deterministic_ggn_2b,torch.float64,7.557764547527768e-08,2.1594694537976303e-13,1.0976620209248769e-11,symmetrized_jacobi_fullfp64_chunked,1024,1.0,1e-06,paper_sgd_momentum_1e-6
14,0,-0.7639844417572021,1.4839247465133667,-0.7608300447463989,-2.8081130981445312,0.08503661304712296,0.0,0.00022500000000000005,0.6165581941604614,168.87,2.86,247,0.4834102988243103,26,0.07358997315168381,-0.06597347557544708,0.054449353367090225,0.00015000000000000004,1009,4136960,15195.555145077407,4136960,3.5784010887145996,0.10000000149011612,0.30186155438423157,3.647703170776367,0.09315548837184906,-0.8086469173431396,0.7945271134376526,1.0,1.0,512,7.673897743225098,85121.828125,8.488339145532823e-12,0,1.0,0.1,1.2094228267669678,1.0,8140.7685546875,9794.69258998385,0.4834102988243103,1.0,1.414213562372779,0.010527180973942042,exact_deterministic_ggn_2b,torch.float64,1.9424552988311916e-07,1.2484197301922747e-13,7.587168946305931e-12,symmetrized_jacobi_fullfp64_chunked,1024,1.0,1e-06,paper_sgd_momentum_1e-6
14,0,-0.7729751467704773,2.815025568008423,-0.7656724452972412,-3.122586250305176,0.09315627813339233,0.0,0.00010000000000000003,0.6882723569869995,157.36,2.96,246,0.622325599193573,26,0.06544925272464752,-0.0740928202867508,0.13329017162322998,0.0001,1019,4177920,15362.413661039434,4177920,4.905707359313965,0.10000000149011612,0.4714825749397278,3.6404807567596436,0.08104786276817322,-0.8306338787078857,1.3951544761657715,1.0,1.0,512,6.311100482940674,109702.2578125,3.195723745589269e-11,0,0.8034379482269287,0.1,2.480778217315674,1.0,13605.5556640625,14242.375465915311,0.622325599193573,1.0,1.4142135623664152,0.018503858417897527,exact_deterministic_ggn_2b,torch.float64,2.0369471442904796e-08,4.87237761117711e-13,2.91093465579112e-11,symmetrized_jacobi_fullfp64_chunked,1024,1.0,1e-06,paper_sgd_momentum_1e-6
14,0,-0.719673752784729,2.5279362201690674,-0.7573716044425964,-1.850277066230774,0.07967115193605423,0.0,0.00015000000000000004,0.7976224422454834,173.72,3.14,245,0.5166910886764526,26,0.09501846134662628,-0.041432932019233704,0.061821769922971725,0.00010000000000000003,1029,4218880,15529.488512882032,4218880,5.474912643432617,0.10000000149011612,0.3961023688316345,4.037034034729004,0.14713743329048157,-0.8584389090538025,0.9714240431785583,1.0,1.0,512,8.952348709106445,76424.4765625,1.1205344346977002e-11,0,0.9676961898803711,0.1,35.4100341796875,1.0,12759.62109375,15173.239932022572,0.5166910886764526,1.0,1.4142135623730876,0.019318121027018725,exact_deterministic_ggn_2b,torch.float64,9.431214920141429e-08,1.321014847271782e-13,8.0068631029301e-12,symmetrized_jacobi_fullfp64_chunked,1024,1.0,1e-06,paper_sgd_momentum_1e-6
14,0,-0.7255802154541016,2.7753589153289795,-0.7633985280990601,-1.655171275138855,0.08441951125860214,0.0,0.00022500000000000005,0.6443352699279785,200.19,2.91,247,0.46098223328590393,26,0.11700807511806488,0.018342848867177963,0.0591290257871151,0.00015000000000000004,1039,4259840,15698.53805335518,4259840,4.768405914306641,0.10000000149011612,0.23793940246105194,4.035762310028076,0.19315464794635773,-0.7718772888183594,0.4022420048713684,1.0,1.0,512,6.947373390197754,80518.6875,1.1352352317805304e-11,0,1.0,0.1,3.942074775695801,1.0,6076.55615234375,4885.13540020401,0.4609822630882263,1.0,1.4142135614750548,0.022904265182301556,exact_deterministic_ggn_2b,torch.float64,1.7585537648301397e-07,1.696986550109704e-13,1.0329608901725434e-11,symmetrized_jacobi_fullfp64_chunked,1024,1.0,1e-06,paper_sgd_momentum_1e-6
14,0,-0.8358627557754517,1.5466920137405396,-0.7913650870323181,-2.874401807785034,0.10467040538787842,0.0,0.00015000000000000004,0.7767094373703003,192.15,2.57,245,0.5517845749855042,26,0.08601075410842896,-0.060615815222263336,0.05762580782175064,0.00010000000000000003,1049,4300800,15865.862594125327,4300800,4.455443859100342,0.10000000149011612,0.16449935734272003,4.031874656677246,0.22059190273284912,-0.7762525677680969,0.5736477375030518,1.0,1.0,512,5.941590309143066,125750.1796875,2.1756629873082267e-11,0,0.906150758266449,0.1,1.8113951683044434,1.0,8767.076171875,9420.10014710065,0.5517845749855042,1.0,1.4142135623694199,0.01638826027595218,exact_deterministic_ggn_2b,torch.float64,5.488531229502769e-08,3.555645745555799e-13,1.715289283758905e-11,symmetrized_jacobi_fullfp64_chunked,1024,1.0,1e-06,paper_sgd_momentum_1e-6
14,0,-0.8211100101470947,2.0089104175567627,-0.793163537979126,-5.389308929443359,0.15747594833374023,0.0,0.00022500000000000005,0.7839900255203247,223.39,3.54,246,0.5030260682106018,26,0.2213936746120453,-0.04730123281478882,0.06344635784626007,0.00015000000000000004,1059,4341760,16033.88074749615,4341760,7.6767778396606445,0.10000000149011612,0.43347153067588806,3.6415982246398926,0.37303245067596436,-0.9234803318977356,0.7645973563194275,1.0,1.0,512,124.44474792480469,131502.40625,1.546468157808169e-11,0,0.9939841628074646,0.1,4.639444351196289,1.0,6597.580078125,10619.338204937127,0.5030261278152466,1.0,1.4142135623723553,0.013740359421775792,exact_deterministic_ggn_2b,torch.float64,3.1122217478696257e-06,6.068509742106061e-14,1.2054658420991197e-11,symmetrized_jacobi_fullfp64_chunked,1024,1.0,1e-06,paper_sgd_momentum_1e-6
14,0,-0.7800580263137817,1.5923495292663574,-0.79776531457901,-3.0296332836151123,0.06753423064947128,0.0,0.00010000000000000003,0.5990800857543945,236.28,3.21,246,0.5635286569595337,26,0.0768870934844017,-0.024950813502073288,0.07420606911182404,0.0001,1069,4382720,16201.050743894186,4382720,4.029512405395508,0.10364830493927002,0.7365862131118774,3.5885820388793945,0.6820480227470398,-0.8156554698944092,0.8544999361038208,1.0,1.0,512,15.562198638916016,101153.2890625,1.311594797161736e-11,0,0.8872663378715515,0.1,2.428156852722168,1.0,8662.625,9881.298116888542,0.5635286569595337,1.0,1.414213557097861,0.01838548034961681,exact_deterministic_ggn_2b,torch.float64,6.125603846385275e-08,1.3871473374000325e-13,1.2448073423938603e-11,symmetrized_jacobi_fullfp64_chunked,1024,1.0,1e-06,paper_sgd_momentum_1e-6
14,0,-0.817008376121521,1.3146222829818726,-0.7925593852996826,-2.9434096813201904,0.07519609481096268,0.0,0.00010000000000000003,0.6104035973548889,206.24,3.11,246,0.526746928691864,26,0.09989466518163681,-0.06975582987070084,0.05304368957877159,0.0001,1079,4423680,16368.160910826176,4423680,6.898172855377197,0.10000000149011612,0.7357608079910278,3.562570095062256,0.5541232228279114,-0.9066783785820007,1.2415592670440674,1.0,1.0,512,15.74690055847168,93952.015625,1.3942724518865907e-11,0,0.9492224454879761,0.1,1.3911539316177368,1.0,10877.458984375,11195.415544499301,0.526746928691864,1.0,1.4142135611787277,0.014565847480819327,exact_deterministic_ggn_2b,torch.float64,7.094161702525525e-08,1.4957270295213814e-13,1.1885381653917868e-11,symmetrized_jacobi_fullfp64_chunked,1024,1.0,1e-06,paper_sgd_momentum_1e-6
14,0,-0.7697410583496094,2.115788221359253,-0.7809563279151917,-2.013991594314575,0.04765160009264946,0.0,0.00015000000000000004,0.6395406723022461,173.67,2.82,247,0.4528605043888092,26,0.0651979073882103,-0.02553131803870201,0.043755657970905304,0.00010000000000000003,1089,4464640,16535.29515284719,4464640,3.564068078994751,0.10000000149011612,0.5368128418922424,3.5555341243743896,0.43402987718582153,-0.8465936779975891,0.6623514294624329,1.0,1.0,512,4.947846412658691,90774.484375,1.061659877419123e-11,0,1.0,0.1,2.152951955795288,1.0,8510.51953125,7484.632139429689,0.4528605043888092,1.0,1.4142135605116637,0.017646891539993863,exact_deterministic_ggn_2b,torch.float64,5.5663278430984064e-08,1.8351766284784684e-13,8.991137271053443e-12,symmetrized_jacobi_fullfp64_chunked,1024,1.0,1e-06,paper_sgd_momentum_1e-6
14,0,-0.8094392418861389,-0.1534002423286438,-0.7969244718551636,-3.1212282180786133,0.039853014051914215,0.0,0.0001,0.6812788844108582,183.41,2.58,245,0.4596167802810669,26,0.06383983790874481,-0.0058326758444309235,0.04302467405796051,0.0001,1099,4505600,16702.32562561333,4505600,2.248838186264038,0.10000000149011612,0.5153242945671082,3.5491783618927,0.3226713538169861,-0.9215648174285889,1.3758108615875244,1.0,1.0,512,12.687173843383789,121154.7890625,1.1134897863659464e-11,0,1.0,0.1,2.234320640563965,1.0,12743.755859375,18308.436814626697,0.4596168100833893,1.0,1.4142135351877576,0.014801643974051485,exact_deterministic_ggn_2b,torch.float64,6.343586278489965e-08,1.3029267149416405e-13,1.2292210952308387e-11,symmetrized_jacobi_fullfp64_chunked,1024,1.0,1e-06,paper_sgd_momentum_1e-6
14,0,-0.8100252747535706,-0.19473877549171448,-0.7997614741325378,-2.358231544494629,0.02577020786702633,0.0,0.0001,0.6435614824295044,146.75,1.53,247,0.5352329015731812,26,0.07808586955070496,-0.05761789530515671,0.027180250734090805,0.0001,1109,4546560,16869.175136558246,4546560,5.612534523010254,0.10000000149011612,0.059121958911418915,3.540006160736084,-0.5565550327301025,-0.8356772661209106,1.1738725900650024,1.0,1.0,512,16.8966064453125,136134.1875,1.939818374681276e-11,0,0.9341727495193481,0.1,0.4842361807823181,1.0,10825.544921875,19636.81384433092,0.5352329015731812,1.0,1.4142135623494836,0.008719549108880688,exact_deterministic_ggn_2b,torch.float64,7.372653954007546e-08,2.023513889671415e-13,1.9187192346386206e-11,symmetrized_jacobi_fullfp64_chunked,1024,1.0,1e-06,paper_sgd_momentum_1e-6
14,0,-0.8452908992767334,2.288785934448242,-0.820595383644104,-1.9610120058059692,0.10044870525598526,0.0,0.00010000000000000003,0.6590368747711182,168.96,0.73,245,0.5086430907249451,26,0.11300120502710342,-0.07654781639575958,0.075395368039608,0.0001,1119,4587520,17035.66243636422,4587520,3.1618189811706543,0.10000000149011612,-0.1818753182888031,3.5394768714904785,-0.5758180022239685,-0.8628167510032654,0.4475638270378113,1.0,1.0,512,79.56828308105469,121217.1640625,1.2372129866018952e-11,0,0.983007550239563,0.1,1.7961523532867432,1.0,7483.86181640625,7114.390011619435,0.5086430907249451,1.0,1.414213559572338,0.01532507283754576,exact_deterministic_ggn_2b,torch.float64,3.844356797344517e-07,6.060601873673523e-14,9.491781020377098e-12,symmetrized_jacobi_fullfp64_chunked,1024,1.0,1e-06,paper_sgd_momentum_1e-6
14,0,-0.7157264351844788,3.3613393306732178,-0.7675042748451233,-2.148650884628296,0.10398636758327484,0.0,0.00010000000000000003,0.6707479357719421,158.37,1.88,246,0.582737922668457,26,0.1006891056895256,-0.010657092556357384,0.04706884175539017,0.0001,1129,4628480,17202.323798951227,4628480,10.0,0.10000000149011612,0.05525050684809685,3.5499258041381836,-0.04302855581045151,-1.0873912572860718,0.721361517906189,1.0,1.0,512,9.747832298278809,162416.71875,4.177973331271596e-11,0,0.8580187559127808,0.1,29.263153076171875,1.0,15868.9228515625,27405.016565263228,0.5827378630638123,1.0,1.414213497479493,0.012417756266341042,exact_deterministic_ggn_2b,torch.float64,3.588158392631158e-08,4.951032152848407e-13,3.5485279547514344e-11,symmetrized_jacobi_fullfp64_chunked,1024,1.0,1e-06,paper_sgd_momentum_1e-6
14,0,-0.7977458238601685,2.828413724899292,-0.7989380955696106,-2.2531898021698,0.06800080090761185,0.0,0.00015000000000000004,0.6505675315856934,205.72,3.16,246,0.4637007713317871,26,0.08879813551902771,-0.003985541872680187,0.0685899555683136,0.00010000000000000003,1139,4669440,17369.11410299409,4669440,10.0,0.10000000149011612,0.041055645793676376,3.5500025749206543,-0.3645894229412079,-0.8313503265380859,1.116348385810852,1.0,1.0,512,11.373507499694824,122084.15625,1.3505415981592915e-11,0,1.0,0.1,11.621421813964844,1.0,15559.2734375,20579.6416645503,0.4637007713317871,1.0,1.414213562330819,0.010131746813099394,exact_deterministic_ggn_2b,torch.float64,1.279519636909754e-07,1.5818003307188744e-13,1.0763965455973772e-11,symmetrized_jacobi_fullfp64_chunked,1024,1.0,1e-06,paper_sgd_momentum_1e-6
14,0,-0.7887780666351318,1.7633981704711914,-0.792003333568573,-2.152524471282959,0.05592034012079239,0.0,0.00010000000000000003,0.5356572866439819,210.41,2.08,246,0.54189532995224,26,0.11131305992603302,-0.010305818170309067,0.03307754546403885,0.0001,1149,4710400,17535.844275713433,4710400,4.891791820526123,0.10000000149011612,0.2464519441127777,3.9469354152679443,-0.31867358088493347,-0.8678358197212219,1.2685832977294922,1.0,1.0,512,33.65259552001953,168524.84375,1.682595971282202e-11,0,0.9226874113082886,0.1,13.095848083496094,1.0,13945.6279296875,16393.220081441814,0.54189532995224,1.0,1.4142135623729053,0.01483598220052023,exact_deterministic_ggn_2b,torch.float64,1.432510288168487e-07,1.2374368244411704e-13,1.4743136832585966e-11,symmetrized_jacobi_fullfp64_chunked,1024,1.0,1e-06,paper_sgd_momentum_1e-6
14,0,-0.8129730224609375,0.45048487186431885,-0.800574541091919,-2.533994436264038,0.05777262523770332,0.0,0.00010000000000000003,0.6281567811965942,172.57,2.05,245,0.5209167003631592,26,0.10769191384315491,-0.10656777024269104,0.031359247863292694,0.0001,1159,4751360,17702.708990495186,4751360,10.0,0.10000000149011612,-0.07258830964565277,3.5539379119873047,-0.1880892664194107,-0.9380747079849243,0.36286380887031555,1.0,1.0,512,21.961639404296875,95205.71875,1.4655208782248482e-11,0,0.9598463773727417,0.1,0.48701775074005127,1.0,7172.982421875,7580.443102288958,0.5209167003631592,1.0,1.4142135620711231,0.005249807011746667,exact_deterministic_ggn_2b,torch.float64,1.0116684734384762e-07,1.3442706524810986e-13,1.4003452975511033e-11,symmetrized_jacobi_fullfp64_chunked,1024,1.0,1e-06,paper_sgd_momentum_1e-6
14,0,-0.7797272205352783,2.622833728790283,-0.8021884560585022,-1.6496107578277588,0.0696648508310318,0.0,0.00015000000000000004,0.6812849044799805,197.04,2.25,246,0.46771880984306335,26,0.07273851335048676,-0.01580747216939926,0.05299857258796692,0.00010000000000000003,1169,4792320,17869.905617171433,4792320,6.745100975036621,0.10022761672735214,0.14063745737075806,3.5594985485076904,0.07588625699281693,-0.8012902736663818,0.3509365916252136,1.0,1.0,512,6.233382701873779,136701.734375,1.619593854313529e-11,0,1.0,0.1,7.689229965209961,1.0,8112.95703125,15280.781510200792,0.46771880984306335,1.0,1.4142133684575056,0.00727280820425827,exact_deterministic_ggn_2b,torch.float64,7.012555869323478e-08,2.4867568559143734e-13,1.6537402386117142e-11,symmetrized_jacobi_fullfp64_chunked,1024,1.0,1e-06,paper_sgd_momentum_1e-6
14,0,-0.7626706957817078,2.610145092010498,-0.7919668555259705,-2.19085693359375,0.1094757616519928,0.0,0.00015000000000000004,0.6563901901245117,194.64,3.06,245,0.4989302158355713,26,0.09178237617015839,-0.03746163100004196,0.09032727032899857,0.00010000000000000003,1179,4833280,18037.799338401295,4833280,2.698427438735962,0.10000000149011612,0.43140190839767456,3.7247722148895264,0.28751978278160095,-0.8774004578590393,1.0207445621490479,1.0,1.0,512,7.3666181564331055,121145.8671875,1.3410143851204909e-11,0,1.0,0.1,14.961410522460938,1.0,19301.0859375,30060.34685327293,0.4989302158355713,1.0,1.4142119071899024,0.014095540486069433,exact_deterministic_ggn_2b,torch.float64,8.287446462418302e-08,1.81238648409612e-13,9.370586184842944e-12,symmetrized_jacobi_fullfp64_chunked,1024,1.0,1e-06,paper_sgd_momentum_1e-6
14,0,-0.7772703170776367,2.9637362957000732,-0.7961956262588501,-2.1033432483673096,0.0776485875248909,0.0,0.00015000000000000004,0.7915298938751221,158.27,2.42,246,0.5195918083190918,26,0.08033008128404617,-0.03041834942996502,0.053373515605926514,0.00010000000000000003,1189,4874240,18205.82263539033,4874240,2.4385526180267334,0.10000000149011612,0.16633780300617218,3.557162284851074,-0.07003278285264969,-0.8383374214172363,0.6605185866355896,1.0,1.0,512,6.982744216918945,69853.1015625,1.0992551687397278e-11,0,0.9622938632965088,0.1,10.594720840454102,1.0,8019.09619140625,9982.210632169465,0.5195918083190918,1.0,1.4142120864562198,0.013255236808100498,exact_deterministic_ggn_2b,torch.float64,7.274348945429665e-08,1.5754035791241021e-13,9.587375051637449e-12,symmetrized_jacobi_fullfp64_chunked,1024,1.0,1e-06,paper_sgd_momentum_1e-6
14,0,-0.8223663568496704,1.989958643913269,-0.8197252154350281,-2.0056419372558594,0.04795084148645401,0.0,0.0001,0.6102571487426758,230.79,1.67,246,0.4740298390388489,26,0.09161976724863052,-0.04242342710494995,0.0441204309463501,0.0001,1199,4915200,18372.566343030427,4915200,5.682172775268555,0.10000000149011612,-0.044508300721645355,3.5396664142608643,-0.1723596453666687,-0.8173314929008484,0.5977321267127991,1.0,1.0,512,25.724733352661133,93949.359375,9.860748861542565e-12,0,1.0,0.1,1.904175043106079,1.0,5386.107421875,6041.524589615296,0.47402986884117126,1.0,1.4142131544278607,0.0184111990318223,exact_deterministic_ggn_2b,torch.float64,1.2862365394994413e-07,8.377601659742645e-14,8.264330106715417e-12,symmetrized_jacobi_fullfp64_chunked,1024,1.0,1e-06,paper_sgd_momentum_1e-6
14,0,-0.8022871613502502,2.3119056224823,-0.8171842098236084,-1.7849292755126953,0.05618947744369507,0.0,0.00010000000000000003,0.5306456089019775,185.93,1.44,246,0.4536742568016052,26,0.08651883900165558,-0.003914229571819305,0.03657219186425209,0.0001,1209,4956160,18539.939348565415,4956160,3.479262113571167,0.10000000149011612,0.23068656027317047,3.5433878898620605,-0.2261473685503006,-0.8229402303695679,1.0821411609649658,1.0,1.0,512,11.176441192626953,124448.546875,1.5155901042325e-11,0,1.0,0.1,1.5762169361114502,1.0,13072.0234375,21542.071286825347,0.4536742866039276,1.0,1.4142134138595697,0.01041587564195449,exact_deterministic_ggn_2b,torch.float64,5.588220020058543e-08,1.9039657799712186e-13,1.3984957438958739e-11,symmetrized_jacobi_fullfp64_chunked,1024,1.0,1e-06,paper_sgd_momentum_1e-6
14,0,-0.7851221561431885,1.2880394458770752,-0.7931839227676392,-2.7826669216156006,0.06187131255865097,0.0,0.00022500000000000005,0.7069953680038452,168.05,2.36,245,0.5156280994415283,26,0.09827087074518204,-0.0468616783618927,0.047946393489837646,0.00015000000000000004,1219,4997120,18707.416514759418,4997120,9.669478416442871,0.10000000149011612,0.1942969560623169,3.542278528213501,0.013074602000415325,-0.8327515125274658,0.6987255811691284,1.0,1.0,512,9.050539016723633,153989.9375,1.8838038597938768e-11,0,0.9696911573410034,0.1,15.438756942749023,1.0,15225.90234375,26209.150764612048,0.5156280994415283,1.0,1.4142135622483214,0.016320017024972062,exact_deterministic_ggn_2b,torch.float64,2.1541519856782543e-07,2.4357552618533245e-13,1.5700754792748697e-11,symmetrized_jacobi_fullfp64_chunked,1024,1.0,1e-06,paper_sgd_momentum_1e-6
14,0,-0.8441478610038757,1.9708428382873535,-0.818367063999176,-4.207952499389648,0.08618304878473282,0.0,0.00015000000000000004,0.6727912425994873,184.1,1.75,246,0.5270470976829529,26,0.09466971457004547,0.008580360561609268,0.057851824909448624,0.00010000000000000003,1229,5038080,18874.990924590267,5038080,10.0,0.10000000149011612,0.42949551343917847,3.533989429473877,0.40430715680122375,-0.8179543018341064,1.1069653034210205,1.0,1.0,512,22.276329040527344,122705.953125,3.1388496855196146e-11,0,0.9486818313598633,0.1,10.153571128845215,1.0,15722.3603515625,24984.229058361158,0.5270470976829529,1.0,1.4142124562523115,0.014864447762459246,exact_deterministic_ggn_2b,torch.float64,2.2554715428668715e-07,2.72971092512478e-13,2.2127854969667634e-11,symmetrized_jacobi_fullfp64_chunked,1024,1.0,1e-06,paper_sgd_momentum_1e-6
14,0,-0.8098313808441162,1.9794663190841675,-0.813610315322876,-2.5036237239837646,0.10536216199398041,0.0,0.00010000000000000003,0.8015356063842773,196.9,2.14,245,0.5496074557304382,26,0.0905594527721405,0.0036589279770851135,0.06535007059574127,0.0001,1239,5079040,19042.754216575064,5079040,9.267300605773926,0.10000000149011612,0.013019459322094917,3.5328402519226074,-0.2848876118659973,-0.8394068479537964,0.6062749028205872,1.0,1.0,512,10.377768516540527,123728.890625,1.4837054687450158e-11,0,0.9097402095794678,0.1,4.0533671379089355,1.0,8845.3466796875,15042.597093053499,0.5496074557304382,1.0,1.4142131477607096,0.009605391144069844,exact_deterministic_ggn_2b,torch.float64,4.294461675158345e-08,1.8737962365257972e-13,1.2899409666734947e-11,symmetrized_jacobi_fullfp64_chunked,1024,1.0,1e-06,paper_sgd_momentum_1e-6
14,0,-0.8712091445922852,2.17289662361145,-0.8374345302581787,-4.181570053100586,0.20862357318401337,0.0,0.00010000000000000003,0.5780066251754761,184.85,2.74,245,0.5086080431938171,26,0.140281543135643,-0.099842868745327,0.07440055161714554,0.0001,1249,5120000,19210.46331572719,5120000,2.7196736335754395,0.10000000149011612,0.5826071500778198,3.529726505279541,0.66291743516922,-0.8214403986930847,0.5568503737449646,1.0,1.0,512,48.72492980957031,152638.0625,1.2018702265417827e-11,0,0.9830752611160278,0.1,3.0147786140441895,1.0,13185.6083984375,10127.860340156354,0.5086080431938171,1.0,1.4142135623730008,0.016841015788082263,exact_deterministic_ggn_2b,torch.float64,2.3544784255591367e-07,7.464835000524498e-14,8.052006518996505e-12,symmetrized_jacobi_fullfp64_chunked,1024,1.0,1e-06,paper_sgd_momentum_1e-6
14,0,-0.8040428161621094,2.976588010787964,-0.8201035261154175,-2.052856683731079,0.11354010552167892,0.0,0.00015000000000000004,0.6257855296134949,173.83,2.27,246,0.5368986129760742,26,0.08191024512052536,-0.055530209094285965,0.06803880631923676,0.00010000000000000003,1259,5160960,19377.583879083395,5160960,6.307840347290039,0.10000000149011612,0.2274344116449356,3.5291662216186523,0.1369728296995163,-0.860361635684967,0.7823792099952698,1.0,1.0,512,19.082534790039062,91980.734375,1.3601951758698839e-11,0,0.9312745332717896,0.1,1.8006446361541748,1.0,11904.2001953125,13369.27679350019,0.5368986129760742,1.0,1.4142135348036948,0.008523249112029795,exact_deterministic_ggn_2b,torch.float64,1.8618472097386984e-07,1.3175263536363696e-13,8.605691897661881e-12,symmetrized_jacobi_fullfp64_chunked,1024,1.0,1e-06,paper_sgd_momentum_1e-6
14,0,-0.8451408743858337,0.3646596670150757,-0.8542019724845886,-1.6951639652252197,0.029667606577277184,0.0,0.0001,0.4961315393447876,212.6,1.98,246,0.4955178499221802,26,0.07864432036876678,-0.021305613219738007,0.024731595069169998,0.0001,1269,5201920,19545.435360137373,5201920,5.192001819610596,0.10000000149011612,0.985633134841919,3.4943113327026367,2.0436134338378906,-0.8254010081291199,1.7340301275253296,1.0,1.0,512,12.322463989257812,165200.90625,2.8762321590639368e-11,0,1.0,0.1,0.9320697784423828,1.0,19226.666015625,27947.37228000438,0.4955178499221802,1.0,1.414212841664637,0.008627580329661617,exact_deterministic_ggn_2b,torch.float64,6.161231169699022e-08,3.487081489461187e-13,2.5826469031988225e-11,symmetrized_jacobi_fullfp64_chunked,1024,1.0,1e-06,paper_sgd_momentum_1e-6
14,0,-0.7958611249923706,2.797780990600586,-0.8146097660064697,-1.9558141231536865,0.060764625668525696,0.0,0.00015000000000000004,0.7251869440078735,193.68,2.48,246,0.4409005045890808,26,0.08167405426502228,-0.027791332453489304,0.0712539479136467,0.00010000000000000003,1279,5242880,19712.167825244367,5242880,3.746628999710083,0.10000000149011612,0.009754188358783722,3.492335081100464,-0.29313135147094727,-0.9271981716156006,1.2647781372070312,1.0,1.0,512,11.66008186340332,95587.4609375,8.083903074559616e-12,0,1.0,0.1,40.87394332885742,1.0,10704.166015625,12998.835809866478,0.4409004747867584,1.0,1.4142135623549708,0.013159279457861058,exact_deterministic_ggn_2b,torch.float64,1.3117593766764912e-07,8.544085939349819e-14,6.727529868558774e-12,symmetrized_jacobi_fullfp64_chunked,1024,1.0,1e-06,paper_sgd_momentum_1e-6
14,0,-0.8391817808151245,2.2100327014923096,-0.8353052735328674,-2.0301904678344727,0.05691796541213989,0.0,0.00010000000000000003,0.85948646068573,184.27,2.69,248,0.509135365486145,26,0.08624660223722458,-0.06940901279449463,0.03993429243564606,0.0001,1289,5283840,19880.022065418307,5283840,4.3527374267578125,0.10000000149011612,-0.13083896040916443,3.497443675994873,-0.07337342947721481,-0.8736048340797424,0.22362710535526276,1.0,1.0,512,11.240524291992188,167930.5625,1.6358342585852225e-11,0,0.9820570945739746,0.1,2.8312573432922363,1.0,6431.6865234375,9084.811933940719,0.509135365486145,1.0,1.4142135606540733,0.014541830985645527,exact_deterministic_ggn_2b,torch.float64,5.420384141530121e-08,2.0399295559518336e-13,1.3736976310117747e-11,symmetrized_jacobi_fullfp64_chunked,1024,1.0,1e-06,paper_sgd_momentum_1e-6
14,0,-0.8785804510116577,2.0213027000427246,-0.8380890488624573,-4.43203592300415,0.16277976334095,0.0,0.00022500000000000005,0.8084388971328735,147.81,2.34,244,0.5793828964233398,26,0.12364878505468369,-0.013046542182564735,0.13783331215381622,0.00015000000000000004,1299,5324800,20047.10650076717,5324800,10.0,0.10000000149011612,0.4228745698928833,3.4930014610290527,-0.13102003931999207,-0.8656226396560669,1.4086145162582397,1.0,1.0,512,6.457529067993164,122712.8515625,2.8499103182004984e-11,0,0.8629871606826782,0.1,1.7888495922088623,1.0,16583.44140625,25937.86621026297,0.5793828964233398,1.0,1.4140790867285693,0.014071477522837092,exact_deterministic_ggn_2b,torch.float64,1.21733492619569e-07,4.256420140331998e-13,1.9285444649926353e-11,symmetrized_jacobi_fullfp64_chunked,1024,1.0,1e-06,paper_sgd_momentum_1e-6
14,0,-0.803436279296875,3.093852996826172,-0.8210828900337219,-2.656949520111084,0.09352163225412369,0.0,0.00015000000000000004,0.7045773863792419,164.79,2.94,244,0.4596700966358185,26,0.10758477449417114,-0.04711807519197464,0.05544716864824295,0.00010000000000000003,1309,5365760,20214.102800241206,5365760,10.0,0.10000000149011612,0.3400816023349762,3.4855122566223145,0.1947801262140274,-0.904633641242981,1.027428388595581,1.0,1.0,512,5.405808448791504,89450.6328125,1.0357201898190238e-11,0,1.0,0.1,3.0732550621032715,1.0,11790.44921875,16349.908863531606,0.4596700966358185,1.0,1.4142134980390708,0.012590159586572525,exact_deterministic_ggn_2b,torch.float64,6.081535275370697e-08,1.7217494031335727e-13,8.158765653196674e-12,symmetrized_jacobi_fullfp64_chunked,1024,1.0,1e-06,paper_sgd_momentum_1e-6
14,0,-0.8260528445243835,-0.13045634329319,-0.8112633228302002,-2.7142045497894287,0.04887563735246658,0.0,0.0001,0.6566327810287476,141.01,1.89,247,0.5507144927978516,26,0.08107105642557144,-0.04959084093570709,0.035658422857522964,0.0001,1319,5406720,20380.851007246412,5406720,3.5460312366485596,0.10000000149011612,0.27551907300949097,3.4811713695526123,0.08909881114959717,-0.9804943799972534,0.843294084072113,1.0,1.0,512,16.644468307495117,121942.15625,1.709656302445941e-11,0,0.907911479473114,0.1,4.15575647354126,1.0,9701.423828125,13945.321654791289,0.5507144927978516,1.0,1.4142134707510374,0.016729537950224263,exact_deterministic_ggn_2b,torch.float64,6.860044265977194e-08,1.7727990692849674e-13,1.3418929959094663e-11,symmetrized_jacobi_fullfp64_chunked,1024,1.0,1e-06,paper_sgd_momentum_1e-6
14,0,-0.8681406378746033,1.6942789554595947,-0.8582572937011719,-2.584275960922241,0.059504859149456024,0.0,0.0001,0.6430092453956604,210.66,3.0,248,0.5232821106910706,26,0.11071987450122833,-0.09797553718090057,0.041554324328899384,0.0001,1329,5447680,20547.002074403223,5447680,7.282093524932861,0.10000000149011612,1.0118670463562012,3.4684202671051025,1.088883638381958,-0.9074949026107788,1.4809694290161133,1.0,1.0,512,91.89448547363281,161494.484375,1.7960262602465627e-11,0,0.9555075168609619,0.1,6.362595081329346,1.0,32865.95703125,43496.70496329479,0.5232821106910706,1.0,1.414213534177848,0.007441703447285637,exact_deterministic_ggn_2b,torch.float64,4.1949581941480574e-07,8.191008823277985e-14,1.4939770749708853e-11,symmetrized_jacobi_fullfp64_chunked,1024,1.0,1e-06,paper_sgd_momentum_1e-6
14,0,-0.7831662893295288,1.7177190780639648,-0.8142554759979248,-1.4697329998016357,0.05420905724167824,0.0,0.00010000000000000003,0.7401775121688843,148.14,2.74,247,0.4907999634742737,26,0.07900185883045197,0.002056274563074112,0.03063889592885971,0.0001,1339,5488640,20713.372223050334,5488640,4.229396820068359,0.10000000149011612,0.3422902226448059,3.462388515472412,-0.1167292594909668,-0.9316808581352234,1.2682116031646729,1.0,1.0,512,7.951574802398682,93344.5078125,1.2482855200152966e-11,0,1.0,0.1,9.975896835327148,1.0,13089.513671875,15787.165108212259,0.4907999634742737,1.0,1.4142135508356657,0.010557004973799675,exact_deterministic_ggn_2b,torch.float64,3.975787166154987e-08,1.7291831479616835e-13,1.2874662645303997e-11,symmetrized_jacobi_fullfp64_chunked,1024,1.0,1e-06,paper_sgd_momentum_1e-6
14,0,-0.8047448396682739,2.3948814868927,-0.8280569314956665,-2.3783223628997803,0.06871041655540466,0.0,0.00010000000000000003,0.715289294719696,133.51,2.47,246,0.46757030487060547,26,0.08507449924945831,-0.03425624221563339,0.07682444155216217,0.0001,1349,5529600,20880.31681171106,5529600,8.791569709777832,0.10000000149011612,0.2630663812160492,3.459441661834717,-0.23608306050300598,-0.8689001798629761,1.7924152612686157,1.0,1.0,512,8.638986587524414,89817.859375,1.0755443203982773e-11,0,1.0,0.1,11.926132202148438,1.0,18578.689453125,20460.112079241517,0.46757030487060547,1.0,1.4142135255786987,0.011756832829083493,exact_deterministic_ggn_2b,torch.float64,4.31949302992507e-08,1.390805258073097e-13,1.0128962639122861e-11,symmetrized_jacobi_fullfp64_chunked,1024,1.0,1e-06,paper_sgd_momentum_1e-6
14,0,-0.8343889713287354,0.0464315265417099,-0.8350502252578735,-1.7309057712554932,0.01602909155189991,0.0,0.0001,0.5989816784858704,172.68,1.41,247,0.4976184368133545,26,0.09264668822288513,-0.017504027113318443,0.009680043905973434,0.0001,1359,5570560,21046.861141783185,5570560,10.0,0.10000000149011612,0.46717584133148193,3.4475743770599365,0.3267930746078491,-1.5903127193450928,1.582426905632019,1.0,1.0,512,12.903419494628906,192266.59375,3.688414799385368e-11,0,1.0,0.1,2.24051570892334,1.0,18765.34375,39192.5264140831,0.4976184368133545,1.0,1.4142135619484566,0.009376804582951231,exact_deterministic_ggn_2b,torch.float64,6.451708856047844e-08,4.3369088739117486e-13,2.7455611950106196e-11,symmetrized_jacobi_fullfp64_chunked,1024,1.0,1e-06,paper_sgd_momentum_1e-6
14,0,-0.8605263233184814,1.8237645626068115,-0.8716119527816772,-1.7083226442337036,0.035350847989320755,0.0,0.00010000000000000003,0.5570005178451538,184.47,2.21,248,0.537230372428894,26,0.10938461869955063,-0.036512285470962524,0.020735714584589005,0.0001,1369,5611520,21213.986951351166,5611520,4.41671895980835,0.10000000149011612,1.3935065269470215,3.433615207672119,2.128389835357666,-0.962226152420044,1.2187793254852295,1.0,1.0,512,7.41049861907959,165446.421875,5.033870476185544e-11,0,0.9306994080543518,0.1,5.989741325378418,1.0,26869.921875,44836.40165760647,0.537230372428894,1.0,1.4141888560314104,0.01380111922816723,exact_deterministic_ggn_2b,torch.float64,3.2094920499048385e-08,7.448799349242414e-13,4.513533201358439e-11,symmetrized_jacobi_fullfp64_chunked,1024,1.0,1e-06,paper_sgd_momentum_1e-6
14,0,-0.8245074152946472,1.554408073425293,-0.8403618335723877,-2.7799935340881348,0.07104808837175369,0.0,0.00010000000000000003,0.5556085705757141,458.35,3.3,246,0.4898989498615265,26,0.08515740931034088,-0.01317758858203888,0.04338435083627701,0.0001,1379,5652480,21379.94498567842,5652480,10.0,0.10000000149011612,0.2584715783596039,3.399138927459717,-0.24868567287921906,-0.9247361421585083,1.3105673789978027,1.0,1.0,512,14.098730087280273,135649.71875,1.3395459548396743e-11,0,1.0,0.1,3.2782678604125977,1.0,13106.154296875,18936.926866892914,0.4898989498615265,1.0,1.414212930120634,0.0163154741988583,exact_deterministic_ggn_2b,torch.float64,7.049364114664058e-08,1.4860119538760552e-13,1.1177920852141505e-11,symmetrized_jacobi_fullfp64_chunked,1024,1.0,1e-06,paper_sgd_momentum_1e-6
14,0,-0.8080997467041016,1.8656232357025146,-0.8424551486968994,-1.794924259185791,0.05627365782856941,0.0,0.00010000000000000003,0.7382557392120361,163.77,2.39,245,0.5722689628601074,26,0.08529109507799149,-0.03324243426322937,0.0475771501660347,0.0001,1389,5693440,21547.06356147118,5693440,7.762039661407471,0.10000000149011612,-0.1900903880596161,3.405338764190674,-0.42606452107429504,-0.8556159734725952,0.527543842792511,1.0,1.0,512,8.39516830444336,86938.0625,1.0083256951472511e-11,0,0.8737149238586426,0.1,61.92826461791992,1.0,10574.9130859375,13280.926682785872,0.5722690224647522,1.0,1.4142135623500214,0.007352757238648748,exact_deterministic_ggn_2b,torch.float64,3.204342036156049e-08,1.1142634643349989e-13,9.049531728700007e-12,symmetrized_jacobi_fullfp64_chunked,1024,1.0,1e-06,paper_sgd_momentum_1e-6
14,0,-0.8134987354278564,1.7396628856658936,-0.8281204700469971,-2.392789125442505,0.051945362240076065,0.0,0.00010000000000000003,0.9153726100921631,160.08,1.95,245,0.5299279689788818,26,0.11223036050796509,-0.027245616540312767,0.038217633962631226,0.0001,1399,5734400,21714.19690767629,5734400,7.387692928314209,0.10000000149011612,-0.14309784770011902,3.4076855182647705,-0.5694943070411682,-0.9131171703338623,0.9193882346153259,1.0,1.0,512,20.1923828125,145635.28125,1.785428464769783e-11,0,0.9435244798660278,0.1,25.177488327026367,1.0,12488.7509765625,26350.63358150413,0.5299279689788818,1.0,1.414213540027778,0.008870712755195059,exact_deterministic_ggn_2b,torch.float64,8.988016730882009e-08,1.61243659077365e-13,1.8313246748483407e-11,symmetrized_jacobi_fullfp64_chunked,1024,1.0,1e-06,paper_sgd_momentum_1e-6
14,0,-0.8002526760101318,2.156344413757324,-0.8209191560745239,-1.9032212495803833,0.05273856222629547,0.0,0.0001,0.7875444889068604,173.33,3.41,246,0.5425869226455688,26,0.08096233010292053,0.009616507217288017,0.02359197661280632,0.0001,1409,5775360,21881.62099766545,5775360,6.943378925323486,0.11825315654277802,0.3528766632080078,3.4025425910949707,-0.0295425932854414,-0.888733983039856,1.1818318367004395,1.0,1.0,512,20.0101318359375,96225.53125,1.4501650457005016e-11,0,0.9215114116668701,0.1,11.257153511047363,1.0,11697.1943359375,14967.023516147507,0.5425868630409241,1.0,1.414213459793765,0.013160292034030095,exact_deterministic_ggn_2b,torch.float64,8.496134284996515e-08,1.3635123438539542e-13,1.3815112186400989e-11,symmetrized_jacobi_fullfp64_chunked,1024,1.0,1e-06,paper_sgd_momentum_1e-6
14,0,-0.850375771522522,3.0644750595092773,-0.840323805809021,-3.175591230392456,0.08629737794399261,0.0,0.00022500000000000005,0.6584612131118774,158.56,1.97,246,0.5383015871047974,26,0.09239700436592102,-0.0638805404305458,0.054345909506082535,0.00015000000000000004,1419,5816320,22049.092762100045,5816320,9.002127647399902,0.10000000149011612,0.2472904771566391,3.4009950160980225,-0.22696270048618317,-0.8565212488174438,1.0077018737792969,1.0,1.0,512,6.936927795410156,122537.296875,1.494261351710735e-11,0,0.9288473725318909,0.1,2.4770452976226807,1.0,10910.486328125,12768.16786542766,0.5383015871047974,1.0,1.4142135244793674,0.012229358576079263,exact_deterministic_ggn_2b,torch.float64,1.514924150569641e-07,2.277390788719813e-13,1.3670003120360446e-11,symmetrized_jacobi_fullfp64_chunked,1024,1.0,1e-06,paper_sgd_momentum_1e-6
14,0,-0.8700154423713684,-0.34244194626808167,-0.8508002758026123,-4.891545295715332,0.052831027656793594,0.0,0.0001,0.6802558898925781,186.75,1.85,245,0.5530722141265869,26,0.12513762712478638,-0.06478622555732727,0.05559200793504715,0.0001,1429,5857280,22216.276338804048,5857280,3.914050340652466,0.10000000149011612,0.08475742489099503,3.3868982791900635,-0.44142675399780273,-0.9509167671203613,1.475009799003601,1.0,1.0,512,91.61228942871094,180496.484375,2.0613660749787158e-11,0,0.904041051864624,0.1,8.880828857421875,1.0,12623.09765625,25167.18705512527,0.5530722141265869,1.0,1.4142135622147831,0.005327900235052441,exact_deterministic_ggn_2b,torch.float64,3.743691081581346e-07,9.424085200795539e-14,1.4499056302413742e-11,symmetrized_jacobi_fullfp64_chunked,1024,1.0,1e-06,paper_sgd_momentum_1e-6
14,0,-0.8347885012626648,1.4203531742095947,-0.8426524996757507,-1.6273962259292603,0.030229680240154266,0.0,0.0001,0.671784520149231,144.16,2.45,245,0.46668580174446106,26,0.07295438647270203,0.006406852975487709,0.03492700681090355,0.0001,1439,5898240,22383.605156467296,5898240,3.7394230365753174,0.12629790604114532,0.39593616127967834,3.3824820518493652,-0.18992379307746887,-0.8942033648490906,1.7418441772460938,1.0,1.0,512,12.804695129394531,109859.78125,1.1529102888528315e-11,0,1.0,0.1,0.8283724188804626,1.0,14835.7919921875,19624.167663024986,0.46668577194213867,1.0,1.4142135608909001,0.01056398962033226,exact_deterministic_ggn_2b,torch.float64,6.402346741651854e-08,1.3649584809585436e-13,1.1350952528688883e-11,symmetrized_jacobi_fullfp64_chunked,1024,1.0,1e-06,paper_sgd_momentum_1e-6
14,0,-0.7832881212234497,2.5799942016601562,-0.8094359040260315,-2.7910239696502686,0.09464246779680252,0.0,0.00015000000000000004,0.6820912957191467,134.51,2.7,244,0.5229091048240662,26,0.06845439225435257,-0.05599215626716614,0.09812620282173157,0.00010000000000000003,1449,5939200,22551.250292967074,5939200,4.009014129638672,0.10000000149011612,0.23797327280044556,3.375760316848755,-0.06529106199741364,-1.0520836114883423,1.3016890287399292,1.0,1.0,512,4.541146278381348,152874.96875,3.069353587551375e-11,0,0.9561891555786133,0.1,16.270320892333984,1.0,18343.568359375,31785.09662400355,0.5229091048240662,1.0,1.41421356211287,0.009037638874439619,exact_deterministic_ggn_2b,torch.float64,4.670954822927342e-08,4.824915087607861e-13,2.8061733619292686e-11,symmetrized_jacobi_fullfp64_chunked,1024,1.0,1e-06,paper_sgd_momentum_1e-6
14,0,-0.8728498816490173,1.6918680667877197,-0.848132848739624,-2.5693233013153076,0.09969253838062286,0.0,0.00015000000000000004,0.6105602979660034,145.6,2.9,245,0.579746663570404,26,0.1144309937953949,-0.07738034427165985,0.10332386940717697,0.00010000000000000003,1459,5980160,22718.87620515842,5980160,3.11818265914917,0.10000000149011612,0.6783146262168884,3.3681349754333496,0.792536735534668,-0.8822342753410339,0.851182222366333,1.0,1.0,512,19.300148010253906,97240.421875,1.3040076602066284e-11,0,0.8624456524848938,0.1,0.7909386157989502,1.0,15322.8515625,12723.325866487683,0.579746663570404,1.0,1.41421218059003,0.016409142676698473,exact_deterministic_ggn_2b,torch.float64,1.6150156056937703e-07,1.252974073772495e-13,1.0290867888848639e-11,symmetrized_jacobi_fullfp64_chunked,1024,1.0,1e-06,paper_sgd_momentum_1e-6
