Setting seed: 2
Logging to logs/shared.ppo.karzmarz_False.resnet.dropout_0.0.damping_0.1.lr_0.001/coinrun-easy-0-10.20260721-003613_2
creating environment
Running on device: cuda:0
training...

Number of parameters: 938979.0

------------------------------------
| action_max            | 14       |
| action_min            | 0        |
| adv_avg               | -0.361   |
| adv_max               | 1.65     |
| adv_med               | -0.417   |
| adv_min               | -3.47    |
| adv_var               | 0.266    |
| clipfrac              | 0.248    |
| curr_lr               | 0.001    |
| entropy               | 2.38     |
| eplenmean             | 185      |
| eprewmean             | 4.2      |
| fps                   | 5.69e+03 |
| grad_norm             | 1.87     |
| kl                    | 0.0308   |
| loss_pi               | -0.0245  |
| loss_v                | 0.231    |
| lr                    | 0.001    |
| misc/nupdates         | 9        |
| misc/serial_timesteps | 4.1e+04  |
| misc/time_elapsed     | 7.78     |
| misc/total_timesteps  | 4.1e+04  |
| ratio_max             | 2.45     |
| ratio_min             | 0.289    |
| ret_avg               | 1        |
| ret_max               | 3.39     |
| ret_med               | 0.404    |
| ret_min               | -0.507   |
| ret_var               | 1.75     |
------------------------------------
------------------------------------
| action_max            | 14       |
| action_min            | 0        |
| adv_avg               | -0.813   |
| adv_max               | 1.26     |
| adv_med               | -0.804   |
| adv_min               | -2.95    |
| adv_var               | 0.13     |
| clipfrac              | 0.262    |
| curr_lr               | 0.001    |
| entropy               | 2.33     |
| eplenmean             | 82.3     |
| eprewmean             | 4.2      |
| fps                   | 5.73e+03 |
| grad_norm             | 4.48     |
| kl                    | 0.0246   |
| loss_pi               | -0.0344  |
| loss_v                | 0.0917   |
| lr                    | 0.001    |
| misc/nupdates         | 19       |
| misc/serial_timesteps | 8.19e+04 |
| misc/time_elapsed     | 14.8     |
| misc/total_timesteps  | 8.19e+04 |
| ratio_max             | 3.4      |
| ratio_min             | 0.296    |
| ret_avg               | 0.367    |
| ret_max               | 2.35     |
| ret_med               | -0.11    |
| ret_min               | -0.787   |
| ret_var               | 1.05     |
------------------------------------
------------------------------------
| action_max            | 14       |
| action_min            | 0        |
| adv_avg               | -0.895   |
| adv_max               | 0.852    |
| adv_med               | -0.941   |
| adv_min               | -2.74    |
| adv_var               | 0.0921   |
| clipfrac              | 0.254    |
| curr_lr               | 0.001    |
| entropy               | 2.18     |
| eplenmean             | 81.3     |
| eprewmean             | 5.9      |
| fps                   | 5.64e+03 |
| grad_norm             | 2.84     |
| kl                    | 0.0275   |
| loss_pi               | -0.0384  |
| loss_v                | 0.0562   |
| lr                    | 0.001    |
| misc/nupdates         | 29       |
| misc/serial_timesteps | 1.23e+05 |
| misc/time_elapsed     | 21.9     |
| misc/total_timesteps  | 1.23e+05 |
| ratio_max             | 5.03     |
| ratio_min             | 0.397    |
| ret_avg               | 0.572    |
| ret_max               | 2        |
| ret_med               | 0.219    |
| ret_min               | -0.914   |
| ret_var               | 1.2      |
------------------------------------
------------------------------------
| action_max            | 14       |
| action_min            | 0        |
| adv_avg               | -1.1     |
| adv_max               | 0.428    |
| adv_med               | -1.07    |
| adv_min               | -3.23    |
| adv_var               | 0.0803   |
| clipfrac              | 0.283    |
| curr_lr               | 0.001    |
| entropy               | 1.99     |
| eplenmean             | 104      |
| eprewmean             | 4.9      |
| fps                   | 5.48e+03 |
| grad_norm             | 1.24     |
| kl                    | 0.0274   |
| loss_pi               | -0.0421  |
| loss_v                | 0.043    |
| lr                    | 0.001    |
| misc/nupdates         | 39       |
| misc/serial_timesteps | 1.64e+05 |
| misc/time_elapsed     | 29.3     |
| misc/total_timesteps  | 1.64e+05 |
| ratio_max             | 2.1      |
| ratio_min             | 0.202    |
| ret_avg               | 0.351    |
| ret_max               | 1.79     |
| ret_med               | -0.123   |
| ret_min               | -1.03    |
| ret_var               | 0.962    |
------------------------------------
------------------------------------
| action_max            | 14       |
| action_min            | 0        |
| adv_avg               | -1.13    |
| adv_max               | 0.612    |
| adv_med               | -1.14    |
| adv_min               | -2.5     |
| adv_var               | 0.0494   |
| clipfrac              | 0.328    |
| curr_lr               | 0.001    |
| entropy               | 1.96     |
| eplenmean             | 185      |
| eprewmean             | 5        |
| fps                   | 5.28e+03 |
| grad_norm             | 1.42     |
| kl                    | 0.0306   |
| loss_pi               | -0.0456  |
| loss_v                | 0.0308   |
| lr                    | 0.001    |
| misc/nupdates         | 49       |
| misc/serial_timesteps | 2.05e+05 |
| misc/time_elapsed     | 36.9     |
| misc/total_timesteps  | 2.05e+05 |
| ratio_max             | 2.95     |
| ratio_min             | 0.268    |
| ret_avg               | 0.336    |
| ret_max               | 1.58     |
| ret_med               | 0.543    |
| ret_min               | -1.13    |
| ret_var               | 0.756    |
------------------------------------
------------------------------------
| action_max            | 14       |
| action_min            | 0        |
| adv_avg               | -1.19    |
| adv_max               | 0.123    |
| adv_med               | -1.2     |
| adv_min               | -3.41    |
| adv_var               | 0.0419   |
| clipfrac              | 0.375    |
| curr_lr               | 0.001    |
| entropy               | 1.95     |
| eplenmean             | 131      |
| eprewmean             | 7.1      |
| fps                   | 5.28e+03 |
| grad_norm             | 0.984    |
| kl                    | 0.0322   |
| loss_pi               | -0.0526  |
| loss_v                | 0.0242   |
| lr                    | 0.001    |
| misc/nupdates         | 59       |
| misc/serial_timesteps | 2.46e+05 |
| misc/time_elapsed     | 44.7     |
| misc/total_timesteps  | 2.46e+05 |
| ratio_max             | 3.83     |
| ratio_min             | 0.264    |
| ret_avg               | 0.443    |
| ret_max               | 1.43     |
| ret_med               | 1.08     |
| ret_min               | -1.19    |
| ret_var               | 0.87     |
------------------------------------
------------------------------------
| action_max            | 14       |
| action_min            | 0        |
| adv_avg               | -1.23    |
| adv_max               | -0.462   |
| adv_med               | -1.23    |
| adv_min               | -3.13    |
| adv_var               | 0.0413   |
| clipfrac              | 0.352    |
| curr_lr               | 0.001    |
| entropy               | 1.78     |
| eplenmean             | 132      |
| eprewmean             | 7.3      |
| fps                   | 5.28e+03 |
| grad_norm             | 2.18     |
| kl                    | 0.0313   |
| loss_pi               | -0.0405  |
| loss_v                | 0.0218   |
| lr                    | 0.001    |
| misc/nupdates         | 69       |
| misc/serial_timesteps | 2.87e+05 |
| misc/time_elapsed     | 52.5     |
| misc/total_timesteps  | 2.87e+05 |
| ratio_max             | 2.15     |
| ratio_min             | 0.405    |
| ret_avg               | 0.458    |
| ret_max               | 1.38     |
| ret_med               | 0.894    |
| ret_min               | -1.26    |
| ret_var               | 0.71     |
------------------------------------
------------------------------------
| action_max            | 14       |
| action_min            | 0        |
| adv_avg               | -1.31    |
| adv_max               | 0.00545  |
| adv_med               | -1.3     |
| adv_min               | -3.11    |
| adv_var               | 0.0653   |
| clipfrac              | 0.301    |
| curr_lr               | 0.001    |
| entropy               | 1.78     |
| eplenmean             | 108      |
| eprewmean             | 7.2      |
| fps                   | 5.18e+03 |
| grad_norm             | 1.43     |
| kl                    | 0.0277   |
| loss_pi               | -0.0513  |
| loss_v                | 0.0334   |
| lr                    | 0.001    |
| misc/nupdates         | 79       |
| misc/serial_timesteps | 3.28e+05 |
| misc/time_elapsed     | 60.3     |
| misc/total_timesteps  | 3.28e+05 |
| ratio_max             | 2.29     |
| ratio_min             | 0.0382   |
| ret_avg               | 0.184    |
| ret_max               | 1.31     |
| ret_med               | 0.0841   |
| ret_min               | -1.32    |
| ret_var               | 0.687    |
------------------------------------
------------------------------------
| action_max            | 14       |
| action_min            | 0        |
| adv_avg               | -1.37    |
| adv_max               | 0.212    |
| adv_med               | -1.37    |
| adv_min               | -3.56    |
| adv_var               | 0.0735   |
| clipfrac              | 0.383    |
| curr_lr               | 0.001    |
| entropy               | 1.54     |
| eplenmean             | 88.1     |
| eprewmean             | 8.3      |
| fps                   | 5.18e+03 |
| grad_norm             | 1.61     |
| kl                    | 0.0417   |
| loss_pi               | -0.0483  |
| loss_v                | 0.0507   |
| lr                    | 0.001    |
| misc/nupdates         | 89       |
| misc/serial_timesteps | 3.69e+05 |
| misc/time_elapsed     | 68.1     |
| misc/total_timesteps  | 3.69e+05 |
| ratio_max             | 4.01     |
| ratio_min             | 0.17     |
| ret_avg               | 0.667    |
| ret_max               | 1.29     |
| ret_med               | 1.07     |
| ret_min               | -1.39    |
| ret_var               | 0.49     |
------------------------------------
------------------------------------
| action_max            | 14       |
| action_min            | 0        |
| adv_avg               | -1.46    |
| adv_max               | -0.049   |
| adv_med               | -1.43    |
| adv_min               | -4.17    |
| adv_var               | 0.0992   |
| clipfrac              | 0.299    |
| curr_lr               | 0.001    |
| entropy               | 1.58     |
| eplenmean             | 96       |
| eprewmean             | 7.5      |
| fps                   | 5.68e+03 |
| grad_norm             | 1.66     |
| kl                    | 0.0326   |
| loss_pi               | -0.0507  |
| loss_v                | 0.0489   |
| lr                    | 0.001    |
| misc/nupdates         | 99       |
| misc/serial_timesteps | 4.1e+05  |
| misc/time_elapsed     | 75.6     |
| misc/total_timesteps  | 4.1e+05  |
| ratio_max             | 2.89     |
| ratio_min             | 0.149    |
| ret_avg               | 0.36     |
| ret_max               | 1.34     |
| ret_med               | 0.573    |
| ret_min               | -1.45    |
| ret_var               | 0.594    |
------------------------------------
------------------------------------
| action_max            | 14       |
| action_min            | 0        |
| adv_avg               | -1.48    |
| adv_max               | 0.429    |
| adv_med               | -1.48    |
| adv_min               | -3.33    |
| adv_var               | 0.054    |
| clipfrac              | 0.316    |
| curr_lr               | 0.001    |
| entropy               | 1.48     |
| eplenmean             | 113      |
| eprewmean             | 7.8      |
| fps                   | 5.7e+03  |
| grad_norm             | 1.46     |
| kl                    | 0.0354   |
| loss_pi               | -0.044   |
| loss_v                | 0.0389   |
| lr                    | 0.001    |
| misc/nupdates         | 109      |
| misc/serial_timesteps | 4.51e+05 |
| misc/time_elapsed     | 83       |
| misc/total_timesteps  | 4.51e+05 |
| ratio_max             | 3.38     |
| ratio_min             | 0.169    |
| ret_avg               | 0.509    |
| ret_max               | 1.27     |
| ret_med               | 0.873    |
| ret_min               | -1.5     |
| ret_var               | 0.607    |
------------------------------------
------------------------------------
| action_max            | 14       |
| action_min            | 0        |
| adv_avg               | -1.48    |
| adv_max               | -0.159   |
| adv_med               | -1.51    |
| adv_min               | -3.59    |
| adv_var               | 0.0596   |
| clipfrac              | 0.314    |
| curr_lr               | 0.001    |
| entropy               | 1.66     |
| eplenmean             | 102      |
| eprewmean             | 7.9      |
| fps                   | 5.81e+03 |
| grad_norm             | 1.86     |
| kl                    | 0.0315   |
| loss_pi               | -0.0445  |
| loss_v                | 0.029    |
| lr                    | 0.001    |
| misc/nupdates         | 119      |
| misc/serial_timesteps | 4.92e+05 |
| misc/time_elapsed     | 90.2     |
| misc/total_timesteps  | 4.92e+05 |
| ratio_max             | 3.38     |
| ratio_min             | 0.184    |
| ret_avg               | -0.0527  |
| ret_max               | 1.37     |
| ret_med               | 0.25     |
| ret_min               | -1.53    |
| ret_var               | 1.21     |
------------------------------------
------------------------------------
| action_max            | 14       |
| action_min            | 0        |
| adv_avg               | -1.62    |
| adv_max               | 0.374    |
| adv_med               | -1.59    |
| adv_min               | -4.08    |
| adv_var               | 0.0781   |
| clipfrac              | 0.346    |
| curr_lr               | 0.001    |
| entropy               | 1.35     |
| eplenmean             | 75.7     |
| eprewmean             | 8        |
| fps                   | 5.8e+03  |
| grad_norm             | 0.749    |
| kl                    | 0.0322   |
| loss_pi               | -0.0431  |
| loss_v                | 0.0505   |
| lr                    | 0.001    |
| misc/nupdates         | 129      |
| misc/serial_timesteps | 5.32e+05 |
| misc/time_elapsed     | 97.2     |
| misc/total_timesteps  | 5.32e+05 |
| ratio_max             | 2.82     |
| ratio_min             | 0.221    |
| ret_avg               | 0.509    |
| ret_max               | 1.15     |
| ret_med               | 0.979    |
| ret_min               | -1.59    |
| ret_var               | 0.721    |
------------------------------------
------------------------------------
| action_max            | 14       |
| action_min            | 0        |
| adv_avg               | -1.67    |
| adv_max               | -0.765   |
| adv_med               | -1.65    |
| adv_min               | -4.18    |
| adv_var               | 0.0411   |
| clipfrac              | 0.375    |
| curr_lr               | 0.001    |
| entropy               | 1.29     |
| eplenmean             | 87.5     |
| eprewmean             | 9.3      |
| fps                   | 4.86e+03 |
| grad_norm             | 1.98     |
| kl                    | 0.0351   |
| loss_pi               | -0.0432  |
| loss_v                | 0.0493   |
| lr                    | 0.001    |
| misc/nupdates         | 139      |
| misc/serial_timesteps | 5.73e+05 |
| misc/time_elapsed     | 105      |
| misc/total_timesteps  | 5.73e+05 |
| ratio_max             | 2.34     |
| ratio_min             | 0.00817  |
| ret_avg               | 0.816    |
| ret_max               | 1.2      |
| ret_med               | 1        |
| ret_min               | -1.64    |
| ret_var               | 0.286    |
------------------------------------
------------------------------------
| action_max            | 14       |
| action_min            | 0        |
| adv_avg               | -1.68    |
| adv_max               | -0.426   |
| adv_med               | -1.7     |
| adv_min               | -3.92    |
| adv_var               | 0.0331   |
| clipfrac              | 0.451    |
| curr_lr               | 0.001    |
| entropy               | 1.3      |
| eplenmean             | 84.9     |
| eprewmean             | 9.2      |
| fps                   | 4.95e+03 |
| grad_norm             | 0.921    |
| kl                    | 0.0757   |
| loss_pi               | -0.0615  |
| loss_v                | 0.0147   |
| lr                    | 0.001    |
| misc/nupdates         | 149      |
| misc/serial_timesteps | 6.14e+05 |
| misc/time_elapsed     | 113      |
| misc/total_timesteps  | 6.14e+05 |
| ratio_max             | 4.61     |
| ratio_min             | 0.191    |
| ret_avg               | 0.692    |
| ret_max               | 1.2      |
| ret_med               | 0.932    |
| ret_min               | -1.7     |
| ret_var               | 0.388    |
------------------------------------
------------------------------------
| action_max            | 14       |
| action_min            | 0        |
| adv_avg               | -1.75    |
| adv_max               | -0.609   |
| adv_med               | -1.75    |
| adv_min               | -3.99    |
| adv_var               | 0.0301   |
| clipfrac              | 0.369    |
| curr_lr               | 0.001    |
| entropy               | 1.33     |
| eplenmean             | 104      |
| eprewmean             | 9.3      |
| fps                   | 4.75e+03 |
| grad_norm             | 0.86     |
| kl                    | 0.0442   |
| loss_pi               | -0.0429  |
| loss_v                | 0.0218   |
| lr                    | 0.001    |
| misc/nupdates         | 159      |
| misc/serial_timesteps | 6.55e+05 |
| misc/time_elapsed     | 121      |
| misc/total_timesteps  | 6.55e+05 |
| ratio_max             | 4.64     |
| ratio_min             | 0.2      |
| ret_avg               | 0.49     |
| ret_max               | 1.14     |
| ret_med               | 0.702    |
| ret_min               | -1.76    |
| ret_var               | 0.31     |
------------------------------------
------------------------------------
| action_max            | 14       |
| action_min            | 0        |
| adv_avg               | -1.76    |
| adv_max               | -0.789   |
| adv_med               | -1.78    |
| adv_min               | -3.5     |
| adv_var               | 0.0337   |
| clipfrac              | 0.418    |
| curr_lr               | 0.001    |
| entropy               | 1.33     |
| eplenmean             | 92.2     |
| eprewmean             | 9.4      |
| fps                   | 5.08e+03 |
| grad_norm             | 0.723    |
| kl                    | 0.0363   |
| loss_pi               | -0.047   |
| loss_v                | 0.0135   |
| lr                    | 0.001    |
| misc/nupdates         | 169      |
| misc/serial_timesteps | 6.96e+05 |
| misc/time_elapsed     | 129      |
| misc/total_timesteps  | 6.96e+05 |
| ratio_max             | 3.13     |
| ratio_min             | 0.363    |
| ret_avg               | 0.409    |
| ret_max               | 1.02     |
| ret_med               | 0.68     |
| ret_min               | -1.81    |
| ret_var               | 0.359    |
------------------------------------
------------------------------------
| action_max            | 14       |
| action_min            | 0        |
| adv_avg               | -1.85    |
| adv_max               | -0.225   |
| adv_med               | -1.85    |
| adv_min               | -4.13    |
| adv_var               | 0.0258   |
| clipfrac              | 0.406    |
| curr_lr               | 0.001    |
| entropy               | 1.13     |
| eplenmean             | 81.9     |
| eprewmean             | 9.4      |
| fps                   | 5.05e+03 |
| grad_norm             | 0.971    |
| kl                    | 0.0514   |
| loss_pi               | -0.0324  |
| loss_v                | 0.0254   |
| lr                    | 0.001    |
| misc/nupdates         | 179      |
| misc/serial_timesteps | 7.37e+05 |
| misc/time_elapsed     | 137      |
| misc/total_timesteps  | 7.37e+05 |
| ratio_max             | 7.72     |
| ratio_min             | 0.124    |
| ret_avg               | 0.683    |
| ret_max               | 0.988    |
| ret_med               | 0.814    |
| ret_min               | -1.86    |
| ret_var               | 0.121    |
------------------------------------
------------------------------------
| action_max            | 14       |
| action_min            | 0        |
| adv_avg               | -1.93    |
| adv_max               | -0.934   |
| adv_med               | -1.94    |
| adv_min               | -3.82    |
| adv_var               | 0.022    |
| clipfrac              | 0.316    |
| curr_lr               | 0.001    |
| entropy               | 0.963    |
| eplenmean             | 75.8     |
| eprewmean             | 9.7      |
| fps                   | 5.06e+03 |
| grad_norm             | 0.941    |
| kl                    | 0.037    |
| loss_pi               | -0.0325  |
| loss_v                | 0.0141   |
| lr                    | 0.001    |
| misc/nupdates         | 189      |
| misc/serial_timesteps | 7.78e+05 |
| misc/time_elapsed     | 145      |
| misc/total_timesteps  | 7.78e+05 |
| ratio_max             | 2.84     |
| ratio_min             | 0.265    |
| ret_avg               | 0.765    |
| ret_max               | 1.15     |
| ret_med               | 0.897    |
| ret_min               | -1.92    |
| ret_var               | 0.131    |
------------------------------------
------------------------------------
| action_max            | 14       |
| action_min            | 0        |
| adv_avg               | -1.97    |
| adv_max               | -1.58    |
| adv_med               | -1.97    |
| adv_min               | -2.23    |
| adv_var               | 0.00553  |
| clipfrac              | 0.4      |
| curr_lr               | 0.001    |
| entropy               | 1.06     |
| eplenmean             | 76.8     |
| eprewmean             | 10       |
| fps                   | 5.12e+03 |
| grad_norm             | 0.707    |
| kl                    | 0.0478   |
| loss_pi               | -0.0575  |
| loss_v                | 0.00459  |
| lr                    | 0.001    |
| misc/nupdates         | 199      |
| misc/serial_timesteps | 8.19e+05 |
| misc/time_elapsed     | 153      |
| misc/total_timesteps  | 8.19e+05 |
| ratio_max             | 3.83     |
| ratio_min             | 0.042    |
| ret_avg               | 0.808    |
| ret_max               | 1        |
| ret_med               | 0.834    |
| ret_min               | 0.243    |
| ret_var               | 0.0119   |
------------------------------------
------------------------------------
| action_max            | 14       |
| action_min            | 0        |
| adv_avg               | -2.03    |
| adv_max               | -0.888   |
| adv_med               | -2.01    |
| adv_min               | -4.82    |
| adv_var               | 0.0348   |
| clipfrac              | 0.281    |
| curr_lr               | 0.001    |
| entropy               | 0.95     |
| eplenmean             | 73.5     |
| eprewmean             | 9.8      |
| fps                   | 5.12e+03 |
| grad_norm             | 0.835    |
| kl                    | 0.0351   |
| loss_pi               | -0.0217  |
| loss_v                | 0.0333   |
| lr                    | 0.001    |
| misc/nupdates         | 209      |
| misc/serial_timesteps | 8.6e+05  |
| misc/time_elapsed     | 161      |
| misc/total_timesteps  | 8.6e+05  |
| ratio_max             | 2.5      |
| ratio_min             | 0.276    |
| ret_avg               | 0.709    |
| ret_max               | 0.922    |
| ret_med               | 0.758    |
| ret_min               | -2.03    |
| ret_var               | 0.0549   |
------------------------------------
------------------------------------
| action_max            | 14       |
| action_min            | 0        |
| adv_avg               | -2.1     |
| adv_max               | -0.935   |
| adv_med               | -2.08    |
| adv_min               | -4.83    |
| adv_var               | 0.041    |
| clipfrac              | 0.309    |
| curr_lr               | 0.001    |
| entropy               | 0.902    |
| eplenmean             | 74.9     |
| eprewmean             | 9.8      |
| fps                   | 5.03e+03 |
| grad_norm             | 1.01     |
| kl                    | 0.0423   |
| loss_pi               | -0.00638 |
| loss_v                | 0.0257   |
| lr                    | 0.001    |
| misc/nupdates         | 219      |
| misc/serial_timesteps | 9.01e+05 |
| misc/time_elapsed     | 169      |
| misc/total_timesteps  | 9.01e+05 |
| ratio_max             | 2.87     |
| ratio_min             | 0.0824   |
| ret_avg               | 0.692    |
| ret_max               | 0.876    |
| ret_med               | 0.727    |
| ret_min               | -2.09    |
| ret_var               | 0.0548   |
------------------------------------
------------------------------------
| action_max            | 14       |
| action_min            | 0        |
| adv_avg               | -2.12    |
| adv_max               | -1.05    |
| adv_med               | -2.12    |
| adv_min               | -3.07    |
| adv_var               | 0.0119   |
| clipfrac              | 0.346    |
| curr_lr               | 0.001    |
| entropy               | 0.837    |
| eplenmean             | 75.8     |
| eprewmean             | 9.9      |
| fps                   | 5.98e+03 |
| grad_norm             | 1.63     |
| kl                    | 0.0549   |
| loss_pi               | -0.0462  |
| loss_v                | 0.00698  |
| lr                    | 0.001    |
| misc/nupdates         | 229      |
| misc/serial_timesteps | 9.42e+05 |
| misc/time_elapsed     | 176      |
| misc/total_timesteps  | 9.42e+05 |
| ratio_max             | 4.73     |
| ratio_min             | 0.102    |
| ret_avg               | 0.683    |
| ret_max               | 0.892    |
| ret_med               | 0.725    |
| ret_min               | -0.659   |
| ret_var               | 0.0256   |
------------------------------------
------------------------------------
| action_max            | 14       |
| action_min            | 0        |
| adv_avg               | -2.19    |
| adv_max               | -1.51    |
| adv_med               | -2.19    |
| adv_min               | -2.6     |
| adv_var               | 0.00533  |
| clipfrac              | 0.375    |
| curr_lr               | 0.001    |
| entropy               | 0.977    |
| eplenmean             | 73.5     |
| eprewmean             | 10       |
| fps                   | 5.82e+03 |
| grad_norm             | 0.613    |
| kl                    | 0.0628   |
| loss_pi               | -0.0439  |
| loss_v                | 0.0042   |
| lr                    | 0.001    |
| misc/nupdates         | 239      |
| misc/serial_timesteps | 9.83e+05 |
| misc/time_elapsed     | 183      |
| misc/total_timesteps  | 9.83e+05 |
| ratio_max             | 3.47     |
| ratio_min             | 0.157    |
| ret_avg               | 0.681    |
| ret_max               | 0.898    |
| ret_med               | 0.694    |
| ret_min               | 0.244    |
| ret_var               | 0.0136   |
------------------------------------
------------------------------------
| action_max            | 14       |
| action_min            | 0        |
| adv_avg               | -2.24    |
| adv_max               | -1.35    |
| adv_med               | -2.22    |
| adv_min               | -5.15    |
| adv_var               | 0.0415   |
| clipfrac              | 0.318    |
| curr_lr               | 0.001    |
| entropy               | 0.918    |
| eplenmean             | 76.5     |
| eprewmean             | 9.7      |
| fps                   | 5.81e+03 |
| grad_norm             | 0.768    |
| kl                    | 0.037    |
| loss_pi               | -0.0346  |
| loss_v                | 0.028    |
| lr                    | 0.001    |
| misc/nupdates         | 249      |
| misc/serial_timesteps | 1.02e+06 |
| misc/time_elapsed     | 190      |
| misc/total_timesteps  | 1.02e+06 |
| ratio_max             | 3.9      |
| ratio_min             | 0.00844  |
| ret_avg               | 0.633    |
| ret_max               | 0.839    |
| ret_med               | 0.676    |
| ret_min               | -2.24    |
| ret_var               | 0.057    |
------------------------------------
------------------------------------
| action_max            | 14       |
| action_min            | 0        |
| adv_avg               | -2.28    |
| adv_max               | -1.66    |
| adv_med               | -2.27    |
| adv_min               | -4.61    |
| adv_var               | 0.0323   |
| clipfrac              | 0.287    |
| curr_lr               | 0.001    |
| entropy               | 0.839    |
| eplenmean             | 73.7     |
| eprewmean             | 9.8      |
| fps                   | 5.77e+03 |
| grad_norm             | 1.09     |
| kl                    | 0.0477   |
| loss_pi               | -0.0278  |
| loss_v                | 0.0322   |
| lr                    | 0.001    |
| misc/nupdates         | 259      |
| misc/serial_timesteps | 1.06e+06 |
| misc/time_elapsed     | 197      |
| misc/total_timesteps  | 1.06e+06 |
| ratio_max             | 7.73     |
| ratio_min             | 0.0702   |
| ret_avg               | 0.598    |
| ret_max               | 0.799    |
| ret_med               | 0.619    |
| ret_min               | -2.29    |
| ret_var               | 0.0547   |
------------------------------------
------------------------------------
| action_max            | 14       |
| action_min            | 0        |
| adv_avg               | -2.31    |
| adv_max               | -1.34    |
| adv_med               | -2.32    |
| adv_min               | -2.77    |
| adv_var               | 0.0148   |
| clipfrac              | 0.314    |
| curr_lr               | 0.001    |
| entropy               | 0.782    |
| eplenmean             | 65.2     |
| eprewmean             | 9.6      |
| fps                   | 5.88e+03 |
| grad_norm             | 0.721    |
| kl                    | 0.0437   |
| loss_pi               | -0.0339  |
| loss_v                | 0.00517  |
| lr                    | 0.001    |
| misc/nupdates         | 269      |
| misc/serial_timesteps | 1.11e+06 |
| misc/time_elapsed     | 204      |
| misc/total_timesteps  | 1.11e+06 |
| ratio_max             | 5.13     |
| ratio_min             | 0.147    |
| ret_avg               | 0.583    |
| ret_max               | 0.792    |
| ret_med               | 0.639    |
| ret_min               | -0.0196  |
| ret_var               | 0.033    |
------------------------------------
------------------------------------
| action_max            | 14       |
| action_min            | 0        |
| adv_avg               | -2.37    |
| adv_max               | -0.604   |
| adv_med               | -2.38    |
| adv_min               | -2.77    |
| adv_var               | 0.0119   |
| clipfrac              | 0.324    |
| curr_lr               | 0.001    |
| entropy               | 0.806    |
| eplenmean             | 66.6     |
| eprewmean             | 10       |
| fps                   | 5.86e+03 |
| grad_norm             | 0.888    |
| kl                    | 0.0404   |
| loss_pi               | -0.0374  |
| loss_v                | 0.00558  |
| lr                    | 0.001    |
| misc/nupdates         | 279      |
| misc/serial_timesteps | 1.15e+06 |
| misc/time_elapsed     | 211      |
| misc/total_timesteps  | 1.15e+06 |
| ratio_max             | 2.83     |
| ratio_min             | 0.051    |
| ret_avg               | 0.617    |
| ret_max               | 0.778    |
| ret_med               | 0.623    |
| ret_min               | 0.339    |
| ret_var               | 0.00784  |
------------------------------------
------------------------------------
| action_max            | 14       |
| action_min            | 0        |
| adv_avg               | -2.43    |
| adv_max               | -2       |
| adv_med               | -2.43    |
| adv_min               | -5.59    |
| adv_var               | 0.0188   |
| clipfrac              | 0.383    |
| curr_lr               | 0.001    |
| entropy               | 0.873    |
| eplenmean             | 65.7     |
| eprewmean             | 9.9      |
| fps                   | 5.56e+03 |
| grad_norm             | 0.781    |
| kl                    | 0.0797   |
| loss_pi               | -0.026   |
| loss_v                | 0.0268   |
| lr                    | 0.001    |
| misc/nupdates         | 289      |
| misc/serial_timesteps | 1.19e+06 |
| misc/time_elapsed     | 219      |
| misc/total_timesteps  | 1.19e+06 |
| ratio_max             | 4.29     |
| ratio_min             | 0.0446   |
| ret_avg               | 0.629    |
| ret_max               | 0.792    |
| ret_med               | 0.651    |
| ret_min               | -2.43    |
| ret_var               | 0.0234   |
------------------------------------
------------------------------------
| action_max            | 14       |
| action_min            | 0        |
| adv_avg               | -2.47    |
| adv_max               | -2.02    |
| adv_med               | -2.46    |
| adv_min               | -5.55    |
| adv_var               | 0.0286   |
| clipfrac              | 0.24     |
| curr_lr               | 0.001    |
| entropy               | 0.734    |
| eplenmean             | 61.5     |
| eprewmean             | 9.9      |
| fps                   | 5.5e+03  |
| grad_norm             | 1.19     |
| kl                    | 0.0327   |
| loss_pi               | -0.0155  |
| loss_v                | 0.0141   |
| lr                    | 0.001    |
| misc/nupdates         | 299      |
| misc/serial_timesteps | 1.23e+06 |
| misc/time_elapsed     | 226      |
| misc/total_timesteps  | 1.23e+06 |
| ratio_max             | 2.99     |
| ratio_min             | 0.256    |
| ret_avg               | 0.594    |
| ret_max               | 0.788    |
| ret_med               | 0.626    |
| ret_min               | -2.48    |
| ret_var               | 0.0343   |
------------------------------------
------------------------------------
| action_max            | 14       |
| action_min            | 0        |
| adv_avg               | -2.53    |
| adv_max               | -1.99    |
| adv_med               | -2.53    |
| adv_min               | -2.76    |
| adv_var               | 0.00381  |
| clipfrac              | 0.314    |
| curr_lr               | 0.001    |
| entropy               | 0.823    |
| eplenmean             | 69.9     |
| eprewmean             | 10       |
| fps                   | 5.42e+03 |
| grad_norm             | 1.2      |
| kl                    | 0.0407   |
| loss_pi               | -0.0454  |
| loss_v                | 0.00342  |
| lr                    | 0.001    |
| misc/nupdates         | 309      |
| misc/serial_timesteps | 1.27e+06 |
| misc/time_elapsed     | 234      |
| misc/total_timesteps  | 1.27e+06 |
| ratio_max             | 2.95     |
| ratio_min             | 0.291    |
| ret_avg               | 0.637    |
| ret_max               | 0.808    |
| ret_med               | 0.656    |
| ret_min               | 0.344    |
| ret_var               | 0.0051   |
------------------------------------
------------------------------------
| action_max            | 14       |
| action_min            | 0        |
| adv_avg               | -2.57    |
| adv_max               | -2.18    |
| adv_med               | -2.56    |
| adv_min               | -5.73    |
| adv_var               | 0.0529   |
| clipfrac              | 0.234    |
| curr_lr               | 0.001    |
| entropy               | 0.721    |
| eplenmean             | 86.9     |
| eprewmean             | 9.8      |
| fps                   | 5.41e+03 |
| grad_norm             | 0.827    |
| kl                    | 0.0446   |
| loss_pi               | -0.0104  |
| loss_v                | 0.0386   |
| lr                    | 0.001    |
| misc/nupdates         | 319      |
| misc/serial_timesteps | 1.31e+06 |
| misc/time_elapsed     | 241      |
| misc/total_timesteps  | 1.31e+06 |
| ratio_max             | 3.45     |
| ratio_min             | 0.122    |
| ret_avg               | 0.523    |
| ret_max               | 0.727    |
| ret_med               | 0.563    |
| ret_min               | -2.57    |
| ret_var               | 0.0624   |
------------------------------------
------------------------------------
| action_max            | 14       |
| action_min            | 0        |
| adv_avg               | -2.6     |
| adv_max               | -1.33    |
| adv_med               | -2.61    |
| adv_min               | -5.87    |
| adv_var               | 0.038    |
| clipfrac              | 0.234    |
| curr_lr               | 0.001    |
| entropy               | 0.704    |
| eplenmean             | 65.9     |
| eprewmean             | 9.6      |
| fps                   | 5.37e+03 |
| grad_norm             | 0.827    |
| kl                    | 0.0324   |
| loss_pi               | -0.028   |
| loss_v                | 0.0123   |
| lr                    | 0.001    |
| misc/nupdates         | 329      |
| misc/serial_timesteps | 1.35e+06 |
| misc/time_elapsed     | 249      |
| misc/total_timesteps  | 1.35e+06 |
| ratio_max             | 3.39     |
| ratio_min             | 0.0795   |
| ret_avg               | 0.518    |
| ret_max               | 0.79     |
| ret_med               | 0.573    |
| ret_min               | -2.61    |
| ret_var               | 0.0557   |
------------------------------------
------------------------------------
| action_max            | 14       |
| action_min            | 0        |
| adv_avg               | -2.65    |
| adv_max               | -0.87    |
| adv_med               | -2.65    |
| adv_min               | -2.94    |
| adv_var               | 0.00579  |
| clipfrac              | 0.303    |
| curr_lr               | 0.001    |
| entropy               | 0.75     |
| eplenmean             | 64       |
| eprewmean             | 10       |
| fps                   | 5.57e+03 |
| grad_norm             | 0.388    |
| kl                    | 0.0538   |
| loss_pi               | -0.0302  |
| loss_v                | 0.00301  |
| lr                    | 0.001    |
| misc/nupdates         | 339      |
| misc/serial_timesteps | 1.39e+06 |
| misc/time_elapsed     | 256      |
| misc/total_timesteps  | 1.39e+06 |
| ratio_max             | 5.27     |
| ratio_min             | 0.028    |
| ret_avg               | 0.579    |
| ret_max               | 0.78     |
| ret_med               | 0.609    |
| ret_min               | 0.212    |
| ret_var               | 0.0119   |
------------------------------------
------------------------------------
| action_max            | 14       |
| action_min            | 0        |
| adv_avg               | -2.68    |
| adv_max               | -2.11    |
| adv_med               | -2.68    |
| adv_min               | -3.06    |
| adv_var               | 0.00486  |
| clipfrac              | 0.279    |
| curr_lr               | 0.001    |
| entropy               | 0.688    |
| eplenmean             | 64.6     |
| eprewmean             | 9.9      |
| fps                   | 5.38e+03 |
| grad_norm             | 0.621    |
| kl                    | 0.0566   |
| loss_pi               | -0.0365  |
| loss_v                | 0.00298  |
| lr                    | 0.001    |
| misc/nupdates         | 349      |
| misc/serial_timesteps | 1.43e+06 |
| misc/time_elapsed     | 264      |
| misc/total_timesteps  | 1.43e+06 |
| ratio_max             | 3.83     |
| ratio_min             | 0.122    |
| ret_avg               | 0.556    |
| ret_max               | 0.773    |
| ret_med               | 0.58     |
| ret_min               | 0.147    |
| ret_var               | 0.0126   |
------------------------------------
------------------------------------
| action_max            | 14       |
| action_min            | 0        |
| adv_avg               | -2.75    |
| adv_max               | -2.44    |
| adv_med               | -2.72    |
| adv_min               | -5.88    |
| adv_var               | 0.061    |
| clipfrac              | 0.209    |
| curr_lr               | 0.001    |
| entropy               | 0.757    |
| eplenmean             | 68.8     |
| eprewmean             | 9.6      |
| fps                   | 5.8e+03  |
| grad_norm             | 0.604    |
| kl                    | 0.0294   |
| loss_pi               | -0.0198  |
| loss_v                | 0.0353   |
| lr                    | 0.001    |
| misc/nupdates         | 359      |
| misc/serial_timesteps | 1.47e+06 |
| misc/time_elapsed     | 271      |
| misc/total_timesteps  | 1.47e+06 |
| ratio_max             | 2.46     |
| ratio_min             | 0.0667   |
| ret_avg               | 0.48     |
| ret_max               | 0.688    |
| ret_med               | 0.528    |
| ret_min               | -2.73    |
| ret_var               | 0.0964   |
------------------------------------
------------------------------------
| action_max            | 14       |
| action_min            | 0        |
| adv_avg               | -2.75    |
| adv_max               | -1.55    |
| adv_med               | -2.75    |
| adv_min               | -5.96    |
| adv_var               | 0.0317   |
| clipfrac              | 0.273    |
| curr_lr               | 0.001    |
| entropy               | 0.869    |
| eplenmean             | 64.3     |
| eprewmean             | 9.9      |
| fps                   | 6.03e+03 |
| grad_norm             | 0.687    |
| kl                    | 0.0661   |
| loss_pi               | -0.0279  |
| loss_v                | 0.0263   |
| lr                    | 0.001    |
| misc/nupdates         | 369      |
| misc/serial_timesteps | 1.52e+06 |
| misc/time_elapsed     | 278      |
| misc/total_timesteps  | 1.52e+06 |
| ratio_max             | 3.54     |
| ratio_min             | 0.00287  |
| ret_avg               | 0.455    |
| ret_max               | 0.68     |
| ret_med               | 0.494    |
| ret_min               | -2.77    |
| ret_var               | 0.0534   |
------------------------------------
------------------------------------
| action_max            | 14       |
| action_min            | 0        |
| adv_avg               | -2.8     |
| adv_max               | -2.39    |
| adv_med               | -2.8     |
| adv_min               | -3.05    |
| adv_var               | 0.00322  |
| clipfrac              | 0.338    |
| curr_lr               | 0.001    |
| entropy               | 0.805    |
| eplenmean             | 66.3     |
| eprewmean             | 10       |
| fps                   | 5.73e+03 |
| grad_norm             | 1.31     |
| kl                    | 0.0769   |
| loss_pi               | -0.0395  |
| loss_v                | 0.00328  |
| lr                    | 0.001    |
| misc/nupdates         | 379      |
| misc/serial_timesteps | 1.56e+06 |
| misc/time_elapsed     | 285      |
| misc/total_timesteps  | 1.56e+06 |
| ratio_max             | 4.54     |
| ratio_min             | 0.128    |
| ret_avg               | 0.505    |
| ret_max               | 0.729    |
| ret_med               | 0.513    |
| ret_min               | 0.163    |
| ret_var               | 0.0114   |
------------------------------------
------------------------------------
| action_max            | 14       |
| action_min            | 0        |
| adv_avg               | -2.84    |
| adv_max               | -1.83    |
| adv_med               | -2.83    |
| adv_min               | -6.2     |
| adv_var               | 0.065    |
| clipfrac              | 0.256    |
| curr_lr               | 0.001    |
| entropy               | 0.853    |
| eplenmean             | 62.7     |
| eprewmean             | 9.8      |
| fps                   | 5.84e+03 |
| grad_norm             | 2.2      |
| kl                    | 0.0477   |
| loss_pi               | -0.0275  |
| loss_v                | 0.0257   |
| lr                    | 0.001    |
| misc/nupdates         | 389      |
| misc/serial_timesteps | 1.6e+06  |
| misc/time_elapsed     | 292      |
| misc/total_timesteps  | 1.6e+06  |
| ratio_max             | 3.66     |
| ratio_min             | 0.00733  |
| ret_avg               | 0.423    |
| ret_max               | 0.724    |
| ret_med               | 0.511    |
| ret_min               | -2.85    |
| ret_var               | 0.104    |
------------------------------------
------------------------------------
| action_max            | 14       |
| action_min            | 0        |
| adv_avg               | -2.9     |
| adv_max               | -1.75    |
| adv_med               | -2.89    |
| adv_min               | -6.25    |
| adv_var               | 0.0351   |
| clipfrac              | 0.266    |
| curr_lr               | 0.001    |
| entropy               | 0.815    |
| eplenmean             | 68.3     |
| eprewmean             | 9.9      |
| fps                   | 5.84e+03 |
| grad_norm             | 1.38     |
| kl                    | 0.0341   |
| loss_pi               | -0.0265  |
| loss_v                | 0.0486   |
| lr                    | 0.001    |
| misc/nupdates         | 399      |
| misc/serial_timesteps | 1.64e+06 |
| misc/time_elapsed     | 299      |
| misc/total_timesteps  | 1.64e+06 |
| ratio_max             | 13.5     |
| ratio_min             | 0.137    |
| ret_avg               | 0.496    |
| ret_max               | 0.701    |
| ret_med               | 0.531    |
| ret_min               | -2.89    |
| ret_var               | 0.0445   |
------------------------------------
------------------------------------
| action_max            | 14       |
| action_min            | 0        |
| adv_avg               | -2.94    |
| adv_max               | -0.662   |
| adv_med               | -2.93    |
| adv_min               | -5.94    |
| adv_var               | 0.0319   |
| clipfrac              | 0.219    |
| curr_lr               | 0.001    |
| entropy               | 0.73     |
| eplenmean             | 64.8     |
| eprewmean             | 9.8      |
| fps                   | 5.91e+03 |
| grad_norm             | 1.01     |
| kl                    | 0.0336   |
| loss_pi               | -0.00777 |
| loss_v                | 0.00926  |
| lr                    | 0.001    |
| misc/nupdates         | 409      |
| misc/serial_timesteps | 1.68e+06 |
| misc/time_elapsed     | 306      |
| misc/total_timesteps  | 1.68e+06 |
| ratio_max             | 4.57     |
| ratio_min             | 0.175    |
| ret_avg               | 0.535    |
| ret_max               | 0.731    |
| ret_med               | 0.57     |
| ret_min               | -2.93    |
| ret_var               | 0.0391   |
------------------------------------
------------------------------------
| action_max            | 14       |
| action_min            | 0        |
| adv_avg               | -2.97    |
| adv_max               | -2.13    |
| adv_med               | -2.97    |
| adv_min               | -3.2     |
| adv_var               | 0.00298  |
| clipfrac              | 0.223    |
| curr_lr               | 0.001    |
| entropy               | 0.651    |
| eplenmean             | 61.5     |
| eprewmean             | 10       |
| fps                   | 5.71e+03 |
| grad_norm             | 0.542    |
| kl                    | 0.031    |
| loss_pi               | -0.0378  |
| loss_v                | 0.00248  |
| lr                    | 0.001    |
| misc/nupdates         | 419      |
| misc/serial_timesteps | 1.72e+06 |
| misc/time_elapsed     | 313      |
| misc/total_timesteps  | 1.72e+06 |
| ratio_max             | 2.92     |
| ratio_min             | 0.13     |
| ret_avg               | 0.536    |
| ret_max               | 0.693    |
| ret_med               | 0.54     |
| ret_min               | 0.337    |
| ret_var               | 0.00661  |
------------------------------------
------------------------------------
| action_max            | 14       |
| action_min            | 0        |
| adv_avg               | -2.98    |
| adv_max               | -2.06    |
| adv_med               | -2.98    |
| adv_min               | -6.2     |
| adv_var               | 0.0306   |
| clipfrac              | 0.234    |
| curr_lr               | 0.001    |
| entropy               | 0.755    |
| eplenmean             | 66.2     |
| eprewmean             | 9.9      |
| fps                   | 5.92e+03 |
| grad_norm             | 0.485    |
| kl                    | 0.0331   |
| loss_pi               | -0.0277  |
| loss_v                | 0.0211   |
| lr                    | 0.001    |
| misc/nupdates         | 429      |
| misc/serial_timesteps | 1.76e+06 |
| misc/time_elapsed     | 321      |
| misc/total_timesteps  | 1.76e+06 |
| ratio_max             | 4.32     |
| ratio_min             | 0.0305   |
| ret_avg               | 0.395    |
| ret_max               | 0.647    |
| ret_med               | 0.438    |
| ret_min               | -3       |
| ret_var               | 0.0719   |
------------------------------------
------------------------------------
| action_max            | 14       |
| action_min            | 0        |
| adv_avg               | -3.01    |
| adv_max               | -2.3     |
| adv_med               | -3.02    |
| adv_min               | -3.33    |
| adv_var               | 0.00891  |
| clipfrac              | 0.303    |
| curr_lr               | 0.001    |
| entropy               | 0.761    |
| eplenmean             | 60.8     |
| eprewmean             | 10       |
| fps                   | 5.74e+03 |
| grad_norm             | 1.63     |
| kl                    | 0.0438   |
| loss_pi               | -0.0525  |
| loss_v                | 0.00583  |
| lr                    | 0.001    |
| misc/nupdates         | 439      |
| misc/serial_timesteps | 1.8e+06  |
| misc/time_elapsed     | 328      |
| misc/total_timesteps  | 1.8e+06  |
| ratio_max             | 6.98     |
| ratio_min             | 0.0859   |
| ret_avg               | 0.471    |
| ret_max               | 0.658    |
| ret_med               | 0.511    |
| ret_min               | -0.209   |
| ret_var               | 0.0236   |
------------------------------------
------------------------------------
| action_max            | 14       |
| action_min            | 0        |
| adv_avg               | -3.06    |
| adv_max               | -1.98    |
| adv_med               | -3.07    |
| adv_min               | -3.35    |
| adv_var               | 0.00826  |
| clipfrac              | 0.283    |
| curr_lr               | 0.001    |
| entropy               | 0.691    |
| eplenmean             | 63.7     |
| eprewmean             | 9.8      |
| fps                   | 5.85e+03 |
| grad_norm             | 0.714    |
| kl                    | 0.0461   |
| loss_pi               | -0.0291  |
| loss_v                | 0.00329  |
| lr                    | 0.001    |
| misc/nupdates         | 449      |
| misc/serial_timesteps | 1.84e+06 |
| misc/time_elapsed     | 335      |
| misc/total_timesteps  | 1.84e+06 |
| ratio_max             | 8.18     |
| ratio_min             | 0.0558   |
| ret_avg               | 0.484    |
| ret_max               | 0.729    |
| ret_med               | 0.495    |
| ret_min               | 0.00577  |
| ret_var               | 0.0109   |
------------------------------------
------------------------------------
| action_max            | 14       |
| action_min            | 0        |
| adv_avg               | -3.08    |
| adv_max               | -1.79    |
| adv_med               | -3.09    |
| adv_min               | -3.47    |
| adv_var               | 0.00633  |
| clipfrac              | 0.285    |
| curr_lr               | 0.001    |
| entropy               | 0.694    |
| eplenmean             | 62.1     |
| eprewmean             | 10       |
| fps                   | 5.85e+03 |
| grad_norm             | 0.604    |
| kl                    | 0.0421   |
| loss_pi               | -0.0276  |
| loss_v                | 0.00339  |
| lr                    | 0.001    |
| misc/nupdates         | 459      |
| misc/serial_timesteps | 1.88e+06 |
| misc/time_elapsed     | 342      |
| misc/total_timesteps  | 1.88e+06 |
| ratio_max             | 7.69     |
| ratio_min             | 0.0961   |
| ret_avg               | 0.46     |
| ret_max               | 0.627    |
| ret_med               | 0.481    |
| ret_min               | -0.331   |
| ret_var               | 0.0166   |
------------------------------------
------------------------------------
| action_max            | 14       |
| action_min            | 0        |
| adv_avg               | -3.14    |
| adv_max               | 0.175    |
| adv_med               | -3.14    |
| adv_min               | -3.54    |
| adv_var               | 0.00943  |
| clipfrac              | 0.264    |
| curr_lr               | 0.001    |
| entropy               | 0.636    |
| eplenmean             | 61.9     |
| eprewmean             | 10       |
| fps                   | 5.72e+03 |
| grad_norm             | 0.642    |
| kl                    | 0.0465   |
| loss_pi               | -0.0361  |
| loss_v                | 0.00288  |
| lr                    | 0.001    |
| misc/nupdates         | 469      |
| misc/serial_timesteps | 1.93e+06 |
| misc/time_elapsed     | 349      |
| misc/total_timesteps  | 1.93e+06 |
| ratio_max             | 3.24     |
| ratio_min             | 0.0158   |
| ret_avg               | 0.48     |
| ret_max               | 0.643    |
| ret_med               | 0.493    |
| ret_min               | -0.0702  |
| ret_var               | 0.0103   |
------------------------------------
------------------------------------
| action_max            | 14       |
| action_min            | 0        |
| adv_avg               | -3.2     |
| adv_max               | -2.2     |
| adv_med               | -3.18    |
| adv_min               | -6.18    |
| adv_var               | 0.0599   |
| clipfrac              | 0.176    |
| curr_lr               | 0.001    |
| entropy               | 0.571    |
| eplenmean             | 64.3     |
| eprewmean             | 9.7      |
| fps                   | 5.86e+03 |
| grad_norm             | 2.21     |
| kl                    | 0.0234   |
| loss_pi               | -0.0216  |
| loss_v                | 0.0589   |
| lr                    | 0.001    |
| misc/nupdates         | 479      |
| misc/serial_timesteps | 1.97e+06 |
| misc/time_elapsed     | 356      |
| misc/total_timesteps  | 1.97e+06 |
| ratio_max             | 2.65     |
| ratio_min             | 0.00366  |
| ret_avg               | 0.415    |
| ret_max               | 0.634    |
| ret_med               | 0.451    |
| ret_min               | -3.18    |
| ret_var               | 0.092    |
------------------------------------
------------------------------------
| action_max            | 14       |
| action_min            | 0        |
| adv_avg               | -3.2     |
| adv_max               | -2.78    |
| adv_med               | -3.21    |
| adv_min               | -3.42    |
| adv_var               | 0.00333  |
| clipfrac              | 0.275    |
| curr_lr               | 0.001    |
| entropy               | 0.772    |
| eplenmean             | 65.7     |
| eprewmean             | 10       |
| fps                   | 5.98e+03 |
| grad_norm             | 0.565    |
| kl                    | 0.0391   |
| loss_pi               | -0.0516  |
| loss_v                | 0.00196  |
| lr                    | 0.001    |
| misc/nupdates         | 489      |
| misc/serial_timesteps | 2.01e+06 |
| misc/time_elapsed     | 363      |
| misc/total_timesteps  | 2.01e+06 |
| ratio_max             | 4.47     |
| ratio_min             | 0.124    |
| ret_avg               | 0.464    |
| ret_max               | 0.617    |
| ret_med               | 0.468    |
| ret_min               | 0.188    |
| ret_var               | 0.0108   |
------------------------------------
------------------------------------
| action_max            | 14       |
| action_min            | 0        |
| adv_avg               | -3.23    |
| adv_max               | -2.55    |
| adv_med               | -3.24    |
| adv_min               | -3.48    |
| adv_var               | 0.00689  |
| clipfrac              | 0.27     |
| curr_lr               | 0.001    |
| entropy               | 0.712    |
| eplenmean             | 55.1     |
| eprewmean             | 9.8      |
| fps                   | 5.55e+03 |
| grad_norm             | 0.527    |
| kl                    | 0.0502   |
| loss_pi               | -0.041   |
| loss_v                | 0.00213  |
| lr                    | 0.001    |
| misc/nupdates         | 499      |
| misc/serial_timesteps | 2.05e+06 |
| misc/time_elapsed     | 370      |
| misc/total_timesteps  | 2.05e+06 |
| ratio_max             | 3.74     |
| ratio_min             | 0.133    |
| ret_avg               | 0.469    |
| ret_max               | 0.699    |
| ret_med               | 0.496    |
| ret_min               | 0.176    |
| ret_var               | 0.0122   |
------------------------------------
------------------------------------
| action_max            | 14       |
| action_min            | 0        |
| adv_avg               | -3.26    |
| adv_max               | -2.79    |
| adv_med               | -3.26    |
| adv_min               | -3.46    |
| adv_var               | 0.00416  |
| clipfrac              | 0.322    |
| curr_lr               | 0.001    |
| entropy               | 0.715    |
| eplenmean             | 62.1     |
| eprewmean             | 9.9      |
| fps                   | 5.83e+03 |
| grad_norm             | 0.478    |
| kl                    | 0.0618   |
| loss_pi               | -0.0474  |
| loss_v                | 0.0024   |
| lr                    | 0.001    |
| misc/nupdates         | 509      |
| misc/serial_timesteps | 2.09e+06 |
| misc/time_elapsed     | 377      |
| misc/total_timesteps  | 2.09e+06 |
| ratio_max             | 6.26     |
| ratio_min             | 0.0484   |
| ret_avg               | 0.427    |
| ret_max               | 0.604    |
| ret_med               | 0.44     |
| ret_min               | 0.0589   |
| ret_var               | 0.014    |
------------------------------------
------------------------------------
| action_max            | 14       |
| action_min            | 0        |
| adv_avg               | -3.32    |
| adv_max               | -2.39    |
| adv_med               | -3.31    |
| adv_min               | -6.86    |
| adv_var               | 0.0385   |
| clipfrac              | 0.246    |
| curr_lr               | 0.001    |
| entropy               | 0.61     |
| eplenmean             | 56.5     |
| eprewmean             | 9.9      |
| fps                   | 5.93e+03 |
| grad_norm             | 1.49     |
| kl                    | 0.0349   |
| loss_pi               | -0.0206  |
| loss_v                | 0.0377   |
| lr                    | 0.001    |
| misc/nupdates         | 519      |
| misc/serial_timesteps | 2.13e+06 |
| misc/time_elapsed     | 384      |
| misc/total_timesteps  | 2.13e+06 |
| ratio_max             | 5.1      |
| ratio_min             | 0.0114   |
| ret_avg               | 0.439    |
| ret_max               | 0.6      |
| ret_med               | 0.469    |
| ret_min               | -3.31    |
| ret_var               | 0.0477   |
------------------------------------
------------------------------------
| action_max            | 14       |
| action_min            | 0        |
| adv_avg               | -3.31    |
| adv_max               | -2.66    |
| adv_med               | -3.31    |
| adv_min               | -3.54    |
| adv_var               | 0.004    |
| clipfrac              | 0.287    |
| curr_lr               | 0.001    |
| entropy               | 0.607    |
| eplenmean             | 61.4     |
| eprewmean             | 10       |
| fps                   | 5.92e+03 |
| grad_norm             | 1.04     |
| kl                    | 0.0581   |
| loss_pi               | -0.0326  |
| loss_v                | 0.0035   |
| lr                    | 0.001    |
| misc/nupdates         | 529      |
| misc/serial_timesteps | 2.17e+06 |
| misc/time_elapsed     | 391      |
| misc/total_timesteps  | 2.17e+06 |
| ratio_max             | 3.91     |
| ratio_min             | 0.0352   |
| ret_avg               | 0.395    |
| ret_max               | 0.596    |
| ret_med               | 0.419    |
| ret_min               | 0.0227   |
| ret_var               | 0.0198   |
------------------------------------
------------------------------------
| action_max            | 14       |
| action_min            | 0        |
| adv_avg               | -3.38    |
| adv_max               | -2.89    |
| adv_med               | -3.38    |
| adv_min               | -3.67    |
| adv_var               | 0.00583  |
| clipfrac              | 0.279    |
| curr_lr               | 0.001    |
| entropy               | 0.606    |
| eplenmean             | 62       |
| eprewmean             | 9.9      |
| fps                   | 5.13e+03 |
| grad_norm             | 0.877    |
| kl                    | 0.054    |
| loss_pi               | -0.0364  |
| loss_v                | 0.00251  |
| lr                    | 0.001    |
| misc/nupdates         | 539      |
| misc/serial_timesteps | 2.21e+06 |
| misc/time_elapsed     | 398      |
| misc/total_timesteps  | 2.21e+06 |
| ratio_max             | 5.94     |
| ratio_min             | 0.0411   |
| ret_avg               | 0.463    |
| ret_max               | 0.679    |
| ret_med               | 0.49     |
| ret_min               | 0.132    |
| ret_var               | 0.0119   |
------------------------------------
------------------------------------
| action_max            | 14       |
| action_min            | 0        |
| adv_avg               | -3.42    |
| adv_max               | -2.89    |
| adv_med               | -3.42    |
| adv_min               | -3.76    |
| adv_var               | 0.00287  |
| clipfrac              | 0.287    |
| curr_lr               | 0.001    |
| entropy               | 0.69     |
| eplenmean             | 59.1     |
| eprewmean             | 10       |
| fps                   | 5.83e+03 |
| grad_norm             | 0.511    |
| kl                    | 0.0515   |
| loss_pi               | -0.0379  |
| loss_v                | 0.00229  |
| lr                    | 0.001    |
| misc/nupdates         | 549      |
| misc/serial_timesteps | 2.25e+06 |
| misc/time_elapsed     | 405      |
| misc/total_timesteps  | 2.25e+06 |
| ratio_max             | 5.6      |
| ratio_min             | 0.0205   |
| ret_avg               | 0.471    |
| ret_max               | 0.593    |
| ret_med               | 0.485    |
| ret_min               | 0.126    |
| ret_var               | 0.00704  |
------------------------------------
------------------------------------
| action_max            | 14       |
| action_min            | 0        |
| adv_avg               | -3.46    |
| adv_max               | -2.92    |
| adv_med               | -3.45    |
| adv_min               | -3.71    |
| adv_var               | 0.00458  |
| clipfrac              | 0.287    |
| curr_lr               | 0.001    |
| entropy               | 0.615    |
| eplenmean             | 58.9     |
| eprewmean             | 9.9      |
| fps                   | 5.83e+03 |
| grad_norm             | 0.602    |
| kl                    | 0.127    |
| loss_pi               | -0.0362  |
| loss_v                | 0.00265  |
| lr                    | 0.001    |
| misc/nupdates         | 559      |
| misc/serial_timesteps | 2.29e+06 |
| misc/time_elapsed     | 412      |
| misc/total_timesteps  | 2.29e+06 |
| ratio_max             | 449      |
| ratio_min             | 0.00535  |
| ret_avg               | 0.377    |
| ret_max               | 0.612    |
| ret_med               | 0.42     |
| ret_min               | 0.097    |
| ret_var               | 0.0255   |
------------------------------------
------------------------------------
| action_max            | 14       |
| action_min            | 0        |
| adv_avg               | -3.48    |
| adv_max               | -3.29    |
| adv_med               | -3.48    |
| adv_min               | -3.63    |
| adv_var               | 0.00164  |
| clipfrac              | 0.266    |
| curr_lr               | 0.001    |
| entropy               | 0.606    |
| eplenmean             | 58       |
| eprewmean             | 10       |
| fps                   | 5.53e+03 |
| grad_norm             | 0.664    |
| kl                    | 0.0497   |
| loss_pi               | -0.0505  |
| loss_v                | 0.00198  |
| lr                    | 0.001    |
| misc/nupdates         | 569      |
| misc/serial_timesteps | 2.33e+06 |
| misc/time_elapsed     | 419      |
| misc/total_timesteps  | 2.33e+06 |
| ratio_max             | 7.64     |
| ratio_min             | 0.0943   |
| ret_avg               | 0.453    |
| ret_max               | 0.625    |
| ret_med               | 0.469    |
| ret_min               | 0.245    |
| ret_var               | 0.00757  |
------------------------------------
------------------------------------
| action_max            | 14       |
| action_min            | 0        |
| adv_avg               | -3.54    |
| adv_max               | -2.93    |
| adv_med               | -3.52    |
| adv_min               | -7.12    |
| adv_var               | 0.0365   |
| clipfrac              | 0.176    |
| curr_lr               | 0.001    |
| entropy               | 0.639    |
| eplenmean             | 55.6     |
| eprewmean             | 9.9      |
| fps                   | 5.51e+03 |
| grad_norm             | 0.828    |
| kl                    | 0.0286   |
| loss_pi               | -0.0115  |
| loss_v                | 0.0264   |
| lr                    | 0.001    |
| misc/nupdates         | 579      |
| misc/serial_timesteps | 2.38e+06 |
| misc/time_elapsed     | 427      |
| misc/total_timesteps  | 2.38e+06 |
| ratio_max             | 3.3      |
| ratio_min             | 0.0535   |
| ret_avg               | 0.458    |
| ret_max               | 0.654    |
| ret_med               | 0.503    |
| ret_min               | -3.51    |
| ret_var               | 0.0628   |
------------------------------------
------------------------------------
| action_max            | 14       |
| action_min            | 0        |
| adv_avg               | -3.54    |
| adv_max               | -3.16    |
| adv_med               | -3.53    |
| adv_min               | -3.73    |
| adv_var               | 0.00188  |
| clipfrac              | 0.279    |
| curr_lr               | 0.001    |
| entropy               | 0.569    |
| eplenmean             | 60.4     |
| eprewmean             | 10       |
| fps                   | 5.49e+03 |
| grad_norm             | 0.582    |
| kl                    | 0.0545   |
| loss_pi               | -0.0389  |
| loss_v                | 0.00169  |
| lr                    | 0.001    |
| misc/nupdates         | 589      |
| misc/serial_timesteps | 2.42e+06 |
| misc/time_elapsed     | 434      |
| misc/total_timesteps  | 2.42e+06 |
| ratio_max             | 3.75     |
| ratio_min             | 0.0606   |
| ret_avg               | 0.441    |
| ret_max               | 0.592    |
| ret_med               | 0.456    |
| ret_min               | 0.235    |
| ret_var               | 0.0088   |
------------------------------------
------------------------------------
| action_max            | 14       |
| action_min            | 0        |
| adv_avg               | -3.6     |
| adv_max               | -3.18    |
| adv_med               | -3.57    |
| adv_min               | -7.6     |
| adv_var               | 0.0686   |
| clipfrac              | 0.148    |
| curr_lr               | 0.001    |
| entropy               | 0.581    |
| eplenmean             | 63       |
| eprewmean             | 9.8      |
| fps                   | 5.54e+03 |
| grad_norm             | 1.42     |
| kl                    | 0.0573   |
| loss_pi               | -0.00516 |
| loss_v                | 0.0895   |
| lr                    | 0.001    |
| misc/nupdates         | 599      |
| misc/serial_timesteps | 2.46e+06 |
| misc/time_elapsed     | 442      |
| misc/total_timesteps  | 2.46e+06 |
| ratio_max             | 4.95     |
| ratio_min             | 7.45e-07 |
| ret_avg               | 0.429    |
| ret_max               | 0.611    |
| ret_med               | 0.465    |
| ret_min               | -3.57    |
| ret_var               | 0.0752   |
------------------------------------
------------------------------------
| action_max            | 14       |
| action_min            | 0        |
| adv_avg               | -3.61    |
| adv_max               | -3.34    |
| adv_med               | -3.6     |
| adv_min               | -7.19    |
| adv_var               | 0.0398   |
| clipfrac              | 0.162    |
| curr_lr               | 0.001    |
| entropy               | 0.596    |
| eplenmean             | 57.5     |
| eprewmean             | 9.9      |
| fps                   | 5.46e+03 |
| grad_norm             | 0.738    |
| kl                    | 0.0273   |
| loss_pi               | -0.0173  |
| loss_v                | 0.0208   |
| lr                    | 0.001    |
| misc/nupdates         | 609      |
| misc/serial_timesteps | 2.5e+06  |
| misc/time_elapsed     | 449      |
| misc/total_timesteps  | 2.5e+06  |
| ratio_max             | 3.37     |
| ratio_min             | 0.00267  |
| ret_avg               | 0.417    |
| ret_max               | 0.614    |
| ret_med               | 0.435    |
| ret_min               | -3.6     |
| ret_var               | 0.0485   |
------------------------------------
------------------------------------
| action_max            | 14       |
| action_min            | 0        |
| adv_avg               | -3.63    |
| adv_max               | -2.84    |
| adv_med               | -3.63    |
| adv_min               | -3.9     |
| adv_var               | 0.00276  |
| clipfrac              | 0.281    |
| curr_lr               | 0.001    |
| entropy               | 0.674    |
| eplenmean             | 59.6     |
| eprewmean             | 10       |
| fps                   | 5.71e+03 |
| grad_norm             | 0.6      |
| kl                    | 0.0513   |
| loss_pi               | -0.0437  |
| loss_v                | 0.00212  |
| lr                    | 0.001    |
| misc/nupdates         | 619      |
| misc/serial_timesteps | 2.54e+06 |
| misc/time_elapsed     | 456      |
| misc/total_timesteps  | 2.54e+06 |
| ratio_max             | 2.3      |
| ratio_min             | 0.125    |
| ret_avg               | 0.428    |
| ret_max               | 0.574    |
| ret_med               | 0.451    |
| ret_min               | 0.148    |
| ret_var               | 0.00962  |
------------------------------------
------------------------------------
| action_max            | 14       |
| action_min            | 0        |
| adv_avg               | -3.66    |
| adv_max               | -1.76    |
| adv_med               | -3.66    |
| adv_min               | -3.9     |
| adv_var               | 0.00348  |
| clipfrac              | 0.256    |
| curr_lr               | 0.001    |
| entropy               | 0.773    |
| eplenmean             | 63.9     |
| eprewmean             | 10       |
| fps                   | 5.45e+03 |
| grad_norm             | 0.933    |
| kl                    | 0.0392   |
| loss_pi               | -0.0407  |
| loss_v                | 0.00226  |
| lr                    | 0.001    |
| misc/nupdates         | 629      |
| misc/serial_timesteps | 2.58e+06 |
| misc/time_elapsed     | 464      |
| misc/total_timesteps  | 2.58e+06 |
| ratio_max             | 6.46     |
| ratio_min             | 0.0383   |
| ret_avg               | 0.413    |
| ret_max               | 0.595    |
| ret_med               | 0.43     |
| ret_min               | 0.11     |
| ret_var               | 0.0108   |
------------------------------------
------------------------------------
| action_max            | 14       |
| action_min            | 0        |
| adv_avg               | -3.69    |
| adv_max               | -2.9     |
| adv_med               | -3.68    |
| adv_min               | -7.82    |
| adv_var               | 0.0387   |
| clipfrac              | 0.199    |
| curr_lr               | 0.001    |
| entropy               | 0.673    |
| eplenmean             | 55.9     |
| eprewmean             | 9.9      |
| fps                   | 5.94e+03 |
| grad_norm             | 0.475    |
| kl                    | 0.0217   |
| loss_pi               | -0.0184  |
| loss_v                | 0.0213   |
| lr                    | 0.001    |
| misc/nupdates         | 639      |
| misc/serial_timesteps | 2.62e+06 |
| misc/time_elapsed     | 471      |
| misc/total_timesteps  | 2.62e+06 |
| ratio_max             | 2.25     |
| ratio_min             | 0.164    |
| ret_avg               | 0.397    |
| ret_max               | 0.613    |
| ret_med               | 0.44     |
| ret_min               | -3.69    |
| ret_var               | 0.0611   |
------------------------------------
------------------------------------
| action_max            | 14       |
| action_min            | 0        |
| adv_avg               | -3.72    |
| adv_max               | -2.55    |
| adv_med               | -3.73    |
| adv_min               | -4.07    |
| adv_var               | 0.00454  |
| clipfrac              | 0.273    |
| curr_lr               | 0.001    |
| entropy               | 0.724    |
| eplenmean             | 62       |
| eprewmean             | 10       |
| fps                   | 5.79e+03 |
| grad_norm             | 0.949    |
| kl                    | 0.0408   |
| loss_pi               | -0.0439  |
| loss_v                | 0.00375  |
| lr                    | 0.001    |
| misc/nupdates         | 649      |
| misc/serial_timesteps | 2.66e+06 |
| misc/time_elapsed     | 478      |
| misc/total_timesteps  | 2.66e+06 |
| ratio_max             | 3.54     |
| ratio_min             | 0.0676   |
| ret_avg               | 0.455    |
| ret_max               | 0.661    |
| ret_med               | 0.477    |
| ret_min               | 0.0569   |
| ret_var               | 0.00769  |
------------------------------------
------------------------------------
| action_max            | 14       |
| action_min            | 0        |
| adv_avg               | -3.75    |
| adv_max               | -3.33    |
| adv_med               | -3.74    |
| adv_min               | -7.75    |
| adv_var               | 0.0343   |
| clipfrac              | 0.227    |
| curr_lr               | 0.001    |
| entropy               | 0.683    |
| eplenmean             | 61.4     |
| eprewmean             | 9.9      |
| fps                   | 5.9e+03  |
| grad_norm             | 2.07     |
| kl                    | 0.0308   |
| loss_pi               | -0.0237  |
| loss_v                | 0.00677  |
| lr                    | 0.001    |
| misc/nupdates         | 659      |
| misc/serial_timesteps | 2.7e+06  |
| misc/time_elapsed     | 485      |
| misc/total_timesteps  | 2.7e+06  |
| ratio_max             | 3.19     |
| ratio_min             | 0.0208   |
| ret_avg               | 0.376    |
| ret_max               | 0.569    |
| ret_med               | 0.403    |
| ret_min               | -3.75    |
| ret_var               | 0.05     |
------------------------------------
------------------------------------
| action_max            | 14       |
| action_min            | 0        |
| adv_avg               | -3.77    |
| adv_max               | -3.48    |
| adv_med               | -3.76    |
| adv_min               | -7.69    |
| adv_var               | 0.0393   |
| clipfrac              | 0.211    |
| curr_lr               | 0.001    |
| entropy               | 0.669    |
| eplenmean             | 57.5     |
| eprewmean             | 9.9      |
| fps                   | 5.91e+03 |
| grad_norm             | 0.535    |
| kl                    | 0.0182   |
| loss_pi               | -0.0247  |
| loss_v                | 0.0238   |
| lr                    | 0.001    |
| misc/nupdates         | 669      |
| misc/serial_timesteps | 2.74e+06 |
| misc/time_elapsed     | 492      |
| misc/total_timesteps  | 2.74e+06 |
| ratio_max             | 2.78     |
| ratio_min             | 0.0579   |
| ret_avg               | 0.352    |
| ret_max               | 0.554    |
| ret_med               | 0.386    |
| ret_min               | -3.78    |
| ret_var               | 0.0719   |
------------------------------------
------------------------------------
| action_max            | 14       |
| action_min            | 0        |
| adv_avg               | -3.81    |
| adv_max               | -3.31    |
| adv_med               | -3.81    |
| adv_min               | -4.1     |
| adv_var               | 0.00354  |
| clipfrac              | 0.266    |
| curr_lr               | 0.001    |
| entropy               | 0.68     |
| eplenmean             | 59.1     |
| eprewmean             | 10       |
| fps                   | 5.51e+03 |
| grad_norm             | 0.69     |
| kl                    | 0.0444   |
| loss_pi               | -0.0453  |
| loss_v                | 0.0023   |
| lr                    | 0.001    |
| misc/nupdates         | 679      |
| misc/serial_timesteps | 2.79e+06 |
| misc/time_elapsed     | 499      |
| misc/total_timesteps  | 2.79e+06 |
| ratio_max             | 2.46     |
| ratio_min             | 0.0111   |
| ret_avg               | 0.421    |
| ret_max               | 0.554    |
| ret_med               | 0.44     |
| ret_min               | 0.103    |
| ret_var               | 0.00943  |
------------------------------------
------------------------------------
| action_max            | 14       |
| action_min            | 0        |
| adv_avg               | -3.84    |
| adv_max               | -2.9     |
| adv_med               | -3.84    |
| adv_min               | -7.59    |
| adv_var               | 0.0427   |
| clipfrac              | 0.223    |
| curr_lr               | 0.001    |
| entropy               | 0.626    |
| eplenmean             | 63.3     |
| eprewmean             | 9.8      |
| fps                   | 5.61e+03 |
| grad_norm             | 0.704    |
| kl                    | 0.0321   |
| loss_pi               | -0.0265  |
| loss_v                | 0.0365   |
| lr                    | 0.001    |
| misc/nupdates         | 689      |
| misc/serial_timesteps | 2.83e+06 |
| misc/time_elapsed     | 507      |
| misc/total_timesteps  | 2.83e+06 |
| ratio_max             | 4.03     |
| ratio_min             | 0.0553   |
| ret_avg               | 0.382    |
| ret_max               | 0.601    |
| ret_med               | 0.408    |
| ret_min               | -3.83    |
| ret_var               | 0.0536   |
------------------------------------
------------------------------------
| action_max            | 14       |
| action_min            | 0        |
| adv_avg               | -3.9     |
| adv_max               | -1.49    |
| adv_med               | -3.85    |
| adv_min               | -7.82    |
| adv_var               | 0.12     |
| clipfrac              | 0.199    |
| curr_lr               | 0.001    |
| entropy               | 0.601    |
| eplenmean             | 58.6     |
| eprewmean             | 9.7      |
| fps                   | 5.71e+03 |
| grad_norm             | 1.99     |
| kl                    | 0.0367   |
| loss_pi               | -0.0186  |
| loss_v                | 0.0985   |
| lr                    | 0.001    |
| misc/nupdates         | 699      |
| misc/serial_timesteps | 2.87e+06 |
| misc/time_elapsed     | 514      |
| misc/total_timesteps  | 2.87e+06 |
| ratio_max             | 2.32     |
| ratio_min             | 0.00016  |
| ret_avg               | 0.299    |
| ret_max               | 0.602    |
| ret_med               | 0.403    |
| ret_min               | -3.86    |
| ret_var               | 0.208    |
------------------------------------
------------------------------------
| action_max            | 14       |
| action_min            | 0        |
| adv_avg               | -3.91    |
| adv_max               | -3.62    |
| adv_med               | -3.89    |
| adv_min               | -8.01    |
| adv_var               | 0.0464   |
| clipfrac              | 0.203    |
| curr_lr               | 0.001    |
| entropy               | 0.613    |
| eplenmean             | 62.4     |
| eprewmean             | 9.9      |
| fps                   | 5.63e+03 |
| grad_norm             | 0.329    |
| kl                    | 0.0295   |
| loss_pi               | -0.0184  |
| loss_v                | 0.00824  |
| lr                    | 0.001    |
| misc/nupdates         | 709      |
| misc/serial_timesteps | 2.91e+06 |
| misc/time_elapsed     | 521      |
| misc/total_timesteps  | 2.91e+06 |
| ratio_max             | 2.41     |
| ratio_min             | 0.0239   |
| ret_avg               | 0.374    |
| ret_max               | 0.576    |
| ret_med               | 0.415    |
| ret_min               | -3.89    |
| ret_var               | 0.0616   |
------------------------------------
------------------------------------
| action_max            | 14       |
| action_min            | 0        |
| adv_avg               | -3.91    |
| adv_max               | -3.33    |
| adv_med               | -3.92    |
| adv_min               | -4.35    |
| adv_var               | 0.00399  |
| clipfrac              | 0.268    |
| curr_lr               | 0.001    |
| entropy               | 0.595    |
| eplenmean             | 58       |
| eprewmean             | 10       |
| fps                   | 5.51e+03 |
| grad_norm             | 0.666    |
| kl                    | 0.0456   |
| loss_pi               | -0.0324  |
| loss_v                | 0.00235  |
| lr                    | 0.001    |
| misc/nupdates         | 719      |
| misc/serial_timesteps | 2.95e+06 |
| misc/time_elapsed     | 529      |
| misc/total_timesteps  | 2.95e+06 |
| ratio_max             | 8.36     |
| ratio_min             | 0.13     |
| ret_avg               | 0.393    |
| ret_max               | 0.61     |
| ret_med               | 0.412    |
| ret_min               | 0.0535   |
| ret_var               | 0.0118   |
------------------------------------
------------------------------------
| action_max            | 14       |
| action_min            | 0        |
| adv_avg               | -3.95    |
| adv_max               | -3.55    |
| adv_med               | -3.95    |
| adv_min               | -4.23    |
| adv_var               | 0.00314  |
| clipfrac              | 0.244    |
| curr_lr               | 0.001    |
| entropy               | 0.587    |
| eplenmean             | 60.8     |
| eprewmean             | 10       |
| fps                   | 5.58e+03 |
| grad_norm             | 0.727    |
| kl                    | 0.0462   |
| loss_pi               | -0.027   |
| loss_v                | 0.00301  |
| lr                    | 0.001    |
| misc/nupdates         | 729      |
| misc/serial_timesteps | 2.99e+06 |
| misc/time_elapsed     | 536      |
| misc/total_timesteps  | 2.99e+06 |
| ratio_max             | 10.6     |
| ratio_min             | 0.07     |
| ret_avg               | 0.395    |
| ret_max               | 0.556    |
| ret_med               | 0.415    |
| ret_min               | 0.0389   |
| ret_var               | 0.00957  |
------------------------------------
------------------------------------
| action_max            | 14       |
| action_min            | 0        |
| adv_avg               | -3.97    |
| adv_max               | -3.48    |
| adv_med               | -3.96    |
| adv_min               | -7.78    |
| adv_var               | 0.0383   |
| clipfrac              | 0.197    |
| curr_lr               | 0.001    |
| entropy               | 0.584    |
| eplenmean             | 61.1     |
| eprewmean             | 9.9      |
| fps                   | 5.6e+03  |
| grad_norm             | 0.412    |
| kl                    | 0.0269   |
| loss_pi               | -0.0192  |
| loss_v                | 0.0147   |
| lr                    | 0.001    |
| misc/nupdates         | 739      |
| misc/serial_timesteps | 3.03e+06 |
| misc/time_elapsed     | 544      |
| misc/total_timesteps  | 3.03e+06 |
| ratio_max             | 2.4      |
| ratio_min             | 0.00466  |
| ret_avg               | 0.35     |
| ret_max               | 0.578    |
| ret_med               | 0.386    |
| ret_min               | -3.97    |
| ret_var               | 0.0591   |
------------------------------------
------------------------------------
| action_max            | 14       |
| action_min            | 0        |
| adv_avg               | -3.99    |
| adv_max               | -3.58    |
| adv_med               | -3.99    |
| adv_min               | -4.21    |
| adv_var               | 0.00258  |
| clipfrac              | 0.275    |
| curr_lr               | 0.001    |
| entropy               | 0.704    |
| eplenmean             | 58.5     |
| eprewmean             | 10       |
| fps                   | 5.74e+03 |
| grad_norm             | 0.472    |
| kl                    | 0.0427   |
| loss_pi               | -0.0464  |
| loss_v                | 0.00218  |
| lr                    | 0.001    |
| misc/nupdates         | 749      |
| misc/serial_timesteps | 3.07e+06 |
| misc/time_elapsed     | 551      |
| misc/total_timesteps  | 3.07e+06 |
| ratio_max             | 8.45     |
| ratio_min             | 0.086    |
| ret_avg               | 0.376    |
| ret_max               | 0.561    |
| ret_med               | 0.393    |
| ret_min               | 0.0172   |
| ret_var               | 0.0118   |
------------------------------------
------------------------------------
| action_max            | 14       |
| action_min            | 0        |
| adv_avg               | -4.01    |
| adv_max               | -3.22    |
| adv_med               | -4.02    |
| adv_min               | -4.36    |
| adv_var               | 0.00445  |
| clipfrac              | 0.299    |
| curr_lr               | 0.001    |
| entropy               | 0.64     |
| eplenmean             | 64.1     |
| eprewmean             | 9.9      |
| fps                   | 5.94e+03 |
| grad_norm             | 0.721    |
| kl                    | 0.0437   |
| loss_pi               | -0.041   |
| loss_v                | 0.00245  |
| lr                    | 0.001    |
| misc/nupdates         | 759      |
| misc/serial_timesteps | 3.11e+06 |
| misc/time_elapsed     | 558      |
| misc/total_timesteps  | 3.11e+06 |
| ratio_max             | 3.37     |
| ratio_min             | 0.154    |
| ret_avg               | 0.347    |
| ret_max               | 0.573    |
| ret_med               | 0.363    |
| ret_min               | 0.0133   |
| ret_var               | 0.0167   |
------------------------------------
------------------------------------
| action_max            | 14       |
| action_min            | 0        |
| adv_avg               | -4.05    |
| adv_max               | -3.63    |
| adv_med               | -4.06    |
| adv_min               | -4.31    |
| adv_var               | 0.00304  |
| clipfrac              | 0.328    |
| curr_lr               | 0.001    |
| entropy               | 0.648    |
| eplenmean             | 57.5     |
| eprewmean             | 10       |
| fps                   | 5.76e+03 |
| grad_norm             | 0.425    |
| kl                    | 0.0618   |
| loss_pi               | -0.0478  |
| loss_v                | 0.00204  |
| lr                    | 0.001    |
| misc/nupdates         | 769      |
| misc/serial_timesteps | 3.15e+06 |
| misc/time_elapsed     | 565      |
| misc/total_timesteps  | 3.15e+06 |
| ratio_max             | 4.09     |
| ratio_min             | 0.0254   |
| ret_avg               | 0.378    |
| ret_max               | 0.673    |
| ret_med               | 0.394    |
| ret_min               | 0.0131   |
| ret_var               | 0.0117   |
------------------------------------
------------------------------------
| action_max            | 14       |
| action_min            | 0        |
| adv_avg               | -4.08    |
| adv_max               | -3.74    |
| adv_med               | -4.08    |
| adv_min               | -4.28    |
| adv_var               | 0.00209  |
| clipfrac              | 0.256    |
| curr_lr               | 0.001    |
| entropy               | 0.575    |
| eplenmean             | 56.3     |
| eprewmean             | 10       |
| fps                   | 5.8e+03  |
| grad_norm             | 0.576    |
| kl                    | 0.0446   |
| loss_pi               | -0.0363  |
| loss_v                | 0.00195  |
| lr                    | 0.001    |
| misc/nupdates         | 779      |
| misc/serial_timesteps | 3.19e+06 |
| misc/time_elapsed     | 572      |
| misc/total_timesteps  | 3.19e+06 |
| ratio_max             | 5.49     |
| ratio_min             | 0.078    |
| ret_avg               | 0.383    |
| ret_max               | 0.527    |
| ret_med               | 0.39     |
| ret_min               | 0.128    |
| ret_var               | 0.00841  |
------------------------------------
------------------------------------
| action_max            | 14       |
| action_min            | 0        |
| adv_avg               | -4.09    |
| adv_max               | -3.37    |
| adv_med               | -4.09    |
| adv_min               | -4.41    |
| adv_var               | 0.00318  |
| clipfrac              | 0.279    |
| curr_lr               | 0.001    |
| entropy               | 0.534    |
| eplenmean             | 58.3     |
| eprewmean             | 10       |
| fps                   | 5.48e+03 |
| grad_norm             | 0.554    |
| kl                    | 0.0529   |
| loss_pi               | -0.0463  |
| loss_v                | 0.00208  |
| lr                    | 0.001    |
| misc/nupdates         | 789      |
| misc/serial_timesteps | 3.24e+06 |
| misc/time_elapsed     | 579      |
| misc/total_timesteps  | 3.24e+06 |
| ratio_max             | 9.42     |
| ratio_min             | 0.087    |
| ret_avg               | 0.362    |
| ret_max               | 0.578    |
| ret_med               | 0.39     |
| ret_min               | 0.0548   |
| ret_var               | 0.0158   |
------------------------------------
------------------------------------
| action_max            | 14       |
| action_min            | 0        |
| adv_avg               | -4.14    |
| adv_max               | -3.72    |
| adv_med               | -4.12    |
| adv_min               | -8.45    |
| adv_var               | 0.0528   |
| clipfrac              | 0.193    |
| curr_lr               | 0.001    |
| entropy               | 0.598    |
| eplenmean             | 57.1     |
| eprewmean             | 9.9      |
| fps                   | 5.47e+03 |
| grad_norm             | 0.479    |
| kl                    | 0.0308   |
| loss_pi               | -0.0168  |
| loss_v                | 0.0266   |
| lr                    | 0.001    |
| misc/nupdates         | 799      |
| misc/serial_timesteps | 3.28e+06 |
| misc/time_elapsed     | 586      |
| misc/total_timesteps  | 3.28e+06 |
| ratio_max             | 3.06     |
| ratio_min             | 0.111    |
| ret_avg               | 0.343    |
| ret_max               | 0.56     |
| ret_med               | 0.38     |
| ret_min               | -4.13    |
| ret_var               | 0.066    |
------------------------------------
------------------------------------
| action_max            | 14       |
| action_min            | 0        |
| adv_avg               | -4.16    |
| adv_max               | -4.01    |
| adv_med               | -4.16    |
| adv_min               | -4.35    |
| adv_var               | 0.00185  |
| clipfrac              | 0.258    |
| curr_lr               | 0.001    |
| entropy               | 0.569    |
| eplenmean             | 58.3     |
| eprewmean             | 10       |
| fps                   | 5.53e+03 |
| grad_norm             | 0.47     |
| kl                    | 0.0553   |
| loss_pi               | -0.0438  |
| loss_v                | 0.00143  |
| lr                    | 0.001    |
| misc/nupdates         | 809      |
| misc/serial_timesteps | 3.32e+06 |
| misc/time_elapsed     | 594      |
| misc/total_timesteps  | 3.32e+06 |
| ratio_max             | 7.61     |
| ratio_min             | 0.0742   |
| ret_avg               | 0.376    |
| ret_max               | 0.523    |
| ret_med               | 0.384    |
| ret_min               | 0.164    |
| ret_var               | 0.00823  |
------------------------------------
------------------------------------
| action_max            | 14       |
| action_min            | 0        |
| adv_avg               | -4.18    |
| adv_max               | -2.65    |
| adv_med               | -4.16    |
| adv_min               | -8.77    |
| adv_var               | 0.0451   |
| clipfrac              | 0.168    |
| curr_lr               | 0.001    |
| entropy               | 0.508    |
| eplenmean             | 55.8     |
| eprewmean             | 9.9      |
| fps                   | 5.51e+03 |
| grad_norm             | 0.487    |
| kl                    | 0.0211   |
| loss_pi               | -0.0224  |
| loss_v                | 0.0163   |
| lr                    | 0.001    |
| misc/nupdates         | 819      |
| misc/serial_timesteps | 3.36e+06 |
| misc/time_elapsed     | 601      |
| misc/total_timesteps  | 3.36e+06 |
| ratio_max             | 1.89     |
| ratio_min             | 0.0356   |
| ret_avg               | 0.303    |
| ret_max               | 0.58     |
| ret_med               | 0.37     |
| ret_min               | -4.18    |
| ret_var               | 0.101    |
------------------------------------
------------------------------------
| action_max            | 14       |
| action_min            | 0        |
| adv_avg               | -4.22    |
| adv_max               | -3.81    |
| adv_med               | -4.22    |
| adv_min               | -4.46    |
| adv_var               | 0.00218  |
| clipfrac              | 0.262    |
| curr_lr               | 0.001    |
| entropy               | 0.512    |
| eplenmean             | 55.5     |
| eprewmean             | 10       |
| fps                   | 5.66e+03 |
| grad_norm             | 0.629    |
| kl                    | 0.0549   |
| loss_pi               | -0.0392  |
| loss_v                | 0.00203  |
| lr                    | 0.001    |
| misc/nupdates         | 829      |
| misc/serial_timesteps | 3.4e+06  |
| misc/time_elapsed     | 608      |
| misc/total_timesteps  | 3.4e+06  |
| ratio_max             | 9.04     |
| ratio_min             | 0.0923   |
| ret_avg               | 0.384    |
| ret_max               | 0.567    |
| ret_med               | 0.398    |
| ret_min               | 0.158    |
| ret_var               | 0.00961  |
------------------------------------
------------------------------------
| action_max            | 14       |
| action_min            | 0        |
| adv_avg               | -4.23    |
| adv_max               | -3.82    |
| adv_med               | -4.23    |
| adv_min               | -4.57    |
| adv_var               | 0.00211  |
| clipfrac              | 0.275    |
| curr_lr               | 0.001    |
| entropy               | 0.54     |
| eplenmean             | 56.7     |
| eprewmean             | 10       |
| fps                   | 5.52e+03 |
| grad_norm             | 0.665    |
| kl                    | 0.0561   |
| loss_pi               | -0.0354  |
| loss_v                | 0.00157  |
| lr                    | 0.001    |
| misc/nupdates         | 839      |
| misc/serial_timesteps | 3.44e+06 |
| misc/time_elapsed     | 616      |
| misc/total_timesteps  | 3.44e+06 |
| ratio_max             | 3.53     |
| ratio_min             | 0.248    |
| ret_avg               | 0.374    |
| ret_max               | 0.523    |
| ret_med               | 0.386    |
| ret_min               | 0.133    |
| ret_var               | 0.00975  |
------------------------------------
------------------------------------
| action_max            | 14       |
| action_min            | 0        |
| adv_avg               | -4.26    |
| adv_max               | -3.84    |
| adv_med               | -4.26    |
| adv_min               | -4.52    |
| adv_var               | 0.00227  |
| clipfrac              | 0.217    |
| curr_lr               | 0.001    |
| entropy               | 0.463    |
| eplenmean             | 59.4     |
| eprewmean             | 10       |
| fps                   | 5.54e+03 |
| grad_norm             | 0.581    |
| kl                    | 0.118    |
| loss_pi               | -0.0403  |
| loss_v                | 0.00167  |
| lr                    | 0.001    |
| misc/nupdates         | 849      |
| misc/serial_timesteps | 3.48e+06 |
| misc/time_elapsed     | 623      |
| misc/total_timesteps  | 3.48e+06 |
| ratio_max             | 9.92     |
| ratio_min             | 0.00121  |
| ret_avg               | 0.36     |
| ret_max               | 0.563    |
| ret_med               | 0.374    |
| ret_min               | 0.0947   |
| ret_var               | 0.0109   |
------------------------------------
------------------------------------
| action_max            | 14       |
| action_min            | 0        |
| adv_avg               | -4.27    |
| adv_max               | -3.78    |
| adv_med               | -4.28    |
| adv_min               | -4.51    |
| adv_var               | 0.00439  |
| clipfrac              | 0.262    |
| curr_lr               | 0.001    |
| entropy               | 0.529    |
| eplenmean             | 53.6     |
| eprewmean             | 10       |
| fps                   | 5.89e+03 |
| grad_norm             | 0.414    |
| kl                    | 0.0566   |
| loss_pi               | -0.0201  |
| loss_v                | 0.00183  |
| lr                    | 0.001    |
| misc/nupdates         | 859      |
| misc/serial_timesteps | 3.52e+06 |
| misc/time_elapsed     | 630      |
| misc/total_timesteps  | 3.52e+06 |
| ratio_max             | 3.41     |
| ratio_min             | 0.0608   |
| ret_avg               | 0.349    |
| ret_max               | 0.552    |
| ret_med               | 0.374    |
| ret_min               | -0.0159  |
| ret_var               | 0.0147   |
------------------------------------
------------------------------------
| action_max            | 14       |
| action_min            | 0        |
| adv_avg               | -4.31    |
| adv_max               | -4.04    |
| adv_med               | -4.32    |
| adv_min               | -4.6     |
| adv_var               | 0.00193  |
| clipfrac              | 0.287    |
| curr_lr               | 0.001    |
| entropy               | 0.502    |
| eplenmean             | 53.7     |
| eprewmean             | 10       |
| fps                   | 5.87e+03 |
| grad_norm             | 0.741    |
| kl                    | 0.0876   |
| loss_pi               | -0.0356  |
| loss_v                | 0.00229  |
| lr                    | 0.001    |
| misc/nupdates         | 869      |
| misc/serial_timesteps | 3.56e+06 |
| misc/time_elapsed     | 637      |
| misc/total_timesteps  | 3.56e+06 |
| ratio_max             | 4.31     |
| ratio_min             | 0.0418   |
| ret_avg               | 0.372    |
| ret_max               | 0.531    |
| ret_med               | 0.383    |
| ret_min               | 0.108    |
| ret_var               | 0.00935  |
------------------------------------
------------------------------------
| action_max            | 14       |
| action_min            | 0        |
| adv_avg               | -4.31    |
| adv_max               | -3.15    |
| adv_med               | -4.32    |
| adv_min               | -4.72    |
| adv_var               | 0.018    |
| clipfrac              | 0.225    |
| curr_lr               | 0.001    |
| entropy               | 0.561    |
| eplenmean             | 55.2     |
| eprewmean             | 9.9      |
| fps                   | 5.83e+03 |
| grad_norm             | 0.488    |
| kl                    | 0.0459   |
| loss_pi               | -0.0279  |
| loss_v                | 0.00396  |
| lr                    | 0.001    |
| misc/nupdates         | 879      |
| misc/serial_timesteps | 3.6e+06  |
| misc/time_elapsed     | 644      |
| misc/total_timesteps  | 3.6e+06  |
| ratio_max             | 3.02     |
| ratio_min             | 0.192    |
| ret_avg               | 0.295    |
| ret_max               | 0.527    |
| ret_med               | 0.342    |
| ret_min               | -0.254   |
| ret_var               | 0.0344   |
------------------------------------
------------------------------------
| action_max            | 14       |
| action_min            | 0        |
| adv_avg               | -4.39    |
| adv_max               | 0.506    |
| adv_med               | -4.36    |
| adv_min               | -8.71    |
| adv_var               | 0.173    |
| clipfrac              | 0.221    |
| curr_lr               | 0.001    |
| entropy               | 0.63     |
| eplenmean             | 56.6     |
| eprewmean             | 9.6      |
| fps                   | 5.94e+03 |
| grad_norm             | 0.93     |
| kl                    | 0.032    |
| loss_pi               | -0.024   |
| loss_v                | 0.107    |
| lr                    | 0.001    |
| misc/nupdates         | 889      |
| misc/serial_timesteps | 3.65e+06 |
| misc/time_elapsed     | 651      |
| misc/total_timesteps  | 3.65e+06 |
| ratio_max             | 2.55     |
| ratio_min             | 0.045    |
| ret_avg               | 0.185    |
| ret_max               | 0.539    |
| ret_med               | 0.389    |
| ret_min               | -4.36    |
| ret_var               | 0.39     |
------------------------------------
------------------------------------
| action_max            | 14       |
| action_min            | 0        |
| adv_avg               | -4.39    |
| adv_max               | -3.17    |
| adv_med               | -4.37    |
| adv_min               | -8.94    |
| adv_var               | 0.0646   |
| clipfrac              | 0.262    |
| curr_lr               | 0.001    |
| entropy               | 0.65     |
| eplenmean             | 60.8     |
| eprewmean             | 9.9      |
| fps                   | 5.88e+03 |
| grad_norm             | 0.61     |
| kl                    | 0.0443   |
| loss_pi               | -0.0191  |
| loss_v                | 0.0439   |
| lr                    | 0.001    |
| misc/nupdates         | 899      |
| misc/serial_timesteps | 3.69e+06 |
| misc/time_elapsed     | 658      |
| misc/total_timesteps  | 3.69e+06 |
| ratio_max             | 3.97     |
| ratio_min             | 0.00532  |
| ret_avg               | 0.307    |
| ret_max               | 0.541    |
| ret_med               | 0.352    |
| ret_min               | -4.38    |
| ret_var               | 0.0714   |
------------------------------------
------------------------------------
| action_max            | 14       |
| action_min            | 0        |
| adv_avg               | -4.42    |
| adv_max               | -3.97    |
| adv_med               | -4.41    |
| adv_min               | -8.7     |
| adv_var               | 0.0433   |
| clipfrac              | 0.256    |
| curr_lr               | 0.001    |
| entropy               | 0.594    |
| eplenmean             | 58.2     |
| eprewmean             | 9.9      |
| fps                   | 5.8e+03  |
| grad_norm             | 2.99     |
| kl                    | 0.0384   |
| loss_pi               | -0.0296  |
| loss_v                | 0.0149   |
| lr                    | 0.001    |
| misc/nupdates         | 909      |
| misc/serial_timesteps | 3.73e+06 |
| misc/time_elapsed     | 666      |
| misc/total_timesteps  | 3.73e+06 |
| ratio_max             | 4.45     |
| ratio_min             | 0.0354   |
| ret_avg               | 0.341    |
| ret_max               | 0.576    |
| ret_med               | 0.371    |
| ret_min               | -4.4     |
| ret_var               | 0.0531   |
------------------------------------
------------------------------------
| action_max            | 14       |
| action_min            | 0        |
| adv_avg               | -4.42    |
| adv_max               | -3.93    |
| adv_med               | -4.42    |
| adv_min               | -4.67    |
| adv_var               | 0.00423  |
| clipfrac              | 0.293    |
| curr_lr               | 0.001    |
| entropy               | 0.635    |
| eplenmean             | 60.4     |
| eprewmean             | 10       |
| fps                   | 5.61e+03 |
| grad_norm             | 0.686    |
| kl                    | 0.0627   |
| loss_pi               | -0.0487  |
| loss_v                | 0.0032   |
| lr                    | 0.001    |
| misc/nupdates         | 919      |
| misc/serial_timesteps | 3.77e+06 |
| misc/time_elapsed     | 673      |
| misc/total_timesteps  | 3.77e+06 |
| ratio_max             | 10.5     |
| ratio_min             | 0.0404   |
| ret_avg               | 0.34     |
| ret_max               | 0.61     |
| ret_med               | 0.36     |
| ret_min               | -0.0212  |
| ret_var               | 0.0155   |
------------------------------------
------------------------------------
| action_max            | 14       |
| action_min            | 0        |
| adv_avg               | -4.45    |
| adv_max               | -3.9     |
| adv_med               | -4.44    |
| adv_min               | -4.71    |
| adv_var               | 0.0036   |
| clipfrac              | 0.236    |
| curr_lr               | 0.001    |
| entropy               | 0.576    |
| eplenmean             | 59.9     |
| eprewmean             | 10       |
| fps                   | 5.92e+03 |
| grad_norm             | 0.778    |
| kl                    | 0.0396   |
| loss_pi               | -0.0334  |
| loss_v                | 0.0045   |
| lr                    | 0.001    |
| misc/nupdates         | 929      |
| misc/serial_timesteps | 3.81e+06 |
| misc/time_elapsed     | 680      |
| misc/total_timesteps  | 3.81e+06 |
| ratio_max             | 8.57     |
| ratio_min             | 0.0612   |
| ret_avg               | 0.334    |
| ret_max               | 0.516    |
| ret_med               | 0.349    |
| ret_min               | 0.0649   |
| ret_var               | 0.0138   |
------------------------------------
------------------------------------
| action_max            | 14       |
| action_min            | 0        |
| adv_avg               | -4.46    |
| adv_max               | -3.55    |
| adv_med               | -4.46    |
| adv_min               | -4.73    |
| adv_var               | 0.00523  |
| clipfrac              | 0.238    |
| curr_lr               | 0.001    |
| entropy               | 0.523    |
| eplenmean             | 55.8     |
| eprewmean             | 10       |
| fps                   | 5.76e+03 |
| grad_norm             | 0.708    |
| kl                    | 0.0467   |
| loss_pi               | -0.0419  |
| loss_v                | 0.00327  |
| lr                    | 0.001    |
| misc/nupdates         | 939      |
| misc/serial_timesteps | 3.85e+06 |
| misc/time_elapsed     | 687      |
| misc/total_timesteps  | 3.85e+06 |
| ratio_max             | 2.37     |
| ratio_min             | 0.00693  |
| ret_avg               | 0.317    |
| ret_max               | 0.622    |
| ret_med               | 0.334    |
| ret_min               | 0.00978  |
| ret_var               | 0.0153   |
------------------------------------
------------------------------------
| action_max            | 14       |
| action_min            | 0        |
| adv_avg               | -4.55    |
| adv_max               | -2.92    |
| adv_med               | -4.5     |
| adv_min               | -8.93    |
| adv_var               | 0.124    |
| clipfrac              | 0.186    |
| curr_lr               | 0.001    |
| entropy               | 0.556    |
| eplenmean             | 66.9     |
| eprewmean             | 9.7      |
| fps                   | 5.79e+03 |
| grad_norm             | 0.605    |
| kl                    | 0.0421   |
| loss_pi               | -0.0247  |
| loss_v                | 0.0645   |
| lr                    | 0.001    |
| misc/nupdates         | 949      |
| misc/serial_timesteps | 3.89e+06 |
| misc/time_elapsed     | 694      |
| misc/total_timesteps  | 3.89e+06 |
| ratio_max             | 3.64     |
| ratio_min             | 0.0487   |
| ret_avg               | 0.159    |
| ret_max               | 0.518    |
| ret_med               | 0.339    |
| ret_min               | -4.5     |
| ret_var               | 0.334    |
------------------------------------
------------------------------------
| action_max            | 14       |
| action_min            | 0        |
| adv_avg               | -4.46    |
| adv_max               | -2.66    |
| adv_med               | -4.48    |
| adv_min               | -4.98    |
| adv_var               | 0.0293   |
| clipfrac              | 0.236    |
| curr_lr               | 0.001    |
| entropy               | 0.551    |
| eplenmean             | 55.4     |
| eprewmean             | 9.6      |
| fps                   | 5.77e+03 |
| grad_norm             | 0.72     |
| kl                    | 0.0394   |
| loss_pi               | -0.0191  |
| loss_v                | 0.00764  |
| lr                    | 0.001    |
| misc/nupdates         | 959      |
| misc/serial_timesteps | 3.93e+06 |
| misc/time_elapsed     | 701      |
| misc/total_timesteps  | 3.93e+06 |
| ratio_max             | 2.98     |
| ratio_min             | 0.14     |
| ret_avg               | 0.274    |
| ret_max               | 0.631    |
| ret_med               | 0.281    |
| ret_min               | -0.507   |
| ret_var               | 0.0305   |
------------------------------------
------------------------------------
| action_max            | 14       |
| action_min            | 0        |
| adv_avg               | -4.55    |
| adv_max               | -4.03    |
| adv_med               | -4.54    |
| adv_min               | -8.89    |
| adv_var               | 0.0442   |
| clipfrac              | 0.25     |
| curr_lr               | 0.001    |
| entropy               | 0.52     |
| eplenmean             | 59.1     |
| eprewmean             | 9.8      |
| fps                   | 5.8e+03  |
| grad_norm             | 0.99     |
| kl                    | 0.0404   |
| loss_pi               | -0.0231  |
| loss_v                | 0.0882   |
| lr                    | 0.001    |
| misc/nupdates         | 969      |
| misc/serial_timesteps | 3.97e+06 |
| misc/time_elapsed     | 708      |
| misc/total_timesteps  | 3.97e+06 |
| ratio_max             | 2.96     |
| ratio_min             | 0.0064   |
| ret_avg               | 0.324    |
| ret_max               | 0.508    |
| ret_med               | 0.361    |
| ret_min               | -4.54    |
| ret_var               | 0.068    |
------------------------------------
------------------------------------
| action_max            | 14       |
| action_min            | 0        |
| adv_avg               | -4.57    |
| adv_max               | -3.28    |
| adv_med               | -4.58    |
| adv_min               | -4.83    |
| adv_var               | 0.00619  |
| clipfrac              | 0.324    |
| curr_lr               | 0.001    |
| entropy               | 0.653    |
| eplenmean             | 64.4     |
| eprewmean             | 10       |
| fps                   | 5.87e+03 |
| grad_norm             | 0.63     |
| kl                    | 0.0703   |
| loss_pi               | -0.0469  |
| loss_v                | 0.00288  |
| lr                    | 0.001    |
| misc/nupdates         | 979      |
| misc/serial_timesteps | 4.01e+06 |
| misc/time_elapsed     | 715      |
| misc/total_timesteps  | 4.01e+06 |
| ratio_max             | 13.9     |
| ratio_min             | 0.205    |
| ret_avg               | 0.321    |
| ret_max               | 0.53     |
| ret_med               | 0.327    |
| ret_min               | 0.0426   |
| ret_var               | 0.0153   |
------------------------------------
------------------------------------
| action_max            | 14       |
| action_min            | 0        |
| adv_avg               | -4.58    |
| adv_max               | -2.62    |
| adv_med               | -4.58    |
| adv_min               | -4.96    |
| adv_var               | 0.0064   |
| clipfrac              | 0.332    |
| curr_lr               | 0.001    |
| entropy               | 0.733    |
| eplenmean             | 56.3     |
| eprewmean             | 10       |
| fps                   | 5.83e+03 |
| grad_norm             | 0.57     |
| kl                    | 0.0499   |
| loss_pi               | -0.0407  |
| loss_v                | 0.0027   |
| lr                    | 0.001    |
| misc/nupdates         | 989      |
| misc/serial_timesteps | 4.06e+06 |
| misc/time_elapsed     | 722      |
| misc/total_timesteps  | 4.06e+06 |
| ratio_max             | 7.16     |
| ratio_min             | 0.118    |
| ret_avg               | 0.343    |
| ret_max               | 0.531    |
| ret_med               | 0.367    |
| ret_min               | 0.00151  |
| ret_var               | 0.0145   |
------------------------------------
------------------------------------
| action_max            | 14       |
| action_min            | 0        |
| adv_avg               | -4.6     |
| adv_max               | -3.95    |
| adv_med               | -4.61    |
| adv_min               | -4.87    |
| adv_var               | 0.00748  |
| clipfrac              | 0.268    |
| curr_lr               | 0.001    |
| entropy               | 0.594    |
| eplenmean             | 59.8     |
| eprewmean             | 9.8      |
| fps                   | 5.53e+03 |
| grad_norm             | 0.736    |
| kl                    | 0.0562   |
| loss_pi               | -0.0415  |
| loss_v                | 0.00346  |
| lr                    | 0.001    |
| misc/nupdates         | 999      |
| misc/serial_timesteps | 4.1e+06  |
| misc/time_elapsed     | 729      |
| misc/total_timesteps  | 4.1e+06  |
| ratio_max             | 5.25     |
| ratio_min             | 0.0631   |
| ret_avg               | 0.313    |
| ret_max               | 0.549    |
| ret_med               | 0.331    |
| ret_min               | -0.0447  |
| ret_var               | 0.0173   |
------------------------------------
------------------------------------
| action_max            | 14       |
| action_min            | 0        |
| adv_avg               | -4.64    |
| adv_max               | -4.35    |
| adv_med               | -4.64    |
| adv_min               | -5.87    |
| adv_var               | 0.00653  |
| clipfrac              | 0.234    |
| curr_lr               | 0.001    |
| entropy               | 0.574    |
| eplenmean             | 63.9     |
| eprewmean             | 10       |
| fps                   | 5.92e+03 |
| grad_norm             | 0.232    |
| kl                    | 0.0344   |
| loss_pi               | -0.0238  |
| loss_v                | 0.00502  |
| lr                    | 0.001    |
| misc/nupdates         | 1.01e+03 |
| misc/serial_timesteps | 4.14e+06 |
| misc/time_elapsed     | 736      |
| misc/total_timesteps  | 4.14e+06 |
| ratio_max             | 7.57     |
| ratio_min             | 0.000922 |
| ret_avg               | 0.33     |
| ret_max               | 0.586    |
| ret_med               | 0.35     |
| ret_min               | -0.955   |
| ret_var               | 0.0177   |
------------------------------------
------------------------------------
| action_max            | 14       |
| action_min            | 0        |
| adv_avg               | -4.66    |
| adv_max               | -4.03    |
| adv_med               | -4.66    |
| adv_min               | -5.04    |
| adv_var               | 0.00346  |
| clipfrac              | 0.285    |
| curr_lr               | 0.001    |
| entropy               | 0.558    |
| eplenmean             | 57.3     |
| eprewmean             | 10       |
| fps                   | 5.86e+03 |
| grad_norm             | 0.389    |
| kl                    | 0.0548   |
| loss_pi               | -0.036   |
| loss_v                | 0.00272  |
| lr                    | 0.001    |
| misc/nupdates         | 1.02e+03 |
| misc/serial_timesteps | 4.18e+06 |
| misc/time_elapsed     | 744      |
| misc/total_timesteps  | 4.18e+06 |
| ratio_max             | 3.3      |
| ratio_min             | 0.00734  |
| ret_avg               | 0.338    |
| ret_max               | 0.501    |
| ret_med               | 0.353    |
| ret_min               | 0.0692   |
| ret_var               | 0.0117   |
------------------------------------
------------------------------------
| action_max            | 14       |
| action_min            | 0        |
| adv_avg               | -4.69    |
| adv_max               | -3.5     |
| adv_med               | -4.68    |
| adv_min               | -9.74    |
| adv_var               | 0.0553   |
| clipfrac              | 0.191    |
| curr_lr               | 0.001    |
| entropy               | 0.566    |
| eplenmean             | 54.5     |
| eprewmean             | 9.9      |
| fps                   | 5.8e+03  |
| grad_norm             | 0.348    |
| kl                    | 0.0276   |
| loss_pi               | -0.013   |
| loss_v                | 0.0529   |
| lr                    | 0.001    |
| misc/nupdates         | 1.03e+03 |
| misc/serial_timesteps | 4.22e+06 |
| misc/time_elapsed     | 751      |
| misc/total_timesteps  | 4.22e+06 |
| ratio_max             | 2.14     |
| ratio_min             | 0.0496   |
| ret_avg               | 0.3      |
| ret_max               | 0.504    |
| ret_med               | 0.348    |
| ret_min               | -4.68    |
| ret_var               | 0.109    |
------------------------------------
------------------------------------
| action_max            | 14       |
| action_min            | 0        |
| adv_avg               | -4.69    |
| adv_max               | -2.68    |
| adv_med               | -4.67    |
| adv_min               | -8.78    |
| adv_var               | 0.0714   |
| clipfrac              | 0.166    |
| curr_lr               | 0.001    |
| entropy               | 0.6      |
| eplenmean             | 59       |
| eprewmean             | 9.9      |
| fps                   | 5.56e+03 |
| grad_norm             | 0.852    |
| kl                    | 0.0219   |
| loss_pi               | -0.0198  |
| loss_v                | 0.0344   |
| lr                    | 0.001    |
| misc/nupdates         | 1.04e+03 |
| misc/serial_timesteps | 4.26e+06 |
| misc/time_elapsed     | 758      |
| misc/total_timesteps  | 4.26e+06 |
| ratio_max             | 1.8      |
| ratio_min             | 0.0452   |
| ret_avg               | 0.213    |
| ret_max               | 0.57     |
| ret_med               | 0.292    |
| ret_min               | -4.7     |
| ret_var               | 0.118    |
------------------------------------
------------------------------------
| action_max            | 14       |
| action_min            | 0        |
| adv_avg               | -4.71    |
| adv_max               | -2.81    |
| adv_med               | -4.72    |
| adv_min               | -5.06    |
| adv_var               | 0.00615  |
| clipfrac              | 0.275    |
| curr_lr               | 0.001    |
| entropy               | 0.564    |
| eplenmean             | 56.2     |
| eprewmean             | 10       |
| fps                   | 5.58e+03 |
| grad_norm             | 0.757    |
| kl                    | 0.0481   |
| loss_pi               | -0.0335  |
| loss_v                | 0.00547  |
| lr                    | 0.001    |
| misc/nupdates         | 1.05e+03 |
| misc/serial_timesteps | 4.3e+06  |
| misc/time_elapsed     | 765      |
| misc/total_timesteps  | 4.3e+06  |
| ratio_max             | 7.01     |
| ratio_min             | 0.128    |
| ret_avg               | 0.32     |
| ret_max               | 0.565    |
| ret_med               | 0.348    |
| ret_min               | -0.0245  |
| ret_var               | 0.017    |
------------------------------------
------------------------------------
| action_max            | 14       |
| action_min            | 0        |
| adv_avg               | -4.75    |
| adv_max               | -4.22    |
| adv_med               | -4.75    |
| adv_min               | -9.54    |
| adv_var               | 0.0211   |
| clipfrac              | 0.355    |
| curr_lr               | 0.001    |
| entropy               | 0.494    |
| eplenmean             | 57.9     |
| eprewmean             | 9.7      |
| fps                   | 5.68e+03 |
| grad_norm             | 0.615    |
| kl                    | 0.661    |
| loss_pi               | -0.0464  |
| loss_v                | 0.00727  |
| lr                    | 0.001    |
| misc/nupdates         | 1.06e+03 |
| misc/serial_timesteps | 4.34e+06 |
| misc/time_elapsed     | 772      |
| misc/total_timesteps  | 4.34e+06 |
| ratio_max             | 5.3      |
| ratio_min             | 0.0201   |
| ret_avg               | 0.123    |
| ret_max               | 0.515    |
| ret_med               | 0.266    |
| ret_min               | -4.75    |
| ret_var               | 0.176    |
------------------------------------
------------------------------------
| action_max            | 14       |
| action_min            | 0        |
| adv_avg               | -4.78    |
| adv_max               | -4.27    |
| adv_med               | -4.77    |
| adv_min               | -9.58    |
| adv_var               | 0.0674   |
| clipfrac              | 0.191    |
| curr_lr               | 0.001    |
| entropy               | 0.518    |
| eplenmean             | 56.2     |
| eprewmean             | 9.8      |
| fps                   | 5.89e+03 |
| grad_norm             | 0.625    |
| kl                    | 0.0376   |
| loss_pi               | -0.0216  |
| loss_v                | 0.0891   |
| lr                    | 0.001    |
| misc/nupdates         | 1.07e+03 |
| misc/serial_timesteps | 4.38e+06 |
| misc/time_elapsed     | 779      |
| misc/total_timesteps  | 4.38e+06 |
| ratio_max             | 2.48     |
| ratio_min             | 8.85e-06 |
| ret_avg               | 0.283    |
| ret_max               | 0.498    |
| ret_med               | 0.321    |
| ret_min               | -4.77    |
| ret_var               | 0.0834   |
------------------------------------
------------------------------------
| action_max            | 14       |
| action_min            | 0        |
| adv_avg               | -4.78    |
| adv_max               | -4.54    |
| adv_med               | -4.79    |
| adv_min               | -5.05    |
| adv_var               | 0.00232  |
| clipfrac              | 0.314    |
| curr_lr               | 0.001    |
| entropy               | 0.63     |
| eplenmean             | 61.7     |
| eprewmean             | 10       |
| fps                   | 5.87e+03 |
| grad_norm             | 0.839    |
| kl                    | 0.0544   |
| loss_pi               | -0.04    |
| loss_v                | 0.00198  |
| lr                    | 0.001    |
| misc/nupdates         | 1.08e+03 |
| misc/serial_timesteps | 4.42e+06 |
| misc/time_elapsed     | 786      |
| misc/total_timesteps  | 4.42e+06 |
| ratio_max             | 5.12     |
| ratio_min             | 0.256    |
| ret_avg               | 0.317    |
| ret_max               | 0.499    |
| ret_med               | 0.33     |
| ret_min               | 0.0473   |
| ret_var               | 0.0131   |
------------------------------------
------------------------------------
| action_max            | 14       |
| action_min            | 0        |
| adv_avg               | -4.81    |
| adv_max               | -4.42    |
| adv_med               | -4.81    |
| adv_min               | -5.16    |
| adv_var               | 0.00599  |
| clipfrac              | 0.32     |
| curr_lr               | 0.001    |
| entropy               | 0.647    |
| eplenmean             | 55       |
| eprewmean             | 10       |
| fps                   | 5.68e+03 |
| grad_norm             | 0.609    |
| kl                    | 0.0521   |
| loss_pi               | -0.0441  |
| loss_v                | 0.00305  |
| lr                    | 0.001    |
| misc/nupdates         | 1.09e+03 |
| misc/serial_timesteps | 4.46e+06 |
| misc/time_elapsed     | 793      |
| misc/total_timesteps  | 4.46e+06 |
| ratio_max             | 3.72     |
| ratio_min             | 0.0799   |
| ret_avg               | 0.318    |
| ret_max               | 0.497    |
| ret_med               | 0.349    |
| ret_min               | -0.0126  |
| ret_var               | 0.0176   |
------------------------------------
------------------------------------
| action_max            | 14       |
| action_min            | 0        |
| adv_avg               | -4.84    |
| adv_max               | -4.45    |
| adv_med               | -4.84    |
| adv_min               | -5.06    |
| adv_var               | 0.00224  |
| clipfrac              | 0.271    |
| curr_lr               | 0.001    |
| entropy               | 0.542    |
| eplenmean             | 58.7     |
| eprewmean             | 10       |
| fps                   | 6.06e+03 |
| grad_norm             | 0.689    |
| kl                    | 0.0551   |
| loss_pi               | -0.0342  |
| loss_v                | 0.00171  |
| lr                    | 0.001    |
| misc/nupdates         | 1.1e+03  |
| misc/serial_timesteps | 4.51e+06 |
| misc/time_elapsed     | 800      |
| misc/total_timesteps  | 4.51e+06 |
| ratio_max             | 9.8      |
| ratio_min             | 0.13     |
| ret_avg               | 0.318    |
| ret_max               | 0.507    |
| ret_med               | 0.33     |
| ret_min               | 0.0677   |
| ret_var               | 0.0115   |
------------------------------------
------------------------------------
| action_max            | 14       |
| action_min            | 0        |
| adv_avg               | -4.84    |
| adv_max               | -4.53    |
| adv_med               | -4.85    |
| adv_min               | -5.07    |
| adv_var               | 0.00211  |
| clipfrac              | 0.316    |
| curr_lr               | 0.001    |
| entropy               | 0.568    |
| eplenmean             | 56.2     |
| eprewmean             | 10       |
| fps                   | 5.21e+03 |
| grad_norm             | 0.434    |
| kl                    | 0.0733   |
| loss_pi               | -0.0486  |
| loss_v                | 0.00181  |
| lr                    | 0.001    |
| misc/nupdates         | 1.11e+03 |
| misc/serial_timesteps | 4.55e+06 |
| misc/time_elapsed     | 808      |
| misc/total_timesteps  | 4.55e+06 |
| ratio_max             | 4.87     |
| ratio_min             | 0.0752   |
| ret_avg               | 0.306    |
| ret_max               | 0.491    |
| ret_med               | 0.317    |
| ret_min               | 0.0198   |
| ret_var               | 0.0143   |
------------------------------------
------------------------------------
| action_max            | 14       |
| action_min            | 0        |
| adv_avg               | -4.88    |
| adv_max               | -4.48    |
| adv_med               | -4.88    |
| adv_min               | -5.2     |
| adv_var               | 0.00359  |
| clipfrac              | 0.27     |
| curr_lr               | 0.001    |
| entropy               | 0.538    |
| eplenmean             | 63.5     |
| eprewmean             | 10       |
| fps                   | 5.15e+03 |
| grad_norm             | 0.88     |
| kl                    | 0.0608   |
| loss_pi               | -0.0314  |
| loss_v                | 0.0023   |
| lr                    | 0.001    |
| misc/nupdates         | 1.12e+03 |
| misc/serial_timesteps | 4.59e+06 |
| misc/time_elapsed     | 816      |
| misc/total_timesteps  | 4.59e+06 |
| ratio_max             | 4.62     |
| ratio_min             | 0.1      |
| ret_avg               | 0.32     |
| ret_max               | 0.57     |
| ret_med               | 0.335    |
| ret_min               | -0.0586  |
| ret_var               | 0.0139   |
------------------------------------
------------------------------------
| action_max            | 14       |
| action_min            | 0        |
| adv_avg               | -4.88    |
| adv_max               | -3.01    |
| adv_med               | -4.87    |
| adv_min               | -9.13    |
| adv_var               | 0.0646   |
| clipfrac              | 0.211    |
| curr_lr               | 0.001    |
| entropy               | 0.52     |
| eplenmean             | 56.2     |
| eprewmean             | 9.9      |
| fps                   | 5.2e+03  |
| grad_norm             | 1.84     |
| kl                    | 0.0442   |
| loss_pi               | -0.0261  |
| loss_v                | 0.0429   |
| lr                    | 0.001    |
| misc/nupdates         | 1.13e+03 |
| misc/serial_timesteps | 4.63e+06 |
| misc/time_elapsed     | 824      |
| misc/total_timesteps  | 4.63e+06 |
| ratio_max             | 2.24     |
| ratio_min             | 0.0013   |
| ret_avg               | 0.228    |
| ret_max               | 0.49     |
| ret_med               | 0.276    |
| ret_min               | -4.9     |
| ret_var               | 0.125    |
------------------------------------
------------------------------------
| action_max            | 14       |
| action_min            | 0        |
| adv_avg               | -4.93    |
| adv_max               | -3.55    |
| adv_med               | -4.93    |
| adv_min               | -5.24    |
| adv_var               | 0.0031   |
| clipfrac              | 0.273    |
| curr_lr               | 0.001    |
| entropy               | 0.503    |
| eplenmean             | 58.9     |
| eprewmean             | 10       |
| fps                   | 5.23e+03 |
| grad_norm             | 0.523    |
| kl                    | 0.0526   |
| loss_pi               | -0.0401  |
| loss_v                | 0.00162  |
| lr                    | 0.001    |
| misc/nupdates         | 1.14e+03 |
| misc/serial_timesteps | 4.67e+06 |
| misc/time_elapsed     | 832      |
| misc/total_timesteps  | 4.67e+06 |
| ratio_max             | 4.75     |
| ratio_min             | 0.0447   |
| ret_avg               | 0.331    |
| ret_max               | 0.49     |
| ret_med               | 0.347    |
| ret_min               | 0.0508   |
| ret_var               | 0.0114   |
------------------------------------
------------------------------------
| action_max            | 14       |
| action_min            | 0        |
| adv_avg               | -4.94    |
| adv_max               | -4.28    |
| adv_med               | -4.94    |
| adv_min               | -5.1     |
| adv_var               | 0.002    |
| clipfrac              | 0.25     |
| curr_lr               | 0.001    |
| entropy               | 0.507    |
| eplenmean             | 59       |
| eprewmean             | 10       |
| fps                   | 5.11e+03 |
| grad_norm             | 0.574    |
| kl                    | 0.0609   |
| loss_pi               | -0.0378  |
| loss_v                | 0.00154  |
| lr                    | 0.001    |
| misc/nupdates         | 1.15e+03 |
| misc/serial_timesteps | 4.71e+06 |
| misc/time_elapsed     | 840      |
| misc/total_timesteps  | 4.71e+06 |
| ratio_max             | 3.89     |
| ratio_min             | 0.0012   |
| ret_avg               | 0.306    |
| ret_max               | 0.49     |
| ret_med               | 0.325    |
| ret_min               | -0.00498 |
| ret_var               | 0.0139   |
------------------------------------
------------------------------------
| action_max            | 14       |
| action_min            | 0        |
| adv_avg               | -4.98    |
| adv_max               | -4.66    |
| adv_med               | -4.96    |
| adv_min               | -10.2    |
| adv_var               | 0.0688   |
| clipfrac              | 0.18     |
| curr_lr               | 0.001    |
| entropy               | 0.49     |
| eplenmean             | 57.1     |
| eprewmean             | 9.9      |
| fps                   | 5.43e+03 |
| grad_norm             | 1.5      |
| kl                    | 0.0198   |
| loss_pi               | -0.0141  |
| loss_v                | 0.0655   |
| lr                    | 0.001    |
| misc/nupdates         | 1.16e+03 |
| misc/serial_timesteps | 4.75e+06 |
| misc/time_elapsed     | 848      |
| misc/total_timesteps  | 4.75e+06 |
| ratio_max             | 2.67     |
| ratio_min             | 0.238    |
| ret_avg               | 0.274    |
| ret_max               | 0.521    |
| ret_med               | 0.308    |
| ret_min               | -4.96    |
| ret_var               | 0.0865   |
------------------------------------
------------------------------------
| action_max            | 14       |
| action_min            | 0        |
| adv_avg               | -4.99    |
| adv_max               | -3.09    |
| adv_med               | -4.99    |
| adv_min               | -5.38    |
| adv_var               | 0.00477  |
| clipfrac              | 0.299    |
| curr_lr               | 0.001    |
| entropy               | 0.545    |
| eplenmean             | 57.4     |
| eprewmean             | 10       |
| fps                   | 5.35e+03 |
| grad_norm             | 0.516    |
| kl                    | 0.177    |
| loss_pi               | -0.041   |
| loss_v                | 0.00204  |
| lr                    | 0.001    |
| misc/nupdates         | 1.17e+03 |
| misc/serial_timesteps | 4.79e+06 |
| misc/time_elapsed     | 856      |
| misc/total_timesteps  | 4.79e+06 |
| ratio_max             | 5.53     |
| ratio_min             | 0.00293  |
| ret_avg               | 0.328    |
| ret_max               | 0.536    |
| ret_med               | 0.345    |
| ret_min               | -0.167   |
| ret_var               | 0.0119   |
------------------------------------
------------------------------------
| action_max            | 14       |
| action_min            | 0        |
| adv_avg               | -4.99    |
| adv_max               | -3.32    |
| adv_med               | -5       |
| adv_min               | -5.3     |
| adv_var               | 0.00531  |
| clipfrac              | 0.275    |
| curr_lr               | 0.001    |
| entropy               | 0.526    |
| eplenmean             | 53       |
| eprewmean             | 9.9      |
| fps                   | 5.28e+03 |
| grad_norm             | 0.643    |
| kl                    | 0.0542   |
| loss_pi               | -0.0288  |
| loss_v                | 0.00238  |
| lr                    | 0.001    |
| misc/nupdates         | 1.18e+03 |
| misc/serial_timesteps | 4.83e+06 |
| misc/time_elapsed     | 864      |
| misc/total_timesteps  | 4.83e+06 |
| ratio_max             | 14.4     |
| ratio_min             | 0.0295   |
| ret_avg               | 0.296    |
| ret_max               | 0.546    |
| ret_med               | 0.319    |
| ret_min               | -0.0208  |
| ret_var               | 0.0169   |
------------------------------------
------------------------------------
| action_max            | 14       |
| action_min            | 0        |
| adv_avg               | -5.06    |
| adv_max               | -4.71    |
| adv_med               | -5.03    |
| adv_min               | -10.4    |
| adv_var               | 0.0718   |
| clipfrac              | 0.166    |
| curr_lr               | 0.001    |
| entropy               | 0.568    |
| eplenmean             | 57.4     |
| eprewmean             | 9.9      |
| fps                   | 5.11e+03 |
| grad_norm             | 0.918    |
| kl                    | 0.0233   |
| loss_pi               | -0.0152  |
| loss_v                | 0.0209   |
| lr                    | 0.001    |
| misc/nupdates         | 1.19e+03 |
| misc/serial_timesteps | 4.87e+06 |
| misc/time_elapsed     | 872      |
| misc/total_timesteps  | 4.87e+06 |
| ratio_max             | 3.49     |
| ratio_min             | 0.256    |
| ret_avg               | 0.292    |
| ret_max               | 0.525    |
| ret_med               | 0.327    |
| ret_min               | -5.03    |
| ret_var               | 0.0844   |
------------------------------------
------------------------------------
| action_max            | 14       |
| action_min            | 0        |
| adv_avg               | -5.03    |
| adv_max               | -2.6     |
| adv_med               | -5.04    |
| adv_min               | -5.57    |
| adv_var               | 0.00913  |
| clipfrac              | 0.236    |
| curr_lr               | 0.001    |
| entropy               | 0.559    |
| eplenmean             | 58.6     |
| eprewmean             | 10       |
| fps                   | 5.85e+03 |
| grad_norm             | 1.08     |
| kl                    | 0.0517   |
| loss_pi               | -0.0324  |
| loss_v                | 0.00369  |
| lr                    | 0.001    |
| misc/nupdates         | 1.2e+03  |
| misc/serial_timesteps | 4.92e+06 |
| misc/time_elapsed     | 879      |
| misc/total_timesteps  | 4.92e+06 |
| ratio_max             | 4.66     |
| ratio_min             | 0.142    |
| ret_avg               | 0.272    |
| ret_max               | 0.488    |
| ret_med               | 0.285    |
| ret_min               | -0.171   |
| ret_var               | 0.0228   |
------------------------------------
------------------------------------
| action_max            | 14       |
| action_min            | 0        |
| adv_avg               | -5.07    |
| adv_max               | -4.28    |
| adv_med               | -5.07    |
| adv_min               | -5.35    |
| adv_var               | 0.00427  |
| clipfrac              | 0.27     |
| curr_lr               | 0.001    |
| entropy               | 0.581    |
| eplenmean             | 59.3     |
| eprewmean             | 10       |
| fps                   | 5.99e+03 |
| grad_norm             | 0.494    |
| kl                    | 0.059    |
| loss_pi               | -0.0436  |
| loss_v                | 0.00271  |
| lr                    | 0.001    |
| misc/nupdates         | 1.21e+03 |
| misc/serial_timesteps | 4.96e+06 |
| misc/time_elapsed     | 886      |
| misc/total_timesteps  | 4.96e+06 |
| ratio_max             | 4.1      |
| ratio_min             | 0.0259   |
| ret_avg               | 0.309    |
| ret_max               | 0.617    |
| ret_med               | 0.328    |
| ret_min               | -0.0697  |
| ret_var               | 0.0152   |
------------------------------------
------------------------------------
| action_max            | 14       |
| action_min            | 0        |
| adv_avg               | -5.1     |
| adv_max               | -4.62    |
| adv_med               | -5.08    |
| adv_min               | -10.6    |
| adv_var               | 0.0714   |
| clipfrac              | 0.24     |
| curr_lr               | 0.001    |
| entropy               | 0.522    |
| eplenmean             | 54.6     |
| eprewmean             | 9.9      |
| fps                   | 5.9e+03  |
| grad_norm             | 0.5      |
| kl                    | 0.0366   |
| loss_pi               | -0.00689 |
| loss_v                | 0.0245   |
| lr                    | 0.001    |
| misc/nupdates         | 1.22e+03 |
| misc/serial_timesteps | 5e+06    |
| misc/time_elapsed     | 893      |
| misc/total_timesteps  | 5e+06    |
| ratio_max             | 4.81     |
| ratio_min             | 0.0696   |
| ret_avg               | 0.285    |
| ret_max               | 0.486    |
| ret_med               | 0.331    |
| ret_min               | -5.09    |
| ret_var               | 0.0922   |
------------------------------------
------------------------------------
| action_max            | 14       |
| action_min            | 0        |
| adv_avg               | -5.12    |
| adv_max               | -4.89    |
| adv_med               | -5.11    |
| adv_min               | -5.34    |
| adv_var               | 0.00256  |
| clipfrac              | 0.369    |
| curr_lr               | 0.001    |
| entropy               | 0.642    |
| eplenmean             | 58.2     |
| eprewmean             | 10       |
| fps                   | 5.75e+03 |
| grad_norm             | 0.795    |
| kl                    | 0.0884   |
| loss_pi               | -0.0625  |
| loss_v                | 0.00196  |
| lr                    | 0.001    |
| misc/nupdates         | 1.23e+03 |
| misc/serial_timesteps | 5.04e+06 |
| misc/time_elapsed     | 900      |
| misc/total_timesteps  | 5.04e+06 |
| ratio_max             | 4.28     |
| ratio_min             | 0.0853   |
| ret_avg               | 0.301    |
| ret_max               | 0.53     |
| ret_med               | 0.307    |
| ret_min               | -0.0212  |
| ret_var               | 0.0147   |
------------------------------------
------------------------------------
| action_max            | 14       |
| action_min            | 0        |
| adv_avg               | -5.15    |
| adv_max               | -1.19    |
| adv_med               | -5.11    |
| adv_min               | -10.3    |
| adv_var               | 0.146    |
| clipfrac              | 0.217    |
| curr_lr               | 0.001    |
| entropy               | 0.555    |
| eplenmean             | 54.9     |
| eprewmean             | 9.8      |
| fps                   | 5.86e+03 |
| grad_norm             | 0.957    |
| kl                    | 0.0356   |
| loss_pi               | -0.0219  |
| loss_v                | 0.147    |
| lr                    | 0.001    |
| misc/nupdates         | 1.24e+03 |
| misc/serial_timesteps | 5.08e+06 |
| misc/time_elapsed     | 907      |
| misc/total_timesteps  | 5.08e+06 |
| ratio_max             | 2.75     |
| ratio_min             | 0.0248   |
| ret_avg               | 0.228    |
| ret_max               | 0.482    |
| ret_med               | 0.291    |
| ret_min               | -5.13    |
| ret_var               | 0.172    |
------------------------------------
------------------------------------
| action_max            | 14       |
| action_min            | 0        |
| adv_avg               | -5.15    |
| adv_max               | -4.69    |
| adv_med               | -5.15    |
| adv_min               | -5.51    |
| adv_var               | 0.00321  |
| clipfrac              | 0.248    |
| curr_lr               | 0.001    |
| entropy               | 0.545    |
| eplenmean             | 52.9     |
| eprewmean             | 10       |
| fps                   | 5.41e+03 |
| grad_norm             | 0.639    |
| kl                    | 0.0487   |
| loss_pi               | -0.0406  |
| loss_v                | 0.00219  |
| lr                    | 0.001    |
| misc/nupdates         | 1.25e+03 |
| misc/serial_timesteps | 5.12e+06 |
| misc/time_elapsed     | 915      |
| misc/total_timesteps  | 5.12e+06 |
| ratio_max             | 5.45     |
| ratio_min             | 0.0615   |
| ret_avg               | 0.327    |
| ret_max               | 0.508    |
| ret_med               | 0.355    |
| ret_min               | 0.000913 |
| ret_var               | 0.0137   |
------------------------------------
------------------------------------
| action_max            | 14       |
| action_min            | 0        |
| adv_avg               | -5.17    |
| adv_max               | -4.73    |
| adv_med               | -5.17    |
| adv_min               | -5.46    |
| adv_var               | 0.00228  |
| clipfrac              | 0.295    |
| curr_lr               | 0.001    |
| entropy               | 0.478    |
| eplenmean             | 58.8     |
| eprewmean             | 10       |
| fps                   | 5.14e+03 |
| grad_norm             | 0.41     |
| kl                    | 0.065    |
| loss_pi               | -0.0433  |
| loss_v                | 0.00179  |
| lr                    | 0.001    |
| misc/nupdates         | 1.26e+03 |
| misc/serial_timesteps | 5.16e+06 |
| misc/time_elapsed     | 922      |
| misc/total_timesteps  | 5.16e+06 |
| ratio_max             | 3.27     |
| ratio_min             | 0.0489   |
| ret_avg               | 0.297    |
| ret_max               | 0.574    |
| ret_med               | 0.307    |
| ret_min               | 0.00288  |
| ret_var               | 0.015    |
------------------------------------
------------------------------------
| action_max            | 14       |
| action_min            | 0        |
| adv_avg               | -5.18    |
| adv_max               | -3.94    |
| adv_med               | -5.18    |
| adv_min               | -5.47    |
| adv_var               | 0.00269  |
| clipfrac              | 0.291    |
| curr_lr               | 0.001    |
| entropy               | 0.591    |
| eplenmean             | 57.6     |
| eprewmean             | 10       |
| fps                   | 5.13e+03 |
| grad_norm             | 0.488    |
| kl                    | 0.0511   |
| loss_pi               | -0.0419  |
| loss_v                | 0.00179  |
| lr                    | 0.001    |
| misc/nupdates         | 1.27e+03 |
| misc/serial_timesteps | 5.2e+06  |
| misc/time_elapsed     | 930      |
| misc/total_timesteps  | 5.2e+06  |
| ratio_max             | 8.5      |
| ratio_min             | 0.0372   |
| ret_avg               | 0.283    |
| ret_max               | 0.481    |
| ret_med               | 0.288    |
| ret_min               | -0.0221  |
| ret_var               | 0.0154   |
------------------------------------
------------------------------------
| action_max            | 14       |
| action_min            | 0        |
| adv_avg               | -5.2     |
| adv_max               | -4.75    |
| adv_med               | -5.2     |
| adv_min               | -5.54    |
| adv_var               | 0.00337  |
| clipfrac              | 0.275    |
| curr_lr               | 0.001    |
| entropy               | 0.513    |
| eplenmean             | 64.6     |
| eprewmean             | 10       |
| fps                   | 5.2e+03  |
| grad_norm             | 0.668    |
| kl                    | 0.0687   |
| loss_pi               | -0.0344  |
| loss_v                | 0.00267  |
| lr                    | 0.001    |
| misc/nupdates         | 1.28e+03 |
| misc/serial_timesteps | 5.24e+06 |
| misc/time_elapsed     | 938      |
| misc/total_timesteps  | 5.24e+06 |
| ratio_max             | 6.66     |
| ratio_min             | 0.132    |
| ret_avg               | 0.278    |
| ret_max               | 0.482    |
| ret_med               | 0.296    |
| ret_min               | -0.129   |
| ret_var               | 0.0176   |
------------------------------------
------------------------------------
| action_max            | 14       |
| action_min            | 0        |
| adv_avg               | -5.23    |
| adv_max               | -4.68    |
| adv_med               | -5.23    |
| adv_min               | -5.58    |
| adv_var               | 0.00607  |
| clipfrac              | 0.273    |
| curr_lr               | 0.001    |
| entropy               | 0.489    |
| eplenmean             | 56.3     |
| eprewmean             | 10       |
| fps                   | 5.22e+03 |
| grad_norm             | 0.599    |
| kl                    | 0.0565   |
| loss_pi               | -0.0387  |
| loss_v                | 0.00308  |
| lr                    | 0.001    |
| misc/nupdates         | 1.29e+03 |
| misc/serial_timesteps | 5.28e+06 |
| misc/time_elapsed     | 946      |
| misc/total_timesteps  | 5.28e+06 |
| ratio_max             | 5.92     |
| ratio_min             | 0.0501   |
| ret_avg               | 0.301    |
| ret_max               | 0.492    |
| ret_med               | 0.306    |
| ret_min               | -0.00299 |
| ret_var               | 0.0129   |
------------------------------------
------------------------------------
| action_max            | 14       |
| action_min            | 0        |
| adv_avg               | -5.25    |
| adv_max               | -4.92    |
| adv_med               | -5.24    |
| adv_min               | -5.48    |
| adv_var               | 0.00301  |
| clipfrac              | 0.25     |
| curr_lr               | 0.001    |
| entropy               | 0.561    |
| eplenmean             | 56.8     |
| eprewmean             | 10       |
| fps                   | 5.08e+03 |
| grad_norm             | 0.72     |
| kl                    | 0.0545   |
| loss_pi               | -0.0492  |
| loss_v                | 0.00201  |
| lr                    | 0.001    |
| misc/nupdates         | 1.3e+03  |
| misc/serial_timesteps | 5.32e+06 |
| misc/time_elapsed     | 954      |
| misc/total_timesteps  | 5.32e+06 |
| ratio_max             | 3.97     |
| ratio_min             | 0.0255   |
| ret_avg               | 0.286    |
| ret_max               | 0.483    |
| ret_med               | 0.304    |
| ret_min               | -0.121   |
| ret_var               | 0.0163   |
------------------------------------
------------------------------------
| action_max            | 14       |
| action_min            | 0        |
| adv_avg               | -5.26    |
| adv_max               | -4.03    |
| adv_med               | -5.27    |
| adv_min               | -5.49    |
| adv_var               | 0.00476  |
| clipfrac              | 0.305    |
| curr_lr               | 0.001    |
| entropy               | 0.491    |
| eplenmean             | 52.5     |
| eprewmean             | 10       |
| fps                   | 5.22e+03 |
| grad_norm             | 0.642    |
| kl                    | 0.077    |
| loss_pi               | -0.0323  |
| loss_v                | 0.00168  |
| lr                    | 0.001    |
| misc/nupdates         | 1.31e+03 |
| misc/serial_timesteps | 5.37e+06 |
| misc/time_elapsed     | 962      |
| misc/total_timesteps  | 5.37e+06 |
| ratio_max             | 4.8      |
| ratio_min             | 0.125    |
| ret_avg               | 0.295    |
| ret_max               | 0.48     |
| ret_med               | 0.313    |
| ret_min               | -0.0157  |
| ret_var               | 0.0155   |
------------------------------------
------------------------------------
| action_max            | 14       |
| action_min            | 0        |
| adv_avg               | -5.25    |
| adv_max               | -4.56    |
| adv_med               | -5.26    |
| adv_min               | -5.72    |
| adv_var               | 0.0127   |
| clipfrac              | 0.219    |
| curr_lr               | 0.001    |
| entropy               | 0.596    |
| eplenmean             | 60.3     |
| eprewmean             | 10       |
| fps                   | 5.59e+03 |
| grad_norm             | 1.31     |
| kl                    | 0.0283   |
| loss_pi               | -0.0336  |
| loss_v                | 0.00548  |
| lr                    | 0.001    |
| misc/nupdates         | 1.32e+03 |
| misc/serial_timesteps | 5.41e+06 |
| misc/time_elapsed     | 970      |
| misc/total_timesteps  | 5.41e+06 |
| ratio_max             | 2.95     |
| ratio_min             | 0.02     |
| ret_avg               | 0.245    |
| ret_max               | 0.484    |
| ret_med               | 0.273    |
| ret_min               | -0.55    |
| ret_var               | 0.0319   |
------------------------------------
------------------------------------
| action_max            | 14       |
| action_min            | 0        |
| adv_avg               | -5.32    |
| adv_max               | -4.66    |
| adv_med               | -5.3     |
| adv_min               | -10.9    |
| adv_var               | 0.08     |
| clipfrac              | 0.189    |
| curr_lr               | 0.001    |
| entropy               | 0.524    |
| eplenmean             | 56       |
| eprewmean             | 9.9      |
| fps                   | 5.88e+03 |
| grad_norm             | 0.982    |
| kl                    | 0.0586   |
| loss_pi               | -0.0163  |
| loss_v                | 0.135    |
| lr                    | 0.001    |
| misc/nupdates         | 1.33e+03 |
| misc/serial_timesteps | 5.45e+06 |
| misc/time_elapsed     | 977      |
| misc/total_timesteps  | 5.45e+06 |
| ratio_max             | 6.72     |
| ratio_min             | 0.0167   |
| ret_avg               | 0.261    |
| ret_max               | 0.539    |
| ret_med               | 0.301    |
| ret_min               | -5.31    |
| ret_var               | 0.0936   |
------------------------------------
-------------------------------------
| action_max            | 14        |
| action_min            | 0         |
| adv_avg               | -5.35     |
| adv_max               | -4.91     |
| adv_med               | -5.33     |
| adv_min               | -11.1     |
| adv_var               | 0.0725    |
| clipfrac              | 0.148     |
| curr_lr               | 0.001     |
| entropy               | 0.518     |
| eplenmean             | 54.4      |
| eprewmean             | 9.9       |
| fps                   | 5.83e+03  |
| grad_norm             | 0.396     |
| kl                    | 0.0238    |
| loss_pi               | -0.000676 |
| loss_v                | 0.0318    |
| lr                    | 0.001     |
| misc/nupdates         | 1.34e+03  |
| misc/serial_timesteps | 5.49e+06  |
| misc/time_elapsed     | 984       |
| misc/total_timesteps  | 5.49e+06  |
| ratio_max             | 3.32      |
| ratio_min             | 0.305     |
| ret_avg               | 0.293     |
| ret_max               | 0.539     |
| ret_med               | 0.342     |
| ret_min               | -5.33     |
| ret_var               | 0.108     |
-------------------------------------
------------------------------------
| action_max            | 14       |
| action_min            | 0        |
| adv_avg               | -5.33    |
| adv_max               | -3.92    |
| adv_med               | -5.33    |
| adv_min               | -5.57    |
| adv_var               | 0.00344  |
| clipfrac              | 0.266    |
| curr_lr               | 0.001    |
| entropy               | 0.565    |
| eplenmean             | 55.9     |
| eprewmean             | 10       |
| fps                   | 5.82e+03 |
| grad_norm             | 0.898    |
| kl                    | 0.0571   |
| loss_pi               | -0.0405  |
| loss_v                | 0.00221  |
| lr                    | 0.001    |
| misc/nupdates         | 1.35e+03 |
| misc/serial_timesteps | 5.53e+06 |
| misc/time_elapsed     | 991      |
| misc/total_timesteps  | 5.53e+06 |
| ratio_max             | 48.1     |
| ratio_min             | 0.0899   |
| ret_avg               | 0.275    |
| ret_max               | 0.478    |
| ret_med               | 0.293    |
| ret_min               | -0.0643  |
| ret_var               | 0.0178   |
------------------------------------
------------------------------------
| action_max            | 14       |
| action_min            | 0        |
| adv_avg               | -5.36    |
| adv_max               | -4.94    |
| adv_med               | -5.36    |
| adv_min               | -5.56    |
| adv_var               | 0.00232  |
| clipfrac              | 0.244    |
| curr_lr               | 0.001    |
| entropy               | 0.544    |
| eplenmean             | 52.8     |
| eprewmean             | 10       |
| fps                   | 5.97e+03 |
| grad_norm             | 0.415    |
| kl                    | 0.0585   |
| loss_pi               | -0.0422  |
| loss_v                | 0.00126  |
| lr                    | 0.001    |
| misc/nupdates         | 1.36e+03 |
| misc/serial_timesteps | 5.57e+06 |
| misc/time_elapsed     | 998      |
| misc/total_timesteps  | 5.57e+06 |
| ratio_max             | 4.95     |
| ratio_min             | 0.00625  |
| ret_avg               | 0.293    |
| ret_max               | 0.476    |
| ret_med               | 0.31     |
| ret_min               | -0.092   |
| ret_var               | 0.016    |
------------------------------------
------------------------------------
| action_max            | 14       |
| action_min            | 0        |
| adv_avg               | -5.39    |
| adv_max               | -5.19    |
| adv_med               | -5.37    |
| adv_min               | -10.8    |
| adv_var               | 0.0777   |
| clipfrac              | 0.207    |
| curr_lr               | 0.001    |
| entropy               | 0.629    |
| eplenmean             | 55.7     |
| eprewmean             | 9.9      |
| fps                   | 5.86e+03 |
| grad_norm             | 1.16     |
| kl                    | 0.0327   |
| loss_pi               | -0.02    |
| loss_v                | 0.0457   |
| lr                    | 0.001    |
| misc/nupdates         | 1.37e+03 |
| misc/serial_timesteps | 5.61e+06 |
| misc/time_elapsed     | 1.01e+03 |
| misc/total_timesteps  | 5.61e+06 |
| ratio_max             | 2.41     |
| ratio_min             | 0.138    |
| ret_avg               | 0.255    |
| ret_max               | 0.478    |
| ret_med               | 0.298    |
| ret_min               | -5.38    |
| ret_var               | 0.103    |
------------------------------------
------------------------------------
| action_max            | 14       |
| action_min            | 0        |
| adv_avg               | -5.4     |
| adv_max               | -4.77    |
| adv_med               | -5.4     |
| adv_min               | -5.63    |
| adv_var               | 0.0023   |
| clipfrac              | 0.314    |
| curr_lr               | 0.001    |
| entropy               | 0.625    |
| eplenmean             | 56       |
| eprewmean             | 10       |
| fps                   | 6.05e+03 |
| grad_norm             | 0.79     |
| kl                    | 0.0627   |
| loss_pi               | -0.0443  |
| loss_v                | 0.00178  |
| lr                    | 0.001    |
| misc/nupdates         | 1.38e+03 |
| misc/serial_timesteps | 5.65e+06 |
| misc/time_elapsed     | 1.01e+03 |
| misc/total_timesteps  | 5.65e+06 |
| ratio_max             | 3.87     |
| ratio_min             | 0.0565   |
| ret_avg               | 0.284    |
| ret_max               | 0.475    |
| ret_med               | 0.302    |
| ret_min               | -0.0117  |
| ret_var               | 0.0167   |
------------------------------------
------------------------------------
| action_max            | 14       |
| action_min            | 0        |
| adv_avg               | -5.41    |
| adv_max               | -4.19    |
| adv_med               | -5.42    |
| adv_min               | -5.82    |
| adv_var               | 0.0123   |
| clipfrac              | 0.277    |
| curr_lr               | 0.001    |
| entropy               | 0.515    |
| eplenmean             | 58.4     |
| eprewmean             | 9.9      |
| fps                   | 5.85e+03 |
| grad_norm             | 0.946    |
| kl                    | 0.419    |
| loss_pi               | -0.0389  |
| loss_v                | 0.00325  |
| lr                    | 0.001    |
| misc/nupdates         | 1.39e+03 |
| misc/serial_timesteps | 5.69e+06 |
| misc/time_elapsed     | 1.02e+03 |
| misc/total_timesteps  | 5.69e+06 |
| ratio_max             | 2.57     |
| ratio_min             | 0.00387  |
| ret_avg               | 0.288    |
| ret_max               | 0.502    |
| ret_med               | 0.325    |
| ret_min               | -0.113   |
| ret_var               | 0.0187   |
------------------------------------
------------------------------------
| action_max            | 14       |
| action_min            | 0        |
| adv_avg               | -5.46    |
| adv_max               | -4.45    |
| adv_med               | -5.45    |
| adv_min               | -10.3    |
| adv_var               | 0.0784   |
| clipfrac              | 0.193    |
| curr_lr               | 0.001    |
| entropy               | 0.448    |
| eplenmean             | 57.1     |
| eprewmean             | 9.8      |
| fps                   | 5.81e+03 |
| grad_norm             | 2.72     |
| kl                    | 0.0255   |
| loss_pi               | -0.0187  |
| loss_v                | 0.0133   |
| lr                    | 0.001    |
| misc/nupdates         | 1.4e+03  |
| misc/serial_timesteps | 5.73e+06 |
| misc/time_elapsed     | 1.03e+03 |
| misc/total_timesteps  | 5.73e+06 |
| ratio_max             | 5.35     |
| ratio_min             | 0.0071   |
| ret_avg               | 0.256    |
| ret_max               | 0.478    |
| ret_med               | 0.285    |
| ret_min               | -5.44    |
| ret_var               | 0.105    |
------------------------------------
------------------------------------
| action_max            | 14       |
| action_min            | 0        |
| adv_avg               | -5.46    |
| adv_max               | -5.08    |
| adv_med               | -5.46    |
| adv_min               | -5.68    |
| adv_var               | 0.00236  |
| clipfrac              | 0.268    |
| curr_lr               | 0.001    |
| entropy               | 0.518    |
| eplenmean             | 57.1     |
| eprewmean             | 10       |
| fps                   | 5.81e+03 |
| grad_norm             | 0.412    |
| kl                    | 0.0549   |
| loss_pi               | -0.0357  |
| loss_v                | 0.00163  |
| lr                    | 0.001    |
| misc/nupdates         | 1.41e+03 |
| misc/serial_timesteps | 5.78e+06 |
| misc/time_elapsed     | 1.03e+03 |
| misc/total_timesteps  | 5.78e+06 |
| ratio_max             | 5.35     |
| ratio_min             | 0.0607   |
| ret_avg               | 0.283    |
| ret_max               | 0.508    |
| ret_med               | 0.298    |
| ret_min               | -0.0153  |
| ret_var               | 0.0155   |
------------------------------------
------------------------------------
| action_max            | 14       |
| action_min            | 0        |
| adv_avg               | -5.43    |
| adv_max               | -3.22    |
| adv_med               | -5.43    |
| adv_min               | -5.7     |
| adv_var               | 0.00588  |
| clipfrac              | 0.164    |
| curr_lr               | 0.001    |
| entropy               | 0.497    |
| eplenmean             | 57       |
| eprewmean             | 9.9      |
| fps                   | 5.63e+03 |
| grad_norm             | 1.23     |
| kl                    | 0.0268   |
| loss_pi               | -0.0342  |
| loss_v                | 0.00259  |
| lr                    | 0.001    |
| misc/nupdates         | 1.42e+03 |
| misc/serial_timesteps | 5.82e+06 |
| misc/time_elapsed     | 1.04e+03 |
| misc/total_timesteps  | 5.82e+06 |
| ratio_max             | 3.34     |
| ratio_min             | 0.118    |
| ret_avg               | 0.215    |
| ret_max               | 0.474    |
| ret_med               | 0.247    |
| ret_min               | -0.258   |
| ret_var               | 0.0321   |
------------------------------------
------------------------------------
| action_max            | 14       |
| action_min            | 0        |
| adv_avg               | -5.49    |
| adv_max               | -4.99    |
| adv_med               | -5.49    |
| adv_min               | -5.78    |
| adv_var               | 0.00527  |
| clipfrac              | 0.248    |
| curr_lr               | 0.001    |
| entropy               | 0.537    |
| eplenmean             | 59.4     |
| eprewmean             | 9.9      |
| fps                   | 5.47e+03 |
| grad_norm             | 0.931    |
| kl                    | 0.0582   |
| loss_pi               | -0.0464  |
| loss_v                | 0.00212  |
| lr                    | 0.001    |
| misc/nupdates         | 1.43e+03 |
| misc/serial_timesteps | 5.86e+06 |
| misc/time_elapsed     | 1.05e+03 |
| misc/total_timesteps  | 5.86e+06 |
| ratio_max             | 4.84     |
| ratio_min             | 0.0289   |
| ret_avg               | 0.249    |
| ret_max               | 0.473    |
| ret_med               | 0.262    |
| ret_min               | -0.0708  |
| ret_var               | 0.0177   |
------------------------------------
------------------------------------
| action_max            | 14       |
| action_min            | 0        |
| adv_avg               | -5.51    |
| adv_max               | -5.05    |
| adv_med               | -5.51    |
| adv_min               | -5.82    |
| adv_var               | 0.00298  |
| clipfrac              | 0.25     |
| curr_lr               | 0.001    |
| entropy               | 0.475    |
| eplenmean             | 56.2     |
| eprewmean             | 10       |
| fps                   | 5.42e+03 |
| grad_norm             | 0.793    |
| kl                    | 0.0555   |
| loss_pi               | -0.0289  |
| loss_v                | 0.00225  |
| lr                    | 0.001    |
| misc/nupdates         | 1.44e+03 |
| misc/serial_timesteps | 5.9e+06  |
| misc/time_elapsed     | 1.06e+03 |
| misc/total_timesteps  | 5.9e+06  |
| ratio_max             | 17.2     |
| ratio_min             | 0.002    |
| ret_avg               | 0.275    |
| ret_max               | 0.473    |
| ret_med               | 0.299    |
| ret_min               | -0.0568  |
| ret_var               | 0.0196   |
------------------------------------
------------------------------------
| action_max            | 14       |
| action_min            | 0        |
| adv_avg               | -5.51    |
| adv_max               | -3.53    |
| adv_med               | -5.53    |
| adv_min               | -5.85    |
| adv_var               | 0.0155   |
| clipfrac              | 0.264    |
| curr_lr               | 0.001    |
| entropy               | 0.52     |
| eplenmean             | 55.3     |
| eprewmean             | 10       |
| fps                   | 5.49e+03 |
| grad_norm             | 0.834    |
| kl                    | 0.0475   |
| loss_pi               | -0.0274  |
| loss_v                | 0.00278  |
| lr                    | 0.001    |
| misc/nupdates         | 1.45e+03 |
| misc/serial_timesteps | 5.94e+06 |
| misc/time_elapsed     | 1.06e+03 |
| misc/total_timesteps  | 5.94e+06 |
| ratio_max             | 3.46     |
| ratio_min             | 0.13     |
| ret_avg               | 0.271    |
| ret_max               | 0.587    |
| ret_med               | 0.29     |
| ret_min               | -0.141   |
| ret_var               | 0.0202   |
------------------------------------
------------------------------------
| action_max            | 14       |
| action_min            | 0        |
| adv_avg               | -5.55    |
| adv_max               | -5.28    |
| adv_med               | -5.56    |
| adv_min               | -5.8     |
| adv_var               | 0.00216  |
| clipfrac              | 0.277    |
| curr_lr               | 0.001    |
| entropy               | 0.553    |
| eplenmean             | 55.5     |
| eprewmean             | 10       |
| fps                   | 5.5e+03  |
| grad_norm             | 0.727    |
| kl                    | 0.0525   |
| loss_pi               | -0.0484  |
| loss_v                | 0.00177  |
| lr                    | 0.001    |
| misc/nupdates         | 1.46e+03 |
| misc/serial_timesteps | 5.98e+06 |
| misc/time_elapsed     | 1.07e+03 |
| misc/total_timesteps  | 5.98e+06 |
| ratio_max             | 4.96     |
| ratio_min             | 0.0547   |
| ret_avg               | 0.292    |
| ret_max               | 0.506    |
| ret_med               | 0.308    |
| ret_min               | -0.0264  |
| ret_var               | 0.0147   |
------------------------------------
